config,dataset_info,groupdro_config,start_time,epoch,train_loss,train_acc,learning_rate,test_overall_acc,test_balanced_acc,test_worst_group_acc,test_best_group_acc,test_per_group_acc,test_per_group_loss,test_per_class_acc,test_per_group_per_class_acc,test_per_group_counts,test_overall_macro_f1,test_per_group_f1,test_worst_group_f1,test_worst_group_loss,groupdro_weights,train_per_group_loss,groupdro_weights_mean,groupdro_pi,groupdro_kl_penalty
"{""run_name"": ""fedheart_exp_paper_hetagg_gdro"", ""seed"": 2024, ""run_dir"": ""runs/eta/fedheart_sm10_GroupDRO_s2024_f4"", ""use_fedheart"": true, ""num_classes"": 2, ""stratified_batching"": true, ""train_frac"": 0.8, ""group_max_train_samples"": [null, null, 20, 25], ""true_hetero_input_dim"": true, ""feature_mask"": [[0, 1, 2, 3, 5, 6, 7, 8, 9, 10], [0, 1, 2, 3, 5, 6, 11, 12], [0, 1, 2, 4, 5, 7, 11, 12], [0, 1, 2, 4, 5, 6, 8, 9, 10]], ""batch_size"": 64, ""num_workers"": 0, ""epochs"": 100, ""early_stopping_patience"": 30, ""lr"": 0.001, ""weight_decay"": 0.0001, ""optimizer"": ""adam"", ""grad_clip"": 1.0, ""lr_scheduler"": ""cosine"", ""lr_min"": 1e-05, ""latent_dim"": 64, ""head_hidden"": 32, ""groups"": [{""name"": ""cleveland"", ""encoder"": ""mlp_tabular_ln"", ""input_dim"": 10, ""hidden_dim"": 64, ""dropout"": 0.1}, {""name"": ""hungarian"", ""encoder"": ""mlp_tabular_ln"", ""input_dim"": 8, ""hidden_dim"": 64, ""dropout"": 0.1}, {""name"": ""switzerland"", ""encoder"": ""mlp_tabular_ln"", ""input_dim"": 8, ""hidden_dim"": 64, ""dropout"": 0.1}, {""name"": ""va_long_beach"", ""encoder"": ""mlp_tabular_ln"", ""input_dim"": 9, ""hidden_dim"": 64, ""dropout"": 0.1}], ""anchor_eps"": 0.0001, ""sep_samples_per_class"": 4, ""sep_method"": ""classifier"", ""sep_margin"": 1.0, ""lambda_fit"": 0.001, ""lambda_sep"": 0.001, ""groupdro_enabled"": true, ""groupdro_eta"": 10.0, ""groupdro_gamma"": 0.9, ""groupdro_update_mode"": ""softmax"", ""groupdro_objective"": ""weighted"", ""groupdro_kl_lambda"": 0.0, ""groupdro_uniform_init"": true, ""log_interval"": 20, ""save_every"": 10, ""impute_missing"": true, ""common_encoder"": false, ""use_regret"": false, ""data_split_seed"": 1004}","{""num_groups"": 4, ""num_classes"": 2, ""train_total"": 522, ""test_total"": 185, ""train_group_counts"": [242, 235, 20, 25], ""test_group_counts"": [61, 59, 25, 40], ""train_class_counts"": [286, 236], ""test_class_counts"": [83, 102], ""train_group_class_counts"": [[131, 111], [150, 85], [2, 18], [3, 22]], ""test_group_class_counts"": [[33, 28], [38, 21], [2, 23], [10, 30]], ""group_proportions"": [0.46360153256704983, 0.4501915708812261, 0.038314176245210725, 0.04789272030651341]}","{""num_groups"": 4, ""eta"": 10.0, ""update_mode"": ""softmax"", ""robust_objective"": ""weighted"", ""gamma"": 0.9, ""kl_lambda"": 0.0, ""initial_pi"": [0.4636015295982361, 0.45019155740737915, 0.038314174860715866, 0.04789271950721741]}",2026-09-15T18:57:37.598447,1,0.6624879539012909,0.58203125,0.001,0.7675675675675676,0.7880890525145874,0.711864406779661,0.92,"[0.7704918032786885, 0.711864406779661, 0.92, 0.75]","[0.6365095249942092, 0.5941701586973869, 0.4813115918636322, 0.5980990894138813]","[0.7469879518072289, 0.7843137254901961]","[[0.7272727272727273, 0.8214285714285714], [1.0, 0.19047619047619047], [0.0, 1.0], [0.0, 1.0]]","[61, 59, 25, 40]",0.765346154980679,"[0.7704301075268817, 0.5686021505376344, 0.4791666666666667, 0.42857142857142855]",0.42857142857142855,0.6365095249942092,"[0.6394191980361938, 0.2315075546503067, 0.07281196862459183, 0.056261323392391205]","[0.6844171285629272, 0.6604005321860313, 0.5267911739647388, 0.5715062506496906]","[0.369798282161355, 0.2759241983294487, 0.15299093746580184, 0.20128658413887024]","[0.4636015295982361, 0.45019155740737915, 0.038314174860715866, 0.04789271950721741]",0.0
"{""run_name"": ""fedheart_exp_paper_hetagg_gdro"", ""seed"": 2024, ""run_dir"": ""runs/eta/fedheart_sm10_GroupDRO_s2024_f4"", ""use_fedheart"": true, ""num_classes"": 2, ""stratified_batching"": true, ""train_frac"": 0.8, ""group_max_train_samples"": [null, null, 20, 25], ""true_hetero_input_dim"": true, ""feature_mask"": [[0, 1, 2, 3, 5, 6, 7, 8, 9, 10], [0, 1, 2, 3, 5, 6, 11, 12], [0, 1, 2, 4, 5, 7, 11, 12], [0, 1, 2, 4, 5, 6, 8, 9, 10]], ""batch_size"": 64, ""num_workers"": 0, ""epochs"": 100, ""early_stopping_patience"": 30, ""lr"": 0.001, ""weight_decay"": 0.0001, ""optimizer"": ""adam"", ""grad_clip"": 1.0, ""lr_scheduler"": ""cosine"", ""lr_min"": 1e-05, ""latent_dim"": 64, ""head_hidden"": 32, ""groups"": [{""name"": ""cleveland"", ""encoder"": ""mlp_tabular_ln"", ""input_dim"": 10, ""hidden_dim"": 64, ""dropout"": 0.1}, {""name"": ""hungarian"", ""encoder"": ""mlp_tabular_ln"", ""input_dim"": 8, ""hidden_dim"": 64, ""dropout"": 0.1}, {""name"": ""switzerland"", ""encoder"": ""mlp_tabular_ln"", ""input_dim"": 8, ""hidden_dim"": 64, ""dropout"": 0.1}, {""name"": ""va_long_beach"", ""encoder"": ""mlp_tabular_ln"", ""input_dim"": 9, ""hidden_dim"": 64, ""dropout"": 0.1}], ""anchor_eps"": 0.0001, ""sep_samples_per_class"": 4, ""sep_method"": ""classifier"", ""sep_margin"": 1.0, ""lambda_fit"": 0.001, ""lambda_sep"": 0.001, ""groupdro_enabled"": true, ""groupdro_eta"": 10.0, ""groupdro_gamma"": 0.9, ""groupdro_update_mode"": ""softmax"", ""groupdro_objective"": ""weighted"", ""groupdro_kl_lambda"": 0.0, ""groupdro_uniform_init"": true, ""log_interval"": 20, ""save_every"": 10, ""impute_missing"": true, ""common_encoder"": false, ""use_regret"": false, ""data_split_seed"": 1004}","{""num_groups"": 4, ""num_classes"": 2, ""train_total"": 522, ""test_total"": 185, ""train_group_counts"": [242, 235, 20, 25], ""test_group_counts"": [61, 59, 25, 40], ""train_class_counts"": [286, 236], ""test_class_counts"": [83, 102], ""train_group_class_counts"": [[131, 111], [150, 85], [2, 18], [3, 22]], ""test_group_class_counts"": [[33, 28], [38, 21], [2, 23], [10, 30]], ""group_proportions"": [0.46360153256704983, 0.4501915708812261, 0.038314176245210725, 0.04789272030651341]}","{""num_groups"": 4, ""eta"": 10.0, ""update_mode"": ""softmax"", ""robust_objective"": ""weighted"", ""gamma"": 0.9, ""kl_lambda"": 0.0, ""initial_pi"": [0.4636015295982361, 0.45019155740737915, 0.038314174860715866, 0.04789271950721741]}",2026-09-15T18:57:37.598447,2,0.597854170948267,0.720703125,0.001,0.7567567567567568,0.780170186162823,0.7049180327868853,0.92,"[0.7049180327868853, 0.7457627118644068, 0.92, 0.75]","[0.5937023661175712, 0.5538821273435981, 0.40592123568058014, 0.5788717363029718]","[0.7710843373493976, 0.7450980392156863]","[[0.8787878787878788, 0.5], [0.9210526315789473, 0.42857142857142855], [0.0, 1.0], [0.0, 1.0]]","[61, 59, 25, 40]",0.7557289985622488,"[0.6859267734553776, 0.6844919786096255, 0.4791666666666667, 0.42857142857142855]",0.42857142857142855,0.5937023661175712,"[0.14441591501235962, 0.028990793973207474, 0.005611582193523645, 0.8209818005561829]","[0.6253670379519463, 0.5841098688542843, 0.49299879372119904, 0.4723464511334896]","[0.35227498784661293, 0.27187231415882707, 0.21794139133999124, 0.1579113332554698]","[0.4636015295982361, 0.45019155740737915, 0.038314174860715866, 0.04789271950721741]",0.0
"{""run_name"": ""fedheart_exp_paper_hetagg_gdro"", ""seed"": 2024, ""run_dir"": ""runs/eta/fedheart_sm10_GroupDRO_s2024_f4"", ""use_fedheart"": true, ""num_classes"": 2, ""stratified_batching"": true, ""train_frac"": 0.8, ""group_max_train_samples"": [null, null, 20, 25], ""true_hetero_input_dim"": true, ""feature_mask"": [[0, 1, 2, 3, 5, 6, 7, 8, 9, 10], [0, 1, 2, 3, 5, 6, 11, 12], [0, 1, 2, 4, 5, 7, 11, 12], [0, 1, 2, 4, 5, 6, 8, 9, 10]], ""batch_size"": 64, ""num_workers"": 0, ""epochs"": 100, ""early_stopping_patience"": 30, ""lr"": 0.001, ""weight_decay"": 0.0001, ""optimizer"": ""adam"", ""grad_clip"": 1.0, ""lr_scheduler"": ""cosine"", ""lr_min"": 1e-05, ""latent_dim"": 64, ""head_hidden"": 32, ""groups"": [{""name"": ""cleveland"", ""encoder"": ""mlp_tabular_ln"", ""input_dim"": 10, ""hidden_dim"": 64, ""dropout"": 0.1}, {""name"": ""hungarian"", ""encoder"": ""mlp_tabular_ln"", ""input_dim"": 8, ""hidden_dim"": 64, ""dropout"": 0.1}, {""name"": ""switzerland"", ""encoder"": ""mlp_tabular_ln"", ""input_dim"": 8, ""hidden_dim"": 64, ""dropout"": 0.1}, {""name"": ""va_long_beach"", ""encoder"": ""mlp_tabular_ln"", ""input_dim"": 9, ""hidden_dim"": 64, ""dropout"": 0.1}], ""anchor_eps"": 0.0001, ""sep_samples_per_class"": 4, ""sep_method"": ""classifier"", ""sep_margin"": 1.0, ""lambda_fit"": 0.001, ""lambda_sep"": 0.001, ""groupdro_enabled"": true, ""groupdro_eta"": 10.0, ""groupdro_gamma"": 0.9, ""groupdro_update_mode"": ""softmax"", ""groupdro_objective"": ""weighted"", ""groupdro_kl_lambda"": 0.0, ""groupdro_uniform_init"": true, ""log_interval"": 20, ""save_every"": 10, ""impute_missing"": true, ""common_encoder"": false, ""use_regret"": false, ""data_split_seed"": 1004}","{""num_groups"": 4, ""num_classes"": 2, ""train_total"": 522, ""test_total"": 185, ""train_group_counts"": [242, 235, 20, 25], ""test_group_counts"": [61, 59, 25, 40], ""train_class_counts"": [286, 236], ""test_class_counts"": [83, 102], ""train_group_class_counts"": [[131, 111], [150, 85], [2, 18], [3, 22]], ""test_group_class_counts"": [[33, 28], [38, 21], [2, 23], [10, 30]], ""group_proportions"": [0.46360153256704983, 0.4501915708812261, 0.038314176245210725, 0.04789272030651341]}","{""num_groups"": 4, ""eta"": 10.0, ""update_mode"": ""softmax"", ""robust_objective"": ""weighted"", ""gamma"": 0.9, ""kl_lambda"": 0.0, ""initial_pi"": [0.4636015295982361, 0.45019155740737915, 0.038314174860715866, 0.04789271950721741]}",2026-09-15T18:57:37.598447,3,0.5017354004085064,0.78125,0.001,0.772972972972973,0.7927431230897471,0.7213114754098361,0.92,"[0.7213114754098361, 0.7796610169491526, 0.92, 0.75]","[0.555397094761739, 0.5273848463923244, 0.3440236020088196, 0.5759767699986696]","[0.7469879518072289, 0.7941176470588235]","[[0.8181818181818182, 0.6071428571428571], [0.9210526315789473, 0.5238095238095238], [0.0, 1.0], [0.0, 1.0]]","[61, 59, 25, 40]",0.7705527994330261,"[0.7136150234741784, 0.7359724612736662, 0.4791666666666667, 0.42857142857142855]",0.42857142857142855,0.5759767699986696,"[0.5326269865036011, 0.39494526386260986, 0.03181539475917816, 0.040612366050481796]","[0.5533615089952946, 0.5393311865627766, 0.3511335961520672, 0.401711855083704]","[0.37569637782871723, 0.3219951391220093, 0.1510467043844983, 0.15126176900230348]","[0.4636015295982361, 0.45019155740737915, 0.038314174860715866, 0.04789271950721741]",0.0
"{""run_name"": ""fedheart_exp_paper_hetagg_gdro"", ""seed"": 2024, ""run_dir"": ""runs/eta/fedheart_sm10_GroupDRO_s2024_f4"", ""use_fedheart"": true, ""num_classes"": 2, ""stratified_batching"": true, ""train_frac"": 0.8, ""group_max_train_samples"": [null, null, 20, 25], ""true_hetero_input_dim"": true, ""feature_mask"": [[0, 1, 2, 3, 5, 6, 7, 8, 9, 10], [0, 1, 2, 3, 5, 6, 11, 12], [0, 1, 2, 4, 5, 7, 11, 12], [0, 1, 2, 4, 5, 6, 8, 9, 10]], ""batch_size"": 64, ""num_workers"": 0, ""epochs"": 100, ""early_stopping_patience"": 30, ""lr"": 0.001, ""weight_decay"": 0.0001, ""optimizer"": ""adam"", ""grad_clip"": 1.0, ""lr_scheduler"": ""cosine"", ""lr_min"": 1e-05, ""latent_dim"": 64, ""head_hidden"": 32, ""groups"": [{""name"": ""cleveland"", ""encoder"": ""mlp_tabular_ln"", ""input_dim"": 10, ""hidden_dim"": 64, ""dropout"": 0.1}, {""name"": ""hungarian"", ""encoder"": ""mlp_tabular_ln"", ""input_dim"": 8, ""hidden_dim"": 64, ""dropout"": 0.1}, {""name"": ""switzerland"", ""encoder"": ""mlp_tabular_ln"", ""input_dim"": 8, ""hidden_dim"": 64, ""dropout"": 0.1}, {""name"": ""va_long_beach"", ""encoder"": ""mlp_tabular_ln"", ""input_dim"": 9, ""hidden_dim"": 64, ""dropout"": 0.1}], ""anchor_eps"": 0.0001, ""sep_samples_per_class"": 4, ""sep_method"": ""classifier"", ""sep_margin"": 1.0, ""lambda_fit"": 0.001, ""lambda_sep"": 0.001, ""groupdro_enabled"": true, ""groupdro_eta"": 10.0, ""groupdro_gamma"": 0.9, ""groupdro_update_mode"": ""softmax"", ""groupdro_objective"": ""weighted"", ""groupdro_kl_lambda"": 0.0, ""groupdro_uniform_init"": true, ""log_interval"": 20, ""save_every"": 10, ""impute_missing"": true, ""common_encoder"": false, ""use_regret"": false, ""data_split_seed"": 1004}","{""num_groups"": 4, ""num_classes"": 2, ""train_total"": 522, ""test_total"": 185, ""train_group_counts"": [242, 235, 20, 25], ""test_group_counts"": [61, 59, 25, 40], ""train_class_counts"": [286, 236], ""test_class_counts"": [83, 102], ""train_group_class_counts"": [[131, 111], [150, 85], [2, 18], [3, 22]], ""test_group_class_counts"": [[33, 28], [38, 21], [2, 23], [10, 30]], ""group_proportions"": [0.46360153256704983, 0.4501915708812261, 0.038314176245210725, 0.04789272030651341]}","{""num_groups"": 4, ""eta"": 10.0, ""update_mode"": ""softmax"", ""robust_objective"": ""weighted"", ""gamma"": 0.9, ""kl_lambda"": 0.0, ""initial_pi"": [0.4636015295982361, 0.45019155740737915, 0.038314174860715866, 0.04789271950721741]}",2026-09-15T18:57:37.598447,4,0.4606173634529114,0.806640625,0.001,0.772972972972973,0.7928820505696027,0.7049180327868853,0.92,"[0.7049180327868853, 0.7966101694915254, 0.92, 0.75]","[0.5282595401904622, 0.5109491951889911, 0.31004189908504487, 0.6010902313515544]","[0.7108433734939759, 0.8235294117647058]","[[0.7575757575757576, 0.6428571428571429], [0.8947368421052632, 0.6190476190476191], [0.0, 1.0], [0.0, 1.0]]","[61, 59, 25, 40]",0.7687499999999999,"[0.7009803921568627, 0.7671052631578947, 0.4791666666666667, 0.42857142857142855]",0.42857142857142855,0.6010902313515544,"[0.2304995357990265, 0.7149714827537537, 0.032640766352415085, 0.021888194605708122]","[0.49219686537981033, 0.4947626553475857, 0.2512716669589281, 0.38173372112214565]","[0.30402627773582935, 0.3526694468455389, 0.12617111333383946, 0.21713316421664786]","[0.4636015295982361, 0.45019155740737915, 0.038314174860715866, 0.04789271950721741]",0.0
"{""run_name"": ""fedheart_exp_paper_hetagg_gdro"", ""seed"": 2024, ""run_dir"": ""runs/eta/fedheart_sm10_GroupDRO_s2024_f4"", ""use_fedheart"": true, ""num_classes"": 2, ""stratified_batching"": true, ""train_frac"": 0.8, ""group_max_train_samples"": [null, null, 20, 25], ""true_hetero_input_dim"": true, ""feature_mask"": [[0, 1, 2, 3, 5, 6, 7, 8, 9, 10], [0, 1, 2, 3, 5, 6, 11, 12], [0, 1, 2, 4, 5, 7, 11, 12], [0, 1, 2, 4, 5, 6, 8, 9, 10]], ""batch_size"": 64, ""num_workers"": 0, ""epochs"": 100, ""early_stopping_patience"": 30, ""lr"": 0.001, ""weight_decay"": 0.0001, ""optimizer"": ""adam"", ""grad_clip"": 1.0, ""lr_scheduler"": ""cosine"", ""lr_min"": 1e-05, ""latent_dim"": 64, ""head_hidden"": 32, ""groups"": [{""name"": ""cleveland"", ""encoder"": ""mlp_tabular_ln"", ""input_dim"": 10, ""hidden_dim"": 64, ""dropout"": 0.1}, {""name"": ""hungarian"", ""encoder"": ""mlp_tabular_ln"", ""input_dim"": 8, ""hidden_dim"": 64, ""dropout"": 0.1}, {""name"": ""switzerland"", ""encoder"": ""mlp_tabular_ln"", ""input_dim"": 8, ""hidden_dim"": 64, ""dropout"": 0.1}, {""name"": ""va_long_beach"", ""encoder"": ""mlp_tabular_ln"", ""input_dim"": 9, ""hidden_dim"": 64, ""dropout"": 0.1}], ""anchor_eps"": 0.0001, ""sep_samples_per_class"": 4, ""sep_method"": ""classifier"", ""sep_margin"": 1.0, ""lambda_fit"": 0.001, ""lambda_sep"": 0.001, ""groupdro_enabled"": true, ""groupdro_eta"": 10.0, ""groupdro_gamma"": 0.9, ""groupdro_update_mode"": ""softmax"", ""groupdro_objective"": ""weighted"", ""groupdro_kl_lambda"": 0.0, ""groupdro_uniform_init"": true, ""log_interval"": 20, ""save_every"": 10, ""impute_missing"": true, ""common_encoder"": false, ""use_regret"": false, ""data_split_seed"": 1004}","{""num_groups"": 4, ""num_classes"": 2, ""train_total"": 522, ""test_total"": 185, ""train_group_counts"": [242, 235, 20, 25], ""test_group_counts"": [61, 59, 25, 40], ""train_class_counts"": [286, 236], ""test_class_counts"": [83, 102], ""train_group_class_counts"": [[131, 111], [150, 85], [2, 18], [3, 22]], ""test_group_class_counts"": [[33, 28], [38, 21], [2, 23], [10, 30]], ""group_proportions"": [0.46360153256704983, 0.4501915708812261, 0.038314176245210725, 0.04789272030651341]}","{""num_groups"": 4, ""eta"": 10.0, ""update_mode"": ""softmax"", ""robust_objective"": ""weighted"", ""gamma"": 0.9, ""kl_lambda"": 0.0, ""initial_pi"": [0.4636015295982361, 0.45019155740737915, 0.038314174860715866, 0.04789271950721741]}",2026-09-15T18:57:37.598447,5,0.402784613892436,0.818359375,0.001,0.772972972972973,0.7928820505696027,0.7049180327868853,0.92,"[0.7049180327868853, 0.7966101694915254, 0.92, 0.75]","[0.5257318586599632, 0.5128868372511055, 0.29681045457720756, 0.6639445511624217]","[0.7108433734939759, 0.8235294117647058]","[[0.7575757575757576, 0.6428571428571429], [0.8947368421052632, 0.6190476190476191], [0.0, 1.0], [0.0, 1.0]]","[61, 59, 25, 40]",0.7687499999999999,"[0.7009803921568627, 0.7671052631578947, 0.4791666666666667, 0.42857142857142855]",0.42857142857142855,0.6639445511624217,"[0.1054239422082901, 0.0823381096124649, 0.005913242232054472, 0.8063247203826904]","[0.44574448838829994, 0.4743438959121704, 0.19063885603100061, 0.33615770749747753]","[0.29228994346340187, 0.33697569591458887, 0.1283172924458995, 0.24241704196901992]","[0.4636015295982361, 0.45019155740737915, 0.038314174860715866, 0.04789271950721741]",0.0
"{""run_name"": ""fedheart_exp_paper_hetagg_gdro"", ""seed"": 2024, ""run_dir"": ""runs/eta/fedheart_sm10_GroupDRO_s2024_f4"", ""use_fedheart"": true, ""num_classes"": 2, ""stratified_batching"": true, ""train_frac"": 0.8, ""group_max_train_samples"": [null, null, 20, 25], ""true_hetero_input_dim"": true, ""feature_mask"": [[0, 1, 2, 3, 5, 6, 7, 8, 9, 10], [0, 1, 2, 3, 5, 6, 11, 12], [0, 1, 2, 4, 5, 7, 11, 12], [0, 1, 2, 4, 5, 6, 8, 9, 10]], ""batch_size"": 64, ""num_workers"": 0, ""epochs"": 100, ""early_stopping_patience"": 30, ""lr"": 0.001, ""weight_decay"": 0.0001, ""optimizer"": ""adam"", ""grad_clip"": 1.0, ""lr_scheduler"": ""cosine"", ""lr_min"": 1e-05, ""latent_dim"": 64, ""head_hidden"": 32, ""groups"": [{""name"": ""cleveland"", ""encoder"": ""mlp_tabular_ln"", ""input_dim"": 10, ""hidden_dim"": 64, ""dropout"": 0.1}, {""name"": ""hungarian"", ""encoder"": ""mlp_tabular_ln"", ""input_dim"": 8, ""hidden_dim"": 64, ""dropout"": 0.1}, {""name"": ""switzerland"", ""encoder"": ""mlp_tabular_ln"", ""input_dim"": 8, ""hidden_dim"": 64, ""dropout"": 0.1}, {""name"": ""va_long_beach"", ""encoder"": ""mlp_tabular_ln"", ""input_dim"": 9, ""hidden_dim"": 64, ""dropout"": 0.1}], ""anchor_eps"": 0.0001, ""sep_samples_per_class"": 4, ""sep_method"": ""classifier"", ""sep_margin"": 1.0, ""lambda_fit"": 0.001, ""lambda_sep"": 0.001, ""groupdro_enabled"": true, ""groupdro_eta"": 10.0, ""groupdro_gamma"": 0.9, ""groupdro_update_mode"": ""softmax"", ""groupdro_objective"": ""weighted"", ""groupdro_kl_lambda"": 0.0, ""groupdro_uniform_init"": true, ""log_interval"": 20, ""save_every"": 10, ""impute_missing"": true, ""common_encoder"": false, ""use_regret"": false, ""data_split_seed"": 1004}","{""num_groups"": 4, ""num_classes"": 2, ""train_total"": 522, ""test_total"": 185, ""train_group_counts"": [242, 235, 20, 25], ""test_group_counts"": [61, 59, 25, 40], ""train_class_counts"": [286, 236], ""test_class_counts"": [83, 102], ""train_group_class_counts"": [[131, 111], [150, 85], [2, 18], [3, 22]], ""test_group_class_counts"": [[33, 28], [38, 21], [2, 23], [10, 30]], ""group_proportions"": [0.46360153256704983, 0.4501915708812261, 0.038314176245210725, 0.04789272030651341]}","{""num_groups"": 4, ""eta"": 10.0, ""update_mode"": ""softmax"", ""robust_objective"": ""weighted"", ""gamma"": 0.9, ""kl_lambda"": 0.0, ""initial_pi"": [0.4636015295982361, 0.45019155740737915, 0.038314174860715866, 0.04789271950721741]}",2026-09-15T18:57:37.598447,6,0.3008858012035489,0.8125,0.001,0.7783783783783784,0.7969804112253404,0.7213114754098361,0.92,"[0.7213114754098361, 0.7966101694915254, 0.92, 0.75]","[0.5370113519860096, 0.519598767729634, 0.2979388824105263, 0.7573752900585532]","[0.6987951807228916, 0.8431372549019608]","[[0.7272727272727273, 0.7142857142857143], [0.8947368421052632, 0.6190476190476191], [0.0, 1.0], [0.0, 1.0]]","[61, 59, 25, 40]",0.7731826201369576,"[0.7201079622132254, 0.7671052631578947, 0.4791666666666667, 0.42857142857142855]",0.42857142857142855,0.7573752900585532,"[0.5531154274940491, 0.4079345464706421, 0.010457753203809261, 0.02849227376282215]","[0.42700981721282005, 0.457607913762331, 0.2995170350186527, 0.2958917813375592]","[0.2615483050758485, 0.23228615850530332, 0.24957347112649586, 0.25659204555518045]","[0.4636015295982361, 0.45019155740737915, 0.038314174860715866, 0.04789271950721741]",0.0
"{""run_name"": ""fedheart_exp_paper_hetagg_gdro"", ""seed"": 2024, ""run_dir"": ""runs/eta/fedheart_sm10_GroupDRO_s2024_f4"", ""use_fedheart"": true, ""num_classes"": 2, ""stratified_batching"": true, ""train_frac"": 0.8, ""group_max_train_samples"": [null, null, 20, 25], ""true_hetero_input_dim"": true, ""feature_mask"": [[0, 1, 2, 3, 5, 6, 7, 8, 9, 10], [0, 1, 2, 3, 5, 6, 11, 12], [0, 1, 2, 4, 5, 7, 11, 12], [0, 1, 2, 4, 5, 6, 8, 9, 10]], ""batch_size"": 64, ""num_workers"": 0, ""epochs"": 100, ""early_stopping_patience"": 30, ""lr"": 0.001, ""weight_decay"": 0.0001, ""optimizer"": ""adam"", ""grad_clip"": 1.0, ""lr_scheduler"": ""cosine"", ""lr_min"": 1e-05, ""latent_dim"": 64, ""head_hidden"": 32, ""groups"": [{""name"": ""cleveland"", ""encoder"": ""mlp_tabular_ln"", ""input_dim"": 10, ""hidden_dim"": 64, ""dropout"": 0.1}, {""name"": ""hungarian"", ""encoder"": ""mlp_tabular_ln"", ""input_dim"": 8, ""hidden_dim"": 64, ""dropout"": 0.1}, {""name"": ""switzerland"", ""encoder"": ""mlp_tabular_ln"", ""input_dim"": 8, ""hidden_dim"": 64, ""dropout"": 0.1}, {""name"": ""va_long_beach"", ""encoder"": ""mlp_tabular_ln"", ""input_dim"": 9, ""hidden_dim"": 64, ""dropout"": 0.1}], ""anchor_eps"": 0.0001, ""sep_samples_per_class"": 4, ""sep_method"": ""classifier"", ""sep_margin"": 1.0, ""lambda_fit"": 0.001, ""lambda_sep"": 0.001, ""groupdro_enabled"": true, ""groupdro_eta"": 10.0, ""groupdro_gamma"": 0.9, ""groupdro_update_mode"": ""softmax"", ""groupdro_objective"": ""weighted"", ""groupdro_kl_lambda"": 0.0, ""groupdro_uniform_init"": true, ""log_interval"": 20, ""save_every"": 10, ""impute_missing"": true, ""common_encoder"": false, ""use_regret"": false, ""data_split_seed"": 1004}","{""num_groups"": 4, ""num_classes"": 2, ""train_total"": 522, ""test_total"": 185, ""train_group_counts"": [242, 235, 20, 25], ""test_group_counts"": [61, 59, 25, 40], ""train_class_counts"": [286, 236], ""test_class_counts"": [83, 102], ""train_group_class_counts"": [[131, 111], [150, 85], [2, 18], [3, 22]], ""test_group_class_counts"": [[33, 28], [38, 21], [2, 23], [10, 30]], ""group_proportions"": [0.46360153256704983, 0.4501915708812261, 0.038314176245210725, 0.04789272030651341]}","{""num_groups"": 4, ""eta"": 10.0, ""update_mode"": ""softmax"", ""robust_objective"": ""weighted"", ""gamma"": 0.9, ""kl_lambda"": 0.0, ""initial_pi"": [0.4636015295982361, 0.45019155740737915, 0.038314174860715866, 0.04789271950721741]}",2026-09-15T18:57:37.598447,7,0.3124956665560603,0.818359375,0.001,0.7783783783783784,0.7969804112253404,0.7213114754098361,0.92,"[0.7213114754098361, 0.7966101694915254, 0.92, 0.75]","[0.5607045405834424, 0.5245554445279856, 0.3202996905520558, 0.8346652878448367]","[0.6987951807228916, 0.8431372549019608]","[[0.7272727272727273, 0.7142857142857143], [0.8947368421052632, 0.6190476190476191], [0.0, 1.0], [0.0, 1.0]]","[61, 59, 25, 40]",0.7731826201369576,"[0.7201079622132254, 0.7671052631578947, 0.4791666666666667, 0.42857142857142855]",0.42857142857142855,0.8346652878448367,"[0.23307295143604279, 0.7495188117027283, 0.00684540206566453, 0.010562854818999767]","[0.4027177467942238, 0.4574181064963341, 0.33027197048068047, 0.267918205820024]","[0.22072979915537871, 0.3108095768257044, 0.256021342574968, 0.21243930417040247]","[0.4636015295982361, 0.45019155740737915, 0.038314174860715866, 0.04789271950721741]",0.0
"{""run_name"": ""fedheart_exp_paper_hetagg_gdro"", ""seed"": 2024, ""run_dir"": ""runs/eta/fedheart_sm10_GroupDRO_s2024_f4"", ""use_fedheart"": true, ""num_classes"": 2, ""stratified_batching"": true, ""train_frac"": 0.8, ""group_max_train_samples"": [null, null, 20, 25], ""true_hetero_input_dim"": true, ""feature_mask"": [[0, 1, 2, 3, 5, 6, 7, 8, 9, 10], [0, 1, 2, 3, 5, 6, 11, 12], [0, 1, 2, 4, 5, 7, 11, 12], [0, 1, 2, 4, 5, 6, 8, 9, 10]], ""batch_size"": 64, ""num_workers"": 0, ""epochs"": 100, ""early_stopping_patience"": 30, ""lr"": 0.001, ""weight_decay"": 0.0001, ""optimizer"": ""adam"", ""grad_clip"": 1.0, ""lr_scheduler"": ""cosine"", ""lr_min"": 1e-05, ""latent_dim"": 64, ""head_hidden"": 32, ""groups"": [{""name"": ""cleveland"", ""encoder"": ""mlp_tabular_ln"", ""input_dim"": 10, ""hidden_dim"": 64, ""dropout"": 0.1}, {""name"": ""hungarian"", ""encoder"": ""mlp_tabular_ln"", ""input_dim"": 8, ""hidden_dim"": 64, ""dropout"": 0.1}, {""name"": ""switzerland"", ""encoder"": ""mlp_tabular_ln"", ""input_dim"": 8, ""hidden_dim"": 64, ""dropout"": 0.1}, {""name"": ""va_long_beach"", ""encoder"": ""mlp_tabular_ln"", ""input_dim"": 9, ""hidden_dim"": 64, ""dropout"": 0.1}], ""anchor_eps"": 0.0001, ""sep_samples_per_class"": 4, ""sep_method"": ""classifier"", ""sep_margin"": 1.0, ""lambda_fit"": 0.001, ""lambda_sep"": 0.001, ""groupdro_enabled"": true, ""groupdro_eta"": 10.0, ""groupdro_gamma"": 0.9, ""groupdro_update_mode"": ""softmax"", ""groupdro_objective"": ""weighted"", ""groupdro_kl_lambda"": 0.0, ""groupdro_uniform_init"": true, ""log_interval"": 20, ""save_every"": 10, ""impute_missing"": true, ""common_encoder"": false, ""use_regret"": false, ""data_split_seed"": 1004}","{""num_groups"": 4, ""num_classes"": 2, ""train_total"": 522, ""test_total"": 185, ""train_group_counts"": [242, 235, 20, 25], ""test_group_counts"": [61, 59, 25, 40], ""train_class_counts"": [286, 236], ""test_class_counts"": [83, 102], ""train_group_class_counts"": [[131, 111], [150, 85], [2, 18], [3, 22]], ""test_group_class_counts"": [[33, 28], [38, 21], [2, 23], [10, 30]], ""group_proportions"": [0.46360153256704983, 0.4501915708812261, 0.038314176245210725, 0.04789272030651341]}","{""num_groups"": 4, ""eta"": 10.0, ""update_mode"": ""softmax"", ""robust_objective"": ""weighted"", ""gamma"": 0.9, ""kl_lambda"": 0.0, ""initial_pi"": [0.4636015295982361, 0.45019155740737915, 0.038314174860715866, 0.04789271950721741]}",2026-09-15T18:57:37.598447,8,0.35410515684634447,0.837890625,0.001,0.772972972972973,0.7928820505696027,0.7049180327868853,0.92,"[0.7049180327868853, 0.7966101694915254, 0.92, 0.75]","[0.5782169073697974, 0.5251641159214205, 0.34335106536746024, 0.9186570805963129]","[0.7108433734939759, 0.8235294117647058]","[[0.7575757575757576, 0.6428571428571429], [0.8947368421052632, 0.6190476190476191], [0.0, 1.0], [0.0, 1.0]]","[61, 59, 25, 40]",0.7687499999999999,"[0.7009803921568627, 0.7671052631578947, 0.4791666666666667, 0.42857142857142855]",0.42857142857142855,0.9186570805963129,"[0.10827269405126572, 0.8773001432418823, 0.0043532527051866055, 0.010073903948068619]","[0.40062466636300087, 0.43266456574201584, 0.26493773760739714, 0.2907557871658355]","[0.2149463173324193, 0.3685773982796192, 0.13241762765392195, 0.2840586565784351]","[0.4636015295982361, 0.45019155740737915, 0.038314174860715866, 0.04789271950721741]",0.0
"{""run_name"": ""fedheart_exp_paper_hetagg_gdro"", ""seed"": 2024, ""run_dir"": ""runs/eta/fedheart_sm10_GroupDRO_s2024_f4"", ""use_fedheart"": true, ""num_classes"": 2, ""stratified_batching"": true, ""train_frac"": 0.8, ""group_max_train_samples"": [null, null, 20, 25], ""true_hetero_input_dim"": true, ""feature_mask"": [[0, 1, 2, 3, 5, 6, 7, 8, 9, 10], [0, 1, 2, 3, 5, 6, 11, 12], [0, 1, 2, 4, 5, 7, 11, 12], [0, 1, 2, 4, 5, 6, 8, 9, 10]], ""batch_size"": 64, ""num_workers"": 0, ""epochs"": 100, ""early_stopping_patience"": 30, ""lr"": 0.001, ""weight_decay"": 0.0001, ""optimizer"": ""adam"", ""grad_clip"": 1.0, ""lr_scheduler"": ""cosine"", ""lr_min"": 1e-05, ""latent_dim"": 64, ""head_hidden"": 32, ""groups"": [{""name"": ""cleveland"", ""encoder"": ""mlp_tabular_ln"", ""input_dim"": 10, ""hidden_dim"": 64, ""dropout"": 0.1}, {""name"": ""hungarian"", ""encoder"": ""mlp_tabular_ln"", ""input_dim"": 8, ""hidden_dim"": 64, ""dropout"": 0.1}, {""name"": ""switzerland"", ""encoder"": ""mlp_tabular_ln"", ""input_dim"": 8, ""hidden_dim"": 64, ""dropout"": 0.1}, {""name"": ""va_long_beach"", ""encoder"": ""mlp_tabular_ln"", ""input_dim"": 9, ""hidden_dim"": 64, ""dropout"": 0.1}], ""anchor_eps"": 0.0001, ""sep_samples_per_class"": 4, ""sep_method"": ""classifier"", ""sep_margin"": 1.0, ""lambda_fit"": 0.001, ""lambda_sep"": 0.001, ""groupdro_enabled"": true, ""groupdro_eta"": 10.0, ""groupdro_gamma"": 0.9, ""groupdro_update_mode"": ""softmax"", ""groupdro_objective"": ""weighted"", ""groupdro_kl_lambda"": 0.0, ""groupdro_uniform_init"": true, ""log_interval"": 20, ""save_every"": 10, ""impute_missing"": true, ""common_encoder"": false, ""use_regret"": false, ""data_split_seed"": 1004}","{""num_groups"": 4, ""num_classes"": 2, ""train_total"": 522, ""test_total"": 185, ""train_group_counts"": [242, 235, 20, 25], ""test_group_counts"": [61, 59, 25, 40], ""train_class_counts"": [286, 236], ""test_class_counts"": [83, 102], ""train_group_class_counts"": [[131, 111], [150, 85], [2, 18], [3, 22]], ""test_group_class_counts"": [[33, 28], [38, 21], [2, 23], [10, 30]], ""group_proportions"": [0.46360153256704983, 0.4501915708812261, 0.038314176245210725, 0.04789272030651341]}","{""num_groups"": 4, ""eta"": 10.0, ""update_mode"": ""softmax"", ""robust_objective"": ""weighted"", ""gamma"": 0.9, ""kl_lambda"": 0.0, ""initial_pi"": [0.4636015295982361, 0.45019155740737915, 0.038314174860715866, 0.04789271950721741]}",2026-09-15T18:57:37.598447,9,0.3172262259759009,0.841796875,0.001,0.7621621621621621,0.7846853292581273,0.6721311475409836,0.92,"[0.6721311475409836, 0.7966101694915254, 0.92, 0.75]","[0.582051800472326, 0.5104670586474871, 0.362045792080462, 0.9998500345274806]","[0.6867469879518072, 0.8235294117647058]","[[0.696969696969697, 0.6428571428571429], [0.8947368421052632, 0.6190476190476191], [0.0, 1.0], [0.0, 1.0]]","[61, 59, 25, 40]",0.7569859087652258,"[0.66991341991342, 0.7671052631578947, 0.4791666666666667, 0.42857142857142855]",0.42857142857142855,0.9998500345274806,"[0.018091563135385513, 0.1146661713719368, 0.0022060940973460674, 0.865036129951477]","[0.3506297133862972, 0.44043586403131485, 0.48494429036509246, 0.2744807308772579]","[0.09192259222482058, 0.3670141568884917, 0.25301965797916637, 0.2880435635868992]","[0.4636015295982361, 0.45019155740737915, 0.038314174860715866, 0.04789271950721741]",0.0
"{""run_name"": ""fedheart_exp_paper_hetagg_gdro"", ""seed"": 2024, ""run_dir"": ""runs/eta/fedheart_sm10_GroupDRO_s2024_f4"", ""use_fedheart"": true, ""num_classes"": 2, ""stratified_batching"": true, ""train_frac"": 0.8, ""group_max_train_samples"": [null, null, 20, 25], ""true_hetero_input_dim"": true, ""feature_mask"": [[0, 1, 2, 3, 5, 6, 7, 8, 9, 10], [0, 1, 2, 3, 5, 6, 11, 12], [0, 1, 2, 4, 5, 7, 11, 12], [0, 1, 2, 4, 5, 6, 8, 9, 10]], ""batch_size"": 64, ""num_workers"": 0, ""epochs"": 100, ""early_stopping_patience"": 30, ""lr"": 0.001, ""weight_decay"": 0.0001, ""optimizer"": ""adam"", ""grad_clip"": 1.0, ""lr_scheduler"": ""cosine"", ""lr_min"": 1e-05, ""latent_dim"": 64, ""head_hidden"": 32, ""groups"": [{""name"": ""cleveland"", ""encoder"": ""mlp_tabular_ln"", ""input_dim"": 10, ""hidden_dim"": 64, ""dropout"": 0.1}, {""name"": ""hungarian"", ""encoder"": ""mlp_tabular_ln"", ""input_dim"": 8, ""hidden_dim"": 64, ""dropout"": 0.1}, {""name"": ""switzerland"", ""encoder"": ""mlp_tabular_ln"", ""input_dim"": 8, ""hidden_dim"": 64, ""dropout"": 0.1}, {""name"": ""va_long_beach"", ""encoder"": ""mlp_tabular_ln"", ""input_dim"": 9, ""hidden_dim"": 64, ""dropout"": 0.1}], ""anchor_eps"": 0.0001, ""sep_samples_per_class"": 4, ""sep_method"": ""classifier"", ""sep_margin"": 1.0, ""lambda_fit"": 0.001, ""lambda_sep"": 0.001, ""groupdro_enabled"": true, ""groupdro_eta"": 10.0, ""groupdro_gamma"": 0.9, ""groupdro_update_mode"": ""softmax"", ""groupdro_objective"": ""weighted"", ""groupdro_kl_lambda"": 0.0, ""groupdro_uniform_init"": true, ""log_interval"": 20, ""save_every"": 10, ""impute_missing"": true, ""common_encoder"": false, ""use_regret"": false, ""data_split_seed"": 1004}","{""num_groups"": 4, ""num_classes"": 2, ""train_total"": 522, ""test_total"": 185, ""train_group_counts"": [242, 235, 20, 25], ""test_group_counts"": [61, 59, 25, 40], ""train_class_counts"": [286, 236], ""test_class_counts"": [83, 102], ""train_group_class_counts"": [[131, 111], [150, 85], [2, 18], [3, 22]], ""test_group_class_counts"": [[33, 28], [38, 21], [2, 23], [10, 30]], ""group_proportions"": [0.46360153256704983, 0.4501915708812261, 0.038314176245210725, 0.04789272030651341]}","{""num_groups"": 4, ""eta"": 10.0, ""update_mode"": ""softmax"", ""robust_objective"": ""weighted"", ""gamma"": 0.9, ""kl_lambda"": 0.0, ""initial_pi"": [0.4636015295982361, 0.45019155740737915, 0.038314174860715866, 0.04789271950721741]}",2026-09-15T18:57:37.598447,10,0.26899096835404634,0.8515625,0.001,0.772972972972973,0.7928820505696027,0.7049180327868853,0.92,"[0.7049180327868853, 0.7966101694915254, 0.92, 0.75]","[0.5849758067214098, 0.5198801921333297, 0.3792262148112059, 1.099806644045748]","[0.6746987951807228, 0.8529411764705882]","[[0.6666666666666666, 0.75], [0.8947368421052632, 0.6190476190476191], [0.0, 1.0], [0.0, 1.0]]","[61, 59, 25, 40]",0.7664141414141413,"[0.7048387096774194, 0.7671052631578947, 0.4791666666666667, 0.42857142857142855]",0.42857142857142855,1.099806644045748,"[3.011861554114148e-05, 1.9392276954022236e-05, 0.9999502897262573, 1.9902270764760033e-07]","[0.37476736307144165, 0.42413611337542534, 0.28322388598462567, 0.2742974039283581]","[0.1775688652869576, 0.34255672684071214, 0.2352588485496483, 0.24461559909966368]","[0.4636015295982361, 0.45019155740737915, 0.038314174860715866, 0.04789271950721741]",0.0
"{""run_name"": ""fedheart_exp_paper_hetagg_gdro"", ""seed"": 2024, ""run_dir"": ""runs/eta/fedheart_sm10_GroupDRO_s2024_f4"", ""use_fedheart"": true, ""num_classes"": 2, ""stratified_batching"": true, ""train_frac"": 0.8, ""group_max_train_samples"": [null, null, 20, 25], ""true_hetero_input_dim"": true, ""feature_mask"": [[0, 1, 2, 3, 5, 6, 7, 8, 9, 10], [0, 1, 2, 3, 5, 6, 11, 12], [0, 1, 2, 4, 5, 7, 11, 12], [0, 1, 2, 4, 5, 6, 8, 9, 10]], ""batch_size"": 64, ""num_workers"": 0, ""epochs"": 100, ""early_stopping_patience"": 30, ""lr"": 0.001, ""weight_decay"": 0.0001, ""optimizer"": ""adam"", ""grad_clip"": 1.0, ""lr_scheduler"": ""cosine"", ""lr_min"": 1e-05, ""latent_dim"": 64, ""head_hidden"": 32, ""groups"": [{""name"": ""cleveland"", ""encoder"": ""mlp_tabular_ln"", ""input_dim"": 10, ""hidden_dim"": 64, ""dropout"": 0.1}, {""name"": ""hungarian"", ""encoder"": ""mlp_tabular_ln"", ""input_dim"": 8, ""hidden_dim"": 64, ""dropout"": 0.1}, {""name"": ""switzerland"", ""encoder"": ""mlp_tabular_ln"", ""input_dim"": 8, ""hidden_dim"": 64, ""dropout"": 0.1}, {""name"": ""va_long_beach"", ""encoder"": ""mlp_tabular_ln"", ""input_dim"": 9, ""hidden_dim"": 64, ""dropout"": 0.1}], ""anchor_eps"": 0.0001, ""sep_samples_per_class"": 4, ""sep_method"": ""classifier"", ""sep_margin"": 1.0, ""lambda_fit"": 0.001, ""lambda_sep"": 0.001, ""groupdro_enabled"": true, ""groupdro_eta"": 10.0, ""groupdro_gamma"": 0.9, ""groupdro_update_mode"": ""softmax"", ""groupdro_objective"": ""weighted"", ""groupdro_kl_lambda"": 0.0, ""groupdro_uniform_init"": true, ""log_interval"": 20, ""save_every"": 10, ""impute_missing"": true, ""common_encoder"": false, ""use_regret"": false, ""data_split_seed"": 1004}","{""num_groups"": 4, ""num_classes"": 2, ""train_total"": 522, ""test_total"": 185, ""train_group_counts"": [242, 235, 20, 25], ""test_group_counts"": [61, 59, 25, 40], ""train_class_counts"": [286, 236], ""test_class_counts"": [83, 102], ""train_group_class_counts"": [[131, 111], [150, 85], [2, 18], [3, 22]], ""test_group_class_counts"": [[33, 28], [38, 21], [2, 23], [10, 30]], ""group_proportions"": [0.46360153256704983, 0.4501915708812261, 0.038314176245210725, 0.04789272030651341]}","{""num_groups"": 4, ""eta"": 10.0, ""update_mode"": ""softmax"", ""robust_objective"": ""weighted"", ""gamma"": 0.9, ""kl_lambda"": 0.0, ""initial_pi"": [0.4636015295982361, 0.45019155740737915, 0.038314174860715866, 0.04789271950721741]}",2026-09-15T18:57:37.598447,11,0.27663077460601926,0.849609375,0.001,0.7675675675675676,0.7887836899138649,0.6885245901639344,0.92,"[0.6885245901639344, 0.7966101694915254, 0.92, 0.75]","[0.5912243947386742, 0.5213874239411395, 0.3977668056730181, 1.1406214920745696]","[0.6626506024096386, 0.8529411764705882]","[[0.6363636363636364, 0.75], [0.8947368421052632, 0.6190476190476191], [0.0, 1.0], [0.0, 1.0]]","[61, 59, 25, 40]",0.7603987831691816,"[0.6885245901639345, 0.7671052631578947, 0.4791666666666667, 0.42857142857142855]",0.42857142857142855,1.1406214920745696,"[0.19827304780483246, 0.7925224900245667, 0.004939851351082325, 0.004264626186341047]","[0.3630445282906294, 0.4359314553439617, 0.2680635469732806, 0.24106745899189264]","[0.15297708494472317, 0.4158424790330173, 0.24075125235594896, 0.19042918895320327]","[0.4636015295982361, 0.45019155740737915, 0.038314174860715866, 0.04789271950721741]",0.0
"{""run_name"": ""fedheart_exp_paper_hetagg_gdro"", ""seed"": 2024, ""run_dir"": ""runs/eta/fedheart_sm10_GroupDRO_s2024_f4"", ""use_fedheart"": true, ""num_classes"": 2, ""stratified_batching"": true, ""train_frac"": 0.8, ""group_max_train_samples"": [null, null, 20, 25], ""true_hetero_input_dim"": true, ""feature_mask"": [[0, 1, 2, 3, 5, 6, 7, 8, 9, 10], [0, 1, 2, 3, 5, 6, 11, 12], [0, 1, 2, 4, 5, 7, 11, 12], [0, 1, 2, 4, 5, 6, 8, 9, 10]], ""batch_size"": 64, ""num_workers"": 0, ""epochs"": 100, ""early_stopping_patience"": 30, ""lr"": 0.001, ""weight_decay"": 0.0001, ""optimizer"": ""adam"", ""grad_clip"": 1.0, ""lr_scheduler"": ""cosine"", ""lr_min"": 1e-05, ""latent_dim"": 64, ""head_hidden"": 32, ""groups"": [{""name"": ""cleveland"", ""encoder"": ""mlp_tabular_ln"", ""input_dim"": 10, ""hidden_dim"": 64, ""dropout"": 0.1}, {""name"": ""hungarian"", ""encoder"": ""mlp_tabular_ln"", ""input_dim"": 8, ""hidden_dim"": 64, ""dropout"": 0.1}, {""name"": ""switzerland"", ""encoder"": ""mlp_tabular_ln"", ""input_dim"": 8, ""hidden_dim"": 64, ""dropout"": 0.1}, {""name"": ""va_long_beach"", ""encoder"": ""mlp_tabular_ln"", ""input_dim"": 9, ""hidden_dim"": 64, ""dropout"": 0.1}], ""anchor_eps"": 0.0001, ""sep_samples_per_class"": 4, ""sep_method"": ""classifier"", ""sep_margin"": 1.0, ""lambda_fit"": 0.001, ""lambda_sep"": 0.001, ""groupdro_enabled"": true, ""groupdro_eta"": 10.0, ""groupdro_gamma"": 0.9, ""groupdro_update_mode"": ""softmax"", ""groupdro_objective"": ""weighted"", ""groupdro_kl_lambda"": 0.0, ""groupdro_uniform_init"": true, ""log_interval"": 20, ""save_every"": 10, ""impute_missing"": true, ""common_encoder"": false, ""use_regret"": false, ""data_split_seed"": 1004}","{""num_groups"": 4, ""num_classes"": 2, ""train_total"": 522, ""test_total"": 185, ""train_group_counts"": [242, 235, 20, 25], ""test_group_counts"": [61, 59, 25, 40], ""train_class_counts"": [286, 236], ""test_class_counts"": [83, 102], ""train_group_class_counts"": [[131, 111], [150, 85], [2, 18], [3, 22]], ""test_group_class_counts"": [[33, 28], [38, 21], [2, 23], [10, 30]], ""group_proportions"": [0.46360153256704983, 0.4501915708812261, 0.038314176245210725, 0.04789272030651341]}","{""num_groups"": 4, ""eta"": 10.0, ""update_mode"": ""softmax"", ""robust_objective"": ""weighted"", ""gamma"": 0.9, ""kl_lambda"": 0.0, ""initial_pi"": [0.4636015295982361, 0.45019155740737915, 0.038314174860715866, 0.04789271950721741]}",2026-09-15T18:57:37.598447,12,0.46737785264849663,0.84375,0.001,0.772972972972973,0.7928820505696027,0.7049180327868853,0.92,"[0.7049180327868853, 0.7966101694915254, 0.92, 0.75]","[0.5787095084908556, 0.5227539125766795, 0.41879104123450817, 1.1559588714211713]","[0.6867469879518072, 0.8431372549019608]","[[0.696969696969697, 0.7142857142857143], [0.8947368421052632, 0.6190476190476191], [0.0, 1.0], [0.0, 1.0]]","[61, 59, 25, 40]",0.76725377426312,"[0.7042025862068966, 0.7671052631578947, 0.4791666666666667, 0.42857142857142855]",0.42857142857142855,1.1559588714211713,"[0.0015738800866529346, 0.0006084751803427935, 5.249354217085056e-05, 0.997765064239502]","[0.3592236489057541, 0.4563336856663227, 0.2180436758499127, 0.270277192175854]","[0.16264626573607188, 0.4594789157508785, 0.13074358158473842, 0.24713123698893558]","[0.4636015295982361, 0.45019155740737915, 0.038314174860715866, 0.04789271950721741]",0.0
"{""run_name"": ""fedheart_exp_paper_hetagg_gdro"", ""seed"": 2024, ""run_dir"": ""runs/eta/fedheart_sm10_GroupDRO_s2024_f4"", ""use_fedheart"": true, ""num_classes"": 2, ""stratified_batching"": true, ""train_frac"": 0.8, ""group_max_train_samples"": [null, null, 20, 25], ""true_hetero_input_dim"": true, ""feature_mask"": [[0, 1, 2, 3, 5, 6, 7, 8, 9, 10], [0, 1, 2, 3, 5, 6, 11, 12], [0, 1, 2, 4, 5, 7, 11, 12], [0, 1, 2, 4, 5, 6, 8, 9, 10]], ""batch_size"": 64, ""num_workers"": 0, ""epochs"": 100, ""early_stopping_patience"": 30, ""lr"": 0.001, ""weight_decay"": 0.0001, ""optimizer"": ""adam"", ""grad_clip"": 1.0, ""lr_scheduler"": ""cosine"", ""lr_min"": 1e-05, ""latent_dim"": 64, ""head_hidden"": 32, ""groups"": [{""name"": ""cleveland"", ""encoder"": ""mlp_tabular_ln"", ""input_dim"": 10, ""hidden_dim"": 64, ""dropout"": 0.1}, {""name"": ""hungarian"", ""encoder"": ""mlp_tabular_ln"", ""input_dim"": 8, ""hidden_dim"": 64, ""dropout"": 0.1}, {""name"": ""switzerland"", ""encoder"": ""mlp_tabular_ln"", ""input_dim"": 8, ""hidden_dim"": 64, ""dropout"": 0.1}, {""name"": ""va_long_beach"", ""encoder"": ""mlp_tabular_ln"", ""input_dim"": 9, ""hidden_dim"": 64, ""dropout"": 0.1}], ""anchor_eps"": 0.0001, ""sep_samples_per_class"": 4, ""sep_method"": ""classifier"", ""sep_margin"": 1.0, ""lambda_fit"": 0.001, ""lambda_sep"": 0.001, ""groupdro_enabled"": true, ""groupdro_eta"": 10.0, ""groupdro_gamma"": 0.9, ""groupdro_update_mode"": ""softmax"", ""groupdro_objective"": ""weighted"", ""groupdro_kl_lambda"": 0.0, ""groupdro_uniform_init"": true, ""log_interval"": 20, ""save_every"": 10, ""impute_missing"": true, ""common_encoder"": false, ""use_regret"": false, ""data_split_seed"": 1004}","{""num_groups"": 4, ""num_classes"": 2, ""train_total"": 522, ""test_total"": 185, ""train_group_counts"": [242, 235, 20, 25], ""test_group_counts"": [61, 59, 25, 40], ""train_class_counts"": [286, 236], ""test_class_counts"": [83, 102], ""train_group_class_counts"": [[131, 111], [150, 85], [2, 18], [3, 22]], ""test_group_class_counts"": [[33, 28], [38, 21], [2, 23], [10, 30]], ""group_proportions"": [0.46360153256704983, 0.4501915708812261, 0.038314176245210725, 0.04789272030651341]}","{""num_groups"": 4, ""eta"": 10.0, ""update_mode"": ""softmax"", ""robust_objective"": ""weighted"", ""gamma"": 0.9, ""kl_lambda"": 0.0, ""initial_pi"": [0.4636015295982361, 0.45019155740737915, 0.038314174860715866, 0.04789271950721741]}",2026-09-15T18:57:37.598447,13,0.3019806465599686,0.87109375,0.001,0.772972972972973,0.7928820505696027,0.7049180327868853,0.92,"[0.7049180327868853, 0.7966101694915254, 0.92, 0.75]","[0.5734936204723647, 0.5231132172679497, 0.42941944607533516, 1.0785719702253118]","[0.6867469879518072, 0.8431372549019608]","[[0.696969696969697, 0.7142857142857143], [0.8947368421052632, 0.6190476190476191], [0.0, 1.0], [0.0, 1.0]]","[61, 59, 25, 40]",0.76725377426312,"[0.7042025862068966, 0.7671052631578947, 0.4791666666666667, 0.42857142857142855]",0.42857142857142855,1.0785719702253118,"[0.7390219569206238, 0.21056430041790009, 0.020032266154885292, 0.03038148023188114]","[0.361153956502676, 0.3858356364071369, 0.5446735011064447, 0.2351828832179308]","[0.2509500696010939, 0.28737653929496315, 0.257204888817796, 0.20446852152151848]","[0.4636015295982361, 0.45019155740737915, 0.038314174860715866, 0.04789271950721741]",0.0
"{""run_name"": ""fedheart_exp_paper_hetagg_gdro"", ""seed"": 2024, ""run_dir"": ""runs/eta/fedheart_sm10_GroupDRO_s2024_f4"", ""use_fedheart"": true, ""num_classes"": 2, ""stratified_batching"": true, ""train_frac"": 0.8, ""group_max_train_samples"": [null, null, 20, 25], ""true_hetero_input_dim"": true, ""feature_mask"": [[0, 1, 2, 3, 5, 6, 7, 8, 9, 10], [0, 1, 2, 3, 5, 6, 11, 12], [0, 1, 2, 4, 5, 7, 11, 12], [0, 1, 2, 4, 5, 6, 8, 9, 10]], ""batch_size"": 64, ""num_workers"": 0, ""epochs"": 100, ""early_stopping_patience"": 30, ""lr"": 0.001, ""weight_decay"": 0.0001, ""optimizer"": ""adam"", ""grad_clip"": 1.0, ""lr_scheduler"": ""cosine"", ""lr_min"": 1e-05, ""latent_dim"": 64, ""head_hidden"": 32, ""groups"": [{""name"": ""cleveland"", ""encoder"": ""mlp_tabular_ln"", ""input_dim"": 10, ""hidden_dim"": 64, ""dropout"": 0.1}, {""name"": ""hungarian"", ""encoder"": ""mlp_tabular_ln"", ""input_dim"": 8, ""hidden_dim"": 64, ""dropout"": 0.1}, {""name"": ""switzerland"", ""encoder"": ""mlp_tabular_ln"", ""input_dim"": 8, ""hidden_dim"": 64, ""dropout"": 0.1}, {""name"": ""va_long_beach"", ""encoder"": ""mlp_tabular_ln"", ""input_dim"": 9, ""hidden_dim"": 64, ""dropout"": 0.1}], ""anchor_eps"": 0.0001, ""sep_samples_per_class"": 4, ""sep_method"": ""classifier"", ""sep_margin"": 1.0, ""lambda_fit"": 0.001, ""lambda_sep"": 0.001, ""groupdro_enabled"": true, ""groupdro_eta"": 10.0, ""groupdro_gamma"": 0.9, ""groupdro_update_mode"": ""softmax"", ""groupdro_objective"": ""weighted"", ""groupdro_kl_lambda"": 0.0, ""groupdro_uniform_init"": true, ""log_interval"": 20, ""save_every"": 10, ""impute_missing"": true, ""common_encoder"": false, ""use_regret"": false, ""data_split_seed"": 1004}","{""num_groups"": 4, ""num_classes"": 2, ""train_total"": 522, ""test_total"": 185, ""train_group_counts"": [242, 235, 20, 25], ""test_group_counts"": [61, 59, 25, 40], ""train_class_counts"": [286, 236], ""test_class_counts"": [83, 102], ""train_group_class_counts"": [[131, 111], [150, 85], [2, 18], [3, 22]], ""test_group_class_counts"": [[33, 28], [38, 21], [2, 23], [10, 30]], ""group_proportions"": [0.46360153256704983, 0.4501915708812261, 0.038314176245210725, 0.04789272030651341]}","{""num_groups"": 4, ""eta"": 10.0, ""update_mode"": ""softmax"", ""robust_objective"": ""weighted"", ""gamma"": 0.9, ""kl_lambda"": 0.0, ""initial_pi"": [0.4636015295982361, 0.45019155740737915, 0.038314174860715866, 0.04789271950721741]}",2026-09-15T18:57:37.598447,14,0.41441573575139046,0.85546875,0.001,0.772972972972973,0.7928820505696027,0.7049180327868853,0.92,"[0.7049180327868853, 0.7966101694915254, 0.92, 0.75]","[0.5802243274987721, 0.5255679495758929, 0.4356689251493663, 1.0471517593949102]","[0.6867469879518072, 0.8431372549019608]","[[0.696969696969697, 0.7142857142857143], [0.8947368421052632, 0.6190476190476191], [0.0, 1.0], [0.0, 1.0]]","[61, 59, 25, 40]",0.76725377426312,"[0.7042025862068966, 0.7671052631578947, 0.4791666666666667, 0.42857142857142855]",0.42857142857142855,1.0471517593949102,"[0.0622180812060833, 0.055700644850730896, 0.8815459609031677, 0.0005353231099434197]","[0.39009642228484154, 0.43606031872332096, 0.10976434533949941, 0.12423866614699364]","[0.33331385161727667, 0.48136021150276065, 0.12046726018888876, 0.06485870196047472]","[0.4636015295982361, 0.45019155740737915, 0.038314174860715866, 0.04789271950721741]",0.0
"{""run_name"": ""fedheart_exp_paper_hetagg_gdro"", ""seed"": 2024, ""run_dir"": ""runs/eta/fedheart_sm10_GroupDRO_s2024_f4"", ""use_fedheart"": true, ""num_classes"": 2, ""stratified_batching"": true, ""train_frac"": 0.8, ""group_max_train_samples"": [null, null, 20, 25], ""true_hetero_input_dim"": true, ""feature_mask"": [[0, 1, 2, 3, 5, 6, 7, 8, 9, 10], [0, 1, 2, 3, 5, 6, 11, 12], [0, 1, 2, 4, 5, 7, 11, 12], [0, 1, 2, 4, 5, 6, 8, 9, 10]], ""batch_size"": 64, ""num_workers"": 0, ""epochs"": 100, ""early_stopping_patience"": 30, ""lr"": 0.001, ""weight_decay"": 0.0001, ""optimizer"": ""adam"", ""grad_clip"": 1.0, ""lr_scheduler"": ""cosine"", ""lr_min"": 1e-05, ""latent_dim"": 64, ""head_hidden"": 32, ""groups"": [{""name"": ""cleveland"", ""encoder"": ""mlp_tabular_ln"", ""input_dim"": 10, ""hidden_dim"": 64, ""dropout"": 0.1}, {""name"": ""hungarian"", ""encoder"": ""mlp_tabular_ln"", ""input_dim"": 8, ""hidden_dim"": 64, ""dropout"": 0.1}, {""name"": ""switzerland"", ""encoder"": ""mlp_tabular_ln"", ""input_dim"": 8, ""hidden_dim"": 64, ""dropout"": 0.1}, {""name"": ""va_long_beach"", ""encoder"": ""mlp_tabular_ln"", ""input_dim"": 9, ""hidden_dim"": 64, ""dropout"": 0.1}], ""anchor_eps"": 0.0001, ""sep_samples_per_class"": 4, ""sep_method"": ""classifier"", ""sep_margin"": 1.0, ""lambda_fit"": 0.001, ""lambda_sep"": 0.001, ""groupdro_enabled"": true, ""groupdro_eta"": 10.0, ""groupdro_gamma"": 0.9, ""groupdro_update_mode"": ""softmax"", ""groupdro_objective"": ""weighted"", ""groupdro_kl_lambda"": 0.0, ""groupdro_uniform_init"": true, ""log_interval"": 20, ""save_every"": 10, ""impute_missing"": true, ""common_encoder"": false, ""use_regret"": false, ""data_split_seed"": 1004}","{""num_groups"": 4, ""num_classes"": 2, ""train_total"": 522, ""test_total"": 185, ""train_group_counts"": [242, 235, 20, 25], ""test_group_counts"": [61, 59, 25, 40], ""train_class_counts"": [286, 236], ""test_class_counts"": [83, 102], ""train_group_class_counts"": [[131, 111], [150, 85], [2, 18], [3, 22]], ""test_group_class_counts"": [[33, 28], [38, 21], [2, 23], [10, 30]], ""group_proportions"": [0.46360153256704983, 0.4501915708812261, 0.038314176245210725, 0.04789272030651341]}","{""num_groups"": 4, ""eta"": 10.0, ""update_mode"": ""softmax"", ""robust_objective"": ""weighted"", ""gamma"": 0.9, ""kl_lambda"": 0.0, ""initial_pi"": [0.4636015295982361, 0.45019155740737915, 0.038314174860715866, 0.04789271950721741]}",2026-09-15T18:57:37.598447,15,0.41798992780968547,0.849609375,0.001,0.7621621621621621,0.7846853292581273,0.6721311475409836,0.92,"[0.6721311475409836, 0.7966101694915254, 0.92, 0.75]","[0.5768154358766118, 0.5332146385463618, 0.43123211664147676, 1.0325882290140727]","[0.6626506024096386, 0.8431372549019608]","[[0.6363636363636364, 0.7142857142857143], [0.8947368421052632, 0.6190476190476191], [0.0, 1.0], [0.0, 1.0]]","[61, 59, 25, 40]",0.7552910052910053,"[0.6720430107526882, 0.7671052631578947, 0.4791666666666667, 0.42857142857142855]",0.42857142857142855,1.0325882290140727,"[0.6310532093048096, 0.21675053238868713, 0.011201360262930393, 0.1409948617219925]","[0.38013722375035286, 0.3985148426145315, 0.46313384163659066, 0.11877881397958845]","[0.3496083573784359, 0.35700941396478253, 0.25718722117017023, 0.03619500743917614]","[0.4636015295982361, 0.45019155740737915, 0.038314174860715866, 0.04789271950721741]",0.0
"{""run_name"": ""fedheart_exp_paper_hetagg_gdro"", ""seed"": 2024, ""run_dir"": ""runs/eta/fedheart_sm10_GroupDRO_s2024_f4"", ""use_fedheart"": true, ""num_classes"": 2, ""stratified_batching"": true, ""train_frac"": 0.8, ""group_max_train_samples"": [null, null, 20, 25], ""true_hetero_input_dim"": true, ""feature_mask"": [[0, 1, 2, 3, 5, 6, 7, 8, 9, 10], [0, 1, 2, 3, 5, 6, 11, 12], [0, 1, 2, 4, 5, 7, 11, 12], [0, 1, 2, 4, 5, 6, 8, 9, 10]], ""batch_size"": 64, ""num_workers"": 0, ""epochs"": 100, ""early_stopping_patience"": 30, ""lr"": 0.001, ""weight_decay"": 0.0001, ""optimizer"": ""adam"", ""grad_clip"": 1.0, ""lr_scheduler"": ""cosine"", ""lr_min"": 1e-05, ""latent_dim"": 64, ""head_hidden"": 32, ""groups"": [{""name"": ""cleveland"", ""encoder"": ""mlp_tabular_ln"", ""input_dim"": 10, ""hidden_dim"": 64, ""dropout"": 0.1}, {""name"": ""hungarian"", ""encoder"": ""mlp_tabular_ln"", ""input_dim"": 8, ""hidden_dim"": 64, ""dropout"": 0.1}, {""name"": ""switzerland"", ""encoder"": ""mlp_tabular_ln"", ""input_dim"": 8, ""hidden_dim"": 64, ""dropout"": 0.1}, {""name"": ""va_long_beach"", ""encoder"": ""mlp_tabular_ln"", ""input_dim"": 9, ""hidden_dim"": 64, ""dropout"": 0.1}], ""anchor_eps"": 0.0001, ""sep_samples_per_class"": 4, ""sep_method"": ""classifier"", ""sep_margin"": 1.0, ""lambda_fit"": 0.001, ""lambda_sep"": 0.001, ""groupdro_enabled"": true, ""groupdro_eta"": 10.0, ""groupdro_gamma"": 0.9, ""groupdro_update_mode"": ""softmax"", ""groupdro_objective"": ""weighted"", ""groupdro_kl_lambda"": 0.0, ""groupdro_uniform_init"": true, ""log_interval"": 20, ""save_every"": 10, ""impute_missing"": true, ""common_encoder"": false, ""use_regret"": false, ""data_split_seed"": 1004}","{""num_groups"": 4, ""num_classes"": 2, ""train_total"": 522, ""test_total"": 185, ""train_group_counts"": [242, 235, 20, 25], ""test_group_counts"": [61, 59, 25, 40], ""train_class_counts"": [286, 236], ""test_class_counts"": [83, 102], ""train_group_class_counts"": [[131, 111], [150, 85], [2, 18], [3, 22]], ""test_group_class_counts"": [[33, 28], [38, 21], [2, 23], [10, 30]], ""group_proportions"": [0.46360153256704983, 0.4501915708812261, 0.038314176245210725, 0.04789272030651341]}","{""num_groups"": 4, ""eta"": 10.0, ""update_mode"": ""softmax"", ""robust_objective"": ""weighted"", ""gamma"": 0.9, ""kl_lambda"": 0.0, ""initial_pi"": [0.4636015295982361, 0.45019155740737915, 0.038314174860715866, 0.04789271950721741]}",2026-09-15T18:57:37.598447,16,0.3390732556581497,0.859375,0.001,0.7621621621621621,0.7846853292581273,0.6721311475409836,0.92,"[0.6721311475409836, 0.7966101694915254, 0.92, 0.75]","[0.5864462573386606, 0.5335225292434127, 0.4221820858959109, 1.0451284915208816]","[0.6626506024096386, 0.8431372549019608]","[[0.6363636363636364, 0.7142857142857143], [0.8947368421052632, 0.6190476190476191], [0.0, 1.0], [0.0, 1.0]]","[61, 59, 25, 40]",0.7552910052910053,"[0.6720430107526882, 0.7671052631578947, 0.4791666666666667, 0.42857142857142855]",0.42857142857142855,1.0451284915208816,"[0.16285426914691925, 0.43185681104660034, 0.35527968406677246, 0.05000926926732063]","[0.3563801161944866, 0.3926732651889324, 0.05257056507980451, 0.12513244478031993]","[0.340812343172729, 0.48352720960974693, 0.05561931316333357, 0.12004113488364965]","[0.4636015295982361, 0.45019155740737915, 0.038314174860715866, 0.04789271950721741]",0.0
"{""run_name"": ""fedheart_exp_paper_hetagg_gdro"", ""seed"": 2024, ""run_dir"": ""runs/eta/fedheart_sm10_GroupDRO_s2024_f4"", ""use_fedheart"": true, ""num_classes"": 2, ""stratified_batching"": true, ""train_frac"": 0.8, ""group_max_train_samples"": [null, null, 20, 25], ""true_hetero_input_dim"": true, ""feature_mask"": [[0, 1, 2, 3, 5, 6, 7, 8, 9, 10], [0, 1, 2, 3, 5, 6, 11, 12], [0, 1, 2, 4, 5, 7, 11, 12], [0, 1, 2, 4, 5, 6, 8, 9, 10]], ""batch_size"": 64, ""num_workers"": 0, ""epochs"": 100, ""early_stopping_patience"": 30, ""lr"": 0.001, ""weight_decay"": 0.0001, ""optimizer"": ""adam"", ""grad_clip"": 1.0, ""lr_scheduler"": ""cosine"", ""lr_min"": 1e-05, ""latent_dim"": 64, ""head_hidden"": 32, ""groups"": [{""name"": ""cleveland"", ""encoder"": ""mlp_tabular_ln"", ""input_dim"": 10, ""hidden_dim"": 64, ""dropout"": 0.1}, {""name"": ""hungarian"", ""encoder"": ""mlp_tabular_ln"", ""input_dim"": 8, ""hidden_dim"": 64, ""dropout"": 0.1}, {""name"": ""switzerland"", ""encoder"": ""mlp_tabular_ln"", ""input_dim"": 8, ""hidden_dim"": 64, ""dropout"": 0.1}, {""name"": ""va_long_beach"", ""encoder"": ""mlp_tabular_ln"", ""input_dim"": 9, ""hidden_dim"": 64, ""dropout"": 0.1}], ""anchor_eps"": 0.0001, ""sep_samples_per_class"": 4, ""sep_method"": ""classifier"", ""sep_margin"": 1.0, ""lambda_fit"": 0.001, ""lambda_sep"": 0.001, ""groupdro_enabled"": true, ""groupdro_eta"": 10.0, ""groupdro_gamma"": 0.9, ""groupdro_update_mode"": ""softmax"", ""groupdro_objective"": ""weighted"", ""groupdro_kl_lambda"": 0.0, ""groupdro_uniform_init"": true, ""log_interval"": 20, ""save_every"": 10, ""impute_missing"": true, ""common_encoder"": false, ""use_regret"": false, ""data_split_seed"": 1004}","{""num_groups"": 4, ""num_classes"": 2, ""train_total"": 522, ""test_total"": 185, ""train_group_counts"": [242, 235, 20, 25], ""test_group_counts"": [61, 59, 25, 40], ""train_class_counts"": [286, 236], ""test_class_counts"": [83, 102], ""train_group_class_counts"": [[131, 111], [150, 85], [2, 18], [3, 22]], ""test_group_class_counts"": [[33, 28], [38, 21], [2, 23], [10, 30]], ""group_proportions"": [0.46360153256704983, 0.4501915708812261, 0.038314176245210725, 0.04789272030651341]}","{""num_groups"": 4, ""eta"": 10.0, ""update_mode"": ""softmax"", ""robust_objective"": ""weighted"", ""gamma"": 0.9, ""kl_lambda"": 0.0, ""initial_pi"": [0.4636015295982361, 0.45019155740737915, 0.038314174860715866, 0.04789271950721741]}",2026-09-15T18:57:37.598447,17,0.306582598015666,0.861328125,0.001,0.772972972972973,0.7928820505696027,0.7049180327868853,0.92,"[0.7049180327868853, 0.7966101694915254, 0.92, 0.75]","[0.5948818697609374, 0.5418604717795121, 0.42661787257995454, 1.0835024468717165]","[0.6867469879518072, 0.8431372549019608]","[[0.696969696969697, 0.7142857142857143], [0.8947368421052632, 0.6190476190476191], [0.0, 1.0], [0.0, 1.0]]","[61, 59, 25, 40]",0.76725377426312,"[0.7042025862068966, 0.7671052631578947, 0.4791666666666667, 0.42857142857142855]",0.42857142857142855,1.0835024468717165,"[0.22709064185619354, 0.7515161633491516, 0.010313612408936024, 0.01107960008084774]","[0.35174030251801014, 0.43763129226863384, 0.08320383389946073, 0.17001221445389092]","[0.20722244400531054, 0.5673836413770914, 0.11186431761598215, 0.11352960375370458]","[0.4636015295982361, 0.45019155740737915, 0.038314174860715866, 0.04789271950721741]",0.0
"{""run_name"": ""fedheart_exp_paper_hetagg_gdro"", ""seed"": 2024, ""run_dir"": ""runs/eta/fedheart_sm10_GroupDRO_s2024_f4"", ""use_fedheart"": true, ""num_classes"": 2, ""stratified_batching"": true, ""train_frac"": 0.8, ""group_max_train_samples"": [null, null, 20, 25], ""true_hetero_input_dim"": true, ""feature_mask"": [[0, 1, 2, 3, 5, 6, 7, 8, 9, 10], [0, 1, 2, 3, 5, 6, 11, 12], [0, 1, 2, 4, 5, 7, 11, 12], [0, 1, 2, 4, 5, 6, 8, 9, 10]], ""batch_size"": 64, ""num_workers"": 0, ""epochs"": 100, ""early_stopping_patience"": 30, ""lr"": 0.001, ""weight_decay"": 0.0001, ""optimizer"": ""adam"", ""grad_clip"": 1.0, ""lr_scheduler"": ""cosine"", ""lr_min"": 1e-05, ""latent_dim"": 64, ""head_hidden"": 32, ""groups"": [{""name"": ""cleveland"", ""encoder"": ""mlp_tabular_ln"", ""input_dim"": 10, ""hidden_dim"": 64, ""dropout"": 0.1}, {""name"": ""hungarian"", ""encoder"": ""mlp_tabular_ln"", ""input_dim"": 8, ""hidden_dim"": 64, ""dropout"": 0.1}, {""name"": ""switzerland"", ""encoder"": ""mlp_tabular_ln"", ""input_dim"": 8, ""hidden_dim"": 64, ""dropout"": 0.1}, {""name"": ""va_long_beach"", ""encoder"": ""mlp_tabular_ln"", ""input_dim"": 9, ""hidden_dim"": 64, ""dropout"": 0.1}], ""anchor_eps"": 0.0001, ""sep_samples_per_class"": 4, ""sep_method"": ""classifier"", ""sep_margin"": 1.0, ""lambda_fit"": 0.001, ""lambda_sep"": 0.001, ""groupdro_enabled"": true, ""groupdro_eta"": 10.0, ""groupdro_gamma"": 0.9, ""groupdro_update_mode"": ""softmax"", ""groupdro_objective"": ""weighted"", ""groupdro_kl_lambda"": 0.0, ""groupdro_uniform_init"": true, ""log_interval"": 20, ""save_every"": 10, ""impute_missing"": true, ""common_encoder"": false, ""use_regret"": false, ""data_split_seed"": 1004}","{""num_groups"": 4, ""num_classes"": 2, ""train_total"": 522, ""test_total"": 185, ""train_group_counts"": [242, 235, 20, 25], ""test_group_counts"": [61, 59, 25, 40], ""train_class_counts"": [286, 236], ""test_class_counts"": [83, 102], ""train_group_class_counts"": [[131, 111], [150, 85], [2, 18], [3, 22]], ""test_group_class_counts"": [[33, 28], [38, 21], [2, 23], [10, 30]], ""group_proportions"": [0.46360153256704983, 0.4501915708812261, 0.038314176245210725, 0.04789272030651341]}","{""num_groups"": 4, ""eta"": 10.0, ""update_mode"": ""softmax"", ""robust_objective"": ""weighted"", ""gamma"": 0.9, ""kl_lambda"": 0.0, ""initial_pi"": [0.4636015295982361, 0.45019155740737915, 0.038314174860715866, 0.04789271950721741]}",2026-09-15T18:57:37.598447,18,0.35121338116005063,0.84765625,0.001,0.7783783783783784,0.7968414837454849,0.7377049180327869,0.92,"[0.7377049180327869, 0.7796610169491526, 0.92, 0.75]","[0.5965626437033786, 0.5176019316886441, 0.4377879930380732, 1.1143718867737333]","[0.6987951807228916, 0.8431372549019608]","[[0.7575757575757576, 0.7142857142857143], [0.868421052631579, 0.6190476190476191], [0.0, 1.0], [0.0, 1.0]]","[61, 59, 25, 40]",0.7731826201369576,"[0.7359307359307359, 0.751054852320675, 0.4791666666666667, 0.42857142857142855]",0.42857142857142855,1.1143718867737333,"[0.30300459265708923, 0.6731067299842834, 0.011384866200387478, 0.012503793463110924]","[0.35555358976125717, 0.4243115931749344, 0.3595358409220353, 0.14908824255689979]","[0.22999429426365064, 0.4764529873455543, 0.15269948746390583, 0.14085323818350975]","[0.4636015295982361, 0.45019155740737915, 0.038314174860715866, 0.04789271950721741]",0.0
"{""run_name"": ""fedheart_exp_paper_hetagg_gdro"", ""seed"": 2024, ""run_dir"": ""runs/eta/fedheart_sm10_GroupDRO_s2024_f4"", ""use_fedheart"": true, ""num_classes"": 2, ""stratified_batching"": true, ""train_frac"": 0.8, ""group_max_train_samples"": [null, null, 20, 25], ""true_hetero_input_dim"": true, ""feature_mask"": [[0, 1, 2, 3, 5, 6, 7, 8, 9, 10], [0, 1, 2, 3, 5, 6, 11, 12], [0, 1, 2, 4, 5, 7, 11, 12], [0, 1, 2, 4, 5, 6, 8, 9, 10]], ""batch_size"": 64, ""num_workers"": 0, ""epochs"": 100, ""early_stopping_patience"": 30, ""lr"": 0.001, ""weight_decay"": 0.0001, ""optimizer"": ""adam"", ""grad_clip"": 1.0, ""lr_scheduler"": ""cosine"", ""lr_min"": 1e-05, ""latent_dim"": 64, ""head_hidden"": 32, ""groups"": [{""name"": ""cleveland"", ""encoder"": ""mlp_tabular_ln"", ""input_dim"": 10, ""hidden_dim"": 64, ""dropout"": 0.1}, {""name"": ""hungarian"", ""encoder"": ""mlp_tabular_ln"", ""input_dim"": 8, ""hidden_dim"": 64, ""dropout"": 0.1}, {""name"": ""switzerland"", ""encoder"": ""mlp_tabular_ln"", ""input_dim"": 8, ""hidden_dim"": 64, ""dropout"": 0.1}, {""name"": ""va_long_beach"", ""encoder"": ""mlp_tabular_ln"", ""input_dim"": 9, ""hidden_dim"": 64, ""dropout"": 0.1}], ""anchor_eps"": 0.0001, ""sep_samples_per_class"": 4, ""sep_method"": ""classifier"", ""sep_margin"": 1.0, ""lambda_fit"": 0.001, ""lambda_sep"": 0.001, ""groupdro_enabled"": true, ""groupdro_eta"": 10.0, ""groupdro_gamma"": 0.9, ""groupdro_update_mode"": ""softmax"", ""groupdro_objective"": ""weighted"", ""groupdro_kl_lambda"": 0.0, ""groupdro_uniform_init"": true, ""log_interval"": 20, ""save_every"": 10, ""impute_missing"": true, ""common_encoder"": false, ""use_regret"": false, ""data_split_seed"": 1004}","{""num_groups"": 4, ""num_classes"": 2, ""train_total"": 522, ""test_total"": 185, ""train_group_counts"": [242, 235, 20, 25], ""test_group_counts"": [61, 59, 25, 40], ""train_class_counts"": [286, 236], ""test_class_counts"": [83, 102], ""train_group_class_counts"": [[131, 111], [150, 85], [2, 18], [3, 22]], ""test_group_class_counts"": [[33, 28], [38, 21], [2, 23], [10, 30]], ""group_proportions"": [0.46360153256704983, 0.4501915708812261, 0.038314176245210725, 0.04789272030651341]}","{""num_groups"": 4, ""eta"": 10.0, ""update_mode"": ""softmax"", ""robust_objective"": ""weighted"", ""gamma"": 0.9, ""kl_lambda"": 0.0, ""initial_pi"": [0.4636015295982361, 0.45019155740737915, 0.038314174860715866, 0.04789271950721741]}",2026-09-15T18:57:37.598447,19,0.32766458694823086,0.875,0.001,0.772972972972973,0.7928820505696027,0.7049180327868853,0.92,"[0.7049180327868853, 0.7966101694915254, 0.92, 0.75]","[0.5999193138397131, 0.5203151026645959, 0.45067540504503995, 1.1336008641927038]","[0.6867469879518072, 0.8431372549019608]","[[0.696969696969697, 0.7142857142857143], [0.8947368421052632, 0.6190476190476191], [0.0, 1.0], [0.0, 1.0]]","[61, 59, 25, 40]",0.76725377426312,"[0.7042025862068966, 0.7671052631578947, 0.4791666666666667, 0.42857142857142855]",0.42857142857142855,1.1336008641927038,"[0.23352256417274475, 0.3495880365371704, 0.006303335074335337, 0.41058599948883057]","[0.31296081468462944, 0.3930579610168934, 0.3304519992234418, 0.11291438690386713]","[0.2858370589295743, 0.5022594520028819, 0.1378123018075712, 0.0740911831404235]","[0.4636015295982361, 0.45019155740737915, 0.038314174860715866, 0.04789271950721741]",0.0
"{""run_name"": ""fedheart_exp_paper_hetagg_gdro"", ""seed"": 2024, ""run_dir"": ""runs/eta/fedheart_sm10_GroupDRO_s2024_f4"", ""use_fedheart"": true, ""num_classes"": 2, ""stratified_batching"": true, ""train_frac"": 0.8, ""group_max_train_samples"": [null, null, 20, 25], ""true_hetero_input_dim"": true, ""feature_mask"": [[0, 1, 2, 3, 5, 6, 7, 8, 9, 10], [0, 1, 2, 3, 5, 6, 11, 12], [0, 1, 2, 4, 5, 7, 11, 12], [0, 1, 2, 4, 5, 6, 8, 9, 10]], ""batch_size"": 64, ""num_workers"": 0, ""epochs"": 100, ""early_stopping_patience"": 30, ""lr"": 0.001, ""weight_decay"": 0.0001, ""optimizer"": ""adam"", ""grad_clip"": 1.0, ""lr_scheduler"": ""cosine"", ""lr_min"": 1e-05, ""latent_dim"": 64, ""head_hidden"": 32, ""groups"": [{""name"": ""cleveland"", ""encoder"": ""mlp_tabular_ln"", ""input_dim"": 10, ""hidden_dim"": 64, ""dropout"": 0.1}, {""name"": ""hungarian"", ""encoder"": ""mlp_tabular_ln"", ""input_dim"": 8, ""hidden_dim"": 64, ""dropout"": 0.1}, {""name"": ""switzerland"", ""encoder"": ""mlp_tabular_ln"", ""input_dim"": 8, ""hidden_dim"": 64, ""dropout"": 0.1}, {""name"": ""va_long_beach"", ""encoder"": ""mlp_tabular_ln"", ""input_dim"": 9, ""hidden_dim"": 64, ""dropout"": 0.1}], ""anchor_eps"": 0.0001, ""sep_samples_per_class"": 4, ""sep_method"": ""classifier"", ""sep_margin"": 1.0, ""lambda_fit"": 0.001, ""lambda_sep"": 0.001, ""groupdro_enabled"": true, ""groupdro_eta"": 10.0, ""groupdro_gamma"": 0.9, ""groupdro_update_mode"": ""softmax"", ""groupdro_objective"": ""weighted"", ""groupdro_kl_lambda"": 0.0, ""groupdro_uniform_init"": true, ""log_interval"": 20, ""save_every"": 10, ""impute_missing"": true, ""common_encoder"": false, ""use_regret"": false, ""data_split_seed"": 1004}","{""num_groups"": 4, ""num_classes"": 2, ""train_total"": 522, ""test_total"": 185, ""train_group_counts"": [242, 235, 20, 25], ""test_group_counts"": [61, 59, 25, 40], ""train_class_counts"": [286, 236], ""test_class_counts"": [83, 102], ""train_group_class_counts"": [[131, 111], [150, 85], [2, 18], [3, 22]], ""test_group_class_counts"": [[33, 28], [38, 21], [2, 23], [10, 30]], ""group_proportions"": [0.46360153256704983, 0.4501915708812261, 0.038314176245210725, 0.04789272030651341]}","{""num_groups"": 4, ""eta"": 10.0, ""update_mode"": ""softmax"", ""robust_objective"": ""weighted"", ""gamma"": 0.9, ""kl_lambda"": 0.0, ""initial_pi"": [0.4636015295982361, 0.45019155740737915, 0.038314174860715866, 0.04789271950721741]}",2026-09-15T18:57:37.598447,20,0.30495663988403976,0.875,0.001,0.7567567567567568,0.7805869686023895,0.6557377049180327,0.92,"[0.6557377049180327, 0.7966101694915254, 0.92, 0.75]","[0.6091134014127196, 0.5380874418227349, 0.456392516749911, 1.1459636919375042]","[0.6506024096385542, 0.8431372549019608]","[[0.6060606060606061, 0.7142857142857143], [0.8947368421052632, 0.6190476190476191], [0.0, 1.0], [0.0, 1.0]]","[61, 59, 25, 40]",0.7492545405258878,"[0.6557377049180327, 0.7671052631578947, 0.4791666666666667, 0.42857142857142855]",0.42857142857142855,1.1459636919375042,"[0.41328999400138855, 0.5492371916770935, 0.01790471374988556, 0.019568132236599922]","[0.3391310255974531, 0.35257595777511597, 0.4424608737172093, 0.11868327955016866]","[0.3301510410385249, 0.47176036983731434, 0.17683841101825237, 0.02125016506847271]","[0.4636015295982361, 0.45019155740737915, 0.038314174860715866, 0.04789271950721741]",0.0
"{""run_name"": ""fedheart_exp_paper_hetagg_gdro"", ""seed"": 2024, ""run_dir"": ""runs/eta/fedheart_sm10_GroupDRO_s2024_f4"", ""use_fedheart"": true, ""num_classes"": 2, ""stratified_batching"": true, ""train_frac"": 0.8, ""group_max_train_samples"": [null, null, 20, 25], ""true_hetero_input_dim"": true, ""feature_mask"": [[0, 1, 2, 3, 5, 6, 7, 8, 9, 10], [0, 1, 2, 3, 5, 6, 11, 12], [0, 1, 2, 4, 5, 7, 11, 12], [0, 1, 2, 4, 5, 6, 8, 9, 10]], ""batch_size"": 64, ""num_workers"": 0, ""epochs"": 100, ""early_stopping_patience"": 30, ""lr"": 0.001, ""weight_decay"": 0.0001, ""optimizer"": ""adam"", ""grad_clip"": 1.0, ""lr_scheduler"": ""cosine"", ""lr_min"": 1e-05, ""latent_dim"": 64, ""head_hidden"": 32, ""groups"": [{""name"": ""cleveland"", ""encoder"": ""mlp_tabular_ln"", ""input_dim"": 10, ""hidden_dim"": 64, ""dropout"": 0.1}, {""name"": ""hungarian"", ""encoder"": ""mlp_tabular_ln"", ""input_dim"": 8, ""hidden_dim"": 64, ""dropout"": 0.1}, {""name"": ""switzerland"", ""encoder"": ""mlp_tabular_ln"", ""input_dim"": 8, ""hidden_dim"": 64, ""dropout"": 0.1}, {""name"": ""va_long_beach"", ""encoder"": ""mlp_tabular_ln"", ""input_dim"": 9, ""hidden_dim"": 64, ""dropout"": 0.1}], ""anchor_eps"": 0.0001, ""sep_samples_per_class"": 4, ""sep_method"": ""classifier"", ""sep_margin"": 1.0, ""lambda_fit"": 0.001, ""lambda_sep"": 0.001, ""groupdro_enabled"": true, ""groupdro_eta"": 10.0, ""groupdro_gamma"": 0.9, ""groupdro_update_mode"": ""softmax"", ""groupdro_objective"": ""weighted"", ""groupdro_kl_lambda"": 0.0, ""groupdro_uniform_init"": true, ""log_interval"": 20, ""save_every"": 10, ""impute_missing"": true, ""common_encoder"": false, ""use_regret"": false, ""data_split_seed"": 1004}","{""num_groups"": 4, ""num_classes"": 2, ""train_total"": 522, ""test_total"": 185, ""train_group_counts"": [242, 235, 20, 25], ""test_group_counts"": [61, 59, 25, 40], ""train_class_counts"": [286, 236], ""test_class_counts"": [83, 102], ""train_group_class_counts"": [[131, 111], [150, 85], [2, 18], [3, 22]], ""test_group_class_counts"": [[33, 28], [38, 21], [2, 23], [10, 30]], ""group_proportions"": [0.46360153256704983, 0.4501915708812261, 0.038314176245210725, 0.04789272030651341]}","{""num_groups"": 4, ""eta"": 10.0, ""update_mode"": ""softmax"", ""robust_objective"": ""weighted"", ""gamma"": 0.9, ""kl_lambda"": 0.0, ""initial_pi"": [0.4636015295982361, 0.45019155740737915, 0.038314174860715866, 0.04789271950721741]}",2026-09-15T18:57:37.598447,21,0.32553494279272854,0.8671875,0.001,0.7621621621621621,0.7846853292581273,0.6721311475409836,0.92,"[0.6721311475409836, 0.7966101694915254, 0.92, 0.75]","[0.6039143013538885, 0.5623193976421983, 0.455081966673024, 1.1559248386882246]","[0.6626506024096386, 0.8431372549019608]","[[0.6363636363636364, 0.7142857142857143], [0.8947368421052632, 0.6190476190476191], [0.0, 1.0], [0.0, 1.0]]","[61, 59, 25, 40]",0.7552910052910053,"[0.6720430107526882, 0.7671052631578947, 0.4791666666666667, 0.42857142857142855]",0.42857142857142855,1.1559248386882246,"[0.27145975828170776, 0.6586683392524719, 0.022747933864593506, 0.04712390527129173]","[0.3446916937828064, 0.38909871503710747, 0.43924326515116263, 0.07416424865368754]","[0.386717354878784, 0.44391057826579194, 0.13519290933618322, 0.034179131558630775]","[0.4636015295982361, 0.45019155740737915, 0.038314174860715866, 0.04789271950721741]",0.0
"{""run_name"": ""fedheart_exp_paper_hetagg_gdro"", ""seed"": 2024, ""run_dir"": ""runs/eta/fedheart_sm10_GroupDRO_s2024_f4"", ""use_fedheart"": true, ""num_classes"": 2, ""stratified_batching"": true, ""train_frac"": 0.8, ""group_max_train_samples"": [null, null, 20, 25], ""true_hetero_input_dim"": true, ""feature_mask"": [[0, 1, 2, 3, 5, 6, 7, 8, 9, 10], [0, 1, 2, 3, 5, 6, 11, 12], [0, 1, 2, 4, 5, 7, 11, 12], [0, 1, 2, 4, 5, 6, 8, 9, 10]], ""batch_size"": 64, ""num_workers"": 0, ""epochs"": 100, ""early_stopping_patience"": 30, ""lr"": 0.001, ""weight_decay"": 0.0001, ""optimizer"": ""adam"", ""grad_clip"": 1.0, ""lr_scheduler"": ""cosine"", ""lr_min"": 1e-05, ""latent_dim"": 64, ""head_hidden"": 32, ""groups"": [{""name"": ""cleveland"", ""encoder"": ""mlp_tabular_ln"", ""input_dim"": 10, ""hidden_dim"": 64, ""dropout"": 0.1}, {""name"": ""hungarian"", ""encoder"": ""mlp_tabular_ln"", ""input_dim"": 8, ""hidden_dim"": 64, ""dropout"": 0.1}, {""name"": ""switzerland"", ""encoder"": ""mlp_tabular_ln"", ""input_dim"": 8, ""hidden_dim"": 64, ""dropout"": 0.1}, {""name"": ""va_long_beach"", ""encoder"": ""mlp_tabular_ln"", ""input_dim"": 9, ""hidden_dim"": 64, ""dropout"": 0.1}], ""anchor_eps"": 0.0001, ""sep_samples_per_class"": 4, ""sep_method"": ""classifier"", ""sep_margin"": 1.0, ""lambda_fit"": 0.001, ""lambda_sep"": 0.001, ""groupdro_enabled"": true, ""groupdro_eta"": 10.0, ""groupdro_gamma"": 0.9, ""groupdro_update_mode"": ""softmax"", ""groupdro_objective"": ""weighted"", ""groupdro_kl_lambda"": 0.0, ""groupdro_uniform_init"": true, ""log_interval"": 20, ""save_every"": 10, ""impute_missing"": true, ""common_encoder"": false, ""use_regret"": false, ""data_split_seed"": 1004}","{""num_groups"": 4, ""num_classes"": 2, ""train_total"": 522, ""test_total"": 185, ""train_group_counts"": [242, 235, 20, 25], ""test_group_counts"": [61, 59, 25, 40], ""train_class_counts"": [286, 236], ""test_class_counts"": [83, 102], ""train_group_class_counts"": [[131, 111], [150, 85], [2, 18], [3, 22]], ""test_group_class_counts"": [[33, 28], [38, 21], [2, 23], [10, 30]], ""group_proportions"": [0.46360153256704983, 0.4501915708812261, 0.038314176245210725, 0.04789272030651341]}","{""num_groups"": 4, ""eta"": 10.0, ""update_mode"": ""softmax"", ""robust_objective"": ""weighted"", ""gamma"": 0.9, ""kl_lambda"": 0.0, ""initial_pi"": [0.4636015295982361, 0.45019155740737915, 0.038314174860715866, 0.04789271950721741]}",2026-09-15T18:57:37.598447,22,0.3455309830605984,0.88671875,0.001,0.772972972972973,0.7928820505696027,0.7049180327868853,0.92,"[0.7049180327868853, 0.7966101694915254, 0.92, 0.75]","[0.6104289301686355, 0.5899709142997103, 0.4571694492874667, 1.1732917595218169]","[0.6987951807228916, 0.8333333333333334]","[[0.7272727272727273, 0.6785714285714286], [0.8947368421052632, 0.6190476190476191], [0.0, 1.0], [0.0, 1.0]]","[61, 59, 25, 40]",0.7680320038213518,"[0.702922077922078, 0.7671052631578947, 0.4791666666666667, 0.42857142857142855]",0.42857142857142855,1.1732917595218169,"[2.1537499605983612e-07, 1.4764884781470755e-06, 0.9999983310699463, 1.3254191522094061e-08]","[0.3163467664271593, 0.37591419741511345, 0.2670238806749694, 0.07747016253415495]","[0.33781291535789393, 0.4519418181580761, 0.16497149420320056, 0.04527377898706819]","[0.4636015295982361, 0.45019155740737915, 0.038314174860715866, 0.04789271950721741]",0.0
"{""run_name"": ""fedheart_exp_paper_hetagg_gdro"", ""seed"": 2024, ""run_dir"": ""runs/eta/fedheart_sm10_GroupDRO_s2024_f4"", ""use_fedheart"": true, ""num_classes"": 2, ""stratified_batching"": true, ""train_frac"": 0.8, ""group_max_train_samples"": [null, null, 20, 25], ""true_hetero_input_dim"": true, ""feature_mask"": [[0, 1, 2, 3, 5, 6, 7, 8, 9, 10], [0, 1, 2, 3, 5, 6, 11, 12], [0, 1, 2, 4, 5, 7, 11, 12], [0, 1, 2, 4, 5, 6, 8, 9, 10]], ""batch_size"": 64, ""num_workers"": 0, ""epochs"": 100, ""early_stopping_patience"": 30, ""lr"": 0.001, ""weight_decay"": 0.0001, ""optimizer"": ""adam"", ""grad_clip"": 1.0, ""lr_scheduler"": ""cosine"", ""lr_min"": 1e-05, ""latent_dim"": 64, ""head_hidden"": 32, ""groups"": [{""name"": ""cleveland"", ""encoder"": ""mlp_tabular_ln"", ""input_dim"": 10, ""hidden_dim"": 64, ""dropout"": 0.1}, {""name"": ""hungarian"", ""encoder"": ""mlp_tabular_ln"", ""input_dim"": 8, ""hidden_dim"": 64, ""dropout"": 0.1}, {""name"": ""switzerland"", ""encoder"": ""mlp_tabular_ln"", ""input_dim"": 8, ""hidden_dim"": 64, ""dropout"": 0.1}, {""name"": ""va_long_beach"", ""encoder"": ""mlp_tabular_ln"", ""input_dim"": 9, ""hidden_dim"": 64, ""dropout"": 0.1}], ""anchor_eps"": 0.0001, ""sep_samples_per_class"": 4, ""sep_method"": ""classifier"", ""sep_margin"": 1.0, ""lambda_fit"": 0.001, ""lambda_sep"": 0.001, ""groupdro_enabled"": true, ""groupdro_eta"": 10.0, ""groupdro_gamma"": 0.9, ""groupdro_update_mode"": ""softmax"", ""groupdro_objective"": ""weighted"", ""groupdro_kl_lambda"": 0.0, ""groupdro_uniform_init"": true, ""log_interval"": 20, ""save_every"": 10, ""impute_missing"": true, ""common_encoder"": false, ""use_regret"": false, ""data_split_seed"": 1004}","{""num_groups"": 4, ""num_classes"": 2, ""train_total"": 522, ""test_total"": 185, ""train_group_counts"": [242, 235, 20, 25], ""test_group_counts"": [61, 59, 25, 40], ""train_class_counts"": [286, 236], ""test_class_counts"": [83, 102], ""train_group_class_counts"": [[131, 111], [150, 85], [2, 18], [3, 22]], ""test_group_class_counts"": [[33, 28], [38, 21], [2, 23], [10, 30]], ""group_proportions"": [0.46360153256704983, 0.4501915708812261, 0.038314176245210725, 0.04789272030651341]}","{""num_groups"": 4, ""eta"": 10.0, ""update_mode"": ""softmax"", ""robust_objective"": ""weighted"", ""gamma"": 0.9, ""kl_lambda"": 0.0, ""initial_pi"": [0.4636015295982361, 0.45019155740737915, 0.038314174860715866, 0.04789271950721741]}",2026-09-15T18:57:37.598447,23,0.3005115296691656,0.865234375,0.001,0.772972972972973,0.7927431230897471,0.7213114754098361,0.92,"[0.7213114754098361, 0.7796610169491526, 0.92, 0.75]","[0.6318615254350617, 0.5692854650571184, 0.4495569608453661, 1.1994902461534367]","[0.6867469879518072, 0.8431372549019608]","[[0.7272727272727273, 0.7142857142857143], [0.868421052631579, 0.6190476190476191], [0.0, 1.0], [0.0, 1.0]]","[61, 59, 25, 40]",0.76725377426312,"[0.7201079622132254, 0.751054852320675, 0.4791666666666667, 0.42857142857142855]",0.42857142857142855,1.1994902461534367,"[0.3140549957752228, 0.6528207659721375, 0.012400367297232151, 0.020723817870020866]","[0.30525512993335724, 0.3925657197833061, 0.33623703541525174, 0.07117880717851222]","[0.2930783992775206, 0.5283333790527982, 0.15730192547198385, 0.021286289128332553]","[0.4636015295982361, 0.45019155740737915, 0.038314174860715866, 0.04789271950721741]",0.0
"{""run_name"": ""fedheart_exp_paper_hetagg_gdro"", ""seed"": 2024, ""run_dir"": ""runs/eta/fedheart_sm10_GroupDRO_s2024_f4"", ""use_fedheart"": true, ""num_classes"": 2, ""stratified_batching"": true, ""train_frac"": 0.8, ""group_max_train_samples"": [null, null, 20, 25], ""true_hetero_input_dim"": true, ""feature_mask"": [[0, 1, 2, 3, 5, 6, 7, 8, 9, 10], [0, 1, 2, 3, 5, 6, 11, 12], [0, 1, 2, 4, 5, 7, 11, 12], [0, 1, 2, 4, 5, 6, 8, 9, 10]], ""batch_size"": 64, ""num_workers"": 0, ""epochs"": 100, ""early_stopping_patience"": 30, ""lr"": 0.001, ""weight_decay"": 0.0001, ""optimizer"": ""adam"", ""grad_clip"": 1.0, ""lr_scheduler"": ""cosine"", ""lr_min"": 1e-05, ""latent_dim"": 64, ""head_hidden"": 32, ""groups"": [{""name"": ""cleveland"", ""encoder"": ""mlp_tabular_ln"", ""input_dim"": 10, ""hidden_dim"": 64, ""dropout"": 0.1}, {""name"": ""hungarian"", ""encoder"": ""mlp_tabular_ln"", ""input_dim"": 8, ""hidden_dim"": 64, ""dropout"": 0.1}, {""name"": ""switzerland"", ""encoder"": ""mlp_tabular_ln"", ""input_dim"": 8, ""hidden_dim"": 64, ""dropout"": 0.1}, {""name"": ""va_long_beach"", ""encoder"": ""mlp_tabular_ln"", ""input_dim"": 9, ""hidden_dim"": 64, ""dropout"": 0.1}], ""anchor_eps"": 0.0001, ""sep_samples_per_class"": 4, ""sep_method"": ""classifier"", ""sep_margin"": 1.0, ""lambda_fit"": 0.001, ""lambda_sep"": 0.001, ""groupdro_enabled"": true, ""groupdro_eta"": 10.0, ""groupdro_gamma"": 0.9, ""groupdro_update_mode"": ""softmax"", ""groupdro_objective"": ""weighted"", ""groupdro_kl_lambda"": 0.0, ""groupdro_uniform_init"": true, ""log_interval"": 20, ""save_every"": 10, ""impute_missing"": true, ""common_encoder"": false, ""use_regret"": false, ""data_split_seed"": 1004}","{""num_groups"": 4, ""num_classes"": 2, ""train_total"": 522, ""test_total"": 185, ""train_group_counts"": [242, 235, 20, 25], ""test_group_counts"": [61, 59, 25, 40], ""train_class_counts"": [286, 236], ""test_class_counts"": [83, 102], ""train_group_class_counts"": [[131, 111], [150, 85], [2, 18], [3, 22]], ""test_group_class_counts"": [[33, 28], [38, 21], [2, 23], [10, 30]], ""group_proportions"": [0.46360153256704983, 0.4501915708812261, 0.038314176245210725, 0.04789272030651341]}","{""num_groups"": 4, ""eta"": 10.0, ""update_mode"": ""softmax"", ""robust_objective"": ""weighted"", ""gamma"": 0.9, ""kl_lambda"": 0.0, ""initial_pi"": [0.4636015295982361, 0.45019155740737915, 0.038314174860715866, 0.04789271950721741]}",2026-09-15T18:57:37.598447,24,0.27484382735565305,0.873046875,0.001,0.772972972972973,0.7928820505696027,0.7049180327868853,0.92,"[0.7049180327868853, 0.7966101694915254, 0.92, 0.75]","[0.6488887513148003, 0.5725375391479771, 0.45054467047797514, 1.2271560379856965]","[0.6746987951807228, 0.8529411764705882]","[[0.6666666666666666, 0.75], [0.8947368421052632, 0.6190476190476191], [0.0, 1.0], [0.0, 1.0]]","[61, 59, 25, 40]",0.7664141414141413,"[0.7048387096774194, 0.7671052631578947, 0.4791666666666667, 0.42857142857142855]",0.42857142857142855,1.2271560379856965,"[0.2866359353065491, 0.6746029853820801, 0.020588787272572517, 0.01817230135202408]","[0.2948275934904814, 0.3657955639064312, 0.2854492435581051, 0.11210764534189366]","[0.24057523417061955, 0.495183357102988, 0.14103067392716184, 0.12321073031696093]","[0.4636015295982361, 0.45019155740737915, 0.038314174860715866, 0.04789271950721741]",0.0
"{""run_name"": ""fedheart_exp_paper_hetagg_gdro"", ""seed"": 2024, ""run_dir"": ""runs/eta/fedheart_sm10_GroupDRO_s2024_f4"", ""use_fedheart"": true, ""num_classes"": 2, ""stratified_batching"": true, ""train_frac"": 0.8, ""group_max_train_samples"": [null, null, 20, 25], ""true_hetero_input_dim"": true, ""feature_mask"": [[0, 1, 2, 3, 5, 6, 7, 8, 9, 10], [0, 1, 2, 3, 5, 6, 11, 12], [0, 1, 2, 4, 5, 7, 11, 12], [0, 1, 2, 4, 5, 6, 8, 9, 10]], ""batch_size"": 64, ""num_workers"": 0, ""epochs"": 100, ""early_stopping_patience"": 30, ""lr"": 0.001, ""weight_decay"": 0.0001, ""optimizer"": ""adam"", ""grad_clip"": 1.0, ""lr_scheduler"": ""cosine"", ""lr_min"": 1e-05, ""latent_dim"": 64, ""head_hidden"": 32, ""groups"": [{""name"": ""cleveland"", ""encoder"": ""mlp_tabular_ln"", ""input_dim"": 10, ""hidden_dim"": 64, ""dropout"": 0.1}, {""name"": ""hungarian"", ""encoder"": ""mlp_tabular_ln"", ""input_dim"": 8, ""hidden_dim"": 64, ""dropout"": 0.1}, {""name"": ""switzerland"", ""encoder"": ""mlp_tabular_ln"", ""input_dim"": 8, ""hidden_dim"": 64, ""dropout"": 0.1}, {""name"": ""va_long_beach"", ""encoder"": ""mlp_tabular_ln"", ""input_dim"": 9, ""hidden_dim"": 64, ""dropout"": 0.1}], ""anchor_eps"": 0.0001, ""sep_samples_per_class"": 4, ""sep_method"": ""classifier"", ""sep_margin"": 1.0, ""lambda_fit"": 0.001, ""lambda_sep"": 0.001, ""groupdro_enabled"": true, ""groupdro_eta"": 10.0, ""groupdro_gamma"": 0.9, ""groupdro_update_mode"": ""softmax"", ""groupdro_objective"": ""weighted"", ""groupdro_kl_lambda"": 0.0, ""groupdro_uniform_init"": true, ""log_interval"": 20, ""save_every"": 10, ""impute_missing"": true, ""common_encoder"": false, ""use_regret"": false, ""data_split_seed"": 1004}","{""num_groups"": 4, ""num_classes"": 2, ""train_total"": 522, ""test_total"": 185, ""train_group_counts"": [242, 235, 20, 25], ""test_group_counts"": [61, 59, 25, 40], ""train_class_counts"": [286, 236], ""test_class_counts"": [83, 102], ""train_group_class_counts"": [[131, 111], [150, 85], [2, 18], [3, 22]], ""test_group_class_counts"": [[33, 28], [38, 21], [2, 23], [10, 30]], ""group_proportions"": [0.46360153256704983, 0.4501915708812261, 0.038314176245210725, 0.04789272030651341]}","{""num_groups"": 4, ""eta"": 10.0, ""update_mode"": ""softmax"", ""robust_objective"": ""weighted"", ""gamma"": 0.9, ""kl_lambda"": 0.0, ""initial_pi"": [0.4636015295982361, 0.45019155740737915, 0.038314174860715866, 0.04789271950721741]}",2026-09-15T18:57:37.598447,25,0.3508436493575573,0.880859375,0.001,0.7675675675675676,0.7887836899138649,0.6885245901639344,0.92,"[0.6885245901639344, 0.7966101694915254, 0.92, 0.75]","[0.6571468374859847, 0.5732831751643601, 0.4579255174053833, 1.2633227423531934]","[0.6746987951807228, 0.8431372549019608]","[[0.6666666666666666, 0.7142857142857143], [0.8947368421052632, 0.6190476190476191], [0.0, 1.0], [0.0, 1.0]]","[61, 59, 25, 40]",0.7612903225806451,"[0.6881894000538068, 0.7671052631578947, 0.4791666666666667, 0.42857142857142855]",0.42857142857142855,1.2633227423531934,"[0.4455963969230652, 0.4259704053401947, 0.023389650508761406, 0.10504350066184998]","[0.31817744858562946, 0.36910722590982914, 0.03024386467586737, 0.05771433070185594]","[0.38615675549954176, 0.5541990213096142, 0.02533193485578522, 0.03431228213594295]","[0.4636015295982361, 0.45019155740737915, 0.038314174860715866, 0.04789271950721741]",0.0
"{""run_name"": ""fedheart_exp_paper_hetagg_gdro"", ""seed"": 2024, ""run_dir"": ""runs/eta/fedheart_sm10_GroupDRO_s2024_f4"", ""use_fedheart"": true, ""num_classes"": 2, ""stratified_batching"": true, ""train_frac"": 0.8, ""group_max_train_samples"": [null, null, 20, 25], ""true_hetero_input_dim"": true, ""feature_mask"": [[0, 1, 2, 3, 5, 6, 7, 8, 9, 10], [0, 1, 2, 3, 5, 6, 11, 12], [0, 1, 2, 4, 5, 7, 11, 12], [0, 1, 2, 4, 5, 6, 8, 9, 10]], ""batch_size"": 64, ""num_workers"": 0, ""epochs"": 100, ""early_stopping_patience"": 30, ""lr"": 0.001, ""weight_decay"": 0.0001, ""optimizer"": ""adam"", ""grad_clip"": 1.0, ""lr_scheduler"": ""cosine"", ""lr_min"": 1e-05, ""latent_dim"": 64, ""head_hidden"": 32, ""groups"": [{""name"": ""cleveland"", ""encoder"": ""mlp_tabular_ln"", ""input_dim"": 10, ""hidden_dim"": 64, ""dropout"": 0.1}, {""name"": ""hungarian"", ""encoder"": ""mlp_tabular_ln"", ""input_dim"": 8, ""hidden_dim"": 64, ""dropout"": 0.1}, {""name"": ""switzerland"", ""encoder"": ""mlp_tabular_ln"", ""input_dim"": 8, ""hidden_dim"": 64, ""dropout"": 0.1}, {""name"": ""va_long_beach"", ""encoder"": ""mlp_tabular_ln"", ""input_dim"": 9, ""hidden_dim"": 64, ""dropout"": 0.1}], ""anchor_eps"": 0.0001, ""sep_samples_per_class"": 4, ""sep_method"": ""classifier"", ""sep_margin"": 1.0, ""lambda_fit"": 0.001, ""lambda_sep"": 0.001, ""groupdro_enabled"": true, ""groupdro_eta"": 10.0, ""groupdro_gamma"": 0.9, ""groupdro_update_mode"": ""softmax"", ""groupdro_objective"": ""weighted"", ""groupdro_kl_lambda"": 0.0, ""groupdro_uniform_init"": true, ""log_interval"": 20, ""save_every"": 10, ""impute_missing"": true, ""common_encoder"": false, ""use_regret"": false, ""data_split_seed"": 1004}","{""num_groups"": 4, ""num_classes"": 2, ""train_total"": 522, ""test_total"": 185, ""train_group_counts"": [242, 235, 20, 25], ""test_group_counts"": [61, 59, 25, 40], ""train_class_counts"": [286, 236], ""test_class_counts"": [83, 102], ""train_group_class_counts"": [[131, 111], [150, 85], [2, 18], [3, 22]], ""test_group_class_counts"": [[33, 28], [38, 21], [2, 23], [10, 30]], ""group_proportions"": [0.46360153256704983, 0.4501915708812261, 0.038314176245210725, 0.04789272030651341]}","{""num_groups"": 4, ""eta"": 10.0, ""update_mode"": ""softmax"", ""robust_objective"": ""weighted"", ""gamma"": 0.9, ""kl_lambda"": 0.0, ""initial_pi"": [0.4636015295982361, 0.45019155740737915, 0.038314174860715866, 0.04789271950721741]}",2026-09-15T18:57:37.598447,26,0.26927454420365393,0.87890625,0.001,0.7621621621621621,0.7845464017782717,0.6885245901639344,0.92,"[0.6885245901639344, 0.7796610169491526, 0.92, 0.75]","[0.6441895454419685, 0.5862343007130391, 0.4524579134746455, 1.2792606058937963]","[0.6746987951807228, 0.8333333333333334]","[[0.696969696969697, 0.6785714285714286], [0.868421052631579, 0.6190476190476191], [0.0, 1.0], [0.0, 1.0]]","[61, 59, 25, 40]",0.7561706206566019,"[0.6871794871794872, 0.751054852320675, 0.4791666666666667, 0.42857142857142855]",0.42857142857142855,1.2792606058937963,"[0.3832237720489502, 0.5719653367996216, 0.020741773769259453, 0.024069175124168396]","[0.28949819318950176, 0.35810153745114803, 0.2500381814170396, 0.06545973883476108]","[0.2902151357216036, 0.5232690284191897, 0.14628604904282838, 0.040229798689258245]","[0.4636015295982361, 0.45019155740737915, 0.038314174860715866, 0.04789271950721741]",0.0
"{""run_name"": ""fedheart_exp_paper_hetagg_gdro"", ""seed"": 2024, ""run_dir"": ""runs/eta/fedheart_sm10_GroupDRO_s2024_f4"", ""use_fedheart"": true, ""num_classes"": 2, ""stratified_batching"": true, ""train_frac"": 0.8, ""group_max_train_samples"": [null, null, 20, 25], ""true_hetero_input_dim"": true, ""feature_mask"": [[0, 1, 2, 3, 5, 6, 7, 8, 9, 10], [0, 1, 2, 3, 5, 6, 11, 12], [0, 1, 2, 4, 5, 7, 11, 12], [0, 1, 2, 4, 5, 6, 8, 9, 10]], ""batch_size"": 64, ""num_workers"": 0, ""epochs"": 100, ""early_stopping_patience"": 30, ""lr"": 0.001, ""weight_decay"": 0.0001, ""optimizer"": ""adam"", ""grad_clip"": 1.0, ""lr_scheduler"": ""cosine"", ""lr_min"": 1e-05, ""latent_dim"": 64, ""head_hidden"": 32, ""groups"": [{""name"": ""cleveland"", ""encoder"": ""mlp_tabular_ln"", ""input_dim"": 10, ""hidden_dim"": 64, ""dropout"": 0.1}, {""name"": ""hungarian"", ""encoder"": ""mlp_tabular_ln"", ""input_dim"": 8, ""hidden_dim"": 64, ""dropout"": 0.1}, {""name"": ""switzerland"", ""encoder"": ""mlp_tabular_ln"", ""input_dim"": 8, ""hidden_dim"": 64, ""dropout"": 0.1}, {""name"": ""va_long_beach"", ""encoder"": ""mlp_tabular_ln"", ""input_dim"": 9, ""hidden_dim"": 64, ""dropout"": 0.1}], ""anchor_eps"": 0.0001, ""sep_samples_per_class"": 4, ""sep_method"": ""classifier"", ""sep_margin"": 1.0, ""lambda_fit"": 0.001, ""lambda_sep"": 0.001, ""groupdro_enabled"": true, ""groupdro_eta"": 10.0, ""groupdro_gamma"": 0.9, ""groupdro_update_mode"": ""softmax"", ""groupdro_objective"": ""weighted"", ""groupdro_kl_lambda"": 0.0, ""groupdro_uniform_init"": true, ""log_interval"": 20, ""save_every"": 10, ""impute_missing"": true, ""common_encoder"": false, ""use_regret"": false, ""data_split_seed"": 1004}","{""num_groups"": 4, ""num_classes"": 2, ""train_total"": 522, ""test_total"": 185, ""train_group_counts"": [242, 235, 20, 25], ""test_group_counts"": [61, 59, 25, 40], ""train_class_counts"": [286, 236], ""test_class_counts"": [83, 102], ""train_group_class_counts"": [[131, 111], [150, 85], [2, 18], [3, 22]], ""test_group_class_counts"": [[33, 28], [38, 21], [2, 23], [10, 30]], ""group_proportions"": [0.46360153256704983, 0.4501915708812261, 0.038314176245210725, 0.04789272030651341]}","{""num_groups"": 4, ""eta"": 10.0, ""update_mode"": ""softmax"", ""robust_objective"": ""weighted"", ""gamma"": 0.9, ""kl_lambda"": 0.0, ""initial_pi"": [0.4636015295982361, 0.45019155740737915, 0.038314174860715866, 0.04789271950721741]}",2026-09-15T18:57:37.598447,27,0.31215266115032136,0.884765625,0.001,0.772972972972973,0.7927431230897471,0.7213114754098361,0.92,"[0.7213114754098361, 0.7796610169491526, 0.92, 0.75]","[0.6174271922772292, 0.6009297659620643, 0.4547549840412103, 1.3034822280227671]","[0.6746987951807228, 0.8529411764705882]","[[0.696969696969697, 0.75], [0.868421052631579, 0.6190476190476191], [0.0, 1.0], [0.0, 1.0]]","[61, 59, 25, 40]",0.7664141414141413,"[0.7210115684691957, 0.751054852320675, 0.4791666666666667, 0.42857142857142855]",0.42857142857142855,1.3034822280227671,"[0.13215218484401703, 0.8276107311248779, 0.02590472437441349, 0.014332269318401814]","[0.3085393412038684, 0.35789631120860577, 0.34232018860348035, 0.057559587177820504]","[0.31739814766949326, 0.5223367288762288, 0.14208073820918798, 0.018184375286457978]","[0.4636015295982361, 0.45019155740737915, 0.038314174860715866, 0.04789271950721741]",0.0
"{""run_name"": ""fedheart_exp_paper_hetagg_gdro"", ""seed"": 2024, ""run_dir"": ""runs/eta/fedheart_sm10_GroupDRO_s2024_f4"", ""use_fedheart"": true, ""num_classes"": 2, ""stratified_batching"": true, ""train_frac"": 0.8, ""group_max_train_samples"": [null, null, 20, 25], ""true_hetero_input_dim"": true, ""feature_mask"": [[0, 1, 2, 3, 5, 6, 7, 8, 9, 10], [0, 1, 2, 3, 5, 6, 11, 12], [0, 1, 2, 4, 5, 7, 11, 12], [0, 1, 2, 4, 5, 6, 8, 9, 10]], ""batch_size"": 64, ""num_workers"": 0, ""epochs"": 100, ""early_stopping_patience"": 30, ""lr"": 0.001, ""weight_decay"": 0.0001, ""optimizer"": ""adam"", ""grad_clip"": 1.0, ""lr_scheduler"": ""cosine"", ""lr_min"": 1e-05, ""latent_dim"": 64, ""head_hidden"": 32, ""groups"": [{""name"": ""cleveland"", ""encoder"": ""mlp_tabular_ln"", ""input_dim"": 10, ""hidden_dim"": 64, ""dropout"": 0.1}, {""name"": ""hungarian"", ""encoder"": ""mlp_tabular_ln"", ""input_dim"": 8, ""hidden_dim"": 64, ""dropout"": 0.1}, {""name"": ""switzerland"", ""encoder"": ""mlp_tabular_ln"", ""input_dim"": 8, ""hidden_dim"": 64, ""dropout"": 0.1}, {""name"": ""va_long_beach"", ""encoder"": ""mlp_tabular_ln"", ""input_dim"": 9, ""hidden_dim"": 64, ""dropout"": 0.1}], ""anchor_eps"": 0.0001, ""sep_samples_per_class"": 4, ""sep_method"": ""classifier"", ""sep_margin"": 1.0, ""lambda_fit"": 0.001, ""lambda_sep"": 0.001, ""groupdro_enabled"": true, ""groupdro_eta"": 10.0, ""groupdro_gamma"": 0.9, ""groupdro_update_mode"": ""softmax"", ""groupdro_objective"": ""weighted"", ""groupdro_kl_lambda"": 0.0, ""groupdro_uniform_init"": true, ""log_interval"": 20, ""save_every"": 10, ""impute_missing"": true, ""common_encoder"": false, ""use_regret"": false, ""data_split_seed"": 1004}","{""num_groups"": 4, ""num_classes"": 2, ""train_total"": 522, ""test_total"": 185, ""train_group_counts"": [242, 235, 20, 25], ""test_group_counts"": [61, 59, 25, 40], ""train_class_counts"": [286, 236], ""test_class_counts"": [83, 102], ""train_group_class_counts"": [[131, 111], [150, 85], [2, 18], [3, 22]], ""test_group_class_counts"": [[33, 28], [38, 21], [2, 23], [10, 30]], ""group_proportions"": [0.46360153256704983, 0.4501915708812261, 0.038314176245210725, 0.04789272030651341]}","{""num_groups"": 4, ""eta"": 10.0, ""update_mode"": ""softmax"", ""robust_objective"": ""weighted"", ""gamma"": 0.9, ""kl_lambda"": 0.0, ""initial_pi"": [0.4636015295982361, 0.45019155740737915, 0.038314174860715866, 0.04789271950721741]}",2026-09-15T18:57:37.598447,28,0.26093021873384714,0.888671875,0.001,0.7675675675675676,0.7886447624340095,0.7049180327868853,0.92,"[0.7049180327868853, 0.7796610169491526, 0.92, 0.75]","[0.6202704584546631, 0.601925701423848, 0.4569326018798165, 1.319312840315979]","[0.6746987951807228, 0.8431372549019608]","[[0.696969696969697, 0.7142857142857143], [0.868421052631579, 0.6190476190476191], [0.0, 1.0], [0.0, 1.0]]","[61, 59, 25, 40]",0.7612903225806451,"[0.7042025862068966, 0.751054852320675, 0.4791666666666667, 0.42857142857142855]",0.42857142857142855,1.319312840315979,"[0.7086594104766846, 0.21638144552707672, 0.016539542004466057, 0.058419592678546906]","[0.27515335381031036, 0.33683775924146175, 0.16605688851268496, 0.053574965277221054]","[0.2849619513071957, 0.5088376072344545, 0.1770110921934247, 0.029189351722379797]","[0.4636015295982361, 0.45019155740737915, 0.038314174860715866, 0.04789271950721741]",0.0
"{""run_name"": ""fedheart_exp_paper_hetagg_gdro"", ""seed"": 2024, ""run_dir"": ""runs/eta/fedheart_sm10_GroupDRO_s2024_f4"", ""use_fedheart"": true, ""num_classes"": 2, ""stratified_batching"": true, ""train_frac"": 0.8, ""group_max_train_samples"": [null, null, 20, 25], ""true_hetero_input_dim"": true, ""feature_mask"": [[0, 1, 2, 3, 5, 6, 7, 8, 9, 10], [0, 1, 2, 3, 5, 6, 11, 12], [0, 1, 2, 4, 5, 7, 11, 12], [0, 1, 2, 4, 5, 6, 8, 9, 10]], ""batch_size"": 64, ""num_workers"": 0, ""epochs"": 100, ""early_stopping_patience"": 30, ""lr"": 0.001, ""weight_decay"": 0.0001, ""optimizer"": ""adam"", ""grad_clip"": 1.0, ""lr_scheduler"": ""cosine"", ""lr_min"": 1e-05, ""latent_dim"": 64, ""head_hidden"": 32, ""groups"": [{""name"": ""cleveland"", ""encoder"": ""mlp_tabular_ln"", ""input_dim"": 10, ""hidden_dim"": 64, ""dropout"": 0.1}, {""name"": ""hungarian"", ""encoder"": ""mlp_tabular_ln"", ""input_dim"": 8, ""hidden_dim"": 64, ""dropout"": 0.1}, {""name"": ""switzerland"", ""encoder"": ""mlp_tabular_ln"", ""input_dim"": 8, ""hidden_dim"": 64, ""dropout"": 0.1}, {""name"": ""va_long_beach"", ""encoder"": ""mlp_tabular_ln"", ""input_dim"": 9, ""hidden_dim"": 64, ""dropout"": 0.1}], ""anchor_eps"": 0.0001, ""sep_samples_per_class"": 4, ""sep_method"": ""classifier"", ""sep_margin"": 1.0, ""lambda_fit"": 0.001, ""lambda_sep"": 0.001, ""groupdro_enabled"": true, ""groupdro_eta"": 10.0, ""groupdro_gamma"": 0.9, ""groupdro_update_mode"": ""softmax"", ""groupdro_objective"": ""weighted"", ""groupdro_kl_lambda"": 0.0, ""groupdro_uniform_init"": true, ""log_interval"": 20, ""save_every"": 10, ""impute_missing"": true, ""common_encoder"": false, ""use_regret"": false, ""data_split_seed"": 1004}","{""num_groups"": 4, ""num_classes"": 2, ""train_total"": 522, ""test_total"": 185, ""train_group_counts"": [242, 235, 20, 25], ""test_group_counts"": [61, 59, 25, 40], ""train_class_counts"": [286, 236], ""test_class_counts"": [83, 102], ""train_group_class_counts"": [[131, 111], [150, 85], [2, 18], [3, 22]], ""test_group_class_counts"": [[33, 28], [38, 21], [2, 23], [10, 30]], ""group_proportions"": [0.46360153256704983, 0.4501915708812261, 0.038314176245210725, 0.04789272030651341]}","{""num_groups"": 4, ""eta"": 10.0, ""update_mode"": ""softmax"", ""robust_objective"": ""weighted"", ""gamma"": 0.9, ""kl_lambda"": 0.0, ""initial_pi"": [0.4636015295982361, 0.45019155740737915, 0.038314174860715866, 0.04789271950721741]}",2026-09-15T18:57:37.598447,29,0.30080265924334526,0.892578125,0.001,0.7675675675675676,0.7886447624340095,0.7049180327868853,0.92,"[0.7049180327868853, 0.7796610169491526, 0.92, 0.75]","[0.6409512308472004, 0.6072643657325435, 0.46135452892049217, 1.3343617029720918]","[0.6867469879518072, 0.8333333333333334]","[[0.7272727272727273, 0.6785714285714286], [0.868421052631579, 0.6190476190476191], [0.0, 1.0], [0.0, 1.0]]","[61, 59, 25, 40]",0.7621183577046142,"[0.702922077922078, 0.751054852320675, 0.4791666666666667, 0.42857142857142855]",0.42857142857142855,1.3343617029720918,"[0.21900874376296997, 0.7141517400741577, 0.031018024310469627, 0.03582143783569336]","[0.25641947239637375, 0.3335926216095686, 0.00950392778031528, 0.03633532361709513]","[0.364037319784984, 0.5717285685241222, 0.02710583302541636, 0.037128249707166106]","[0.4636015295982361, 0.45019155740737915, 0.038314174860715866, 0.04789271950721741]",0.0
"{""run_name"": ""fedheart_exp_paper_hetagg_gdro"", ""seed"": 2024, ""run_dir"": ""runs/eta/fedheart_sm10_GroupDRO_s2024_f4"", ""use_fedheart"": true, ""num_classes"": 2, ""stratified_batching"": true, ""train_frac"": 0.8, ""group_max_train_samples"": [null, null, 20, 25], ""true_hetero_input_dim"": true, ""feature_mask"": [[0, 1, 2, 3, 5, 6, 7, 8, 9, 10], [0, 1, 2, 3, 5, 6, 11, 12], [0, 1, 2, 4, 5, 7, 11, 12], [0, 1, 2, 4, 5, 6, 8, 9, 10]], ""batch_size"": 64, ""num_workers"": 0, ""epochs"": 100, ""early_stopping_patience"": 30, ""lr"": 0.001, ""weight_decay"": 0.0001, ""optimizer"": ""adam"", ""grad_clip"": 1.0, ""lr_scheduler"": ""cosine"", ""lr_min"": 1e-05, ""latent_dim"": 64, ""head_hidden"": 32, ""groups"": [{""name"": ""cleveland"", ""encoder"": ""mlp_tabular_ln"", ""input_dim"": 10, ""hidden_dim"": 64, ""dropout"": 0.1}, {""name"": ""hungarian"", ""encoder"": ""mlp_tabular_ln"", ""input_dim"": 8, ""hidden_dim"": 64, ""dropout"": 0.1}, {""name"": ""switzerland"", ""encoder"": ""mlp_tabular_ln"", ""input_dim"": 8, ""hidden_dim"": 64, ""dropout"": 0.1}, {""name"": ""va_long_beach"", ""encoder"": ""mlp_tabular_ln"", ""input_dim"": 9, ""hidden_dim"": 64, ""dropout"": 0.1}], ""anchor_eps"": 0.0001, ""sep_samples_per_class"": 4, ""sep_method"": ""classifier"", ""sep_margin"": 1.0, ""lambda_fit"": 0.001, ""lambda_sep"": 0.001, ""groupdro_enabled"": true, ""groupdro_eta"": 10.0, ""groupdro_gamma"": 0.9, ""groupdro_update_mode"": ""softmax"", ""groupdro_objective"": ""weighted"", ""groupdro_kl_lambda"": 0.0, ""groupdro_uniform_init"": true, ""log_interval"": 20, ""save_every"": 10, ""impute_missing"": true, ""common_encoder"": false, ""use_regret"": false, ""data_split_seed"": 1004}","{""num_groups"": 4, ""num_classes"": 2, ""train_total"": 522, ""test_total"": 185, ""train_group_counts"": [242, 235, 20, 25], ""test_group_counts"": [61, 59, 25, 40], ""train_class_counts"": [286, 236], ""test_class_counts"": [83, 102], ""train_group_class_counts"": [[131, 111], [150, 85], [2, 18], [3, 22]], ""test_group_class_counts"": [[33, 28], [38, 21], [2, 23], [10, 30]], ""group_proportions"": [0.46360153256704983, 0.4501915708812261, 0.038314176245210725, 0.04789272030651341]}","{""num_groups"": 4, ""eta"": 10.0, ""update_mode"": ""softmax"", ""robust_objective"": ""weighted"", ""gamma"": 0.9, ""kl_lambda"": 0.0, ""initial_pi"": [0.4636015295982361, 0.45019155740737915, 0.038314174860715866, 0.04789271950721741]}",2026-09-15T18:57:37.598447,30,0.2482962713111192,0.890625,0.001,0.7837837837837838,0.7989271325368158,0.725,0.92,"[0.7540983606557377, 0.7966101694915254, 0.92, 0.725]","[0.6760114224467304, 0.6201658454897293, 0.4675828971317969, 1.368335919889796]","[0.6987951807228916, 0.8529411764705882]","[[0.7272727272727273, 0.7857142857142857], [0.8947368421052632, 0.6190476190476191], [0.0, 1.0], [0.0, 0.9666666666666667]]","[61, 59, 25, 40]",0.7783369278696382,"[0.7538337368845844, 0.7671052631578947, 0.4791666666666667, 0.42028985507246375]",0.42028985507246375,1.368335919889796,"[0.015286225825548172, 0.9793807864189148, 0.002095094881951809, 0.0032378165051341057]","[0.27206496708095074, 0.3415952492505312, 0.1667997604381526, 0.05101255647605285]","[0.3147021916875019, 0.512954221569089, 0.14316227578092366, 0.029181290133692528]","[0.4636015295982361, 0.45019155740737915, 0.038314174860715866, 0.04789271950721741]",0.0
"{""run_name"": ""fedheart_exp_paper_hetagg_gdro"", ""seed"": 2024, ""run_dir"": ""runs/eta/fedheart_sm10_GroupDRO_s2024_f4"", ""use_fedheart"": true, ""num_classes"": 2, ""stratified_batching"": true, ""train_frac"": 0.8, ""group_max_train_samples"": [null, null, 20, 25], ""true_hetero_input_dim"": true, ""feature_mask"": [[0, 1, 2, 3, 5, 6, 7, 8, 9, 10], [0, 1, 2, 3, 5, 6, 11, 12], [0, 1, 2, 4, 5, 7, 11, 12], [0, 1, 2, 4, 5, 6, 8, 9, 10]], ""batch_size"": 64, ""num_workers"": 0, ""epochs"": 100, ""early_stopping_patience"": 30, ""lr"": 0.001, ""weight_decay"": 0.0001, ""optimizer"": ""adam"", ""grad_clip"": 1.0, ""lr_scheduler"": ""cosine"", ""lr_min"": 1e-05, ""latent_dim"": 64, ""head_hidden"": 32, ""groups"": [{""name"": ""cleveland"", ""encoder"": ""mlp_tabular_ln"", ""input_dim"": 10, ""hidden_dim"": 64, ""dropout"": 0.1}, {""name"": ""hungarian"", ""encoder"": ""mlp_tabular_ln"", ""input_dim"": 8, ""hidden_dim"": 64, ""dropout"": 0.1}, {""name"": ""switzerland"", ""encoder"": ""mlp_tabular_ln"", ""input_dim"": 8, ""hidden_dim"": 64, ""dropout"": 0.1}, {""name"": ""va_long_beach"", ""encoder"": ""mlp_tabular_ln"", ""input_dim"": 9, ""hidden_dim"": 64, ""dropout"": 0.1}], ""anchor_eps"": 0.0001, ""sep_samples_per_class"": 4, ""sep_method"": ""classifier"", ""sep_margin"": 1.0, ""lambda_fit"": 0.001, ""lambda_sep"": 0.001, ""groupdro_enabled"": true, ""groupdro_eta"": 10.0, ""groupdro_gamma"": 0.9, ""groupdro_update_mode"": ""softmax"", ""groupdro_objective"": ""weighted"", ""groupdro_kl_lambda"": 0.0, ""groupdro_uniform_init"": true, ""log_interval"": 20, ""save_every"": 10, ""impute_missing"": true, ""common_encoder"": false, ""use_regret"": false, ""data_split_seed"": 1004}","{""num_groups"": 4, ""num_classes"": 2, ""train_total"": 522, ""test_total"": 185, ""train_group_counts"": [242, 235, 20, 25], ""test_group_counts"": [61, 59, 25, 40], ""train_class_counts"": [286, 236], ""test_class_counts"": [83, 102], ""train_group_class_counts"": [[131, 111], [150, 85], [2, 18], [3, 22]], ""test_group_class_counts"": [[33, 28], [38, 21], [2, 23], [10, 30]], ""group_proportions"": [0.46360153256704983, 0.4501915708812261, 0.038314176245210725, 0.04789272030651341]}","{""num_groups"": 4, ""eta"": 10.0, ""update_mode"": ""softmax"", ""robust_objective"": ""weighted"", ""gamma"": 0.9, ""kl_lambda"": 0.0, ""initial_pi"": [0.4636015295982361, 0.45019155740737915, 0.038314174860715866, 0.04789271950721741]}",2026-09-15T18:57:37.598447,31,0.32214880222454667,0.869140625,0.001,0.7783783783783784,0.794828771881078,0.725,0.92,"[0.7377049180327869, 0.7966101694915254, 0.92, 0.725]","[0.6703202674302776, 0.637932414244229, 0.44484097375767306, 1.376044200634351]","[0.6987951807228916, 0.8431372549019608]","[[0.7272727272727273, 0.75], [0.8947368421052632, 0.6190476190476191], [0.0, 1.0], [0.0, 0.9666666666666667]]","[61, 59, 25, 40]",0.7731826201369576,"[0.7370689655172413, 0.7671052631578947, 0.4791666666666667, 0.42028985507246375]",0.42028985507246375,1.376044200634351,"[0.7308467626571655, 0.2573557198047638, 0.008108995854854584, 0.0036885428708046675]","[0.2807404203340411, 0.373670706525445, 0.2732591087988112, 0.05461877165362239]","[0.3174665755372368, 0.4974077443818272, 0.14340811510919593, 0.041717572702756486]","[0.4636015295982361, 0.45019155740737915, 0.038314174860715866, 0.04789271950721741]",0.0
"{""run_name"": ""fedheart_exp_paper_hetagg_gdro"", ""seed"": 2024, ""run_dir"": ""runs/eta/fedheart_sm10_GroupDRO_s2024_f4"", ""use_fedheart"": true, ""num_classes"": 2, ""stratified_batching"": true, ""train_frac"": 0.8, ""group_max_train_samples"": [null, null, 20, 25], ""true_hetero_input_dim"": true, ""feature_mask"": [[0, 1, 2, 3, 5, 6, 7, 8, 9, 10], [0, 1, 2, 3, 5, 6, 11, 12], [0, 1, 2, 4, 5, 7, 11, 12], [0, 1, 2, 4, 5, 6, 8, 9, 10]], ""batch_size"": 64, ""num_workers"": 0, ""epochs"": 100, ""early_stopping_patience"": 30, ""lr"": 0.001, ""weight_decay"": 0.0001, ""optimizer"": ""adam"", ""grad_clip"": 1.0, ""lr_scheduler"": ""cosine"", ""lr_min"": 1e-05, ""latent_dim"": 64, ""head_hidden"": 32, ""groups"": [{""name"": ""cleveland"", ""encoder"": ""mlp_tabular_ln"", ""input_dim"": 10, ""hidden_dim"": 64, ""dropout"": 0.1}, {""name"": ""hungarian"", ""encoder"": ""mlp_tabular_ln"", ""input_dim"": 8, ""hidden_dim"": 64, ""dropout"": 0.1}, {""name"": ""switzerland"", ""encoder"": ""mlp_tabular_ln"", ""input_dim"": 8, ""hidden_dim"": 64, ""dropout"": 0.1}, {""name"": ""va_long_beach"", ""encoder"": ""mlp_tabular_ln"", ""input_dim"": 9, ""hidden_dim"": 64, ""dropout"": 0.1}], ""anchor_eps"": 0.0001, ""sep_samples_per_class"": 4, ""sep_method"": ""classifier"", ""sep_margin"": 1.0, ""lambda_fit"": 0.001, ""lambda_sep"": 0.001, ""groupdro_enabled"": true, ""groupdro_eta"": 10.0, ""groupdro_gamma"": 0.9, ""groupdro_update_mode"": ""softmax"", ""groupdro_objective"": ""weighted"", ""groupdro_kl_lambda"": 0.0, ""groupdro_uniform_init"": true, ""log_interval"": 20, ""save_every"": 10, ""impute_missing"": true, ""common_encoder"": false, ""use_regret"": false, ""data_split_seed"": 1004}","{""num_groups"": 4, ""num_classes"": 2, ""train_total"": 522, ""test_total"": 185, ""train_group_counts"": [242, 235, 20, 25], ""test_group_counts"": [61, 59, 25, 40], ""train_class_counts"": [286, 236], ""test_class_counts"": [83, 102], ""train_group_class_counts"": [[131, 111], [150, 85], [2, 18], [3, 22]], ""test_group_class_counts"": [[33, 28], [38, 21], [2, 23], [10, 30]], ""group_proportions"": [0.46360153256704983, 0.4501915708812261, 0.038314176245210725, 0.04789272030651341]}","{""num_groups"": 4, ""eta"": 10.0, ""update_mode"": ""softmax"", ""robust_objective"": ""weighted"", ""gamma"": 0.9, ""kl_lambda"": 0.0, ""initial_pi"": [0.4636015295982361, 0.45019155740737915, 0.038314174860715866, 0.04789271950721741]}",2026-09-15T18:57:37.598447,32,0.27060171216726303,0.880859375,0.001,0.7567567567567568,0.772533689913865,0.6885245901639344,0.88,"[0.6885245901639344, 0.7966101694915254, 0.88, 0.725]","[0.6747174975500427, 0.6421470859687839, 0.45208307820372284, 1.362422171686194]","[0.7228915662650602, 0.7843137254901961]","[[0.7878787878787878, 0.5714285714285714], [0.8947368421052632, 0.6190476190476191], [0.0, 0.9565217391304348], [0.0, 0.9666666666666667]]","[61, 59, 25, 40]",0.753880266075388,"[0.6799226732946699, 0.7671052631578947, 0.4680851063829787, 0.42028985507246375]",0.42028985507246375,1.362422171686194,"[0.12159949541091919, 0.8507459163665771, 0.014225242659449577, 0.013429384678602219]","[0.2828142922371626, 0.3357975333929062, 0.16673876425920753, 0.07441762520466]","[0.258513435786881, 0.49439989396341844, 0.15008939607650973, 0.09699725937707626]","[0.4636015295982361, 0.45019155740737915, 0.038314174860715866, 0.04789271950721741]",0.0
"{""run_name"": ""fedheart_exp_paper_hetagg_gdro"", ""seed"": 2024, ""run_dir"": ""runs/eta/fedheart_sm10_GroupDRO_s2024_f4"", ""use_fedheart"": true, ""num_classes"": 2, ""stratified_batching"": true, ""train_frac"": 0.8, ""group_max_train_samples"": [null, null, 20, 25], ""true_hetero_input_dim"": true, ""feature_mask"": [[0, 1, 2, 3, 5, 6, 7, 8, 9, 10], [0, 1, 2, 3, 5, 6, 11, 12], [0, 1, 2, 4, 5, 7, 11, 12], [0, 1, 2, 4, 5, 6, 8, 9, 10]], ""batch_size"": 64, ""num_workers"": 0, ""epochs"": 100, ""early_stopping_patience"": 30, ""lr"": 0.001, ""weight_decay"": 0.0001, ""optimizer"": ""adam"", ""grad_clip"": 1.0, ""lr_scheduler"": ""cosine"", ""lr_min"": 1e-05, ""latent_dim"": 64, ""head_hidden"": 32, ""groups"": [{""name"": ""cleveland"", ""encoder"": ""mlp_tabular_ln"", ""input_dim"": 10, ""hidden_dim"": 64, ""dropout"": 0.1}, {""name"": ""hungarian"", ""encoder"": ""mlp_tabular_ln"", ""input_dim"": 8, ""hidden_dim"": 64, ""dropout"": 0.1}, {""name"": ""switzerland"", ""encoder"": ""mlp_tabular_ln"", ""input_dim"": 8, ""hidden_dim"": 64, ""dropout"": 0.1}, {""name"": ""va_long_beach"", ""encoder"": ""mlp_tabular_ln"", ""input_dim"": 9, ""hidden_dim"": 64, ""dropout"": 0.1}], ""anchor_eps"": 0.0001, ""sep_samples_per_class"": 4, ""sep_method"": ""classifier"", ""sep_margin"": 1.0, ""lambda_fit"": 0.001, ""lambda_sep"": 0.001, ""groupdro_enabled"": true, ""groupdro_eta"": 10.0, ""groupdro_gamma"": 0.9, ""groupdro_update_mode"": ""softmax"", ""groupdro_objective"": ""weighted"", ""groupdro_kl_lambda"": 0.0, ""groupdro_uniform_init"": true, ""log_interval"": 20, ""save_every"": 10, ""impute_missing"": true, ""common_encoder"": false, ""use_regret"": false, ""data_split_seed"": 1004}","{""num_groups"": 4, ""num_classes"": 2, ""train_total"": 522, ""test_total"": 185, ""train_group_counts"": [242, 235, 20, 25], ""test_group_counts"": [61, 59, 25, 40], ""train_class_counts"": [286, 236], ""test_class_counts"": [83, 102], ""train_group_class_counts"": [[131, 111], [150, 85], [2, 18], [3, 22]], ""test_group_class_counts"": [[33, 28], [38, 21], [2, 23], [10, 30]], ""group_proportions"": [0.46360153256704983, 0.4501915708812261, 0.038314176245210725, 0.04789272030651341]}","{""num_groups"": 4, ""eta"": 10.0, ""update_mode"": ""softmax"", ""robust_objective"": ""weighted"", ""gamma"": 0.9, ""kl_lambda"": 0.0, ""initial_pi"": [0.4636015295982361, 0.45019155740737915, 0.038314174860715866, 0.04789271950721741]}",2026-09-15T18:57:37.598447,33,0.3125737104564905,0.89453125,0.001,0.7567567567567568,0.7664931230897472,0.7213114754098361,0.84,"[0.7213114754098361, 0.7796610169491526, 0.84, 0.725]","[0.6337554493583129, 0.6086781866911609, 0.46664800341008233, 1.375184518167225]","[0.6987951807228916, 0.803921568627451]","[[0.7575757575757576, 0.6785714285714286], [0.868421052631579, 0.6190476190476191], [0.0, 0.9130434782608695], [0.0, 0.9666666666666667]]","[61, 59, 25, 40]",0.7525929448126244,"[0.7185888738127544, 0.751054852320675, 0.45652173913043476, 0.42028985507246375]",0.42028985507246375,1.375184518167225,"[0.4190860688686371, 0.509593665599823, 0.039882611483335495, 0.03143766149878502]","[0.2659422978758812, 0.35363538190722466, 0.06891841848846525, 0.026334767055232078]","[0.3157971897162497, 0.6145457215607166, 0.04409042536281049, 0.025566687050741166]","[0.4636015295982361, 0.45019155740737915, 0.038314174860715866, 0.04789271950721741]",0.0
"{""run_name"": ""fedheart_exp_paper_hetagg_gdro"", ""seed"": 2024, ""run_dir"": ""runs/eta/fedheart_sm10_GroupDRO_s2024_f4"", ""use_fedheart"": true, ""num_classes"": 2, ""stratified_batching"": true, ""train_frac"": 0.8, ""group_max_train_samples"": [null, null, 20, 25], ""true_hetero_input_dim"": true, ""feature_mask"": [[0, 1, 2, 3, 5, 6, 7, 8, 9, 10], [0, 1, 2, 3, 5, 6, 11, 12], [0, 1, 2, 4, 5, 7, 11, 12], [0, 1, 2, 4, 5, 6, 8, 9, 10]], ""batch_size"": 64, ""num_workers"": 0, ""epochs"": 100, ""early_stopping_patience"": 30, ""lr"": 0.001, ""weight_decay"": 0.0001, ""optimizer"": ""adam"", ""grad_clip"": 1.0, ""lr_scheduler"": ""cosine"", ""lr_min"": 1e-05, ""latent_dim"": 64, ""head_hidden"": 32, ""groups"": [{""name"": ""cleveland"", ""encoder"": ""mlp_tabular_ln"", ""input_dim"": 10, ""hidden_dim"": 64, ""dropout"": 0.1}, {""name"": ""hungarian"", ""encoder"": ""mlp_tabular_ln"", ""input_dim"": 8, ""hidden_dim"": 64, ""dropout"": 0.1}, {""name"": ""switzerland"", ""encoder"": ""mlp_tabular_ln"", ""input_dim"": 8, ""hidden_dim"": 64, ""dropout"": 0.1}, {""name"": ""va_long_beach"", ""encoder"": ""mlp_tabular_ln"", ""input_dim"": 9, ""hidden_dim"": 64, ""dropout"": 0.1}], ""anchor_eps"": 0.0001, ""sep_samples_per_class"": 4, ""sep_method"": ""classifier"", ""sep_margin"": 1.0, ""lambda_fit"": 0.001, ""lambda_sep"": 0.001, ""groupdro_enabled"": true, ""groupdro_eta"": 10.0, ""groupdro_gamma"": 0.9, ""groupdro_update_mode"": ""softmax"", ""groupdro_objective"": ""weighted"", ""groupdro_kl_lambda"": 0.0, ""groupdro_uniform_init"": true, ""log_interval"": 20, ""save_every"": 10, ""impute_missing"": true, ""common_encoder"": false, ""use_regret"": false, ""data_split_seed"": 1004}","{""num_groups"": 4, ""num_classes"": 2, ""train_total"": 522, ""test_total"": 185, ""train_group_counts"": [242, 235, 20, 25], ""test_group_counts"": [61, 59, 25, 40], ""train_class_counts"": [286, 236], ""test_class_counts"": [83, 102], ""train_group_class_counts"": [[131, 111], [150, 85], [2, 18], [3, 22]], ""test_group_class_counts"": [[33, 28], [38, 21], [2, 23], [10, 30]], ""group_proportions"": [0.46360153256704983, 0.4501915708812261, 0.038314176245210725, 0.04789272030651341]}","{""num_groups"": 4, ""eta"": 10.0, ""update_mode"": ""softmax"", ""robust_objective"": ""weighted"", ""gamma"": 0.9, ""kl_lambda"": 0.0, ""initial_pi"": [0.4636015295982361, 0.45019155740737915, 0.038314174860715866, 0.04789271950721741]}",2026-09-15T18:57:37.598447,34,0.3155813682824373,0.884765625,0.001,0.745945945945946,0.7640591136426785,0.6885245901639344,0.88,"[0.6885245901639344, 0.7627118644067796, 0.88, 0.725]","[0.6467197307339702, 0.6144077235011983, 0.47088062247959894, 1.3992543765460141]","[0.6506024096385542, 0.8235294117647058]","[[0.6666666666666666, 0.7142857142857143], [0.8421052631578947, 0.6190476190476191], [0.0, 0.9565217391304348], [0.0, 0.9666666666666667]]","[61, 59, 25, 40]",0.7390847711927981,"[0.6881894000538068, 0.7352564102564103, 0.4680851063829787, 0.42028985507246375]",0.42028985507246375,1.3992543765460141,"[0.8374446630477905, 0.10187069326639175, 0.05529915541410446, 0.00538543239235878]","[0.28306441754102707, 0.34509412571787834, 0.07336364626826253, 0.03661576530430466]","[0.35540137719362974, 0.5659685702994466, 0.04562732286285609, 0.033002725802361965]","[0.4636015295982361, 0.45019155740737915, 0.038314174860715866, 0.04789271950721741]",0.0
"{""run_name"": ""fedheart_exp_paper_hetagg_gdro"", ""seed"": 2024, ""run_dir"": ""runs/eta/fedheart_sm10_GroupDRO_s2024_f4"", ""use_fedheart"": true, ""num_classes"": 2, ""stratified_batching"": true, ""train_frac"": 0.8, ""group_max_train_samples"": [null, null, 20, 25], ""true_hetero_input_dim"": true, ""feature_mask"": [[0, 1, 2, 3, 5, 6, 7, 8, 9, 10], [0, 1, 2, 3, 5, 6, 11, 12], [0, 1, 2, 4, 5, 7, 11, 12], [0, 1, 2, 4, 5, 6, 8, 9, 10]], ""batch_size"": 64, ""num_workers"": 0, ""epochs"": 100, ""early_stopping_patience"": 30, ""lr"": 0.001, ""weight_decay"": 0.0001, ""optimizer"": ""adam"", ""grad_clip"": 1.0, ""lr_scheduler"": ""cosine"", ""lr_min"": 1e-05, ""latent_dim"": 64, ""head_hidden"": 32, ""groups"": [{""name"": ""cleveland"", ""encoder"": ""mlp_tabular_ln"", ""input_dim"": 10, ""hidden_dim"": 64, ""dropout"": 0.1}, {""name"": ""hungarian"", ""encoder"": ""mlp_tabular_ln"", ""input_dim"": 8, ""hidden_dim"": 64, ""dropout"": 0.1}, {""name"": ""switzerland"", ""encoder"": ""mlp_tabular_ln"", ""input_dim"": 8, ""hidden_dim"": 64, ""dropout"": 0.1}, {""name"": ""va_long_beach"", ""encoder"": ""mlp_tabular_ln"", ""input_dim"": 9, ""hidden_dim"": 64, ""dropout"": 0.1}], ""anchor_eps"": 0.0001, ""sep_samples_per_class"": 4, ""sep_method"": ""classifier"", ""sep_margin"": 1.0, ""lambda_fit"": 0.001, ""lambda_sep"": 0.001, ""groupdro_enabled"": true, ""groupdro_eta"": 10.0, ""groupdro_gamma"": 0.9, ""groupdro_update_mode"": ""softmax"", ""groupdro_objective"": ""weighted"", ""groupdro_kl_lambda"": 0.0, ""groupdro_uniform_init"": true, ""log_interval"": 20, ""save_every"": 10, ""impute_missing"": true, ""common_encoder"": false, ""use_regret"": false, ""data_split_seed"": 1004}","{""num_groups"": 4, ""num_classes"": 2, ""train_total"": 522, ""test_total"": 185, ""train_group_counts"": [242, 235, 20, 25], ""test_group_counts"": [61, 59, 25, 40], ""train_class_counts"": [286, 236], ""test_class_counts"": [83, 102], ""train_group_class_counts"": [[131, 111], [150, 85], [2, 18], [3, 22]], ""test_group_class_counts"": [[33, 28], [38, 21], [2, 23], [10, 30]], ""group_proportions"": [0.46360153256704983, 0.4501915708812261, 0.038314176245210725, 0.04789272030651341]}","{""num_groups"": 4, ""eta"": 10.0, ""update_mode"": ""softmax"", ""robust_objective"": ""weighted"", ""gamma"": 0.9, ""kl_lambda"": 0.0, ""initial_pi"": [0.4636015295982361, 0.45019155740737915, 0.038314174860715866, 0.04789271950721741]}",2026-09-15T18:57:37.598447,35,0.2845392432063818,0.900390625,0.001,0.7567567567567568,0.7723947624340095,0.7049180327868853,0.88,"[0.7049180327868853, 0.7796610169491526, 0.88, 0.725]","[0.6928017028668498, 0.63779030145951, 0.46940066856797785, 1.4073212278890423]","[0.6867469879518072, 0.8137254901960784]","[[0.7272727272727273, 0.6785714285714286], [0.868421052631579, 0.6190476190476191], [0.0, 0.9565217391304348], [0.0, 0.9666666666666667]]","[61, 59, 25, 40]",0.7518554949476884,"[0.702922077922078, 0.751054852320675, 0.4680851063829787, 0.42028985507246375]",0.42028985507246375,1.4073212278890423,"[0.6298360228538513, 0.28865358233451843, 0.02723592147231102, 0.05427440628409386]","[0.30124515295028687, 0.3016113843768835, 0.05378553792252205, 0.0271384268780821]","[0.4532378986477852, 0.46291584335267544, 0.05284368037246168, 0.031002594740130007]","[0.4636015295982361, 0.45019155740737915, 0.038314174860715866, 0.04789271950721741]",0.0
"{""run_name"": ""fedheart_exp_paper_hetagg_gdro"", ""seed"": 2024, ""run_dir"": ""runs/eta/fedheart_sm10_GroupDRO_s2024_f4"", ""use_fedheart"": true, ""num_classes"": 2, ""stratified_batching"": true, ""train_frac"": 0.8, ""group_max_train_samples"": [null, null, 20, 25], ""true_hetero_input_dim"": true, ""feature_mask"": [[0, 1, 2, 3, 5, 6, 7, 8, 9, 10], [0, 1, 2, 3, 5, 6, 11, 12], [0, 1, 2, 4, 5, 7, 11, 12], [0, 1, 2, 4, 5, 6, 8, 9, 10]], ""batch_size"": 64, ""num_workers"": 0, ""epochs"": 100, ""early_stopping_patience"": 30, ""lr"": 0.001, ""weight_decay"": 0.0001, ""optimizer"": ""adam"", ""grad_clip"": 1.0, ""lr_scheduler"": ""cosine"", ""lr_min"": 1e-05, ""latent_dim"": 64, ""head_hidden"": 32, ""groups"": [{""name"": ""cleveland"", ""encoder"": ""mlp_tabular_ln"", ""input_dim"": 10, ""hidden_dim"": 64, ""dropout"": 0.1}, {""name"": ""hungarian"", ""encoder"": ""mlp_tabular_ln"", ""input_dim"": 8, ""hidden_dim"": 64, ""dropout"": 0.1}, {""name"": ""switzerland"", ""encoder"": ""mlp_tabular_ln"", ""input_dim"": 8, ""hidden_dim"": 64, ""dropout"": 0.1}, {""name"": ""va_long_beach"", ""encoder"": ""mlp_tabular_ln"", ""input_dim"": 9, ""hidden_dim"": 64, ""dropout"": 0.1}], ""anchor_eps"": 0.0001, ""sep_samples_per_class"": 4, ""sep_method"": ""classifier"", ""sep_margin"": 1.0, ""lambda_fit"": 0.001, ""lambda_sep"": 0.001, ""groupdro_enabled"": true, ""groupdro_eta"": 10.0, ""groupdro_gamma"": 0.9, ""groupdro_update_mode"": ""softmax"", ""groupdro_objective"": ""weighted"", ""groupdro_kl_lambda"": 0.0, ""groupdro_uniform_init"": true, ""log_interval"": 20, ""save_every"": 10, ""impute_missing"": true, ""common_encoder"": false, ""use_regret"": false, ""data_split_seed"": 1004}","{""num_groups"": 4, ""num_classes"": 2, ""train_total"": 522, ""test_total"": 185, ""train_group_counts"": [242, 235, 20, 25], ""test_group_counts"": [61, 59, 25, 40], ""train_class_counts"": [286, 236], ""test_class_counts"": [83, 102], ""train_group_class_counts"": [[131, 111], [150, 85], [2, 18], [3, 22]], ""test_group_class_counts"": [[33, 28], [38, 21], [2, 23], [10, 30]], ""group_proportions"": [0.46360153256704983, 0.4501915708812261, 0.038314176245210725, 0.04789272030651341]}","{""num_groups"": 4, ""eta"": 10.0, ""update_mode"": ""softmax"", ""robust_objective"": ""weighted"", ""gamma"": 0.9, ""kl_lambda"": 0.0, ""initial_pi"": [0.4636015295982361, 0.45019155740737915, 0.038314174860715866, 0.04789271950721741]}",2026-09-15T18:57:37.598447,36,0.2889740150421858,0.900390625,0.001,0.7675675675675676,0.7864931230897472,0.7213114754098361,0.92,"[0.7213114754098361, 0.7796610169491526, 0.92, 0.725]","[0.7006065215739864, 0.6499401409399964, 0.4743752954772208, 1.4248805635346797]","[0.6867469879518072, 0.8333333333333334]","[[0.7272727272727273, 0.7142857142857143], [0.868421052631579, 0.6190476190476191], [0.0, 1.0], [0.0, 0.9666666666666667]]","[61, 59, 25, 40]",0.7621183577046142,"[0.7201079622132254, 0.751054852320675, 0.4791666666666667, 0.42028985507246375]",0.42028985507246375,1.4248805635346797,"[0.13080695271492004, 0.8453868627548218, 0.018245933577418327, 0.005560252349823713]","[0.24734628945589066, 0.3263489827513695, 0.03697458148235455, 0.02610072388779372]","[0.3249753238633275, 0.6003083698451519, 0.03936508484184742, 0.03535123117035255]","[0.4636015295982361, 0.45019155740737915, 0.038314174860715866, 0.04789271950721741]",0.0
"{""run_name"": ""fedheart_exp_paper_hetagg_gdro"", ""seed"": 2024, ""run_dir"": ""runs/eta/fedheart_sm10_GroupDRO_s2024_f4"", ""use_fedheart"": true, ""num_classes"": 2, ""stratified_batching"": true, ""train_frac"": 0.8, ""group_max_train_samples"": [null, null, 20, 25], ""true_hetero_input_dim"": true, ""feature_mask"": [[0, 1, 2, 3, 5, 6, 7, 8, 9, 10], [0, 1, 2, 3, 5, 6, 11, 12], [0, 1, 2, 4, 5, 7, 11, 12], [0, 1, 2, 4, 5, 6, 8, 9, 10]], ""batch_size"": 64, ""num_workers"": 0, ""epochs"": 100, ""early_stopping_patience"": 30, ""lr"": 0.001, ""weight_decay"": 0.0001, ""optimizer"": ""adam"", ""grad_clip"": 1.0, ""lr_scheduler"": ""cosine"", ""lr_min"": 1e-05, ""latent_dim"": 64, ""head_hidden"": 32, ""groups"": [{""name"": ""cleveland"", ""encoder"": ""mlp_tabular_ln"", ""input_dim"": 10, ""hidden_dim"": 64, ""dropout"": 0.1}, {""name"": ""hungarian"", ""encoder"": ""mlp_tabular_ln"", ""input_dim"": 8, ""hidden_dim"": 64, ""dropout"": 0.1}, {""name"": ""switzerland"", ""encoder"": ""mlp_tabular_ln"", ""input_dim"": 8, ""hidden_dim"": 64, ""dropout"": 0.1}, {""name"": ""va_long_beach"", ""encoder"": ""mlp_tabular_ln"", ""input_dim"": 9, ""hidden_dim"": 64, ""dropout"": 0.1}], ""anchor_eps"": 0.0001, ""sep_samples_per_class"": 4, ""sep_method"": ""classifier"", ""sep_margin"": 1.0, ""lambda_fit"": 0.001, ""lambda_sep"": 0.001, ""groupdro_enabled"": true, ""groupdro_eta"": 10.0, ""groupdro_gamma"": 0.9, ""groupdro_update_mode"": ""softmax"", ""groupdro_objective"": ""weighted"", ""groupdro_kl_lambda"": 0.0, ""groupdro_uniform_init"": true, ""log_interval"": 20, ""save_every"": 10, ""impute_missing"": true, ""common_encoder"": false, ""use_regret"": false, ""data_split_seed"": 1004}","{""num_groups"": 4, ""num_classes"": 2, ""train_total"": 522, ""test_total"": 185, ""train_group_counts"": [242, 235, 20, 25], ""test_group_counts"": [61, 59, 25, 40], ""train_class_counts"": [286, 236], ""test_class_counts"": [83, 102], ""train_group_class_counts"": [[131, 111], [150, 85], [2, 18], [3, 22]], ""test_group_class_counts"": [[33, 28], [38, 21], [2, 23], [10, 30]], ""group_proportions"": [0.46360153256704983, 0.4501915708812261, 0.038314176245210725, 0.04789272030651341]}","{""num_groups"": 4, ""eta"": 10.0, ""update_mode"": ""softmax"", ""robust_objective"": ""weighted"", ""gamma"": 0.9, ""kl_lambda"": 0.0, ""initial_pi"": [0.4636015295982361, 0.45019155740737915, 0.038314174860715866, 0.04789271950721741]}",2026-09-15T18:57:37.598447,37,0.2853142600506544,0.896484375,0.001,0.7783783783783784,0.7968414837454849,0.7377049180327869,0.92,"[0.7377049180327869, 0.7796610169491526, 0.92, 0.75]","[0.6965952899467323, 0.6303960149397411, 0.4820261408574879, 1.4359538306263857]","[0.6867469879518072, 0.8529411764705882]","[[0.7272727272727273, 0.75], [0.868421052631579, 0.6190476190476191], [0.0, 1.0], [0.0, 1.0]]","[61, 59, 25, 40]",0.7723930982745686,"[0.7370689655172413, 0.751054852320675, 0.4791666666666667, 0.42857142857142855]",0.42857142857142855,1.4359538306263857,"[0.34680381417274475, 0.6337094902992249, 0.008571901358664036, 0.010914779268205166]","[0.24861283972859383, 0.3285978715866804, 0.009033628026372753, 0.030157521949149668]","[0.3314563916064799, 0.6002680491656065, 0.02960296516539529, 0.0386725923162885]","[0.4636015295982361, 0.45019155740737915, 0.038314174860715866, 0.04789271950721741]",0.0
"{""run_name"": ""fedheart_exp_paper_hetagg_gdro"", ""seed"": 2024, ""run_dir"": ""runs/eta/fedheart_sm10_GroupDRO_s2024_f4"", ""use_fedheart"": true, ""num_classes"": 2, ""stratified_batching"": true, ""train_frac"": 0.8, ""group_max_train_samples"": [null, null, 20, 25], ""true_hetero_input_dim"": true, ""feature_mask"": [[0, 1, 2, 3, 5, 6, 7, 8, 9, 10], [0, 1, 2, 3, 5, 6, 11, 12], [0, 1, 2, 4, 5, 7, 11, 12], [0, 1, 2, 4, 5, 6, 8, 9, 10]], ""batch_size"": 64, ""num_workers"": 0, ""epochs"": 100, ""early_stopping_patience"": 30, ""lr"": 0.001, ""weight_decay"": 0.0001, ""optimizer"": ""adam"", ""grad_clip"": 1.0, ""lr_scheduler"": ""cosine"", ""lr_min"": 1e-05, ""latent_dim"": 64, ""head_hidden"": 32, ""groups"": [{""name"": ""cleveland"", ""encoder"": ""mlp_tabular_ln"", ""input_dim"": 10, ""hidden_dim"": 64, ""dropout"": 0.1}, {""name"": ""hungarian"", ""encoder"": ""mlp_tabular_ln"", ""input_dim"": 8, ""hidden_dim"": 64, ""dropout"": 0.1}, {""name"": ""switzerland"", ""encoder"": ""mlp_tabular_ln"", ""input_dim"": 8, ""hidden_dim"": 64, ""dropout"": 0.1}, {""name"": ""va_long_beach"", ""encoder"": ""mlp_tabular_ln"", ""input_dim"": 9, ""hidden_dim"": 64, ""dropout"": 0.1}], ""anchor_eps"": 0.0001, ""sep_samples_per_class"": 4, ""sep_method"": ""classifier"", ""sep_margin"": 1.0, ""lambda_fit"": 0.001, ""lambda_sep"": 0.001, ""groupdro_enabled"": true, ""groupdro_eta"": 10.0, ""groupdro_gamma"": 0.9, ""groupdro_update_mode"": ""softmax"", ""groupdro_objective"": ""weighted"", ""groupdro_kl_lambda"": 0.0, ""groupdro_uniform_init"": true, ""log_interval"": 20, ""save_every"": 10, ""impute_missing"": true, ""common_encoder"": false, ""use_regret"": false, ""data_split_seed"": 1004}","{""num_groups"": 4, ""num_classes"": 2, ""train_total"": 522, ""test_total"": 185, ""train_group_counts"": [242, 235, 20, 25], ""test_group_counts"": [61, 59, 25, 40], ""train_class_counts"": [286, 236], ""test_class_counts"": [83, 102], ""train_group_class_counts"": [[131, 111], [150, 85], [2, 18], [3, 22]], ""test_group_class_counts"": [[33, 28], [38, 21], [2, 23], [10, 30]], ""group_proportions"": [0.46360153256704983, 0.4501915708812261, 0.038314176245210725, 0.04789272030651341]}","{""num_groups"": 4, ""eta"": 10.0, ""update_mode"": ""softmax"", ""robust_objective"": ""weighted"", ""gamma"": 0.9, ""kl_lambda"": 0.0, ""initial_pi"": [0.4636015295982361, 0.45019155740737915, 0.038314174860715866, 0.04789271950721741]}",2026-09-15T18:57:37.598447,38,0.27816554717719555,0.9140625,0.001,0.7675675675675676,0.7866320505696027,0.7049180327868853,0.92,"[0.7049180327868853, 0.7966101694915254, 0.92, 0.725]","[0.7121457352692292, 0.6218613828848101, 0.4891361599799711, 1.4388595584139694]","[0.6987951807228916, 0.8235294117647058]","[[0.7272727272727273, 0.6785714285714286], [0.8947368421052632, 0.6190476190476191], [0.0, 1.0], [0.0, 0.9666666666666667]]","[61, 59, 25, 40]",0.7628841396166801,"[0.702922077922078, 0.7671052631578947, 0.4791666666666667, 0.42028985507246375]",0.42028985507246375,1.4388595584139694,"[0.7054953575134277, 0.23208697140216827, 0.02190852351486683, 0.04050913080573082]","[0.22100236546248198, 0.32370988838374615, 0.04867535217272234, 0.021516589884413406]","[0.26525570172816515, 0.621602026745677, 0.08272432279773057, 0.030417937319725752]","[0.4636015295982361, 0.45019155740737915, 0.038314174860715866, 0.04789271950721741]",0.0
"{""run_name"": ""fedheart_exp_paper_hetagg_gdro"", ""seed"": 2024, ""run_dir"": ""runs/eta/fedheart_sm10_GroupDRO_s2024_f4"", ""use_fedheart"": true, ""num_classes"": 2, ""stratified_batching"": true, ""train_frac"": 0.8, ""group_max_train_samples"": [null, null, 20, 25], ""true_hetero_input_dim"": true, ""feature_mask"": [[0, 1, 2, 3, 5, 6, 7, 8, 9, 10], [0, 1, 2, 3, 5, 6, 11, 12], [0, 1, 2, 4, 5, 7, 11, 12], [0, 1, 2, 4, 5, 6, 8, 9, 10]], ""batch_size"": 64, ""num_workers"": 0, ""epochs"": 100, ""early_stopping_patience"": 30, ""lr"": 0.001, ""weight_decay"": 0.0001, ""optimizer"": ""adam"", ""grad_clip"": 1.0, ""lr_scheduler"": ""cosine"", ""lr_min"": 1e-05, ""latent_dim"": 64, ""head_hidden"": 32, ""groups"": [{""name"": ""cleveland"", ""encoder"": ""mlp_tabular_ln"", ""input_dim"": 10, ""hidden_dim"": 64, ""dropout"": 0.1}, {""name"": ""hungarian"", ""encoder"": ""mlp_tabular_ln"", ""input_dim"": 8, ""hidden_dim"": 64, ""dropout"": 0.1}, {""name"": ""switzerland"", ""encoder"": ""mlp_tabular_ln"", ""input_dim"": 8, ""hidden_dim"": 64, ""dropout"": 0.1}, {""name"": ""va_long_beach"", ""encoder"": ""mlp_tabular_ln"", ""input_dim"": 9, ""hidden_dim"": 64, ""dropout"": 0.1}], ""anchor_eps"": 0.0001, ""sep_samples_per_class"": 4, ""sep_method"": ""classifier"", ""sep_margin"": 1.0, ""lambda_fit"": 0.001, ""lambda_sep"": 0.001, ""groupdro_enabled"": true, ""groupdro_eta"": 10.0, ""groupdro_gamma"": 0.9, ""groupdro_update_mode"": ""softmax"", ""groupdro_objective"": ""weighted"", ""groupdro_kl_lambda"": 0.0, ""groupdro_uniform_init"": true, ""log_interval"": 20, ""save_every"": 10, ""impute_missing"": true, ""common_encoder"": false, ""use_regret"": false, ""data_split_seed"": 1004}","{""num_groups"": 4, ""num_classes"": 2, ""train_total"": 522, ""test_total"": 185, ""train_group_counts"": [242, 235, 20, 25], ""test_group_counts"": [61, 59, 25, 40], ""train_class_counts"": [286, 236], ""test_class_counts"": [83, 102], ""train_group_class_counts"": [[131, 111], [150, 85], [2, 18], [3, 22]], ""test_group_class_counts"": [[33, 28], [38, 21], [2, 23], [10, 30]], ""group_proportions"": [0.46360153256704983, 0.4501915708812261, 0.038314176245210725, 0.04789272030651341]}","{""num_groups"": 4, ""eta"": 10.0, ""update_mode"": ""softmax"", ""robust_objective"": ""weighted"", ""gamma"": 0.9, ""kl_lambda"": 0.0, ""initial_pi"": [0.4636015295982361, 0.45019155740737915, 0.038314174860715866, 0.04789271950721741]}",2026-09-15T18:57:37.598447,39,0.2817321792244911,0.904296875,0.001,0.7621621621621621,0.7766320505696027,0.7049180327868853,0.88,"[0.7049180327868853, 0.7966101694915254, 0.88, 0.725]","[0.7368668372147396, 0.6271520513307177, 0.5061270285514183, 1.4476563686694135]","[0.6987951807228916, 0.8137254901960784]","[[0.7272727272727273, 0.6785714285714286], [0.8947368421052632, 0.6190476190476191], [0.0, 0.9565217391304348], [0.0, 0.9666666666666667]]","[61, 59, 25, 40]",0.7577380952380952,"[0.702922077922078, 0.7671052631578947, 0.4680851063829787, 0.42028985507246375]",0.42028985507246375,1.4476563686694135,"[0.179936483502388, 0.7400200366973877, 0.038050174713134766, 0.04199330136179924]","[0.2635812577791512, 0.32098265551030636, 0.012710401711956365, 0.026903304635197856]","[0.3740343600511551, 0.5678989719599485, 0.026396071654744446, 0.03167057572863996]","[0.4636015295982361, 0.45019155740737915, 0.038314174860715866, 0.04789271950721741]",0.0
"{""run_name"": ""fedheart_exp_paper_hetagg_gdro"", ""seed"": 2024, ""run_dir"": ""runs/eta/fedheart_sm10_GroupDRO_s2024_f4"", ""use_fedheart"": true, ""num_classes"": 2, ""stratified_batching"": true, ""train_frac"": 0.8, ""group_max_train_samples"": [null, null, 20, 25], ""true_hetero_input_dim"": true, ""feature_mask"": [[0, 1, 2, 3, 5, 6, 7, 8, 9, 10], [0, 1, 2, 3, 5, 6, 11, 12], [0, 1, 2, 4, 5, 7, 11, 12], [0, 1, 2, 4, 5, 6, 8, 9, 10]], ""batch_size"": 64, ""num_workers"": 0, ""epochs"": 100, ""early_stopping_patience"": 30, ""lr"": 0.001, ""weight_decay"": 0.0001, ""optimizer"": ""adam"", ""grad_clip"": 1.0, ""lr_scheduler"": ""cosine"", ""lr_min"": 1e-05, ""latent_dim"": 64, ""head_hidden"": 32, ""groups"": [{""name"": ""cleveland"", ""encoder"": ""mlp_tabular_ln"", ""input_dim"": 10, ""hidden_dim"": 64, ""dropout"": 0.1}, {""name"": ""hungarian"", ""encoder"": ""mlp_tabular_ln"", ""input_dim"": 8, ""hidden_dim"": 64, ""dropout"": 0.1}, {""name"": ""switzerland"", ""encoder"": ""mlp_tabular_ln"", ""input_dim"": 8, ""hidden_dim"": 64, ""dropout"": 0.1}, {""name"": ""va_long_beach"", ""encoder"": ""mlp_tabular_ln"", ""input_dim"": 9, ""hidden_dim"": 64, ""dropout"": 0.1}], ""anchor_eps"": 0.0001, ""sep_samples_per_class"": 4, ""sep_method"": ""classifier"", ""sep_margin"": 1.0, ""lambda_fit"": 0.001, ""lambda_sep"": 0.001, ""groupdro_enabled"": true, ""groupdro_eta"": 10.0, ""groupdro_gamma"": 0.9, ""groupdro_update_mode"": ""softmax"", ""groupdro_objective"": ""weighted"", ""groupdro_kl_lambda"": 0.0, ""groupdro_uniform_init"": true, ""log_interval"": 20, ""save_every"": 10, ""impute_missing"": true, ""common_encoder"": false, ""use_regret"": false, ""data_split_seed"": 1004}","{""num_groups"": 4, ""num_classes"": 2, ""train_total"": 522, ""test_total"": 185, ""train_group_counts"": [242, 235, 20, 25], ""test_group_counts"": [61, 59, 25, 40], ""train_class_counts"": [286, 236], ""test_class_counts"": [83, 102], ""train_group_class_counts"": [[131, 111], [150, 85], [2, 18], [3, 22]], ""test_group_class_counts"": [[33, 28], [38, 21], [2, 23], [10, 30]], ""group_proportions"": [0.46360153256704983, 0.4501915708812261, 0.038314176245210725, 0.04789272030651341]}","{""num_groups"": 4, ""eta"": 10.0, ""update_mode"": ""softmax"", ""robust_objective"": ""weighted"", ""gamma"": 0.9, ""kl_lambda"": 0.0, ""initial_pi"": [0.4636015295982361, 0.45019155740737915, 0.038314174860715866, 0.04789271950721741]}",2026-09-15T18:57:37.598447,40,0.27186170406639576,0.89453125,0.001,0.7513513513513513,0.7681574742984162,0.7049180327868853,0.88,"[0.7049180327868853, 0.7627118644067796, 0.88, 0.725]","[0.7529594749250434, 0.6385025899991457, 0.5168054240162019, 1.4678605797307682]","[0.6746987951807228, 0.8137254901960784]","[[0.7272727272727273, 0.6785714285714286], [0.8421052631578947, 0.6190476190476191], [0.0, 0.9565217391304348], [0.0, 0.9666666666666667]]","[61, 59, 25, 40]",0.7459398137090996,"[0.702922077922078, 0.7352564102564103, 0.4680851063829787, 0.42028985507246375]",0.42028985507246375,1.4678605797307682,"[0.5901073217391968, 0.37500014901161194, 0.01743379235267639, 0.017458736896514893]","[0.28163063526153564, 0.30369893833994865, 0.022349114076860133, 0.027851521532284096]","[0.43978466279804707, 0.48699851520359516, 0.0354237932479009, 0.03779306425713003]","[0.4636015295982361, 0.45019155740737915, 0.038314174860715866, 0.04789271950721741]",0.0
"{""run_name"": ""fedheart_exp_paper_hetagg_gdro"", ""seed"": 2024, ""run_dir"": ""runs/eta/fedheart_sm10_GroupDRO_s2024_f4"", ""use_fedheart"": true, ""num_classes"": 2, ""stratified_batching"": true, ""train_frac"": 0.8, ""group_max_train_samples"": [null, null, 20, 25], ""true_hetero_input_dim"": true, ""feature_mask"": [[0, 1, 2, 3, 5, 6, 7, 8, 9, 10], [0, 1, 2, 3, 5, 6, 11, 12], [0, 1, 2, 4, 5, 7, 11, 12], [0, 1, 2, 4, 5, 6, 8, 9, 10]], ""batch_size"": 64, ""num_workers"": 0, ""epochs"": 100, ""early_stopping_patience"": 30, ""lr"": 0.001, ""weight_decay"": 0.0001, ""optimizer"": ""adam"", ""grad_clip"": 1.0, ""lr_scheduler"": ""cosine"", ""lr_min"": 1e-05, ""latent_dim"": 64, ""head_hidden"": 32, ""groups"": [{""name"": ""cleveland"", ""encoder"": ""mlp_tabular_ln"", ""input_dim"": 10, ""hidden_dim"": 64, ""dropout"": 0.1}, {""name"": ""hungarian"", ""encoder"": ""mlp_tabular_ln"", ""input_dim"": 8, ""hidden_dim"": 64, ""dropout"": 0.1}, {""name"": ""switzerland"", ""encoder"": ""mlp_tabular_ln"", ""input_dim"": 8, ""hidden_dim"": 64, ""dropout"": 0.1}, {""name"": ""va_long_beach"", ""encoder"": ""mlp_tabular_ln"", ""input_dim"": 9, ""hidden_dim"": 64, ""dropout"": 0.1}], ""anchor_eps"": 0.0001, ""sep_samples_per_class"": 4, ""sep_method"": ""classifier"", ""sep_margin"": 1.0, ""lambda_fit"": 0.001, ""lambda_sep"": 0.001, ""groupdro_enabled"": true, ""groupdro_eta"": 10.0, ""groupdro_gamma"": 0.9, ""groupdro_update_mode"": ""softmax"", ""groupdro_objective"": ""weighted"", ""groupdro_kl_lambda"": 0.0, ""groupdro_uniform_init"": true, ""log_interval"": 20, ""save_every"": 10, ""impute_missing"": true, ""common_encoder"": false, ""use_regret"": false, ""data_split_seed"": 1004}","{""num_groups"": 4, ""num_classes"": 2, ""train_total"": 522, ""test_total"": 185, ""train_group_counts"": [242, 235, 20, 25], ""test_group_counts"": [61, 59, 25, 40], ""train_class_counts"": [286, 236], ""test_class_counts"": [83, 102], ""train_group_class_counts"": [[131, 111], [150, 85], [2, 18], [3, 22]], ""test_group_class_counts"": [[33, 28], [38, 21], [2, 23], [10, 30]], ""group_proportions"": [0.46360153256704983, 0.4501915708812261, 0.038314176245210725, 0.04789272030651341]}","{""num_groups"": 4, ""eta"": 10.0, ""update_mode"": ""softmax"", ""robust_objective"": ""weighted"", ""gamma"": 0.9, ""kl_lambda"": 0.0, ""initial_pi"": [0.4636015295982361, 0.45019155740737915, 0.038314174860715866, 0.04789271950721741]}",2026-09-15T18:57:37.598447,41,0.2806252669543028,0.892578125,0.001,0.7567567567567568,0.772255834954154,0.7213114754098361,0.88,"[0.7213114754098361, 0.7627118644067796, 0.88, 0.725]","[0.7459497416933968, 0.6455821561216677, 0.5271571669331752, 1.47970957733487]","[0.6746987951807228, 0.8235294117647058]","[[0.7272727272727273, 0.7142857142857143], [0.8421052631578947, 0.6190476190476191], [0.0, 0.9565217391304348], [0.0, 0.9666666666666667]]","[61, 59, 25, 40]",0.7510540952722705,"[0.7201079622132254, 0.7352564102564103, 0.4680851063829787, 0.42028985507246375]",0.42028985507246375,1.47970957733487,"[0.20394721627235413, 0.6472814083099365, 0.07196423411369324, 0.07680713385343552]","[0.23799404967576265, 0.3206602819263935, 0.030466190954030026, 0.019584864261560142]","[0.3093001856468618, 0.6135271936655045, 0.03975513984914869, 0.03741747932508588]","[0.4636015295982361, 0.45019155740737915, 0.038314174860715866, 0.04789271950721741]",0.0
"{""run_name"": ""fedheart_exp_paper_hetagg_gdro"", ""seed"": 2024, ""run_dir"": ""runs/eta/fedheart_sm10_GroupDRO_s2024_f4"", ""use_fedheart"": true, ""num_classes"": 2, ""stratified_batching"": true, ""train_frac"": 0.8, ""group_max_train_samples"": [null, null, 20, 25], ""true_hetero_input_dim"": true, ""feature_mask"": [[0, 1, 2, 3, 5, 6, 7, 8, 9, 10], [0, 1, 2, 3, 5, 6, 11, 12], [0, 1, 2, 4, 5, 7, 11, 12], [0, 1, 2, 4, 5, 6, 8, 9, 10]], ""batch_size"": 64, ""num_workers"": 0, ""epochs"": 100, ""early_stopping_patience"": 30, ""lr"": 0.001, ""weight_decay"": 0.0001, ""optimizer"": ""adam"", ""grad_clip"": 1.0, ""lr_scheduler"": ""cosine"", ""lr_min"": 1e-05, ""latent_dim"": 64, ""head_hidden"": 32, ""groups"": [{""name"": ""cleveland"", ""encoder"": ""mlp_tabular_ln"", ""input_dim"": 10, ""hidden_dim"": 64, ""dropout"": 0.1}, {""name"": ""hungarian"", ""encoder"": ""mlp_tabular_ln"", ""input_dim"": 8, ""hidden_dim"": 64, ""dropout"": 0.1}, {""name"": ""switzerland"", ""encoder"": ""mlp_tabular_ln"", ""input_dim"": 8, ""hidden_dim"": 64, ""dropout"": 0.1}, {""name"": ""va_long_beach"", ""encoder"": ""mlp_tabular_ln"", ""input_dim"": 9, ""hidden_dim"": 64, ""dropout"": 0.1}], ""anchor_eps"": 0.0001, ""sep_samples_per_class"": 4, ""sep_method"": ""classifier"", ""sep_margin"": 1.0, ""lambda_fit"": 0.001, ""lambda_sep"": 0.001, ""groupdro_enabled"": true, ""groupdro_eta"": 10.0, ""groupdro_gamma"": 0.9, ""groupdro_update_mode"": ""softmax"", ""groupdro_objective"": ""weighted"", ""groupdro_kl_lambda"": 0.0, ""groupdro_uniform_init"": true, ""log_interval"": 20, ""save_every"": 10, ""impute_missing"": true, ""common_encoder"": false, ""use_regret"": false, ""data_split_seed"": 1004}","{""num_groups"": 4, ""num_classes"": 2, ""train_total"": 522, ""test_total"": 185, ""train_group_counts"": [242, 235, 20, 25], ""test_group_counts"": [61, 59, 25, 40], ""train_class_counts"": [286, 236], ""test_class_counts"": [83, 102], ""train_group_class_counts"": [[131, 111], [150, 85], [2, 18], [3, 22]], ""test_group_class_counts"": [[33, 28], [38, 21], [2, 23], [10, 30]], ""group_proportions"": [0.46360153256704983, 0.4501915708812261, 0.038314176245210725, 0.04789272030651341]}","{""num_groups"": 4, ""eta"": 10.0, ""update_mode"": ""softmax"", ""robust_objective"": ""weighted"", ""gamma"": 0.9, ""kl_lambda"": 0.0, ""initial_pi"": [0.4636015295982361, 0.45019155740737915, 0.038314174860715866, 0.04789271950721741]}",2026-09-15T18:57:37.598447,42,0.26923238672316074,0.890625,0.001,0.7513513513513513,0.7623947624340095,0.7049180327868853,0.84,"[0.7049180327868853, 0.7796610169491526, 0.84, 0.725]","[0.7628151012515862, 0.6591104774724029, 0.5384163476584944, 1.4887361960601992]","[0.6867469879518072, 0.803921568627451]","[[0.7272727272727273, 0.6785714285714286], [0.868421052631579, 0.6190476190476191], [0.0, 0.9130434782608695], [0.0, 0.9666666666666667]]","[61, 59, 25, 40]",0.7467261904761905,"[0.702922077922078, 0.751054852320675, 0.45652173913043476, 0.42028985507246375]",0.42028985507246375,1.4887361960601992,"[0.18614253401756287, 0.6223007440567017, 0.08468925207853317, 0.10686745494604111]","[0.2114188838750124, 0.3211532961577177, 0.027142940249177627, 0.01380477796192281]","[0.26683267345651984, 0.6483811065554619, 0.04639216588111594, 0.038394041592255235]","[0.4636015295982361, 0.45019155740737915, 0.038314174860715866, 0.04789271950721741]",0.0
"{""run_name"": ""fedheart_exp_paper_hetagg_gdro"", ""seed"": 2024, ""run_dir"": ""runs/eta/fedheart_sm10_GroupDRO_s2024_f4"", ""use_fedheart"": true, ""num_classes"": 2, ""stratified_batching"": true, ""train_frac"": 0.8, ""group_max_train_samples"": [null, null, 20, 25], ""true_hetero_input_dim"": true, ""feature_mask"": [[0, 1, 2, 3, 5, 6, 7, 8, 9, 10], [0, 1, 2, 3, 5, 6, 11, 12], [0, 1, 2, 4, 5, 7, 11, 12], [0, 1, 2, 4, 5, 6, 8, 9, 10]], ""batch_size"": 64, ""num_workers"": 0, ""epochs"": 100, ""early_stopping_patience"": 30, ""lr"": 0.001, ""weight_decay"": 0.0001, ""optimizer"": ""adam"", ""grad_clip"": 1.0, ""lr_scheduler"": ""cosine"", ""lr_min"": 1e-05, ""latent_dim"": 64, ""head_hidden"": 32, ""groups"": [{""name"": ""cleveland"", ""encoder"": ""mlp_tabular_ln"", ""input_dim"": 10, ""hidden_dim"": 64, ""dropout"": 0.1}, {""name"": ""hungarian"", ""encoder"": ""mlp_tabular_ln"", ""input_dim"": 8, ""hidden_dim"": 64, ""dropout"": 0.1}, {""name"": ""switzerland"", ""encoder"": ""mlp_tabular_ln"", ""input_dim"": 8, ""hidden_dim"": 64, ""dropout"": 0.1}, {""name"": ""va_long_beach"", ""encoder"": ""mlp_tabular_ln"", ""input_dim"": 9, ""hidden_dim"": 64, ""dropout"": 0.1}], ""anchor_eps"": 0.0001, ""sep_samples_per_class"": 4, ""sep_method"": ""classifier"", ""sep_margin"": 1.0, ""lambda_fit"": 0.001, ""lambda_sep"": 0.001, ""groupdro_enabled"": true, ""groupdro_eta"": 10.0, ""groupdro_gamma"": 0.9, ""groupdro_update_mode"": ""softmax"", ""groupdro_objective"": ""weighted"", ""groupdro_kl_lambda"": 0.0, ""groupdro_uniform_init"": true, ""log_interval"": 20, ""save_every"": 10, ""impute_missing"": true, ""common_encoder"": false, ""use_regret"": false, ""data_split_seed"": 1004}","{""num_groups"": 4, ""num_classes"": 2, ""train_total"": 522, ""test_total"": 185, ""train_group_counts"": [242, 235, 20, 25], ""test_group_counts"": [61, 59, 25, 40], ""train_class_counts"": [286, 236], ""test_class_counts"": [83, 102], ""train_group_class_counts"": [[131, 111], [150, 85], [2, 18], [3, 22]], ""test_group_class_counts"": [[33, 28], [38, 21], [2, 23], [10, 30]], ""group_proportions"": [0.46360153256704983, 0.4501915708812261, 0.038314176245210725, 0.04789272030651341]}","{""num_groups"": 4, ""eta"": 10.0, ""update_mode"": ""softmax"", ""robust_objective"": ""weighted"", ""gamma"": 0.9, ""kl_lambda"": 0.0, ""initial_pi"": [0.4636015295982361, 0.45019155740737915, 0.038314174860715866, 0.04789271950721741]}",2026-09-15T18:57:37.598447,43,0.25476512988097966,0.8984375,0.001,0.7567567567567568,0.7761447624340094,0.7,0.92,"[0.7049180327868853, 0.7796610169491526, 0.92, 0.7]","[0.7707185696535668, 0.6487904886292862, 0.5306281512673013, 1.5015190022866591]","[0.6867469879518072, 0.8137254901960784]","[[0.7272727272727273, 0.6785714285714286], [0.868421052631579, 0.6190476190476191], [0.0, 1.0], [0.0, 0.9333333333333333]]","[61, 59, 25, 40]",0.7518554949476884,"[0.702922077922078, 0.751054852320675, 0.4791666666666667, 0.4117647058823529]",0.4117647058823529,1.5015190022866591,"[0.8323826789855957, 0.1135362908244133, 0.02752620168030262, 0.026554780080914497]","[0.2378124948590994, 0.30449938122183084, 0.13561456435127184, 0.015642772865248844]","[0.2599899148917757, 0.5398117274889955, 0.17458261380670592, 0.025615766619011993]","[0.4636015295982361, 0.45019155740737915, 0.038314174860715866, 0.04789271950721741]",0.0
"{""run_name"": ""fedheart_exp_paper_hetagg_gdro"", ""seed"": 2024, ""run_dir"": ""runs/eta/fedheart_sm10_GroupDRO_s2024_f4"", ""use_fedheart"": true, ""num_classes"": 2, ""stratified_batching"": true, ""train_frac"": 0.8, ""group_max_train_samples"": [null, null, 20, 25], ""true_hetero_input_dim"": true, ""feature_mask"": [[0, 1, 2, 3, 5, 6, 7, 8, 9, 10], [0, 1, 2, 3, 5, 6, 11, 12], [0, 1, 2, 4, 5, 7, 11, 12], [0, 1, 2, 4, 5, 6, 8, 9, 10]], ""batch_size"": 64, ""num_workers"": 0, ""epochs"": 100, ""early_stopping_patience"": 30, ""lr"": 0.001, ""weight_decay"": 0.0001, ""optimizer"": ""adam"", ""grad_clip"": 1.0, ""lr_scheduler"": ""cosine"", ""lr_min"": 1e-05, ""latent_dim"": 64, ""head_hidden"": 32, ""groups"": [{""name"": ""cleveland"", ""encoder"": ""mlp_tabular_ln"", ""input_dim"": 10, ""hidden_dim"": 64, ""dropout"": 0.1}, {""name"": ""hungarian"", ""encoder"": ""mlp_tabular_ln"", ""input_dim"": 8, ""hidden_dim"": 64, ""dropout"": 0.1}, {""name"": ""switzerland"", ""encoder"": ""mlp_tabular_ln"", ""input_dim"": 8, ""hidden_dim"": 64, ""dropout"": 0.1}, {""name"": ""va_long_beach"", ""encoder"": ""mlp_tabular_ln"", ""input_dim"": 9, ""hidden_dim"": 64, ""dropout"": 0.1}], ""anchor_eps"": 0.0001, ""sep_samples_per_class"": 4, ""sep_method"": ""classifier"", ""sep_margin"": 1.0, ""lambda_fit"": 0.001, ""lambda_sep"": 0.001, ""groupdro_enabled"": true, ""groupdro_eta"": 10.0, ""groupdro_gamma"": 0.9, ""groupdro_update_mode"": ""softmax"", ""groupdro_objective"": ""weighted"", ""groupdro_kl_lambda"": 0.0, ""groupdro_uniform_init"": true, ""log_interval"": 20, ""save_every"": 10, ""impute_missing"": true, ""common_encoder"": false, ""use_regret"": false, ""data_split_seed"": 1004}","{""num_groups"": 4, ""num_classes"": 2, ""train_total"": 522, ""test_total"": 185, ""train_group_counts"": [242, 235, 20, 25], ""test_group_counts"": [61, 59, 25, 40], ""train_class_counts"": [286, 236], ""test_class_counts"": [83, 102], ""train_group_class_counts"": [[131, 111], [150, 85], [2, 18], [3, 22]], ""test_group_class_counts"": [[33, 28], [38, 21], [2, 23], [10, 30]], ""group_proportions"": [0.46360153256704983, 0.4501915708812261, 0.038314176245210725, 0.04789272030651341]}","{""num_groups"": 4, ""eta"": 10.0, ""update_mode"": ""softmax"", ""robust_objective"": ""weighted"", ""gamma"": 0.9, ""kl_lambda"": 0.0, ""initial_pi"": [0.4636015295982361, 0.45019155740737915, 0.038314174860715866, 0.04789271950721741]}",2026-09-15T18:57:37.598447,44,0.25092191342264414,0.904296875,0.001,0.745945945945946,0.7539931230897472,0.675,0.84,"[0.7213114754098361, 0.7796610169491526, 0.84, 0.675]","[0.7759614866894868, 0.6616800452989006, 0.5569871350249741, 1.5120838692593679]","[0.6867469879518072, 0.7941176470588235]","[[0.7272727272727273, 0.7142857142857143], [0.868421052631579, 0.6190476190476191], [0.0, 0.9130434782608695], [0.0, 0.9]]","[61, 59, 25, 40]",0.7415970756931856,"[0.7201079622132254, 0.751054852320675, 0.45652173913043476, 0.4029850746268656]",0.4029850746268656,1.5120838692593679,"[0.8809404969215393, 0.09417823702096939, 0.012525549158453941, 0.012355749495327473]","[0.2327542044222355, 0.31208556331694126, 0.0698442921620881, 0.03564022283535451]","[0.27474722219631076, 0.5357296569272876, 0.1345944666536525, 0.05492864130064845]","[0.4636015295982361, 0.45019155740737915, 0.038314174860715866, 0.04789271950721741]",0.0
"{""run_name"": ""fedheart_exp_paper_hetagg_gdro"", ""seed"": 2024, ""run_dir"": ""runs/eta/fedheart_sm10_GroupDRO_s2024_f4"", ""use_fedheart"": true, ""num_classes"": 2, ""stratified_batching"": true, ""train_frac"": 0.8, ""group_max_train_samples"": [null, null, 20, 25], ""true_hetero_input_dim"": true, ""feature_mask"": [[0, 1, 2, 3, 5, 6, 7, 8, 9, 10], [0, 1, 2, 3, 5, 6, 11, 12], [0, 1, 2, 4, 5, 7, 11, 12], [0, 1, 2, 4, 5, 6, 8, 9, 10]], ""batch_size"": 64, ""num_workers"": 0, ""epochs"": 100, ""early_stopping_patience"": 30, ""lr"": 0.001, ""weight_decay"": 0.0001, ""optimizer"": ""adam"", ""grad_clip"": 1.0, ""lr_scheduler"": ""cosine"", ""lr_min"": 1e-05, ""latent_dim"": 64, ""head_hidden"": 32, ""groups"": [{""name"": ""cleveland"", ""encoder"": ""mlp_tabular_ln"", ""input_dim"": 10, ""hidden_dim"": 64, ""dropout"": 0.1}, {""name"": ""hungarian"", ""encoder"": ""mlp_tabular_ln"", ""input_dim"": 8, ""hidden_dim"": 64, ""dropout"": 0.1}, {""name"": ""switzerland"", ""encoder"": ""mlp_tabular_ln"", ""input_dim"": 8, ""hidden_dim"": 64, ""dropout"": 0.1}, {""name"": ""va_long_beach"", ""encoder"": ""mlp_tabular_ln"", ""input_dim"": 9, ""hidden_dim"": 64, ""dropout"": 0.1}], ""anchor_eps"": 0.0001, ""sep_samples_per_class"": 4, ""sep_method"": ""classifier"", ""sep_margin"": 1.0, ""lambda_fit"": 0.001, ""lambda_sep"": 0.001, ""groupdro_enabled"": true, ""groupdro_eta"": 10.0, ""groupdro_gamma"": 0.9, ""groupdro_update_mode"": ""softmax"", ""groupdro_objective"": ""weighted"", ""groupdro_kl_lambda"": 0.0, ""groupdro_uniform_init"": true, ""log_interval"": 20, ""save_every"": 10, ""impute_missing"": true, ""common_encoder"": false, ""use_regret"": false, ""data_split_seed"": 1004}","{""num_groups"": 4, ""num_classes"": 2, ""train_total"": 522, ""test_total"": 185, ""train_group_counts"": [242, 235, 20, 25], ""test_group_counts"": [61, 59, 25, 40], ""train_class_counts"": [286, 236], ""test_class_counts"": [83, 102], ""train_group_class_counts"": [[131, 111], [150, 85], [2, 18], [3, 22]], ""test_group_class_counts"": [[33, 28], [38, 21], [2, 23], [10, 30]], ""group_proportions"": [0.46360153256704983, 0.4501915708812261, 0.038314176245210725, 0.04789272030651341]}","{""num_groups"": 4, ""eta"": 10.0, ""update_mode"": ""softmax"", ""robust_objective"": ""weighted"", ""gamma"": 0.9, ""kl_lambda"": 0.0, ""initial_pi"": [0.4636015295982361, 0.45019155740737915, 0.038314174860715866, 0.04789271950721741]}",2026-09-15T18:57:37.598447,45,0.2700801491737366,0.904296875,0.001,0.745945945945946,0.7480914837454848,0.675,0.8,"[0.7377049180327869, 0.7796610169491526, 0.8, 0.675]","[0.7681221601392951, 0.6686104523823044, 0.6305190260225209, 1.5231268194751464]","[0.6867469879518072, 0.7941176470588235]","[[0.7272727272727273, 0.75], [0.868421052631579, 0.6190476190476191], [0.0, 0.8695652173913043], [0.0, 0.9]]","[61, 59, 25, 40]",0.7415970756931856,"[0.7370689655172413, 0.751054852320675, 0.4444444444444445, 0.4029850746268656]",0.4029850746268656,1.5231268194751464,"[0.670189380645752, 0.21871595084667206, 0.05172577127814293, 0.05936884880065918]","[0.21490505523979664, 0.3119833841919899, 0.005389912763348548, 0.018013366076047532]","[0.2745276605710387, 0.6475370954722166, 0.035651379730552435, 0.042283857706934214]","[0.4636015295982361, 0.45019155740737915, 0.038314174860715866, 0.04789271950721741]",0.0
"{""run_name"": ""fedheart_exp_paper_hetagg_gdro"", ""seed"": 2024, ""run_dir"": ""runs/eta/fedheart_sm10_GroupDRO_s2024_f4"", ""use_fedheart"": true, ""num_classes"": 2, ""stratified_batching"": true, ""train_frac"": 0.8, ""group_max_train_samples"": [null, null, 20, 25], ""true_hetero_input_dim"": true, ""feature_mask"": [[0, 1, 2, 3, 5, 6, 7, 8, 9, 10], [0, 1, 2, 3, 5, 6, 11, 12], [0, 1, 2, 4, 5, 7, 11, 12], [0, 1, 2, 4, 5, 6, 8, 9, 10]], ""batch_size"": 64, ""num_workers"": 0, ""epochs"": 100, ""early_stopping_patience"": 30, ""lr"": 0.001, ""weight_decay"": 0.0001, ""optimizer"": ""adam"", ""grad_clip"": 1.0, ""lr_scheduler"": ""cosine"", ""lr_min"": 1e-05, ""latent_dim"": 64, ""head_hidden"": 32, ""groups"": [{""name"": ""cleveland"", ""encoder"": ""mlp_tabular_ln"", ""input_dim"": 10, ""hidden_dim"": 64, ""dropout"": 0.1}, {""name"": ""hungarian"", ""encoder"": ""mlp_tabular_ln"", ""input_dim"": 8, ""hidden_dim"": 64, ""dropout"": 0.1}, {""name"": ""switzerland"", ""encoder"": ""mlp_tabular_ln"", ""input_dim"": 8, ""hidden_dim"": 64, ""dropout"": 0.1}, {""name"": ""va_long_beach"", ""encoder"": ""mlp_tabular_ln"", ""input_dim"": 9, ""hidden_dim"": 64, ""dropout"": 0.1}], ""anchor_eps"": 0.0001, ""sep_samples_per_class"": 4, ""sep_method"": ""classifier"", ""sep_margin"": 1.0, ""lambda_fit"": 0.001, ""lambda_sep"": 0.001, ""groupdro_enabled"": true, ""groupdro_eta"": 10.0, ""groupdro_gamma"": 0.9, ""groupdro_update_mode"": ""softmax"", ""groupdro_objective"": ""weighted"", ""groupdro_kl_lambda"": 0.0, ""groupdro_uniform_init"": true, ""log_interval"": 20, ""save_every"": 10, ""impute_missing"": true, ""common_encoder"": false, ""use_regret"": false, ""data_split_seed"": 1004}","{""num_groups"": 4, ""num_classes"": 2, ""train_total"": 522, ""test_total"": 185, ""train_group_counts"": [242, 235, 20, 25], ""test_group_counts"": [61, 59, 25, 40], ""train_class_counts"": [286, 236], ""test_class_counts"": [83, 102], ""train_group_class_counts"": [[131, 111], [150, 85], [2, 18], [3, 22]], ""test_group_class_counts"": [[33, 28], [38, 21], [2, 23], [10, 30]], ""group_proportions"": [0.46360153256704983, 0.4501915708812261, 0.038314176245210725, 0.04789272030651341]}","{""num_groups"": 4, ""eta"": 10.0, ""update_mode"": ""softmax"", ""robust_objective"": ""weighted"", ""gamma"": 0.9, ""kl_lambda"": 0.0, ""initial_pi"": [0.4636015295982361, 0.45019155740737915, 0.038314174860715866, 0.04789271950721741]}",2026-09-15T18:57:37.598447,46,0.2869723755866289,0.892578125,0.001,0.7405405405405405,0.7438541956098916,0.675,0.8,"[0.7377049180327869, 0.7627118644067796, 0.8, 0.675]","[0.7619180913640522, 0.6517732077874085, 0.6439448589913082, 1.5322785218937498]","[0.6746987951807228, 0.7941176470588235]","[[0.7272727272727273, 0.75], [0.8421052631578947, 0.6190476190476191], [0.0, 0.8695652173913043], [0.0, 0.9]]","[61, 59, 25, 40]",0.7357142857142858,"[0.7370689655172413, 0.7352564102564103, 0.4444444444444445, 0.4029850746268656]",0.4029850746268656,1.5322785218937498,"[0.5056779980659485, 0.4679329991340637, 0.010243065655231476, 0.016145920380949974]","[0.24841333553195, 0.30801200307905674, 0.02059343585779061, 0.012885130185168236]","[0.36521821981295943, 0.5580178331583738, 0.044835844659246504, 0.03192809293977916]","[0.4636015295982361, 0.45019155740737915, 0.038314174860715866, 0.04789271950721741]",0.0
"{""run_name"": ""fedheart_exp_paper_hetagg_gdro"", ""seed"": 2024, ""run_dir"": ""runs/eta/fedheart_sm10_GroupDRO_s2024_f4"", ""use_fedheart"": true, ""num_classes"": 2, ""stratified_batching"": true, ""train_frac"": 0.8, ""group_max_train_samples"": [null, null, 20, 25], ""true_hetero_input_dim"": true, ""feature_mask"": [[0, 1, 2, 3, 5, 6, 7, 8, 9, 10], [0, 1, 2, 3, 5, 6, 11, 12], [0, 1, 2, 4, 5, 7, 11, 12], [0, 1, 2, 4, 5, 6, 8, 9, 10]], ""batch_size"": 64, ""num_workers"": 0, ""epochs"": 100, ""early_stopping_patience"": 30, ""lr"": 0.001, ""weight_decay"": 0.0001, ""optimizer"": ""adam"", ""grad_clip"": 1.0, ""lr_scheduler"": ""cosine"", ""lr_min"": 1e-05, ""latent_dim"": 64, ""head_hidden"": 32, ""groups"": [{""name"": ""cleveland"", ""encoder"": ""mlp_tabular_ln"", ""input_dim"": 10, ""hidden_dim"": 64, ""dropout"": 0.1}, {""name"": ""hungarian"", ""encoder"": ""mlp_tabular_ln"", ""input_dim"": 8, ""hidden_dim"": 64, ""dropout"": 0.1}, {""name"": ""switzerland"", ""encoder"": ""mlp_tabular_ln"", ""input_dim"": 8, ""hidden_dim"": 64, ""dropout"": 0.1}, {""name"": ""va_long_beach"", ""encoder"": ""mlp_tabular_ln"", ""input_dim"": 9, ""hidden_dim"": 64, ""dropout"": 0.1}], ""anchor_eps"": 0.0001, ""sep_samples_per_class"": 4, ""sep_method"": ""classifier"", ""sep_margin"": 1.0, ""lambda_fit"": 0.001, ""lambda_sep"": 0.001, ""groupdro_enabled"": true, ""groupdro_eta"": 10.0, ""groupdro_gamma"": 0.9, ""groupdro_update_mode"": ""softmax"", ""groupdro_objective"": ""weighted"", ""groupdro_kl_lambda"": 0.0, ""groupdro_uniform_init"": true, ""log_interval"": 20, ""save_every"": 10, ""impute_missing"": true, ""common_encoder"": false, ""use_regret"": false, ""data_split_seed"": 1004}","{""num_groups"": 4, ""num_classes"": 2, ""train_total"": 522, ""test_total"": 185, ""train_group_counts"": [242, 235, 20, 25], ""test_group_counts"": [61, 59, 25, 40], ""train_class_counts"": [286, 236], ""test_class_counts"": [83, 102], ""train_group_class_counts"": [[131, 111], [150, 85], [2, 18], [3, 22]], ""test_group_class_counts"": [[33, 28], [38, 21], [2, 23], [10, 30]], ""group_proportions"": [0.46360153256704983, 0.4501915708812261, 0.038314176245210725, 0.04789272030651341]}","{""num_groups"": 4, ""eta"": 10.0, ""update_mode"": ""softmax"", ""robust_objective"": ""weighted"", ""gamma"": 0.9, ""kl_lambda"": 0.0, ""initial_pi"": [0.4636015295982361, 0.45019155740737915, 0.038314174860715866, 0.04789271950721741]}",2026-09-15T18:57:37.598447,47,0.24467190727591515,0.8984375,0.001,0.7405405405405405,0.7438541956098916,0.675,0.8,"[0.7377049180327869, 0.7627118644067796, 0.8, 0.675]","[0.7730157091415899, 0.6535920946921964, 0.6452643980667926, 1.5399605925151263]","[0.6746987951807228, 0.7941176470588235]","[[0.7272727272727273, 0.75], [0.8421052631578947, 0.6190476190476191], [0.0, 0.8695652173913043], [0.0, 0.9]]","[61, 59, 25, 40]",0.7357142857142858,"[0.7370689655172413, 0.7352564102564103, 0.4444444444444445, 0.4029850746268656]",0.4029850746268656,1.5399605925151263,"[0.19714438915252686, 0.6865748763084412, 0.06251728534698486, 0.053763497620821]","[0.25392075069248676, 0.2931645456701517, 0.017253520323720295, 0.015484364368603565]","[0.39093611389398575, 0.5387296723201871, 0.03738851594971493, 0.03294572903541848]","[0.4636015295982361, 0.45019155740737915, 0.038314174860715866, 0.04789271950721741]",0.0
"{""run_name"": ""fedheart_exp_paper_hetagg_gdro"", ""seed"": 2024, ""run_dir"": ""runs/eta/fedheart_sm10_GroupDRO_s2024_f4"", ""use_fedheart"": true, ""num_classes"": 2, ""stratified_batching"": true, ""train_frac"": 0.8, ""group_max_train_samples"": [null, null, 20, 25], ""true_hetero_input_dim"": true, ""feature_mask"": [[0, 1, 2, 3, 5, 6, 7, 8, 9, 10], [0, 1, 2, 3, 5, 6, 11, 12], [0, 1, 2, 4, 5, 7, 11, 12], [0, 1, 2, 4, 5, 6, 8, 9, 10]], ""batch_size"": 64, ""num_workers"": 0, ""epochs"": 100, ""early_stopping_patience"": 30, ""lr"": 0.001, ""weight_decay"": 0.0001, ""optimizer"": ""adam"", ""grad_clip"": 1.0, ""lr_scheduler"": ""cosine"", ""lr_min"": 1e-05, ""latent_dim"": 64, ""head_hidden"": 32, ""groups"": [{""name"": ""cleveland"", ""encoder"": ""mlp_tabular_ln"", ""input_dim"": 10, ""hidden_dim"": 64, ""dropout"": 0.1}, {""name"": ""hungarian"", ""encoder"": ""mlp_tabular_ln"", ""input_dim"": 8, ""hidden_dim"": 64, ""dropout"": 0.1}, {""name"": ""switzerland"", ""encoder"": ""mlp_tabular_ln"", ""input_dim"": 8, ""hidden_dim"": 64, ""dropout"": 0.1}, {""name"": ""va_long_beach"", ""encoder"": ""mlp_tabular_ln"", ""input_dim"": 9, ""hidden_dim"": 64, ""dropout"": 0.1}], ""anchor_eps"": 0.0001, ""sep_samples_per_class"": 4, ""sep_method"": ""classifier"", ""sep_margin"": 1.0, ""lambda_fit"": 0.001, ""lambda_sep"": 0.001, ""groupdro_enabled"": true, ""groupdro_eta"": 10.0, ""groupdro_gamma"": 0.9, ""groupdro_update_mode"": ""softmax"", ""groupdro_objective"": ""weighted"", ""groupdro_kl_lambda"": 0.0, ""groupdro_uniform_init"": true, ""log_interval"": 20, ""save_every"": 10, ""impute_missing"": true, ""common_encoder"": false, ""use_regret"": false, ""data_split_seed"": 1004}","{""num_groups"": 4, ""num_classes"": 2, ""train_total"": 522, ""test_total"": 185, ""train_group_counts"": [242, 235, 20, 25], ""test_group_counts"": [61, 59, 25, 40], ""train_class_counts"": [286, 236], ""test_class_counts"": [83, 102], ""train_group_class_counts"": [[131, 111], [150, 85], [2, 18], [3, 22]], ""test_group_class_counts"": [[33, 28], [38, 21], [2, 23], [10, 30]], ""group_proportions"": [0.46360153256704983, 0.4501915708812261, 0.038314176245210725, 0.04789272030651341]}","{""num_groups"": 4, ""eta"": 10.0, ""update_mode"": ""softmax"", ""robust_objective"": ""weighted"", ""gamma"": 0.9, ""kl_lambda"": 0.0, ""initial_pi"": [0.4636015295982361, 0.45019155740737915, 0.038314174860715866, 0.04789271950721741]}",2026-09-15T18:57:37.598447,48,0.2742423778399825,0.90625,0.001,0.7351351351351352,0.739755834954154,0.675,0.8,"[0.7213114754098361, 0.7627118644067796, 0.8, 0.675]","[0.7749139420253026, 0.6749666032373464, 0.6468820800317917, 1.5521775441673527]","[0.6746987951807228, 0.7843137254901961]","[[0.7272727272727273, 0.7142857142857143], [0.8421052631578947, 0.6190476190476191], [0.0, 0.8695652173913043], [0.0, 0.9]]","[61, 59, 25, 40]",0.7306012065737466,"[0.7201079622132254, 0.7352564102564103, 0.4444444444444445, 0.4029850746268656]",0.4029850746268656,1.5521775441673527,"[0.20217566192150116, 0.5369929075241089, 0.12687250971794128, 0.13395890593528748]","[0.228812413290143, 0.31187328789383173, 0.016778332555986708, 0.015834976758924313]","[0.3268995425896719, 0.5743036661297083, 0.048486710438737646, 0.05031011061510071]","[0.4636015295982361, 0.45019155740737915, 0.038314174860715866, 0.04789271950721741]",0.0
