config,dataset_info,groupdro_config,start_time,epoch,train_loss,train_acc,learning_rate,test_overall_acc,test_balanced_acc,test_worst_group_acc,test_best_group_acc,test_per_group_acc,test_per_group_loss,test_per_class_acc,test_per_group_per_class_acc,test_per_group_counts,test_overall_macro_f1,test_per_group_f1,test_worst_group_f1,test_worst_group_loss,groupdro_weights,train_per_group_loss,groupdro_weights_mean,groupdro_pi,groupdro_kl_penalty
"{""run_name"": ""fedheart_exp_paper_hetagg_gdro"", ""seed"": 7, ""run_dir"": ""runs/fedheart_cv_lam0.05/Shared_Anchors_GDRO_s7_f2"", ""use_fedheart"": true, ""num_classes"": 2, ""stratified_batching"": true, ""train_frac"": 0.8, ""group_max_train_samples"": [null, null, 20, 25], ""true_hetero_input_dim"": true, ""feature_mask"": [[0, 1, 2, 3, 5, 6, 7, 8, 9, 10], [0, 1, 2, 3, 5, 6, 11, 12], [0, 1, 2, 4, 5, 7, 11, 12], [0, 1, 2, 4, 5, 6, 8, 9, 10]], ""batch_size"": 64, ""num_workers"": 0, ""epochs"": 100, ""early_stopping_patience"": 30, ""lr"": 0.001, ""weight_decay"": 0.0001, ""optimizer"": ""adam"", ""grad_clip"": 1.0, ""lr_scheduler"": ""cosine"", ""lr_min"": 1e-05, ""latent_dim"": 64, ""head_hidden"": 32, ""groups"": [{""name"": ""cleveland"", ""encoder"": ""mlp_tabular_ln"", ""input_dim"": 13, ""hidden_dim"": 64, ""dropout"": 0.1}, {""name"": ""hungarian"", ""encoder"": ""mlp_tabular_ln"", ""input_dim"": 13, ""hidden_dim"": 64, ""dropout"": 0.1}, {""name"": ""switzerland"", ""encoder"": ""mlp_tabular_ln"", ""input_dim"": 13, ""hidden_dim"": 64, ""dropout"": 0.1}, {""name"": ""va_long_beach"", ""encoder"": ""mlp_tabular_ln"", ""input_dim"": 13, ""hidden_dim"": 64, ""dropout"": 0.1}], ""anchor_eps"": 0.0001, ""sep_samples_per_class"": 4, ""sep_method"": ""classifier"", ""sep_margin"": 1.0, ""lambda_fit"": 0.05, ""lambda_sep"": 0.05, ""groupdro_enabled"": true, ""groupdro_eta"": 1.0, ""groupdro_gamma"": 0.9, ""groupdro_update_mode"": ""softmax"", ""groupdro_objective"": ""weighted"", ""groupdro_kl_lambda"": 0.0, ""groupdro_uniform_init"": true, ""log_interval"": 20, ""save_every"": 10, ""impute_missing"": true, ""common_encoder"": true, ""use_regret"": false, ""data_split_seed"": 1002}","{""num_groups"": 4, ""num_classes"": 2, ""train_total"": 522, ""test_total"": 185, ""train_group_counts"": [242, 235, 20, 25], ""test_group_counts"": [61, 59, 25, 40], ""train_class_counts"": [294, 228], ""test_class_counts"": [83, 102], ""train_group_class_counts"": [[131, 111], [150, 85], [2, 18], [11, 14]], ""test_group_class_counts"": [[33, 28], [38, 21], [2, 23], [10, 30]], ""group_proportions"": [0.46360153256704983, 0.4501915708812261, 0.038314176245210725, 0.04789272030651341]}","{""num_groups"": 4, ""eta"": 1.0, ""update_mode"": ""softmax"", ""robust_objective"": ""weighted"", ""gamma"": 0.9, ""kl_lambda"": 0.0, ""initial_pi"": [0.4636015295982361, 0.45019155740737915, 0.038314174860715866, 0.04789271950721741]}",2026-09-14T00:03:04.429012,1,2.027102380990982,0.4453125,0.001,0.5945945945945946,0.6273645457071408,0.5084745762711864,0.76,"[0.5409836065573771, 0.5084745762711864, 0.76, 0.7]","[0.690098738084074, 0.7010584776684389, 0.6477251768112182, 0.6699402794241905]","[0.20481927710843373, 0.9117647058823529]","[[0.24242424242424243, 0.8928571428571429], [0.23684210526315788, 1.0], [0.0, 0.8260869565217391], [0.0, 0.9333333333333333]]","[61, 59, 25, 40]",0.5122851418327533,"[0.5023310023310024, 0.4872640095894516, 0.4318181818181818, 0.4117647058823529]",0.4117647058823529,0.7010584776684389,"[0.2547305226325989, 0.2635262608528137, 0.24233511090278625, 0.23940813541412354]","[0.708012655377388, 0.7241476327180862, 0.6598691046237946, 0.7089527547359467]","[0.2516742255538702, 0.2557602822780609, 0.24011003598570824, 0.2524554803967476]","[0.4636015295982361, 0.45019155740737915, 0.038314174860715866, 0.04789271950721741]",0.0
"{""run_name"": ""fedheart_exp_paper_hetagg_gdro"", ""seed"": 7, ""run_dir"": ""runs/fedheart_cv_lam0.05/Shared_Anchors_GDRO_s7_f2"", ""use_fedheart"": true, ""num_classes"": 2, ""stratified_batching"": true, ""train_frac"": 0.8, ""group_max_train_samples"": [null, null, 20, 25], ""true_hetero_input_dim"": true, ""feature_mask"": [[0, 1, 2, 3, 5, 6, 7, 8, 9, 10], [0, 1, 2, 3, 5, 6, 11, 12], [0, 1, 2, 4, 5, 7, 11, 12], [0, 1, 2, 4, 5, 6, 8, 9, 10]], ""batch_size"": 64, ""num_workers"": 0, ""epochs"": 100, ""early_stopping_patience"": 30, ""lr"": 0.001, ""weight_decay"": 0.0001, ""optimizer"": ""adam"", ""grad_clip"": 1.0, ""lr_scheduler"": ""cosine"", ""lr_min"": 1e-05, ""latent_dim"": 64, ""head_hidden"": 32, ""groups"": [{""name"": ""cleveland"", ""encoder"": ""mlp_tabular_ln"", ""input_dim"": 13, ""hidden_dim"": 64, ""dropout"": 0.1}, {""name"": ""hungarian"", ""encoder"": ""mlp_tabular_ln"", ""input_dim"": 13, ""hidden_dim"": 64, ""dropout"": 0.1}, {""name"": ""switzerland"", ""encoder"": ""mlp_tabular_ln"", ""input_dim"": 13, ""hidden_dim"": 64, ""dropout"": 0.1}, {""name"": ""va_long_beach"", ""encoder"": ""mlp_tabular_ln"", ""input_dim"": 13, ""hidden_dim"": 64, ""dropout"": 0.1}], ""anchor_eps"": 0.0001, ""sep_samples_per_class"": 4, ""sep_method"": ""classifier"", ""sep_margin"": 1.0, ""lambda_fit"": 0.05, ""lambda_sep"": 0.05, ""groupdro_enabled"": true, ""groupdro_eta"": 1.0, ""groupdro_gamma"": 0.9, ""groupdro_update_mode"": ""softmax"", ""groupdro_objective"": ""weighted"", ""groupdro_kl_lambda"": 0.0, ""groupdro_uniform_init"": true, ""log_interval"": 20, ""save_every"": 10, ""impute_missing"": true, ""common_encoder"": true, ""use_regret"": false, ""data_split_seed"": 1002}","{""num_groups"": 4, ""num_classes"": 2, ""train_total"": 522, ""test_total"": 185, ""train_group_counts"": [242, 235, 20, 25], ""test_group_counts"": [61, 59, 25, 40], ""train_class_counts"": [294, 228], ""test_class_counts"": [83, 102], ""train_group_class_counts"": [[131, 111], [150, 85], [2, 18], [11, 14]], ""test_group_class_counts"": [[33, 28], [38, 21], [2, 23], [10, 30]], ""group_proportions"": [0.46360153256704983, 0.4501915708812261, 0.038314176245210725, 0.04789272030651341]}","{""num_groups"": 4, ""eta"": 1.0, ""update_mode"": ""softmax"", ""robust_objective"": ""weighted"", ""gamma"": 0.9, ""kl_lambda"": 0.0, ""initial_pi"": [0.4636015295982361, 0.45019155740737915, 0.038314174860715866, 0.04789271950721741]}",2026-09-14T00:03:04.429012,2,1.451083168387413,0.5234375,0.001,0.5891891891891892,0.6270161850514032,0.5084745762711864,0.8,"[0.5245901639344263, 0.5084745762711864, 0.8, 0.675]","[0.6838626861572266, 0.686264763444157, 0.6338653206825257, 0.6577160522341728]","[0.1927710843373494, 0.9117647058823529]","[[0.21212121212121213, 0.8928571428571429], [0.23684210526315788, 1.0], [0.0, 0.8695652173913043], [0.0, 0.9]]","[61, 59, 25, 40]",0.5031099802092168,"[0.4792463938769502, 0.4872640095894516, 0.4444444444444445, 0.4029850746268656]",0.4029850746268656,0.686264763444157,"[0.2450331449508667, 0.2507571578025818, 0.26322609186172485, 0.24098365008831024]","[0.6829787343740463, 0.7123276144266129, 0.6130994707345963, 0.6743160337209702]","[0.2528284229338169, 0.26034943759441376, 0.23608946427702904, 0.2507326900959015]","[0.4636015295982361, 0.45019155740737915, 0.038314174860715866, 0.04789271950721741]",0.0
"{""run_name"": ""fedheart_exp_paper_hetagg_gdro"", ""seed"": 7, ""run_dir"": ""runs/fedheart_cv_lam0.05/Shared_Anchors_GDRO_s7_f2"", ""use_fedheart"": true, ""num_classes"": 2, ""stratified_batching"": true, ""train_frac"": 0.8, ""group_max_train_samples"": [null, null, 20, 25], ""true_hetero_input_dim"": true, ""feature_mask"": [[0, 1, 2, 3, 5, 6, 7, 8, 9, 10], [0, 1, 2, 3, 5, 6, 11, 12], [0, 1, 2, 4, 5, 7, 11, 12], [0, 1, 2, 4, 5, 6, 8, 9, 10]], ""batch_size"": 64, ""num_workers"": 0, ""epochs"": 100, ""early_stopping_patience"": 30, ""lr"": 0.001, ""weight_decay"": 0.0001, ""optimizer"": ""adam"", ""grad_clip"": 1.0, ""lr_scheduler"": ""cosine"", ""lr_min"": 1e-05, ""latent_dim"": 64, ""head_hidden"": 32, ""groups"": [{""name"": ""cleveland"", ""encoder"": ""mlp_tabular_ln"", ""input_dim"": 13, ""hidden_dim"": 64, ""dropout"": 0.1}, {""name"": ""hungarian"", ""encoder"": ""mlp_tabular_ln"", ""input_dim"": 13, ""hidden_dim"": 64, ""dropout"": 0.1}, {""name"": ""switzerland"", ""encoder"": ""mlp_tabular_ln"", ""input_dim"": 13, ""hidden_dim"": 64, ""dropout"": 0.1}, {""name"": ""va_long_beach"", ""encoder"": ""mlp_tabular_ln"", ""input_dim"": 13, ""hidden_dim"": 64, ""dropout"": 0.1}], ""anchor_eps"": 0.0001, ""sep_samples_per_class"": 4, ""sep_method"": ""classifier"", ""sep_margin"": 1.0, ""lambda_fit"": 0.05, ""lambda_sep"": 0.05, ""groupdro_enabled"": true, ""groupdro_eta"": 1.0, ""groupdro_gamma"": 0.9, ""groupdro_update_mode"": ""softmax"", ""groupdro_objective"": ""weighted"", ""groupdro_kl_lambda"": 0.0, ""groupdro_uniform_init"": true, ""log_interval"": 20, ""save_every"": 10, ""impute_missing"": true, ""common_encoder"": true, ""use_regret"": false, ""data_split_seed"": 1002}","{""num_groups"": 4, ""num_classes"": 2, ""train_total"": 522, ""test_total"": 185, ""train_group_counts"": [242, 235, 20, 25], ""test_group_counts"": [61, 59, 25, 40], ""train_class_counts"": [294, 228], ""test_class_counts"": [83, 102], ""train_group_class_counts"": [[131, 111], [150, 85], [2, 18], [11, 14]], ""test_group_class_counts"": [[33, 28], [38, 21], [2, 23], [10, 30]], ""group_proportions"": [0.46360153256704983, 0.4501915708812261, 0.038314176245210725, 0.04789272030651341]}","{""num_groups"": 4, ""eta"": 1.0, ""update_mode"": ""softmax"", ""robust_objective"": ""weighted"", ""gamma"": 0.9, ""kl_lambda"": 0.0, ""initial_pi"": [0.4636015295982361, 0.45019155740737915, 0.038314174860715866, 0.04789271950721741]}",2026-09-14T00:03:04.429012,3,1.1641574949026108,0.54296875,0.001,0.6378378378378379,0.6651517782717422,0.5245901639344263,0.8,"[0.5245901639344263, 0.6610169491525424, 0.8, 0.675]","[0.6812706110907383, 0.6752588223602812, 0.6357798600196838, 0.6551856577396393]","[0.3132530120481928, 0.9019607843137255]","[[0.21212121212121213, 0.8928571428571429], [0.47368421052631576, 1.0], [0.5, 0.8260869565217391], [0.0, 0.9]]","[61, 59, 25, 40]",0.5850212594998159,"[0.4792463938769502, 0.6601382488479264, 0.584717607973422, 0.4029850746268656]",0.4029850746268656,0.6812706110907383,"[0.25371789932250977, 0.2500360906124115, 0.23335495591163635, 0.2628910541534424]","[0.6827469766139984, 0.7022984623908997, 0.6092187985777855, 0.6935278624296188]","[0.25250570103526115, 0.25750788673758507, 0.23462314158678055, 0.25536330230534077]","[0.4636015295982361, 0.45019155740737915, 0.038314174860715866, 0.04789271950721741]",0.0
"{""run_name"": ""fedheart_exp_paper_hetagg_gdro"", ""seed"": 7, ""run_dir"": ""runs/fedheart_cv_lam0.05/Shared_Anchors_GDRO_s7_f2"", ""use_fedheart"": true, ""num_classes"": 2, ""stratified_batching"": true, ""train_frac"": 0.8, ""group_max_train_samples"": [null, null, 20, 25], ""true_hetero_input_dim"": true, ""feature_mask"": [[0, 1, 2, 3, 5, 6, 7, 8, 9, 10], [0, 1, 2, 3, 5, 6, 11, 12], [0, 1, 2, 4, 5, 7, 11, 12], [0, 1, 2, 4, 5, 6, 8, 9, 10]], ""batch_size"": 64, ""num_workers"": 0, ""epochs"": 100, ""early_stopping_patience"": 30, ""lr"": 0.001, ""weight_decay"": 0.0001, ""optimizer"": ""adam"", ""grad_clip"": 1.0, ""lr_scheduler"": ""cosine"", ""lr_min"": 1e-05, ""latent_dim"": 64, ""head_hidden"": 32, ""groups"": [{""name"": ""cleveland"", ""encoder"": ""mlp_tabular_ln"", ""input_dim"": 13, ""hidden_dim"": 64, ""dropout"": 0.1}, {""name"": ""hungarian"", ""encoder"": ""mlp_tabular_ln"", ""input_dim"": 13, ""hidden_dim"": 64, ""dropout"": 0.1}, {""name"": ""switzerland"", ""encoder"": ""mlp_tabular_ln"", ""input_dim"": 13, ""hidden_dim"": 64, ""dropout"": 0.1}, {""name"": ""va_long_beach"", ""encoder"": ""mlp_tabular_ln"", ""input_dim"": 13, ""hidden_dim"": 64, ""dropout"": 0.1}], ""anchor_eps"": 0.0001, ""sep_samples_per_class"": 4, ""sep_method"": ""classifier"", ""sep_margin"": 1.0, ""lambda_fit"": 0.05, ""lambda_sep"": 0.05, ""groupdro_enabled"": true, ""groupdro_eta"": 1.0, ""groupdro_gamma"": 0.9, ""groupdro_update_mode"": ""softmax"", ""groupdro_objective"": ""weighted"", ""groupdro_kl_lambda"": 0.0, ""groupdro_uniform_init"": true, ""log_interval"": 20, ""save_every"": 10, ""impute_missing"": true, ""common_encoder"": true, ""use_regret"": false, ""data_split_seed"": 1002}","{""num_groups"": 4, ""num_classes"": 2, ""train_total"": 522, ""test_total"": 185, ""train_group_counts"": [242, 235, 20, 25], ""test_group_counts"": [61, 59, 25, 40], ""train_class_counts"": [294, 228], ""test_class_counts"": [83, 102], ""train_group_class_counts"": [[131, 111], [150, 85], [2, 18], [11, 14]], ""test_group_class_counts"": [[33, 28], [38, 21], [2, 23], [10, 30]], ""group_proportions"": [0.46360153256704983, 0.4501915708812261, 0.038314176245210725, 0.04789272030651341]}","{""num_groups"": 4, ""eta"": 1.0, ""update_mode"": ""softmax"", ""robust_objective"": ""weighted"", ""gamma"": 0.9, ""kl_lambda"": 0.0, ""initial_pi"": [0.4636015295982361, 0.45019155740737915, 0.038314174860715866, 0.04789271950721741]}",2026-09-14T00:03:04.429012,4,1.007018767297268,0.55078125,0.001,0.6432432432432432,0.6791772020005558,0.5245901639344263,0.84,"[0.5245901639344263, 0.6271186440677966, 0.84, 0.725]","[0.6803801636226842, 0.6708764843011307, 0.6288401460647584, 0.6488218806684017]","[0.2891566265060241, 0.9313725490196079]","[[0.21212121212121213, 0.8928571428571429], [0.42105263157894735, 1.0], [0.5, 0.8695652173913043], [0.0, 0.9666666666666667]]","[61, 59, 25, 40]",0.5816200657894737,"[0.4792463938769502, 0.6244212962962963, 0.6212121212121211, 0.42028985507246375]",0.42028985507246375,0.6803801636226842,"[0.2453726828098297, 0.2535687983036041, 0.23304682970046997, 0.2680117189884186]","[0.6758557185530663, 0.6999290212988853, 0.6174508258700371, 0.6776732206344604]","[0.2519487962126732, 0.25801078230142593, 0.2375566679984331, 0.2524837553501129]","[0.4636015295982361, 0.45019155740737915, 0.038314174860715866, 0.04789271950721741]",0.0
"{""run_name"": ""fedheart_exp_paper_hetagg_gdro"", ""seed"": 7, ""run_dir"": ""runs/fedheart_cv_lam0.05/Shared_Anchors_GDRO_s7_f2"", ""use_fedheart"": true, ""num_classes"": 2, ""stratified_batching"": true, ""train_frac"": 0.8, ""group_max_train_samples"": [null, null, 20, 25], ""true_hetero_input_dim"": true, ""feature_mask"": [[0, 1, 2, 3, 5, 6, 7, 8, 9, 10], [0, 1, 2, 3, 5, 6, 11, 12], [0, 1, 2, 4, 5, 7, 11, 12], [0, 1, 2, 4, 5, 6, 8, 9, 10]], ""batch_size"": 64, ""num_workers"": 0, ""epochs"": 100, ""early_stopping_patience"": 30, ""lr"": 0.001, ""weight_decay"": 0.0001, ""optimizer"": ""adam"", ""grad_clip"": 1.0, ""lr_scheduler"": ""cosine"", ""lr_min"": 1e-05, ""latent_dim"": 64, ""head_hidden"": 32, ""groups"": [{""name"": ""cleveland"", ""encoder"": ""mlp_tabular_ln"", ""input_dim"": 13, ""hidden_dim"": 64, ""dropout"": 0.1}, {""name"": ""hungarian"", ""encoder"": ""mlp_tabular_ln"", ""input_dim"": 13, ""hidden_dim"": 64, ""dropout"": 0.1}, {""name"": ""switzerland"", ""encoder"": ""mlp_tabular_ln"", ""input_dim"": 13, ""hidden_dim"": 64, ""dropout"": 0.1}, {""name"": ""va_long_beach"", ""encoder"": ""mlp_tabular_ln"", ""input_dim"": 13, ""hidden_dim"": 64, ""dropout"": 0.1}], ""anchor_eps"": 0.0001, ""sep_samples_per_class"": 4, ""sep_method"": ""classifier"", ""sep_margin"": 1.0, ""lambda_fit"": 0.05, ""lambda_sep"": 0.05, ""groupdro_enabled"": true, ""groupdro_eta"": 1.0, ""groupdro_gamma"": 0.9, ""groupdro_update_mode"": ""softmax"", ""groupdro_objective"": ""weighted"", ""groupdro_kl_lambda"": 0.0, ""groupdro_uniform_init"": true, ""log_interval"": 20, ""save_every"": 10, ""impute_missing"": true, ""common_encoder"": true, ""use_regret"": false, ""data_split_seed"": 1002}","{""num_groups"": 4, ""num_classes"": 2, ""train_total"": 522, ""test_total"": 185, ""train_group_counts"": [242, 235, 20, 25], ""test_group_counts"": [61, 59, 25, 40], ""train_class_counts"": [294, 228], ""test_class_counts"": [83, 102], ""train_group_class_counts"": [[131, 111], [150, 85], [2, 18], [11, 14]], ""test_group_class_counts"": [[33, 28], [38, 21], [2, 23], [10, 30]], ""group_proportions"": [0.46360153256704983, 0.4501915708812261, 0.038314176245210725, 0.04789272030651341]}","{""num_groups"": 4, ""eta"": 1.0, ""update_mode"": ""softmax"", ""robust_objective"": ""weighted"", ""gamma"": 0.9, ""kl_lambda"": 0.0, ""initial_pi"": [0.4636015295982361, 0.45019155740737915, 0.038314174860715866, 0.04789271950721741]}",2026-09-14T00:03:04.429012,5,0.9206945300102234,0.5390625,0.001,0.6432432432432432,0.6751517782717422,0.5245901639344263,0.84,"[0.5245901639344263, 0.6610169491525424, 0.84, 0.675]","[0.6779990323254319, 0.6655731605271161, 0.6221565389633179, 0.6472303599119187]","[0.3132530120481928, 0.9117647058823529]","[[0.21212121212121213, 0.8928571428571429], [0.47368421052631576, 1.0], [0.5, 0.8695652173913043], [0.0, 0.9]]","[61, 59, 25, 40]",0.5893866020984666,"[0.4792463938769502, 0.6601382488479264, 0.6212121212121211, 0.4029850746268656]",0.4029850746268656,0.6779990323254319,"[0.25610435009002686, 0.2550029158592224, 0.23566298186779022, 0.2532297968864441]","[0.673663318157196, 0.6921196132898331, 0.612135648727417, 0.6865672469139099]","[0.2517514619976282, 0.2563016749918461, 0.23686367645859718, 0.2550831697881222]","[0.4636015295982361, 0.45019155740737915, 0.038314174860715866, 0.04789271950721741]",0.0
"{""run_name"": ""fedheart_exp_paper_hetagg_gdro"", ""seed"": 7, ""run_dir"": ""runs/fedheart_cv_lam0.05/Shared_Anchors_GDRO_s7_f2"", ""use_fedheart"": true, ""num_classes"": 2, ""stratified_batching"": true, ""train_frac"": 0.8, ""group_max_train_samples"": [null, null, 20, 25], ""true_hetero_input_dim"": true, ""feature_mask"": [[0, 1, 2, 3, 5, 6, 7, 8, 9, 10], [0, 1, 2, 3, 5, 6, 11, 12], [0, 1, 2, 4, 5, 7, 11, 12], [0, 1, 2, 4, 5, 6, 8, 9, 10]], ""batch_size"": 64, ""num_workers"": 0, ""epochs"": 100, ""early_stopping_patience"": 30, ""lr"": 0.001, ""weight_decay"": 0.0001, ""optimizer"": ""adam"", ""grad_clip"": 1.0, ""lr_scheduler"": ""cosine"", ""lr_min"": 1e-05, ""latent_dim"": 64, ""head_hidden"": 32, ""groups"": [{""name"": ""cleveland"", ""encoder"": ""mlp_tabular_ln"", ""input_dim"": 13, ""hidden_dim"": 64, ""dropout"": 0.1}, {""name"": ""hungarian"", ""encoder"": ""mlp_tabular_ln"", ""input_dim"": 13, ""hidden_dim"": 64, ""dropout"": 0.1}, {""name"": ""switzerland"", ""encoder"": ""mlp_tabular_ln"", ""input_dim"": 13, ""hidden_dim"": 64, ""dropout"": 0.1}, {""name"": ""va_long_beach"", ""encoder"": ""mlp_tabular_ln"", ""input_dim"": 13, ""hidden_dim"": 64, ""dropout"": 0.1}], ""anchor_eps"": 0.0001, ""sep_samples_per_class"": 4, ""sep_method"": ""classifier"", ""sep_margin"": 1.0, ""lambda_fit"": 0.05, ""lambda_sep"": 0.05, ""groupdro_enabled"": true, ""groupdro_eta"": 1.0, ""groupdro_gamma"": 0.9, ""groupdro_update_mode"": ""softmax"", ""groupdro_objective"": ""weighted"", ""groupdro_kl_lambda"": 0.0, ""groupdro_uniform_init"": true, ""log_interval"": 20, ""save_every"": 10, ""impute_missing"": true, ""common_encoder"": true, ""use_regret"": false, ""data_split_seed"": 1002}","{""num_groups"": 4, ""num_classes"": 2, ""train_total"": 522, ""test_total"": 185, ""train_group_counts"": [242, 235, 20, 25], ""test_group_counts"": [61, 59, 25, 40], ""train_class_counts"": [294, 228], ""test_class_counts"": [83, 102], ""train_group_class_counts"": [[131, 111], [150, 85], [2, 18], [11, 14]], ""test_group_class_counts"": [[33, 28], [38, 21], [2, 23], [10, 30]], ""group_proportions"": [0.46360153256704983, 0.4501915708812261, 0.038314176245210725, 0.04789272030651341]}","{""num_groups"": 4, ""eta"": 1.0, ""update_mode"": ""softmax"", ""robust_objective"": ""weighted"", ""gamma"": 0.9, ""kl_lambda"": 0.0, ""initial_pi"": [0.4636015295982361, 0.45019155740737915, 0.038314174860715866, 0.04789271950721741]}",2026-09-14T00:03:04.429012,6,0.8725714907050133,0.537109375,0.001,0.654054054054054,0.6855001389274799,0.5409836065573771,0.84,"[0.5409836065573771, 0.6610169491525424, 0.84, 0.7]","[0.6761259700431198, 0.6601361591937178, 0.6108877432346344, 0.6386965416371823]","[0.3132530120481928, 0.9313725490196079]","[[0.21212121212121213, 0.9285714285714286], [0.47368421052631576, 1.0], [0.5, 0.8695652173913043], [0.0, 0.9333333333333333]]","[61, 59, 25, 40]",0.5981536790659788,"[0.4916666666666667, 0.6601382488479264, 0.6212121212121211, 0.4117647058823529]",0.4117647058823529,0.6761259700431198,"[0.2612770199775696, 0.27131834626197815, 0.21622784435749054, 0.25117674469947815]","[0.6765311285853386, 0.7034231200814247, 0.5967572405934334, 0.7016668170690536]","[0.2514212056994438, 0.2582559157162905, 0.23239194601774216, 0.25793093629181385]","[0.4636015295982361, 0.45019155740737915, 0.038314174860715866, 0.04789271950721741]",0.0
"{""run_name"": ""fedheart_exp_paper_hetagg_gdro"", ""seed"": 7, ""run_dir"": ""runs/fedheart_cv_lam0.05/Shared_Anchors_GDRO_s7_f2"", ""use_fedheart"": true, ""num_classes"": 2, ""stratified_batching"": true, ""train_frac"": 0.8, ""group_max_train_samples"": [null, null, 20, 25], ""true_hetero_input_dim"": true, ""feature_mask"": [[0, 1, 2, 3, 5, 6, 7, 8, 9, 10], [0, 1, 2, 3, 5, 6, 11, 12], [0, 1, 2, 4, 5, 7, 11, 12], [0, 1, 2, 4, 5, 6, 8, 9, 10]], ""batch_size"": 64, ""num_workers"": 0, ""epochs"": 100, ""early_stopping_patience"": 30, ""lr"": 0.001, ""weight_decay"": 0.0001, ""optimizer"": ""adam"", ""grad_clip"": 1.0, ""lr_scheduler"": ""cosine"", ""lr_min"": 1e-05, ""latent_dim"": 64, ""head_hidden"": 32, ""groups"": [{""name"": ""cleveland"", ""encoder"": ""mlp_tabular_ln"", ""input_dim"": 13, ""hidden_dim"": 64, ""dropout"": 0.1}, {""name"": ""hungarian"", ""encoder"": ""mlp_tabular_ln"", ""input_dim"": 13, ""hidden_dim"": 64, ""dropout"": 0.1}, {""name"": ""switzerland"", ""encoder"": ""mlp_tabular_ln"", ""input_dim"": 13, ""hidden_dim"": 64, ""dropout"": 0.1}, {""name"": ""va_long_beach"", ""encoder"": ""mlp_tabular_ln"", ""input_dim"": 13, ""hidden_dim"": 64, ""dropout"": 0.1}], ""anchor_eps"": 0.0001, ""sep_samples_per_class"": 4, ""sep_method"": ""classifier"", ""sep_margin"": 1.0, ""lambda_fit"": 0.05, ""lambda_sep"": 0.05, ""groupdro_enabled"": true, ""groupdro_eta"": 1.0, ""groupdro_gamma"": 0.9, ""groupdro_update_mode"": ""softmax"", ""groupdro_objective"": ""weighted"", ""groupdro_kl_lambda"": 0.0, ""groupdro_uniform_init"": true, ""log_interval"": 20, ""save_every"": 10, ""impute_missing"": true, ""common_encoder"": true, ""use_regret"": false, ""data_split_seed"": 1002}","{""num_groups"": 4, ""num_classes"": 2, ""train_total"": 522, ""test_total"": 185, ""train_group_counts"": [242, 235, 20, 25], ""test_group_counts"": [61, 59, 25, 40], ""train_class_counts"": [294, 228], ""test_class_counts"": [83, 102], ""train_group_class_counts"": [[131, 111], [150, 85], [2, 18], [11, 14]], ""test_group_class_counts"": [[33, 28], [38, 21], [2, 23], [10, 30]], ""group_proportions"": [0.46360153256704983, 0.4501915708812261, 0.038314176245210725, 0.04789272030651341]}","{""num_groups"": 4, ""eta"": 1.0, ""update_mode"": ""softmax"", ""robust_objective"": ""weighted"", ""gamma"": 0.9, ""kl_lambda"": 0.0, ""initial_pi"": [0.4636015295982361, 0.45019155740737915, 0.038314174860715866, 0.04789271950721741]}",2026-09-14T00:03:04.429012,7,0.8219376727938652,0.529296875,0.001,0.6594594594594595,0.685987427063073,0.5409836065573771,0.8,"[0.5409836065573771, 0.6779661016949152, 0.8, 0.725]","[0.6722267294516329, 0.6514293541342525, 0.5885296976566314, 0.623972836881876]","[0.3253012048192771, 0.9313725490196079]","[[0.21212121212121213, 0.9285714285714286], [0.5, 1.0], [0.5, 0.8260869565217391], [0.0, 0.9666666666666667]]","[61, 59, 25, 40]",0.6062633019154758,"[0.4916666666666667, 0.6775956284153006, 0.584717607973422, 0.42028985507246375]",0.42028985507246375,0.6722267294516329,"[0.2323766052722931, 0.25494709610939026, 0.1921537220478058, 0.32052260637283325]","[0.6609118580818176, 0.6958952769637108, 0.5688977427780628, 0.6758123561739922]","[0.25202554650604725, 0.2608811482787132, 0.23034024983644485, 0.2567530535161495]","[0.4636015295982361, 0.45019155740737915, 0.038314174860715866, 0.04789271950721741]",0.0
"{""run_name"": ""fedheart_exp_paper_hetagg_gdro"", ""seed"": 7, ""run_dir"": ""runs/fedheart_cv_lam0.05/Shared_Anchors_GDRO_s7_f2"", ""use_fedheart"": true, ""num_classes"": 2, ""stratified_batching"": true, ""train_frac"": 0.8, ""group_max_train_samples"": [null, null, 20, 25], ""true_hetero_input_dim"": true, ""feature_mask"": [[0, 1, 2, 3, 5, 6, 7, 8, 9, 10], [0, 1, 2, 3, 5, 6, 11, 12], [0, 1, 2, 4, 5, 7, 11, 12], [0, 1, 2, 4, 5, 6, 8, 9, 10]], ""batch_size"": 64, ""num_workers"": 0, ""epochs"": 100, ""early_stopping_patience"": 30, ""lr"": 0.001, ""weight_decay"": 0.0001, ""optimizer"": ""adam"", ""grad_clip"": 1.0, ""lr_scheduler"": ""cosine"", ""lr_min"": 1e-05, ""latent_dim"": 64, ""head_hidden"": 32, ""groups"": [{""name"": ""cleveland"", ""encoder"": ""mlp_tabular_ln"", ""input_dim"": 13, ""hidden_dim"": 64, ""dropout"": 0.1}, {""name"": ""hungarian"", ""encoder"": ""mlp_tabular_ln"", ""input_dim"": 13, ""hidden_dim"": 64, ""dropout"": 0.1}, {""name"": ""switzerland"", ""encoder"": ""mlp_tabular_ln"", ""input_dim"": 13, ""hidden_dim"": 64, ""dropout"": 0.1}, {""name"": ""va_long_beach"", ""encoder"": ""mlp_tabular_ln"", ""input_dim"": 13, ""hidden_dim"": 64, ""dropout"": 0.1}], ""anchor_eps"": 0.0001, ""sep_samples_per_class"": 4, ""sep_method"": ""classifier"", ""sep_margin"": 1.0, ""lambda_fit"": 0.05, ""lambda_sep"": 0.05, ""groupdro_enabled"": true, ""groupdro_eta"": 1.0, ""groupdro_gamma"": 0.9, ""groupdro_update_mode"": ""softmax"", ""groupdro_objective"": ""weighted"", ""groupdro_kl_lambda"": 0.0, ""groupdro_uniform_init"": true, ""log_interval"": 20, ""save_every"": 10, ""impute_missing"": true, ""common_encoder"": true, ""use_regret"": false, ""data_split_seed"": 1002}","{""num_groups"": 4, ""num_classes"": 2, ""train_total"": 522, ""test_total"": 185, ""train_group_counts"": [242, 235, 20, 25], ""test_group_counts"": [61, 59, 25, 40], ""train_class_counts"": [294, 228], ""test_class_counts"": [83, 102], ""train_group_class_counts"": [[131, 111], [150, 85], [2, 18], [11, 14]], ""test_group_class_counts"": [[33, 28], [38, 21], [2, 23], [10, 30]], ""group_proportions"": [0.46360153256704983, 0.4501915708812261, 0.038314176245210725, 0.04789272030651341]}","{""num_groups"": 4, ""eta"": 1.0, ""update_mode"": ""softmax"", ""robust_objective"": ""weighted"", ""gamma"": 0.9, ""kl_lambda"": 0.0, ""initial_pi"": [0.4636015295982361, 0.45019155740737915, 0.038314174860715866, 0.04789271950721741]}",2026-09-14T00:03:04.429012,8,0.803600050508976,0.57421875,0.001,0.6702702702702703,0.6901587246457349,0.5737704918032787,0.8,"[0.5737704918032787, 0.711864406779661, 0.8, 0.675]","[0.6632143713411738, 0.6340079095404026, 0.5990410661697387, 0.6268877074122429]","[0.42168674698795183, 0.8725490196078431]","[[0.3333333333333333, 0.8571428571428571], [0.5526315789473685, 1.0], [0.5, 0.8260869565217391], [0.2, 0.8333333333333334]]","[61, 59, 25, 40]",0.6395605097575776,"[0.5534909909909909, 0.711864406779661, 0.584717607973422, 0.5144724556489263]",0.5144724556489263,0.6632143713411738,"[0.25630611181259155, 0.2615761160850525, 0.23487995564937592, 0.24723778665065765]","[0.6567532196640968, 0.6886962205171585, 0.5491277053952217, 0.6918275281786919]","[0.2519917618483305, 0.2601093016564846, 0.22640717960894108, 0.2614917252212763]","[0.4636015295982361, 0.45019155740737915, 0.038314174860715866, 0.04789271950721741]",0.0
"{""run_name"": ""fedheart_exp_paper_hetagg_gdro"", ""seed"": 7, ""run_dir"": ""runs/fedheart_cv_lam0.05/Shared_Anchors_GDRO_s7_f2"", ""use_fedheart"": true, ""num_classes"": 2, ""stratified_batching"": true, ""train_frac"": 0.8, ""group_max_train_samples"": [null, null, 20, 25], ""true_hetero_input_dim"": true, ""feature_mask"": [[0, 1, 2, 3, 5, 6, 7, 8, 9, 10], [0, 1, 2, 3, 5, 6, 11, 12], [0, 1, 2, 4, 5, 7, 11, 12], [0, 1, 2, 4, 5, 6, 8, 9, 10]], ""batch_size"": 64, ""num_workers"": 0, ""epochs"": 100, ""early_stopping_patience"": 30, ""lr"": 0.001, ""weight_decay"": 0.0001, ""optimizer"": ""adam"", ""grad_clip"": 1.0, ""lr_scheduler"": ""cosine"", ""lr_min"": 1e-05, ""latent_dim"": 64, ""head_hidden"": 32, ""groups"": [{""name"": ""cleveland"", ""encoder"": ""mlp_tabular_ln"", ""input_dim"": 13, ""hidden_dim"": 64, ""dropout"": 0.1}, {""name"": ""hungarian"", ""encoder"": ""mlp_tabular_ln"", ""input_dim"": 13, ""hidden_dim"": 64, ""dropout"": 0.1}, {""name"": ""switzerland"", ""encoder"": ""mlp_tabular_ln"", ""input_dim"": 13, ""hidden_dim"": 64, ""dropout"": 0.1}, {""name"": ""va_long_beach"", ""encoder"": ""mlp_tabular_ln"", ""input_dim"": 13, ""hidden_dim"": 64, ""dropout"": 0.1}], ""anchor_eps"": 0.0001, ""sep_samples_per_class"": 4, ""sep_method"": ""classifier"", ""sep_margin"": 1.0, ""lambda_fit"": 0.05, ""lambda_sep"": 0.05, ""groupdro_enabled"": true, ""groupdro_eta"": 1.0, ""groupdro_gamma"": 0.9, ""groupdro_update_mode"": ""softmax"", ""groupdro_objective"": ""weighted"", ""groupdro_kl_lambda"": 0.0, ""groupdro_uniform_init"": true, ""log_interval"": 20, ""save_every"": 10, ""impute_missing"": true, ""common_encoder"": true, ""use_regret"": false, ""data_split_seed"": 1002}","{""num_groups"": 4, ""num_classes"": 2, ""train_total"": 522, ""test_total"": 185, ""train_group_counts"": [242, 235, 20, 25], ""test_group_counts"": [61, 59, 25, 40], ""train_class_counts"": [294, 228], ""test_class_counts"": [83, 102], ""train_group_class_counts"": [[131, 111], [150, 85], [2, 18], [11, 14]], ""test_group_class_counts"": [[33, 28], [38, 21], [2, 23], [10, 30]], ""group_proportions"": [0.46360153256704983, 0.4501915708812261, 0.038314176245210725, 0.04789272030651341]}","{""num_groups"": 4, ""eta"": 1.0, ""update_mode"": ""softmax"", ""robust_objective"": ""weighted"", ""gamma"": 0.9, ""kl_lambda"": 0.0, ""initial_pi"": [0.4636015295982361, 0.45019155740737915, 0.038314174860715866, 0.04789271950721741]}",2026-09-14T00:03:04.429012,9,0.7707497924566269,0.6171875,0.001,0.6756756756756757,0.6848833009169213,0.5737704918032787,0.7457627118644068,"[0.5737704918032787, 0.7457627118644068, 0.72, 0.7]","[0.6536501401760539, 0.6155208056255922, 0.5788476145267487, 0.6099189266562461]","[0.4578313253012048, 0.8529411764705882]","[[0.3333333333333333, 0.8571428571428571], [0.6052631578947368, 1.0], [0.5, 0.7391304347826086], [0.3, 0.8333333333333334]]","[61, 59, 25, 40]",0.651206636500754,"[0.5534909909909909, 0.7454702329594478, 0.5257452574525746, 0.5698924731182795]",0.5257452574525746,0.6536501401760539,"[0.24349483847618103, 0.25601187348365784, 0.22102102637290955, 0.279472291469574]","[0.6421829834580421, 0.6762138083577156, 0.5725550875067711, 0.6717514656484127]","[0.24981254152953625, 0.2583630308508873, 0.23327898420393467, 0.25854544900357723]","[0.4636015295982361, 0.45019155740737915, 0.038314174860715866, 0.04789271950721741]",0.0
"{""run_name"": ""fedheart_exp_paper_hetagg_gdro"", ""seed"": 7, ""run_dir"": ""runs/fedheart_cv_lam0.05/Shared_Anchors_GDRO_s7_f2"", ""use_fedheart"": true, ""num_classes"": 2, ""stratified_batching"": true, ""train_frac"": 0.8, ""group_max_train_samples"": [null, null, 20, 25], ""true_hetero_input_dim"": true, ""feature_mask"": [[0, 1, 2, 3, 5, 6, 7, 8, 9, 10], [0, 1, 2, 3, 5, 6, 11, 12], [0, 1, 2, 4, 5, 7, 11, 12], [0, 1, 2, 4, 5, 6, 8, 9, 10]], ""batch_size"": 64, ""num_workers"": 0, ""epochs"": 100, ""early_stopping_patience"": 30, ""lr"": 0.001, ""weight_decay"": 0.0001, ""optimizer"": ""adam"", ""grad_clip"": 1.0, ""lr_scheduler"": ""cosine"", ""lr_min"": 1e-05, ""latent_dim"": 64, ""head_hidden"": 32, ""groups"": [{""name"": ""cleveland"", ""encoder"": ""mlp_tabular_ln"", ""input_dim"": 13, ""hidden_dim"": 64, ""dropout"": 0.1}, {""name"": ""hungarian"", ""encoder"": ""mlp_tabular_ln"", ""input_dim"": 13, ""hidden_dim"": 64, ""dropout"": 0.1}, {""name"": ""switzerland"", ""encoder"": ""mlp_tabular_ln"", ""input_dim"": 13, ""hidden_dim"": 64, ""dropout"": 0.1}, {""name"": ""va_long_beach"", ""encoder"": ""mlp_tabular_ln"", ""input_dim"": 13, ""hidden_dim"": 64, ""dropout"": 0.1}], ""anchor_eps"": 0.0001, ""sep_samples_per_class"": 4, ""sep_method"": ""classifier"", ""sep_margin"": 1.0, ""lambda_fit"": 0.05, ""lambda_sep"": 0.05, ""groupdro_enabled"": true, ""groupdro_eta"": 1.0, ""groupdro_gamma"": 0.9, ""groupdro_update_mode"": ""softmax"", ""groupdro_objective"": ""weighted"", ""groupdro_kl_lambda"": 0.0, ""groupdro_uniform_init"": true, ""log_interval"": 20, ""save_every"": 10, ""impute_missing"": true, ""common_encoder"": true, ""use_regret"": false, ""data_split_seed"": 1002}","{""num_groups"": 4, ""num_classes"": 2, ""train_total"": 522, ""test_total"": 185, ""train_group_counts"": [242, 235, 20, 25], ""test_group_counts"": [61, 59, 25, 40], ""train_class_counts"": [294, 228], ""test_class_counts"": [83, 102], ""train_group_class_counts"": [[131, 111], [150, 85], [2, 18], [11, 14]], ""test_group_class_counts"": [[33, 28], [38, 21], [2, 23], [10, 30]], ""group_proportions"": [0.46360153256704983, 0.4501915708812261, 0.038314176245210725, 0.04789272030651341]}","{""num_groups"": 4, ""eta"": 1.0, ""update_mode"": ""softmax"", ""robust_objective"": ""weighted"", ""gamma"": 0.9, ""kl_lambda"": 0.0, ""initial_pi"": [0.4636015295982361, 0.45019155740737915, 0.038314174860715866, 0.04789271950721741]}",2026-09-14T00:03:04.429012,10,0.7568986266851425,0.642578125,0.001,0.7081081081081081,0.7117640316754654,0.639344262295082,0.7627118644067796,"[0.639344262295082, 0.7627118644067796, 0.72, 0.725]","[0.6407670368913745, 0.5904592113979792, 0.5807323169708252, 0.6061509341001511]","[0.5421686746987951, 0.8431372549019608]","[[0.45454545454545453, 0.8571428571428571], [0.6578947368421053, 0.9523809523809523], [0.5, 0.7391304347826086], [0.4, 0.8333333333333334]]","[61, 59, 25, 40]",0.6930309734513275,"[0.6313186813186813, 0.7609953703703703, 0.5257452574525746, 0.6203623813632442]",0.5257452574525746,0.6407670368913745,"[0.2643679082393646, 0.26449087262153625, 0.25397157669067383, 0.2171695977449417]","[0.6266271695494652, 0.6653265804052353, 0.578544694930315, 0.6747770793735981]","[0.2470622304826975, 0.2569157797843218, 0.23540018871426582, 0.26062178798019886]","[0.4636015295982361, 0.45019155740737915, 0.038314174860715866, 0.04789271950721741]",0.0
"{""run_name"": ""fedheart_exp_paper_hetagg_gdro"", ""seed"": 7, ""run_dir"": ""runs/fedheart_cv_lam0.05/Shared_Anchors_GDRO_s7_f2"", ""use_fedheart"": true, ""num_classes"": 2, ""stratified_batching"": true, ""train_frac"": 0.8, ""group_max_train_samples"": [null, null, 20, 25], ""true_hetero_input_dim"": true, ""feature_mask"": [[0, 1, 2, 3, 5, 6, 7, 8, 9, 10], [0, 1, 2, 3, 5, 6, 11, 12], [0, 1, 2, 4, 5, 7, 11, 12], [0, 1, 2, 4, 5, 6, 8, 9, 10]], ""batch_size"": 64, ""num_workers"": 0, ""epochs"": 100, ""early_stopping_patience"": 30, ""lr"": 0.001, ""weight_decay"": 0.0001, ""optimizer"": ""adam"", ""grad_clip"": 1.0, ""lr_scheduler"": ""cosine"", ""lr_min"": 1e-05, ""latent_dim"": 64, ""head_hidden"": 32, ""groups"": [{""name"": ""cleveland"", ""encoder"": ""mlp_tabular_ln"", ""input_dim"": 13, ""hidden_dim"": 64, ""dropout"": 0.1}, {""name"": ""hungarian"", ""encoder"": ""mlp_tabular_ln"", ""input_dim"": 13, ""hidden_dim"": 64, ""dropout"": 0.1}, {""name"": ""switzerland"", ""encoder"": ""mlp_tabular_ln"", ""input_dim"": 13, ""hidden_dim"": 64, ""dropout"": 0.1}, {""name"": ""va_long_beach"", ""encoder"": ""mlp_tabular_ln"", ""input_dim"": 13, ""hidden_dim"": 64, ""dropout"": 0.1}], ""anchor_eps"": 0.0001, ""sep_samples_per_class"": 4, ""sep_method"": ""classifier"", ""sep_margin"": 1.0, ""lambda_fit"": 0.05, ""lambda_sep"": 0.05, ""groupdro_enabled"": true, ""groupdro_eta"": 1.0, ""groupdro_gamma"": 0.9, ""groupdro_update_mode"": ""softmax"", ""groupdro_objective"": ""weighted"", ""groupdro_kl_lambda"": 0.0, ""groupdro_uniform_init"": true, ""log_interval"": 20, ""save_every"": 10, ""impute_missing"": true, ""common_encoder"": true, ""use_regret"": false, ""data_split_seed"": 1002}","{""num_groups"": 4, ""num_classes"": 2, ""train_total"": 522, ""test_total"": 185, ""train_group_counts"": [242, 235, 20, 25], ""test_group_counts"": [61, 59, 25, 40], ""train_class_counts"": [294, 228], ""test_class_counts"": [83, 102], ""train_group_class_counts"": [[131, 111], [150, 85], [2, 18], [11, 14]], ""test_group_class_counts"": [[33, 28], [38, 21], [2, 23], [10, 30]], ""group_proportions"": [0.46360153256704983, 0.4501915708812261, 0.038314176245210725, 0.04789272030651341]}","{""num_groups"": 4, ""eta"": 1.0, ""update_mode"": ""softmax"", ""robust_objective"": ""weighted"", ""gamma"": 0.9, ""kl_lambda"": 0.0, ""initial_pi"": [0.4636015295982361, 0.45019155740737915, 0.038314174860715866, 0.04789271950721741]}",2026-09-14T00:03:04.429012,11,0.722115583717823,0.6640625,0.001,0.6810810810810811,0.6891205890525145,0.5737704918032787,0.7627118644067796,"[0.5737704918032787, 0.7627118644067796, 0.72, 0.7]","[0.6406139604380874, 0.5816495565034575, 0.5363855230808258, 0.5792043879628181]","[0.46987951807228917, 0.8529411764705882]","[[0.3333333333333333, 0.8571428571428571], [0.631578947368421, 1.0], [0.5, 0.7391304347826086], [0.3, 0.8333333333333334]]","[61, 59, 25, 40]",0.6580620907866296,"[0.5534909909909909, 0.7620967741935483, 0.5257452574525746, 0.5698924731182795]",0.5257452574525746,0.6406139604380874,"[0.24125626683235168, 0.26521027088165283, 0.26114600896835327, 0.232387512922287]","[0.6169833540916443, 0.6616986691951752, 0.5628614947199821, 0.6038912832736969]","[0.2511247843503952, 0.26247343234717846, 0.23804783262312412, 0.2483539581298828]","[0.4636015295982361, 0.45019155740737915, 0.038314174860715866, 0.04789271950721741]",0.0
"{""run_name"": ""fedheart_exp_paper_hetagg_gdro"", ""seed"": 7, ""run_dir"": ""runs/fedheart_cv_lam0.05/Shared_Anchors_GDRO_s7_f2"", ""use_fedheart"": true, ""num_classes"": 2, ""stratified_batching"": true, ""train_frac"": 0.8, ""group_max_train_samples"": [null, null, 20, 25], ""true_hetero_input_dim"": true, ""feature_mask"": [[0, 1, 2, 3, 5, 6, 7, 8, 9, 10], [0, 1, 2, 3, 5, 6, 11, 12], [0, 1, 2, 4, 5, 7, 11, 12], [0, 1, 2, 4, 5, 6, 8, 9, 10]], ""batch_size"": 64, ""num_workers"": 0, ""epochs"": 100, ""early_stopping_patience"": 30, ""lr"": 0.001, ""weight_decay"": 0.0001, ""optimizer"": ""adam"", ""grad_clip"": 1.0, ""lr_scheduler"": ""cosine"", ""lr_min"": 1e-05, ""latent_dim"": 64, ""head_hidden"": 32, ""groups"": [{""name"": ""cleveland"", ""encoder"": ""mlp_tabular_ln"", ""input_dim"": 13, ""hidden_dim"": 64, ""dropout"": 0.1}, {""name"": ""hungarian"", ""encoder"": ""mlp_tabular_ln"", ""input_dim"": 13, ""hidden_dim"": 64, ""dropout"": 0.1}, {""name"": ""switzerland"", ""encoder"": ""mlp_tabular_ln"", ""input_dim"": 13, ""hidden_dim"": 64, ""dropout"": 0.1}, {""name"": ""va_long_beach"", ""encoder"": ""mlp_tabular_ln"", ""input_dim"": 13, ""hidden_dim"": 64, ""dropout"": 0.1}], ""anchor_eps"": 0.0001, ""sep_samples_per_class"": 4, ""sep_method"": ""classifier"", ""sep_margin"": 1.0, ""lambda_fit"": 0.05, ""lambda_sep"": 0.05, ""groupdro_enabled"": true, ""groupdro_eta"": 1.0, ""groupdro_gamma"": 0.9, ""groupdro_update_mode"": ""softmax"", ""groupdro_objective"": ""weighted"", ""groupdro_kl_lambda"": 0.0, ""groupdro_uniform_init"": true, ""log_interval"": 20, ""save_every"": 10, ""impute_missing"": true, ""common_encoder"": true, ""use_regret"": false, ""data_split_seed"": 1002}","{""num_groups"": 4, ""num_classes"": 2, ""train_total"": 522, ""test_total"": 185, ""train_group_counts"": [242, 235, 20, 25], ""test_group_counts"": [61, 59, 25, 40], ""train_class_counts"": [294, 228], ""test_class_counts"": [83, 102], ""train_group_class_counts"": [[131, 111], [150, 85], [2, 18], [11, 14]], ""test_group_class_counts"": [[33, 28], [38, 21], [2, 23], [10, 30]], ""group_proportions"": [0.46360153256704983, 0.4501915708812261, 0.038314176245210725, 0.04789272030651341]}","{""num_groups"": 4, ""eta"": 1.0, ""update_mode"": ""softmax"", ""robust_objective"": ""weighted"", ""gamma"": 0.9, ""kl_lambda"": 0.0, ""initial_pi"": [0.4636015295982361, 0.45019155740737915, 0.038314174860715866, 0.04789271950721741]}",2026-09-14T00:03:04.429012,12,0.706704668700695,0.671875,0.001,0.7297297297297297,0.7284353292581273,0.6721311475409836,0.7966101694915254,"[0.6721311475409836, 0.7966101694915254, 0.72, 0.725]","[0.6195147044834544, 0.546928229725967, 0.5313794589042664, 0.5729655303061009]","[0.5903614457831325, 0.8431372549019608]","[[0.5151515151515151, 0.8571428571428571], [0.7105263157894737, 0.9523809523809523], [0.5, 0.7391304347826086], [0.4, 0.8333333333333334]]","[61, 59, 25, 40]",0.7184684684684685,"[0.667755991285403, 0.7937062937062938, 0.5257452574525746, 0.6203623813632442]",0.5257452574525746,0.6195147044834544,"[0.23298822343349457, 0.2833315432071686, 0.213215172290802, 0.27046510577201843]","[0.6010964885354042, 0.6683715879917145, 0.46637194603681564, 0.6289701759815216]","[0.2507701776921749, 0.26838887482881546, 0.21990437619388103, 0.2609365750104189]","[0.4636015295982361, 0.45019155740737915, 0.038314174860715866, 0.04789271950721741]",0.0
"{""run_name"": ""fedheart_exp_paper_hetagg_gdro"", ""seed"": 7, ""run_dir"": ""runs/fedheart_cv_lam0.05/Shared_Anchors_GDRO_s7_f2"", ""use_fedheart"": true, ""num_classes"": 2, ""stratified_batching"": true, ""train_frac"": 0.8, ""group_max_train_samples"": [null, null, 20, 25], ""true_hetero_input_dim"": true, ""feature_mask"": [[0, 1, 2, 3, 5, 6, 7, 8, 9, 10], [0, 1, 2, 3, 5, 6, 11, 12], [0, 1, 2, 4, 5, 7, 11, 12], [0, 1, 2, 4, 5, 6, 8, 9, 10]], ""batch_size"": 64, ""num_workers"": 0, ""epochs"": 100, ""early_stopping_patience"": 30, ""lr"": 0.001, ""weight_decay"": 0.0001, ""optimizer"": ""adam"", ""grad_clip"": 1.0, ""lr_scheduler"": ""cosine"", ""lr_min"": 1e-05, ""latent_dim"": 64, ""head_hidden"": 32, ""groups"": [{""name"": ""cleveland"", ""encoder"": ""mlp_tabular_ln"", ""input_dim"": 13, ""hidden_dim"": 64, ""dropout"": 0.1}, {""name"": ""hungarian"", ""encoder"": ""mlp_tabular_ln"", ""input_dim"": 13, ""hidden_dim"": 64, ""dropout"": 0.1}, {""name"": ""switzerland"", ""encoder"": ""mlp_tabular_ln"", ""input_dim"": 13, ""hidden_dim"": 64, ""dropout"": 0.1}, {""name"": ""va_long_beach"", ""encoder"": ""mlp_tabular_ln"", ""input_dim"": 13, ""hidden_dim"": 64, ""dropout"": 0.1}], ""anchor_eps"": 0.0001, ""sep_samples_per_class"": 4, ""sep_method"": ""classifier"", ""sep_margin"": 1.0, ""lambda_fit"": 0.05, ""lambda_sep"": 0.05, ""groupdro_enabled"": true, ""groupdro_eta"": 1.0, ""groupdro_gamma"": 0.9, ""groupdro_update_mode"": ""softmax"", ""groupdro_objective"": ""weighted"", ""groupdro_kl_lambda"": 0.0, ""groupdro_uniform_init"": true, ""log_interval"": 20, ""save_every"": 10, ""impute_missing"": true, ""common_encoder"": true, ""use_regret"": false, ""data_split_seed"": 1002}","{""num_groups"": 4, ""num_classes"": 2, ""train_total"": 522, ""test_total"": 185, ""train_group_counts"": [242, 235, 20, 25], ""test_group_counts"": [61, 59, 25, 40], ""train_class_counts"": [294, 228], ""test_class_counts"": [83, 102], ""train_group_class_counts"": [[131, 111], [150, 85], [2, 18], [11, 14]], ""test_group_class_counts"": [[33, 28], [38, 21], [2, 23], [10, 30]], ""group_proportions"": [0.46360153256704983, 0.4501915708812261, 0.038314176245210725, 0.04789272030651341]}","{""num_groups"": 4, ""eta"": 1.0, ""update_mode"": ""softmax"", ""robust_objective"": ""weighted"", ""gamma"": 0.9, ""kl_lambda"": 0.0, ""initial_pi"": [0.4636015295982361, 0.45019155740737915, 0.038314174860715866, 0.04789271950721741]}",2026-09-14T00:03:04.429012,13,0.665830671787262,0.724609375,0.001,0.7567567567567568,0.7493439149763823,0.7049180327868853,0.847457627118644,"[0.7049180327868853, 0.847457627118644, 0.72, 0.725]","[0.5968934461230138, 0.507483860951359, 0.5734957778453826, 0.5939350612461567]","[0.7349397590361446, 0.7745098039215687]","[[0.7272727272727273, 0.6785714285714286], [0.8157894736842105, 0.9047619047619048], [0.5, 0.7391304347826086], [0.5, 0.8]]","[61, 59, 25, 40]",0.754432022654199,"[0.702922077922078, 0.8408750374587952, 0.5257452574525746, 0.6448748991121872]",0.5257452574525746,0.5968934461230138,"[0.23343248665332794, 0.23648466169834137, 0.2599143385887146, 0.2701685130596161]","[0.5685110278427601, 0.6235567033290863, 0.49206604808568954, 0.5838030241429806]","[0.2492104284465313, 0.2633891571313143, 0.2323643509298563, 0.25503605976700783]","[0.4636015295982361, 0.45019155740737915, 0.038314174860715866, 0.04789271950721741]",0.0
"{""run_name"": ""fedheart_exp_paper_hetagg_gdro"", ""seed"": 7, ""run_dir"": ""runs/fedheart_cv_lam0.05/Shared_Anchors_GDRO_s7_f2"", ""use_fedheart"": true, ""num_classes"": 2, ""stratified_batching"": true, ""train_frac"": 0.8, ""group_max_train_samples"": [null, null, 20, 25], ""true_hetero_input_dim"": true, ""feature_mask"": [[0, 1, 2, 3, 5, 6, 7, 8, 9, 10], [0, 1, 2, 3, 5, 6, 11, 12], [0, 1, 2, 4, 5, 7, 11, 12], [0, 1, 2, 4, 5, 6, 8, 9, 10]], ""batch_size"": 64, ""num_workers"": 0, ""epochs"": 100, ""early_stopping_patience"": 30, ""lr"": 0.001, ""weight_decay"": 0.0001, ""optimizer"": ""adam"", ""grad_clip"": 1.0, ""lr_scheduler"": ""cosine"", ""lr_min"": 1e-05, ""latent_dim"": 64, ""head_hidden"": 32, ""groups"": [{""name"": ""cleveland"", ""encoder"": ""mlp_tabular_ln"", ""input_dim"": 13, ""hidden_dim"": 64, ""dropout"": 0.1}, {""name"": ""hungarian"", ""encoder"": ""mlp_tabular_ln"", ""input_dim"": 13, ""hidden_dim"": 64, ""dropout"": 0.1}, {""name"": ""switzerland"", ""encoder"": ""mlp_tabular_ln"", ""input_dim"": 13, ""hidden_dim"": 64, ""dropout"": 0.1}, {""name"": ""va_long_beach"", ""encoder"": ""mlp_tabular_ln"", ""input_dim"": 13, ""hidden_dim"": 64, ""dropout"": 0.1}], ""anchor_eps"": 0.0001, ""sep_samples_per_class"": 4, ""sep_method"": ""classifier"", ""sep_margin"": 1.0, ""lambda_fit"": 0.05, ""lambda_sep"": 0.05, ""groupdro_enabled"": true, ""groupdro_eta"": 1.0, ""groupdro_gamma"": 0.9, ""groupdro_update_mode"": ""softmax"", ""groupdro_objective"": ""weighted"", ""groupdro_kl_lambda"": 0.0, ""groupdro_uniform_init"": true, ""log_interval"": 20, ""save_every"": 10, ""impute_missing"": true, ""common_encoder"": true, ""use_regret"": false, ""data_split_seed"": 1002}","{""num_groups"": 4, ""num_classes"": 2, ""train_total"": 522, ""test_total"": 185, ""train_group_counts"": [242, 235, 20, 25], ""test_group_counts"": [61, 59, 25, 40], ""train_class_counts"": [294, 228], ""test_class_counts"": [83, 102], ""train_group_class_counts"": [[131, 111], [150, 85], [2, 18], [11, 14]], ""test_group_class_counts"": [[33, 28], [38, 21], [2, 23], [10, 30]], ""group_proportions"": [0.46360153256704983, 0.4501915708812261, 0.038314176245210725, 0.04789272030651341]}","{""num_groups"": 4, ""eta"": 1.0, ""update_mode"": ""softmax"", ""robust_objective"": ""weighted"", ""gamma"": 0.9, ""kl_lambda"": 0.0, ""initial_pi"": [0.4636015295982361, 0.45019155740737915, 0.038314174860715866, 0.04789271950721741]}",2026-09-14T00:03:04.429012,14,0.6372041776776314,0.767578125,0.001,0.745945945945946,0.7410082661850514,0.6885245901639344,0.8305084745762712,"[0.6885245901639344, 0.8305084745762712, 0.72, 0.725]","[0.5951908851256136, 0.48509117001194063, 0.5488778525590896, 0.574950834363699]","[0.6867469879518072, 0.7941176470588235]","[[0.6666666666666666, 0.7142857142857143], [0.7894736842105263, 0.9047619047619048], [0.5, 0.7391304347826086], [0.4, 0.8333333333333334]]","[61, 59, 25, 40]",0.7415970756931856,"[0.6881894000538068, 0.824404761904762, 0.5257452574525746, 0.6203623813632442]",0.5257452574525746,0.5951908851256136,"[0.22340995073318481, 0.25632956624031067, 0.203963503241539, 0.3162970244884491]","[0.5520526096224785, 0.6207199990749359, 0.43147842586040497, 0.5707096494734287]","[0.2508830949664116, 0.2690369598567486, 0.2225721813738346, 0.2575077824294567]","[0.4636015295982361, 0.45019155740737915, 0.038314174860715866, 0.04789271950721741]",0.0
"{""run_name"": ""fedheart_exp_paper_hetagg_gdro"", ""seed"": 7, ""run_dir"": ""runs/fedheart_cv_lam0.05/Shared_Anchors_GDRO_s7_f2"", ""use_fedheart"": true, ""num_classes"": 2, ""stratified_batching"": true, ""train_frac"": 0.8, ""group_max_train_samples"": [null, null, 20, 25], ""true_hetero_input_dim"": true, ""feature_mask"": [[0, 1, 2, 3, 5, 6, 7, 8, 9, 10], [0, 1, 2, 3, 5, 6, 11, 12], [0, 1, 2, 4, 5, 7, 11, 12], [0, 1, 2, 4, 5, 6, 8, 9, 10]], ""batch_size"": 64, ""num_workers"": 0, ""epochs"": 100, ""early_stopping_patience"": 30, ""lr"": 0.001, ""weight_decay"": 0.0001, ""optimizer"": ""adam"", ""grad_clip"": 1.0, ""lr_scheduler"": ""cosine"", ""lr_min"": 1e-05, ""latent_dim"": 64, ""head_hidden"": 32, ""groups"": [{""name"": ""cleveland"", ""encoder"": ""mlp_tabular_ln"", ""input_dim"": 13, ""hidden_dim"": 64, ""dropout"": 0.1}, {""name"": ""hungarian"", ""encoder"": ""mlp_tabular_ln"", ""input_dim"": 13, ""hidden_dim"": 64, ""dropout"": 0.1}, {""name"": ""switzerland"", ""encoder"": ""mlp_tabular_ln"", ""input_dim"": 13, ""hidden_dim"": 64, ""dropout"": 0.1}, {""name"": ""va_long_beach"", ""encoder"": ""mlp_tabular_ln"", ""input_dim"": 13, ""hidden_dim"": 64, ""dropout"": 0.1}], ""anchor_eps"": 0.0001, ""sep_samples_per_class"": 4, ""sep_method"": ""classifier"", ""sep_margin"": 1.0, ""lambda_fit"": 0.05, ""lambda_sep"": 0.05, ""groupdro_enabled"": true, ""groupdro_eta"": 1.0, ""groupdro_gamma"": 0.9, ""groupdro_update_mode"": ""softmax"", ""groupdro_objective"": ""weighted"", ""groupdro_kl_lambda"": 0.0, ""groupdro_uniform_init"": true, ""log_interval"": 20, ""save_every"": 10, ""impute_missing"": true, ""common_encoder"": true, ""use_regret"": false, ""data_split_seed"": 1002}","{""num_groups"": 4, ""num_classes"": 2, ""train_total"": 522, ""test_total"": 185, ""train_group_counts"": [242, 235, 20, 25], ""test_group_counts"": [61, 59, 25, 40], ""train_class_counts"": [294, 228], ""test_class_counts"": [83, 102], ""train_group_class_counts"": [[131, 111], [150, 85], [2, 18], [11, 14]], ""test_group_class_counts"": [[33, 28], [38, 21], [2, 23], [10, 30]], ""group_proportions"": [0.46360153256704983, 0.4501915708812261, 0.038314176245210725, 0.04789272030651341]}","{""num_groups"": 4, ""eta"": 1.0, ""update_mode"": ""softmax"", ""robust_objective"": ""weighted"", ""gamma"": 0.9, ""kl_lambda"": 0.0, ""initial_pi"": [0.4636015295982361, 0.45019155740737915, 0.038314174860715866, 0.04789271950721741]}",2026-09-14T00:03:04.429012,15,0.6303944066166878,0.736328125,0.001,0.7351351351351352,0.7210082661850514,0.64,0.8305084745762712,"[0.6885245901639344, 0.8305084745762712, 0.64, 0.725]","[0.5896292331277347, 0.4571895468032966, 0.5737933105230332, 0.584713552892208]","[0.7228915662650602, 0.7450980392156863]","[[0.7272727272727273, 0.6428571428571429], [0.7894736842105263, 0.9047619047619048], [0.5, 0.6521739130434783], [0.5, 0.8]]","[61, 59, 25, 40]",0.7331390385351348,"[0.6854816824966079, 0.824404761904762, 0.4755244755244755, 0.6448748991121872]",0.4755244755244755,0.5896292331277347,"[0.2248174548149109, 0.26727235317230225, 0.2650054693222046, 0.2429046630859375]","[0.5394788049161434, 0.6131810024380684, 0.40005574002861977, 0.5738175846636295]","[0.2506796959787607, 0.26928070932626724, 0.21946530602872372, 0.2605742793530226]","[0.4636015295982361, 0.45019155740737915, 0.038314174860715866, 0.04789271950721741]",0.0
"{""run_name"": ""fedheart_exp_paper_hetagg_gdro"", ""seed"": 7, ""run_dir"": ""runs/fedheart_cv_lam0.05/Shared_Anchors_GDRO_s7_f2"", ""use_fedheart"": true, ""num_classes"": 2, ""stratified_batching"": true, ""train_frac"": 0.8, ""group_max_train_samples"": [null, null, 20, 25], ""true_hetero_input_dim"": true, ""feature_mask"": [[0, 1, 2, 3, 5, 6, 7, 8, 9, 10], [0, 1, 2, 3, 5, 6, 11, 12], [0, 1, 2, 4, 5, 7, 11, 12], [0, 1, 2, 4, 5, 6, 8, 9, 10]], ""batch_size"": 64, ""num_workers"": 0, ""epochs"": 100, ""early_stopping_patience"": 30, ""lr"": 0.001, ""weight_decay"": 0.0001, ""optimizer"": ""adam"", ""grad_clip"": 1.0, ""lr_scheduler"": ""cosine"", ""lr_min"": 1e-05, ""latent_dim"": 64, ""head_hidden"": 32, ""groups"": [{""name"": ""cleveland"", ""encoder"": ""mlp_tabular_ln"", ""input_dim"": 13, ""hidden_dim"": 64, ""dropout"": 0.1}, {""name"": ""hungarian"", ""encoder"": ""mlp_tabular_ln"", ""input_dim"": 13, ""hidden_dim"": 64, ""dropout"": 0.1}, {""name"": ""switzerland"", ""encoder"": ""mlp_tabular_ln"", ""input_dim"": 13, ""hidden_dim"": 64, ""dropout"": 0.1}, {""name"": ""va_long_beach"", ""encoder"": ""mlp_tabular_ln"", ""input_dim"": 13, ""hidden_dim"": 64, ""dropout"": 0.1}], ""anchor_eps"": 0.0001, ""sep_samples_per_class"": 4, ""sep_method"": ""classifier"", ""sep_margin"": 1.0, ""lambda_fit"": 0.05, ""lambda_sep"": 0.05, ""groupdro_enabled"": true, ""groupdro_eta"": 1.0, ""groupdro_gamma"": 0.9, ""groupdro_update_mode"": ""softmax"", ""groupdro_objective"": ""weighted"", ""groupdro_kl_lambda"": 0.0, ""groupdro_uniform_init"": true, ""log_interval"": 20, ""save_every"": 10, ""impute_missing"": true, ""common_encoder"": true, ""use_regret"": false, ""data_split_seed"": 1002}","{""num_groups"": 4, ""num_classes"": 2, ""train_total"": 522, ""test_total"": 185, ""train_group_counts"": [242, 235, 20, 25], ""test_group_counts"": [61, 59, 25, 40], ""train_class_counts"": [294, 228], ""test_class_counts"": [83, 102], ""train_group_class_counts"": [[131, 111], [150, 85], [2, 18], [11, 14]], ""test_group_class_counts"": [[33, 28], [38, 21], [2, 23], [10, 30]], ""group_proportions"": [0.46360153256704983, 0.4501915708812261, 0.038314176245210725, 0.04789272030651341]}","{""num_groups"": 4, ""eta"": 1.0, ""update_mode"": ""softmax"", ""robust_objective"": ""weighted"", ""gamma"": 0.9, ""kl_lambda"": 0.0, ""initial_pi"": [0.4636015295982361, 0.45019155740737915, 0.038314174860715866, 0.04789271950721741]}",2026-09-14T00:03:04.429012,16,0.6094339936971664,0.787109375,0.001,0.7297297297297297,0.7108717699360934,0.64,0.8813559322033898,"[0.6721311475409836, 0.8813559322033898, 0.64, 0.65]","[0.5833419811774473, 0.4238075624078007, 0.6179063975811004, 0.6054159514605999]","[0.7710843373493976, 0.696078431372549]","[[0.7575757575757576, 0.5714285714285714], [0.868421052631579, 0.9047619047619048], [0.5, 0.6521739130434783], [0.5, 0.7]]","[61, 59, 25, 40]",0.7293422284644195,"[0.6648351648351647, 0.8742770167427703, 0.4755244755244755, 0.5833333333333333]",0.4755244755244755,0.6179063975811004,"[0.2589675486087799, 0.30353501439094543, 0.21789632737636566, 0.21960113942623138]","[0.5195391848683357, 0.5677551925182343, 0.44645947590470314, 0.5859106592833996]","[0.24652506224811077, 0.2588646933436394, 0.2306075096130371, 0.2640027478337288]","[0.4636015295982361, 0.45019155740737915, 0.038314174860715866, 0.04789271950721741]",0.0
"{""run_name"": ""fedheart_exp_paper_hetagg_gdro"", ""seed"": 7, ""run_dir"": ""runs/fedheart_cv_lam0.05/Shared_Anchors_GDRO_s7_f2"", ""use_fedheart"": true, ""num_classes"": 2, ""stratified_batching"": true, ""train_frac"": 0.8, ""group_max_train_samples"": [null, null, 20, 25], ""true_hetero_input_dim"": true, ""feature_mask"": [[0, 1, 2, 3, 5, 6, 7, 8, 9, 10], [0, 1, 2, 3, 5, 6, 11, 12], [0, 1, 2, 4, 5, 7, 11, 12], [0, 1, 2, 4, 5, 6, 8, 9, 10]], ""batch_size"": 64, ""num_workers"": 0, ""epochs"": 100, ""early_stopping_patience"": 30, ""lr"": 0.001, ""weight_decay"": 0.0001, ""optimizer"": ""adam"", ""grad_clip"": 1.0, ""lr_scheduler"": ""cosine"", ""lr_min"": 1e-05, ""latent_dim"": 64, ""head_hidden"": 32, ""groups"": [{""name"": ""cleveland"", ""encoder"": ""mlp_tabular_ln"", ""input_dim"": 13, ""hidden_dim"": 64, ""dropout"": 0.1}, {""name"": ""hungarian"", ""encoder"": ""mlp_tabular_ln"", ""input_dim"": 13, ""hidden_dim"": 64, ""dropout"": 0.1}, {""name"": ""switzerland"", ""encoder"": ""mlp_tabular_ln"", ""input_dim"": 13, ""hidden_dim"": 64, ""dropout"": 0.1}, {""name"": ""va_long_beach"", ""encoder"": ""mlp_tabular_ln"", ""input_dim"": 13, ""hidden_dim"": 64, ""dropout"": 0.1}], ""anchor_eps"": 0.0001, ""sep_samples_per_class"": 4, ""sep_method"": ""classifier"", ""sep_margin"": 1.0, ""lambda_fit"": 0.05, ""lambda_sep"": 0.05, ""groupdro_enabled"": true, ""groupdro_eta"": 1.0, ""groupdro_gamma"": 0.9, ""groupdro_update_mode"": ""softmax"", ""groupdro_objective"": ""weighted"", ""groupdro_kl_lambda"": 0.0, ""groupdro_uniform_init"": true, ""log_interval"": 20, ""save_every"": 10, ""impute_missing"": true, ""common_encoder"": true, ""use_regret"": false, ""data_split_seed"": 1002}","{""num_groups"": 4, ""num_classes"": 2, ""train_total"": 522, ""test_total"": 185, ""train_group_counts"": [242, 235, 20, 25], ""test_group_counts"": [61, 59, 25, 40], ""train_class_counts"": [294, 228], ""test_class_counts"": [83, 102], ""train_group_class_counts"": [[131, 111], [150, 85], [2, 18], [11, 14]], ""test_group_class_counts"": [[33, 28], [38, 21], [2, 23], [10, 30]], ""group_proportions"": [0.46360153256704983, 0.4501915708812261, 0.038314176245210725, 0.04789272030651341]}","{""num_groups"": 4, ""eta"": 1.0, ""update_mode"": ""softmax"", ""robust_objective"": ""weighted"", ""gamma"": 0.9, ""kl_lambda"": 0.0, ""initial_pi"": [0.4636015295982361, 0.45019155740737915, 0.038314174860715866, 0.04789271950721741]}",2026-09-14T00:03:04.429012,17,0.5943873375654221,0.76171875,0.001,0.7567567567567568,0.7492049874965268,0.72,0.8305084745762712,"[0.7213114754098361, 0.8305084745762712, 0.72, 0.725]","[0.6033266357711105, 0.4344058746503571, 0.5485040062665939, 0.5642271097749472]","[0.6987951807228916, 0.803921568627451]","[[0.696969696969697, 0.75], [0.7894736842105263, 0.9047619047619048], [0.5, 0.7391304347826086], [0.4, 0.8333333333333334]]","[61, 59, 25, 40]",0.7525929448126244,"[0.7210115684691957, 0.824404761904762, 0.5257452574525746, 0.6203623813632442]",0.5257452574525746,0.6033266357711105,"[0.255308598279953, 0.2938665747642517, 0.21518799662590027, 0.2356368601322174]","[0.5327614843845367, 0.5784046277403831, 0.38110426627099514, 0.5605064332485199]","[0.2538441587239504, 0.26558443531394005, 0.2188273947685957, 0.26174401864409447]","[0.4636015295982361, 0.45019155740737915, 0.038314174860715866, 0.04789271950721741]",0.0
"{""run_name"": ""fedheart_exp_paper_hetagg_gdro"", ""seed"": 7, ""run_dir"": ""runs/fedheart_cv_lam0.05/Shared_Anchors_GDRO_s7_f2"", ""use_fedheart"": true, ""num_classes"": 2, ""stratified_batching"": true, ""train_frac"": 0.8, ""group_max_train_samples"": [null, null, 20, 25], ""true_hetero_input_dim"": true, ""feature_mask"": [[0, 1, 2, 3, 5, 6, 7, 8, 9, 10], [0, 1, 2, 3, 5, 6, 11, 12], [0, 1, 2, 4, 5, 7, 11, 12], [0, 1, 2, 4, 5, 6, 8, 9, 10]], ""batch_size"": 64, ""num_workers"": 0, ""epochs"": 100, ""early_stopping_patience"": 30, ""lr"": 0.001, ""weight_decay"": 0.0001, ""optimizer"": ""adam"", ""grad_clip"": 1.0, ""lr_scheduler"": ""cosine"", ""lr_min"": 1e-05, ""latent_dim"": 64, ""head_hidden"": 32, ""groups"": [{""name"": ""cleveland"", ""encoder"": ""mlp_tabular_ln"", ""input_dim"": 13, ""hidden_dim"": 64, ""dropout"": 0.1}, {""name"": ""hungarian"", ""encoder"": ""mlp_tabular_ln"", ""input_dim"": 13, ""hidden_dim"": 64, ""dropout"": 0.1}, {""name"": ""switzerland"", ""encoder"": ""mlp_tabular_ln"", ""input_dim"": 13, ""hidden_dim"": 64, ""dropout"": 0.1}, {""name"": ""va_long_beach"", ""encoder"": ""mlp_tabular_ln"", ""input_dim"": 13, ""hidden_dim"": 64, ""dropout"": 0.1}], ""anchor_eps"": 0.0001, ""sep_samples_per_class"": 4, ""sep_method"": ""classifier"", ""sep_margin"": 1.0, ""lambda_fit"": 0.05, ""lambda_sep"": 0.05, ""groupdro_enabled"": true, ""groupdro_eta"": 1.0, ""groupdro_gamma"": 0.9, ""groupdro_update_mode"": ""softmax"", ""groupdro_objective"": ""weighted"", ""groupdro_kl_lambda"": 0.0, ""groupdro_uniform_init"": true, ""log_interval"": 20, ""save_every"": 10, ""impute_missing"": true, ""common_encoder"": true, ""use_regret"": false, ""data_split_seed"": 1002}","{""num_groups"": 4, ""num_classes"": 2, ""train_total"": 522, ""test_total"": 185, ""train_group_counts"": [242, 235, 20, 25], ""test_group_counts"": [61, 59, 25, 40], ""train_class_counts"": [294, 228], ""test_class_counts"": [83, 102], ""train_group_class_counts"": [[131, 111], [150, 85], [2, 18], [11, 14]], ""test_group_class_counts"": [[33, 28], [38, 21], [2, 23], [10, 30]], ""group_proportions"": [0.46360153256704983, 0.4501915708812261, 0.038314176245210725, 0.04789272030651341]}","{""num_groups"": 4, ""eta"": 1.0, ""update_mode"": ""softmax"", ""robust_objective"": ""weighted"", ""gamma"": 0.9, ""kl_lambda"": 0.0, ""initial_pi"": [0.4636015295982361, 0.45019155740737915, 0.038314174860715866, 0.04789271950721741]}",2026-09-14T00:03:04.429012,18,0.571640245616436,0.767578125,0.001,0.7189189189189189,0.7025361211447625,0.64,0.864406779661017,"[0.6557377049180327, 0.864406779661017, 0.64, 0.65]","[0.587873960127596, 0.3819900338174933, 0.693867524266243, 0.6441763227805495]","[0.7831325301204819, 0.6666666666666666]","[[0.7575757575757576, 0.5357142857142857], [0.868421052631579, 0.8571428571428571], [0.5, 0.6521739130434783], [0.6, 0.6666666666666666]]","[61, 59, 25, 40]",0.7188449848024315,"[0.6462303231151616, 0.855036855036855, 0.4755244755244755, 0.6011396011396012]",0.4755244755244755,0.693867524266243,"[0.27015921473503113, 0.2581571936607361, 0.2335270792245865, 0.2381565123796463]","[0.5043840706348419, 0.5486845448613167, 0.40288737416267395, 0.5352887231856585]","[0.25196870043873787, 0.2619727700948715, 0.22654023207724094, 0.2595183104276657]","[0.4636015295982361, 0.45019155740737915, 0.038314174860715866, 0.04789271950721741]",0.0
"{""run_name"": ""fedheart_exp_paper_hetagg_gdro"", ""seed"": 7, ""run_dir"": ""runs/fedheart_cv_lam0.05/Shared_Anchors_GDRO_s7_f2"", ""use_fedheart"": true, ""num_classes"": 2, ""stratified_batching"": true, ""train_frac"": 0.8, ""group_max_train_samples"": [null, null, 20, 25], ""true_hetero_input_dim"": true, ""feature_mask"": [[0, 1, 2, 3, 5, 6, 7, 8, 9, 10], [0, 1, 2, 3, 5, 6, 11, 12], [0, 1, 2, 4, 5, 7, 11, 12], [0, 1, 2, 4, 5, 6, 8, 9, 10]], ""batch_size"": 64, ""num_workers"": 0, ""epochs"": 100, ""early_stopping_patience"": 30, ""lr"": 0.001, ""weight_decay"": 0.0001, ""optimizer"": ""adam"", ""grad_clip"": 1.0, ""lr_scheduler"": ""cosine"", ""lr_min"": 1e-05, ""latent_dim"": 64, ""head_hidden"": 32, ""groups"": [{""name"": ""cleveland"", ""encoder"": ""mlp_tabular_ln"", ""input_dim"": 13, ""hidden_dim"": 64, ""dropout"": 0.1}, {""name"": ""hungarian"", ""encoder"": ""mlp_tabular_ln"", ""input_dim"": 13, ""hidden_dim"": 64, ""dropout"": 0.1}, {""name"": ""switzerland"", ""encoder"": ""mlp_tabular_ln"", ""input_dim"": 13, ""hidden_dim"": 64, ""dropout"": 0.1}, {""name"": ""va_long_beach"", ""encoder"": ""mlp_tabular_ln"", ""input_dim"": 13, ""hidden_dim"": 64, ""dropout"": 0.1}], ""anchor_eps"": 0.0001, ""sep_samples_per_class"": 4, ""sep_method"": ""classifier"", ""sep_margin"": 1.0, ""lambda_fit"": 0.05, ""lambda_sep"": 0.05, ""groupdro_enabled"": true, ""groupdro_eta"": 1.0, ""groupdro_gamma"": 0.9, ""groupdro_update_mode"": ""softmax"", ""groupdro_objective"": ""weighted"", ""groupdro_kl_lambda"": 0.0, ""groupdro_uniform_init"": true, ""log_interval"": 20, ""save_every"": 10, ""impute_missing"": true, ""common_encoder"": true, ""use_regret"": false, ""data_split_seed"": 1002}","{""num_groups"": 4, ""num_classes"": 2, ""train_total"": 522, ""test_total"": 185, ""train_group_counts"": [242, 235, 20, 25], ""test_group_counts"": [61, 59, 25, 40], ""train_class_counts"": [294, 228], ""test_class_counts"": [83, 102], ""train_group_class_counts"": [[131, 111], [150, 85], [2, 18], [11, 14]], ""test_group_class_counts"": [[33, 28], [38, 21], [2, 23], [10, 30]], ""group_proportions"": [0.46360153256704983, 0.4501915708812261, 0.038314176245210725, 0.04789272030651341]}","{""num_groups"": 4, ""eta"": 1.0, ""update_mode"": ""softmax"", ""robust_objective"": ""weighted"", ""gamma"": 0.9, ""kl_lambda"": 0.0, ""initial_pi"": [0.4636015295982361, 0.45019155740737915, 0.038314174860715866, 0.04789271950721741]}",2026-09-14T00:03:04.429012,19,0.6098427511751652,0.763671875,0.001,0.7297297297297297,0.7284353292581273,0.6721311475409836,0.7966101694915254,"[0.6721311475409836, 0.7966101694915254, 0.72, 0.725]","[0.6034994761719078, 0.43698185777007525, 0.5325393924117088, 0.566823179088533]","[0.6144578313253012, 0.8235294117647058]","[[0.5454545454545454, 0.8214285714285714], [0.7368421052631579, 0.9047619047619048], [0.5, 0.7391304347826086], [0.4, 0.8333333333333334]]","[61, 59, 25, 40]",0.7208474167069048,"[0.6699134199134199, 0.7917647058823529, 0.5257452574525746, 0.6203623813632442]",0.5257452574525746,0.6034994761719078,"[0.24026614427566528, 0.24261252582073212, 0.17320376634597778, 0.34391745924949646]","[0.48128994181752205, 0.5607440434396267, 0.44732321985065937, 0.653501607477665]","[0.23602084815502167, 0.2532827649265528, 0.22711198776960373, 0.28358438052237034]","[0.4636015295982361, 0.45019155740737915, 0.038314174860715866, 0.04789271950721741]",0.0
"{""run_name"": ""fedheart_exp_paper_hetagg_gdro"", ""seed"": 7, ""run_dir"": ""runs/fedheart_cv_lam0.05/Shared_Anchors_GDRO_s7_f2"", ""use_fedheart"": true, ""num_classes"": 2, ""stratified_batching"": true, ""train_frac"": 0.8, ""group_max_train_samples"": [null, null, 20, 25], ""true_hetero_input_dim"": true, ""feature_mask"": [[0, 1, 2, 3, 5, 6, 7, 8, 9, 10], [0, 1, 2, 3, 5, 6, 11, 12], [0, 1, 2, 4, 5, 7, 11, 12], [0, 1, 2, 4, 5, 6, 8, 9, 10]], ""batch_size"": 64, ""num_workers"": 0, ""epochs"": 100, ""early_stopping_patience"": 30, ""lr"": 0.001, ""weight_decay"": 0.0001, ""optimizer"": ""adam"", ""grad_clip"": 1.0, ""lr_scheduler"": ""cosine"", ""lr_min"": 1e-05, ""latent_dim"": 64, ""head_hidden"": 32, ""groups"": [{""name"": ""cleveland"", ""encoder"": ""mlp_tabular_ln"", ""input_dim"": 13, ""hidden_dim"": 64, ""dropout"": 0.1}, {""name"": ""hungarian"", ""encoder"": ""mlp_tabular_ln"", ""input_dim"": 13, ""hidden_dim"": 64, ""dropout"": 0.1}, {""name"": ""switzerland"", ""encoder"": ""mlp_tabular_ln"", ""input_dim"": 13, ""hidden_dim"": 64, ""dropout"": 0.1}, {""name"": ""va_long_beach"", ""encoder"": ""mlp_tabular_ln"", ""input_dim"": 13, ""hidden_dim"": 64, ""dropout"": 0.1}], ""anchor_eps"": 0.0001, ""sep_samples_per_class"": 4, ""sep_method"": ""classifier"", ""sep_margin"": 1.0, ""lambda_fit"": 0.05, ""lambda_sep"": 0.05, ""groupdro_enabled"": true, ""groupdro_eta"": 1.0, ""groupdro_gamma"": 0.9, ""groupdro_update_mode"": ""softmax"", ""groupdro_objective"": ""weighted"", ""groupdro_kl_lambda"": 0.0, ""groupdro_uniform_init"": true, ""log_interval"": 20, ""save_every"": 10, ""impute_missing"": true, ""common_encoder"": true, ""use_regret"": false, ""data_split_seed"": 1002}","{""num_groups"": 4, ""num_classes"": 2, ""train_total"": 522, ""test_total"": 185, ""train_group_counts"": [242, 235, 20, 25], ""test_group_counts"": [61, 59, 25, 40], ""train_class_counts"": [294, 228], ""test_class_counts"": [83, 102], ""train_group_class_counts"": [[131, 111], [150, 85], [2, 18], [11, 14]], ""test_group_class_counts"": [[33, 28], [38, 21], [2, 23], [10, 30]], ""group_proportions"": [0.46360153256704983, 0.4501915708812261, 0.038314176245210725, 0.04789272030651341]}","{""num_groups"": 4, ""eta"": 1.0, ""update_mode"": ""softmax"", ""robust_objective"": ""weighted"", ""gamma"": 0.9, ""kl_lambda"": 0.0, ""initial_pi"": [0.4636015295982361, 0.45019155740737915, 0.038314174860715866, 0.04789271950721741]}",2026-09-14T00:03:04.429012,20,0.5419677421450615,0.755859375,0.001,0.7567567567567568,0.7434422756321201,0.68,0.847457627118644,"[0.7213114754098361, 0.847457627118644, 0.68, 0.725]","[0.5690115588854571, 0.3713530276791524, 0.694459091424942, 0.645231525786221]","[0.7831325301204819, 0.7352941176470589]","[[0.7878787878787878, 0.6428571428571429], [0.8421052631578947, 0.8571428571428571], [0.5, 0.6956521739130435], [0.6, 0.7666666666666667]]","[61, 59, 25, 40]",0.756043956043956,"[0.7164342357123326, 0.8383561643835616, 0.5, 0.6643783371472158]",0.5,0.694459091424942,"[0.2412431538105011, 0.2733023762702942, 0.20565512776374817, 0.27979934215545654]","[0.4977670907974243, 0.5700806155800819, 0.24501008726656437, 0.5467382557690144]","[0.255229027941823, 0.2745688036084175, 0.19824049435555935, 0.27196165546774864]","[0.4636015295982361, 0.45019155740737915, 0.038314174860715866, 0.04789271950721741]",0.0
"{""run_name"": ""fedheart_exp_paper_hetagg_gdro"", ""seed"": 7, ""run_dir"": ""runs/fedheart_cv_lam0.05/Shared_Anchors_GDRO_s7_f2"", ""use_fedheart"": true, ""num_classes"": 2, ""stratified_batching"": true, ""train_frac"": 0.8, ""group_max_train_samples"": [null, null, 20, 25], ""true_hetero_input_dim"": true, ""feature_mask"": [[0, 1, 2, 3, 5, 6, 7, 8, 9, 10], [0, 1, 2, 3, 5, 6, 11, 12], [0, 1, 2, 4, 5, 7, 11, 12], [0, 1, 2, 4, 5, 6, 8, 9, 10]], ""batch_size"": 64, ""num_workers"": 0, ""epochs"": 100, ""early_stopping_patience"": 30, ""lr"": 0.001, ""weight_decay"": 0.0001, ""optimizer"": ""adam"", ""grad_clip"": 1.0, ""lr_scheduler"": ""cosine"", ""lr_min"": 1e-05, ""latent_dim"": 64, ""head_hidden"": 32, ""groups"": [{""name"": ""cleveland"", ""encoder"": ""mlp_tabular_ln"", ""input_dim"": 13, ""hidden_dim"": 64, ""dropout"": 0.1}, {""name"": ""hungarian"", ""encoder"": ""mlp_tabular_ln"", ""input_dim"": 13, ""hidden_dim"": 64, ""dropout"": 0.1}, {""name"": ""switzerland"", ""encoder"": ""mlp_tabular_ln"", ""input_dim"": 13, ""hidden_dim"": 64, ""dropout"": 0.1}, {""name"": ""va_long_beach"", ""encoder"": ""mlp_tabular_ln"", ""input_dim"": 13, ""hidden_dim"": 64, ""dropout"": 0.1}], ""anchor_eps"": 0.0001, ""sep_samples_per_class"": 4, ""sep_method"": ""classifier"", ""sep_margin"": 1.0, ""lambda_fit"": 0.05, ""lambda_sep"": 0.05, ""groupdro_enabled"": true, ""groupdro_eta"": 1.0, ""groupdro_gamma"": 0.9, ""groupdro_update_mode"": ""softmax"", ""groupdro_objective"": ""weighted"", ""groupdro_kl_lambda"": 0.0, ""groupdro_uniform_init"": true, ""log_interval"": 20, ""save_every"": 10, ""impute_missing"": true, ""common_encoder"": true, ""use_regret"": false, ""data_split_seed"": 1002}","{""num_groups"": 4, ""num_classes"": 2, ""train_total"": 522, ""test_total"": 185, ""train_group_counts"": [242, 235, 20, 25], ""test_group_counts"": [61, 59, 25, 40], ""train_class_counts"": [294, 228], ""test_class_counts"": [83, 102], ""train_group_class_counts"": [[131, 111], [150, 85], [2, 18], [11, 14]], ""test_group_class_counts"": [[33, 28], [38, 21], [2, 23], [10, 30]], ""group_proportions"": [0.46360153256704983, 0.4501915708812261, 0.038314176245210725, 0.04789272030651341]}","{""num_groups"": 4, ""eta"": 1.0, ""update_mode"": ""softmax"", ""robust_objective"": ""weighted"", ""gamma"": 0.9, ""kl_lambda"": 0.0, ""initial_pi"": [0.4636015295982361, 0.45019155740737915, 0.038314174860715866, 0.04789271950721741]}",2026-09-14T00:03:04.429012,21,0.5319790579378605,0.77734375,0.001,0.7405405405405405,0.7288566268407891,0.68,0.8305084745762712,"[0.7049180327868853, 0.8305084745762712, 0.68, 0.7]","[0.5655104035481078, 0.38160241976127784, 0.6816253256797791, 0.6401487626135349]","[0.7469879518072289, 0.7352941176470589]","[[0.7575757575757576, 0.6428571428571429], [0.8157894736842105, 0.8571428571428571], [0.5, 0.6956521739130435], [0.5, 0.7666666666666667]]","[61, 59, 25, 40]",0.7392529950669486,"[0.7009803921568627, 0.8218599033816425, 0.5, 0.6238244514106582]",0.5,0.6816253256797791,"[0.26822954416275024, 0.24266542494297028, 0.2157779484987259, 0.2733270823955536]","[0.4751638360321522, 0.5284502655267715, 0.362236388027668, 0.5320155471563339]","[0.24841048941016197, 0.262671897187829, 0.22399213165044785, 0.26492547802627087]","[0.4636015295982361, 0.45019155740737915, 0.038314174860715866, 0.04789271950721741]",0.0
"{""run_name"": ""fedheart_exp_paper_hetagg_gdro"", ""seed"": 7, ""run_dir"": ""runs/fedheart_cv_lam0.05/Shared_Anchors_GDRO_s7_f2"", ""use_fedheart"": true, ""num_classes"": 2, ""stratified_batching"": true, ""train_frac"": 0.8, ""group_max_train_samples"": [null, null, 20, 25], ""true_hetero_input_dim"": true, ""feature_mask"": [[0, 1, 2, 3, 5, 6, 7, 8, 9, 10], [0, 1, 2, 3, 5, 6, 11, 12], [0, 1, 2, 4, 5, 7, 11, 12], [0, 1, 2, 4, 5, 6, 8, 9, 10]], ""batch_size"": 64, ""num_workers"": 0, ""epochs"": 100, ""early_stopping_patience"": 30, ""lr"": 0.001, ""weight_decay"": 0.0001, ""optimizer"": ""adam"", ""grad_clip"": 1.0, ""lr_scheduler"": ""cosine"", ""lr_min"": 1e-05, ""latent_dim"": 64, ""head_hidden"": 32, ""groups"": [{""name"": ""cleveland"", ""encoder"": ""mlp_tabular_ln"", ""input_dim"": 13, ""hidden_dim"": 64, ""dropout"": 0.1}, {""name"": ""hungarian"", ""encoder"": ""mlp_tabular_ln"", ""input_dim"": 13, ""hidden_dim"": 64, ""dropout"": 0.1}, {""name"": ""switzerland"", ""encoder"": ""mlp_tabular_ln"", ""input_dim"": 13, ""hidden_dim"": 64, ""dropout"": 0.1}, {""name"": ""va_long_beach"", ""encoder"": ""mlp_tabular_ln"", ""input_dim"": 13, ""hidden_dim"": 64, ""dropout"": 0.1}], ""anchor_eps"": 0.0001, ""sep_samples_per_class"": 4, ""sep_method"": ""classifier"", ""sep_margin"": 1.0, ""lambda_fit"": 0.05, ""lambda_sep"": 0.05, ""groupdro_enabled"": true, ""groupdro_eta"": 1.0, ""groupdro_gamma"": 0.9, ""groupdro_update_mode"": ""softmax"", ""groupdro_objective"": ""weighted"", ""groupdro_kl_lambda"": 0.0, ""groupdro_uniform_init"": true, ""log_interval"": 20, ""save_every"": 10, ""impute_missing"": true, ""common_encoder"": true, ""use_regret"": false, ""data_split_seed"": 1002}","{""num_groups"": 4, ""num_classes"": 2, ""train_total"": 522, ""test_total"": 185, ""train_group_counts"": [242, 235, 20, 25], ""test_group_counts"": [61, 59, 25, 40], ""train_class_counts"": [294, 228], ""test_class_counts"": [83, 102], ""train_group_class_counts"": [[131, 111], [150, 85], [2, 18], [11, 14]], ""test_group_class_counts"": [[33, 28], [38, 21], [2, 23], [10, 30]], ""group_proportions"": [0.46360153256704983, 0.4501915708812261, 0.038314176245210725, 0.04789272030651341]}","{""num_groups"": 4, ""eta"": 1.0, ""update_mode"": ""softmax"", ""robust_objective"": ""weighted"", ""gamma"": 0.9, ""kl_lambda"": 0.0, ""initial_pi"": [0.4636015295982361, 0.45019155740737915, 0.038314174860715866, 0.04789271950721741]}",2026-09-14T00:03:04.429012,22,0.5145469270646572,0.787109375,0.001,0.7351351351351352,0.7168439149763823,0.64,0.847457627118644,"[0.7049180327868853, 0.847457627118644, 0.64, 0.675]","[0.5609737060597686, 0.3670714119985952, 0.7156720897555351, 0.663216245546937]","[0.7590361445783133, 0.7156862745098039]","[[0.7575757575757576, 0.6428571428571429], [0.8421052631578947, 0.8571428571428571], [0.5, 0.6521739130434783], [0.5, 0.7333333333333333]]","[61, 59, 25, 40]",0.7343589743589745,"[0.7009803921568627, 0.8383561643835616, 0.4755244755244755, 0.6033562166285278]",0.4755244755244755,0.7156720897555351,"[0.2544121742248535, 0.3218369483947754, 0.19866293668746948, 0.22508789598941803]","[0.4473559968173504, 0.5394992865622044, 0.2848811596632004, 0.550729051232338]","[0.24503708072006702, 0.2695278078317642, 0.20940477587282658, 0.2760303281247616]","[0.4636015295982361, 0.45019155740737915, 0.038314174860715866, 0.04789271950721741]",0.0
"{""run_name"": ""fedheart_exp_paper_hetagg_gdro"", ""seed"": 7, ""run_dir"": ""runs/fedheart_cv_lam0.05/Shared_Anchors_GDRO_s7_f2"", ""use_fedheart"": true, ""num_classes"": 2, ""stratified_batching"": true, ""train_frac"": 0.8, ""group_max_train_samples"": [null, null, 20, 25], ""true_hetero_input_dim"": true, ""feature_mask"": [[0, 1, 2, 3, 5, 6, 7, 8, 9, 10], [0, 1, 2, 3, 5, 6, 11, 12], [0, 1, 2, 4, 5, 7, 11, 12], [0, 1, 2, 4, 5, 6, 8, 9, 10]], ""batch_size"": 64, ""num_workers"": 0, ""epochs"": 100, ""early_stopping_patience"": 30, ""lr"": 0.001, ""weight_decay"": 0.0001, ""optimizer"": ""adam"", ""grad_clip"": 1.0, ""lr_scheduler"": ""cosine"", ""lr_min"": 1e-05, ""latent_dim"": 64, ""head_hidden"": 32, ""groups"": [{""name"": ""cleveland"", ""encoder"": ""mlp_tabular_ln"", ""input_dim"": 13, ""hidden_dim"": 64, ""dropout"": 0.1}, {""name"": ""hungarian"", ""encoder"": ""mlp_tabular_ln"", ""input_dim"": 13, ""hidden_dim"": 64, ""dropout"": 0.1}, {""name"": ""switzerland"", ""encoder"": ""mlp_tabular_ln"", ""input_dim"": 13, ""hidden_dim"": 64, ""dropout"": 0.1}, {""name"": ""va_long_beach"", ""encoder"": ""mlp_tabular_ln"", ""input_dim"": 13, ""hidden_dim"": 64, ""dropout"": 0.1}], ""anchor_eps"": 0.0001, ""sep_samples_per_class"": 4, ""sep_method"": ""classifier"", ""sep_margin"": 1.0, ""lambda_fit"": 0.05, ""lambda_sep"": 0.05, ""groupdro_enabled"": true, ""groupdro_eta"": 1.0, ""groupdro_gamma"": 0.9, ""groupdro_update_mode"": ""softmax"", ""groupdro_objective"": ""weighted"", ""groupdro_kl_lambda"": 0.0, ""groupdro_uniform_init"": true, ""log_interval"": 20, ""save_every"": 10, ""impute_missing"": true, ""common_encoder"": true, ""use_regret"": false, ""data_split_seed"": 1002}","{""num_groups"": 4, ""num_classes"": 2, ""train_total"": 522, ""test_total"": 185, ""train_group_counts"": [242, 235, 20, 25], ""test_group_counts"": [61, 59, 25, 40], ""train_class_counts"": [294, 228], ""test_class_counts"": [83, 102], ""train_group_class_counts"": [[131, 111], [150, 85], [2, 18], [11, 14]], ""test_group_class_counts"": [[33, 28], [38, 21], [2, 23], [10, 30]], ""group_proportions"": [0.46360153256704983, 0.4501915708812261, 0.038314176245210725, 0.04789272030651341]}","{""num_groups"": 4, ""eta"": 1.0, ""update_mode"": ""softmax"", ""robust_objective"": ""weighted"", ""gamma"": 0.9, ""kl_lambda"": 0.0, ""initial_pi"": [0.4636015295982361, 0.45019155740737915, 0.038314174860715866, 0.04789271950721741]}",2026-09-14T00:03:04.429012,23,0.49555881321430206,0.7734375,0.001,0.7567567567567568,0.7492049874965268,0.72,0.8305084745762712,"[0.7213114754098361, 0.8305084745762712, 0.72, 0.725]","[0.5612766475218242, 0.3804895207285881, 0.6503820377588272, 0.6337546102702618]","[0.7108433734939759, 0.7941176470588235]","[[0.696969696969697, 0.75], [0.7894736842105263, 0.9047619047619048], [0.5, 0.7391304347826086], [0.5, 0.8]]","[61, 59, 25, 40]",0.7532675380101361,"[0.7210115684691957, 0.824404761904762, 0.5257452574525746, 0.6448748991121872]",0.5257452574525746,0.6503820377588272,"[0.2349579632282257, 0.23774747550487518, 0.2044946700334549, 0.32279983162879944]","[0.4471927881240845, 0.5536283813416958, 0.2641031742095947, 0.5207346342504025]","[0.24621805362403393, 0.2764644268900156, 0.20862289518117905, 0.26869462989270687]","[0.4636015295982361, 0.45019155740737915, 0.038314174860715866, 0.04789271950721741]",0.0
"{""run_name"": ""fedheart_exp_paper_hetagg_gdro"", ""seed"": 7, ""run_dir"": ""runs/fedheart_cv_lam0.05/Shared_Anchors_GDRO_s7_f2"", ""use_fedheart"": true, ""num_classes"": 2, ""stratified_batching"": true, ""train_frac"": 0.8, ""group_max_train_samples"": [null, null, 20, 25], ""true_hetero_input_dim"": true, ""feature_mask"": [[0, 1, 2, 3, 5, 6, 7, 8, 9, 10], [0, 1, 2, 3, 5, 6, 11, 12], [0, 1, 2, 4, 5, 7, 11, 12], [0, 1, 2, 4, 5, 6, 8, 9, 10]], ""batch_size"": 64, ""num_workers"": 0, ""epochs"": 100, ""early_stopping_patience"": 30, ""lr"": 0.001, ""weight_decay"": 0.0001, ""optimizer"": ""adam"", ""grad_clip"": 1.0, ""lr_scheduler"": ""cosine"", ""lr_min"": 1e-05, ""latent_dim"": 64, ""head_hidden"": 32, ""groups"": [{""name"": ""cleveland"", ""encoder"": ""mlp_tabular_ln"", ""input_dim"": 13, ""hidden_dim"": 64, ""dropout"": 0.1}, {""name"": ""hungarian"", ""encoder"": ""mlp_tabular_ln"", ""input_dim"": 13, ""hidden_dim"": 64, ""dropout"": 0.1}, {""name"": ""switzerland"", ""encoder"": ""mlp_tabular_ln"", ""input_dim"": 13, ""hidden_dim"": 64, ""dropout"": 0.1}, {""name"": ""va_long_beach"", ""encoder"": ""mlp_tabular_ln"", ""input_dim"": 13, ""hidden_dim"": 64, ""dropout"": 0.1}], ""anchor_eps"": 0.0001, ""sep_samples_per_class"": 4, ""sep_method"": ""classifier"", ""sep_margin"": 1.0, ""lambda_fit"": 0.05, ""lambda_sep"": 0.05, ""groupdro_enabled"": true, ""groupdro_eta"": 1.0, ""groupdro_gamma"": 0.9, ""groupdro_update_mode"": ""softmax"", ""groupdro_objective"": ""weighted"", ""groupdro_kl_lambda"": 0.0, ""groupdro_uniform_init"": true, ""log_interval"": 20, ""save_every"": 10, ""impute_missing"": true, ""common_encoder"": true, ""use_regret"": false, ""data_split_seed"": 1002}","{""num_groups"": 4, ""num_classes"": 2, ""train_total"": 522, ""test_total"": 185, ""train_group_counts"": [242, 235, 20, 25], ""test_group_counts"": [61, 59, 25, 40], ""train_class_counts"": [294, 228], ""test_class_counts"": [83, 102], ""train_group_class_counts"": [[131, 111], [150, 85], [2, 18], [11, 14]], ""test_group_class_counts"": [[33, 28], [38, 21], [2, 23], [10, 30]], ""group_proportions"": [0.46360153256704983, 0.4501915708812261, 0.038314176245210725, 0.04789272030651341]}","{""num_groups"": 4, ""eta"": 1.0, ""update_mode"": ""softmax"", ""robust_objective"": ""weighted"", ""gamma"": 0.9, ""kl_lambda"": 0.0, ""initial_pi"": [0.4636015295982361, 0.45019155740737915, 0.038314174860715866, 0.04789271950721741]}",2026-09-14T00:03:04.429012,24,0.48145314678549767,0.79296875,0.001,0.7351351351351352,0.71844227563212,0.625,0.847457627118644,"[0.7213114754098361, 0.847457627118644, 0.68, 0.625]","[0.5660985886562065, 0.35160303728307707, 0.7845660704374313, 0.7207367950119078]","[0.8072289156626506, 0.6764705882352942]","[[0.7878787878787878, 0.6428571428571429], [0.868421052631579, 0.8095238095238095], [1.0, 0.6521739130434783], [0.6, 0.6333333333333333]]","[61, 59, 25, 40]",0.7351041757984863,"[0.7164342357123326, 0.8353488372093023, 0.5614035087719298, 0.5807127882599581]",0.5614035087719298,0.7845660704374313,"[0.22472389042377472, 0.25604507327079773, 0.2739618122577667, 0.24526923894882202]","[0.46012450009584427, 0.49575602635741234, 0.3899122718721628, 0.4067672938108444]","[0.25488344952464104, 0.26296387426555157, 0.24119262397289276, 0.24096007458865643]","[0.4636015295982361, 0.45019155740737915, 0.038314174860715866, 0.04789271950721741]",0.0
"{""run_name"": ""fedheart_exp_paper_hetagg_gdro"", ""seed"": 7, ""run_dir"": ""runs/fedheart_cv_lam0.05/Shared_Anchors_GDRO_s7_f2"", ""use_fedheart"": true, ""num_classes"": 2, ""stratified_batching"": true, ""train_frac"": 0.8, ""group_max_train_samples"": [null, null, 20, 25], ""true_hetero_input_dim"": true, ""feature_mask"": [[0, 1, 2, 3, 5, 6, 7, 8, 9, 10], [0, 1, 2, 3, 5, 6, 11, 12], [0, 1, 2, 4, 5, 7, 11, 12], [0, 1, 2, 4, 5, 6, 8, 9, 10]], ""batch_size"": 64, ""num_workers"": 0, ""epochs"": 100, ""early_stopping_patience"": 30, ""lr"": 0.001, ""weight_decay"": 0.0001, ""optimizer"": ""adam"", ""grad_clip"": 1.0, ""lr_scheduler"": ""cosine"", ""lr_min"": 1e-05, ""latent_dim"": 64, ""head_hidden"": 32, ""groups"": [{""name"": ""cleveland"", ""encoder"": ""mlp_tabular_ln"", ""input_dim"": 13, ""hidden_dim"": 64, ""dropout"": 0.1}, {""name"": ""hungarian"", ""encoder"": ""mlp_tabular_ln"", ""input_dim"": 13, ""hidden_dim"": 64, ""dropout"": 0.1}, {""name"": ""switzerland"", ""encoder"": ""mlp_tabular_ln"", ""input_dim"": 13, ""hidden_dim"": 64, ""dropout"": 0.1}, {""name"": ""va_long_beach"", ""encoder"": ""mlp_tabular_ln"", ""input_dim"": 13, ""hidden_dim"": 64, ""dropout"": 0.1}], ""anchor_eps"": 0.0001, ""sep_samples_per_class"": 4, ""sep_method"": ""classifier"", ""sep_margin"": 1.0, ""lambda_fit"": 0.05, ""lambda_sep"": 0.05, ""groupdro_enabled"": true, ""groupdro_eta"": 1.0, ""groupdro_gamma"": 0.9, ""groupdro_update_mode"": ""softmax"", ""groupdro_objective"": ""weighted"", ""groupdro_kl_lambda"": 0.0, ""groupdro_uniform_init"": true, ""log_interval"": 20, ""save_every"": 10, ""impute_missing"": true, ""common_encoder"": true, ""use_regret"": false, ""data_split_seed"": 1002}","{""num_groups"": 4, ""num_classes"": 2, ""train_total"": 522, ""test_total"": 185, ""train_group_counts"": [242, 235, 20, 25], ""test_group_counts"": [61, 59, 25, 40], ""train_class_counts"": [294, 228], ""test_class_counts"": [83, 102], ""train_group_class_counts"": [[131, 111], [150, 85], [2, 18], [11, 14]], ""test_group_class_counts"": [[33, 28], [38, 21], [2, 23], [10, 30]], ""group_proportions"": [0.46360153256704983, 0.4501915708812261, 0.038314176245210725, 0.04789272030651341]}","{""num_groups"": 4, ""eta"": 1.0, ""update_mode"": ""softmax"", ""robust_objective"": ""weighted"", ""gamma"": 0.9, ""kl_lambda"": 0.0, ""initial_pi"": [0.4636015295982361, 0.45019155740737915, 0.038314174860715866, 0.04789271950721741]}",2026-09-14T00:03:04.429012,25,0.47001365199685097,0.791015625,0.001,0.7513513513513513,0.74094227563212,0.675,0.847457627118644,"[0.7213114754098361, 0.847457627118644, 0.72, 0.675]","[0.5664585750000398, 0.37234826152354983, 0.6532712686061859, 0.6471528293564915]","[0.6987951807228916, 0.7941176470588235]","[[0.6666666666666666, 0.7857142857142857], [0.8157894736842105, 0.9047619047619048], [0.5, 0.7391304347826086], [0.4, 0.7666666666666667]]","[61, 59, 25, 40]",0.7474477682811016,"[0.721311475409836, 0.8408750374587952, 0.5257452574525746, 0.5803066989507668]",0.5257452574525746,0.6532712686061859,"[0.23488849401474, 0.27098348736763, 0.23511305451393127, 0.2590150535106659]","[0.4671626780182123, 0.5320083126425743, 0.269946102052927, 0.4249514611437917]","[0.2595785465091467, 0.27550380676984787, 0.21482501924037933, 0.2500926163047552]","[0.4636015295982361, 0.45019155740737915, 0.038314174860715866, 0.04789271950721741]",0.0
"{""run_name"": ""fedheart_exp_paper_hetagg_gdro"", ""seed"": 7, ""run_dir"": ""runs/fedheart_cv_lam0.05/Shared_Anchors_GDRO_s7_f2"", ""use_fedheart"": true, ""num_classes"": 2, ""stratified_batching"": true, ""train_frac"": 0.8, ""group_max_train_samples"": [null, null, 20, 25], ""true_hetero_input_dim"": true, ""feature_mask"": [[0, 1, 2, 3, 5, 6, 7, 8, 9, 10], [0, 1, 2, 3, 5, 6, 11, 12], [0, 1, 2, 4, 5, 7, 11, 12], [0, 1, 2, 4, 5, 6, 8, 9, 10]], ""batch_size"": 64, ""num_workers"": 0, ""epochs"": 100, ""early_stopping_patience"": 30, ""lr"": 0.001, ""weight_decay"": 0.0001, ""optimizer"": ""adam"", ""grad_clip"": 1.0, ""lr_scheduler"": ""cosine"", ""lr_min"": 1e-05, ""latent_dim"": 64, ""head_hidden"": 32, ""groups"": [{""name"": ""cleveland"", ""encoder"": ""mlp_tabular_ln"", ""input_dim"": 13, ""hidden_dim"": 64, ""dropout"": 0.1}, {""name"": ""hungarian"", ""encoder"": ""mlp_tabular_ln"", ""input_dim"": 13, ""hidden_dim"": 64, ""dropout"": 0.1}, {""name"": ""switzerland"", ""encoder"": ""mlp_tabular_ln"", ""input_dim"": 13, ""hidden_dim"": 64, ""dropout"": 0.1}, {""name"": ""va_long_beach"", ""encoder"": ""mlp_tabular_ln"", ""input_dim"": 13, ""hidden_dim"": 64, ""dropout"": 0.1}], ""anchor_eps"": 0.0001, ""sep_samples_per_class"": 4, ""sep_method"": ""classifier"", ""sep_margin"": 1.0, ""lambda_fit"": 0.05, ""lambda_sep"": 0.05, ""groupdro_enabled"": true, ""groupdro_eta"": 1.0, ""groupdro_gamma"": 0.9, ""groupdro_update_mode"": ""softmax"", ""groupdro_objective"": ""weighted"", ""groupdro_kl_lambda"": 0.0, ""groupdro_uniform_init"": true, ""log_interval"": 20, ""save_every"": 10, ""impute_missing"": true, ""common_encoder"": true, ""use_regret"": false, ""data_split_seed"": 1002}","{""num_groups"": 4, ""num_classes"": 2, ""train_total"": 522, ""test_total"": 185, ""train_group_counts"": [242, 235, 20, 25], ""test_group_counts"": [61, 59, 25, 40], ""train_class_counts"": [294, 228], ""test_class_counts"": [83, 102], ""train_group_class_counts"": [[131, 111], [150, 85], [2, 18], [11, 14]], ""test_group_class_counts"": [[33, 28], [38, 21], [2, 23], [10, 30]], ""group_proportions"": [0.46360153256704983, 0.4501915708812261, 0.038314176245210725, 0.04789272030651341]}","{""num_groups"": 4, ""eta"": 1.0, ""update_mode"": ""softmax"", ""robust_objective"": ""weighted"", ""gamma"": 0.9, ""kl_lambda"": 0.0, ""initial_pi"": [0.4636015295982361, 0.45019155740737915, 0.038314174860715866, 0.04789271950721741]}",2026-09-14T00:03:04.429012,26,0.47125571593642235,0.765625,0.001,0.7621621621621621,0.7494168519033064,0.675,0.8813559322033898,"[0.7213114754098361, 0.8813559322033898, 0.72, 0.675]","[0.5549621067819048, 0.35964036578217806, 0.7038698461651802, 0.6765353997237981]","[0.7469879518072289, 0.7745098039215687]","[[0.7272727272727273, 0.7142857142857143], [0.868421052631579, 0.9047619047619048], [0.5, 0.7391304347826086], [0.4, 0.7666666666666667]]","[61, 59, 25, 40]",0.7601367279585101,"[0.7201079622132254, 0.8742770167427703, 0.5257452574525746, 0.5803066989507668]",0.5257452574525746,0.7038698461651802,"[0.2305145561695099, 0.23367513716220856, 0.35669904947280884, 0.17911121249198914]","[0.46770477294921875, 0.5305390059947968, 0.262276959605515, 0.45493898913264275]","[0.25583030097186565, 0.2728889714926481, 0.2141814697533846, 0.2570992484688759]","[0.4636015295982361, 0.45019155740737915, 0.038314174860715866, 0.04789271950721741]",0.0
"{""run_name"": ""fedheart_exp_paper_hetagg_gdro"", ""seed"": 7, ""run_dir"": ""runs/fedheart_cv_lam0.05/Shared_Anchors_GDRO_s7_f2"", ""use_fedheart"": true, ""num_classes"": 2, ""stratified_batching"": true, ""train_frac"": 0.8, ""group_max_train_samples"": [null, null, 20, 25], ""true_hetero_input_dim"": true, ""feature_mask"": [[0, 1, 2, 3, 5, 6, 7, 8, 9, 10], [0, 1, 2, 3, 5, 6, 11, 12], [0, 1, 2, 4, 5, 7, 11, 12], [0, 1, 2, 4, 5, 6, 8, 9, 10]], ""batch_size"": 64, ""num_workers"": 0, ""epochs"": 100, ""early_stopping_patience"": 30, ""lr"": 0.001, ""weight_decay"": 0.0001, ""optimizer"": ""adam"", ""grad_clip"": 1.0, ""lr_scheduler"": ""cosine"", ""lr_min"": 1e-05, ""latent_dim"": 64, ""head_hidden"": 32, ""groups"": [{""name"": ""cleveland"", ""encoder"": ""mlp_tabular_ln"", ""input_dim"": 13, ""hidden_dim"": 64, ""dropout"": 0.1}, {""name"": ""hungarian"", ""encoder"": ""mlp_tabular_ln"", ""input_dim"": 13, ""hidden_dim"": 64, ""dropout"": 0.1}, {""name"": ""switzerland"", ""encoder"": ""mlp_tabular_ln"", ""input_dim"": 13, ""hidden_dim"": 64, ""dropout"": 0.1}, {""name"": ""va_long_beach"", ""encoder"": ""mlp_tabular_ln"", ""input_dim"": 13, ""hidden_dim"": 64, ""dropout"": 0.1}], ""anchor_eps"": 0.0001, ""sep_samples_per_class"": 4, ""sep_method"": ""classifier"", ""sep_margin"": 1.0, ""lambda_fit"": 0.05, ""lambda_sep"": 0.05, ""groupdro_enabled"": true, ""groupdro_eta"": 1.0, ""groupdro_gamma"": 0.9, ""groupdro_update_mode"": ""softmax"", ""groupdro_objective"": ""weighted"", ""groupdro_kl_lambda"": 0.0, ""groupdro_uniform_init"": true, ""log_interval"": 20, ""save_every"": 10, ""impute_missing"": true, ""common_encoder"": true, ""use_regret"": false, ""data_split_seed"": 1002}","{""num_groups"": 4, ""num_classes"": 2, ""train_total"": 522, ""test_total"": 185, ""train_group_counts"": [242, 235, 20, 25], ""test_group_counts"": [61, 59, 25, 40], ""train_class_counts"": [294, 228], ""test_class_counts"": [83, 102], ""train_group_class_counts"": [[131, 111], [150, 85], [2, 18], [11, 14]], ""test_group_class_counts"": [[33, 28], [38, 21], [2, 23], [10, 30]], ""group_proportions"": [0.46360153256704983, 0.4501915708812261, 0.038314176245210725, 0.04789272030651341]}","{""num_groups"": 4, ""eta"": 1.0, ""update_mode"": ""softmax"", ""robust_objective"": ""weighted"", ""gamma"": 0.9, ""kl_lambda"": 0.0, ""initial_pi"": [0.4636015295982361, 0.45019155740737915, 0.038314174860715866, 0.04789271950721741]}",2026-09-14T00:03:04.429012,27,0.4888673536479473,0.798828125,0.001,0.7621621621621621,0.7514295637677133,0.7,0.864406779661017,"[0.7213114754098361, 0.864406779661017, 0.72, 0.7]","[0.5584684115086422, 0.3647502857749745, 0.6926985451579094, 0.6704775211401284]","[0.7349397590361446, 0.7843137254901961]","[[0.7272727272727273, 0.7142857142857143], [0.8421052631578947, 0.9047619047619048], [0.5, 0.7391304347826086], [0.4, 0.8]]","[61, 59, 25, 40]",0.7596267422631703,"[0.7201079622132254, 0.857487922705314, 0.5257452574525746, 0.6000000000000001]",0.5257452574525746,0.6926985451579094,"[0.26396048069000244, 0.23511967062950134, 0.20503897964954376, 0.29588088393211365]","[0.43667133152484894, 0.48187151178717613, 0.21732265409082174, 0.5796485580503941]","[0.24763412587344646, 0.25911995023489, 0.19839176163077354, 0.2948541771620512]","[0.4636015295982361, 0.45019155740737915, 0.038314174860715866, 0.04789271950721741]",0.0
"{""run_name"": ""fedheart_exp_paper_hetagg_gdro"", ""seed"": 7, ""run_dir"": ""runs/fedheart_cv_lam0.05/Shared_Anchors_GDRO_s7_f2"", ""use_fedheart"": true, ""num_classes"": 2, ""stratified_batching"": true, ""train_frac"": 0.8, ""group_max_train_samples"": [null, null, 20, 25], ""true_hetero_input_dim"": true, ""feature_mask"": [[0, 1, 2, 3, 5, 6, 7, 8, 9, 10], [0, 1, 2, 3, 5, 6, 11, 12], [0, 1, 2, 4, 5, 7, 11, 12], [0, 1, 2, 4, 5, 6, 8, 9, 10]], ""batch_size"": 64, ""num_workers"": 0, ""epochs"": 100, ""early_stopping_patience"": 30, ""lr"": 0.001, ""weight_decay"": 0.0001, ""optimizer"": ""adam"", ""grad_clip"": 1.0, ""lr_scheduler"": ""cosine"", ""lr_min"": 1e-05, ""latent_dim"": 64, ""head_hidden"": 32, ""groups"": [{""name"": ""cleveland"", ""encoder"": ""mlp_tabular_ln"", ""input_dim"": 13, ""hidden_dim"": 64, ""dropout"": 0.1}, {""name"": ""hungarian"", ""encoder"": ""mlp_tabular_ln"", ""input_dim"": 13, ""hidden_dim"": 64, ""dropout"": 0.1}, {""name"": ""switzerland"", ""encoder"": ""mlp_tabular_ln"", ""input_dim"": 13, ""hidden_dim"": 64, ""dropout"": 0.1}, {""name"": ""va_long_beach"", ""encoder"": ""mlp_tabular_ln"", ""input_dim"": 13, ""hidden_dim"": 64, ""dropout"": 0.1}], ""anchor_eps"": 0.0001, ""sep_samples_per_class"": 4, ""sep_method"": ""classifier"", ""sep_margin"": 1.0, ""lambda_fit"": 0.05, ""lambda_sep"": 0.05, ""groupdro_enabled"": true, ""groupdro_eta"": 1.0, ""groupdro_gamma"": 0.9, ""groupdro_update_mode"": ""softmax"", ""groupdro_objective"": ""weighted"", ""groupdro_kl_lambda"": 0.0, ""groupdro_uniform_init"": true, ""log_interval"": 20, ""save_every"": 10, ""impute_missing"": true, ""common_encoder"": true, ""use_regret"": false, ""data_split_seed"": 1002}","{""num_groups"": 4, ""num_classes"": 2, ""train_total"": 522, ""test_total"": 185, ""train_group_counts"": [242, 235, 20, 25], ""test_group_counts"": [61, 59, 25, 40], ""train_class_counts"": [294, 228], ""test_class_counts"": [83, 102], ""train_group_class_counts"": [[131, 111], [150, 85], [2, 18], [11, 14]], ""test_group_class_counts"": [[33, 28], [38, 21], [2, 23], [10, 30]], ""group_proportions"": [0.46360153256704983, 0.4501915708812261, 0.038314176245210725, 0.04789272030651341]}","{""num_groups"": 4, ""eta"": 1.0, ""update_mode"": ""softmax"", ""robust_objective"": ""weighted"", ""gamma"": 0.9, ""kl_lambda"": 0.0, ""initial_pi"": [0.4636015295982361, 0.45019155740737915, 0.038314174860715866, 0.04789271950721741]}",2026-09-14T00:03:04.429012,28,0.49449223652482033,0.787109375,0.001,0.745945945945946,0.7368439149763824,0.675,0.847457627118644,"[0.7049180327868853, 0.847457627118644, 0.72, 0.675]","[0.5717696893471674, 0.3673487000041089, 0.6700088620185852, 0.6643646151758731]","[0.7108433734939759, 0.7745098039215687]","[[0.696969696969697, 0.7142857142857143], [0.8157894736842105, 0.9047619047619048], [0.5, 0.7391304347826086], [0.4, 0.7666666666666667]]","[61, 59, 25, 40]",0.7429416112342941,"[0.7042025862068966, 0.8408750374587952, 0.5257452574525746, 0.5803066989507668]",0.5257452574525746,0.6700088620185852,"[0.1979757845401764, 0.23119236528873444, 0.24205832183361053, 0.32877352833747864]","[0.43004896119236946, 0.49934246763587, 0.2780470564030111, 0.5956055587157607]","[0.239868788048625, 0.2571339663118124, 0.21191066224128008, 0.29108658991754055]","[0.4636015295982361, 0.45019155740737915, 0.038314174860715866, 0.04789271950721741]",0.0
"{""run_name"": ""fedheart_exp_paper_hetagg_gdro"", ""seed"": 7, ""run_dir"": ""runs/fedheart_cv_lam0.05/Shared_Anchors_GDRO_s7_f2"", ""use_fedheart"": true, ""num_classes"": 2, ""stratified_batching"": true, ""train_frac"": 0.8, ""group_max_train_samples"": [null, null, 20, 25], ""true_hetero_input_dim"": true, ""feature_mask"": [[0, 1, 2, 3, 5, 6, 7, 8, 9, 10], [0, 1, 2, 3, 5, 6, 11, 12], [0, 1, 2, 4, 5, 7, 11, 12], [0, 1, 2, 4, 5, 6, 8, 9, 10]], ""batch_size"": 64, ""num_workers"": 0, ""epochs"": 100, ""early_stopping_patience"": 30, ""lr"": 0.001, ""weight_decay"": 0.0001, ""optimizer"": ""adam"", ""grad_clip"": 1.0, ""lr_scheduler"": ""cosine"", ""lr_min"": 1e-05, ""latent_dim"": 64, ""head_hidden"": 32, ""groups"": [{""name"": ""cleveland"", ""encoder"": ""mlp_tabular_ln"", ""input_dim"": 13, ""hidden_dim"": 64, ""dropout"": 0.1}, {""name"": ""hungarian"", ""encoder"": ""mlp_tabular_ln"", ""input_dim"": 13, ""hidden_dim"": 64, ""dropout"": 0.1}, {""name"": ""switzerland"", ""encoder"": ""mlp_tabular_ln"", ""input_dim"": 13, ""hidden_dim"": 64, ""dropout"": 0.1}, {""name"": ""va_long_beach"", ""encoder"": ""mlp_tabular_ln"", ""input_dim"": 13, ""hidden_dim"": 64, ""dropout"": 0.1}], ""anchor_eps"": 0.0001, ""sep_samples_per_class"": 4, ""sep_method"": ""classifier"", ""sep_margin"": 1.0, ""lambda_fit"": 0.05, ""lambda_sep"": 0.05, ""groupdro_enabled"": true, ""groupdro_eta"": 1.0, ""groupdro_gamma"": 0.9, ""groupdro_update_mode"": ""softmax"", ""groupdro_objective"": ""weighted"", ""groupdro_kl_lambda"": 0.0, ""groupdro_uniform_init"": true, ""log_interval"": 20, ""save_every"": 10, ""impute_missing"": true, ""common_encoder"": true, ""use_regret"": false, ""data_split_seed"": 1002}","{""num_groups"": 4, ""num_classes"": 2, ""train_total"": 522, ""test_total"": 185, ""train_group_counts"": [242, 235, 20, 25], ""test_group_counts"": [61, 59, 25, 40], ""train_class_counts"": [294, 228], ""test_class_counts"": [83, 102], ""train_group_class_counts"": [[131, 111], [150, 85], [2, 18], [11, 14]], ""test_group_class_counts"": [[33, 28], [38, 21], [2, 23], [10, 30]], ""group_proportions"": [0.46360153256704983, 0.4501915708812261, 0.038314176245210725, 0.04789272030651341]}","{""num_groups"": 4, ""eta"": 1.0, ""update_mode"": ""softmax"", ""robust_objective"": ""weighted"", ""gamma"": 0.9, ""kl_lambda"": 0.0, ""initial_pi"": [0.4636015295982361, 0.45019155740737915, 0.038314174860715866, 0.04789271950721741]}",2026-09-14T00:03:04.429012,29,0.4646840952336788,0.7890625,0.001,0.745945945945946,0.7368439149763824,0.675,0.847457627118644,"[0.7049180327868853, 0.847457627118644, 0.72, 0.675]","[0.5810313975957574, 0.34820759138565954, 0.7562386038899421, 0.7083176139742136]","[0.7831325301204819, 0.7156862745098039]","[[0.7575757575757576, 0.6428571428571429], [0.8421052631578947, 0.8571428571428571], [1.0, 0.6956521739130435], [0.6, 0.7]]","[61, 59, 25, 40]",0.7454699803869911,"[0.7009803921568627, 0.8383561643835616, 0.592074592074592, 0.6218181818181818]",0.592074592074592,0.7562386038899421,"[0.2982088327407837, 0.2611660361289978, 0.22254087030887604, 0.21808423101902008]","[0.44208747521042824, 0.49094070866703987, 0.25959777645766735, 0.5016695000231266]","[0.25173607282340527, 0.26506439968943596, 0.21282715909183025, 0.2703723646700382]","[0.4636015295982361, 0.45019155740737915, 0.038314174860715866, 0.04789271950721741]",0.0
"{""run_name"": ""fedheart_exp_paper_hetagg_gdro"", ""seed"": 7, ""run_dir"": ""runs/fedheart_cv_lam0.05/Shared_Anchors_GDRO_s7_f2"", ""use_fedheart"": true, ""num_classes"": 2, ""stratified_batching"": true, ""train_frac"": 0.8, ""group_max_train_samples"": [null, null, 20, 25], ""true_hetero_input_dim"": true, ""feature_mask"": [[0, 1, 2, 3, 5, 6, 7, 8, 9, 10], [0, 1, 2, 3, 5, 6, 11, 12], [0, 1, 2, 4, 5, 7, 11, 12], [0, 1, 2, 4, 5, 6, 8, 9, 10]], ""batch_size"": 64, ""num_workers"": 0, ""epochs"": 100, ""early_stopping_patience"": 30, ""lr"": 0.001, ""weight_decay"": 0.0001, ""optimizer"": ""adam"", ""grad_clip"": 1.0, ""lr_scheduler"": ""cosine"", ""lr_min"": 1e-05, ""latent_dim"": 64, ""head_hidden"": 32, ""groups"": [{""name"": ""cleveland"", ""encoder"": ""mlp_tabular_ln"", ""input_dim"": 13, ""hidden_dim"": 64, ""dropout"": 0.1}, {""name"": ""hungarian"", ""encoder"": ""mlp_tabular_ln"", ""input_dim"": 13, ""hidden_dim"": 64, ""dropout"": 0.1}, {""name"": ""switzerland"", ""encoder"": ""mlp_tabular_ln"", ""input_dim"": 13, ""hidden_dim"": 64, ""dropout"": 0.1}, {""name"": ""va_long_beach"", ""encoder"": ""mlp_tabular_ln"", ""input_dim"": 13, ""hidden_dim"": 64, ""dropout"": 0.1}], ""anchor_eps"": 0.0001, ""sep_samples_per_class"": 4, ""sep_method"": ""classifier"", ""sep_margin"": 1.0, ""lambda_fit"": 0.05, ""lambda_sep"": 0.05, ""groupdro_enabled"": true, ""groupdro_eta"": 1.0, ""groupdro_gamma"": 0.9, ""groupdro_update_mode"": ""softmax"", ""groupdro_objective"": ""weighted"", ""groupdro_kl_lambda"": 0.0, ""groupdro_uniform_init"": true, ""log_interval"": 20, ""save_every"": 10, ""impute_missing"": true, ""common_encoder"": true, ""use_regret"": false, ""data_split_seed"": 1002}","{""num_groups"": 4, ""num_classes"": 2, ""train_total"": 522, ""test_total"": 185, ""train_group_counts"": [242, 235, 20, 25], ""test_group_counts"": [61, 59, 25, 40], ""train_class_counts"": [294, 228], ""test_class_counts"": [83, 102], ""train_group_class_counts"": [[131, 111], [150, 85], [2, 18], [11, 14]], ""test_group_class_counts"": [[33, 28], [38, 21], [2, 23], [10, 30]], ""group_proportions"": [0.46360153256704983, 0.4501915708812261, 0.038314176245210725, 0.04789272030651341]}","{""num_groups"": 4, ""eta"": 1.0, ""update_mode"": ""softmax"", ""robust_objective"": ""weighted"", ""gamma"": 0.9, ""kl_lambda"": 0.0, ""initial_pi"": [0.4636015295982361, 0.45019155740737915, 0.038314174860715866, 0.04789271950721741]}",2026-09-14T00:03:04.429012,30,0.4129849821329117,0.79296875,0.001,0.7675675675675676,0.7575406362878577,0.72,0.847457627118644,"[0.7377049180327869, 0.847457627118644, 0.72, 0.725]","[0.5810762577247425, 0.36631966824248685, 0.6625430530309677, 0.6829505633562803]","[0.7349397590361446, 0.7941176470588235]","[[0.7272727272727273, 0.75], [0.8157894736842105, 0.9047619047619048], [0.5, 0.7391304347826086], [0.5, 0.8]]","[61, 59, 25, 40]",0.7648189209164818,"[0.7370689655172413, 0.8408750374587952, 0.5257452574525746, 0.6448748991121872]",0.5257452574525746,0.6829505633562803,"[0.2934612035751343, 0.3020554184913635, 0.19644814729690552, 0.20803521573543549]","[0.446619376540184, 0.4924024008214474, 0.1540216743014753, 0.39586024824529886]","[0.2656731940805912, 0.2790179345756769, 0.1983706746250391, 0.2569382060319185]","[0.4636015295982361, 0.45019155740737915, 0.038314174860715866, 0.04789271950721741]",0.0
"{""run_name"": ""fedheart_exp_paper_hetagg_gdro"", ""seed"": 7, ""run_dir"": ""runs/fedheart_cv_lam0.05/Shared_Anchors_GDRO_s7_f2"", ""use_fedheart"": true, ""num_classes"": 2, ""stratified_batching"": true, ""train_frac"": 0.8, ""group_max_train_samples"": [null, null, 20, 25], ""true_hetero_input_dim"": true, ""feature_mask"": [[0, 1, 2, 3, 5, 6, 7, 8, 9, 10], [0, 1, 2, 3, 5, 6, 11, 12], [0, 1, 2, 4, 5, 7, 11, 12], [0, 1, 2, 4, 5, 6, 8, 9, 10]], ""batch_size"": 64, ""num_workers"": 0, ""epochs"": 100, ""early_stopping_patience"": 30, ""lr"": 0.001, ""weight_decay"": 0.0001, ""optimizer"": ""adam"", ""grad_clip"": 1.0, ""lr_scheduler"": ""cosine"", ""lr_min"": 1e-05, ""latent_dim"": 64, ""head_hidden"": 32, ""groups"": [{""name"": ""cleveland"", ""encoder"": ""mlp_tabular_ln"", ""input_dim"": 13, ""hidden_dim"": 64, ""dropout"": 0.1}, {""name"": ""hungarian"", ""encoder"": ""mlp_tabular_ln"", ""input_dim"": 13, ""hidden_dim"": 64, ""dropout"": 0.1}, {""name"": ""switzerland"", ""encoder"": ""mlp_tabular_ln"", ""input_dim"": 13, ""hidden_dim"": 64, ""dropout"": 0.1}, {""name"": ""va_long_beach"", ""encoder"": ""mlp_tabular_ln"", ""input_dim"": 13, ""hidden_dim"": 64, ""dropout"": 0.1}], ""anchor_eps"": 0.0001, ""sep_samples_per_class"": 4, ""sep_method"": ""classifier"", ""sep_margin"": 1.0, ""lambda_fit"": 0.05, ""lambda_sep"": 0.05, ""groupdro_enabled"": true, ""groupdro_eta"": 1.0, ""groupdro_gamma"": 0.9, ""groupdro_update_mode"": ""softmax"", ""groupdro_objective"": ""weighted"", ""groupdro_kl_lambda"": 0.0, ""groupdro_uniform_init"": true, ""log_interval"": 20, ""save_every"": 10, ""impute_missing"": true, ""common_encoder"": true, ""use_regret"": false, ""data_split_seed"": 1002}","{""num_groups"": 4, ""num_classes"": 2, ""train_total"": 522, ""test_total"": 185, ""train_group_counts"": [242, 235, 20, 25], ""test_group_counts"": [61, 59, 25, 40], ""train_class_counts"": [294, 228], ""test_class_counts"": [83, 102], ""train_group_class_counts"": [[131, 111], [150, 85], [2, 18], [11, 14]], ""test_group_class_counts"": [[33, 28], [38, 21], [2, 23], [10, 30]], ""group_proportions"": [0.46360153256704983, 0.4501915708812261, 0.038314176245210725, 0.04789272030651341]}","{""num_groups"": 4, ""eta"": 1.0, ""update_mode"": ""softmax"", ""robust_objective"": ""weighted"", ""gamma"": 0.9, ""kl_lambda"": 0.0, ""initial_pi"": [0.4636015295982361, 0.45019155740737915, 0.038314174860715866, 0.04789271950721741]}",2026-09-14T00:03:04.429012,31,0.47774437442421913,0.78125,0.001,0.772972972972973,0.7616389969435954,0.72,0.847457627118644,"[0.7540983606557377, 0.847457627118644, 0.72, 0.725]","[0.581039753452432, 0.369595778506186, 0.6562326899170876, 0.6923567821271718]","[0.7349397590361446, 0.803921568627451]","[[0.7272727272727273, 0.7857142857142857], [0.8157894736842105, 0.9047619047619048], [0.5, 0.7391304347826086], [0.5, 0.8]]","[61, 59, 25, 40]",0.7700094719393795,"[0.7538337368845844, 0.8408750374587952, 0.5257452574525746, 0.6448748991121872]",0.5257452574525746,0.6923567821271718,"[0.260498046875, 0.2615829110145569, 0.16775232553482056, 0.31016677618026733]","[0.4598377123475075, 0.5595063269138336, 0.29479549545794725, 0.4913083598949015]","[0.24702275544404984, 0.2737959995865822, 0.21775233559310436, 0.26142891123890877]","[0.4636015295982361, 0.45019155740737915, 0.038314174860715866, 0.04789271950721741]",0.0
"{""run_name"": ""fedheart_exp_paper_hetagg_gdro"", ""seed"": 7, ""run_dir"": ""runs/fedheart_cv_lam0.05/Shared_Anchors_GDRO_s7_f2"", ""use_fedheart"": true, ""num_classes"": 2, ""stratified_batching"": true, ""train_frac"": 0.8, ""group_max_train_samples"": [null, null, 20, 25], ""true_hetero_input_dim"": true, ""feature_mask"": [[0, 1, 2, 3, 5, 6, 7, 8, 9, 10], [0, 1, 2, 3, 5, 6, 11, 12], [0, 1, 2, 4, 5, 7, 11, 12], [0, 1, 2, 4, 5, 6, 8, 9, 10]], ""batch_size"": 64, ""num_workers"": 0, ""epochs"": 100, ""early_stopping_patience"": 30, ""lr"": 0.001, ""weight_decay"": 0.0001, ""optimizer"": ""adam"", ""grad_clip"": 1.0, ""lr_scheduler"": ""cosine"", ""lr_min"": 1e-05, ""latent_dim"": 64, ""head_hidden"": 32, ""groups"": [{""name"": ""cleveland"", ""encoder"": ""mlp_tabular_ln"", ""input_dim"": 13, ""hidden_dim"": 64, ""dropout"": 0.1}, {""name"": ""hungarian"", ""encoder"": ""mlp_tabular_ln"", ""input_dim"": 13, ""hidden_dim"": 64, ""dropout"": 0.1}, {""name"": ""switzerland"", ""encoder"": ""mlp_tabular_ln"", ""input_dim"": 13, ""hidden_dim"": 64, ""dropout"": 0.1}, {""name"": ""va_long_beach"", ""encoder"": ""mlp_tabular_ln"", ""input_dim"": 13, ""hidden_dim"": 64, ""dropout"": 0.1}], ""anchor_eps"": 0.0001, ""sep_samples_per_class"": 4, ""sep_method"": ""classifier"", ""sep_margin"": 1.0, ""lambda_fit"": 0.05, ""lambda_sep"": 0.05, ""groupdro_enabled"": true, ""groupdro_eta"": 1.0, ""groupdro_gamma"": 0.9, ""groupdro_update_mode"": ""softmax"", ""groupdro_objective"": ""weighted"", ""groupdro_kl_lambda"": 0.0, ""groupdro_uniform_init"": true, ""log_interval"": 20, ""save_every"": 10, ""impute_missing"": true, ""common_encoder"": true, ""use_regret"": false, ""data_split_seed"": 1002}","{""num_groups"": 4, ""num_classes"": 2, ""train_total"": 522, ""test_total"": 185, ""train_group_counts"": [242, 235, 20, 25], ""test_group_counts"": [61, 59, 25, 40], ""train_class_counts"": [294, 228], ""test_class_counts"": [83, 102], ""train_group_class_counts"": [[131, 111], [150, 85], [2, 18], [11, 14]], ""test_group_class_counts"": [[33, 28], [38, 21], [2, 23], [10, 30]], ""group_proportions"": [0.46360153256704983, 0.4501915708812261, 0.038314176245210725, 0.04789272030651341]}","{""num_groups"": 4, ""eta"": 1.0, ""update_mode"": ""softmax"", ""robust_objective"": ""weighted"", ""gamma"": 0.9, ""kl_lambda"": 0.0, ""initial_pi"": [0.4636015295982361, 0.45019155740737915, 0.038314174860715866, 0.04789271950721741]}",2026-09-14T00:03:04.429012,32,0.3994881585240364,0.783203125,0.001,0.772972972972973,0.765527924423451,0.7,0.864406779661017,"[0.7377049180327869, 0.864406779661017, 0.76, 0.7]","[0.5853352336915302, 0.36908413024650794, 0.6790066465735436, 0.6950120347552001]","[0.7590361445783133, 0.7843137254901961]","[[0.7272727272727273, 0.75], [0.8421052631578947, 0.9047619047619048], [1.0, 0.7391304347826086], [0.5, 0.7666666666666667]]","[61, 59, 25, 40]",0.771039603960396,"[0.7370689655172413, 0.857487922705314, 0.625, 0.6238244514106582]",0.6238244514106582,0.6950120347552001,"[0.22958646714687347, 0.2985265254974365, 0.27821576595306396, 0.19367122650146484]","[0.43925968185067177, 0.4779541902244091, 0.19318378064781427, 0.340486366301775]","[0.26804340817034245, 0.2769006937742233, 0.2104423027485609, 0.24461361207067966]","[0.4636015295982361, 0.45019155740737915, 0.038314174860715866, 0.04789271950721741]",0.0
"{""run_name"": ""fedheart_exp_paper_hetagg_gdro"", ""seed"": 7, ""run_dir"": ""runs/fedheart_cv_lam0.05/Shared_Anchors_GDRO_s7_f2"", ""use_fedheart"": true, ""num_classes"": 2, ""stratified_batching"": true, ""train_frac"": 0.8, ""group_max_train_samples"": [null, null, 20, 25], ""true_hetero_input_dim"": true, ""feature_mask"": [[0, 1, 2, 3, 5, 6, 7, 8, 9, 10], [0, 1, 2, 3, 5, 6, 11, 12], [0, 1, 2, 4, 5, 7, 11, 12], [0, 1, 2, 4, 5, 6, 8, 9, 10]], ""batch_size"": 64, ""num_workers"": 0, ""epochs"": 100, ""early_stopping_patience"": 30, ""lr"": 0.001, ""weight_decay"": 0.0001, ""optimizer"": ""adam"", ""grad_clip"": 1.0, ""lr_scheduler"": ""cosine"", ""lr_min"": 1e-05, ""latent_dim"": 64, ""head_hidden"": 32, ""groups"": [{""name"": ""cleveland"", ""encoder"": ""mlp_tabular_ln"", ""input_dim"": 13, ""hidden_dim"": 64, ""dropout"": 0.1}, {""name"": ""hungarian"", ""encoder"": ""mlp_tabular_ln"", ""input_dim"": 13, ""hidden_dim"": 64, ""dropout"": 0.1}, {""name"": ""switzerland"", ""encoder"": ""mlp_tabular_ln"", ""input_dim"": 13, ""hidden_dim"": 64, ""dropout"": 0.1}, {""name"": ""va_long_beach"", ""encoder"": ""mlp_tabular_ln"", ""input_dim"": 13, ""hidden_dim"": 64, ""dropout"": 0.1}], ""anchor_eps"": 0.0001, ""sep_samples_per_class"": 4, ""sep_method"": ""classifier"", ""sep_margin"": 1.0, ""lambda_fit"": 0.05, ""lambda_sep"": 0.05, ""groupdro_enabled"": true, ""groupdro_eta"": 1.0, ""groupdro_gamma"": 0.9, ""groupdro_update_mode"": ""softmax"", ""groupdro_objective"": ""weighted"", ""groupdro_kl_lambda"": 0.0, ""groupdro_uniform_init"": true, ""log_interval"": 20, ""save_every"": 10, ""impute_missing"": true, ""common_encoder"": true, ""use_regret"": false, ""data_split_seed"": 1002}","{""num_groups"": 4, ""num_classes"": 2, ""train_total"": 522, ""test_total"": 185, ""train_group_counts"": [242, 235, 20, 25], ""test_group_counts"": [61, 59, 25, 40], ""train_class_counts"": [294, 228], ""test_class_counts"": [83, 102], ""train_group_class_counts"": [[131, 111], [150, 85], [2, 18], [11, 14]], ""test_group_class_counts"": [[33, 28], [38, 21], [2, 23], [10, 30]], ""group_proportions"": [0.46360153256704983, 0.4501915708812261, 0.038314176245210725, 0.04789272030651341]}","{""num_groups"": 4, ""eta"": 1.0, ""update_mode"": ""softmax"", ""robust_objective"": ""weighted"", ""gamma"": 0.9, ""kl_lambda"": 0.0, ""initial_pi"": [0.4636015295982361, 0.45019155740737915, 0.038314174860715866, 0.04789271950721741]}",2026-09-14T00:03:04.429012,33,0.44578539952635765,0.78515625,0.001,0.7621621621621621,0.7550406362878578,0.675,0.847457627118644,"[0.7377049180327869, 0.847457627118644, 0.76, 0.675]","[0.584716377901982, 0.36636971448690203, 0.6969139605760575, 0.6960085887461901]","[0.7349397590361446, 0.7843137254901961]","[[0.7272727272727273, 0.75], [0.8157894736842105, 0.9047619047619048], [1.0, 0.7391304347826086], [0.4, 0.7666666666666667]]","[61, 59, 25, 40]",0.7596267422631703,"[0.7370689655172413, 0.8408750374587952, 0.625, 0.5803066989507668]",0.5803066989507668,0.6969139605760575,"[0.2476978749036789, 0.24614106118679047, 0.17750701308250427, 0.3286539912223816]","[0.40363138541579247, 0.5042299777269363, 0.3304181136190891, 0.4230423467233777]","[0.24533690139651299, 0.2707606665790081, 0.23059437423944473, 0.2533080466091633]","[0.4636015295982361, 0.45019155740737915, 0.038314174860715866, 0.04789271950721741]",0.0
"{""run_name"": ""fedheart_exp_paper_hetagg_gdro"", ""seed"": 7, ""run_dir"": ""runs/fedheart_cv_lam0.05/Shared_Anchors_GDRO_s7_f2"", ""use_fedheart"": true, ""num_classes"": 2, ""stratified_batching"": true, ""train_frac"": 0.8, ""group_max_train_samples"": [null, null, 20, 25], ""true_hetero_input_dim"": true, ""feature_mask"": [[0, 1, 2, 3, 5, 6, 7, 8, 9, 10], [0, 1, 2, 3, 5, 6, 11, 12], [0, 1, 2, 4, 5, 7, 11, 12], [0, 1, 2, 4, 5, 6, 8, 9, 10]], ""batch_size"": 64, ""num_workers"": 0, ""epochs"": 100, ""early_stopping_patience"": 30, ""lr"": 0.001, ""weight_decay"": 0.0001, ""optimizer"": ""adam"", ""grad_clip"": 1.0, ""lr_scheduler"": ""cosine"", ""lr_min"": 1e-05, ""latent_dim"": 64, ""head_hidden"": 32, ""groups"": [{""name"": ""cleveland"", ""encoder"": ""mlp_tabular_ln"", ""input_dim"": 13, ""hidden_dim"": 64, ""dropout"": 0.1}, {""name"": ""hungarian"", ""encoder"": ""mlp_tabular_ln"", ""input_dim"": 13, ""hidden_dim"": 64, ""dropout"": 0.1}, {""name"": ""switzerland"", ""encoder"": ""mlp_tabular_ln"", ""input_dim"": 13, ""hidden_dim"": 64, ""dropout"": 0.1}, {""name"": ""va_long_beach"", ""encoder"": ""mlp_tabular_ln"", ""input_dim"": 13, ""hidden_dim"": 64, ""dropout"": 0.1}], ""anchor_eps"": 0.0001, ""sep_samples_per_class"": 4, ""sep_method"": ""classifier"", ""sep_margin"": 1.0, ""lambda_fit"": 0.05, ""lambda_sep"": 0.05, ""groupdro_enabled"": true, ""groupdro_eta"": 1.0, ""groupdro_gamma"": 0.9, ""groupdro_update_mode"": ""softmax"", ""groupdro_objective"": ""weighted"", ""groupdro_kl_lambda"": 0.0, ""groupdro_uniform_init"": true, ""log_interval"": 20, ""save_every"": 10, ""impute_missing"": true, ""common_encoder"": true, ""use_regret"": false, ""data_split_seed"": 1002}","{""num_groups"": 4, ""num_classes"": 2, ""train_total"": 522, ""test_total"": 185, ""train_group_counts"": [242, 235, 20, 25], ""test_group_counts"": [61, 59, 25, 40], ""train_class_counts"": [294, 228], ""test_class_counts"": [83, 102], ""train_group_class_counts"": [[131, 111], [150, 85], [2, 18], [11, 14]], ""test_group_class_counts"": [[33, 28], [38, 21], [2, 23], [10, 30]], ""group_proportions"": [0.46360153256704983, 0.4501915708812261, 0.038314176245210725, 0.04789272030651341]}","{""num_groups"": 4, ""eta"": 1.0, ""update_mode"": ""softmax"", ""robust_objective"": ""weighted"", ""gamma"": 0.9, ""kl_lambda"": 0.0, ""initial_pi"": [0.4636015295982361, 0.45019155740737915, 0.038314174860715866, 0.04789271950721741]}",2026-09-14T00:03:04.429012,34,0.41919150575995445,0.798828125,0.001,0.7405405405405405,0.7347582661850514,0.6885245901639344,0.8305084745762712,"[0.6885245901639344, 0.8305084745762712, 0.72, 0.7]","[0.5787331551069119, 0.3537820720950426, 0.7703692768514157, 0.7240845237858593]","[0.7590361445783133, 0.7254901960784313]","[[0.7575757575757576, 0.6071428571428571], [0.8157894736842105, 0.8571428571428571], [1.0, 0.6956521739130435], [0.5, 0.7666666666666667]]","[61, 59, 25, 40]",0.7396199859254047,"[0.6830735575608422, 0.8218599033816425, 0.592074592074592, 0.6238244514106582]",0.592074592074592,0.7703692768514157,"[0.2854089140892029, 0.3025522232055664, 0.1970241516828537, 0.2150147557258606]","[0.40975258499383926, 0.482788298279047, 0.22365294792689383, 0.44263182301074266]","[0.25153070501983166, 0.2703382633626461, 0.2125177625566721, 0.26561326906085014]","[0.4636015295982361, 0.45019155740737915, 0.038314174860715866, 0.04789271950721741]",0.0
"{""run_name"": ""fedheart_exp_paper_hetagg_gdro"", ""seed"": 7, ""run_dir"": ""runs/fedheart_cv_lam0.05/Shared_Anchors_GDRO_s7_f2"", ""use_fedheart"": true, ""num_classes"": 2, ""stratified_batching"": true, ""train_frac"": 0.8, ""group_max_train_samples"": [null, null, 20, 25], ""true_hetero_input_dim"": true, ""feature_mask"": [[0, 1, 2, 3, 5, 6, 7, 8, 9, 10], [0, 1, 2, 3, 5, 6, 11, 12], [0, 1, 2, 4, 5, 7, 11, 12], [0, 1, 2, 4, 5, 6, 8, 9, 10]], ""batch_size"": 64, ""num_workers"": 0, ""epochs"": 100, ""early_stopping_patience"": 30, ""lr"": 0.001, ""weight_decay"": 0.0001, ""optimizer"": ""adam"", ""grad_clip"": 1.0, ""lr_scheduler"": ""cosine"", ""lr_min"": 1e-05, ""latent_dim"": 64, ""head_hidden"": 32, ""groups"": [{""name"": ""cleveland"", ""encoder"": ""mlp_tabular_ln"", ""input_dim"": 13, ""hidden_dim"": 64, ""dropout"": 0.1}, {""name"": ""hungarian"", ""encoder"": ""mlp_tabular_ln"", ""input_dim"": 13, ""hidden_dim"": 64, ""dropout"": 0.1}, {""name"": ""switzerland"", ""encoder"": ""mlp_tabular_ln"", ""input_dim"": 13, ""hidden_dim"": 64, ""dropout"": 0.1}, {""name"": ""va_long_beach"", ""encoder"": ""mlp_tabular_ln"", ""input_dim"": 13, ""hidden_dim"": 64, ""dropout"": 0.1}], ""anchor_eps"": 0.0001, ""sep_samples_per_class"": 4, ""sep_method"": ""classifier"", ""sep_margin"": 1.0, ""lambda_fit"": 0.05, ""lambda_sep"": 0.05, ""groupdro_enabled"": true, ""groupdro_eta"": 1.0, ""groupdro_gamma"": 0.9, ""groupdro_update_mode"": ""softmax"", ""groupdro_objective"": ""weighted"", ""groupdro_kl_lambda"": 0.0, ""groupdro_uniform_init"": true, ""log_interval"": 20, ""save_every"": 10, ""impute_missing"": true, ""common_encoder"": true, ""use_regret"": false, ""data_split_seed"": 1002}","{""num_groups"": 4, ""num_classes"": 2, ""train_total"": 522, ""test_total"": 185, ""train_group_counts"": [242, 235, 20, 25], ""test_group_counts"": [61, 59, 25, 40], ""train_class_counts"": [294, 228], ""test_class_counts"": [83, 102], ""train_group_class_counts"": [[131, 111], [150, 85], [2, 18], [11, 14]], ""test_group_class_counts"": [[33, 28], [38, 21], [2, 23], [10, 30]], ""group_proportions"": [0.46360153256704983, 0.4501915708812261, 0.038314176245210725, 0.04789272030651341]}","{""num_groups"": 4, ""eta"": 1.0, ""update_mode"": ""softmax"", ""robust_objective"": ""weighted"", ""gamma"": 0.9, ""kl_lambda"": 0.0, ""initial_pi"": [0.4636015295982361, 0.45019155740737915, 0.038314174860715866, 0.04789271950721741]}",2026-09-14T00:03:04.429012,35,0.40034879744052887,0.791015625,0.001,0.7621621621621621,0.7550406362878578,0.675,0.847457627118644,"[0.7377049180327869, 0.847457627118644, 0.76, 0.675]","[0.5826142746649805, 0.3736186660352652, 0.6966694033145905, 0.6919852785766125]","[0.7349397590361446, 0.7843137254901961]","[[0.7272727272727273, 0.75], [0.8157894736842105, 0.9047619047619048], [1.0, 0.7391304347826086], [0.4, 0.7666666666666667]]","[61, 59, 25, 40]",0.7596267422631703,"[0.7370689655172413, 0.8408750374587952, 0.625, 0.5803066989507668]",0.5803066989507668,0.6966694033145905,"[0.2550627291202545, 0.2684066593647003, 0.1676173210144043, 0.30891329050064087]","[0.45497622713446617, 0.47399044036865234, 0.235710219014436, 0.39643440721556544]","[0.2632322981953621, 0.2652571517974138, 0.217562485486269, 0.2539480533450842]","[0.4636015295982361, 0.45019155740737915, 0.038314174860715866, 0.04789271950721741]",0.0
"{""run_name"": ""fedheart_exp_paper_hetagg_gdro"", ""seed"": 7, ""run_dir"": ""runs/fedheart_cv_lam0.05/Shared_Anchors_GDRO_s7_f2"", ""use_fedheart"": true, ""num_classes"": 2, ""stratified_batching"": true, ""train_frac"": 0.8, ""group_max_train_samples"": [null, null, 20, 25], ""true_hetero_input_dim"": true, ""feature_mask"": [[0, 1, 2, 3, 5, 6, 7, 8, 9, 10], [0, 1, 2, 3, 5, 6, 11, 12], [0, 1, 2, 4, 5, 7, 11, 12], [0, 1, 2, 4, 5, 6, 8, 9, 10]], ""batch_size"": 64, ""num_workers"": 0, ""epochs"": 100, ""early_stopping_patience"": 30, ""lr"": 0.001, ""weight_decay"": 0.0001, ""optimizer"": ""adam"", ""grad_clip"": 1.0, ""lr_scheduler"": ""cosine"", ""lr_min"": 1e-05, ""latent_dim"": 64, ""head_hidden"": 32, ""groups"": [{""name"": ""cleveland"", ""encoder"": ""mlp_tabular_ln"", ""input_dim"": 13, ""hidden_dim"": 64, ""dropout"": 0.1}, {""name"": ""hungarian"", ""encoder"": ""mlp_tabular_ln"", ""input_dim"": 13, ""hidden_dim"": 64, ""dropout"": 0.1}, {""name"": ""switzerland"", ""encoder"": ""mlp_tabular_ln"", ""input_dim"": 13, ""hidden_dim"": 64, ""dropout"": 0.1}, {""name"": ""va_long_beach"", ""encoder"": ""mlp_tabular_ln"", ""input_dim"": 13, ""hidden_dim"": 64, ""dropout"": 0.1}], ""anchor_eps"": 0.0001, ""sep_samples_per_class"": 4, ""sep_method"": ""classifier"", ""sep_margin"": 1.0, ""lambda_fit"": 0.05, ""lambda_sep"": 0.05, ""groupdro_enabled"": true, ""groupdro_eta"": 1.0, ""groupdro_gamma"": 0.9, ""groupdro_update_mode"": ""softmax"", ""groupdro_objective"": ""weighted"", ""groupdro_kl_lambda"": 0.0, ""groupdro_uniform_init"": true, ""log_interval"": 20, ""save_every"": 10, ""impute_missing"": true, ""common_encoder"": true, ""use_regret"": false, ""data_split_seed"": 1002}","{""num_groups"": 4, ""num_classes"": 2, ""train_total"": 522, ""test_total"": 185, ""train_group_counts"": [242, 235, 20, 25], ""test_group_counts"": [61, 59, 25, 40], ""train_class_counts"": [294, 228], ""test_class_counts"": [83, 102], ""train_group_class_counts"": [[131, 111], [150, 85], [2, 18], [11, 14]], ""test_group_class_counts"": [[33, 28], [38, 21], [2, 23], [10, 30]], ""group_proportions"": [0.46360153256704983, 0.4501915708812261, 0.038314176245210725, 0.04789272030651341]}","{""num_groups"": 4, ""eta"": 1.0, ""update_mode"": ""softmax"", ""robust_objective"": ""weighted"", ""gamma"": 0.9, ""kl_lambda"": 0.0, ""initial_pi"": [0.4636015295982361, 0.45019155740737915, 0.038314174860715866, 0.04789271950721741]}",2026-09-14T00:03:04.429012,36,0.3922876790165901,0.798828125,0.001,0.7675675675675676,0.76344227563212,0.7213114754098361,0.847457627118644,"[0.7213114754098361, 0.847457627118644, 0.76, 0.725]","[0.5761584761537245, 0.3510824238913039, 0.8101332128047943, 0.7454822921659797]","[0.7831325301204819, 0.7549019607843137]","[[0.7575757575757576, 0.6785714285714286], [0.8421052631578947, 0.8571428571428571], [1.0, 0.7391304347826086], [0.6, 0.7666666666666667]]","[61, 59, 25, 40]",0.7665854875150376,"[0.7185888738127544, 0.8383561643835616, 0.625, 0.6643783371472158]",0.625,0.8101332128047943,"[0.25591763854026794, 0.3206019997596741, 0.19938702881336212, 0.2240932434797287]","[0.41846979781985283, 0.49657142162323, 0.09901065938174725, 0.4123360775411129]","[0.2628013640642166, 0.28424593806266785, 0.19065340049564838, 0.26229926384985447]","[0.4636015295982361, 0.45019155740737915, 0.038314174860715866, 0.04789271950721741]",0.0
"{""run_name"": ""fedheart_exp_paper_hetagg_gdro"", ""seed"": 7, ""run_dir"": ""runs/fedheart_cv_lam0.05/Shared_Anchors_GDRO_s7_f2"", ""use_fedheart"": true, ""num_classes"": 2, ""stratified_batching"": true, ""train_frac"": 0.8, ""group_max_train_samples"": [null, null, 20, 25], ""true_hetero_input_dim"": true, ""feature_mask"": [[0, 1, 2, 3, 5, 6, 7, 8, 9, 10], [0, 1, 2, 3, 5, 6, 11, 12], [0, 1, 2, 4, 5, 7, 11, 12], [0, 1, 2, 4, 5, 6, 8, 9, 10]], ""batch_size"": 64, ""num_workers"": 0, ""epochs"": 100, ""early_stopping_patience"": 30, ""lr"": 0.001, ""weight_decay"": 0.0001, ""optimizer"": ""adam"", ""grad_clip"": 1.0, ""lr_scheduler"": ""cosine"", ""lr_min"": 1e-05, ""latent_dim"": 64, ""head_hidden"": 32, ""groups"": [{""name"": ""cleveland"", ""encoder"": ""mlp_tabular_ln"", ""input_dim"": 13, ""hidden_dim"": 64, ""dropout"": 0.1}, {""name"": ""hungarian"", ""encoder"": ""mlp_tabular_ln"", ""input_dim"": 13, ""hidden_dim"": 64, ""dropout"": 0.1}, {""name"": ""switzerland"", ""encoder"": ""mlp_tabular_ln"", ""input_dim"": 13, ""hidden_dim"": 64, ""dropout"": 0.1}, {""name"": ""va_long_beach"", ""encoder"": ""mlp_tabular_ln"", ""input_dim"": 13, ""hidden_dim"": 64, ""dropout"": 0.1}], ""anchor_eps"": 0.0001, ""sep_samples_per_class"": 4, ""sep_method"": ""classifier"", ""sep_margin"": 1.0, ""lambda_fit"": 0.05, ""lambda_sep"": 0.05, ""groupdro_enabled"": true, ""groupdro_eta"": 1.0, ""groupdro_gamma"": 0.9, ""groupdro_update_mode"": ""softmax"", ""groupdro_objective"": ""weighted"", ""groupdro_kl_lambda"": 0.0, ""groupdro_uniform_init"": true, ""log_interval"": 20, ""save_every"": 10, ""impute_missing"": true, ""common_encoder"": true, ""use_regret"": false, ""data_split_seed"": 1002}","{""num_groups"": 4, ""num_classes"": 2, ""train_total"": 522, ""test_total"": 185, ""train_group_counts"": [242, 235, 20, 25], ""test_group_counts"": [61, 59, 25, 40], ""train_class_counts"": [294, 228], ""test_class_counts"": [83, 102], ""train_group_class_counts"": [[131, 111], [150, 85], [2, 18], [11, 14]], ""test_group_class_counts"": [[33, 28], [38, 21], [2, 23], [10, 30]], ""group_proportions"": [0.46360153256704983, 0.4501915708812261, 0.038314176245210725, 0.04789272030651341]}","{""num_groups"": 4, ""eta"": 1.0, ""update_mode"": ""softmax"", ""robust_objective"": ""weighted"", ""gamma"": 0.9, ""kl_lambda"": 0.0, ""initial_pi"": [0.4636015295982361, 0.45019155740737915, 0.038314174860715866, 0.04789271950721741]}",2026-09-14T00:03:04.429012,37,0.4008681606501341,0.818359375,0.001,0.7621621621621621,0.7570533481522645,0.7,0.8305084745762712,"[0.7377049180327869, 0.8305084745762712, 0.76, 0.7]","[0.5888997734844928, 0.3899901427360157, 0.6513471993803978, 0.6759701289469376]","[0.7108433734939759, 0.803921568627451]","[[0.696969696969697, 0.7857142857142857], [0.7894736842105263, 0.9047619047619048], [1.0, 0.7391304347826086], [0.4, 0.8]]","[61, 59, 25, 40]",0.7584283000949668,"[0.7376344086021506, 0.824404761904762, 0.625, 0.6000000000000001]",0.6000000000000001,0.6759701289469376,"[0.24457015097141266, 0.3009955883026123, 0.217265784740448, 0.23716847598552704]","[0.3993540480732918, 0.46123042330145836, 0.19690591655671597, 0.45826121512800455]","[0.2526053134351969, 0.2690869774669409, 0.20653405971825123, 0.27177366241812706]","[0.4636015295982361, 0.45019155740737915, 0.038314174860715866, 0.04789271950721741]",0.0
"{""run_name"": ""fedheart_exp_paper_hetagg_gdro"", ""seed"": 7, ""run_dir"": ""runs/fedheart_cv_lam0.05/Shared_Anchors_GDRO_s7_f2"", ""use_fedheart"": true, ""num_classes"": 2, ""stratified_batching"": true, ""train_frac"": 0.8, ""group_max_train_samples"": [null, null, 20, 25], ""true_hetero_input_dim"": true, ""feature_mask"": [[0, 1, 2, 3, 5, 6, 7, 8, 9, 10], [0, 1, 2, 3, 5, 6, 11, 12], [0, 1, 2, 4, 5, 7, 11, 12], [0, 1, 2, 4, 5, 6, 8, 9, 10]], ""batch_size"": 64, ""num_workers"": 0, ""epochs"": 100, ""early_stopping_patience"": 30, ""lr"": 0.001, ""weight_decay"": 0.0001, ""optimizer"": ""adam"", ""grad_clip"": 1.0, ""lr_scheduler"": ""cosine"", ""lr_min"": 1e-05, ""latent_dim"": 64, ""head_hidden"": 32, ""groups"": [{""name"": ""cleveland"", ""encoder"": ""mlp_tabular_ln"", ""input_dim"": 13, ""hidden_dim"": 64, ""dropout"": 0.1}, {""name"": ""hungarian"", ""encoder"": ""mlp_tabular_ln"", ""input_dim"": 13, ""hidden_dim"": 64, ""dropout"": 0.1}, {""name"": ""switzerland"", ""encoder"": ""mlp_tabular_ln"", ""input_dim"": 13, ""hidden_dim"": 64, ""dropout"": 0.1}, {""name"": ""va_long_beach"", ""encoder"": ""mlp_tabular_ln"", ""input_dim"": 13, ""hidden_dim"": 64, ""dropout"": 0.1}], ""anchor_eps"": 0.0001, ""sep_samples_per_class"": 4, ""sep_method"": ""classifier"", ""sep_margin"": 1.0, ""lambda_fit"": 0.05, ""lambda_sep"": 0.05, ""groupdro_enabled"": true, ""groupdro_eta"": 1.0, ""groupdro_gamma"": 0.9, ""groupdro_update_mode"": ""softmax"", ""groupdro_objective"": ""weighted"", ""groupdro_kl_lambda"": 0.0, ""groupdro_uniform_init"": true, ""log_interval"": 20, ""save_every"": 10, ""impute_missing"": true, ""common_encoder"": true, ""use_regret"": false, ""data_split_seed"": 1002}","{""num_groups"": 4, ""num_classes"": 2, ""train_total"": 522, ""test_total"": 185, ""train_group_counts"": [242, 235, 20, 25], ""test_group_counts"": [61, 59, 25, 40], ""train_class_counts"": [294, 228], ""test_class_counts"": [83, 102], ""train_group_class_counts"": [[131, 111], [150, 85], [2, 18], [11, 14]], ""test_group_class_counts"": [[33, 28], [38, 21], [2, 23], [10, 30]], ""group_proportions"": [0.46360153256704983, 0.4501915708812261, 0.038314176245210725, 0.04789272030651341]}","{""num_groups"": 4, ""eta"": 1.0, ""update_mode"": ""softmax"", ""robust_objective"": ""weighted"", ""gamma"": 0.9, ""kl_lambda"": 0.0, ""initial_pi"": [0.4636015295982361, 0.45019155740737915, 0.038314174860715866, 0.04789271950721741]}",2026-09-14T00:03:04.429012,38,0.4187026284635067,0.794921875,0.001,0.7837837837837838,0.7758762850791887,0.725,0.864406779661017,"[0.7540983606557377, 0.864406779661017, 0.76, 0.725]","[0.5740116655551752, 0.37509555563772634, 0.6981860217452049, 0.705706991138868]","[0.7590361445783133, 0.803921568627451]","[[0.7272727272727273, 0.7857142857142857], [0.8421052631578947, 0.9047619047619048], [1.0, 0.7391304347826086], [0.5, 0.8]]","[61, 59, 25, 40]",0.7814788566028821,"[0.7538337368845844, 0.857487922705314, 0.625, 0.6448748991121872]",0.625,0.705706991138868,"[0.2656164765357971, 0.291275292634964, 0.1800423413515091, 0.263065904378891]","[0.4215148724615574, 0.537527471780777, 0.20031352969817817, 0.41871094331145287]","[0.2529807947576046, 0.2851986587047577, 0.2071466911584139, 0.254673857241869]","[0.4636015295982361, 0.45019155740737915, 0.038314174860715866, 0.04789271950721741]",0.0
"{""run_name"": ""fedheart_exp_paper_hetagg_gdro"", ""seed"": 7, ""run_dir"": ""runs/fedheart_cv_lam0.05/Shared_Anchors_GDRO_s7_f2"", ""use_fedheart"": true, ""num_classes"": 2, ""stratified_batching"": true, ""train_frac"": 0.8, ""group_max_train_samples"": [null, null, 20, 25], ""true_hetero_input_dim"": true, ""feature_mask"": [[0, 1, 2, 3, 5, 6, 7, 8, 9, 10], [0, 1, 2, 3, 5, 6, 11, 12], [0, 1, 2, 4, 5, 7, 11, 12], [0, 1, 2, 4, 5, 6, 8, 9, 10]], ""batch_size"": 64, ""num_workers"": 0, ""epochs"": 100, ""early_stopping_patience"": 30, ""lr"": 0.001, ""weight_decay"": 0.0001, ""optimizer"": ""adam"", ""grad_clip"": 1.0, ""lr_scheduler"": ""cosine"", ""lr_min"": 1e-05, ""latent_dim"": 64, ""head_hidden"": 32, ""groups"": [{""name"": ""cleveland"", ""encoder"": ""mlp_tabular_ln"", ""input_dim"": 13, ""hidden_dim"": 64, ""dropout"": 0.1}, {""name"": ""hungarian"", ""encoder"": ""mlp_tabular_ln"", ""input_dim"": 13, ""hidden_dim"": 64, ""dropout"": 0.1}, {""name"": ""switzerland"", ""encoder"": ""mlp_tabular_ln"", ""input_dim"": 13, ""hidden_dim"": 64, ""dropout"": 0.1}, {""name"": ""va_long_beach"", ""encoder"": ""mlp_tabular_ln"", ""input_dim"": 13, ""hidden_dim"": 64, ""dropout"": 0.1}], ""anchor_eps"": 0.0001, ""sep_samples_per_class"": 4, ""sep_method"": ""classifier"", ""sep_margin"": 1.0, ""lambda_fit"": 0.05, ""lambda_sep"": 0.05, ""groupdro_enabled"": true, ""groupdro_eta"": 1.0, ""groupdro_gamma"": 0.9, ""groupdro_update_mode"": ""softmax"", ""groupdro_objective"": ""weighted"", ""groupdro_kl_lambda"": 0.0, ""groupdro_uniform_init"": true, ""log_interval"": 20, ""save_every"": 10, ""impute_missing"": true, ""common_encoder"": true, ""use_regret"": false, ""data_split_seed"": 1002}","{""num_groups"": 4, ""num_classes"": 2, ""train_total"": 522, ""test_total"": 185, ""train_group_counts"": [242, 235, 20, 25], ""test_group_counts"": [61, 59, 25, 40], ""train_class_counts"": [294, 228], ""test_class_counts"": [83, 102], ""train_group_class_counts"": [[131, 111], [150, 85], [2, 18], [11, 14]], ""test_group_class_counts"": [[33, 28], [38, 21], [2, 23], [10, 30]], ""group_proportions"": [0.46360153256704983, 0.4501915708812261, 0.038314176245210725, 0.04789272030651341]}","{""num_groups"": 4, ""eta"": 1.0, ""update_mode"": ""softmax"", ""robust_objective"": ""weighted"", ""gamma"": 0.9, ""kl_lambda"": 0.0, ""initial_pi"": [0.4636015295982361, 0.45019155740737915, 0.038314174860715866, 0.04789271950721741]}",2026-09-14T00:03:04.429012,39,0.4001053273677826,0.802734375,0.001,0.7783783783783784,0.775527924423451,0.7,0.864406779661017,"[0.7377049180327869, 0.864406779661017, 0.8, 0.7]","[0.5718614310026169, 0.3729283283227834, 0.7177703639864922, 0.7207020352594554]","[0.7590361445783133, 0.7941176470588235]","[[0.7272727272727273, 0.75], [0.8421052631578947, 0.9047619047619048], [1.0, 0.782608695652174], [0.5, 0.7666666666666667]]","[61, 59, 25, 40]",0.776260287307159,"[0.7370689655172413, 0.857487922705314, 0.6612466124661247, 0.6238244514106582]",0.6238244514106582,0.7207020352594554,"[0.24042390286922455, 0.3118639290332794, 0.17970779538154602, 0.2680043578147888]","[0.42680225521326065, 0.4498724564909935, 0.15323874540627003, 0.4645001972094178]","[0.26243964955210686, 0.2663888968527317, 0.1981793213635683, 0.2729921452701092]","[0.4636015295982361, 0.45019155740737915, 0.038314174860715866, 0.04789271950721741]",0.0
"{""run_name"": ""fedheart_exp_paper_hetagg_gdro"", ""seed"": 7, ""run_dir"": ""runs/fedheart_cv_lam0.05/Shared_Anchors_GDRO_s7_f2"", ""use_fedheart"": true, ""num_classes"": 2, ""stratified_batching"": true, ""train_frac"": 0.8, ""group_max_train_samples"": [null, null, 20, 25], ""true_hetero_input_dim"": true, ""feature_mask"": [[0, 1, 2, 3, 5, 6, 7, 8, 9, 10], [0, 1, 2, 3, 5, 6, 11, 12], [0, 1, 2, 4, 5, 7, 11, 12], [0, 1, 2, 4, 5, 6, 8, 9, 10]], ""batch_size"": 64, ""num_workers"": 0, ""epochs"": 100, ""early_stopping_patience"": 30, ""lr"": 0.001, ""weight_decay"": 0.0001, ""optimizer"": ""adam"", ""grad_clip"": 1.0, ""lr_scheduler"": ""cosine"", ""lr_min"": 1e-05, ""latent_dim"": 64, ""head_hidden"": 32, ""groups"": [{""name"": ""cleveland"", ""encoder"": ""mlp_tabular_ln"", ""input_dim"": 13, ""hidden_dim"": 64, ""dropout"": 0.1}, {""name"": ""hungarian"", ""encoder"": ""mlp_tabular_ln"", ""input_dim"": 13, ""hidden_dim"": 64, ""dropout"": 0.1}, {""name"": ""switzerland"", ""encoder"": ""mlp_tabular_ln"", ""input_dim"": 13, ""hidden_dim"": 64, ""dropout"": 0.1}, {""name"": ""va_long_beach"", ""encoder"": ""mlp_tabular_ln"", ""input_dim"": 13, ""hidden_dim"": 64, ""dropout"": 0.1}], ""anchor_eps"": 0.0001, ""sep_samples_per_class"": 4, ""sep_method"": ""classifier"", ""sep_margin"": 1.0, ""lambda_fit"": 0.05, ""lambda_sep"": 0.05, ""groupdro_enabled"": true, ""groupdro_eta"": 1.0, ""groupdro_gamma"": 0.9, ""groupdro_update_mode"": ""softmax"", ""groupdro_objective"": ""weighted"", ""groupdro_kl_lambda"": 0.0, ""groupdro_uniform_init"": true, ""log_interval"": 20, ""save_every"": 10, ""impute_missing"": true, ""common_encoder"": true, ""use_regret"": false, ""data_split_seed"": 1002}","{""num_groups"": 4, ""num_classes"": 2, ""train_total"": 522, ""test_total"": 185, ""train_group_counts"": [242, 235, 20, 25], ""test_group_counts"": [61, 59, 25, 40], ""train_class_counts"": [294, 228], ""test_class_counts"": [83, 102], ""train_group_class_counts"": [[131, 111], [150, 85], [2, 18], [11, 14]], ""test_group_class_counts"": [[33, 28], [38, 21], [2, 23], [10, 30]], ""group_proportions"": [0.46360153256704983, 0.4501915708812261, 0.038314176245210725, 0.04789272030651341]}","{""num_groups"": 4, ""eta"": 1.0, ""update_mode"": ""softmax"", ""robust_objective"": ""weighted"", ""gamma"": 0.9, ""kl_lambda"": 0.0, ""initial_pi"": [0.4636015295982361, 0.45019155740737915, 0.038314174860715866, 0.04789271950721741]}",2026-09-14T00:03:04.429012,40,0.4059012830257416,0.798828125,0.001,0.7675675675675676,0.7692049874965268,0.7213114754098361,0.8305084745762712,"[0.7213114754098361, 0.8305084745762712, 0.8, 0.725]","[0.5943751434230657, 0.38736859374379706, 0.6669158245623111, 0.7083445688709616]","[0.7228915662650602, 0.803921568627451]","[[0.696969696969697, 0.75], [0.7894736842105263, 0.9047619047619048], [1.0, 0.782608695652174], [0.5, 0.8]]","[61, 59, 25, 40]",0.7642334252096854,"[0.7210115684691957, 0.824404761904762, 0.6612466124661247, 0.6448748991121872]",0.6448748991121872,0.7083445688709616,"[0.2506451904773712, 0.2973014712333679, 0.24136461317539215, 0.21068879961967468]","[0.42473307996988297, 0.5135391429066658, 0.24726809735875577, 0.3917114660143852]","[0.2541431989520788, 0.2799588404595852, 0.21601699478924274, 0.24988096579909325]","[0.4636015295982361, 0.45019155740737915, 0.038314174860715866, 0.04789271950721741]",0.0
"{""run_name"": ""fedheart_exp_paper_hetagg_gdro"", ""seed"": 7, ""run_dir"": ""runs/fedheart_cv_lam0.05/Shared_Anchors_GDRO_s7_f2"", ""use_fedheart"": true, ""num_classes"": 2, ""stratified_batching"": true, ""train_frac"": 0.8, ""group_max_train_samples"": [null, null, 20, 25], ""true_hetero_input_dim"": true, ""feature_mask"": [[0, 1, 2, 3, 5, 6, 7, 8, 9, 10], [0, 1, 2, 3, 5, 6, 11, 12], [0, 1, 2, 4, 5, 7, 11, 12], [0, 1, 2, 4, 5, 6, 8, 9, 10]], ""batch_size"": 64, ""num_workers"": 0, ""epochs"": 100, ""early_stopping_patience"": 30, ""lr"": 0.001, ""weight_decay"": 0.0001, ""optimizer"": ""adam"", ""grad_clip"": 1.0, ""lr_scheduler"": ""cosine"", ""lr_min"": 1e-05, ""latent_dim"": 64, ""head_hidden"": 32, ""groups"": [{""name"": ""cleveland"", ""encoder"": ""mlp_tabular_ln"", ""input_dim"": 13, ""hidden_dim"": 64, ""dropout"": 0.1}, {""name"": ""hungarian"", ""encoder"": ""mlp_tabular_ln"", ""input_dim"": 13, ""hidden_dim"": 64, ""dropout"": 0.1}, {""name"": ""switzerland"", ""encoder"": ""mlp_tabular_ln"", ""input_dim"": 13, ""hidden_dim"": 64, ""dropout"": 0.1}, {""name"": ""va_long_beach"", ""encoder"": ""mlp_tabular_ln"", ""input_dim"": 13, ""hidden_dim"": 64, ""dropout"": 0.1}], ""anchor_eps"": 0.0001, ""sep_samples_per_class"": 4, ""sep_method"": ""classifier"", ""sep_margin"": 1.0, ""lambda_fit"": 0.05, ""lambda_sep"": 0.05, ""groupdro_enabled"": true, ""groupdro_eta"": 1.0, ""groupdro_gamma"": 0.9, ""groupdro_update_mode"": ""softmax"", ""groupdro_objective"": ""weighted"", ""groupdro_kl_lambda"": 0.0, ""groupdro_uniform_init"": true, ""log_interval"": 20, ""save_every"": 10, ""impute_missing"": true, ""common_encoder"": true, ""use_regret"": false, ""data_split_seed"": 1002}","{""num_groups"": 4, ""num_classes"": 2, ""train_total"": 522, ""test_total"": 185, ""train_group_counts"": [242, 235, 20, 25], ""test_group_counts"": [61, 59, 25, 40], ""train_class_counts"": [294, 228], ""test_class_counts"": [83, 102], ""train_group_class_counts"": [[131, 111], [150, 85], [2, 18], [11, 14]], ""test_group_class_counts"": [[33, 28], [38, 21], [2, 23], [10, 30]], ""group_proportions"": [0.46360153256704983, 0.4501915708812261, 0.038314176245210725, 0.04789272030651341]}","{""num_groups"": 4, ""eta"": 1.0, ""update_mode"": ""softmax"", ""robust_objective"": ""weighted"", ""gamma"": 0.9, ""kl_lambda"": 0.0, ""initial_pi"": [0.4636015295982361, 0.45019155740737915, 0.038314174860715866, 0.04789271950721741]}",2026-09-14T00:03:04.429012,41,0.36865006014704704,0.80859375,0.001,0.772972972972973,0.77344227563212,0.7213114754098361,0.847457627118644,"[0.7213114754098361, 0.847457627118644, 0.8, 0.725]","[0.5957287008889386, 0.37508291193931287, 0.7211269694566727, 0.7362236841348931]","[0.7590361445783133, 0.7843137254901961]","[[0.7272727272727273, 0.7142857142857143], [0.8421052631578947, 0.8571428571428571], [1.0, 0.782608695652174], [0.5, 0.8]]","[61, 59, 25, 40]",0.771039603960396,"[0.7201079622132254, 0.8383561643835616, 0.6612466124661247, 0.6448748991121872]",0.6448748991121872,0.7362236841348931,"[0.23065857589244843, 0.309882789850235, 0.22525687515735626, 0.23420172929763794]","[0.4174822475761175, 0.49939459934830666, 0.12270951783284545, 0.33321575447916985]","[0.2661399822682142, 0.288258109241724, 0.19832846336066723, 0.24727347306907177]","[0.4636015295982361, 0.45019155740737915, 0.038314174860715866, 0.04789271950721741]",0.0
"{""run_name"": ""fedheart_exp_paper_hetagg_gdro"", ""seed"": 7, ""run_dir"": ""runs/fedheart_cv_lam0.05/Shared_Anchors_GDRO_s7_f2"", ""use_fedheart"": true, ""num_classes"": 2, ""stratified_batching"": true, ""train_frac"": 0.8, ""group_max_train_samples"": [null, null, 20, 25], ""true_hetero_input_dim"": true, ""feature_mask"": [[0, 1, 2, 3, 5, 6, 7, 8, 9, 10], [0, 1, 2, 3, 5, 6, 11, 12], [0, 1, 2, 4, 5, 7, 11, 12], [0, 1, 2, 4, 5, 6, 8, 9, 10]], ""batch_size"": 64, ""num_workers"": 0, ""epochs"": 100, ""early_stopping_patience"": 30, ""lr"": 0.001, ""weight_decay"": 0.0001, ""optimizer"": ""adam"", ""grad_clip"": 1.0, ""lr_scheduler"": ""cosine"", ""lr_min"": 1e-05, ""latent_dim"": 64, ""head_hidden"": 32, ""groups"": [{""name"": ""cleveland"", ""encoder"": ""mlp_tabular_ln"", ""input_dim"": 13, ""hidden_dim"": 64, ""dropout"": 0.1}, {""name"": ""hungarian"", ""encoder"": ""mlp_tabular_ln"", ""input_dim"": 13, ""hidden_dim"": 64, ""dropout"": 0.1}, {""name"": ""switzerland"", ""encoder"": ""mlp_tabular_ln"", ""input_dim"": 13, ""hidden_dim"": 64, ""dropout"": 0.1}, {""name"": ""va_long_beach"", ""encoder"": ""mlp_tabular_ln"", ""input_dim"": 13, ""hidden_dim"": 64, ""dropout"": 0.1}], ""anchor_eps"": 0.0001, ""sep_samples_per_class"": 4, ""sep_method"": ""classifier"", ""sep_margin"": 1.0, ""lambda_fit"": 0.05, ""lambda_sep"": 0.05, ""groupdro_enabled"": true, ""groupdro_eta"": 1.0, ""groupdro_gamma"": 0.9, ""groupdro_update_mode"": ""softmax"", ""groupdro_objective"": ""weighted"", ""groupdro_kl_lambda"": 0.0, ""groupdro_uniform_init"": true, ""log_interval"": 20, ""save_every"": 10, ""impute_missing"": true, ""common_encoder"": true, ""use_regret"": false, ""data_split_seed"": 1002}","{""num_groups"": 4, ""num_classes"": 2, ""train_total"": 522, ""test_total"": 185, ""train_group_counts"": [242, 235, 20, 25], ""test_group_counts"": [61, 59, 25, 40], ""train_class_counts"": [294, 228], ""test_class_counts"": [83, 102], ""train_group_class_counts"": [[131, 111], [150, 85], [2, 18], [11, 14]], ""test_group_class_counts"": [[33, 28], [38, 21], [2, 23], [10, 30]], ""group_proportions"": [0.46360153256704983, 0.4501915708812261, 0.038314176245210725, 0.04789272030651341]}","{""num_groups"": 4, ""eta"": 1.0, ""update_mode"": ""softmax"", ""robust_objective"": ""weighted"", ""gamma"": 0.9, ""kl_lambda"": 0.0, ""initial_pi"": [0.4636015295982361, 0.45019155740737915, 0.038314174860715866, 0.04789271950721741]}",2026-09-14T00:03:04.429012,42,0.38914017379283905,0.80859375,0.001,0.7351351351351352,0.7188566268407891,0.64,0.8305084745762712,"[0.7049180327868853, 0.8305084745762712, 0.64, 0.7]","[0.5989240454204503, 0.3612991545696632, 0.8031981326639652, 0.7831291909795255]","[0.7831325301204819, 0.696078431372549]","[[0.7575757575757576, 0.6428571428571429], [0.8421052631578947, 0.8095238095238095], [1.0, 0.6086956521739131], [0.6, 0.7333333333333333]]","[61, 59, 25, 40]",0.7348562403112111,"[0.7009803921568627, 0.8187960687960688, 0.5322245322245323, 0.6428571428571428]",0.5322245322245323,0.8031981326639652,"[0.24721284210681915, 0.2637310028076172, 0.20421212911605835, 0.28484395146369934]","[0.42887136712670326, 0.47722893953323364, 0.1357843903824687, 0.4194925297051668]","[0.2640568781644106, 0.27640983276069164, 0.1963594015687704, 0.26317386887967587]","[0.4636015295982361, 0.45019155740737915, 0.038314174860715866, 0.04789271950721741]",0.0
"{""run_name"": ""fedheart_exp_paper_hetagg_gdro"", ""seed"": 7, ""run_dir"": ""runs/fedheart_cv_lam0.05/Shared_Anchors_GDRO_s7_f2"", ""use_fedheart"": true, ""num_classes"": 2, ""stratified_batching"": true, ""train_frac"": 0.8, ""group_max_train_samples"": [null, null, 20, 25], ""true_hetero_input_dim"": true, ""feature_mask"": [[0, 1, 2, 3, 5, 6, 7, 8, 9, 10], [0, 1, 2, 3, 5, 6, 11, 12], [0, 1, 2, 4, 5, 7, 11, 12], [0, 1, 2, 4, 5, 6, 8, 9, 10]], ""batch_size"": 64, ""num_workers"": 0, ""epochs"": 100, ""early_stopping_patience"": 30, ""lr"": 0.001, ""weight_decay"": 0.0001, ""optimizer"": ""adam"", ""grad_clip"": 1.0, ""lr_scheduler"": ""cosine"", ""lr_min"": 1e-05, ""latent_dim"": 64, ""head_hidden"": 32, ""groups"": [{""name"": ""cleveland"", ""encoder"": ""mlp_tabular_ln"", ""input_dim"": 13, ""hidden_dim"": 64, ""dropout"": 0.1}, {""name"": ""hungarian"", ""encoder"": ""mlp_tabular_ln"", ""input_dim"": 13, ""hidden_dim"": 64, ""dropout"": 0.1}, {""name"": ""switzerland"", ""encoder"": ""mlp_tabular_ln"", ""input_dim"": 13, ""hidden_dim"": 64, ""dropout"": 0.1}, {""name"": ""va_long_beach"", ""encoder"": ""mlp_tabular_ln"", ""input_dim"": 13, ""hidden_dim"": 64, ""dropout"": 0.1}], ""anchor_eps"": 0.0001, ""sep_samples_per_class"": 4, ""sep_method"": ""classifier"", ""sep_margin"": 1.0, ""lambda_fit"": 0.05, ""lambda_sep"": 0.05, ""groupdro_enabled"": true, ""groupdro_eta"": 1.0, ""groupdro_gamma"": 0.9, ""groupdro_update_mode"": ""softmax"", ""groupdro_objective"": ""weighted"", ""groupdro_kl_lambda"": 0.0, ""groupdro_uniform_init"": true, ""log_interval"": 20, ""save_every"": 10, ""impute_missing"": true, ""common_encoder"": true, ""use_regret"": false, ""data_split_seed"": 1002}","{""num_groups"": 4, ""num_classes"": 2, ""train_total"": 522, ""test_total"": 185, ""train_group_counts"": [242, 235, 20, 25], ""test_group_counts"": [61, 59, 25, 40], ""train_class_counts"": [294, 228], ""test_class_counts"": [83, 102], ""train_group_class_counts"": [[131, 111], [150, 85], [2, 18], [11, 14]], ""test_group_class_counts"": [[33, 28], [38, 21], [2, 23], [10, 30]], ""group_proportions"": [0.46360153256704983, 0.4501915708812261, 0.038314176245210725, 0.04789272030651341]}","{""num_groups"": 4, ""eta"": 1.0, ""update_mode"": ""softmax"", ""robust_objective"": ""weighted"", ""gamma"": 0.9, ""kl_lambda"": 0.0, ""initial_pi"": [0.4636015295982361, 0.45019155740737915, 0.038314174860715866, 0.04789271950721741]}",2026-09-14T00:03:04.429012,43,0.3432900197803974,0.8046875,0.001,0.772972972972973,0.7712906362878578,0.7,0.847457627118644,"[0.7377049180327869, 0.847457627118644, 0.8, 0.7]","[0.6115760562147518, 0.3921337676139833, 0.6423276352882386, 0.7190032803686336]","[0.7349397590361446, 0.803921568627451]","[[0.7272727272727273, 0.75], [0.8157894736842105, 0.9047619047619048], [1.0, 0.782608695652174], [0.4, 0.8]]","[61, 59, 25, 40]",0.7700094719393795,"[0.7370689655172413, 0.8408750374587952, 0.6612466124661247, 0.6000000000000001]",0.6000000000000001,0.7190032803686336,"[0.25212934613227844, 0.23274533450603485, 0.1781957447528839, 0.3369295597076416]","[0.3860464543104172, 0.47935405001044273, 0.1892410283908248, 0.24184079375118017]","[0.26299372874200344, 0.2899244260042906, 0.21666149981319904, 0.23042034916579723]","[0.4636015295982361, 0.45019155740737915, 0.038314174860715866, 0.04789271950721741]",0.0
"{""run_name"": ""fedheart_exp_paper_hetagg_gdro"", ""seed"": 7, ""run_dir"": ""runs/fedheart_cv_lam0.05/Shared_Anchors_GDRO_s7_f2"", ""use_fedheart"": true, ""num_classes"": 2, ""stratified_batching"": true, ""train_frac"": 0.8, ""group_max_train_samples"": [null, null, 20, 25], ""true_hetero_input_dim"": true, ""feature_mask"": [[0, 1, 2, 3, 5, 6, 7, 8, 9, 10], [0, 1, 2, 3, 5, 6, 11, 12], [0, 1, 2, 4, 5, 7, 11, 12], [0, 1, 2, 4, 5, 6, 8, 9, 10]], ""batch_size"": 64, ""num_workers"": 0, ""epochs"": 100, ""early_stopping_patience"": 30, ""lr"": 0.001, ""weight_decay"": 0.0001, ""optimizer"": ""adam"", ""grad_clip"": 1.0, ""lr_scheduler"": ""cosine"", ""lr_min"": 1e-05, ""latent_dim"": 64, ""head_hidden"": 32, ""groups"": [{""name"": ""cleveland"", ""encoder"": ""mlp_tabular_ln"", ""input_dim"": 13, ""hidden_dim"": 64, ""dropout"": 0.1}, {""name"": ""hungarian"", ""encoder"": ""mlp_tabular_ln"", ""input_dim"": 13, ""hidden_dim"": 64, ""dropout"": 0.1}, {""name"": ""switzerland"", ""encoder"": ""mlp_tabular_ln"", ""input_dim"": 13, ""hidden_dim"": 64, ""dropout"": 0.1}, {""name"": ""va_long_beach"", ""encoder"": ""mlp_tabular_ln"", ""input_dim"": 13, ""hidden_dim"": 64, ""dropout"": 0.1}], ""anchor_eps"": 0.0001, ""sep_samples_per_class"": 4, ""sep_method"": ""classifier"", ""sep_margin"": 1.0, ""lambda_fit"": 0.05, ""lambda_sep"": 0.05, ""groupdro_enabled"": true, ""groupdro_eta"": 1.0, ""groupdro_gamma"": 0.9, ""groupdro_update_mode"": ""softmax"", ""groupdro_objective"": ""weighted"", ""groupdro_kl_lambda"": 0.0, ""groupdro_uniform_init"": true, ""log_interval"": 20, ""save_every"": 10, ""impute_missing"": true, ""common_encoder"": true, ""use_regret"": false, ""data_split_seed"": 1002}","{""num_groups"": 4, ""num_classes"": 2, ""train_total"": 522, ""test_total"": 185, ""train_group_counts"": [242, 235, 20, 25], ""test_group_counts"": [61, 59, 25, 40], ""train_class_counts"": [294, 228], ""test_class_counts"": [83, 102], ""train_group_class_counts"": [[131, 111], [150, 85], [2, 18], [11, 14]], ""test_group_class_counts"": [[33, 28], [38, 21], [2, 23], [10, 30]], ""group_proportions"": [0.46360153256704983, 0.4501915708812261, 0.038314176245210725, 0.04789272030651341]}","{""num_groups"": 4, ""eta"": 1.0, ""update_mode"": ""softmax"", ""robust_objective"": ""weighted"", ""gamma"": 0.9, ""kl_lambda"": 0.0, ""initial_pi"": [0.4636015295982361, 0.45019155740737915, 0.038314174860715866, 0.04789271950721741]}",2026-09-14T00:03:04.429012,44,0.37948451936244965,0.79296875,0.001,0.7783783783783784,0.7775406362878577,0.725,0.847457627118644,"[0.7377049180327869, 0.847457627118644, 0.8, 0.725]","[0.5999247492214695, 0.3804513644900615, 0.6871854066848755, 0.7426906868582591]","[0.7590361445783133, 0.7941176470588235]","[[0.7575757575757576, 0.7142857142857143], [0.8157894736842105, 0.9047619047619048], [1.0, 0.782608695652174], [0.5, 0.8]]","[61, 59, 25, 40]",0.776260287307159,"[0.7359307359307359, 0.8408750374587952, 0.6612466124661247, 0.6448748991121872]",0.6448748991121872,0.7426906868582591,"[0.2753373980522156, 0.26907992362976074, 0.19879348576068878, 0.2567892074584961]","[0.41978634521365166, 0.49709029495716095, 0.1951765229459852, 0.3526016501709819]","[0.26139184460043907, 0.2826233971863985, 0.21011746115982533, 0.24586728401482105]","[0.4636015295982361, 0.45019155740737915, 0.038314174860715866, 0.04789271950721741]",0.0
"{""run_name"": ""fedheart_exp_paper_hetagg_gdro"", ""seed"": 7, ""run_dir"": ""runs/fedheart_cv_lam0.05/Shared_Anchors_GDRO_s7_f2"", ""use_fedheart"": true, ""num_classes"": 2, ""stratified_batching"": true, ""train_frac"": 0.8, ""group_max_train_samples"": [null, null, 20, 25], ""true_hetero_input_dim"": true, ""feature_mask"": [[0, 1, 2, 3, 5, 6, 7, 8, 9, 10], [0, 1, 2, 3, 5, 6, 11, 12], [0, 1, 2, 4, 5, 7, 11, 12], [0, 1, 2, 4, 5, 6, 8, 9, 10]], ""batch_size"": 64, ""num_workers"": 0, ""epochs"": 100, ""early_stopping_patience"": 30, ""lr"": 0.001, ""weight_decay"": 0.0001, ""optimizer"": ""adam"", ""grad_clip"": 1.0, ""lr_scheduler"": ""cosine"", ""lr_min"": 1e-05, ""latent_dim"": 64, ""head_hidden"": 32, ""groups"": [{""name"": ""cleveland"", ""encoder"": ""mlp_tabular_ln"", ""input_dim"": 13, ""hidden_dim"": 64, ""dropout"": 0.1}, {""name"": ""hungarian"", ""encoder"": ""mlp_tabular_ln"", ""input_dim"": 13, ""hidden_dim"": 64, ""dropout"": 0.1}, {""name"": ""switzerland"", ""encoder"": ""mlp_tabular_ln"", ""input_dim"": 13, ""hidden_dim"": 64, ""dropout"": 0.1}, {""name"": ""va_long_beach"", ""encoder"": ""mlp_tabular_ln"", ""input_dim"": 13, ""hidden_dim"": 64, ""dropout"": 0.1}], ""anchor_eps"": 0.0001, ""sep_samples_per_class"": 4, ""sep_method"": ""classifier"", ""sep_margin"": 1.0, ""lambda_fit"": 0.05, ""lambda_sep"": 0.05, ""groupdro_enabled"": true, ""groupdro_eta"": 1.0, ""groupdro_gamma"": 0.9, ""groupdro_update_mode"": ""softmax"", ""groupdro_objective"": ""weighted"", ""groupdro_kl_lambda"": 0.0, ""groupdro_uniform_init"": true, ""log_interval"": 20, ""save_every"": 10, ""impute_missing"": true, ""common_encoder"": true, ""use_regret"": false, ""data_split_seed"": 1002}","{""num_groups"": 4, ""num_classes"": 2, ""train_total"": 522, ""test_total"": 185, ""train_group_counts"": [242, 235, 20, 25], ""test_group_counts"": [61, 59, 25, 40], ""train_class_counts"": [294, 228], ""test_class_counts"": [83, 102], ""train_group_class_counts"": [[131, 111], [150, 85], [2, 18], [11, 14]], ""test_group_class_counts"": [[33, 28], [38, 21], [2, 23], [10, 30]], ""group_proportions"": [0.46360153256704983, 0.4501915708812261, 0.038314176245210725, 0.04789272030651341]}","{""num_groups"": 4, ""eta"": 1.0, ""update_mode"": ""softmax"", ""robust_objective"": ""weighted"", ""gamma"": 0.9, ""kl_lambda"": 0.0, ""initial_pi"": [0.4636015295982361, 0.45019155740737915, 0.038314174860715866, 0.04789271950721741]}",2026-09-14T00:03:04.429012,45,0.38256561756134033,0.81640625,0.001,0.7567567567567568,0.7529549874965268,0.7,0.8305084745762712,"[0.7213114754098361, 0.8305084745762712, 0.76, 0.7]","[0.6021006243975192, 0.37822121181288515, 0.7218902066349984, 0.7596456757979467]","[0.7831325301204819, 0.7352941176470589]","[[0.7878787878787878, 0.6428571428571429], [0.8157894736842105, 0.8571428571428571], [1.0, 0.7391304347826086], [0.6, 0.7333333333333333]]","[61, 59, 25, 40]",0.756043956043956,"[0.7164342357123326, 0.8218599033816425, 0.625, 0.6428571428571428]",0.625,0.7596456757979467,"[0.2646694779396057, 0.3183879852294922, 0.1918306052684784, 0.22511188685894012]","[0.42161940038204193, 0.4546145722270012, 0.13103469251655042, 0.43438129406422377]","[0.2628919146955013, 0.2713877409696579, 0.1961676087230444, 0.2695527393370867]","[0.4636015295982361, 0.45019155740737915, 0.038314174860715866, 0.04789271950721741]",0.0
"{""run_name"": ""fedheart_exp_paper_hetagg_gdro"", ""seed"": 7, ""run_dir"": ""runs/fedheart_cv_lam0.05/Shared_Anchors_GDRO_s7_f2"", ""use_fedheart"": true, ""num_classes"": 2, ""stratified_batching"": true, ""train_frac"": 0.8, ""group_max_train_samples"": [null, null, 20, 25], ""true_hetero_input_dim"": true, ""feature_mask"": [[0, 1, 2, 3, 5, 6, 7, 8, 9, 10], [0, 1, 2, 3, 5, 6, 11, 12], [0, 1, 2, 4, 5, 7, 11, 12], [0, 1, 2, 4, 5, 6, 8, 9, 10]], ""batch_size"": 64, ""num_workers"": 0, ""epochs"": 100, ""early_stopping_patience"": 30, ""lr"": 0.001, ""weight_decay"": 0.0001, ""optimizer"": ""adam"", ""grad_clip"": 1.0, ""lr_scheduler"": ""cosine"", ""lr_min"": 1e-05, ""latent_dim"": 64, ""head_hidden"": 32, ""groups"": [{""name"": ""cleveland"", ""encoder"": ""mlp_tabular_ln"", ""input_dim"": 13, ""hidden_dim"": 64, ""dropout"": 0.1}, {""name"": ""hungarian"", ""encoder"": ""mlp_tabular_ln"", ""input_dim"": 13, ""hidden_dim"": 64, ""dropout"": 0.1}, {""name"": ""switzerland"", ""encoder"": ""mlp_tabular_ln"", ""input_dim"": 13, ""hidden_dim"": 64, ""dropout"": 0.1}, {""name"": ""va_long_beach"", ""encoder"": ""mlp_tabular_ln"", ""input_dim"": 13, ""hidden_dim"": 64, ""dropout"": 0.1}], ""anchor_eps"": 0.0001, ""sep_samples_per_class"": 4, ""sep_method"": ""classifier"", ""sep_margin"": 1.0, ""lambda_fit"": 0.05, ""lambda_sep"": 0.05, ""groupdro_enabled"": true, ""groupdro_eta"": 1.0, ""groupdro_gamma"": 0.9, ""groupdro_update_mode"": ""softmax"", ""groupdro_objective"": ""weighted"", ""groupdro_kl_lambda"": 0.0, ""groupdro_uniform_init"": true, ""log_interval"": 20, ""save_every"": 10, ""impute_missing"": true, ""common_encoder"": true, ""use_regret"": false, ""data_split_seed"": 1002}","{""num_groups"": 4, ""num_classes"": 2, ""train_total"": 522, ""test_total"": 185, ""train_group_counts"": [242, 235, 20, 25], ""test_group_counts"": [61, 59, 25, 40], ""train_class_counts"": [294, 228], ""test_class_counts"": [83, 102], ""train_group_class_counts"": [[131, 111], [150, 85], [2, 18], [11, 14]], ""test_group_class_counts"": [[33, 28], [38, 21], [2, 23], [10, 30]], ""group_proportions"": [0.46360153256704983, 0.4501915708812261, 0.038314176245210725, 0.04789272030651341]}","{""num_groups"": 4, ""eta"": 1.0, ""update_mode"": ""softmax"", ""robust_objective"": ""weighted"", ""gamma"": 0.9, ""kl_lambda"": 0.0, ""initial_pi"": [0.4636015295982361, 0.45019155740737915, 0.038314174860715866, 0.04789271950721741]}",2026-09-14T00:03:04.429012,46,0.4053903818130493,0.78515625,0.001,0.745945945945946,0.7503820505696026,0.7,0.8,"[0.7049180327868853, 0.7966101694915254, 0.8, 0.7]","[0.6350080550678807, 0.4449576012143013, 0.5619990946352482, 0.6886861459119246]","[0.6626506024096386, 0.8137254901960784]","[[0.6363636363636364, 0.7857142857142857], [0.7368421052631579, 0.9047619047619048], [1.0, 0.782608695652174], [0.4, 0.8]]","[61, 59, 25, 40]",0.739989832839927,"[0.7048387096774194, 0.7917647058823529, 0.6612466124661247, 0.6000000000000001]",0.6000000000000001,0.6886861459119246,"[0.23941375315189362, 0.3248545229434967, 0.19661390781402588, 0.23911777138710022]","[0.3921204097568989, 0.47644438222050667, 0.37889313511550426, 0.40130822733044624]","[0.24025563150644302, 0.2624382898211479, 0.25021642073988914, 0.24708967469632626]","[0.4636015295982361, 0.45019155740737915, 0.038314174860715866, 0.04789271950721741]",0.0
"{""run_name"": ""fedheart_exp_paper_hetagg_gdro"", ""seed"": 7, ""run_dir"": ""runs/fedheart_cv_lam0.05/Shared_Anchors_GDRO_s7_f2"", ""use_fedheart"": true, ""num_classes"": 2, ""stratified_batching"": true, ""train_frac"": 0.8, ""group_max_train_samples"": [null, null, 20, 25], ""true_hetero_input_dim"": true, ""feature_mask"": [[0, 1, 2, 3, 5, 6, 7, 8, 9, 10], [0, 1, 2, 3, 5, 6, 11, 12], [0, 1, 2, 4, 5, 7, 11, 12], [0, 1, 2, 4, 5, 6, 8, 9, 10]], ""batch_size"": 64, ""num_workers"": 0, ""epochs"": 100, ""early_stopping_patience"": 30, ""lr"": 0.001, ""weight_decay"": 0.0001, ""optimizer"": ""adam"", ""grad_clip"": 1.0, ""lr_scheduler"": ""cosine"", ""lr_min"": 1e-05, ""latent_dim"": 64, ""head_hidden"": 32, ""groups"": [{""name"": ""cleveland"", ""encoder"": ""mlp_tabular_ln"", ""input_dim"": 13, ""hidden_dim"": 64, ""dropout"": 0.1}, {""name"": ""hungarian"", ""encoder"": ""mlp_tabular_ln"", ""input_dim"": 13, ""hidden_dim"": 64, ""dropout"": 0.1}, {""name"": ""switzerland"", ""encoder"": ""mlp_tabular_ln"", ""input_dim"": 13, ""hidden_dim"": 64, ""dropout"": 0.1}, {""name"": ""va_long_beach"", ""encoder"": ""mlp_tabular_ln"", ""input_dim"": 13, ""hidden_dim"": 64, ""dropout"": 0.1}], ""anchor_eps"": 0.0001, ""sep_samples_per_class"": 4, ""sep_method"": ""classifier"", ""sep_margin"": 1.0, ""lambda_fit"": 0.05, ""lambda_sep"": 0.05, ""groupdro_enabled"": true, ""groupdro_eta"": 1.0, ""groupdro_gamma"": 0.9, ""groupdro_update_mode"": ""softmax"", ""groupdro_objective"": ""weighted"", ""groupdro_kl_lambda"": 0.0, ""groupdro_uniform_init"": true, ""log_interval"": 20, ""save_every"": 10, ""impute_missing"": true, ""common_encoder"": true, ""use_regret"": false, ""data_split_seed"": 1002}","{""num_groups"": 4, ""num_classes"": 2, ""train_total"": 522, ""test_total"": 185, ""train_group_counts"": [242, 235, 20, 25], ""test_group_counts"": [61, 59, 25, 40], ""train_class_counts"": [294, 228], ""test_class_counts"": [83, 102], ""train_group_class_counts"": [[131, 111], [150, 85], [2, 18], [11, 14]], ""test_group_class_counts"": [[33, 28], [38, 21], [2, 23], [10, 30]], ""group_proportions"": [0.46360153256704983, 0.4501915708812261, 0.038314176245210725, 0.04789272030651341]}","{""num_groups"": 4, ""eta"": 1.0, ""update_mode"": ""softmax"", ""robust_objective"": ""weighted"", ""gamma"": 0.9, ""kl_lambda"": 0.0, ""initial_pi"": [0.4636015295982361, 0.45019155740737915, 0.038314174860715866, 0.04789271950721741]}",2026-09-14T00:03:04.429012,47,0.38010301627218723,0.8125,0.001,0.7675675675675676,0.7692049874965268,0.7213114754098361,0.8305084745762712,"[0.7213114754098361, 0.8305084745762712, 0.8, 0.725]","[0.6020610477836406, 0.410010279385152, 0.6697122749686241, 0.7356109888758511]","[0.7590361445783133, 0.7745098039215687]","[[0.7272727272727273, 0.7142857142857143], [0.8157894736842105, 0.8571428571428571], [1.0, 0.782608695652174], [0.6, 0.7666666666666667]]","[61, 59, 25, 40]",0.7658158909594042,"[0.7201079622132254, 0.8218599033816425, 0.6612466124661247, 0.6643783371472158]",0.6612466124661247,0.7356109888758511,"[0.24450621008872986, 0.24226416647434235, 0.33591899275779724, 0.17731057107448578]","[0.40215835720300674, 0.45514344796538353, 0.2919723486993462, 0.39840798592194915]","[0.24943840876221657, 0.26283847726881504, 0.23127484880387783, 0.2564482484012842]","[0.4636015295982361, 0.45019155740737915, 0.038314174860715866, 0.04789271950721741]",0.0
"{""run_name"": ""fedheart_exp_paper_hetagg_gdro"", ""seed"": 7, ""run_dir"": ""runs/fedheart_cv_lam0.05/Shared_Anchors_GDRO_s7_f2"", ""use_fedheart"": true, ""num_classes"": 2, ""stratified_batching"": true, ""train_frac"": 0.8, ""group_max_train_samples"": [null, null, 20, 25], ""true_hetero_input_dim"": true, ""feature_mask"": [[0, 1, 2, 3, 5, 6, 7, 8, 9, 10], [0, 1, 2, 3, 5, 6, 11, 12], [0, 1, 2, 4, 5, 7, 11, 12], [0, 1, 2, 4, 5, 6, 8, 9, 10]], ""batch_size"": 64, ""num_workers"": 0, ""epochs"": 100, ""early_stopping_patience"": 30, ""lr"": 0.001, ""weight_decay"": 0.0001, ""optimizer"": ""adam"", ""grad_clip"": 1.0, ""lr_scheduler"": ""cosine"", ""lr_min"": 1e-05, ""latent_dim"": 64, ""head_hidden"": 32, ""groups"": [{""name"": ""cleveland"", ""encoder"": ""mlp_tabular_ln"", ""input_dim"": 13, ""hidden_dim"": 64, ""dropout"": 0.1}, {""name"": ""hungarian"", ""encoder"": ""mlp_tabular_ln"", ""input_dim"": 13, ""hidden_dim"": 64, ""dropout"": 0.1}, {""name"": ""switzerland"", ""encoder"": ""mlp_tabular_ln"", ""input_dim"": 13, ""hidden_dim"": 64, ""dropout"": 0.1}, {""name"": ""va_long_beach"", ""encoder"": ""mlp_tabular_ln"", ""input_dim"": 13, ""hidden_dim"": 64, ""dropout"": 0.1}], ""anchor_eps"": 0.0001, ""sep_samples_per_class"": 4, ""sep_method"": ""classifier"", ""sep_margin"": 1.0, ""lambda_fit"": 0.05, ""lambda_sep"": 0.05, ""groupdro_enabled"": true, ""groupdro_eta"": 1.0, ""groupdro_gamma"": 0.9, ""groupdro_update_mode"": ""softmax"", ""groupdro_objective"": ""weighted"", ""groupdro_kl_lambda"": 0.0, ""groupdro_uniform_init"": true, ""log_interval"": 20, ""save_every"": 10, ""impute_missing"": true, ""common_encoder"": true, ""use_regret"": false, ""data_split_seed"": 1002}","{""num_groups"": 4, ""num_classes"": 2, ""train_total"": 522, ""test_total"": 185, ""train_group_counts"": [242, 235, 20, 25], ""test_group_counts"": [61, 59, 25, 40], ""train_class_counts"": [294, 228], ""test_class_counts"": [83, 102], ""train_group_class_counts"": [[131, 111], [150, 85], [2, 18], [11, 14]], ""test_group_class_counts"": [[33, 28], [38, 21], [2, 23], [10, 30]], ""group_proportions"": [0.46360153256704983, 0.4501915708812261, 0.038314176245210725, 0.04789272030651341]}","{""num_groups"": 4, ""eta"": 1.0, ""update_mode"": ""softmax"", ""robust_objective"": ""weighted"", ""gamma"": 0.9, ""kl_lambda"": 0.0, ""initial_pi"": [0.4636015295982361, 0.45019155740737915, 0.038314174860715866, 0.04789271950721741]}",2026-09-14T00:03:04.429012,48,0.3249998800456524,0.802734375,0.001,0.7567567567567568,0.7529549874965268,0.7,0.8305084745762712,"[0.7213114754098361, 0.8305084745762712, 0.76, 0.7]","[0.5955314906619367, 0.3880816299499849, 0.7601153732836247, 0.7915211280924268]","[0.7831325301204819, 0.7352941176470589]","[[0.7878787878787878, 0.6428571428571429], [0.8157894736842105, 0.8571428571428571], [1.0, 0.7391304347826086], [0.6, 0.7333333333333333]]","[61, 59, 25, 40]",0.756043956043956,"[0.7164342357123326, 0.8218599033816425, 0.625, 0.6428571428571428]",0.625,0.7915211280924268,"[0.2742558419704437, 0.2944595217704773, 0.22487759590148926, 0.20640705525875092]","[0.38626158982515335, 0.46443143114447594, 0.15556124690920115, 0.26311004208400846]","[0.26493799686431885, 0.2863350361585617, 0.21146084740757942, 0.23726614378392696]","[0.4636015295982361, 0.45019155740737915, 0.038314174860715866, 0.04789271950721741]",0.0
"{""run_name"": ""fedheart_exp_paper_hetagg_gdro"", ""seed"": 7, ""run_dir"": ""runs/fedheart_cv_lam0.05/Shared_Anchors_GDRO_s7_f2"", ""use_fedheart"": true, ""num_classes"": 2, ""stratified_batching"": true, ""train_frac"": 0.8, ""group_max_train_samples"": [null, null, 20, 25], ""true_hetero_input_dim"": true, ""feature_mask"": [[0, 1, 2, 3, 5, 6, 7, 8, 9, 10], [0, 1, 2, 3, 5, 6, 11, 12], [0, 1, 2, 4, 5, 7, 11, 12], [0, 1, 2, 4, 5, 6, 8, 9, 10]], ""batch_size"": 64, ""num_workers"": 0, ""epochs"": 100, ""early_stopping_patience"": 30, ""lr"": 0.001, ""weight_decay"": 0.0001, ""optimizer"": ""adam"", ""grad_clip"": 1.0, ""lr_scheduler"": ""cosine"", ""lr_min"": 1e-05, ""latent_dim"": 64, ""head_hidden"": 32, ""groups"": [{""name"": ""cleveland"", ""encoder"": ""mlp_tabular_ln"", ""input_dim"": 13, ""hidden_dim"": 64, ""dropout"": 0.1}, {""name"": ""hungarian"", ""encoder"": ""mlp_tabular_ln"", ""input_dim"": 13, ""hidden_dim"": 64, ""dropout"": 0.1}, {""name"": ""switzerland"", ""encoder"": ""mlp_tabular_ln"", ""input_dim"": 13, ""hidden_dim"": 64, ""dropout"": 0.1}, {""name"": ""va_long_beach"", ""encoder"": ""mlp_tabular_ln"", ""input_dim"": 13, ""hidden_dim"": 64, ""dropout"": 0.1}], ""anchor_eps"": 0.0001, ""sep_samples_per_class"": 4, ""sep_method"": ""classifier"", ""sep_margin"": 1.0, ""lambda_fit"": 0.05, ""lambda_sep"": 0.05, ""groupdro_enabled"": true, ""groupdro_eta"": 1.0, ""groupdro_gamma"": 0.9, ""groupdro_update_mode"": ""softmax"", ""groupdro_objective"": ""weighted"", ""groupdro_kl_lambda"": 0.0, ""groupdro_uniform_init"": true, ""log_interval"": 20, ""save_every"": 10, ""impute_missing"": true, ""common_encoder"": true, ""use_regret"": false, ""data_split_seed"": 1002}","{""num_groups"": 4, ""num_classes"": 2, ""train_total"": 522, ""test_total"": 185, ""train_group_counts"": [242, 235, 20, 25], ""test_group_counts"": [61, 59, 25, 40], ""train_class_counts"": [294, 228], ""test_class_counts"": [83, 102], ""train_group_class_counts"": [[131, 111], [150, 85], [2, 18], [11, 14]], ""test_group_class_counts"": [[33, 28], [38, 21], [2, 23], [10, 30]], ""group_proportions"": [0.46360153256704983, 0.4501915708812261, 0.038314176245210725, 0.04789272030651341]}","{""num_groups"": 4, ""eta"": 1.0, ""update_mode"": ""softmax"", ""robust_objective"": ""weighted"", ""gamma"": 0.9, ""kl_lambda"": 0.0, ""initial_pi"": [0.4636015295982361, 0.45019155740737915, 0.038314174860715866, 0.04789271950721741]}",2026-09-14T00:03:04.429012,49,0.33875514566898346,0.822265625,0.001,0.7567567567567568,0.7610082661850515,0.6885245901639344,0.8305084745762712,"[0.6885245901639344, 0.8305084745762712, 0.8, 0.725]","[0.6047195354934598, 0.3949851090546255, 0.7212482072412968, 0.7885305164032615]","[0.7590361445783133, 0.7549019607843137]","[[0.7272727272727273, 0.6428571428571429], [0.8157894736842105, 0.8571428571428571], [1.0, 0.782608695652174], [0.6, 0.7666666666666667]]","[61, 59, 25, 40]",0.7553557259984132,"[0.6854816824966079, 0.8218599033816425, 0.6612466124661247, 0.6643783371472158]",0.6612466124661247,0.7885305164032615,"[0.24613411724567413, 0.27587518095970154, 0.17913851141929626, 0.29885223507881165]","[0.35070710629224777, 0.4920654520392418, 0.1531383623369038, 0.30343278916552663]","[0.2539583332836628, 0.29136428236961365, 0.20933313854038715, 0.2453442718833685]","[0.4636015295982361, 0.45019155740737915, 0.038314174860715866, 0.04789271950721741]",0.0
"{""run_name"": ""fedheart_exp_paper_hetagg_gdro"", ""seed"": 7, ""run_dir"": ""runs/fedheart_cv_lam0.05/Shared_Anchors_GDRO_s7_f2"", ""use_fedheart"": true, ""num_classes"": 2, ""stratified_batching"": true, ""train_frac"": 0.8, ""group_max_train_samples"": [null, null, 20, 25], ""true_hetero_input_dim"": true, ""feature_mask"": [[0, 1, 2, 3, 5, 6, 7, 8, 9, 10], [0, 1, 2, 3, 5, 6, 11, 12], [0, 1, 2, 4, 5, 7, 11, 12], [0, 1, 2, 4, 5, 6, 8, 9, 10]], ""batch_size"": 64, ""num_workers"": 0, ""epochs"": 100, ""early_stopping_patience"": 30, ""lr"": 0.001, ""weight_decay"": 0.0001, ""optimizer"": ""adam"", ""grad_clip"": 1.0, ""lr_scheduler"": ""cosine"", ""lr_min"": 1e-05, ""latent_dim"": 64, ""head_hidden"": 32, ""groups"": [{""name"": ""cleveland"", ""encoder"": ""mlp_tabular_ln"", ""input_dim"": 13, ""hidden_dim"": 64, ""dropout"": 0.1}, {""name"": ""hungarian"", ""encoder"": ""mlp_tabular_ln"", ""input_dim"": 13, ""hidden_dim"": 64, ""dropout"": 0.1}, {""name"": ""switzerland"", ""encoder"": ""mlp_tabular_ln"", ""input_dim"": 13, ""hidden_dim"": 64, ""dropout"": 0.1}, {""name"": ""va_long_beach"", ""encoder"": ""mlp_tabular_ln"", ""input_dim"": 13, ""hidden_dim"": 64, ""dropout"": 0.1}], ""anchor_eps"": 0.0001, ""sep_samples_per_class"": 4, ""sep_method"": ""classifier"", ""sep_margin"": 1.0, ""lambda_fit"": 0.05, ""lambda_sep"": 0.05, ""groupdro_enabled"": true, ""groupdro_eta"": 1.0, ""groupdro_gamma"": 0.9, ""groupdro_update_mode"": ""softmax"", ""groupdro_objective"": ""weighted"", ""groupdro_kl_lambda"": 0.0, ""groupdro_uniform_init"": true, ""log_interval"": 20, ""save_every"": 10, ""impute_missing"": true, ""common_encoder"": true, ""use_regret"": false, ""data_split_seed"": 1002}","{""num_groups"": 4, ""num_classes"": 2, ""train_total"": 522, ""test_total"": 185, ""train_group_counts"": [242, 235, 20, 25], ""test_group_counts"": [61, 59, 25, 40], ""train_class_counts"": [294, 228], ""test_class_counts"": [83, 102], ""train_group_class_counts"": [[131, 111], [150, 85], [2, 18], [11, 14]], ""test_group_class_counts"": [[33, 28], [38, 21], [2, 23], [10, 30]], ""group_proportions"": [0.46360153256704983, 0.4501915708812261, 0.038314176245210725, 0.04789272030651341]}","{""num_groups"": 4, ""eta"": 1.0, ""update_mode"": ""softmax"", ""robust_objective"": ""weighted"", ""gamma"": 0.9, ""kl_lambda"": 0.0, ""initial_pi"": [0.4636015295982361, 0.45019155740737915, 0.038314174860715866, 0.04789271950721741]}",2026-09-14T00:03:04.429012,50,0.31517599150538445,0.81640625,0.001,0.7621621621621621,0.7652455543206447,0.6885245901639344,0.847457627118644,"[0.6885245901639344, 0.847457627118644, 0.8, 0.725]","[0.61434796975437, 0.39822186634607487, 0.710555889904499, 0.7959883168921806]","[0.7590361445783133, 0.7647058823529411]","[[0.7272727272727273, 0.6428571428571429], [0.8157894736842105, 0.9047619047619048], [1.0, 0.782608695652174], [0.6, 0.7666666666666667]]","[61, 59, 25, 40]",0.7605882352941176,"[0.6854816824966079, 0.8408750374587952, 0.6612466124661247, 0.6643783371472158]",0.6612466124661247,0.7959883168921806,"[0.25732678174972534, 0.2888217866420746, 0.18506574630737305, 0.2687857151031494]","[0.39232463389635086, 0.4597013182938099, 0.07829372002743185, 0.24994513392448425]","[0.2724277451634407, 0.2913326136767864, 0.19903849810361862, 0.23720115236938]","[0.4636015295982361, 0.45019155740737915, 0.038314174860715866, 0.04789271950721741]",0.0
"{""run_name"": ""fedheart_exp_paper_hetagg_gdro"", ""seed"": 7, ""run_dir"": ""runs/fedheart_cv_lam0.05/Shared_Anchors_GDRO_s7_f2"", ""use_fedheart"": true, ""num_classes"": 2, ""stratified_batching"": true, ""train_frac"": 0.8, ""group_max_train_samples"": [null, null, 20, 25], ""true_hetero_input_dim"": true, ""feature_mask"": [[0, 1, 2, 3, 5, 6, 7, 8, 9, 10], [0, 1, 2, 3, 5, 6, 11, 12], [0, 1, 2, 4, 5, 7, 11, 12], [0, 1, 2, 4, 5, 6, 8, 9, 10]], ""batch_size"": 64, ""num_workers"": 0, ""epochs"": 100, ""early_stopping_patience"": 30, ""lr"": 0.001, ""weight_decay"": 0.0001, ""optimizer"": ""adam"", ""grad_clip"": 1.0, ""lr_scheduler"": ""cosine"", ""lr_min"": 1e-05, ""latent_dim"": 64, ""head_hidden"": 32, ""groups"": [{""name"": ""cleveland"", ""encoder"": ""mlp_tabular_ln"", ""input_dim"": 13, ""hidden_dim"": 64, ""dropout"": 0.1}, {""name"": ""hungarian"", ""encoder"": ""mlp_tabular_ln"", ""input_dim"": 13, ""hidden_dim"": 64, ""dropout"": 0.1}, {""name"": ""switzerland"", ""encoder"": ""mlp_tabular_ln"", ""input_dim"": 13, ""hidden_dim"": 64, ""dropout"": 0.1}, {""name"": ""va_long_beach"", ""encoder"": ""mlp_tabular_ln"", ""input_dim"": 13, ""hidden_dim"": 64, ""dropout"": 0.1}], ""anchor_eps"": 0.0001, ""sep_samples_per_class"": 4, ""sep_method"": ""classifier"", ""sep_margin"": 1.0, ""lambda_fit"": 0.05, ""lambda_sep"": 0.05, ""groupdro_enabled"": true, ""groupdro_eta"": 1.0, ""groupdro_gamma"": 0.9, ""groupdro_update_mode"": ""softmax"", ""groupdro_objective"": ""weighted"", ""groupdro_kl_lambda"": 0.0, ""groupdro_uniform_init"": true, ""log_interval"": 20, ""save_every"": 10, ""impute_missing"": true, ""common_encoder"": true, ""use_regret"": false, ""data_split_seed"": 1002}","{""num_groups"": 4, ""num_classes"": 2, ""train_total"": 522, ""test_total"": 185, ""train_group_counts"": [242, 235, 20, 25], ""test_group_counts"": [61, 59, 25, 40], ""train_class_counts"": [294, 228], ""test_class_counts"": [83, 102], ""train_group_class_counts"": [[131, 111], [150, 85], [2, 18], [11, 14]], ""test_group_class_counts"": [[33, 28], [38, 21], [2, 23], [10, 30]], ""group_proportions"": [0.46360153256704983, 0.4501915708812261, 0.038314176245210725, 0.04789272030651341]}","{""num_groups"": 4, ""eta"": 1.0, ""update_mode"": ""softmax"", ""robust_objective"": ""weighted"", ""gamma"": 0.9, ""kl_lambda"": 0.0, ""initial_pi"": [0.4636015295982361, 0.45019155740737915, 0.038314174860715866, 0.04789271950721741]}",2026-09-14T00:03:04.429012,51,0.3302595317363739,0.82421875,0.001,0.7567567567567568,0.7588566268407891,0.7,0.8305084745762712,"[0.7049180327868853, 0.8305084745762712, 0.8, 0.7]","[0.6181054133845524, 0.3869396499200266, 0.7473023973405362, 0.8089898363337852]","[0.7590361445783133, 0.7549019607843137]","[[0.7575757575757576, 0.6428571428571429], [0.8157894736842105, 0.8571428571428571], [1.0, 0.782608695652174], [0.5, 0.7666666666666667]]","[61, 59, 25, 40]",0.7553557259984132,"[0.7009803921568627, 0.8218599033816425, 0.6612466124661247, 0.6238244514106582]",0.6238244514106582,0.8089898363337852,"[0.2799505293369293, 0.2786428928375244, 0.20555643737316132, 0.23585008084774017]","[0.39616526290774345, 0.45053208991885185, 0.13390763360075653, 0.287535572424531]","[0.26819545216858387, 0.2824222631752491, 0.2071558367460966, 0.24222644418478012]","[0.4636015295982361, 0.45019155740737915, 0.038314174860715866, 0.04789271950721741]",0.0
"{""run_name"": ""fedheart_exp_paper_hetagg_gdro"", ""seed"": 7, ""run_dir"": ""runs/fedheart_cv_lam0.05/Shared_Anchors_GDRO_s7_f2"", ""use_fedheart"": true, ""num_classes"": 2, ""stratified_batching"": true, ""train_frac"": 0.8, ""group_max_train_samples"": [null, null, 20, 25], ""true_hetero_input_dim"": true, ""feature_mask"": [[0, 1, 2, 3, 5, 6, 7, 8, 9, 10], [0, 1, 2, 3, 5, 6, 11, 12], [0, 1, 2, 4, 5, 7, 11, 12], [0, 1, 2, 4, 5, 6, 8, 9, 10]], ""batch_size"": 64, ""num_workers"": 0, ""epochs"": 100, ""early_stopping_patience"": 30, ""lr"": 0.001, ""weight_decay"": 0.0001, ""optimizer"": ""adam"", ""grad_clip"": 1.0, ""lr_scheduler"": ""cosine"", ""lr_min"": 1e-05, ""latent_dim"": 64, ""head_hidden"": 32, ""groups"": [{""name"": ""cleveland"", ""encoder"": ""mlp_tabular_ln"", ""input_dim"": 13, ""hidden_dim"": 64, ""dropout"": 0.1}, {""name"": ""hungarian"", ""encoder"": ""mlp_tabular_ln"", ""input_dim"": 13, ""hidden_dim"": 64, ""dropout"": 0.1}, {""name"": ""switzerland"", ""encoder"": ""mlp_tabular_ln"", ""input_dim"": 13, ""hidden_dim"": 64, ""dropout"": 0.1}, {""name"": ""va_long_beach"", ""encoder"": ""mlp_tabular_ln"", ""input_dim"": 13, ""hidden_dim"": 64, ""dropout"": 0.1}], ""anchor_eps"": 0.0001, ""sep_samples_per_class"": 4, ""sep_method"": ""classifier"", ""sep_margin"": 1.0, ""lambda_fit"": 0.05, ""lambda_sep"": 0.05, ""groupdro_enabled"": true, ""groupdro_eta"": 1.0, ""groupdro_gamma"": 0.9, ""groupdro_update_mode"": ""softmax"", ""groupdro_objective"": ""weighted"", ""groupdro_kl_lambda"": 0.0, ""groupdro_uniform_init"": true, ""log_interval"": 20, ""save_every"": 10, ""impute_missing"": true, ""common_encoder"": true, ""use_regret"": false, ""data_split_seed"": 1002}","{""num_groups"": 4, ""num_classes"": 2, ""train_total"": 522, ""test_total"": 185, ""train_group_counts"": [242, 235, 20, 25], ""test_group_counts"": [61, 59, 25, 40], ""train_class_counts"": [294, 228], ""test_class_counts"": [83, 102], ""train_group_class_counts"": [[131, 111], [150, 85], [2, 18], [11, 14]], ""test_group_class_counts"": [[33, 28], [38, 21], [2, 23], [10, 30]], ""group_proportions"": [0.46360153256704983, 0.4501915708812261, 0.038314176245210725, 0.04789272030651341]}","{""num_groups"": 4, ""eta"": 1.0, ""update_mode"": ""softmax"", ""robust_objective"": ""weighted"", ""gamma"": 0.9, ""kl_lambda"": 0.0, ""initial_pi"": [0.4636015295982361, 0.45019155740737915, 0.038314174860715866, 0.04789271950721741]}",2026-09-14T00:03:04.429012,52,0.3346211835741997,0.822265625,0.001,0.745945945945946,0.7426066268407892,0.675,0.8305084745762712,"[0.7049180327868853, 0.8305084745762712, 0.76, 0.675]","[0.6253524524556686, 0.38452705105577234, 0.7691801343858242, 0.8232681677211076]","[0.7590361445783133, 0.7352941176470589]","[[0.7575757575757576, 0.6428571428571429], [0.8157894736842105, 0.8571428571428571], [1.0, 0.7391304347826086], [0.5, 0.7333333333333333]]","[61, 59, 25, 40]",0.7448725096094599,"[0.7009803921568627, 0.8218599033816425, 0.625, 0.6033562166285278]",0.6033562166285278,0.8232681677211076,"[0.29916635155677795, 0.2736910283565521, 0.2051464319229126, 0.22199618816375732]","[0.3953382074832916, 0.4449615329504013, 0.1727434906642884, 0.3213110417127609]","[0.26241710782051086, 0.2766920477151871, 0.2110440544784069, 0.2498467843979597]","[0.4636015295982361, 0.45019155740737915, 0.038314174860715866, 0.04789271950721741]",0.0
"{""run_name"": ""fedheart_exp_paper_hetagg_gdro"", ""seed"": 7, ""run_dir"": ""runs/fedheart_cv_lam0.05/Shared_Anchors_GDRO_s7_f2"", ""use_fedheart"": true, ""num_classes"": 2, ""stratified_batching"": true, ""train_frac"": 0.8, ""group_max_train_samples"": [null, null, 20, 25], ""true_hetero_input_dim"": true, ""feature_mask"": [[0, 1, 2, 3, 5, 6, 7, 8, 9, 10], [0, 1, 2, 3, 5, 6, 11, 12], [0, 1, 2, 4, 5, 7, 11, 12], [0, 1, 2, 4, 5, 6, 8, 9, 10]], ""batch_size"": 64, ""num_workers"": 0, ""epochs"": 100, ""early_stopping_patience"": 30, ""lr"": 0.001, ""weight_decay"": 0.0001, ""optimizer"": ""adam"", ""grad_clip"": 1.0, ""lr_scheduler"": ""cosine"", ""lr_min"": 1e-05, ""latent_dim"": 64, ""head_hidden"": 32, ""groups"": [{""name"": ""cleveland"", ""encoder"": ""mlp_tabular_ln"", ""input_dim"": 13, ""hidden_dim"": 64, ""dropout"": 0.1}, {""name"": ""hungarian"", ""encoder"": ""mlp_tabular_ln"", ""input_dim"": 13, ""hidden_dim"": 64, ""dropout"": 0.1}, {""name"": ""switzerland"", ""encoder"": ""mlp_tabular_ln"", ""input_dim"": 13, ""hidden_dim"": 64, ""dropout"": 0.1}, {""name"": ""va_long_beach"", ""encoder"": ""mlp_tabular_ln"", ""input_dim"": 13, ""hidden_dim"": 64, ""dropout"": 0.1}], ""anchor_eps"": 0.0001, ""sep_samples_per_class"": 4, ""sep_method"": ""classifier"", ""sep_margin"": 1.0, ""lambda_fit"": 0.05, ""lambda_sep"": 0.05, ""groupdro_enabled"": true, ""groupdro_eta"": 1.0, ""groupdro_gamma"": 0.9, ""groupdro_update_mode"": ""softmax"", ""groupdro_objective"": ""weighted"", ""groupdro_kl_lambda"": 0.0, ""groupdro_uniform_init"": true, ""log_interval"": 20, ""save_every"": 10, ""impute_missing"": true, ""common_encoder"": true, ""use_regret"": false, ""data_split_seed"": 1002}","{""num_groups"": 4, ""num_classes"": 2, ""train_total"": 522, ""test_total"": 185, ""train_group_counts"": [242, 235, 20, 25], ""test_group_counts"": [61, 59, 25, 40], ""train_class_counts"": [294, 228], ""test_class_counts"": [83, 102], ""train_group_class_counts"": [[131, 111], [150, 85], [2, 18], [11, 14]], ""test_group_class_counts"": [[33, 28], [38, 21], [2, 23], [10, 30]], ""group_proportions"": [0.46360153256704983, 0.4501915708812261, 0.038314176245210725, 0.04789272030651341]}","{""num_groups"": 4, ""eta"": 1.0, ""update_mode"": ""softmax"", ""robust_objective"": ""weighted"", ""gamma"": 0.9, ""kl_lambda"": 0.0, ""initial_pi"": [0.4636015295982361, 0.45019155740737915, 0.038314174860715866, 0.04789271950721741]}",2026-09-14T00:03:04.429012,53,0.34069813415408134,0.822265625,0.001,0.7297297297297297,0.7382258960822451,0.639344262295082,0.8135593220338984,"[0.639344262295082, 0.8135593220338984, 0.8, 0.7]","[0.6569876305522305, 0.41937882344285815, 0.6592343065887689, 0.7775837322638836]","[0.6987951807228916, 0.7549019607843137]","[[0.6363636363636364, 0.6428571428571429], [0.7894736842105263, 0.8571428571428571], [1.0, 0.782608695652174], [0.5, 0.7666666666666667]]","[61, 59, 25, 40]",0.7268485707536027,"[0.6384698275862069, 0.8055139346718609, 0.6612466124661247, 0.6238244514106582]",0.6238244514106582,0.7775837322638836,"[0.2859984338283539, 0.2948497533798218, 0.20208917558193207, 0.2170625478029251]","[0.41104521602392197, 0.4357040971517563, 0.14756378112360835, 0.3473375756293535]","[0.26909895800054073, 0.27301788702607155, 0.2053025308996439, 0.2525806240737438]","[0.4636015295982361, 0.45019155740737915, 0.038314174860715866, 0.04789271950721741]",0.0
"{""run_name"": ""fedheart_exp_paper_hetagg_gdro"", ""seed"": 7, ""run_dir"": ""runs/fedheart_cv_lam0.05/Shared_Anchors_GDRO_s7_f2"", ""use_fedheart"": true, ""num_classes"": 2, ""stratified_batching"": true, ""train_frac"": 0.8, ""group_max_train_samples"": [null, null, 20, 25], ""true_hetero_input_dim"": true, ""feature_mask"": [[0, 1, 2, 3, 5, 6, 7, 8, 9, 10], [0, 1, 2, 3, 5, 6, 11, 12], [0, 1, 2, 4, 5, 7, 11, 12], [0, 1, 2, 4, 5, 6, 8, 9, 10]], ""batch_size"": 64, ""num_workers"": 0, ""epochs"": 100, ""early_stopping_patience"": 30, ""lr"": 0.001, ""weight_decay"": 0.0001, ""optimizer"": ""adam"", ""grad_clip"": 1.0, ""lr_scheduler"": ""cosine"", ""lr_min"": 1e-05, ""latent_dim"": 64, ""head_hidden"": 32, ""groups"": [{""name"": ""cleveland"", ""encoder"": ""mlp_tabular_ln"", ""input_dim"": 13, ""hidden_dim"": 64, ""dropout"": 0.1}, {""name"": ""hungarian"", ""encoder"": ""mlp_tabular_ln"", ""input_dim"": 13, ""hidden_dim"": 64, ""dropout"": 0.1}, {""name"": ""switzerland"", ""encoder"": ""mlp_tabular_ln"", ""input_dim"": 13, ""hidden_dim"": 64, ""dropout"": 0.1}, {""name"": ""va_long_beach"", ""encoder"": ""mlp_tabular_ln"", ""input_dim"": 13, ""hidden_dim"": 64, ""dropout"": 0.1}], ""anchor_eps"": 0.0001, ""sep_samples_per_class"": 4, ""sep_method"": ""classifier"", ""sep_margin"": 1.0, ""lambda_fit"": 0.05, ""lambda_sep"": 0.05, ""groupdro_enabled"": true, ""groupdro_eta"": 1.0, ""groupdro_gamma"": 0.9, ""groupdro_update_mode"": ""softmax"", ""groupdro_objective"": ""weighted"", ""groupdro_kl_lambda"": 0.0, ""groupdro_uniform_init"": true, ""log_interval"": 20, ""save_every"": 10, ""impute_missing"": true, ""common_encoder"": true, ""use_regret"": false, ""data_split_seed"": 1002}","{""num_groups"": 4, ""num_classes"": 2, ""train_total"": 522, ""test_total"": 185, ""train_group_counts"": [242, 235, 20, 25], ""test_group_counts"": [61, 59, 25, 40], ""train_class_counts"": [294, 228], ""test_class_counts"": [83, 102], ""train_group_class_counts"": [[131, 111], [150, 85], [2, 18], [11, 14]], ""test_group_class_counts"": [[33, 28], [38, 21], [2, 23], [10, 30]], ""group_proportions"": [0.46360153256704983, 0.4501915708812261, 0.038314176245210725, 0.04789272030651341]}","{""num_groups"": 4, ""eta"": 1.0, ""update_mode"": ""softmax"", ""robust_objective"": ""weighted"", ""gamma"": 0.9, ""kl_lambda"": 0.0, ""initial_pi"": [0.4636015295982361, 0.45019155740737915, 0.038314174860715866, 0.04789271950721741]}",2026-09-14T00:03:04.429012,54,0.34924774058163166,0.81640625,0.001,0.7405405405405405,0.746561544873576,0.6557377049180327,0.8305084745762712,"[0.6557377049180327, 0.8305084745762712, 0.8, 0.7]","[0.6597361195656913, 0.409628486138437, 0.7103072629868984, 0.8084289042220917]","[0.7228915662650602, 0.7549019607843137]","[[0.6666666666666666, 0.6428571428571429], [0.8157894736842105, 0.8571428571428571], [1.0, 0.782608695652174], [0.5, 0.7666666666666667]]","[61, 59, 25, 40]",0.7383309759547383,"[0.654251012145749, 0.8218599033816425, 0.6612466124661247, 0.6238244514106582]",0.6238244514106582,0.8084289042220917,"[0.26919788122177124, 0.28089556097984314, 0.24394068121910095, 0.20596586167812347]","[0.38282230868935585, 0.4438895806670189, 0.1388467203360051, 0.3696210258640349]","[0.2595712412148714, 0.27702502720057964, 0.20435702987015247, 0.2590466979891062]","[0.4636015295982361, 0.45019155740737915, 0.038314174860715866, 0.04789271950721741]",0.0
"{""run_name"": ""fedheart_exp_paper_hetagg_gdro"", ""seed"": 7, ""run_dir"": ""runs/fedheart_cv_lam0.05/Shared_Anchors_GDRO_s7_f2"", ""use_fedheart"": true, ""num_classes"": 2, ""stratified_batching"": true, ""train_frac"": 0.8, ""group_max_train_samples"": [null, null, 20, 25], ""true_hetero_input_dim"": true, ""feature_mask"": [[0, 1, 2, 3, 5, 6, 7, 8, 9, 10], [0, 1, 2, 3, 5, 6, 11, 12], [0, 1, 2, 4, 5, 7, 11, 12], [0, 1, 2, 4, 5, 6, 8, 9, 10]], ""batch_size"": 64, ""num_workers"": 0, ""epochs"": 100, ""early_stopping_patience"": 30, ""lr"": 0.001, ""weight_decay"": 0.0001, ""optimizer"": ""adam"", ""grad_clip"": 1.0, ""lr_scheduler"": ""cosine"", ""lr_min"": 1e-05, ""latent_dim"": 64, ""head_hidden"": 32, ""groups"": [{""name"": ""cleveland"", ""encoder"": ""mlp_tabular_ln"", ""input_dim"": 13, ""hidden_dim"": 64, ""dropout"": 0.1}, {""name"": ""hungarian"", ""encoder"": ""mlp_tabular_ln"", ""input_dim"": 13, ""hidden_dim"": 64, ""dropout"": 0.1}, {""name"": ""switzerland"", ""encoder"": ""mlp_tabular_ln"", ""input_dim"": 13, ""hidden_dim"": 64, ""dropout"": 0.1}, {""name"": ""va_long_beach"", ""encoder"": ""mlp_tabular_ln"", ""input_dim"": 13, ""hidden_dim"": 64, ""dropout"": 0.1}], ""anchor_eps"": 0.0001, ""sep_samples_per_class"": 4, ""sep_method"": ""classifier"", ""sep_margin"": 1.0, ""lambda_fit"": 0.05, ""lambda_sep"": 0.05, ""groupdro_enabled"": true, ""groupdro_eta"": 1.0, ""groupdro_gamma"": 0.9, ""groupdro_update_mode"": ""softmax"", ""groupdro_objective"": ""weighted"", ""groupdro_kl_lambda"": 0.0, ""groupdro_uniform_init"": true, ""log_interval"": 20, ""save_every"": 10, ""impute_missing"": true, ""common_encoder"": true, ""use_regret"": false, ""data_split_seed"": 1002}","{""num_groups"": 4, ""num_classes"": 2, ""train_total"": 522, ""test_total"": 185, ""train_group_counts"": [242, 235, 20, 25], ""test_group_counts"": [61, 59, 25, 40], ""train_class_counts"": [294, 228], ""test_class_counts"": [83, 102], ""train_group_class_counts"": [[131, 111], [150, 85], [2, 18], [11, 14]], ""test_group_class_counts"": [[33, 28], [38, 21], [2, 23], [10, 30]], ""group_proportions"": [0.46360153256704983, 0.4501915708812261, 0.038314176245210725, 0.04789272030651341]}","{""num_groups"": 4, ""eta"": 1.0, ""update_mode"": ""softmax"", ""robust_objective"": ""weighted"", ""gamma"": 0.9, ""kl_lambda"": 0.0, ""initial_pi"": [0.4636015295982361, 0.45019155740737915, 0.038314174860715866, 0.04789271950721741]}",2026-09-14T00:03:04.429012,55,0.3131534084677696,0.81640625,0.001,0.745945945945946,0.7505209780494582,0.6885245901639344,0.8135593220338984,"[0.6885245901639344, 0.8135593220338984, 0.8, 0.7]","[0.6503691052956904, 0.38489589976715083, 0.7956631442159414, 0.8498427404090763]","[0.7469879518072289, 0.7450980392156863]","[[0.7272727272727273, 0.6428571428571429], [0.8157894736842105, 0.8095238095238095], [1.0, 0.782608695652174], [0.5, 0.7666666666666667]]","[61, 59, 25, 40]",0.7444826471538982,"[0.6854816824966079, 0.802435312024353, 0.6612466124661247, 0.6238244514106582]",0.6238244514106582,0.8498427404090763,"[0.30757516622543335, 0.27484631538391113, 0.1918552815914154, 0.22572320699691772]","[0.39845551177859306, 0.44495221227407455, 0.11010087095201015, 0.24061616649851203]","[0.27262367866933346, 0.28791848197579384, 0.20436260290443897, 0.23509523458778858]","[0.4636015295982361, 0.45019155740737915, 0.038314174860715866, 0.04789271950721741]",0.0
"{""run_name"": ""fedheart_exp_paper_hetagg_gdro"", ""seed"": 7, ""run_dir"": ""runs/fedheart_cv_lam0.05/Shared_Anchors_GDRO_s7_f2"", ""use_fedheart"": true, ""num_classes"": 2, ""stratified_batching"": true, ""train_frac"": 0.8, ""group_max_train_samples"": [null, null, 20, 25], ""true_hetero_input_dim"": true, ""feature_mask"": [[0, 1, 2, 3, 5, 6, 7, 8, 9, 10], [0, 1, 2, 3, 5, 6, 11, 12], [0, 1, 2, 4, 5, 7, 11, 12], [0, 1, 2, 4, 5, 6, 8, 9, 10]], ""batch_size"": 64, ""num_workers"": 0, ""epochs"": 100, ""early_stopping_patience"": 30, ""lr"": 0.001, ""weight_decay"": 0.0001, ""optimizer"": ""adam"", ""grad_clip"": 1.0, ""lr_scheduler"": ""cosine"", ""lr_min"": 1e-05, ""latent_dim"": 64, ""head_hidden"": 32, ""groups"": [{""name"": ""cleveland"", ""encoder"": ""mlp_tabular_ln"", ""input_dim"": 13, ""hidden_dim"": 64, ""dropout"": 0.1}, {""name"": ""hungarian"", ""encoder"": ""mlp_tabular_ln"", ""input_dim"": 13, ""hidden_dim"": 64, ""dropout"": 0.1}, {""name"": ""switzerland"", ""encoder"": ""mlp_tabular_ln"", ""input_dim"": 13, ""hidden_dim"": 64, ""dropout"": 0.1}, {""name"": ""va_long_beach"", ""encoder"": ""mlp_tabular_ln"", ""input_dim"": 13, ""hidden_dim"": 64, ""dropout"": 0.1}], ""anchor_eps"": 0.0001, ""sep_samples_per_class"": 4, ""sep_method"": ""classifier"", ""sep_margin"": 1.0, ""lambda_fit"": 0.05, ""lambda_sep"": 0.05, ""groupdro_enabled"": true, ""groupdro_eta"": 1.0, ""groupdro_gamma"": 0.9, ""groupdro_update_mode"": ""softmax"", ""groupdro_objective"": ""weighted"", ""groupdro_kl_lambda"": 0.0, ""groupdro_uniform_init"": true, ""log_interval"": 20, ""save_every"": 10, ""impute_missing"": true, ""common_encoder"": true, ""use_regret"": false, ""data_split_seed"": 1002}","{""num_groups"": 4, ""num_classes"": 2, ""train_total"": 522, ""test_total"": 185, ""train_group_counts"": [242, 235, 20, 25], ""test_group_counts"": [61, 59, 25, 40], ""train_class_counts"": [294, 228], ""test_class_counts"": [83, 102], ""train_group_class_counts"": [[131, 111], [150, 85], [2, 18], [11, 14]], ""test_group_class_counts"": [[33, 28], [38, 21], [2, 23], [10, 30]], ""group_proportions"": [0.46360153256704983, 0.4501915708812261, 0.038314176245210725, 0.04789272030651341]}","{""num_groups"": 4, ""eta"": 1.0, ""update_mode"": ""softmax"", ""robust_objective"": ""weighted"", ""gamma"": 0.9, ""kl_lambda"": 0.0, ""initial_pi"": [0.4636015295982361, 0.45019155740737915, 0.038314174860715866, 0.04789271950721741]}",2026-09-14T00:03:04.429012,56,0.3138576354831457,0.814453125,0.001,0.745945945945946,0.7485082661850514,0.675,0.8305084745762712,"[0.6885245901639344, 0.8305084745762712, 0.8, 0.675]","[0.6380612996834345, 0.38948070555451814, 0.7988523499667645, 0.8533318892586976]","[0.7469879518072289, 0.7450980392156863]","[[0.7272727272727273, 0.6428571428571429], [0.8157894736842105, 0.8571428571428571], [1.0, 0.782608695652174], [0.5, 0.7333333333333333]]","[61, 59, 25, 40]",0.7444826471538982,"[0.6854816824966079, 0.8218599033816425, 0.6612466124661247, 0.6033562166285278]",0.6033562166285278,0.8533318892586976,"[0.2502867877483368, 0.30187559127807617, 0.280356228351593, 0.16748133301734924]","[0.3574441019445658, 0.4623083658516407, 0.21387114142999053, 0.20800459291785955]","[0.25902609154582024, 0.28746723011136055, 0.22651603259146214, 0.22699062898755074]","[0.4636015295982361, 0.45019155740737915, 0.038314174860715866, 0.04789271950721741]",0.0
"{""run_name"": ""fedheart_exp_paper_hetagg_gdro"", ""seed"": 7, ""run_dir"": ""runs/fedheart_cv_lam0.05/Shared_Anchors_GDRO_s7_f2"", ""use_fedheart"": true, ""num_classes"": 2, ""stratified_batching"": true, ""train_frac"": 0.8, ""group_max_train_samples"": [null, null, 20, 25], ""true_hetero_input_dim"": true, ""feature_mask"": [[0, 1, 2, 3, 5, 6, 7, 8, 9, 10], [0, 1, 2, 3, 5, 6, 11, 12], [0, 1, 2, 4, 5, 7, 11, 12], [0, 1, 2, 4, 5, 6, 8, 9, 10]], ""batch_size"": 64, ""num_workers"": 0, ""epochs"": 100, ""early_stopping_patience"": 30, ""lr"": 0.001, ""weight_decay"": 0.0001, ""optimizer"": ""adam"", ""grad_clip"": 1.0, ""lr_scheduler"": ""cosine"", ""lr_min"": 1e-05, ""latent_dim"": 64, ""head_hidden"": 32, ""groups"": [{""name"": ""cleveland"", ""encoder"": ""mlp_tabular_ln"", ""input_dim"": 13, ""hidden_dim"": 64, ""dropout"": 0.1}, {""name"": ""hungarian"", ""encoder"": ""mlp_tabular_ln"", ""input_dim"": 13, ""hidden_dim"": 64, ""dropout"": 0.1}, {""name"": ""switzerland"", ""encoder"": ""mlp_tabular_ln"", ""input_dim"": 13, ""hidden_dim"": 64, ""dropout"": 0.1}, {""name"": ""va_long_beach"", ""encoder"": ""mlp_tabular_ln"", ""input_dim"": 13, ""hidden_dim"": 64, ""dropout"": 0.1}], ""anchor_eps"": 0.0001, ""sep_samples_per_class"": 4, ""sep_method"": ""classifier"", ""sep_margin"": 1.0, ""lambda_fit"": 0.05, ""lambda_sep"": 0.05, ""groupdro_enabled"": true, ""groupdro_eta"": 1.0, ""groupdro_gamma"": 0.9, ""groupdro_update_mode"": ""softmax"", ""groupdro_objective"": ""weighted"", ""groupdro_kl_lambda"": 0.0, ""groupdro_uniform_init"": true, ""log_interval"": 20, ""save_every"": 10, ""impute_missing"": true, ""common_encoder"": true, ""use_regret"": false, ""data_split_seed"": 1002}","{""num_groups"": 4, ""num_classes"": 2, ""train_total"": 522, ""test_total"": 185, ""train_group_counts"": [242, 235, 20, 25], ""test_group_counts"": [61, 59, 25, 40], ""train_class_counts"": [294, 228], ""test_class_counts"": [83, 102], ""train_group_class_counts"": [[131, 111], [150, 85], [2, 18], [11, 14]], ""test_group_class_counts"": [[33, 28], [38, 21], [2, 23], [10, 30]], ""group_proportions"": [0.46360153256704983, 0.4501915708812261, 0.038314176245210725, 0.04789272030651341]}","{""num_groups"": 4, ""eta"": 1.0, ""update_mode"": ""softmax"", ""robust_objective"": ""weighted"", ""gamma"": 0.9, ""kl_lambda"": 0.0, ""initial_pi"": [0.4636015295982361, 0.45019155740737915, 0.038314174860715866, 0.04789271950721741]}",2026-09-14T00:03:04.429012,57,0.3155754916369915,0.814453125,0.001,0.7513513513513513,0.7547582661850514,0.6885245901639344,0.8305084745762712,"[0.6885245901639344, 0.8305084745762712, 0.8, 0.7]","[0.6331730599393, 0.40834655289112004, 0.7305511116236448, 0.8176865756860934]","[0.7349397590361446, 0.7647058823529411]","[[0.696969696969697, 0.6785714285714286], [0.8157894736842105, 0.8571428571428571], [1.0, 0.782608695652174], [0.5, 0.7666666666666667]]","[61, 59, 25, 40]",0.7492338519566243,"[0.6871794871794872, 0.8218599033816425, 0.6612466124661247, 0.6238244514106582]",0.6238244514106582,0.8176865756860934,"[0.3198520839214325, 0.26946163177490234, 0.1968344748020172, 0.21385174989700317]","[0.3755256235599518, 0.45295730605721474, 0.10582398786209524, 0.27158725541085005]","[0.2675265520811081, 0.288057129830122, 0.20318237505853176, 0.2412339523434639]","[0.4636015295982361, 0.45019155740737915, 0.038314174860715866, 0.04789271950721741]",0.0
"{""run_name"": ""fedheart_exp_paper_hetagg_gdro"", ""seed"": 7, ""run_dir"": ""runs/fedheart_cv_lam0.05/Shared_Anchors_GDRO_s7_f2"", ""use_fedheart"": true, ""num_classes"": 2, ""stratified_batching"": true, ""train_frac"": 0.8, ""group_max_train_samples"": [null, null, 20, 25], ""true_hetero_input_dim"": true, ""feature_mask"": [[0, 1, 2, 3, 5, 6, 7, 8, 9, 10], [0, 1, 2, 3, 5, 6, 11, 12], [0, 1, 2, 4, 5, 7, 11, 12], [0, 1, 2, 4, 5, 6, 8, 9, 10]], ""batch_size"": 64, ""num_workers"": 0, ""epochs"": 100, ""early_stopping_patience"": 30, ""lr"": 0.001, ""weight_decay"": 0.0001, ""optimizer"": ""adam"", ""grad_clip"": 1.0, ""lr_scheduler"": ""cosine"", ""lr_min"": 1e-05, ""latent_dim"": 64, ""head_hidden"": 32, ""groups"": [{""name"": ""cleveland"", ""encoder"": ""mlp_tabular_ln"", ""input_dim"": 13, ""hidden_dim"": 64, ""dropout"": 0.1}, {""name"": ""hungarian"", ""encoder"": ""mlp_tabular_ln"", ""input_dim"": 13, ""hidden_dim"": 64, ""dropout"": 0.1}, {""name"": ""switzerland"", ""encoder"": ""mlp_tabular_ln"", ""input_dim"": 13, ""hidden_dim"": 64, ""dropout"": 0.1}, {""name"": ""va_long_beach"", ""encoder"": ""mlp_tabular_ln"", ""input_dim"": 13, ""hidden_dim"": 64, ""dropout"": 0.1}], ""anchor_eps"": 0.0001, ""sep_samples_per_class"": 4, ""sep_method"": ""classifier"", ""sep_margin"": 1.0, ""lambda_fit"": 0.05, ""lambda_sep"": 0.05, ""groupdro_enabled"": true, ""groupdro_eta"": 1.0, ""groupdro_gamma"": 0.9, ""groupdro_update_mode"": ""softmax"", ""groupdro_objective"": ""weighted"", ""groupdro_kl_lambda"": 0.0, ""groupdro_uniform_init"": true, ""log_interval"": 20, ""save_every"": 10, ""impute_missing"": true, ""common_encoder"": true, ""use_regret"": false, ""data_split_seed"": 1002}","{""num_groups"": 4, ""num_classes"": 2, ""train_total"": 522, ""test_total"": 185, ""train_group_counts"": [242, 235, 20, 25], ""test_group_counts"": [61, 59, 25, 40], ""train_class_counts"": [294, 228], ""test_class_counts"": [83, 102], ""train_group_class_counts"": [[131, 111], [150, 85], [2, 18], [11, 14]], ""test_group_class_counts"": [[33, 28], [38, 21], [2, 23], [10, 30]], ""group_proportions"": [0.46360153256704983, 0.4501915708812261, 0.038314176245210725, 0.04789272030651341]}","{""num_groups"": 4, ""eta"": 1.0, ""update_mode"": ""softmax"", ""robust_objective"": ""weighted"", ""gamma"": 0.9, ""kl_lambda"": 0.0, ""initial_pi"": [0.4636015295982361, 0.45019155740737915, 0.038314174860715866, 0.04789271950721741]}",2026-09-14T00:03:04.429012,58,0.30955820716917515,0.83203125,0.001,0.7513513513513513,0.7505939149763823,0.65,0.847457627118644,"[0.7049180327868853, 0.847457627118644, 0.8, 0.65]","[0.6206944952260887, 0.39482647342354815, 0.7847958078235387, 0.8446778705809266]","[0.7590361445783133, 0.7450980392156863]","[[0.7272727272727273, 0.6785714285714286], [0.8421052631578947, 0.8571428571428571], [1.0, 0.782608695652174], [0.5, 0.7]]","[61, 59, 25, 40]",0.7501174536058257,"[0.702922077922078, 0.8383561643835616, 0.6612466124661247, 0.5833333333333333]",0.5833333333333333,0.8446778705809266,"[0.2140275537967682, 0.2627275884151459, 0.15302640199661255, 0.3702183663845062]","[0.38792302273213863, 0.43977962248027325, 0.054489124566316605, 0.28623049054294825]","[0.2716657482087612, 0.28529534861445427, 0.19454283453524113, 0.24849605560302734]","[0.4636015295982361, 0.45019155740737915, 0.038314174860715866, 0.04789271950721741]",0.0
"{""run_name"": ""fedheart_exp_paper_hetagg_gdro"", ""seed"": 7, ""run_dir"": ""runs/fedheart_cv_lam0.05/Shared_Anchors_GDRO_s7_f2"", ""use_fedheart"": true, ""num_classes"": 2, ""stratified_batching"": true, ""train_frac"": 0.8, ""group_max_train_samples"": [null, null, 20, 25], ""true_hetero_input_dim"": true, ""feature_mask"": [[0, 1, 2, 3, 5, 6, 7, 8, 9, 10], [0, 1, 2, 3, 5, 6, 11, 12], [0, 1, 2, 4, 5, 7, 11, 12], [0, 1, 2, 4, 5, 6, 8, 9, 10]], ""batch_size"": 64, ""num_workers"": 0, ""epochs"": 100, ""early_stopping_patience"": 30, ""lr"": 0.001, ""weight_decay"": 0.0001, ""optimizer"": ""adam"", ""grad_clip"": 1.0, ""lr_scheduler"": ""cosine"", ""lr_min"": 1e-05, ""latent_dim"": 64, ""head_hidden"": 32, ""groups"": [{""name"": ""cleveland"", ""encoder"": ""mlp_tabular_ln"", ""input_dim"": 13, ""hidden_dim"": 64, ""dropout"": 0.1}, {""name"": ""hungarian"", ""encoder"": ""mlp_tabular_ln"", ""input_dim"": 13, ""hidden_dim"": 64, ""dropout"": 0.1}, {""name"": ""switzerland"", ""encoder"": ""mlp_tabular_ln"", ""input_dim"": 13, ""hidden_dim"": 64, ""dropout"": 0.1}, {""name"": ""va_long_beach"", ""encoder"": ""mlp_tabular_ln"", ""input_dim"": 13, ""hidden_dim"": 64, ""dropout"": 0.1}], ""anchor_eps"": 0.0001, ""sep_samples_per_class"": 4, ""sep_method"": ""classifier"", ""sep_margin"": 1.0, ""lambda_fit"": 0.05, ""lambda_sep"": 0.05, ""groupdro_enabled"": true, ""groupdro_eta"": 1.0, ""groupdro_gamma"": 0.9, ""groupdro_update_mode"": ""softmax"", ""groupdro_objective"": ""weighted"", ""groupdro_kl_lambda"": 0.0, ""groupdro_uniform_init"": true, ""log_interval"": 20, ""save_every"": 10, ""impute_missing"": true, ""common_encoder"": true, ""use_regret"": false, ""data_split_seed"": 1002}","{""num_groups"": 4, ""num_classes"": 2, ""train_total"": 522, ""test_total"": 185, ""train_group_counts"": [242, 235, 20, 25], ""test_group_counts"": [61, 59, 25, 40], ""train_class_counts"": [294, 228], ""test_class_counts"": [83, 102], ""train_group_class_counts"": [[131, 111], [150, 85], [2, 18], [11, 14]], ""test_group_class_counts"": [[33, 28], [38, 21], [2, 23], [10, 30]], ""group_proportions"": [0.46360153256704983, 0.4501915708812261, 0.038314176245210725, 0.04789272030651341]}","{""num_groups"": 4, ""eta"": 1.0, ""update_mode"": ""softmax"", ""robust_objective"": ""weighted"", ""gamma"": 0.9, ""kl_lambda"": 0.0, ""initial_pi"": [0.4636015295982361, 0.45019155740737915, 0.038314174860715866, 0.04789271950721741]}",2026-09-14T00:03:04.429012,59,0.30261692963540554,0.826171875,0.001,0.7405405405405405,0.7225406362878577,0.625,0.847457627118644,"[0.7377049180327869, 0.847457627118644, 0.68, 0.625]","[0.6177851875297359, 0.37204911601650764, 0.9048092094808817, 0.9135944232693873]","[0.7831325301204819, 0.7058823529411765]","[[0.7878787878787878, 0.6785714285714286], [0.8421052631578947, 0.8571428571428571], [1.0, 0.6521739130434783], [0.5, 0.6666666666666666]]","[61, 59, 25, 40]",0.7401685393258428,"[0.7342047930283225, 0.8383561643835616, 0.5614035087719298, 0.5636363636363636]",0.5614035087719298,0.9135944232693873,"[0.2886516749858856, 0.2515561580657959, 0.17822760343551636, 0.28156450390815735]","[0.33776804246008396, 0.42292172089219093, 0.10848403046838939, 0.319802182726562]","[0.2580519560724497, 0.28063078969717026, 0.2057363037019968, 0.255580922588706]","[0.4636015295982361, 0.45019155740737915, 0.038314174860715866, 0.04789271950721741]",0.0
"{""run_name"": ""fedheart_exp_paper_hetagg_gdro"", ""seed"": 7, ""run_dir"": ""runs/fedheart_cv_lam0.05/Shared_Anchors_GDRO_s7_f2"", ""use_fedheart"": true, ""num_classes"": 2, ""stratified_batching"": true, ""train_frac"": 0.8, ""group_max_train_samples"": [null, null, 20, 25], ""true_hetero_input_dim"": true, ""feature_mask"": [[0, 1, 2, 3, 5, 6, 7, 8, 9, 10], [0, 1, 2, 3, 5, 6, 11, 12], [0, 1, 2, 4, 5, 7, 11, 12], [0, 1, 2, 4, 5, 6, 8, 9, 10]], ""batch_size"": 64, ""num_workers"": 0, ""epochs"": 100, ""early_stopping_patience"": 30, ""lr"": 0.001, ""weight_decay"": 0.0001, ""optimizer"": ""adam"", ""grad_clip"": 1.0, ""lr_scheduler"": ""cosine"", ""lr_min"": 1e-05, ""latent_dim"": 64, ""head_hidden"": 32, ""groups"": [{""name"": ""cleveland"", ""encoder"": ""mlp_tabular_ln"", ""input_dim"": 13, ""hidden_dim"": 64, ""dropout"": 0.1}, {""name"": ""hungarian"", ""encoder"": ""mlp_tabular_ln"", ""input_dim"": 13, ""hidden_dim"": 64, ""dropout"": 0.1}, {""name"": ""switzerland"", ""encoder"": ""mlp_tabular_ln"", ""input_dim"": 13, ""hidden_dim"": 64, ""dropout"": 0.1}, {""name"": ""va_long_beach"", ""encoder"": ""mlp_tabular_ln"", ""input_dim"": 13, ""hidden_dim"": 64, ""dropout"": 0.1}], ""anchor_eps"": 0.0001, ""sep_samples_per_class"": 4, ""sep_method"": ""classifier"", ""sep_margin"": 1.0, ""lambda_fit"": 0.05, ""lambda_sep"": 0.05, ""groupdro_enabled"": true, ""groupdro_eta"": 1.0, ""groupdro_gamma"": 0.9, ""groupdro_update_mode"": ""softmax"", ""groupdro_objective"": ""weighted"", ""groupdro_kl_lambda"": 0.0, ""groupdro_uniform_init"": true, ""log_interval"": 20, ""save_every"": 10, ""impute_missing"": true, ""common_encoder"": true, ""use_regret"": false, ""data_split_seed"": 1002}","{""num_groups"": 4, ""num_classes"": 2, ""train_total"": 522, ""test_total"": 185, ""train_group_counts"": [242, 235, 20, 25], ""test_group_counts"": [61, 59, 25, 40], ""train_class_counts"": [294, 228], ""test_class_counts"": [83, 102], ""train_group_class_counts"": [[131, 111], [150, 85], [2, 18], [11, 14]], ""test_group_class_counts"": [[33, 28], [38, 21], [2, 23], [10, 30]], ""group_proportions"": [0.46360153256704983, 0.4501915708812261, 0.038314176245210725, 0.04789272030651341]}","{""num_groups"": 4, ""eta"": 1.0, ""update_mode"": ""softmax"", ""robust_objective"": ""weighted"", ""gamma"": 0.9, ""kl_lambda"": 0.0, ""initial_pi"": [0.4636015295982361, 0.45019155740737915, 0.038314174860715866, 0.04789271950721741]}",2026-09-14T00:03:04.429012,60,0.34236397594213486,0.818359375,0.001,0.745945945945946,0.7385812031119756,0.625,0.864406779661017,"[0.7049180327868853, 0.864406779661017, 0.76, 0.625]","[0.6244298785344743, 0.38738367960677816, 0.8053307217359543, 0.8527379642357118]","[0.7590361445783133, 0.7352941176470589]","[[0.7272727272727273, 0.6785714285714286], [0.8421052631578947, 0.9047619047619048], [1.0, 0.7391304347826086], [0.5, 0.6666666666666666]]","[61, 59, 25, 40]",0.7448725096094599,"[0.702922077922078, 0.857487922705314, 0.625, 0.5636363636363636]",0.5636363636363636,0.8527379642357118,"[0.2628742456436157, 0.31382977962493896, 0.22361229360103607, 0.19968363642692566]","[0.391403216868639, 0.4816555418074131, 0.14695124700665474, 0.30523475888185203]","[0.26293607614934444, 0.28637329675257206, 0.20646075159311295, 0.24422987923026085]","[0.4636015295982361, 0.45019155740737915, 0.038314174860715866, 0.04789271950721741]",0.0
"{""run_name"": ""fedheart_exp_paper_hetagg_gdro"", ""seed"": 7, ""run_dir"": ""runs/fedheart_cv_lam0.05/Shared_Anchors_GDRO_s7_f2"", ""use_fedheart"": true, ""num_classes"": 2, ""stratified_batching"": true, ""train_frac"": 0.8, ""group_max_train_samples"": [null, null, 20, 25], ""true_hetero_input_dim"": true, ""feature_mask"": [[0, 1, 2, 3, 5, 6, 7, 8, 9, 10], [0, 1, 2, 3, 5, 6, 11, 12], [0, 1, 2, 4, 5, 7, 11, 12], [0, 1, 2, 4, 5, 6, 8, 9, 10]], ""batch_size"": 64, ""num_workers"": 0, ""epochs"": 100, ""early_stopping_patience"": 30, ""lr"": 0.001, ""weight_decay"": 0.0001, ""optimizer"": ""adam"", ""grad_clip"": 1.0, ""lr_scheduler"": ""cosine"", ""lr_min"": 1e-05, ""latent_dim"": 64, ""head_hidden"": 32, ""groups"": [{""name"": ""cleveland"", ""encoder"": ""mlp_tabular_ln"", ""input_dim"": 13, ""hidden_dim"": 64, ""dropout"": 0.1}, {""name"": ""hungarian"", ""encoder"": ""mlp_tabular_ln"", ""input_dim"": 13, ""hidden_dim"": 64, ""dropout"": 0.1}, {""name"": ""switzerland"", ""encoder"": ""mlp_tabular_ln"", ""input_dim"": 13, ""hidden_dim"": 64, ""dropout"": 0.1}, {""name"": ""va_long_beach"", ""encoder"": ""mlp_tabular_ln"", ""input_dim"": 13, ""hidden_dim"": 64, ""dropout"": 0.1}], ""anchor_eps"": 0.0001, ""sep_samples_per_class"": 4, ""sep_method"": ""classifier"", ""sep_margin"": 1.0, ""lambda_fit"": 0.05, ""lambda_sep"": 0.05, ""groupdro_enabled"": true, ""groupdro_eta"": 1.0, ""groupdro_gamma"": 0.9, ""groupdro_update_mode"": ""softmax"", ""groupdro_objective"": ""weighted"", ""groupdro_kl_lambda"": 0.0, ""groupdro_uniform_init"": true, ""log_interval"": 20, ""save_every"": 10, ""impute_missing"": true, ""common_encoder"": true, ""use_regret"": false, ""data_split_seed"": 1002}","{""num_groups"": 4, ""num_classes"": 2, ""train_total"": 522, ""test_total"": 185, ""train_group_counts"": [242, 235, 20, 25], ""test_group_counts"": [61, 59, 25, 40], ""train_class_counts"": [294, 228], ""test_class_counts"": [83, 102], ""train_group_class_counts"": [[131, 111], [150, 85], [2, 18], [11, 14]], ""test_group_class_counts"": [[33, 28], [38, 21], [2, 23], [10, 30]], ""group_proportions"": [0.46360153256704983, 0.4501915708812261, 0.038314176245210725, 0.04789272030651341]}","{""num_groups"": 4, ""eta"": 1.0, ""update_mode"": ""softmax"", ""robust_objective"": ""weighted"", ""gamma"": 0.9, ""kl_lambda"": 0.0, ""initial_pi"": [0.4636015295982361, 0.45019155740737915, 0.038314174860715866, 0.04789271950721741]}",2026-09-14T00:03:04.429012,61,0.3177429549396038,0.826171875,0.001,0.7567567567567568,0.7611471936649069,0.6721311475409836,0.847457627118644,"[0.6721311475409836, 0.847457627118644, 0.8, 0.725]","[0.6519964277958039, 0.4327159769462137, 0.6879721201956273, 0.7895453078439459]","[0.7108433734939759, 0.7941176470588235]","[[0.6363636363636364, 0.7142857142857143], [0.8157894736842105, 0.9047619047619048], [1.0, 0.782608695652174], [0.5, 0.8]]","[61, 59, 25, 40]",0.7532675380101361,"[0.6720430107526882, 0.8408750374587952, 0.6612466124661247, 0.6448748991121872]",0.6448748991121872,0.7895453078439459,"[0.24661175906658173, 0.2251337617635727, 0.20111384987831116, 0.3271406590938568]","[0.3679833058267832, 0.456246942281723, 0.11562639800831676, 0.27578290924429893]","[0.2634544875472784, 0.2892680373042822, 0.20434959419071674, 0.24292792938649654]","[0.4636015295982361, 0.45019155740737915, 0.038314174860715866, 0.04789271950721741]",0.0
"{""run_name"": ""fedheart_exp_paper_hetagg_gdro"", ""seed"": 7, ""run_dir"": ""runs/fedheart_cv_lam0.05/Shared_Anchors_GDRO_s7_f2"", ""use_fedheart"": true, ""num_classes"": 2, ""stratified_batching"": true, ""train_frac"": 0.8, ""group_max_train_samples"": [null, null, 20, 25], ""true_hetero_input_dim"": true, ""feature_mask"": [[0, 1, 2, 3, 5, 6, 7, 8, 9, 10], [0, 1, 2, 3, 5, 6, 11, 12], [0, 1, 2, 4, 5, 7, 11, 12], [0, 1, 2, 4, 5, 6, 8, 9, 10]], ""batch_size"": 64, ""num_workers"": 0, ""epochs"": 100, ""early_stopping_patience"": 30, ""lr"": 0.001, ""weight_decay"": 0.0001, ""optimizer"": ""adam"", ""grad_clip"": 1.0, ""lr_scheduler"": ""cosine"", ""lr_min"": 1e-05, ""latent_dim"": 64, ""head_hidden"": 32, ""groups"": [{""name"": ""cleveland"", ""encoder"": ""mlp_tabular_ln"", ""input_dim"": 13, ""hidden_dim"": 64, ""dropout"": 0.1}, {""name"": ""hungarian"", ""encoder"": ""mlp_tabular_ln"", ""input_dim"": 13, ""hidden_dim"": 64, ""dropout"": 0.1}, {""name"": ""switzerland"", ""encoder"": ""mlp_tabular_ln"", ""input_dim"": 13, ""hidden_dim"": 64, ""dropout"": 0.1}, {""name"": ""va_long_beach"", ""encoder"": ""mlp_tabular_ln"", ""input_dim"": 13, ""hidden_dim"": 64, ""dropout"": 0.1}], ""anchor_eps"": 0.0001, ""sep_samples_per_class"": 4, ""sep_method"": ""classifier"", ""sep_margin"": 1.0, ""lambda_fit"": 0.05, ""lambda_sep"": 0.05, ""groupdro_enabled"": true, ""groupdro_eta"": 1.0, ""groupdro_gamma"": 0.9, ""groupdro_update_mode"": ""softmax"", ""groupdro_objective"": ""weighted"", ""groupdro_kl_lambda"": 0.0, ""groupdro_uniform_init"": true, ""log_interval"": 20, ""save_every"": 10, ""impute_missing"": true, ""common_encoder"": true, ""use_regret"": false, ""data_split_seed"": 1002}","{""num_groups"": 4, ""num_classes"": 2, ""train_total"": 522, ""test_total"": 185, ""train_group_counts"": [242, 235, 20, 25], ""test_group_counts"": [61, 59, 25, 40], ""train_class_counts"": [294, 228], ""test_class_counts"": [83, 102], ""train_group_class_counts"": [[131, 111], [150, 85], [2, 18], [11, 14]], ""test_group_class_counts"": [[33, 28], [38, 21], [2, 23], [10, 30]], ""group_proportions"": [0.46360153256704983, 0.4501915708812261, 0.038314176245210725, 0.04789272030651341]}","{""num_groups"": 4, ""eta"": 1.0, ""update_mode"": ""softmax"", ""robust_objective"": ""weighted"", ""gamma"": 0.9, ""kl_lambda"": 0.0, ""initial_pi"": [0.4636015295982361, 0.45019155740737915, 0.038314174860715866, 0.04789271950721741]}",2026-09-14T00:03:04.429012,62,0.3256383314728737,0.806640625,0.001,0.7675675675675676,0.7694828424562379,0.6885245901639344,0.864406779661017,"[0.6885245901639344, 0.864406779661017, 0.8, 0.725]","[0.62408421090117, 0.40627279746646094, 0.7563865003734827, 0.8259309938643128]","[0.7469879518072289, 0.7843137254901961]","[[0.696969696969697, 0.6785714285714286], [0.8421052631578947, 0.9047619047619048], [1.0, 0.782608695652174], [0.5, 0.8]]","[61, 59, 25, 40]",0.765346154980679,"[0.6871794871794872, 0.857487922705314, 0.6612466124661247, 0.6448748991121872]",0.6448748991121872,0.8259309938643128,"[0.22309757769107819, 0.2658672332763672, 0.17110168933868408, 0.3399334251880646]","[0.3993799239397049, 0.48383013159036636, 0.07697510602883995, 0.2803909769281745]","[0.2696980144828558, 0.29420377872884274, 0.1948542334139347, 0.24124395661056042]","[0.4636015295982361, 0.45019155740737915, 0.038314174860715866, 0.04789271950721741]",0.0
"{""run_name"": ""fedheart_exp_paper_hetagg_gdro"", ""seed"": 7, ""run_dir"": ""runs/fedheart_cv_lam0.05/Shared_Anchors_GDRO_s7_f2"", ""use_fedheart"": true, ""num_classes"": 2, ""stratified_batching"": true, ""train_frac"": 0.8, ""group_max_train_samples"": [null, null, 20, 25], ""true_hetero_input_dim"": true, ""feature_mask"": [[0, 1, 2, 3, 5, 6, 7, 8, 9, 10], [0, 1, 2, 3, 5, 6, 11, 12], [0, 1, 2, 4, 5, 7, 11, 12], [0, 1, 2, 4, 5, 6, 8, 9, 10]], ""batch_size"": 64, ""num_workers"": 0, ""epochs"": 100, ""early_stopping_patience"": 30, ""lr"": 0.001, ""weight_decay"": 0.0001, ""optimizer"": ""adam"", ""grad_clip"": 1.0, ""lr_scheduler"": ""cosine"", ""lr_min"": 1e-05, ""latent_dim"": 64, ""head_hidden"": 32, ""groups"": [{""name"": ""cleveland"", ""encoder"": ""mlp_tabular_ln"", ""input_dim"": 13, ""hidden_dim"": 64, ""dropout"": 0.1}, {""name"": ""hungarian"", ""encoder"": ""mlp_tabular_ln"", ""input_dim"": 13, ""hidden_dim"": 64, ""dropout"": 0.1}, {""name"": ""switzerland"", ""encoder"": ""mlp_tabular_ln"", ""input_dim"": 13, ""hidden_dim"": 64, ""dropout"": 0.1}, {""name"": ""va_long_beach"", ""encoder"": ""mlp_tabular_ln"", ""input_dim"": 13, ""hidden_dim"": 64, ""dropout"": 0.1}], ""anchor_eps"": 0.0001, ""sep_samples_per_class"": 4, ""sep_method"": ""classifier"", ""sep_margin"": 1.0, ""lambda_fit"": 0.05, ""lambda_sep"": 0.05, ""groupdro_enabled"": true, ""groupdro_eta"": 1.0, ""groupdro_gamma"": 0.9, ""groupdro_update_mode"": ""softmax"", ""groupdro_objective"": ""weighted"", ""groupdro_kl_lambda"": 0.0, ""groupdro_uniform_init"": true, ""log_interval"": 20, ""save_every"": 10, ""impute_missing"": true, ""common_encoder"": true, ""use_regret"": false, ""data_split_seed"": 1002}","{""num_groups"": 4, ""num_classes"": 2, ""train_total"": 522, ""test_total"": 185, ""train_group_counts"": [242, 235, 20, 25], ""test_group_counts"": [61, 59, 25, 40], ""train_class_counts"": [294, 228], ""test_class_counts"": [83, 102], ""train_group_class_counts"": [[131, 111], [150, 85], [2, 18], [11, 14]], ""test_group_class_counts"": [[33, 28], [38, 21], [2, 23], [10, 30]], ""group_proportions"": [0.46360153256704983, 0.4501915708812261, 0.038314176245210725, 0.04789272030651341]}","{""num_groups"": 4, ""eta"": 1.0, ""update_mode"": ""softmax"", ""robust_objective"": ""weighted"", ""gamma"": 0.9, ""kl_lambda"": 0.0, ""initial_pi"": [0.4636015295982361, 0.45019155740737915, 0.038314174860715866, 0.04789271950721741]}",2026-09-14T00:03:04.429012,63,0.31405594386160374,0.8359375,0.001,0.7405405405405405,0.73219227563212,0.6,0.847457627118644,"[0.7213114754098361, 0.847457627118644, 0.76, 0.6]","[0.6142548738566579, 0.38731435356440685, 0.829897411391139, 0.8691798360203393]","[0.7710843373493976, 0.7156862745098039]","[[0.7575757575757576, 0.6785714285714286], [0.8421052631578947, 0.8571428571428571], [1.0, 0.7391304347826086], [0.5, 0.6333333333333333]]","[61, 59, 25, 40]",0.7399250234301782,"[0.7185888738127544, 0.8383561643835616, 0.625, 0.5441595441595443]",0.5441595441595443,0.8691798360203393,"[0.3037695288658142, 0.2143872231245041, 0.29609522223472595, 0.18574798107147217]","[0.3594588413834572, 0.4033491872251034, 0.2752330774674192, 0.23108252603560686]","[0.2592808958142996, 0.2698785774409771, 0.24254951812326908, 0.22829102165997028]","[0.4636015295982361, 0.45019155740737915, 0.038314174860715866, 0.04789271950721741]",0.0
"{""run_name"": ""fedheart_exp_paper_hetagg_gdro"", ""seed"": 7, ""run_dir"": ""runs/fedheart_cv_lam0.05/Shared_Anchors_GDRO_s7_f2"", ""use_fedheart"": true, ""num_classes"": 2, ""stratified_batching"": true, ""train_frac"": 0.8, ""group_max_train_samples"": [null, null, 20, 25], ""true_hetero_input_dim"": true, ""feature_mask"": [[0, 1, 2, 3, 5, 6, 7, 8, 9, 10], [0, 1, 2, 3, 5, 6, 11, 12], [0, 1, 2, 4, 5, 7, 11, 12], [0, 1, 2, 4, 5, 6, 8, 9, 10]], ""batch_size"": 64, ""num_workers"": 0, ""epochs"": 100, ""early_stopping_patience"": 30, ""lr"": 0.001, ""weight_decay"": 0.0001, ""optimizer"": ""adam"", ""grad_clip"": 1.0, ""lr_scheduler"": ""cosine"", ""lr_min"": 1e-05, ""latent_dim"": 64, ""head_hidden"": 32, ""groups"": [{""name"": ""cleveland"", ""encoder"": ""mlp_tabular_ln"", ""input_dim"": 13, ""hidden_dim"": 64, ""dropout"": 0.1}, {""name"": ""hungarian"", ""encoder"": ""mlp_tabular_ln"", ""input_dim"": 13, ""hidden_dim"": 64, ""dropout"": 0.1}, {""name"": ""switzerland"", ""encoder"": ""mlp_tabular_ln"", ""input_dim"": 13, ""hidden_dim"": 64, ""dropout"": 0.1}, {""name"": ""va_long_beach"", ""encoder"": ""mlp_tabular_ln"", ""input_dim"": 13, ""hidden_dim"": 64, ""dropout"": 0.1}], ""anchor_eps"": 0.0001, ""sep_samples_per_class"": 4, ""sep_method"": ""classifier"", ""sep_margin"": 1.0, ""lambda_fit"": 0.05, ""lambda_sep"": 0.05, ""groupdro_enabled"": true, ""groupdro_eta"": 1.0, ""groupdro_gamma"": 0.9, ""groupdro_update_mode"": ""softmax"", ""groupdro_objective"": ""weighted"", ""groupdro_kl_lambda"": 0.0, ""groupdro_uniform_init"": true, ""log_interval"": 20, ""save_every"": 10, ""impute_missing"": true, ""common_encoder"": true, ""use_regret"": false, ""data_split_seed"": 1002}","{""num_groups"": 4, ""num_classes"": 2, ""train_total"": 522, ""test_total"": 185, ""train_group_counts"": [242, 235, 20, 25], ""test_group_counts"": [61, 59, 25, 40], ""train_class_counts"": [294, 228], ""test_class_counts"": [83, 102], ""train_group_class_counts"": [[131, 111], [150, 85], [2, 18], [11, 14]], ""test_group_class_counts"": [[33, 28], [38, 21], [2, 23], [10, 30]], ""group_proportions"": [0.46360153256704983, 0.4501915708812261, 0.038314176245210725, 0.04789272030651341]}","{""num_groups"": 4, ""eta"": 1.0, ""update_mode"": ""softmax"", ""robust_objective"": ""weighted"", ""gamma"": 0.9, ""kl_lambda"": 0.0, ""initial_pi"": [0.4636015295982361, 0.45019155740737915, 0.038314174860715866, 0.04789271950721741]}",2026-09-14T00:03:04.429012,64,0.33348260074853897,0.810546875,0.001,0.745945945945946,0.7384422756321201,0.625,0.847457627118644,"[0.7213114754098361, 0.847457627118644, 0.76, 0.625]","[0.6122824989534059, 0.3862698200411337, 0.8315318474173545, 0.8716012453427538]","[0.7831325301204819, 0.7156862745098039]","[[0.7575757575757576, 0.6785714285714286], [0.8421052631578947, 0.8571428571428571], [1.0, 0.7391304347826086], [0.6, 0.6333333333333333]]","[61, 59, 25, 40]",0.7454699803869911,"[0.7185888738127544, 0.8383561643835616, 0.625, 0.5807127882599581]",0.5807127882599581,0.8716012453427538,"[0.2507707178592682, 0.30999863147735596, 0.24283699691295624, 0.1963936984539032]","[0.38598591834306717, 0.4569023586809635, 0.23402858758345246, 0.22112437849864364]","[0.262922341004014, 0.2826909851282835, 0.23000230081379414, 0.22438436187803745]","[0.4636015295982361, 0.45019155740737915, 0.038314174860715866, 0.04789271950721741]",0.0
"{""run_name"": ""fedheart_exp_paper_hetagg_gdro"", ""seed"": 7, ""run_dir"": ""runs/fedheart_cv_lam0.05/Shared_Anchors_GDRO_s7_f2"", ""use_fedheart"": true, ""num_classes"": 2, ""stratified_batching"": true, ""train_frac"": 0.8, ""group_max_train_samples"": [null, null, 20, 25], ""true_hetero_input_dim"": true, ""feature_mask"": [[0, 1, 2, 3, 5, 6, 7, 8, 9, 10], [0, 1, 2, 3, 5, 6, 11, 12], [0, 1, 2, 4, 5, 7, 11, 12], [0, 1, 2, 4, 5, 6, 8, 9, 10]], ""batch_size"": 64, ""num_workers"": 0, ""epochs"": 100, ""early_stopping_patience"": 30, ""lr"": 0.001, ""weight_decay"": 0.0001, ""optimizer"": ""adam"", ""grad_clip"": 1.0, ""lr_scheduler"": ""cosine"", ""lr_min"": 1e-05, ""latent_dim"": 64, ""head_hidden"": 32, ""groups"": [{""name"": ""cleveland"", ""encoder"": ""mlp_tabular_ln"", ""input_dim"": 13, ""hidden_dim"": 64, ""dropout"": 0.1}, {""name"": ""hungarian"", ""encoder"": ""mlp_tabular_ln"", ""input_dim"": 13, ""hidden_dim"": 64, ""dropout"": 0.1}, {""name"": ""switzerland"", ""encoder"": ""mlp_tabular_ln"", ""input_dim"": 13, ""hidden_dim"": 64, ""dropout"": 0.1}, {""name"": ""va_long_beach"", ""encoder"": ""mlp_tabular_ln"", ""input_dim"": 13, ""hidden_dim"": 64, ""dropout"": 0.1}], ""anchor_eps"": 0.0001, ""sep_samples_per_class"": 4, ""sep_method"": ""classifier"", ""sep_margin"": 1.0, ""lambda_fit"": 0.05, ""lambda_sep"": 0.05, ""groupdro_enabled"": true, ""groupdro_eta"": 1.0, ""groupdro_gamma"": 0.9, ""groupdro_update_mode"": ""softmax"", ""groupdro_objective"": ""weighted"", ""groupdro_kl_lambda"": 0.0, ""groupdro_uniform_init"": true, ""log_interval"": 20, ""save_every"": 10, ""impute_missing"": true, ""common_encoder"": true, ""use_regret"": false, ""data_split_seed"": 1002}","{""num_groups"": 4, ""num_classes"": 2, ""train_total"": 522, ""test_total"": 185, ""train_group_counts"": [242, 235, 20, 25], ""test_group_counts"": [61, 59, 25, 40], ""train_class_counts"": [294, 228], ""test_class_counts"": [83, 102], ""train_group_class_counts"": [[131, 111], [150, 85], [2, 18], [11, 14]], ""test_group_class_counts"": [[33, 28], [38, 21], [2, 23], [10, 30]], ""group_proportions"": [0.46360153256704983, 0.4501915708812261, 0.038314176245210725, 0.04789272030651341]}","{""num_groups"": 4, ""eta"": 1.0, ""update_mode"": ""softmax"", ""robust_objective"": ""weighted"", ""gamma"": 0.9, ""kl_lambda"": 0.0, ""initial_pi"": [0.4636015295982361, 0.45019155740737915, 0.038314174860715866, 0.04789271950721741]}",2026-09-14T00:03:04.429012,65,0.32931615225970745,0.80078125,0.001,0.7351351351351352,0.7322582661850514,0.65,0.8305084745762712,"[0.6885245901639344, 0.8305084745762712, 0.76, 0.65]","[0.6267257249059125, 0.4159851319085554, 0.7357574826478959, 0.8168105200864375]","[0.7349397590361446, 0.7352941176470589]","[[0.696969696969697, 0.6785714285714286], [0.8157894736842105, 0.8571428571428571], [1.0, 0.7391304347826086], [0.5, 0.7]]","[61, 59, 25, 40]",0.7336095683093833,"[0.6871794871794872, 0.8218599033816425, 0.625, 0.5833333333333333]",0.5833333333333333,0.8168105200864375,"[0.22699642181396484, 0.36288005113601685, 0.19806082546710968, 0.2120627462863922]","[0.37925099954009056, 0.4750190023332834, 0.10188495786860585, 0.3111562393605709]","[0.26337324269115925, 0.29020089469850063, 0.19866560399532318, 0.24776028096675873]","[0.4636015295982361, 0.45019155740737915, 0.038314174860715866, 0.04789271950721741]",0.0
"{""run_name"": ""fedheart_exp_paper_hetagg_gdro"", ""seed"": 7, ""run_dir"": ""runs/fedheart_cv_lam0.05/Shared_Anchors_GDRO_s7_f2"", ""use_fedheart"": true, ""num_classes"": 2, ""stratified_batching"": true, ""train_frac"": 0.8, ""group_max_train_samples"": [null, null, 20, 25], ""true_hetero_input_dim"": true, ""feature_mask"": [[0, 1, 2, 3, 5, 6, 7, 8, 9, 10], [0, 1, 2, 3, 5, 6, 11, 12], [0, 1, 2, 4, 5, 7, 11, 12], [0, 1, 2, 4, 5, 6, 8, 9, 10]], ""batch_size"": 64, ""num_workers"": 0, ""epochs"": 100, ""early_stopping_patience"": 30, ""lr"": 0.001, ""weight_decay"": 0.0001, ""optimizer"": ""adam"", ""grad_clip"": 1.0, ""lr_scheduler"": ""cosine"", ""lr_min"": 1e-05, ""latent_dim"": 64, ""head_hidden"": 32, ""groups"": [{""name"": ""cleveland"", ""encoder"": ""mlp_tabular_ln"", ""input_dim"": 13, ""hidden_dim"": 64, ""dropout"": 0.1}, {""name"": ""hungarian"", ""encoder"": ""mlp_tabular_ln"", ""input_dim"": 13, ""hidden_dim"": 64, ""dropout"": 0.1}, {""name"": ""switzerland"", ""encoder"": ""mlp_tabular_ln"", ""input_dim"": 13, ""hidden_dim"": 64, ""dropout"": 0.1}, {""name"": ""va_long_beach"", ""encoder"": ""mlp_tabular_ln"", ""input_dim"": 13, ""hidden_dim"": 64, ""dropout"": 0.1}], ""anchor_eps"": 0.0001, ""sep_samples_per_class"": 4, ""sep_method"": ""classifier"", ""sep_margin"": 1.0, ""lambda_fit"": 0.05, ""lambda_sep"": 0.05, ""groupdro_enabled"": true, ""groupdro_eta"": 1.0, ""groupdro_gamma"": 0.9, ""groupdro_update_mode"": ""softmax"", ""groupdro_objective"": ""weighted"", ""groupdro_kl_lambda"": 0.0, ""groupdro_uniform_init"": true, ""log_interval"": 20, ""save_every"": 10, ""impute_missing"": true, ""common_encoder"": true, ""use_regret"": false, ""data_split_seed"": 1002}","{""num_groups"": 4, ""num_classes"": 2, ""train_total"": 522, ""test_total"": 185, ""train_group_counts"": [242, 235, 20, 25], ""test_group_counts"": [61, 59, 25, 40], ""train_class_counts"": [294, 228], ""test_class_counts"": [83, 102], ""train_group_class_counts"": [[131, 111], [150, 85], [2, 18], [11, 14]], ""test_group_class_counts"": [[33, 28], [38, 21], [2, 23], [10, 30]], ""group_proportions"": [0.46360153256704983, 0.4501915708812261, 0.038314176245210725, 0.04789272030651341]}","{""num_groups"": 4, ""eta"": 1.0, ""update_mode"": ""softmax"", ""robust_objective"": ""weighted"", ""gamma"": 0.9, ""kl_lambda"": 0.0, ""initial_pi"": [0.4636015295982361, 0.45019155740737915, 0.038314174860715866, 0.04789271950721741]}",2026-09-14T00:03:04.429012,66,0.31552766263484955,0.822265625,0.001,0.7405405405405405,0.7385082661850514,0.675,0.8305084745762712,"[0.6885245901639344, 0.8305084745762712, 0.76, 0.675]","[0.6328704222945161, 0.42301122968527094, 0.7392966901510953, 0.8165916276047938]","[0.7349397590361446, 0.7450980392156863]","[[0.696969696969697, 0.6785714285714286], [0.8157894736842105, 0.8571428571428571], [1.0, 0.7391304347826086], [0.5, 0.7333333333333333]]","[61, 59, 25, 40]",0.7388235294117648,"[0.6871794871794872, 0.8218599033816425, 0.625, 0.6033562166285278]",0.6033562166285278,0.8165916276047938,"[0.24216681718826294, 0.3797043263912201, 0.1919848620891571, 0.18614402413368225]","[0.3281526919454336, 0.4827488921582699, 0.08280378067865968, 0.31077799410559237]","[0.2525869496166706, 0.29646202735602856, 0.19825231283903122, 0.25269871205091476]","[0.4636015295982361, 0.45019155740737915, 0.038314174860715866, 0.04789271950721741]",0.0
"{""run_name"": ""fedheart_exp_paper_hetagg_gdro"", ""seed"": 7, ""run_dir"": ""runs/fedheart_cv_lam0.05/Shared_Anchors_GDRO_s7_f2"", ""use_fedheart"": true, ""num_classes"": 2, ""stratified_batching"": true, ""train_frac"": 0.8, ""group_max_train_samples"": [null, null, 20, 25], ""true_hetero_input_dim"": true, ""feature_mask"": [[0, 1, 2, 3, 5, 6, 7, 8, 9, 10], [0, 1, 2, 3, 5, 6, 11, 12], [0, 1, 2, 4, 5, 7, 11, 12], [0, 1, 2, 4, 5, 6, 8, 9, 10]], ""batch_size"": 64, ""num_workers"": 0, ""epochs"": 100, ""early_stopping_patience"": 30, ""lr"": 0.001, ""weight_decay"": 0.0001, ""optimizer"": ""adam"", ""grad_clip"": 1.0, ""lr_scheduler"": ""cosine"", ""lr_min"": 1e-05, ""latent_dim"": 64, ""head_hidden"": 32, ""groups"": [{""name"": ""cleveland"", ""encoder"": ""mlp_tabular_ln"", ""input_dim"": 13, ""hidden_dim"": 64, ""dropout"": 0.1}, {""name"": ""hungarian"", ""encoder"": ""mlp_tabular_ln"", ""input_dim"": 13, ""hidden_dim"": 64, ""dropout"": 0.1}, {""name"": ""switzerland"", ""encoder"": ""mlp_tabular_ln"", ""input_dim"": 13, ""hidden_dim"": 64, ""dropout"": 0.1}, {""name"": ""va_long_beach"", ""encoder"": ""mlp_tabular_ln"", ""input_dim"": 13, ""hidden_dim"": 64, ""dropout"": 0.1}], ""anchor_eps"": 0.0001, ""sep_samples_per_class"": 4, ""sep_method"": ""classifier"", ""sep_margin"": 1.0, ""lambda_fit"": 0.05, ""lambda_sep"": 0.05, ""groupdro_enabled"": true, ""groupdro_eta"": 1.0, ""groupdro_gamma"": 0.9, ""groupdro_update_mode"": ""softmax"", ""groupdro_objective"": ""weighted"", ""groupdro_kl_lambda"": 0.0, ""groupdro_uniform_init"": true, ""log_interval"": 20, ""save_every"": 10, ""impute_missing"": true, ""common_encoder"": true, ""use_regret"": false, ""data_split_seed"": 1002}","{""num_groups"": 4, ""num_classes"": 2, ""train_total"": 522, ""test_total"": 185, ""train_group_counts"": [242, 235, 20, 25], ""test_group_counts"": [61, 59, 25, 40], ""train_class_counts"": [294, 228], ""test_class_counts"": [83, 102], ""train_group_class_counts"": [[131, 111], [150, 85], [2, 18], [11, 14]], ""test_group_class_counts"": [[33, 28], [38, 21], [2, 23], [10, 30]], ""group_proportions"": [0.46360153256704983, 0.4501915708812261, 0.038314176245210725, 0.04789272030651341]}","{""num_groups"": 4, ""eta"": 1.0, ""update_mode"": ""softmax"", ""robust_objective"": ""weighted"", ""gamma"": 0.9, ""kl_lambda"": 0.0, ""initial_pi"": [0.4636015295982361, 0.45019155740737915, 0.038314174860715866, 0.04789271950721741]}",2026-09-14T00:03:04.429012,67,0.3066229373216629,0.82421875,0.001,0.7405405405405405,0.7385082661850514,0.675,0.8305084745762712,"[0.6885245901639344, 0.8305084745762712, 0.76, 0.675]","[0.6282781471391438, 0.4179413192195155, 0.7781072106957435, 0.8327298181364313]","[0.7349397590361446, 0.7450980392156863]","[[0.696969696969697, 0.6785714285714286], [0.8157894736842105, 0.8571428571428571], [1.0, 0.7391304347826086], [0.5, 0.7333333333333333]]","[61, 59, 25, 40]",0.7388235294117648,"[0.6871794871794872, 0.8218599033816425, 0.625, 0.6033562166285278]",0.6033562166285278,0.8327298181364313,"[0.24499477446079254, 0.27134913206100464, 0.21445362269878387, 0.26920250058174133]","[0.36497605219483376, 0.4475320167839527, 0.1038798316149041, 0.254403755068779]","[0.2660114038735628, 0.2882702760398388, 0.20434924587607384, 0.2413690760731697]","[0.4636015295982361, 0.45019155740737915, 0.038314174860715866, 0.04789271950721741]",0.0
"{""run_name"": ""fedheart_exp_paper_hetagg_gdro"", ""seed"": 7, ""run_dir"": ""runs/fedheart_cv_lam0.05/Shared_Anchors_GDRO_s7_f2"", ""use_fedheart"": true, ""num_classes"": 2, ""stratified_batching"": true, ""train_frac"": 0.8, ""group_max_train_samples"": [null, null, 20, 25], ""true_hetero_input_dim"": true, ""feature_mask"": [[0, 1, 2, 3, 5, 6, 7, 8, 9, 10], [0, 1, 2, 3, 5, 6, 11, 12], [0, 1, 2, 4, 5, 7, 11, 12], [0, 1, 2, 4, 5, 6, 8, 9, 10]], ""batch_size"": 64, ""num_workers"": 0, ""epochs"": 100, ""early_stopping_patience"": 30, ""lr"": 0.001, ""weight_decay"": 0.0001, ""optimizer"": ""adam"", ""grad_clip"": 1.0, ""lr_scheduler"": ""cosine"", ""lr_min"": 1e-05, ""latent_dim"": 64, ""head_hidden"": 32, ""groups"": [{""name"": ""cleveland"", ""encoder"": ""mlp_tabular_ln"", ""input_dim"": 13, ""hidden_dim"": 64, ""dropout"": 0.1}, {""name"": ""hungarian"", ""encoder"": ""mlp_tabular_ln"", ""input_dim"": 13, ""hidden_dim"": 64, ""dropout"": 0.1}, {""name"": ""switzerland"", ""encoder"": ""mlp_tabular_ln"", ""input_dim"": 13, ""hidden_dim"": 64, ""dropout"": 0.1}, {""name"": ""va_long_beach"", ""encoder"": ""mlp_tabular_ln"", ""input_dim"": 13, ""hidden_dim"": 64, ""dropout"": 0.1}], ""anchor_eps"": 0.0001, ""sep_samples_per_class"": 4, ""sep_method"": ""classifier"", ""sep_margin"": 1.0, ""lambda_fit"": 0.05, ""lambda_sep"": 0.05, ""groupdro_enabled"": true, ""groupdro_eta"": 1.0, ""groupdro_gamma"": 0.9, ""groupdro_update_mode"": ""softmax"", ""groupdro_objective"": ""weighted"", ""groupdro_kl_lambda"": 0.0, ""groupdro_uniform_init"": true, ""log_interval"": 20, ""save_every"": 10, ""impute_missing"": true, ""common_encoder"": true, ""use_regret"": false, ""data_split_seed"": 1002}","{""num_groups"": 4, ""num_classes"": 2, ""train_total"": 522, ""test_total"": 185, ""train_group_counts"": [242, 235, 20, 25], ""test_group_counts"": [61, 59, 25, 40], ""train_class_counts"": [294, 228], ""test_class_counts"": [83, 102], ""train_group_class_counts"": [[131, 111], [150, 85], [2, 18], [11, 14]], ""test_group_class_counts"": [[33, 28], [38, 21], [2, 23], [10, 30]], ""group_proportions"": [0.46360153256704983, 0.4501915708812261, 0.038314176245210725, 0.04789272030651341]}","{""num_groups"": 4, ""eta"": 1.0, ""update_mode"": ""softmax"", ""robust_objective"": ""weighted"", ""gamma"": 0.9, ""kl_lambda"": 0.0, ""initial_pi"": [0.4636015295982361, 0.45019155740737915, 0.038314174860715866, 0.04789271950721741]}",2026-09-14T00:03:04.429012,68,0.2842455692589283,0.845703125,0.001,0.745945945945946,0.7325406362878577,0.625,0.847457627118644,"[0.7377049180327869, 0.847457627118644, 0.72, 0.625]","[0.6201736570916093, 0.3977382908717303, 0.8615789197385311, 0.8707616431638598]","[0.7951807228915663, 0.7058823529411765]","[[0.7878787878787878, 0.6785714285714286], [0.8421052631578947, 0.8571428571428571], [1.0, 0.6956521739130435], [0.6, 0.6333333333333333]]","[61, 59, 25, 40]",0.7456784345842231,"[0.7342047930283225, 0.8383561643835616, 0.592074592074592, 0.5807127882599581]",0.5807127882599581,0.8707616431638598,"[0.27975228428840637, 0.27420684695243835, 0.21014903485774994, 0.2358919084072113]","[0.3607324864715338, 0.4175768718123436, 0.08195903990417719, 0.23274481855332851]","[0.27007067762315273, 0.28634786792099476, 0.20461104810237885, 0.23897040076553822]","[0.4636015295982361, 0.45019155740737915, 0.038314174860715866, 0.04789271950721741]",0.0
