config,dataset_info,groupdro_config,start_time,epoch,train_loss,train_acc,learning_rate,test_overall_acc,test_balanced_acc,test_worst_group_acc,test_best_group_acc,test_per_group_acc,test_per_group_loss,test_per_class_acc,test_per_group_per_class_acc,test_per_group_counts,test_overall_macro_f1,test_per_group_f1,test_worst_group_f1,test_worst_group_loss,val_overall_acc,val_balanced_acc,val_worst_group_acc,val_best_group_acc,val_per_group_acc,val_per_group_loss,val_per_class_acc,val_per_group_per_class_acc,val_per_group_counts,val_overall_macro_f1,val_per_group_f1,val_worst_group_f1,val_worst_group_loss,groupdro_weights,train_per_group_loss,groupdro_weights_mean,groupdro_pi,groupdro_kl_penalty
"{""run_name"": ""fedheart_exp_paper_hetagg_gdro"", ""seed"": 42, ""run_dir"": ""runs/sweep_fedheart/Ours_Regret_c1_s42_f0"", ""use_fedheart"": true, ""num_classes"": 2, ""stratified_batching"": true, ""train_frac"": 0.8, ""group_max_train_samples"": [null, null, 20, 25], ""true_hetero_input_dim"": true, ""feature_mask"": [[0, 1, 2, 3, 5, 6, 7, 8, 9, 10], [0, 1, 2, 3, 5, 6, 11, 12], [0, 1, 2, 4, 5, 7, 11, 12], [0, 1, 2, 4, 5, 6, 8, 9, 10]], ""batch_size"": 64, ""num_workers"": 0, ""epochs"": 100, ""early_stopping_patience"": 30, ""lr"": 0.001, ""weight_decay"": 0.0001, ""optimizer"": ""adam"", ""grad_clip"": 1.0, ""lr_scheduler"": ""cosine"", ""lr_min"": 1e-05, ""latent_dim"": 64, ""head_hidden"": 32, ""groups"": [{""name"": ""cleveland"", ""encoder"": ""mlp_tabular_ln"", ""input_dim"": 10, ""hidden_dim"": 64, ""dropout"": 0.1}, {""name"": ""hungarian"", ""encoder"": ""mlp_tabular_ln"", ""input_dim"": 8, ""hidden_dim"": 64, ""dropout"": 0.1}, {""name"": ""switzerland"", ""encoder"": ""mlp_tabular_ln"", ""input_dim"": 8, ""hidden_dim"": 64, ""dropout"": 0.1}, {""name"": ""va_long_beach"", ""encoder"": ""mlp_tabular_ln"", ""input_dim"": 9, ""hidden_dim"": 64, ""dropout"": 0.1}], ""anchor_eps"": 0.0001, ""sep_samples_per_class"": 4, ""sep_method"": ""classifier"", ""sep_margin"": 1.0, ""lambda_fit"": 0.01, ""lambda_sep"": 0.01, ""groupdro_enabled"": true, ""groupdro_eta"": 1.0, ""groupdro_gamma"": 0.9, ""groupdro_update_mode"": ""softmax"", ""groupdro_objective"": ""weighted"", ""groupdro_kl_lambda"": 0.0, ""groupdro_uniform_init"": true, ""log_interval"": 20, ""save_every"": 10, ""val_frac"": 0.2, ""common_encoder"": false, ""use_regret"": true, ""optimal_losses"": [0.49934679966136675, 0.5924033531758973, 0.4240419712328326, 1.4799922526387188], ""data_split_seed"": 1000}","{""num_groups"": 4, ""num_classes"": 2, ""train_total"": 404, ""test_total"": 150, ""train_group_counts"": [193, 166, 20, 25], ""test_group_counts"": [61, 53, 10, 26], ""train_class_counts"": [212, 192], ""test_class_counts"": [72, 78], ""train_group_class_counts"": [[104, 89], [104, 62], [0, 20], [4, 21]], ""test_group_class_counts"": [[33, 28], [33, 20], [0, 10], [6, 20]], ""group_proportions"": [0.4777227722772277, 0.41089108910891087, 0.04950495049504951, 0.06188118811881188], ""val_group_counts"": [49, 42, 8, 21], ""val_total"": 120}","{""num_groups"": 4, ""eta"": 1.0, ""update_mode"": ""softmax"", ""robust_objective"": ""weighted"", ""gamma"": 0.9, ""kl_lambda"": 0.0, ""initial_pi"": [0.47772276401519775, 0.4108910858631134, 0.049504950642585754, 0.06188118830323219]}",2026-09-15T04:51:25.936107,1,0.9926887253920237,0.5442708333333334,0.001,0.68,0.7590413761926289,0.6065573770491803,1.0,"[0.6065573770491803, 0.660377358490566, 1.0, 0.7692307692307693]","[0.6734227166801202, 0.6773363486775812, 0.4882605344057083, 0.6084294536939034]","[0.6666666666666666, 0.6923076923076923]","[[0.6363636363636364, 0.5714285714285714], [0.8181818181818182, 0.4], [null, 1.0], [0.0, 1.0]]","[61, 53, 10, 26]",0.6794871794871795,"[0.6038961038961039, 0.6102941176470589, 0.5, 0.4347826086956522]",0.4347826086956522,0.6773363486775812,0.7083333333333334,0.7502125850340136,0.673469387755102,0.875,"[0.673469387755102, 0.6904761904761905, 0.875, 0.7619047619047619]","[0.6635484853569342, 0.6672496227991014, 0.5889259465038776, 0.6239951806409019]","[0.6949152542372882, 0.7213114754098361]","[[0.7037037037037037, 0.6363636363636364], [0.8461538461538461, 0.4375], [0.0, 1.0], [0.0, 1.0]]","[49, 42, 8, 21]",0.7081509276631228,"[0.67003367003367, 0.645224171539961, 0.4666666666666667, 0.4324324324324324]",0.4324324324324324,0.6672496227991014,"[0.26496386528015137, 0.24797265231609344, 0.2594596743583679, 0.22760377824306488]","[0.6777154405911764, 0.6836890876293182, 0.6385880808035532, 0.6704181532065073]","[0.26373640696207684, 0.2417450745900472, 0.27382147312164307, 0.22069702794154486]","[0.47772276401519775, 0.4108910858631134, 0.049504950642585754, 0.06188118830323219]",0.0
"{""run_name"": ""fedheart_exp_paper_hetagg_gdro"", ""seed"": 42, ""run_dir"": ""runs/sweep_fedheart/Ours_Regret_c1_s42_f0"", ""use_fedheart"": true, ""num_classes"": 2, ""stratified_batching"": true, ""train_frac"": 0.8, ""group_max_train_samples"": [null, null, 20, 25], ""true_hetero_input_dim"": true, ""feature_mask"": [[0, 1, 2, 3, 5, 6, 7, 8, 9, 10], [0, 1, 2, 3, 5, 6, 11, 12], [0, 1, 2, 4, 5, 7, 11, 12], [0, 1, 2, 4, 5, 6, 8, 9, 10]], ""batch_size"": 64, ""num_workers"": 0, ""epochs"": 100, ""early_stopping_patience"": 30, ""lr"": 0.001, ""weight_decay"": 0.0001, ""optimizer"": ""adam"", ""grad_clip"": 1.0, ""lr_scheduler"": ""cosine"", ""lr_min"": 1e-05, ""latent_dim"": 64, ""head_hidden"": 32, ""groups"": [{""name"": ""cleveland"", ""encoder"": ""mlp_tabular_ln"", ""input_dim"": 10, ""hidden_dim"": 64, ""dropout"": 0.1}, {""name"": ""hungarian"", ""encoder"": ""mlp_tabular_ln"", ""input_dim"": 8, ""hidden_dim"": 64, ""dropout"": 0.1}, {""name"": ""switzerland"", ""encoder"": ""mlp_tabular_ln"", ""input_dim"": 8, ""hidden_dim"": 64, ""dropout"": 0.1}, {""name"": ""va_long_beach"", ""encoder"": ""mlp_tabular_ln"", ""input_dim"": 9, ""hidden_dim"": 64, ""dropout"": 0.1}], ""anchor_eps"": 0.0001, ""sep_samples_per_class"": 4, ""sep_method"": ""classifier"", ""sep_margin"": 1.0, ""lambda_fit"": 0.01, ""lambda_sep"": 0.01, ""groupdro_enabled"": true, ""groupdro_eta"": 1.0, ""groupdro_gamma"": 0.9, ""groupdro_update_mode"": ""softmax"", ""groupdro_objective"": ""weighted"", ""groupdro_kl_lambda"": 0.0, ""groupdro_uniform_init"": true, ""log_interval"": 20, ""save_every"": 10, ""val_frac"": 0.2, ""common_encoder"": false, ""use_regret"": true, ""optimal_losses"": [0.49934679966136675, 0.5924033531758973, 0.4240419712328326, 1.4799922526387188], ""data_split_seed"": 1000}","{""num_groups"": 4, ""num_classes"": 2, ""train_total"": 404, ""test_total"": 150, ""train_group_counts"": [193, 166, 20, 25], ""test_group_counts"": [61, 53, 10, 26], ""train_class_counts"": [212, 192], ""test_class_counts"": [72, 78], ""train_group_class_counts"": [[104, 89], [104, 62], [0, 20], [4, 21]], ""test_group_class_counts"": [[33, 28], [33, 20], [0, 10], [6, 20]], ""group_proportions"": [0.4777227722772277, 0.41089108910891087, 0.04950495049504951, 0.06188118811881188], ""val_group_counts"": [49, 42, 8, 21], ""val_total"": 120}","{""num_groups"": 4, ""eta"": 1.0, ""update_mode"": ""softmax"", ""robust_objective"": ""weighted"", ""gamma"": 0.9, ""kl_lambda"": 0.0, ""initial_pi"": [0.47772276401519775, 0.4108910858631134, 0.049504950642585754, 0.06188118830323219]}",2026-09-15T04:51:25.936107,2,0.8162563145160675,0.6822916666666666,0.001,0.7466666666666667,0.802499464655357,0.7049180327868853,1.0,"[0.7049180327868853, 0.7358490566037735, 1.0, 0.7692307692307693]","[0.645363591733526, 0.6552779595806913, 0.34713571071624755, 0.558815020781297]","[0.7638888888888888, 0.7307692307692307]","[[0.7878787878787878, 0.6071428571428571], [0.8787878787878788, 0.5], [null, 1.0], [0.0, 1.0]]","[61, 53, 10, 26]",0.7466216216216215,"[0.6983516483516483, 0.6968954248366013, 0.5, 0.4347826086956522]",0.4347826086956522,0.6552779595806913,0.775,0.7969812925170068,0.6938775510204082,0.875,"[0.6938775510204082, 0.8571428571428571, 0.875, 0.7619047619047619]","[0.6380894500382093, 0.6512084064029512, 0.4958871565759182, 0.5750103763171605]","[0.7627118644067796, 0.7868852459016393]","[[0.7777777777777778, 0.5909090909090909], [0.9230769230769231, 0.75], [0.0, 1.0], [0.0, 1.0]]","[49, 42, 8, 21]",0.7748592870544091,"[0.6854942233632862, 0.8444444444444444, 0.4666666666666667, 0.4324324324324324]",0.4324324324324324,0.6512084064029512,"[0.2805601954460144, 0.2569634020328522, 0.2312382459640503, 0.2312382459640503]","[0.6552760700384775, 0.6742799282073975, 0.4661912719408671, 0.5587661067644755]","[0.27113330364227295, 0.2517586400111516, 0.24514623979727426, 0.23196185876925787]","[0.47772276401519775, 0.4108910858631134, 0.049504950642585754, 0.06188118830323219]",0.0
"{""run_name"": ""fedheart_exp_paper_hetagg_gdro"", ""seed"": 42, ""run_dir"": ""runs/sweep_fedheart/Ours_Regret_c1_s42_f0"", ""use_fedheart"": true, ""num_classes"": 2, ""stratified_batching"": true, ""train_frac"": 0.8, ""group_max_train_samples"": [null, null, 20, 25], ""true_hetero_input_dim"": true, ""feature_mask"": [[0, 1, 2, 3, 5, 6, 7, 8, 9, 10], [0, 1, 2, 3, 5, 6, 11, 12], [0, 1, 2, 4, 5, 7, 11, 12], [0, 1, 2, 4, 5, 6, 8, 9, 10]], ""batch_size"": 64, ""num_workers"": 0, ""epochs"": 100, ""early_stopping_patience"": 30, ""lr"": 0.001, ""weight_decay"": 0.0001, ""optimizer"": ""adam"", ""grad_clip"": 1.0, ""lr_scheduler"": ""cosine"", ""lr_min"": 1e-05, ""latent_dim"": 64, ""head_hidden"": 32, ""groups"": [{""name"": ""cleveland"", ""encoder"": ""mlp_tabular_ln"", ""input_dim"": 10, ""hidden_dim"": 64, ""dropout"": 0.1}, {""name"": ""hungarian"", ""encoder"": ""mlp_tabular_ln"", ""input_dim"": 8, ""hidden_dim"": 64, ""dropout"": 0.1}, {""name"": ""switzerland"", ""encoder"": ""mlp_tabular_ln"", ""input_dim"": 8, ""hidden_dim"": 64, ""dropout"": 0.1}, {""name"": ""va_long_beach"", ""encoder"": ""mlp_tabular_ln"", ""input_dim"": 9, ""hidden_dim"": 64, ""dropout"": 0.1}], ""anchor_eps"": 0.0001, ""sep_samples_per_class"": 4, ""sep_method"": ""classifier"", ""sep_margin"": 1.0, ""lambda_fit"": 0.01, ""lambda_sep"": 0.01, ""groupdro_enabled"": true, ""groupdro_eta"": 1.0, ""groupdro_gamma"": 0.9, ""groupdro_update_mode"": ""softmax"", ""groupdro_objective"": ""weighted"", ""groupdro_kl_lambda"": 0.0, ""groupdro_uniform_init"": true, ""log_interval"": 20, ""save_every"": 10, ""val_frac"": 0.2, ""common_encoder"": false, ""use_regret"": true, ""optimal_losses"": [0.49934679966136675, 0.5924033531758973, 0.4240419712328326, 1.4799922526387188], ""data_split_seed"": 1000}","{""num_groups"": 4, ""num_classes"": 2, ""train_total"": 404, ""test_total"": 150, ""train_group_counts"": [193, 166, 20, 25], ""test_group_counts"": [61, 53, 10, 26], ""train_class_counts"": [212, 192], ""test_class_counts"": [72, 78], ""train_group_class_counts"": [[104, 89], [104, 62], [0, 20], [4, 21]], ""test_group_class_counts"": [[33, 28], [33, 20], [0, 10], [6, 20]], ""group_proportions"": [0.4777227722772277, 0.41089108910891087, 0.04950495049504951, 0.06188118811881188], ""val_group_counts"": [49, 42, 8, 21], ""val_total"": 120}","{""num_groups"": 4, ""eta"": 1.0, ""update_mode"": ""softmax"", ""robust_objective"": ""weighted"", ""gamma"": 0.9, ""kl_lambda"": 0.0, ""initial_pi"": [0.47772276401519775, 0.4108910858631134, 0.049504950642585754, 0.06188118830323219]}",2026-09-15T04:51:25.936107,3,0.7250978847344717,0.7161458333333334,0.001,0.7733333333333333,0.8207487687073212,0.7213114754098361,1.0,"[0.7213114754098361, 0.7924528301886793, 1.0, 0.7692307692307693]","[0.6161602325126773, 0.62133966583126, 0.2204722434282303, 0.5275504015959226]","[0.7916666666666666, 0.7564102564102564]","[[0.8181818181818182, 0.6071428571428571], [0.9090909090909091, 0.6], [null, 1.0], [0.0, 1.0]]","[61, 53, 10, 26]",0.7732930298719773,"[0.7136150234741784, 0.7653923541247485, 0.5, 0.4347826086956522]",0.4347826086956522,0.62133966583126,0.7916666666666666,0.8054846938775511,0.7619047619047619,0.875,"[0.7755102040816326, 0.8095238095238095, 0.875, 0.7619047619047619]","[0.6121079210115938, 0.6194936505385807, 0.4266379829496145, 0.544129593031747]","[0.711864406779661, 0.8688524590163934]","[[0.7407407407407407, 0.8181818181818182], [0.8461538461538461, 0.75], [0.0, 1.0], [0.0, 1.0]]","[49, 42, 8, 21]",0.789901253589187,"[0.7751355861493534, 0.7980769230769231, 0.4666666666666667, 0.4324324324324324]",0.4324324324324324,0.6194936505385807,"[0.2722354829311371, 0.25042715668678284, 0.23866866528987885, 0.23866866528987885]","[0.6444799602031708, 0.6491200725237528, 0.351047361890475, 0.5553543617328008]","[0.27435452739397687, 0.25111672033866245, 0.23726436495780945, 0.23726436495780945]","[0.47772276401519775, 0.4108910858631134, 0.049504950642585754, 0.06188118830323219]",0.0
"{""run_name"": ""fedheart_exp_paper_hetagg_gdro"", ""seed"": 42, ""run_dir"": ""runs/sweep_fedheart/Ours_Regret_c1_s42_f0"", ""use_fedheart"": true, ""num_classes"": 2, ""stratified_batching"": true, ""train_frac"": 0.8, ""group_max_train_samples"": [null, null, 20, 25], ""true_hetero_input_dim"": true, ""feature_mask"": [[0, 1, 2, 3, 5, 6, 7, 8, 9, 10], [0, 1, 2, 3, 5, 6, 11, 12], [0, 1, 2, 4, 5, 7, 11, 12], [0, 1, 2, 4, 5, 6, 8, 9, 10]], ""batch_size"": 64, ""num_workers"": 0, ""epochs"": 100, ""early_stopping_patience"": 30, ""lr"": 0.001, ""weight_decay"": 0.0001, ""optimizer"": ""adam"", ""grad_clip"": 1.0, ""lr_scheduler"": ""cosine"", ""lr_min"": 1e-05, ""latent_dim"": 64, ""head_hidden"": 32, ""groups"": [{""name"": ""cleveland"", ""encoder"": ""mlp_tabular_ln"", ""input_dim"": 10, ""hidden_dim"": 64, ""dropout"": 0.1}, {""name"": ""hungarian"", ""encoder"": ""mlp_tabular_ln"", ""input_dim"": 8, ""hidden_dim"": 64, ""dropout"": 0.1}, {""name"": ""switzerland"", ""encoder"": ""mlp_tabular_ln"", ""input_dim"": 8, ""hidden_dim"": 64, ""dropout"": 0.1}, {""name"": ""va_long_beach"", ""encoder"": ""mlp_tabular_ln"", ""input_dim"": 9, ""hidden_dim"": 64, ""dropout"": 0.1}], ""anchor_eps"": 0.0001, ""sep_samples_per_class"": 4, ""sep_method"": ""classifier"", ""sep_margin"": 1.0, ""lambda_fit"": 0.01, ""lambda_sep"": 0.01, ""groupdro_enabled"": true, ""groupdro_eta"": 1.0, ""groupdro_gamma"": 0.9, ""groupdro_update_mode"": ""softmax"", ""groupdro_objective"": ""weighted"", ""groupdro_kl_lambda"": 0.0, ""groupdro_uniform_init"": true, ""log_interval"": 20, ""save_every"": 10, ""val_frac"": 0.2, ""common_encoder"": false, ""use_regret"": true, ""optimal_losses"": [0.49934679966136675, 0.5924033531758973, 0.4240419712328326, 1.4799922526387188], ""data_split_seed"": 1000}","{""num_groups"": 4, ""num_classes"": 2, ""train_total"": 404, ""test_total"": 150, ""train_group_counts"": [193, 166, 20, 25], ""test_group_counts"": [61, 53, 10, 26], ""train_class_counts"": [212, 192], ""test_class_counts"": [72, 78], ""train_group_class_counts"": [[104, 89], [104, 62], [0, 20], [4, 21]], ""test_group_class_counts"": [[33, 28], [33, 20], [0, 10], [6, 20]], ""group_proportions"": [0.4777227722772277, 0.41089108910891087, 0.04950495049504951, 0.06188118811881188], ""val_group_counts"": [49, 42, 8, 21], ""val_total"": 120}","{""num_groups"": 4, ""eta"": 1.0, ""update_mode"": ""softmax"", ""robust_objective"": ""weighted"", ""gamma"": 0.9, ""kl_lambda"": 0.0, ""initial_pi"": [0.47772276401519775, 0.4108910858631134, 0.049504950642585754, 0.06188118830323219]}",2026-09-15T04:51:25.936107,4,0.6310726205507914,0.7421875,0.001,0.7733333333333333,0.8213673891836589,0.7049180327868853,1.0,"[0.7049180327868853, 0.8113207547169812, 1.0, 0.7692307692307693]","[0.5859499734933259, 0.5867233619375049, 0.12777250558137893, 0.5163930402352259]","[0.7916666666666666, 0.7564102564102564]","[[0.8181818181818182, 0.5714285714285714], [0.9090909090909091, 0.65], [null, 1.0], [0.0, 1.0]]","[61, 53, 10, 26]",0.7732930298719773,"[0.6950000000000001, 0.7896825396825398, 0.5, 0.4347826086956522]",0.4347826086956522,0.5867233619375049,0.8166666666666667,0.8216411564625851,0.7619047619047619,0.875,"[0.8163265306122449, 0.8333333333333334, 0.875, 0.7619047619047619]","[0.5825593483691313, 0.5831195392778942, 0.3967409376055002, 0.5307527858586538]","[0.7288135593220338, 0.9016393442622951]","[[0.7407407407407407, 0.9090909090909091], [0.8846153846153846, 0.75], [0.0, 1.0], [0.0, 1.0]]","[49, 42, 8, 21]",0.8148148148148148,"[0.8163265306122449, 0.8210590383444918, 0.4666666666666667, 0.4324324324324324]",0.4324324324324324,0.5831195392778942,"[0.27052876353263855, 0.2503606975078583, 0.2395552545785904, 0.2395552545785904]","[0.6167206863562266, 0.6431112488110861, 0.20775589471062025, 0.4809258629878362]","[0.2692633271217346, 0.25188539922237396, 0.23942562689383826, 0.23942562689383826]","[0.47772276401519775, 0.4108910858631134, 0.049504950642585754, 0.06188118830323219]",0.0
"{""run_name"": ""fedheart_exp_paper_hetagg_gdro"", ""seed"": 42, ""run_dir"": ""runs/sweep_fedheart/Ours_Regret_c1_s42_f0"", ""use_fedheart"": true, ""num_classes"": 2, ""stratified_batching"": true, ""train_frac"": 0.8, ""group_max_train_samples"": [null, null, 20, 25], ""true_hetero_input_dim"": true, ""feature_mask"": [[0, 1, 2, 3, 5, 6, 7, 8, 9, 10], [0, 1, 2, 3, 5, 6, 11, 12], [0, 1, 2, 4, 5, 7, 11, 12], [0, 1, 2, 4, 5, 6, 8, 9, 10]], ""batch_size"": 64, ""num_workers"": 0, ""epochs"": 100, ""early_stopping_patience"": 30, ""lr"": 0.001, ""weight_decay"": 0.0001, ""optimizer"": ""adam"", ""grad_clip"": 1.0, ""lr_scheduler"": ""cosine"", ""lr_min"": 1e-05, ""latent_dim"": 64, ""head_hidden"": 32, ""groups"": [{""name"": ""cleveland"", ""encoder"": ""mlp_tabular_ln"", ""input_dim"": 10, ""hidden_dim"": 64, ""dropout"": 0.1}, {""name"": ""hungarian"", ""encoder"": ""mlp_tabular_ln"", ""input_dim"": 8, ""hidden_dim"": 64, ""dropout"": 0.1}, {""name"": ""switzerland"", ""encoder"": ""mlp_tabular_ln"", ""input_dim"": 8, ""hidden_dim"": 64, ""dropout"": 0.1}, {""name"": ""va_long_beach"", ""encoder"": ""mlp_tabular_ln"", ""input_dim"": 9, ""hidden_dim"": 64, ""dropout"": 0.1}], ""anchor_eps"": 0.0001, ""sep_samples_per_class"": 4, ""sep_method"": ""classifier"", ""sep_margin"": 1.0, ""lambda_fit"": 0.01, ""lambda_sep"": 0.01, ""groupdro_enabled"": true, ""groupdro_eta"": 1.0, ""groupdro_gamma"": 0.9, ""groupdro_update_mode"": ""softmax"", ""groupdro_objective"": ""weighted"", ""groupdro_kl_lambda"": 0.0, ""groupdro_uniform_init"": true, ""log_interval"": 20, ""save_every"": 10, ""val_frac"": 0.2, ""common_encoder"": false, ""use_regret"": true, ""optimal_losses"": [0.49934679966136675, 0.5924033531758973, 0.4240419712328326, 1.4799922526387188], ""data_split_seed"": 1000}","{""num_groups"": 4, ""num_classes"": 2, ""train_total"": 404, ""test_total"": 150, ""train_group_counts"": [193, 166, 20, 25], ""test_group_counts"": [61, 53, 10, 26], ""train_class_counts"": [212, 192], ""test_class_counts"": [72, 78], ""train_group_class_counts"": [[104, 89], [104, 62], [0, 20], [4, 21]], ""test_group_class_counts"": [[33, 28], [33, 20], [0, 10], [6, 20]], ""group_proportions"": [0.4777227722772277, 0.41089108910891087, 0.04950495049504951, 0.06188118811881188], ""val_group_counts"": [49, 42, 8, 21], ""val_total"": 120}","{""num_groups"": 4, ""eta"": 1.0, ""update_mode"": ""softmax"", ""robust_objective"": ""weighted"", ""gamma"": 0.9, ""kl_lambda"": 0.0, ""initial_pi"": [0.47772276401519775, 0.4108910858631134, 0.049504950642585754, 0.06188118830323219]}",2026-09-15T04:51:25.936107,5,0.5572770237922668,0.7578125,0.001,0.7733333333333333,0.8207487687073212,0.7213114754098361,1.0,"[0.7213114754098361, 0.7924528301886793, 1.0, 0.7692307692307693]","[0.555124885723239, 0.5504046819120083, 0.0719820138067007, 0.5139698042319372]","[0.7916666666666666, 0.7564102564102564]","[[0.8484848484848485, 0.5714285714285714], [0.8787878787878788, 0.65], [null, 1.0], [0.0, 1.0]]","[61, 53, 10, 26]",0.7732930298719773,"[0.7100922560805143, 0.7716412064238152, 0.5, 0.4347826086956522]",0.4347826086956522,0.555124885723239,0.825,0.8267431972789115,0.7619047619047619,0.875,"[0.8367346938775511, 0.8333333333333334, 0.875, 0.7619047619047619]","[0.5507880108697074, 0.5480167929615293, 0.40835898416116834, 0.526080975929896]","[0.7457627118644068, 0.9016393442622951]","[[0.7777777777777778, 0.9090909090909091], [0.8846153846153846, 0.75], [0.0, 1.0], [0.0, 1.0]]","[49, 42, 8, 21]",0.823517053014917,"[0.8366666666666667, 0.8210590383444918, 0.4666666666666667, 0.4324324324324324]",0.4324324324324324,0.5507880108697074,"[0.26646724343299866, 0.2445109337568283, 0.2445109337568283, 0.2445109337568283]","[0.5997070868810018, 0.622416764497757, 0.08750926827390988, 0.3885914956529935]","[0.26724474132061005, 0.24935461084047952, 0.2417003388206164, 0.2417003388206164]","[0.47772276401519775, 0.4108910858631134, 0.049504950642585754, 0.06188118830323219]",0.0
"{""run_name"": ""fedheart_exp_paper_hetagg_gdro"", ""seed"": 42, ""run_dir"": ""runs/sweep_fedheart/Ours_Regret_c1_s42_f0"", ""use_fedheart"": true, ""num_classes"": 2, ""stratified_batching"": true, ""train_frac"": 0.8, ""group_max_train_samples"": [null, null, 20, 25], ""true_hetero_input_dim"": true, ""feature_mask"": [[0, 1, 2, 3, 5, 6, 7, 8, 9, 10], [0, 1, 2, 3, 5, 6, 11, 12], [0, 1, 2, 4, 5, 7, 11, 12], [0, 1, 2, 4, 5, 6, 8, 9, 10]], ""batch_size"": 64, ""num_workers"": 0, ""epochs"": 100, ""early_stopping_patience"": 30, ""lr"": 0.001, ""weight_decay"": 0.0001, ""optimizer"": ""adam"", ""grad_clip"": 1.0, ""lr_scheduler"": ""cosine"", ""lr_min"": 1e-05, ""latent_dim"": 64, ""head_hidden"": 32, ""groups"": [{""name"": ""cleveland"", ""encoder"": ""mlp_tabular_ln"", ""input_dim"": 10, ""hidden_dim"": 64, ""dropout"": 0.1}, {""name"": ""hungarian"", ""encoder"": ""mlp_tabular_ln"", ""input_dim"": 8, ""hidden_dim"": 64, ""dropout"": 0.1}, {""name"": ""switzerland"", ""encoder"": ""mlp_tabular_ln"", ""input_dim"": 8, ""hidden_dim"": 64, ""dropout"": 0.1}, {""name"": ""va_long_beach"", ""encoder"": ""mlp_tabular_ln"", ""input_dim"": 9, ""hidden_dim"": 64, ""dropout"": 0.1}], ""anchor_eps"": 0.0001, ""sep_samples_per_class"": 4, ""sep_method"": ""classifier"", ""sep_margin"": 1.0, ""lambda_fit"": 0.01, ""lambda_sep"": 0.01, ""groupdro_enabled"": true, ""groupdro_eta"": 1.0, ""groupdro_gamma"": 0.9, ""groupdro_update_mode"": ""softmax"", ""groupdro_objective"": ""weighted"", ""groupdro_kl_lambda"": 0.0, ""groupdro_uniform_init"": true, ""log_interval"": 20, ""save_every"": 10, ""val_frac"": 0.2, ""common_encoder"": false, ""use_regret"": true, ""optimal_losses"": [0.49934679966136675, 0.5924033531758973, 0.4240419712328326, 1.4799922526387188], ""data_split_seed"": 1000}","{""num_groups"": 4, ""num_classes"": 2, ""train_total"": 404, ""test_total"": 150, ""train_group_counts"": [193, 166, 20, 25], ""test_group_counts"": [61, 53, 10, 26], ""train_class_counts"": [212, 192], ""test_class_counts"": [72, 78], ""train_group_class_counts"": [[104, 89], [104, 62], [0, 20], [4, 21]], ""test_group_class_counts"": [[33, 28], [33, 20], [0, 10], [6, 20]], ""group_proportions"": [0.4777227722772277, 0.41089108910891087, 0.04950495049504951, 0.06188118811881188], ""val_group_counts"": [49, 42, 8, 21], ""val_total"": 120}","{""num_groups"": 4, ""eta"": 1.0, ""update_mode"": ""softmax"", ""robust_objective"": ""weighted"", ""gamma"": 0.9, ""kl_lambda"": 0.0, ""initial_pi"": [0.47772276401519775, 0.4108910858631134, 0.049504950642585754, 0.06188118830323219]}",2026-09-15T04:51:25.936107,6,0.5249450405438741,0.7708333333333334,0.001,0.78,0.8248471293630588,0.7377049180327869,1.0,"[0.7377049180327869, 0.7924528301886793, 1.0, 0.7692307692307693]","[0.5223507722381686, 0.5162035254937298, 0.041150059551000595, 0.5274770168157724]","[0.7916666666666666, 0.7692307692307693]","[[0.8484848484848485, 0.6071428571428571], [0.8787878787878788, 0.65], [null, 1.0], [0.0, 1.0]]","[61, 53, 10, 26]",0.7799119647859143,"[0.7288888888888889, 0.7716412064238152, 0.5, 0.4347826086956522]",0.4347826086956522,0.5274770168157724,0.825,0.8267431972789115,0.7619047619047619,0.875,"[0.8367346938775511, 0.8333333333333334, 0.875, 0.7619047619047619]","[0.5089603324933928, 0.5211018068449838, 0.44409627350978553, 0.5373703291018804]","[0.7457627118644068, 0.9016393442622951]","[[0.7777777777777778, 0.9090909090909091], [0.8846153846153846, 0.75], [0.0, 1.0], [0.0, 1.0]]","[49, 42, 8, 21]",0.823517053014917,"[0.8366666666666667, 0.8210590383444918, 0.4666666666666667, 0.4324324324324324]",0.4324324324324324,0.5373703291018804,"[0.24934467673301697, 0.25784462690353394, 0.24640533328056335, 0.24640533328056335]","[0.5401445875565211, 0.5927084982395172, 0.08530871694286664, 0.39874541014432907]","[0.2564195940891902, 0.2515936692555745, 0.2459933559099833, 0.2459933559099833]","[0.47772276401519775, 0.4108910858631134, 0.049504950642585754, 0.06188118830323219]",0.0
"{""run_name"": ""fedheart_exp_paper_hetagg_gdro"", ""seed"": 42, ""run_dir"": ""runs/sweep_fedheart/Ours_Regret_c1_s42_f0"", ""use_fedheart"": true, ""num_classes"": 2, ""stratified_batching"": true, ""train_frac"": 0.8, ""group_max_train_samples"": [null, null, 20, 25], ""true_hetero_input_dim"": true, ""feature_mask"": [[0, 1, 2, 3, 5, 6, 7, 8, 9, 10], [0, 1, 2, 3, 5, 6, 11, 12], [0, 1, 2, 4, 5, 7, 11, 12], [0, 1, 2, 4, 5, 6, 8, 9, 10]], ""batch_size"": 64, ""num_workers"": 0, ""epochs"": 100, ""early_stopping_patience"": 30, ""lr"": 0.001, ""weight_decay"": 0.0001, ""optimizer"": ""adam"", ""grad_clip"": 1.0, ""lr_scheduler"": ""cosine"", ""lr_min"": 1e-05, ""latent_dim"": 64, ""head_hidden"": 32, ""groups"": [{""name"": ""cleveland"", ""encoder"": ""mlp_tabular_ln"", ""input_dim"": 10, ""hidden_dim"": 64, ""dropout"": 0.1}, {""name"": ""hungarian"", ""encoder"": ""mlp_tabular_ln"", ""input_dim"": 8, ""hidden_dim"": 64, ""dropout"": 0.1}, {""name"": ""switzerland"", ""encoder"": ""mlp_tabular_ln"", ""input_dim"": 8, ""hidden_dim"": 64, ""dropout"": 0.1}, {""name"": ""va_long_beach"", ""encoder"": ""mlp_tabular_ln"", ""input_dim"": 9, ""hidden_dim"": 64, ""dropout"": 0.1}], ""anchor_eps"": 0.0001, ""sep_samples_per_class"": 4, ""sep_method"": ""classifier"", ""sep_margin"": 1.0, ""lambda_fit"": 0.01, ""lambda_sep"": 0.01, ""groupdro_enabled"": true, ""groupdro_eta"": 1.0, ""groupdro_gamma"": 0.9, ""groupdro_update_mode"": ""softmax"", ""groupdro_objective"": ""weighted"", ""groupdro_kl_lambda"": 0.0, ""groupdro_uniform_init"": true, ""log_interval"": 20, ""save_every"": 10, ""val_frac"": 0.2, ""common_encoder"": false, ""use_regret"": true, ""optimal_losses"": [0.49934679966136675, 0.5924033531758973, 0.4240419712328326, 1.4799922526387188], ""data_split_seed"": 1000}","{""num_groups"": 4, ""num_classes"": 2, ""train_total"": 404, ""test_total"": 150, ""train_group_counts"": [193, 166, 20, 25], ""test_group_counts"": [61, 53, 10, 26], ""train_class_counts"": [212, 192], ""test_class_counts"": [72, 78], ""train_group_class_counts"": [[104, 89], [104, 62], [0, 20], [4, 21]], ""test_group_class_counts"": [[33, 28], [33, 20], [0, 10], [6, 20]], ""group_proportions"": [0.4777227722772277, 0.41089108910891087, 0.04950495049504951, 0.06188118811881188], ""val_group_counts"": [49, 42, 8, 21], ""val_total"": 120}","{""num_groups"": 4, ""eta"": 1.0, ""update_mode"": ""softmax"", ""robust_objective"": ""weighted"", ""gamma"": 0.9, ""kl_lambda"": 0.0, ""initial_pi"": [0.47772276401519775, 0.4108910858631134, 0.049504950642585754, 0.06188118830323219]}",2026-09-15T04:51:25.936107,7,0.5108927438656489,0.7708333333333334,0.001,0.8,0.8377608318066098,0.7692307692307693,1.0,"[0.7704918032786885, 0.8113207547169812, 1.0, 0.7692307692307693]","[0.4986589206535308, 0.48449127629118144, 0.025695857778191566, 0.532484350582728]","[0.8194444444444444, 0.782051282051282]","[[0.9090909090909091, 0.6071428571428571], [0.8787878787878788, 0.7], [null, 1.0], [0.0, 1.0]]","[61, 53, 10, 26]",0.7999644381223328,"[0.759572072072072, 0.794891640866873, 0.5, 0.4347826086956522]",0.4347826086956522,0.532484350582728,0.8166666666666667,0.8216411564625851,0.7619047619047619,0.875,"[0.8163265306122449, 0.8333333333333334, 0.875, 0.7619047619047619]","[0.47625135888858716, 0.4996944594950903, 0.48357552592642605, 0.5391040770780473]","[0.7627118644067796, 0.8688524590163934]","[[0.8148148148148148, 0.8181818181818182], [0.8846153846153846, 0.75], [0.0, 1.0], [0.0, 1.0]]","[49, 42, 8, 21]",0.8158482142857142,"[0.8150943396226416, 0.8210590383444918, 0.4666666666666667, 0.4324324324324324]",0.4324324324324324,0.5391040770780473,"[0.25029146671295166, 0.2532849609851837, 0.2482118159532547, 0.2482118159532547]","[0.5328949888547262, 0.5744722485542297, 0.07649116776883602, 0.397459015250206]","[0.2561348999540011, 0.2493033508459727, 0.247280885775884, 0.247280885775884]","[0.47772276401519775, 0.4108910858631134, 0.049504950642585754, 0.06188118830323219]",0.0
"{""run_name"": ""fedheart_exp_paper_hetagg_gdro"", ""seed"": 42, ""run_dir"": ""runs/sweep_fedheart/Ours_Regret_c1_s42_f0"", ""use_fedheart"": true, ""num_classes"": 2, ""stratified_batching"": true, ""train_frac"": 0.8, ""group_max_train_samples"": [null, null, 20, 25], ""true_hetero_input_dim"": true, ""feature_mask"": [[0, 1, 2, 3, 5, 6, 7, 8, 9, 10], [0, 1, 2, 3, 5, 6, 11, 12], [0, 1, 2, 4, 5, 7, 11, 12], [0, 1, 2, 4, 5, 6, 8, 9, 10]], ""batch_size"": 64, ""num_workers"": 0, ""epochs"": 100, ""early_stopping_patience"": 30, ""lr"": 0.001, ""weight_decay"": 0.0001, ""optimizer"": ""adam"", ""grad_clip"": 1.0, ""lr_scheduler"": ""cosine"", ""lr_min"": 1e-05, ""latent_dim"": 64, ""head_hidden"": 32, ""groups"": [{""name"": ""cleveland"", ""encoder"": ""mlp_tabular_ln"", ""input_dim"": 10, ""hidden_dim"": 64, ""dropout"": 0.1}, {""name"": ""hungarian"", ""encoder"": ""mlp_tabular_ln"", ""input_dim"": 8, ""hidden_dim"": 64, ""dropout"": 0.1}, {""name"": ""switzerland"", ""encoder"": ""mlp_tabular_ln"", ""input_dim"": 8, ""hidden_dim"": 64, ""dropout"": 0.1}, {""name"": ""va_long_beach"", ""encoder"": ""mlp_tabular_ln"", ""input_dim"": 9, ""hidden_dim"": 64, ""dropout"": 0.1}], ""anchor_eps"": 0.0001, ""sep_samples_per_class"": 4, ""sep_method"": ""classifier"", ""sep_margin"": 1.0, ""lambda_fit"": 0.01, ""lambda_sep"": 0.01, ""groupdro_enabled"": true, ""groupdro_eta"": 1.0, ""groupdro_gamma"": 0.9, ""groupdro_update_mode"": ""softmax"", ""groupdro_objective"": ""weighted"", ""groupdro_kl_lambda"": 0.0, ""groupdro_uniform_init"": true, ""log_interval"": 20, ""save_every"": 10, ""val_frac"": 0.2, ""common_encoder"": false, ""use_regret"": true, ""optimal_losses"": [0.49934679966136675, 0.5924033531758973, 0.4240419712328326, 1.4799922526387188], ""data_split_seed"": 1000}","{""num_groups"": 4, ""num_classes"": 2, ""train_total"": 404, ""test_total"": 150, ""train_group_counts"": [193, 166, 20, 25], ""test_group_counts"": [61, 53, 10, 26], ""train_class_counts"": [212, 192], ""test_class_counts"": [72, 78], ""train_group_class_counts"": [[104, 89], [104, 62], [0, 20], [4, 21]], ""test_group_class_counts"": [[33, 28], [33, 20], [0, 10], [6, 20]], ""group_proportions"": [0.4777227722772277, 0.41089108910891087, 0.04950495049504951, 0.06188118811881188], ""val_group_counts"": [49, 42, 8, 21], ""val_total"": 120}","{""num_groups"": 4, ""eta"": 1.0, ""update_mode"": ""softmax"", ""robust_objective"": ""weighted"", ""gamma"": 0.9, ""kl_lambda"": 0.0, ""initial_pi"": [0.47772276401519775, 0.4108910858631134, 0.049504950642585754, 0.06188118830323219]}",2026-09-15T04:51:25.936107,8,0.46851207315921783,0.8020833333333334,0.001,0.7866666666666666,0.8295641104951343,0.7377049180327869,1.0,"[0.7377049180327869, 0.8113207547169812, 1.0, 0.7692307692307693]","[0.48791734544468707, 0.46366134792003993, 0.018478777818381788, 0.5419263395552452]","[0.8194444444444444, 0.7564102564102564]","[[0.9090909090909091, 0.5357142857142857], [0.8787878787878788, 0.7], [null, 1.0], [0.0, 1.0]]","[61, 53, 10, 26]",0.7866666666666666,"[0.7208237986270023, 0.794891640866873, 0.5, 0.4347826086956522]",0.4347826086956522,0.5419263395552452,0.8166666666666667,0.8216411564625851,0.7619047619047619,0.875,"[0.8163265306122449, 0.8333333333333334, 0.875, 0.7619047619047619]","[0.44807964943501416, 0.4811368417881784, 0.5115683047333732, 0.5526293654526983]","[0.7966101694915254, 0.8360655737704918]","[[0.8888888888888888, 0.7272727272727273], [0.8846153846153846, 0.75], [0.0, 1.0], [0.0, 1.0]]","[49, 42, 8, 21]",0.8164627363737487,"[0.8112965340179719, 0.8210590383444918, 0.4666666666666667, 0.4324324324324324]",0.4324324324324324,0.5526293654526983,"[0.2509881854057312, 0.24967060983181, 0.24967060983181, 0.24967060983181]","[0.4931190411249797, 0.5462617625792822, 0.04169854676971833, 0.35799625267585117]","[0.2539311150709788, 0.24910729378461838, 0.248480794330438, 0.248480794330438]","[0.47772276401519775, 0.4108910858631134, 0.049504950642585754, 0.06188118830323219]",0.0
"{""run_name"": ""fedheart_exp_paper_hetagg_gdro"", ""seed"": 42, ""run_dir"": ""runs/sweep_fedheart/Ours_Regret_c1_s42_f0"", ""use_fedheart"": true, ""num_classes"": 2, ""stratified_batching"": true, ""train_frac"": 0.8, ""group_max_train_samples"": [null, null, 20, 25], ""true_hetero_input_dim"": true, ""feature_mask"": [[0, 1, 2, 3, 5, 6, 7, 8, 9, 10], [0, 1, 2, 3, 5, 6, 11, 12], [0, 1, 2, 4, 5, 7, 11, 12], [0, 1, 2, 4, 5, 6, 8, 9, 10]], ""batch_size"": 64, ""num_workers"": 0, ""epochs"": 100, ""early_stopping_patience"": 30, ""lr"": 0.001, ""weight_decay"": 0.0001, ""optimizer"": ""adam"", ""grad_clip"": 1.0, ""lr_scheduler"": ""cosine"", ""lr_min"": 1e-05, ""latent_dim"": 64, ""head_hidden"": 32, ""groups"": [{""name"": ""cleveland"", ""encoder"": ""mlp_tabular_ln"", ""input_dim"": 10, ""hidden_dim"": 64, ""dropout"": 0.1}, {""name"": ""hungarian"", ""encoder"": ""mlp_tabular_ln"", ""input_dim"": 8, ""hidden_dim"": 64, ""dropout"": 0.1}, {""name"": ""switzerland"", ""encoder"": ""mlp_tabular_ln"", ""input_dim"": 8, ""hidden_dim"": 64, ""dropout"": 0.1}, {""name"": ""va_long_beach"", ""encoder"": ""mlp_tabular_ln"", ""input_dim"": 9, ""hidden_dim"": 64, ""dropout"": 0.1}], ""anchor_eps"": 0.0001, ""sep_samples_per_class"": 4, ""sep_method"": ""classifier"", ""sep_margin"": 1.0, ""lambda_fit"": 0.01, ""lambda_sep"": 0.01, ""groupdro_enabled"": true, ""groupdro_eta"": 1.0, ""groupdro_gamma"": 0.9, ""groupdro_update_mode"": ""softmax"", ""groupdro_objective"": ""weighted"", ""groupdro_kl_lambda"": 0.0, ""groupdro_uniform_init"": true, ""log_interval"": 20, ""save_every"": 10, ""val_frac"": 0.2, ""common_encoder"": false, ""use_regret"": true, ""optimal_losses"": [0.49934679966136675, 0.5924033531758973, 0.4240419712328326, 1.4799922526387188], ""data_split_seed"": 1000}","{""num_groups"": 4, ""num_classes"": 2, ""train_total"": 404, ""test_total"": 150, ""train_group_counts"": [193, 166, 20, 25], ""test_group_counts"": [61, 53, 10, 26], ""train_class_counts"": [212, 192], ""test_class_counts"": [72, 78], ""train_group_class_counts"": [[104, 89], [104, 62], [0, 20], [4, 21]], ""test_group_class_counts"": [[33, 28], [33, 20], [0, 10], [6, 20]], ""group_proportions"": [0.4777227722772277, 0.41089108910891087, 0.04950495049504951, 0.06188118811881188], ""val_group_counts"": [49, 42, 8, 21], ""val_total"": 120}","{""num_groups"": 4, ""eta"": 1.0, ""update_mode"": ""softmax"", ""robust_objective"": ""weighted"", ""gamma"": 0.9, ""kl_lambda"": 0.0, ""initial_pi"": [0.47772276401519775, 0.4108910858631134, 0.049504950642585754, 0.06188118830323219]}",2026-09-15T04:51:25.936107,9,0.43892936905225116,0.7994791666666666,0.001,0.8133333333333334,0.8465761735944229,0.7692307692307693,1.0,"[0.7868852459016393, 0.8301886792452831, 1.0, 0.7692307692307693]","[0.46934150464710644, 0.4426505616251028, 0.014404242020100355, 0.5700259397809322]","[0.8194444444444444, 0.8076923076923077]","[[0.9090909090909091, 0.6428571428571429], [0.8787878787878788, 0.75], [null, 1.0], [0.0, 1.0]]","[61, 53, 10, 26]",0.813200498132005,"[0.7783058428850993, 0.8174512055109069, 0.5, 0.4347826086956522]",0.4347826086956522,0.5700259397809322,0.825,0.827593537414966,0.7619047619047619,0.875,"[0.8163265306122449, 0.8571428571428571, 0.875, 0.7619047619047619]","[0.43603648154103025, 0.4670964326886904, 0.5327770980075002, 0.5826046679701123]","[0.7627118644067796, 0.8852459016393442]","[[0.8148148148148148, 0.8181818181818182], [0.8846153846153846, 0.8125], [0.0, 1.0], [0.0, 1.0]]","[49, 42, 8, 21]",0.824010056568196,"[0.8150943396226416, 0.8485576923076923, 0.4666666666666667, 0.4324324324324324]",0.4324324324324324,0.5826046679701123,"[0.25, 0.25, 0.25, 0.25]","[0.5043269346157709, 0.527950386206309, 0.023299675512438018, 0.29769884049892426]","[0.25510871410369873, 0.24991035709778467, 0.247490460673968, 0.247490460673968]","[0.47772276401519775, 0.4108910858631134, 0.049504950642585754, 0.06188118830323219]",0.0
"{""run_name"": ""fedheart_exp_paper_hetagg_gdro"", ""seed"": 42, ""run_dir"": ""runs/sweep_fedheart/Ours_Regret_c1_s42_f0"", ""use_fedheart"": true, ""num_classes"": 2, ""stratified_batching"": true, ""train_frac"": 0.8, ""group_max_train_samples"": [null, null, 20, 25], ""true_hetero_input_dim"": true, ""feature_mask"": [[0, 1, 2, 3, 5, 6, 7, 8, 9, 10], [0, 1, 2, 3, 5, 6, 11, 12], [0, 1, 2, 4, 5, 7, 11, 12], [0, 1, 2, 4, 5, 6, 8, 9, 10]], ""batch_size"": 64, ""num_workers"": 0, ""epochs"": 100, ""early_stopping_patience"": 30, ""lr"": 0.001, ""weight_decay"": 0.0001, ""optimizer"": ""adam"", ""grad_clip"": 1.0, ""lr_scheduler"": ""cosine"", ""lr_min"": 1e-05, ""latent_dim"": 64, ""head_hidden"": 32, ""groups"": [{""name"": ""cleveland"", ""encoder"": ""mlp_tabular_ln"", ""input_dim"": 10, ""hidden_dim"": 64, ""dropout"": 0.1}, {""name"": ""hungarian"", ""encoder"": ""mlp_tabular_ln"", ""input_dim"": 8, ""hidden_dim"": 64, ""dropout"": 0.1}, {""name"": ""switzerland"", ""encoder"": ""mlp_tabular_ln"", ""input_dim"": 8, ""hidden_dim"": 64, ""dropout"": 0.1}, {""name"": ""va_long_beach"", ""encoder"": ""mlp_tabular_ln"", ""input_dim"": 9, ""hidden_dim"": 64, ""dropout"": 0.1}], ""anchor_eps"": 0.0001, ""sep_samples_per_class"": 4, ""sep_method"": ""classifier"", ""sep_margin"": 1.0, ""lambda_fit"": 0.01, ""lambda_sep"": 0.01, ""groupdro_enabled"": true, ""groupdro_eta"": 1.0, ""groupdro_gamma"": 0.9, ""groupdro_update_mode"": ""softmax"", ""groupdro_objective"": ""weighted"", ""groupdro_kl_lambda"": 0.0, ""groupdro_uniform_init"": true, ""log_interval"": 20, ""save_every"": 10, ""val_frac"": 0.2, ""common_encoder"": false, ""use_regret"": true, ""optimal_losses"": [0.49934679966136675, 0.5924033531758973, 0.4240419712328326, 1.4799922526387188], ""data_split_seed"": 1000}","{""num_groups"": 4, ""num_classes"": 2, ""train_total"": 404, ""test_total"": 150, ""train_group_counts"": [193, 166, 20, 25], ""test_group_counts"": [61, 53, 10, 26], ""train_class_counts"": [212, 192], ""test_class_counts"": [72, 78], ""train_group_class_counts"": [[104, 89], [104, 62], [0, 20], [4, 21]], ""test_group_class_counts"": [[33, 28], [33, 20], [0, 10], [6, 20]], ""group_proportions"": [0.4777227722772277, 0.41089108910891087, 0.04950495049504951, 0.06188118811881188], ""val_group_counts"": [49, 42, 8, 21], ""val_total"": 120}","{""num_groups"": 4, ""eta"": 1.0, ""update_mode"": ""softmax"", ""robust_objective"": ""weighted"", ""gamma"": 0.9, ""kl_lambda"": 0.0, ""initial_pi"": [0.47772276401519775, 0.4108910858631134, 0.049504950642585754, 0.06188118830323219]}",2026-09-15T04:51:25.936107,10,0.41762878994146985,0.8046875,0.001,0.8133333333333334,0.8471947940707607,0.7692307692307693,1.0,"[0.7704918032786885, 0.8490566037735849, 1.0, 0.7692307692307693]","[0.4579083038890948, 0.421957939019743, 0.01306477328762412, 0.5977934525849727]","[0.8194444444444444, 0.8076923076923077]","[[0.8787878787878788, 0.6428571428571429], [0.9090909090909091, 0.75], [null, 1.0], [0.0, 1.0]]","[61, 53, 10, 26]",0.813200498132005,"[0.7627777777777778, 0.8359133126934983, 0.5, 0.4347826086956522]",0.4347826086956522,0.5977934525849727,0.8416666666666667,0.8377976190476191,0.7619047619047619,0.875,"[0.8571428571428571, 0.8571428571428571, 0.875, 0.7619047619047619]","[0.4234923144080201, 0.4576162738459451, 0.5405131395673379, 0.6152169123469364]","[0.7627118644067796, 0.9180327868852459]","[[0.8148148148148148, 0.9090909090909091], [0.8846153846153846, 0.8125], [0.0, 1.0], [0.0, 1.0]]","[49, 42, 8, 21]",0.8403249527277821,"[0.8569044639132248, 0.8485576923076923, 0.4666666666666667, 0.4324324324324324]",0.4324324324324324,0.6152169123469364,"[0.25, 0.25, 0.25, 0.25]","[0.4503302127122879, 0.5165771345297495, 0.024962053750641644, 0.3009761056552331]","[0.2497829720377922, 0.25131948043902713, 0.24944878121217093, 0.24944878121217093]","[0.47772276401519775, 0.4108910858631134, 0.049504950642585754, 0.06188118830323219]",0.0
"{""run_name"": ""fedheart_exp_paper_hetagg_gdro"", ""seed"": 42, ""run_dir"": ""runs/sweep_fedheart/Ours_Regret_c1_s42_f0"", ""use_fedheart"": true, ""num_classes"": 2, ""stratified_batching"": true, ""train_frac"": 0.8, ""group_max_train_samples"": [null, null, 20, 25], ""true_hetero_input_dim"": true, ""feature_mask"": [[0, 1, 2, 3, 5, 6, 7, 8, 9, 10], [0, 1, 2, 3, 5, 6, 11, 12], [0, 1, 2, 4, 5, 7, 11, 12], [0, 1, 2, 4, 5, 6, 8, 9, 10]], ""batch_size"": 64, ""num_workers"": 0, ""epochs"": 100, ""early_stopping_patience"": 30, ""lr"": 0.001, ""weight_decay"": 0.0001, ""optimizer"": ""adam"", ""grad_clip"": 1.0, ""lr_scheduler"": ""cosine"", ""lr_min"": 1e-05, ""latent_dim"": 64, ""head_hidden"": 32, ""groups"": [{""name"": ""cleveland"", ""encoder"": ""mlp_tabular_ln"", ""input_dim"": 10, ""hidden_dim"": 64, ""dropout"": 0.1}, {""name"": ""hungarian"", ""encoder"": ""mlp_tabular_ln"", ""input_dim"": 8, ""hidden_dim"": 64, ""dropout"": 0.1}, {""name"": ""switzerland"", ""encoder"": ""mlp_tabular_ln"", ""input_dim"": 8, ""hidden_dim"": 64, ""dropout"": 0.1}, {""name"": ""va_long_beach"", ""encoder"": ""mlp_tabular_ln"", ""input_dim"": 9, ""hidden_dim"": 64, ""dropout"": 0.1}], ""anchor_eps"": 0.0001, ""sep_samples_per_class"": 4, ""sep_method"": ""classifier"", ""sep_margin"": 1.0, ""lambda_fit"": 0.01, ""lambda_sep"": 0.01, ""groupdro_enabled"": true, ""groupdro_eta"": 1.0, ""groupdro_gamma"": 0.9, ""groupdro_update_mode"": ""softmax"", ""groupdro_objective"": ""weighted"", ""groupdro_kl_lambda"": 0.0, ""groupdro_uniform_init"": true, ""log_interval"": 20, ""save_every"": 10, ""val_frac"": 0.2, ""common_encoder"": false, ""use_regret"": true, ""optimal_losses"": [0.49934679966136675, 0.5924033531758973, 0.4240419712328326, 1.4799922526387188], ""data_split_seed"": 1000}","{""num_groups"": 4, ""num_classes"": 2, ""train_total"": 404, ""test_total"": 150, ""train_group_counts"": [193, 166, 20, 25], ""test_group_counts"": [61, 53, 10, 26], ""train_class_counts"": [212, 192], ""test_class_counts"": [72, 78], ""train_group_class_counts"": [[104, 89], [104, 62], [0, 20], [4, 21]], ""test_group_class_counts"": [[33, 28], [33, 20], [0, 10], [6, 20]], ""group_proportions"": [0.4777227722772277, 0.41089108910891087, 0.04950495049504951, 0.06188118811881188], ""val_group_counts"": [49, 42, 8, 21], ""val_total"": 120}","{""num_groups"": 4, ""eta"": 1.0, ""update_mode"": ""softmax"", ""robust_objective"": ""weighted"", ""gamma"": 0.9, ""kl_lambda"": 0.0, ""initial_pi"": [0.47772276401519775, 0.4108910858631134, 0.049504950642585754, 0.06188118830323219]}",2026-09-15T04:51:25.936107,11,0.40071867903073627,0.8020833333333334,0.001,0.8133333333333334,0.8471947940707607,0.7692307692307693,1.0,"[0.7704918032786885, 0.8490566037735849, 1.0, 0.7692307692307693]","[0.4537216738843527, 0.40988733183662845, 0.013062100857496262, 0.6145937667013361]","[0.8333333333333334, 0.7948717948717948]","[[0.8787878787878788, 0.6428571428571429], [0.9393939393939394, 0.7], [null, 1.0], [0.0, 1.0]]","[61, 53, 10, 26]",0.8133001422475107,"[0.7627777777777778, 0.8317460317460317, 0.5, 0.4347826086956522]",0.4347826086956522,0.6145937667013361,0.825,0.827593537414966,0.7619047619047619,0.875,"[0.8163265306122449, 0.8571428571428571, 0.875, 0.7619047619047619]","[0.4110606268656497, 0.4555559676317942, 0.5390130175510421, 0.6244823129049369]","[0.7627118644067796, 0.8852459016393442]","[[0.8148148148148148, 0.8181818181818182], [0.8846153846153846, 0.8125], [0.0, 1.0], [0.0, 1.0]]","[49, 42, 8, 21]",0.824010056568196,"[0.8150943396226416, 0.8485576923076923, 0.4666666666666667, 0.4324324324324324]",0.4324324324324324,0.6244823129049369,"[0.2509079873561859, 0.24969734251499176, 0.24969734251499176, 0.24969734251499176]","[0.4465573529402415, 0.523534874121348, 0.017326278146356344, 0.27142396196722984]","[0.24839730312426886, 0.25521163394053775, 0.24819552898406982, 0.24819552898406982]","[0.47772276401519775, 0.4108910858631134, 0.049504950642585754, 0.06188118830323219]",0.0
"{""run_name"": ""fedheart_exp_paper_hetagg_gdro"", ""seed"": 42, ""run_dir"": ""runs/sweep_fedheart/Ours_Regret_c1_s42_f0"", ""use_fedheart"": true, ""num_classes"": 2, ""stratified_batching"": true, ""train_frac"": 0.8, ""group_max_train_samples"": [null, null, 20, 25], ""true_hetero_input_dim"": true, ""feature_mask"": [[0, 1, 2, 3, 5, 6, 7, 8, 9, 10], [0, 1, 2, 3, 5, 6, 11, 12], [0, 1, 2, 4, 5, 7, 11, 12], [0, 1, 2, 4, 5, 6, 8, 9, 10]], ""batch_size"": 64, ""num_workers"": 0, ""epochs"": 100, ""early_stopping_patience"": 30, ""lr"": 0.001, ""weight_decay"": 0.0001, ""optimizer"": ""adam"", ""grad_clip"": 1.0, ""lr_scheduler"": ""cosine"", ""lr_min"": 1e-05, ""latent_dim"": 64, ""head_hidden"": 32, ""groups"": [{""name"": ""cleveland"", ""encoder"": ""mlp_tabular_ln"", ""input_dim"": 10, ""hidden_dim"": 64, ""dropout"": 0.1}, {""name"": ""hungarian"", ""encoder"": ""mlp_tabular_ln"", ""input_dim"": 8, ""hidden_dim"": 64, ""dropout"": 0.1}, {""name"": ""switzerland"", ""encoder"": ""mlp_tabular_ln"", ""input_dim"": 8, ""hidden_dim"": 64, ""dropout"": 0.1}, {""name"": ""va_long_beach"", ""encoder"": ""mlp_tabular_ln"", ""input_dim"": 9, ""hidden_dim"": 64, ""dropout"": 0.1}], ""anchor_eps"": 0.0001, ""sep_samples_per_class"": 4, ""sep_method"": ""classifier"", ""sep_margin"": 1.0, ""lambda_fit"": 0.01, ""lambda_sep"": 0.01, ""groupdro_enabled"": true, ""groupdro_eta"": 1.0, ""groupdro_gamma"": 0.9, ""groupdro_update_mode"": ""softmax"", ""groupdro_objective"": ""weighted"", ""groupdro_kl_lambda"": 0.0, ""groupdro_uniform_init"": true, ""log_interval"": 20, ""save_every"": 10, ""val_frac"": 0.2, ""common_encoder"": false, ""use_regret"": true, ""optimal_losses"": [0.49934679966136675, 0.5924033531758973, 0.4240419712328326, 1.4799922526387188], ""data_split_seed"": 1000}","{""num_groups"": 4, ""num_classes"": 2, ""train_total"": 404, ""test_total"": 150, ""train_group_counts"": [193, 166, 20, 25], ""test_group_counts"": [61, 53, 10, 26], ""train_class_counts"": [212, 192], ""test_class_counts"": [72, 78], ""train_group_class_counts"": [[104, 89], [104, 62], [0, 20], [4, 21]], ""test_group_class_counts"": [[33, 28], [33, 20], [0, 10], [6, 20]], ""group_proportions"": [0.4777227722772277, 0.41089108910891087, 0.04950495049504951, 0.06188118811881188], ""val_group_counts"": [49, 42, 8, 21], ""val_total"": 120}","{""num_groups"": 4, ""eta"": 1.0, ""update_mode"": ""softmax"", ""robust_objective"": ""weighted"", ""gamma"": 0.9, ""kl_lambda"": 0.0, ""initial_pi"": [0.47772276401519775, 0.4108910858631134, 0.049504950642585754, 0.06188118830323219]}",2026-09-15T04:51:25.936107,12,0.37671874463558197,0.8255208333333334,0.001,0.8066666666666666,0.8424778129386852,0.7692307692307693,1.0,"[0.7704918032786885, 0.8301886792452831, 1.0, 0.7692307692307693]","[0.45404430497132364, 0.4061544887580962, 0.013088864646852017, 0.6498348256573081]","[0.8333333333333334, 0.782051282051282]","[[0.8787878787878788, 0.6428571428571429], [0.9393939393939394, 0.65], [null, 1.0], [0.0, 1.0]]","[61, 53, 10, 26]",0.8066580736921641,"[0.7627777777777778, 0.8080482897384306, 0.5, 0.4347826086956522]",0.4347826086956522,0.6498348256573081,0.825,0.827593537414966,0.7619047619047619,0.875,"[0.8163265306122449, 0.8571428571428571, 0.875, 0.7619047619047619]","[0.40148743819825505, 0.44780998428662616, 0.5359940293710679, 0.6581134228479295]","[0.7796610169491526, 0.8688524590163934]","[[0.8518518518518519, 0.7727272727272727], [0.8846153846153846, 0.8125], [0.0, 1.0], [0.0, 1.0]]","[49, 42, 8, 21]",0.8244024806633684,"[0.8135306553911206, 0.8485576923076923, 0.4666666666666667, 0.4324324324324324]",0.4324324324324324,0.6581134228479295,"[0.25, 0.25, 0.25, 0.25]","[0.41180042922496796, 0.5050458262364069, 0.022840395647411544, 0.2485890972117583]","[0.2525174468755722, 0.24916084855794907, 0.24916084855794907, 0.24916084855794907]","[0.47772276401519775, 0.4108910858631134, 0.049504950642585754, 0.06188118830323219]",0.0
"{""run_name"": ""fedheart_exp_paper_hetagg_gdro"", ""seed"": 42, ""run_dir"": ""runs/sweep_fedheart/Ours_Regret_c1_s42_f0"", ""use_fedheart"": true, ""num_classes"": 2, ""stratified_batching"": true, ""train_frac"": 0.8, ""group_max_train_samples"": [null, null, 20, 25], ""true_hetero_input_dim"": true, ""feature_mask"": [[0, 1, 2, 3, 5, 6, 7, 8, 9, 10], [0, 1, 2, 3, 5, 6, 11, 12], [0, 1, 2, 4, 5, 7, 11, 12], [0, 1, 2, 4, 5, 6, 8, 9, 10]], ""batch_size"": 64, ""num_workers"": 0, ""epochs"": 100, ""early_stopping_patience"": 30, ""lr"": 0.001, ""weight_decay"": 0.0001, ""optimizer"": ""adam"", ""grad_clip"": 1.0, ""lr_scheduler"": ""cosine"", ""lr_min"": 1e-05, ""latent_dim"": 64, ""head_hidden"": 32, ""groups"": [{""name"": ""cleveland"", ""encoder"": ""mlp_tabular_ln"", ""input_dim"": 10, ""hidden_dim"": 64, ""dropout"": 0.1}, {""name"": ""hungarian"", ""encoder"": ""mlp_tabular_ln"", ""input_dim"": 8, ""hidden_dim"": 64, ""dropout"": 0.1}, {""name"": ""switzerland"", ""encoder"": ""mlp_tabular_ln"", ""input_dim"": 8, ""hidden_dim"": 64, ""dropout"": 0.1}, {""name"": ""va_long_beach"", ""encoder"": ""mlp_tabular_ln"", ""input_dim"": 9, ""hidden_dim"": 64, ""dropout"": 0.1}], ""anchor_eps"": 0.0001, ""sep_samples_per_class"": 4, ""sep_method"": ""classifier"", ""sep_margin"": 1.0, ""lambda_fit"": 0.01, ""lambda_sep"": 0.01, ""groupdro_enabled"": true, ""groupdro_eta"": 1.0, ""groupdro_gamma"": 0.9, ""groupdro_update_mode"": ""softmax"", ""groupdro_objective"": ""weighted"", ""groupdro_kl_lambda"": 0.0, ""groupdro_uniform_init"": true, ""log_interval"": 20, ""save_every"": 10, ""val_frac"": 0.2, ""common_encoder"": false, ""use_regret"": true, ""optimal_losses"": [0.49934679966136675, 0.5924033531758973, 0.4240419712328326, 1.4799922526387188], ""data_split_seed"": 1000}","{""num_groups"": 4, ""num_classes"": 2, ""train_total"": 404, ""test_total"": 150, ""train_group_counts"": [193, 166, 20, 25], ""test_group_counts"": [61, 53, 10, 26], ""train_class_counts"": [212, 192], ""test_class_counts"": [72, 78], ""train_group_class_counts"": [[104, 89], [104, 62], [0, 20], [4, 21]], ""test_group_class_counts"": [[33, 28], [33, 20], [0, 10], [6, 20]], ""group_proportions"": [0.4777227722772277, 0.41089108910891087, 0.04950495049504951, 0.06188118811881188], ""val_group_counts"": [49, 42, 8, 21], ""val_total"": 120}","{""num_groups"": 4, ""eta"": 1.0, ""update_mode"": ""softmax"", ""robust_objective"": ""weighted"", ""gamma"": 0.9, ""kl_lambda"": 0.0, ""initial_pi"": [0.47772276401519775, 0.4108910858631134, 0.049504950642585754, 0.06188118830323219]}",2026-09-15T04:51:25.936107,13,0.3601495971282323,0.8255208333333334,0.001,0.8066666666666666,0.8424778129386852,0.7692307692307693,1.0,"[0.7704918032786885, 0.8301886792452831, 1.0, 0.7692307692307693]","[0.45146397672227173, 0.40427119481676027, 0.011794944666326046, 0.7026063369837805]","[0.8333333333333334, 0.782051282051282]","[[0.8787878787878788, 0.6428571428571429], [0.9393939393939394, 0.65], [null, 1.0], [0.0, 1.0]]","[61, 53, 10, 26]",0.8066580736921641,"[0.7627777777777778, 0.8080482897384306, 0.5, 0.4347826086956522]",0.4347826086956522,0.7026063369837805,0.825,0.827593537414966,0.7619047619047619,0.875,"[0.8163265306122449, 0.8571428571428571, 0.875, 0.7619047619047619]","[0.40441529483211286, 0.44515374089990345, 0.5464687505736947, 0.7086142698923746]","[0.7627118644067796, 0.8852459016393442]","[[0.8148148148148148, 0.8181818181818182], [0.8846153846153846, 0.8125], [0.0, 1.0], [0.0, 1.0]]","[49, 42, 8, 21]",0.824010056568196,"[0.8150943396226416, 0.8485576923076923, 0.4666666666666667, 0.4324324324324324]",0.4324324324324324,0.7086142698923746,"[0.25, 0.25, 0.25, 0.25]","[0.41803082823753357, 0.494002029299736, 0.037963136564940214, 0.1867879924053947]","[0.25173478325208026, 0.24964215606451035, 0.24931152909994125, 0.24931152909994125]","[0.47772276401519775, 0.4108910858631134, 0.049504950642585754, 0.06188118830323219]",0.0
"{""run_name"": ""fedheart_exp_paper_hetagg_gdro"", ""seed"": 42, ""run_dir"": ""runs/sweep_fedheart/Ours_Regret_c1_s42_f0"", ""use_fedheart"": true, ""num_classes"": 2, ""stratified_batching"": true, ""train_frac"": 0.8, ""group_max_train_samples"": [null, null, 20, 25], ""true_hetero_input_dim"": true, ""feature_mask"": [[0, 1, 2, 3, 5, 6, 7, 8, 9, 10], [0, 1, 2, 3, 5, 6, 11, 12], [0, 1, 2, 4, 5, 7, 11, 12], [0, 1, 2, 4, 5, 6, 8, 9, 10]], ""batch_size"": 64, ""num_workers"": 0, ""epochs"": 100, ""early_stopping_patience"": 30, ""lr"": 0.001, ""weight_decay"": 0.0001, ""optimizer"": ""adam"", ""grad_clip"": 1.0, ""lr_scheduler"": ""cosine"", ""lr_min"": 1e-05, ""latent_dim"": 64, ""head_hidden"": 32, ""groups"": [{""name"": ""cleveland"", ""encoder"": ""mlp_tabular_ln"", ""input_dim"": 10, ""hidden_dim"": 64, ""dropout"": 0.1}, {""name"": ""hungarian"", ""encoder"": ""mlp_tabular_ln"", ""input_dim"": 8, ""hidden_dim"": 64, ""dropout"": 0.1}, {""name"": ""switzerland"", ""encoder"": ""mlp_tabular_ln"", ""input_dim"": 8, ""hidden_dim"": 64, ""dropout"": 0.1}, {""name"": ""va_long_beach"", ""encoder"": ""mlp_tabular_ln"", ""input_dim"": 9, ""hidden_dim"": 64, ""dropout"": 0.1}], ""anchor_eps"": 0.0001, ""sep_samples_per_class"": 4, ""sep_method"": ""classifier"", ""sep_margin"": 1.0, ""lambda_fit"": 0.01, ""lambda_sep"": 0.01, ""groupdro_enabled"": true, ""groupdro_eta"": 1.0, ""groupdro_gamma"": 0.9, ""groupdro_update_mode"": ""softmax"", ""groupdro_objective"": ""weighted"", ""groupdro_kl_lambda"": 0.0, ""groupdro_uniform_init"": true, ""log_interval"": 20, ""save_every"": 10, ""val_frac"": 0.2, ""common_encoder"": false, ""use_regret"": true, ""optimal_losses"": [0.49934679966136675, 0.5924033531758973, 0.4240419712328326, 1.4799922526387188], ""data_split_seed"": 1000}","{""num_groups"": 4, ""num_classes"": 2, ""train_total"": 404, ""test_total"": 150, ""train_group_counts"": [193, 166, 20, 25], ""test_group_counts"": [61, 53, 10, 26], ""train_class_counts"": [212, 192], ""test_class_counts"": [72, 78], ""train_group_class_counts"": [[104, 89], [104, 62], [0, 20], [4, 21]], ""test_group_class_counts"": [[33, 28], [33, 20], [0, 10], [6, 20]], ""group_proportions"": [0.4777227722772277, 0.41089108910891087, 0.04950495049504951, 0.06188118811881188], ""val_group_counts"": [49, 42, 8, 21], ""val_total"": 120}","{""num_groups"": 4, ""eta"": 1.0, ""update_mode"": ""softmax"", ""robust_objective"": ""weighted"", ""gamma"": 0.9, ""kl_lambda"": 0.0, ""initial_pi"": [0.47772276401519775, 0.4108910858631134, 0.049504950642585754, 0.06188118830323219]}",2026-09-15T04:51:25.936107,14,0.3507229685783386,0.8255208333333334,0.001,0.8,0.8377608318066098,0.7692307692307693,1.0,"[0.7704918032786885, 0.8113207547169812, 1.0, 0.7692307692307693]","[0.4490079032715227, 0.4062826343864765, 0.01016888152807951, 0.7477583533439499]","[0.8055555555555556, 0.7948717948717948]","[[0.8787878787878788, 0.6428571428571429], [0.8787878787878788, 0.7], [null, 1.0], [0.0, 1.0]]","[61, 53, 10, 26]",0.7998576765700054,"[0.7627777777777778, 0.794891640866873, 0.5, 0.4347826086956522]",0.4347826086956522,0.7477583533439499,0.8166666666666667,0.8224914965986394,0.7619047619047619,0.875,"[0.7959183673469388, 0.8571428571428571, 0.875, 0.7619047619047619]","[0.4047783178334333, 0.4587721159415586, 0.5611307321232744, 0.752126569504894]","[0.7627118644067796, 0.8688524590163934]","[[0.8148148148148148, 0.7727272727272727], [0.8846153846153846, 0.8125], [0.0, 1.0], [0.0, 1.0]]","[49, 42, 8, 21]",0.8158482142857142,"[0.7937710437710437, 0.8485576923076923, 0.4666666666666667, 0.4324324324324324]",0.4324324324324324,0.752126569504894,"[0.25, 0.25, 0.25, 0.25]","[0.43779060741265613, 0.5125763912995657, 0.02189260022714734, 0.15244027754912773]","[0.25064854820569354, 0.25120599816242856, 0.24907272309064865, 0.24907272309064865]","[0.47772276401519775, 0.4108910858631134, 0.049504950642585754, 0.06188118830323219]",0.0
"{""run_name"": ""fedheart_exp_paper_hetagg_gdro"", ""seed"": 42, ""run_dir"": ""runs/sweep_fedheart/Ours_Regret_c1_s42_f0"", ""use_fedheart"": true, ""num_classes"": 2, ""stratified_batching"": true, ""train_frac"": 0.8, ""group_max_train_samples"": [null, null, 20, 25], ""true_hetero_input_dim"": true, ""feature_mask"": [[0, 1, 2, 3, 5, 6, 7, 8, 9, 10], [0, 1, 2, 3, 5, 6, 11, 12], [0, 1, 2, 4, 5, 7, 11, 12], [0, 1, 2, 4, 5, 6, 8, 9, 10]], ""batch_size"": 64, ""num_workers"": 0, ""epochs"": 100, ""early_stopping_patience"": 30, ""lr"": 0.001, ""weight_decay"": 0.0001, ""optimizer"": ""adam"", ""grad_clip"": 1.0, ""lr_scheduler"": ""cosine"", ""lr_min"": 1e-05, ""latent_dim"": 64, ""head_hidden"": 32, ""groups"": [{""name"": ""cleveland"", ""encoder"": ""mlp_tabular_ln"", ""input_dim"": 10, ""hidden_dim"": 64, ""dropout"": 0.1}, {""name"": ""hungarian"", ""encoder"": ""mlp_tabular_ln"", ""input_dim"": 8, ""hidden_dim"": 64, ""dropout"": 0.1}, {""name"": ""switzerland"", ""encoder"": ""mlp_tabular_ln"", ""input_dim"": 8, ""hidden_dim"": 64, ""dropout"": 0.1}, {""name"": ""va_long_beach"", ""encoder"": ""mlp_tabular_ln"", ""input_dim"": 9, ""hidden_dim"": 64, ""dropout"": 0.1}], ""anchor_eps"": 0.0001, ""sep_samples_per_class"": 4, ""sep_method"": ""classifier"", ""sep_margin"": 1.0, ""lambda_fit"": 0.01, ""lambda_sep"": 0.01, ""groupdro_enabled"": true, ""groupdro_eta"": 1.0, ""groupdro_gamma"": 0.9, ""groupdro_update_mode"": ""softmax"", ""groupdro_objective"": ""weighted"", ""groupdro_kl_lambda"": 0.0, ""groupdro_uniform_init"": true, ""log_interval"": 20, ""save_every"": 10, ""val_frac"": 0.2, ""common_encoder"": false, ""use_regret"": true, ""optimal_losses"": [0.49934679966136675, 0.5924033531758973, 0.4240419712328326, 1.4799922526387188], ""data_split_seed"": 1000}","{""num_groups"": 4, ""num_classes"": 2, ""train_total"": 404, ""test_total"": 150, ""train_group_counts"": [193, 166, 20, 25], ""test_group_counts"": [61, 53, 10, 26], ""train_class_counts"": [212, 192], ""test_class_counts"": [72, 78], ""train_group_class_counts"": [[104, 89], [104, 62], [0, 20], [4, 21]], ""test_group_class_counts"": [[33, 28], [33, 20], [0, 10], [6, 20]], ""group_proportions"": [0.4777227722772277, 0.41089108910891087, 0.04950495049504951, 0.06188118811881188], ""val_group_counts"": [49, 42, 8, 21], ""val_total"": 120}","{""num_groups"": 4, ""eta"": 1.0, ""update_mode"": ""softmax"", ""robust_objective"": ""weighted"", ""gamma"": 0.9, ""kl_lambda"": 0.0, ""initial_pi"": [0.47772276401519775, 0.4108910858631134, 0.049504950642585754, 0.06188118830323219]}",2026-09-15T04:51:25.936107,15,0.3235207398732503,0.8229166666666666,0.001,0.8,0.8383794522829475,0.7540983606557377,1.0,"[0.7540983606557377, 0.8301886792452831, 1.0, 0.7692307692307693]","[0.45387479143797377, 0.397273580701846, 0.008605832094326615, 0.8152720312534186]","[0.8194444444444444, 0.782051282051282]","[[0.8787878787878788, 0.6071428571428571], [0.9090909090909091, 0.7], [null, 1.0], [0.0, 1.0]]","[61, 53, 10, 26]",0.7999644381223328,"[0.7441990494828068, 0.8131609870740305, 0.5, 0.4347826086956522]",0.4347826086956522,0.8152720312534186,0.825,0.827593537414966,0.7619047619047619,0.875,"[0.8163265306122449, 0.8571428571428571, 0.875, 0.7619047619047619]","[0.4080550694952206, 0.4473751998018651, 0.5763313790084794, 0.8140711631138056]","[0.7796610169491526, 0.8688524590163934]","[[0.8518518518518519, 0.7727272727272727], [0.8846153846153846, 0.8125], [0.0, 1.0], [0.0, 1.0]]","[49, 42, 8, 21]",0.8244024806633684,"[0.8135306553911206, 0.8485576923076923, 0.4666666666666667, 0.4324324324324324]",0.4324324324324324,0.8140711631138056,"[0.25, 0.25, 0.25, 0.25]","[0.42767639954884845, 0.44113455216089886, 0.020279625120262306, 0.13807850641508898]","[0.2508679578701655, 0.2497106815377871, 0.2497106815377871, 0.2497106815377871]","[0.47772276401519775, 0.4108910858631134, 0.049504950642585754, 0.06188118830323219]",0.0
"{""run_name"": ""fedheart_exp_paper_hetagg_gdro"", ""seed"": 42, ""run_dir"": ""runs/sweep_fedheart/Ours_Regret_c1_s42_f0"", ""use_fedheart"": true, ""num_classes"": 2, ""stratified_batching"": true, ""train_frac"": 0.8, ""group_max_train_samples"": [null, null, 20, 25], ""true_hetero_input_dim"": true, ""feature_mask"": [[0, 1, 2, 3, 5, 6, 7, 8, 9, 10], [0, 1, 2, 3, 5, 6, 11, 12], [0, 1, 2, 4, 5, 7, 11, 12], [0, 1, 2, 4, 5, 6, 8, 9, 10]], ""batch_size"": 64, ""num_workers"": 0, ""epochs"": 100, ""early_stopping_patience"": 30, ""lr"": 0.001, ""weight_decay"": 0.0001, ""optimizer"": ""adam"", ""grad_clip"": 1.0, ""lr_scheduler"": ""cosine"", ""lr_min"": 1e-05, ""latent_dim"": 64, ""head_hidden"": 32, ""groups"": [{""name"": ""cleveland"", ""encoder"": ""mlp_tabular_ln"", ""input_dim"": 10, ""hidden_dim"": 64, ""dropout"": 0.1}, {""name"": ""hungarian"", ""encoder"": ""mlp_tabular_ln"", ""input_dim"": 8, ""hidden_dim"": 64, ""dropout"": 0.1}, {""name"": ""switzerland"", ""encoder"": ""mlp_tabular_ln"", ""input_dim"": 8, ""hidden_dim"": 64, ""dropout"": 0.1}, {""name"": ""va_long_beach"", ""encoder"": ""mlp_tabular_ln"", ""input_dim"": 9, ""hidden_dim"": 64, ""dropout"": 0.1}], ""anchor_eps"": 0.0001, ""sep_samples_per_class"": 4, ""sep_method"": ""classifier"", ""sep_margin"": 1.0, ""lambda_fit"": 0.01, ""lambda_sep"": 0.01, ""groupdro_enabled"": true, ""groupdro_eta"": 1.0, ""groupdro_gamma"": 0.9, ""groupdro_update_mode"": ""softmax"", ""groupdro_objective"": ""weighted"", ""groupdro_kl_lambda"": 0.0, ""groupdro_uniform_init"": true, ""log_interval"": 20, ""save_every"": 10, ""val_frac"": 0.2, ""common_encoder"": false, ""use_regret"": true, ""optimal_losses"": [0.49934679966136675, 0.5924033531758973, 0.4240419712328326, 1.4799922526387188], ""data_split_seed"": 1000}","{""num_groups"": 4, ""num_classes"": 2, ""train_total"": 404, ""test_total"": 150, ""train_group_counts"": [193, 166, 20, 25], ""test_group_counts"": [61, 53, 10, 26], ""train_class_counts"": [212, 192], ""test_class_counts"": [72, 78], ""train_group_class_counts"": [[104, 89], [104, 62], [0, 20], [4, 21]], ""test_group_class_counts"": [[33, 28], [33, 20], [0, 10], [6, 20]], ""group_proportions"": [0.4777227722772277, 0.41089108910891087, 0.04950495049504951, 0.06188118811881188], ""val_group_counts"": [49, 42, 8, 21], ""val_total"": 120}","{""num_groups"": 4, ""eta"": 1.0, ""update_mode"": ""softmax"", ""robust_objective"": ""weighted"", ""gamma"": 0.9, ""kl_lambda"": 0.0, ""initial_pi"": [0.47772276401519775, 0.4108910858631134, 0.049504950642585754, 0.06188118830323219]}",2026-09-15T04:51:25.936107,16,0.31709839403629303,0.8359375,0.001,0.8,0.8285826453163292,0.6923076923076923,1.0,"[0.7540983606557377, 0.8679245283018868, 1.0, 0.6923076923076923]","[0.445862280174357, 0.3874665396112316, 0.0073501030448824166, 0.8383059927190726]","[0.8472222222222222, 0.7564102564102564]","[[0.8787878787878788, 0.6071428571428571], [0.9696969696969697, 0.7], [null, 1.0], [0.0, 0.9]]","[61, 53, 10, 26]",0.7999644381223328,"[0.7441990494828068, 0.8507042253521127, 0.5, 0.4090909090909091]",0.4090909090909091,0.8383059927190726,0.8333333333333334,0.8386479591836735,0.8095238095238095,0.875,"[0.8367346938775511, 0.8333333333333334, 0.875, 0.8095238095238095]","[0.4132138260317092, 0.44000112052474705, 0.5880552323069423, 0.8372903259338013]","[0.7966101694915254, 0.8688524590163934]","[[0.8518518518518519, 0.8181818181818182], [0.8846153846153846, 0.75], [0.0, 1.0], [0.2, 1.0]]","[49, 42, 8, 21]",0.8329156223893065,"[0.835016835016835, 0.8210590383444918, 0.4666666666666667, 0.6111111111111112]",0.4666666666666667,0.8372903259338013,"[0.25, 0.25, 0.25, 0.25]","[0.3914303531249364, 0.45003992319107056, 0.0220417408272624, 0.15052296811093888]","[0.2509337365627289, 0.24968875447909036, 0.24968875447909036, 0.24968875447909036]","[0.47772276401519775, 0.4108910858631134, 0.049504950642585754, 0.06188118830323219]",0.0
"{""run_name"": ""fedheart_exp_paper_hetagg_gdro"", ""seed"": 42, ""run_dir"": ""runs/sweep_fedheart/Ours_Regret_c1_s42_f0"", ""use_fedheart"": true, ""num_classes"": 2, ""stratified_batching"": true, ""train_frac"": 0.8, ""group_max_train_samples"": [null, null, 20, 25], ""true_hetero_input_dim"": true, ""feature_mask"": [[0, 1, 2, 3, 5, 6, 7, 8, 9, 10], [0, 1, 2, 3, 5, 6, 11, 12], [0, 1, 2, 4, 5, 7, 11, 12], [0, 1, 2, 4, 5, 6, 8, 9, 10]], ""batch_size"": 64, ""num_workers"": 0, ""epochs"": 100, ""early_stopping_patience"": 30, ""lr"": 0.001, ""weight_decay"": 0.0001, ""optimizer"": ""adam"", ""grad_clip"": 1.0, ""lr_scheduler"": ""cosine"", ""lr_min"": 1e-05, ""latent_dim"": 64, ""head_hidden"": 32, ""groups"": [{""name"": ""cleveland"", ""encoder"": ""mlp_tabular_ln"", ""input_dim"": 10, ""hidden_dim"": 64, ""dropout"": 0.1}, {""name"": ""hungarian"", ""encoder"": ""mlp_tabular_ln"", ""input_dim"": 8, ""hidden_dim"": 64, ""dropout"": 0.1}, {""name"": ""switzerland"", ""encoder"": ""mlp_tabular_ln"", ""input_dim"": 8, ""hidden_dim"": 64, ""dropout"": 0.1}, {""name"": ""va_long_beach"", ""encoder"": ""mlp_tabular_ln"", ""input_dim"": 9, ""hidden_dim"": 64, ""dropout"": 0.1}], ""anchor_eps"": 0.0001, ""sep_samples_per_class"": 4, ""sep_method"": ""classifier"", ""sep_margin"": 1.0, ""lambda_fit"": 0.01, ""lambda_sep"": 0.01, ""groupdro_enabled"": true, ""groupdro_eta"": 1.0, ""groupdro_gamma"": 0.9, ""groupdro_update_mode"": ""softmax"", ""groupdro_objective"": ""weighted"", ""groupdro_kl_lambda"": 0.0, ""groupdro_uniform_init"": true, ""log_interval"": 20, ""save_every"": 10, ""val_frac"": 0.2, ""common_encoder"": false, ""use_regret"": true, ""optimal_losses"": [0.49934679966136675, 0.5924033531758973, 0.4240419712328326, 1.4799922526387188], ""data_split_seed"": 1000}","{""num_groups"": 4, ""num_classes"": 2, ""train_total"": 404, ""test_total"": 150, ""train_group_counts"": [193, 166, 20, 25], ""test_group_counts"": [61, 53, 10, 26], ""train_class_counts"": [212, 192], ""test_class_counts"": [72, 78], ""train_group_class_counts"": [[104, 89], [104, 62], [0, 20], [4, 21]], ""test_group_class_counts"": [[33, 28], [33, 20], [0, 10], [6, 20]], ""group_proportions"": [0.4777227722772277, 0.41089108910891087, 0.04950495049504951, 0.06188118811881188], ""val_group_counts"": [49, 42, 8, 21], ""val_total"": 120}","{""num_groups"": 4, ""eta"": 1.0, ""update_mode"": ""softmax"", ""robust_objective"": ""weighted"", ""gamma"": 0.9, ""kl_lambda"": 0.0, ""initial_pi"": [0.47772276401519775, 0.4108910858631134, 0.049504950642585754, 0.06188118830323219]}",2026-09-15T04:51:25.936107,17,0.2990025505423546,0.8489583333333334,0.001,0.7866666666666666,0.8191486830521783,0.6923076923076923,1.0,"[0.7540983606557377, 0.8301886792452831, 1.0, 0.6923076923076923]","[0.45276331180920365, 0.38923067669823486, 0.006368414498865604, 0.8881875173940968]","[0.8194444444444444, 0.7564102564102564]","[[0.8787878787878788, 0.6071428571428571], [0.9090909090909091, 0.7], [null, 1.0], [0.0, 0.9]]","[61, 53, 10, 26]",0.7866666666666666,"[0.7441990494828068, 0.8131609870740305, 0.5, 0.4090909090909091]",0.4090909090909091,0.8881875173940968,0.8,0.8029336734693877,0.7142857142857143,0.875,"[0.8367346938775511, 0.7857142857142857, 0.875, 0.7142857142857143]","[0.40526147931814194, 0.4628729172760532, 0.5991691904491745, 0.8740623558849274]","[0.7627118644067796, 0.8360655737704918]","[[0.8888888888888888, 0.7727272727272727], [0.8076923076923077, 0.75], [0.0, 1.0], [0.0, 0.9375]]","[49, 42, 8, 21]",0.7994987468671679,"[0.8333333333333334, 0.7754010695187166, 0.4666666666666667, 0.4166666666666667]",0.4166666666666667,0.8740623558849274,"[0.25, 0.25, 0.25, 0.25]","[0.3693034052848816, 0.459181343515714, 0.017303429699192446, 0.11420810362324119]","[0.2496491993467013, 0.25286899507045746, 0.2487408940990766, 0.2487408940990766]","[0.47772276401519775, 0.4108910858631134, 0.049504950642585754, 0.06188118830323219]",0.0
"{""run_name"": ""fedheart_exp_paper_hetagg_gdro"", ""seed"": 42, ""run_dir"": ""runs/sweep_fedheart/Ours_Regret_c1_s42_f0"", ""use_fedheart"": true, ""num_classes"": 2, ""stratified_batching"": true, ""train_frac"": 0.8, ""group_max_train_samples"": [null, null, 20, 25], ""true_hetero_input_dim"": true, ""feature_mask"": [[0, 1, 2, 3, 5, 6, 7, 8, 9, 10], [0, 1, 2, 3, 5, 6, 11, 12], [0, 1, 2, 4, 5, 7, 11, 12], [0, 1, 2, 4, 5, 6, 8, 9, 10]], ""batch_size"": 64, ""num_workers"": 0, ""epochs"": 100, ""early_stopping_patience"": 30, ""lr"": 0.001, ""weight_decay"": 0.0001, ""optimizer"": ""adam"", ""grad_clip"": 1.0, ""lr_scheduler"": ""cosine"", ""lr_min"": 1e-05, ""latent_dim"": 64, ""head_hidden"": 32, ""groups"": [{""name"": ""cleveland"", ""encoder"": ""mlp_tabular_ln"", ""input_dim"": 10, ""hidden_dim"": 64, ""dropout"": 0.1}, {""name"": ""hungarian"", ""encoder"": ""mlp_tabular_ln"", ""input_dim"": 8, ""hidden_dim"": 64, ""dropout"": 0.1}, {""name"": ""switzerland"", ""encoder"": ""mlp_tabular_ln"", ""input_dim"": 8, ""hidden_dim"": 64, ""dropout"": 0.1}, {""name"": ""va_long_beach"", ""encoder"": ""mlp_tabular_ln"", ""input_dim"": 9, ""hidden_dim"": 64, ""dropout"": 0.1}], ""anchor_eps"": 0.0001, ""sep_samples_per_class"": 4, ""sep_method"": ""classifier"", ""sep_margin"": 1.0, ""lambda_fit"": 0.01, ""lambda_sep"": 0.01, ""groupdro_enabled"": true, ""groupdro_eta"": 1.0, ""groupdro_gamma"": 0.9, ""groupdro_update_mode"": ""softmax"", ""groupdro_objective"": ""weighted"", ""groupdro_kl_lambda"": 0.0, ""groupdro_uniform_init"": true, ""log_interval"": 20, ""save_every"": 10, ""val_frac"": 0.2, ""common_encoder"": false, ""use_regret"": true, ""optimal_losses"": [0.49934679966136675, 0.5924033531758973, 0.4240419712328326, 1.4799922526387188], ""data_split_seed"": 1000}","{""num_groups"": 4, ""num_classes"": 2, ""train_total"": 404, ""test_total"": 150, ""train_group_counts"": [193, 166, 20, 25], ""test_group_counts"": [61, 53, 10, 26], ""train_class_counts"": [212, 192], ""test_class_counts"": [72, 78], ""train_group_class_counts"": [[104, 89], [104, 62], [0, 20], [4, 21]], ""test_group_class_counts"": [[33, 28], [33, 20], [0, 10], [6, 20]], ""group_proportions"": [0.4777227722772277, 0.41089108910891087, 0.04950495049504951, 0.06188118811881188], ""val_group_counts"": [49, 42, 8, 21], ""val_total"": 120}","{""num_groups"": 4, ""eta"": 1.0, ""update_mode"": ""softmax"", ""robust_objective"": ""weighted"", ""gamma"": 0.9, ""kl_lambda"": 0.0, ""initial_pi"": [0.47772276401519775, 0.4108910858631134, 0.049504950642585754, 0.06188118830323219]}",2026-09-15T04:51:25.936107,18,0.31197455525398254,0.8177083333333334,0.001,0.7933333333333333,0.8238656641842537,0.6923076923076923,1.0,"[0.7540983606557377, 0.8490566037735849, 1.0, 0.6923076923076923]","[0.46022100926789106, 0.39887303915226235, 0.005565154063515365, 0.9545119041979958]","[0.8194444444444444, 0.7692307692307693]","[[0.8787878787878788, 0.6071428571428571], [0.9090909090909091, 0.75], [null, 1.0], [0.0, 0.9]]","[61, 53, 10, 26]",0.7933241477398996,"[0.7441990494828068, 0.8359133126934983, 0.5, 0.4090909090909091]",0.4090909090909091,0.9545119041979958,0.8083333333333333,0.8148384353741497,0.7619047619047619,0.875,"[0.8367346938775511, 0.7857142857142857, 0.875, 0.7619047619047619]","[0.4048855411154883, 0.4692892237078576, 0.6110034953453578, 0.9342978645692623]","[0.7627118644067796, 0.8524590163934426]","[[0.8888888888888888, 0.7727272727272727], [0.8076923076923077, 0.75], [0.0, 1.0], [0.0, 1.0]]","[49, 42, 8, 21]",0.8076789073932131,"[0.8333333333333334, 0.7754010695187166, 0.4666666666666667, 0.4324324324324324]",0.4324324324324324,0.9342978645692623,"[0.25, 0.25, 0.25, 0.25]","[0.40355243782202405, 0.49583355089028675, 0.013904398074373603, 0.10239015395442645]","[0.24916635702053705, 0.25250092645486194, 0.24916635702053705, 0.24916635702053705]","[0.47772276401519775, 0.4108910858631134, 0.049504950642585754, 0.06188118830323219]",0.0
"{""run_name"": ""fedheart_exp_paper_hetagg_gdro"", ""seed"": 42, ""run_dir"": ""runs/sweep_fedheart/Ours_Regret_c1_s42_f0"", ""use_fedheart"": true, ""num_classes"": 2, ""stratified_batching"": true, ""train_frac"": 0.8, ""group_max_train_samples"": [null, null, 20, 25], ""true_hetero_input_dim"": true, ""feature_mask"": [[0, 1, 2, 3, 5, 6, 7, 8, 9, 10], [0, 1, 2, 3, 5, 6, 11, 12], [0, 1, 2, 4, 5, 7, 11, 12], [0, 1, 2, 4, 5, 6, 8, 9, 10]], ""batch_size"": 64, ""num_workers"": 0, ""epochs"": 100, ""early_stopping_patience"": 30, ""lr"": 0.001, ""weight_decay"": 0.0001, ""optimizer"": ""adam"", ""grad_clip"": 1.0, ""lr_scheduler"": ""cosine"", ""lr_min"": 1e-05, ""latent_dim"": 64, ""head_hidden"": 32, ""groups"": [{""name"": ""cleveland"", ""encoder"": ""mlp_tabular_ln"", ""input_dim"": 10, ""hidden_dim"": 64, ""dropout"": 0.1}, {""name"": ""hungarian"", ""encoder"": ""mlp_tabular_ln"", ""input_dim"": 8, ""hidden_dim"": 64, ""dropout"": 0.1}, {""name"": ""switzerland"", ""encoder"": ""mlp_tabular_ln"", ""input_dim"": 8, ""hidden_dim"": 64, ""dropout"": 0.1}, {""name"": ""va_long_beach"", ""encoder"": ""mlp_tabular_ln"", ""input_dim"": 9, ""hidden_dim"": 64, ""dropout"": 0.1}], ""anchor_eps"": 0.0001, ""sep_samples_per_class"": 4, ""sep_method"": ""classifier"", ""sep_margin"": 1.0, ""lambda_fit"": 0.01, ""lambda_sep"": 0.01, ""groupdro_enabled"": true, ""groupdro_eta"": 1.0, ""groupdro_gamma"": 0.9, ""groupdro_update_mode"": ""softmax"", ""groupdro_objective"": ""weighted"", ""groupdro_kl_lambda"": 0.0, ""groupdro_uniform_init"": true, ""log_interval"": 20, ""save_every"": 10, ""val_frac"": 0.2, ""common_encoder"": false, ""use_regret"": true, ""optimal_losses"": [0.49934679966136675, 0.5924033531758973, 0.4240419712328326, 1.4799922526387188], ""data_split_seed"": 1000}","{""num_groups"": 4, ""num_classes"": 2, ""train_total"": 404, ""test_total"": 150, ""train_group_counts"": [193, 166, 20, 25], ""test_group_counts"": [61, 53, 10, 26], ""train_class_counts"": [212, 192], ""test_class_counts"": [72, 78], ""train_group_class_counts"": [[104, 89], [104, 62], [0, 20], [4, 21]], ""test_group_class_counts"": [[33, 28], [33, 20], [0, 10], [6, 20]], ""group_proportions"": [0.4777227722772277, 0.41089108910891087, 0.04950495049504951, 0.06188118811881188], ""val_group_counts"": [49, 42, 8, 21], ""val_total"": 120}","{""num_groups"": 4, ""eta"": 1.0, ""update_mode"": ""softmax"", ""robust_objective"": ""weighted"", ""gamma"": 0.9, ""kl_lambda"": 0.0, ""initial_pi"": [0.47772276401519775, 0.4108910858631134, 0.049504950642585754, 0.06188118830323219]}",2026-09-15T04:51:25.936107,19,0.29707228889067966,0.8333333333333334,0.001,0.78,0.8144317019201028,0.6923076923076923,1.0,"[0.7540983606557377, 0.8113207547169812, 1.0, 0.6923076923076923]","[0.4515339503156357, 0.4231957498024095, 0.005020106770098209, 0.9925123723313356]","[0.8472222222222222, 0.717948717948718]","[[0.8787878787878788, 0.6071428571428571], [0.9696969696969697, 0.55], [null, 1.0], [0.0, 0.9]]","[61, 53, 10, 26]",0.7797552836484984,"[0.7441990494828068, 0.7761824324324323, 0.5, 0.4090909090909091]",0.4090909090909091,0.9925123723313356,0.825,0.8267431972789115,0.7619047619047619,0.875,"[0.8367346938775511, 0.8333333333333334, 0.875, 0.7619047619047619]","[0.4106962805499836, 0.4419788970124154, 0.6192723752174061, 0.9596856512084958]","[0.7796610169491526, 0.8688524590163934]","[[0.8518518518518519, 0.8181818181818182], [0.8846153846153846, 0.75], [0.0, 1.0], [0.0, 1.0]]","[49, 42, 8, 21]",0.8244024806633684,"[0.835016835016835, 0.8210590383444918, 0.4666666666666667, 0.4324324324324324]",0.4324324324324324,0.9596856512084958,"[0.25, 0.25, 0.25, 0.25]","[0.39637281248966855, 0.4773472497860591, 0.019896972846860688, 0.08288097847253084]","[0.25066521763801575, 0.24977826327085495, 0.24977826327085495, 0.24977826327085495]","[0.47772276401519775, 0.4108910858631134, 0.049504950642585754, 0.06188118830323219]",0.0
"{""run_name"": ""fedheart_exp_paper_hetagg_gdro"", ""seed"": 42, ""run_dir"": ""runs/sweep_fedheart/Ours_Regret_c1_s42_f0"", ""use_fedheart"": true, ""num_classes"": 2, ""stratified_batching"": true, ""train_frac"": 0.8, ""group_max_train_samples"": [null, null, 20, 25], ""true_hetero_input_dim"": true, ""feature_mask"": [[0, 1, 2, 3, 5, 6, 7, 8, 9, 10], [0, 1, 2, 3, 5, 6, 11, 12], [0, 1, 2, 4, 5, 7, 11, 12], [0, 1, 2, 4, 5, 6, 8, 9, 10]], ""batch_size"": 64, ""num_workers"": 0, ""epochs"": 100, ""early_stopping_patience"": 30, ""lr"": 0.001, ""weight_decay"": 0.0001, ""optimizer"": ""adam"", ""grad_clip"": 1.0, ""lr_scheduler"": ""cosine"", ""lr_min"": 1e-05, ""latent_dim"": 64, ""head_hidden"": 32, ""groups"": [{""name"": ""cleveland"", ""encoder"": ""mlp_tabular_ln"", ""input_dim"": 10, ""hidden_dim"": 64, ""dropout"": 0.1}, {""name"": ""hungarian"", ""encoder"": ""mlp_tabular_ln"", ""input_dim"": 8, ""hidden_dim"": 64, ""dropout"": 0.1}, {""name"": ""switzerland"", ""encoder"": ""mlp_tabular_ln"", ""input_dim"": 8, ""hidden_dim"": 64, ""dropout"": 0.1}, {""name"": ""va_long_beach"", ""encoder"": ""mlp_tabular_ln"", ""input_dim"": 9, ""hidden_dim"": 64, ""dropout"": 0.1}], ""anchor_eps"": 0.0001, ""sep_samples_per_class"": 4, ""sep_method"": ""classifier"", ""sep_margin"": 1.0, ""lambda_fit"": 0.01, ""lambda_sep"": 0.01, ""groupdro_enabled"": true, ""groupdro_eta"": 1.0, ""groupdro_gamma"": 0.9, ""groupdro_update_mode"": ""softmax"", ""groupdro_objective"": ""weighted"", ""groupdro_kl_lambda"": 0.0, ""groupdro_uniform_init"": true, ""log_interval"": 20, ""save_every"": 10, ""val_frac"": 0.2, ""common_encoder"": false, ""use_regret"": true, ""optimal_losses"": [0.49934679966136675, 0.5924033531758973, 0.4240419712328326, 1.4799922526387188], ""data_split_seed"": 1000}","{""num_groups"": 4, ""num_classes"": 2, ""train_total"": 404, ""test_total"": 150, ""train_group_counts"": [193, 166, 20, 25], ""test_group_counts"": [61, 53, 10, 26], ""train_class_counts"": [212, 192], ""test_class_counts"": [72, 78], ""train_group_class_counts"": [[104, 89], [104, 62], [0, 20], [4, 21]], ""test_group_class_counts"": [[33, 28], [33, 20], [0, 10], [6, 20]], ""group_proportions"": [0.4777227722772277, 0.41089108910891087, 0.04950495049504951, 0.06188118811881188], ""val_group_counts"": [49, 42, 8, 21], ""val_total"": 120}","{""num_groups"": 4, ""eta"": 1.0, ""update_mode"": ""softmax"", ""robust_objective"": ""weighted"", ""gamma"": 0.9, ""kl_lambda"": 0.0, ""initial_pi"": [0.47772276401519775, 0.4108910858631134, 0.049504950642585754, 0.06188118830323219]}",2026-09-15T04:51:25.936107,20,0.29209321985642117,0.8229166666666666,0.001,0.7933333333333333,0.823247043707916,0.6923076923076923,1.0,"[0.7704918032786885, 0.8301886792452831, 1.0, 0.6923076923076923]","[0.44089489567597384, 0.41422800354237826, 0.005014267354272306, 1.018203483401941]","[0.8472222222222222, 0.7435897435897436]","[[0.8787878787878788, 0.6428571428571429], [0.9696969696969697, 0.6], [null, 1.0], [0.0, 0.9]]","[61, 53, 10, 26]",0.7932506335867681,"[0.7627777777777778, 0.8019925280199254, 0.5, 0.4090909090909091]",0.4090909090909091,1.018203483401941,0.8166666666666667,0.8148384353741497,0.7142857142857143,0.875,"[0.8367346938775511, 0.8333333333333334, 0.875, 0.7142857142857143]","[0.4182911887004667, 0.4592885408727896, 0.6169747955864295, 0.9600208464544266]","[0.7796610169491526, 0.8524590163934426]","[[0.8518518518518519, 0.8181818181818182], [0.8846153846153846, 0.75], [0.0, 1.0], [0.0, 0.9375]]","[49, 42, 8, 21]",0.8162071846282373,"[0.835016835016835, 0.8210590383444918, 0.4666666666666667, 0.4166666666666667]",0.4166666666666667,0.9600208464544266,"[0.25, 0.25, 0.25, 0.25]","[0.3865141769250234, 0.49249715109666187, 0.006303656186598043, 0.07238741902013619]","[0.2484144096573194, 0.25475674867630005, 0.2484144096573194, 0.2484144096573194]","[0.47772276401519775, 0.4108910858631134, 0.049504950642585754, 0.06188118830323219]",0.0
"{""run_name"": ""fedheart_exp_paper_hetagg_gdro"", ""seed"": 42, ""run_dir"": ""runs/sweep_fedheart/Ours_Regret_c1_s42_f0"", ""use_fedheart"": true, ""num_classes"": 2, ""stratified_batching"": true, ""train_frac"": 0.8, ""group_max_train_samples"": [null, null, 20, 25], ""true_hetero_input_dim"": true, ""feature_mask"": [[0, 1, 2, 3, 5, 6, 7, 8, 9, 10], [0, 1, 2, 3, 5, 6, 11, 12], [0, 1, 2, 4, 5, 7, 11, 12], [0, 1, 2, 4, 5, 6, 8, 9, 10]], ""batch_size"": 64, ""num_workers"": 0, ""epochs"": 100, ""early_stopping_patience"": 30, ""lr"": 0.001, ""weight_decay"": 0.0001, ""optimizer"": ""adam"", ""grad_clip"": 1.0, ""lr_scheduler"": ""cosine"", ""lr_min"": 1e-05, ""latent_dim"": 64, ""head_hidden"": 32, ""groups"": [{""name"": ""cleveland"", ""encoder"": ""mlp_tabular_ln"", ""input_dim"": 10, ""hidden_dim"": 64, ""dropout"": 0.1}, {""name"": ""hungarian"", ""encoder"": ""mlp_tabular_ln"", ""input_dim"": 8, ""hidden_dim"": 64, ""dropout"": 0.1}, {""name"": ""switzerland"", ""encoder"": ""mlp_tabular_ln"", ""input_dim"": 8, ""hidden_dim"": 64, ""dropout"": 0.1}, {""name"": ""va_long_beach"", ""encoder"": ""mlp_tabular_ln"", ""input_dim"": 9, ""hidden_dim"": 64, ""dropout"": 0.1}], ""anchor_eps"": 0.0001, ""sep_samples_per_class"": 4, ""sep_method"": ""classifier"", ""sep_margin"": 1.0, ""lambda_fit"": 0.01, ""lambda_sep"": 0.01, ""groupdro_enabled"": true, ""groupdro_eta"": 1.0, ""groupdro_gamma"": 0.9, ""groupdro_update_mode"": ""softmax"", ""groupdro_objective"": ""weighted"", ""groupdro_kl_lambda"": 0.0, ""groupdro_uniform_init"": true, ""log_interval"": 20, ""save_every"": 10, ""val_frac"": 0.2, ""common_encoder"": false, ""use_regret"": true, ""optimal_losses"": [0.49934679966136675, 0.5924033531758973, 0.4240419712328326, 1.4799922526387188], ""data_split_seed"": 1000}","{""num_groups"": 4, ""num_classes"": 2, ""train_total"": 404, ""test_total"": 150, ""train_group_counts"": [193, 166, 20, 25], ""test_group_counts"": [61, 53, 10, 26], ""train_class_counts"": [212, 192], ""test_class_counts"": [72, 78], ""train_group_class_counts"": [[104, 89], [104, 62], [0, 20], [4, 21]], ""test_group_class_counts"": [[33, 28], [33, 20], [0, 10], [6, 20]], ""group_proportions"": [0.4777227722772277, 0.41089108910891087, 0.04950495049504951, 0.06188118811881188], ""val_group_counts"": [49, 42, 8, 21], ""val_total"": 120}","{""num_groups"": 4, ""eta"": 1.0, ""update_mode"": ""softmax"", ""robust_objective"": ""weighted"", ""gamma"": 0.9, ""kl_lambda"": 0.0, ""initial_pi"": [0.47772276401519775, 0.4108910858631134, 0.049504950642585754, 0.06188118830323219]}",2026-09-15T04:51:25.936107,21,0.26125268638134,0.8567708333333334,0.001,0.78,0.8095332984367937,0.6538461538461539,1.0,"[0.7540983606557377, 0.8301886792452831, 1.0, 0.6538461538461539]","[0.46963284002830746, 0.4059357518013918, 0.00502048518974334, 1.0608476261751583]","[0.8194444444444444, 0.7435897435897436]","[[0.8787878787878788, 0.6071428571428571], [0.9090909090909091, 0.7], [null, 1.0], [0.0, 0.85]]","[61, 53, 10, 26]",0.779990221787635,"[0.7441990494828068, 0.8131609870740305, 0.5, 0.3953488372093023]",0.3953488372093023,1.0608476261751583,0.7916666666666666,0.7969812925170068,0.7142857142857143,0.875,"[0.8367346938775511, 0.7619047619047619, 0.875, 0.7142857142857143]","[0.4131866894206222, 0.4872431011781806, 0.6150335342681501, 0.9838347982260442]","[0.7457627118644068, 0.8360655737704918]","[[0.8888888888888888, 0.7727272727272727], [0.7692307692307693, 0.75], [0.0, 1.0], [0.0, 0.9375]]","[49, 42, 8, 21]",0.7909553341230576,"[0.8333333333333334, 0.7529411764705882, 0.4666666666666667, 0.4166666666666667]",0.4166666666666667,0.9838347982260442,"[0.25, 0.25, 0.25, 0.25]","[0.35741403698921204, 0.4515915513038635, 0.011536730802617967, 0.03656609011037896]","[0.25, 0.25, 0.25, 0.25]","[0.47772276401519775, 0.4108910858631134, 0.049504950642585754, 0.06188118830323219]",0.0
"{""run_name"": ""fedheart_exp_paper_hetagg_gdro"", ""seed"": 42, ""run_dir"": ""runs/sweep_fedheart/Ours_Regret_c1_s42_f0"", ""use_fedheart"": true, ""num_classes"": 2, ""stratified_batching"": true, ""train_frac"": 0.8, ""group_max_train_samples"": [null, null, 20, 25], ""true_hetero_input_dim"": true, ""feature_mask"": [[0, 1, 2, 3, 5, 6, 7, 8, 9, 10], [0, 1, 2, 3, 5, 6, 11, 12], [0, 1, 2, 4, 5, 7, 11, 12], [0, 1, 2, 4, 5, 6, 8, 9, 10]], ""batch_size"": 64, ""num_workers"": 0, ""epochs"": 100, ""early_stopping_patience"": 30, ""lr"": 0.001, ""weight_decay"": 0.0001, ""optimizer"": ""adam"", ""grad_clip"": 1.0, ""lr_scheduler"": ""cosine"", ""lr_min"": 1e-05, ""latent_dim"": 64, ""head_hidden"": 32, ""groups"": [{""name"": ""cleveland"", ""encoder"": ""mlp_tabular_ln"", ""input_dim"": 10, ""hidden_dim"": 64, ""dropout"": 0.1}, {""name"": ""hungarian"", ""encoder"": ""mlp_tabular_ln"", ""input_dim"": 8, ""hidden_dim"": 64, ""dropout"": 0.1}, {""name"": ""switzerland"", ""encoder"": ""mlp_tabular_ln"", ""input_dim"": 8, ""hidden_dim"": 64, ""dropout"": 0.1}, {""name"": ""va_long_beach"", ""encoder"": ""mlp_tabular_ln"", ""input_dim"": 9, ""hidden_dim"": 64, ""dropout"": 0.1}], ""anchor_eps"": 0.0001, ""sep_samples_per_class"": 4, ""sep_method"": ""classifier"", ""sep_margin"": 1.0, ""lambda_fit"": 0.01, ""lambda_sep"": 0.01, ""groupdro_enabled"": true, ""groupdro_eta"": 1.0, ""groupdro_gamma"": 0.9, ""groupdro_update_mode"": ""softmax"", ""groupdro_objective"": ""weighted"", ""groupdro_kl_lambda"": 0.0, ""groupdro_uniform_init"": true, ""log_interval"": 20, ""save_every"": 10, ""val_frac"": 0.2, ""common_encoder"": false, ""use_regret"": true, ""optimal_losses"": [0.49934679966136675, 0.5924033531758973, 0.4240419712328326, 1.4799922526387188], ""data_split_seed"": 1000}","{""num_groups"": 4, ""num_classes"": 2, ""train_total"": 404, ""test_total"": 150, ""train_group_counts"": [193, 166, 20, 25], ""test_group_counts"": [61, 53, 10, 26], ""train_class_counts"": [212, 192], ""test_class_counts"": [72, 78], ""train_group_class_counts"": [[104, 89], [104, 62], [0, 20], [4, 21]], ""test_group_class_counts"": [[33, 28], [33, 20], [0, 10], [6, 20]], ""group_proportions"": [0.4777227722772277, 0.41089108910891087, 0.04950495049504951, 0.06188118811881188], ""val_group_counts"": [49, 42, 8, 21], ""val_total"": 120}","{""num_groups"": 4, ""eta"": 1.0, ""update_mode"": ""softmax"", ""robust_objective"": ""weighted"", ""gamma"": 0.9, ""kl_lambda"": 0.0, ""initial_pi"": [0.47772276401519775, 0.4108910858631134, 0.049504950642585754, 0.06188118830323219]}",2026-09-15T04:51:25.936107,22,0.2488180473446846,0.8489583333333334,0.001,0.7933333333333333,0.8183486402246068,0.6538461538461539,1.0,"[0.7704918032786885, 0.8490566037735849, 1.0, 0.6538461538461539]","[0.47124412329104104, 0.4035227855421462, 0.004898316785693168, 1.1218793416136088]","[0.8611111111111112, 0.7307692307692307]","[[0.9090909090909091, 0.6071428571428571], [0.9696969696969697, 0.65], [null, 1.0], [0.0, 0.85]]","[61, 53, 10, 26]",0.7931034482758621,"[0.759572072072072, 0.826797385620915, 0.5, 0.3953488372093023]",0.3953488372093023,1.1218793416136088,0.7916666666666666,0.7918792517006803,0.6666666666666666,0.875,"[0.8163265306122449, 0.8095238095238095, 0.875, 0.6666666666666666]","[0.4131052602386596, 0.47248048424011185, 0.6177515452436637, 1.041577038898443]","[0.7796610169491526, 0.8032786885245902]","[[0.8888888888888888, 0.7272727272727273], [0.8461538461538461, 0.75], [0.0, 1.0], [0.0, 0.875]]","[49, 42, 8, 21]",0.7915363769022306,"[0.8112965340179719, 0.7980769230769231, 0.4666666666666667, 0.39999999999999997]",0.39999999999999997,1.041577038898443,"[0.25, 0.25, 0.25, 0.25]","[0.32919389257828396, 0.43853708108266193, 0.008999952852415541, 0.03572519371906916]","[0.25, 0.25, 0.25, 0.25]","[0.47772276401519775, 0.4108910858631134, 0.049504950642585754, 0.06188118830323219]",0.0
"{""run_name"": ""fedheart_exp_paper_hetagg_gdro"", ""seed"": 42, ""run_dir"": ""runs/sweep_fedheart/Ours_Regret_c1_s42_f0"", ""use_fedheart"": true, ""num_classes"": 2, ""stratified_batching"": true, ""train_frac"": 0.8, ""group_max_train_samples"": [null, null, 20, 25], ""true_hetero_input_dim"": true, ""feature_mask"": [[0, 1, 2, 3, 5, 6, 7, 8, 9, 10], [0, 1, 2, 3, 5, 6, 11, 12], [0, 1, 2, 4, 5, 7, 11, 12], [0, 1, 2, 4, 5, 6, 8, 9, 10]], ""batch_size"": 64, ""num_workers"": 0, ""epochs"": 100, ""early_stopping_patience"": 30, ""lr"": 0.001, ""weight_decay"": 0.0001, ""optimizer"": ""adam"", ""grad_clip"": 1.0, ""lr_scheduler"": ""cosine"", ""lr_min"": 1e-05, ""latent_dim"": 64, ""head_hidden"": 32, ""groups"": [{""name"": ""cleveland"", ""encoder"": ""mlp_tabular_ln"", ""input_dim"": 10, ""hidden_dim"": 64, ""dropout"": 0.1}, {""name"": ""hungarian"", ""encoder"": ""mlp_tabular_ln"", ""input_dim"": 8, ""hidden_dim"": 64, ""dropout"": 0.1}, {""name"": ""switzerland"", ""encoder"": ""mlp_tabular_ln"", ""input_dim"": 8, ""hidden_dim"": 64, ""dropout"": 0.1}, {""name"": ""va_long_beach"", ""encoder"": ""mlp_tabular_ln"", ""input_dim"": 9, ""hidden_dim"": 64, ""dropout"": 0.1}], ""anchor_eps"": 0.0001, ""sep_samples_per_class"": 4, ""sep_method"": ""classifier"", ""sep_margin"": 1.0, ""lambda_fit"": 0.01, ""lambda_sep"": 0.01, ""groupdro_enabled"": true, ""groupdro_eta"": 1.0, ""groupdro_gamma"": 0.9, ""groupdro_update_mode"": ""softmax"", ""groupdro_objective"": ""weighted"", ""groupdro_kl_lambda"": 0.0, ""groupdro_uniform_init"": true, ""log_interval"": 20, ""save_every"": 10, ""val_frac"": 0.2, ""common_encoder"": false, ""use_regret"": true, ""optimal_losses"": [0.49934679966136675, 0.5924033531758973, 0.4240419712328326, 1.4799922526387188], ""data_split_seed"": 1000}","{""num_groups"": 4, ""num_classes"": 2, ""train_total"": 404, ""test_total"": 150, ""train_group_counts"": [193, 166, 20, 25], ""test_group_counts"": [61, 53, 10, 26], ""train_class_counts"": [212, 192], ""test_class_counts"": [72, 78], ""train_group_class_counts"": [[104, 89], [104, 62], [0, 20], [4, 21]], ""test_group_class_counts"": [[33, 28], [33, 20], [0, 10], [6, 20]], ""group_proportions"": [0.4777227722772277, 0.41089108910891087, 0.04950495049504951, 0.06188118811881188], ""val_group_counts"": [49, 42, 8, 21], ""val_total"": 120}","{""num_groups"": 4, ""eta"": 1.0, ""update_mode"": ""softmax"", ""robust_objective"": ""weighted"", ""gamma"": 0.9, ""kl_lambda"": 0.0, ""initial_pi"": [0.47772276401519775, 0.4108910858631134, 0.049504950642585754, 0.06188118830323219]}",2026-09-15T04:51:25.936107,23,0.24871718138456345,0.8619791666666666,0.001,0.8,0.8273454043636537,0.6923076923076923,1.0,"[0.7868852459016393, 0.8301886792452831, 1.0, 0.6923076923076923]","[0.44019522050731497, 0.4109771723314276, 0.004533052351325751, 1.2174066858222852]","[0.8472222222222222, 0.7564102564102564]","[[0.8787878787878788, 0.6785714285714286], [0.9696969696969697, 0.6], [null, 1.0], [0.0, 0.9]]","[61, 53, 10, 26]",0.7999644381223328,"[0.7809997238331954, 0.8019925280199254, 0.5, 0.4090909090909091]",0.4090909090909091,1.2174066858222852,0.8083333333333333,0.8165391156462585,0.7619047619047619,0.875,"[0.7959183673469388, 0.8333333333333334, 0.875, 0.7619047619047619]","[0.42758546427500493, 0.46454940523420063, 0.6280845836154185, 1.1149705487159303]","[0.7457627118644068, 0.8688524590163934]","[[0.7777777777777778, 0.8181818181818182], [0.8846153846153846, 0.75], [0.0, 1.0], [0.0, 1.0]]","[49, 42, 8, 21]",0.807249109574691,"[0.7951505016722408, 0.8210590383444918, 0.4666666666666667, 0.4324324324324324]",0.4324324324324324,1.1149705487159303,"[0.25, 0.25, 0.25, 0.25]","[0.31342555085817975, 0.4334442764520645, 0.01224586390890181, 0.05937384255230427]","[0.25, 0.25, 0.25, 0.25]","[0.47772276401519775, 0.4108910858631134, 0.049504950642585754, 0.06188118830323219]",0.0
"{""run_name"": ""fedheart_exp_paper_hetagg_gdro"", ""seed"": 42, ""run_dir"": ""runs/sweep_fedheart/Ours_Regret_c1_s42_f0"", ""use_fedheart"": true, ""num_classes"": 2, ""stratified_batching"": true, ""train_frac"": 0.8, ""group_max_train_samples"": [null, null, 20, 25], ""true_hetero_input_dim"": true, ""feature_mask"": [[0, 1, 2, 3, 5, 6, 7, 8, 9, 10], [0, 1, 2, 3, 5, 6, 11, 12], [0, 1, 2, 4, 5, 7, 11, 12], [0, 1, 2, 4, 5, 6, 8, 9, 10]], ""batch_size"": 64, ""num_workers"": 0, ""epochs"": 100, ""early_stopping_patience"": 30, ""lr"": 0.001, ""weight_decay"": 0.0001, ""optimizer"": ""adam"", ""grad_clip"": 1.0, ""lr_scheduler"": ""cosine"", ""lr_min"": 1e-05, ""latent_dim"": 64, ""head_hidden"": 32, ""groups"": [{""name"": ""cleveland"", ""encoder"": ""mlp_tabular_ln"", ""input_dim"": 10, ""hidden_dim"": 64, ""dropout"": 0.1}, {""name"": ""hungarian"", ""encoder"": ""mlp_tabular_ln"", ""input_dim"": 8, ""hidden_dim"": 64, ""dropout"": 0.1}, {""name"": ""switzerland"", ""encoder"": ""mlp_tabular_ln"", ""input_dim"": 8, ""hidden_dim"": 64, ""dropout"": 0.1}, {""name"": ""va_long_beach"", ""encoder"": ""mlp_tabular_ln"", ""input_dim"": 9, ""hidden_dim"": 64, ""dropout"": 0.1}], ""anchor_eps"": 0.0001, ""sep_samples_per_class"": 4, ""sep_method"": ""classifier"", ""sep_margin"": 1.0, ""lambda_fit"": 0.01, ""lambda_sep"": 0.01, ""groupdro_enabled"": true, ""groupdro_eta"": 1.0, ""groupdro_gamma"": 0.9, ""groupdro_update_mode"": ""softmax"", ""groupdro_objective"": ""weighted"", ""groupdro_kl_lambda"": 0.0, ""groupdro_uniform_init"": true, ""log_interval"": 20, ""save_every"": 10, ""val_frac"": 0.2, ""common_encoder"": false, ""use_regret"": true, ""optimal_losses"": [0.49934679966136675, 0.5924033531758973, 0.4240419712328326, 1.4799922526387188], ""data_split_seed"": 1000}","{""num_groups"": 4, ""num_classes"": 2, ""train_total"": 404, ""test_total"": 150, ""train_group_counts"": [193, 166, 20, 25], ""test_group_counts"": [61, 53, 10, 26], ""train_class_counts"": [212, 192], ""test_class_counts"": [72, 78], ""train_group_class_counts"": [[104, 89], [104, 62], [0, 20], [4, 21]], ""test_group_class_counts"": [[33, 28], [33, 20], [0, 10], [6, 20]], ""group_proportions"": [0.4777227722772277, 0.41089108910891087, 0.04950495049504951, 0.06188118811881188], ""val_group_counts"": [49, 42, 8, 21], ""val_total"": 120}","{""num_groups"": 4, ""eta"": 1.0, ""update_mode"": ""softmax"", ""robust_objective"": ""weighted"", ""gamma"": 0.9, ""kl_lambda"": 0.0, ""initial_pi"": [0.47772276401519775, 0.4108910858631134, 0.049504950642585754, 0.06188118830323219]}",2026-09-15T04:51:25.936107,24,0.2572365626692772,0.8463541666666666,0.001,0.8,0.8279640248399914,0.6923076923076923,1.0,"[0.7704918032786885, 0.8490566037735849, 1.0, 0.6923076923076923]","[0.4568817149847746, 0.40601378271602234, 0.004086792515590787, 1.2930076963384636]","[0.8472222222222222, 0.7564102564102564]","[[0.8787878787878788, 0.6428571428571429], [0.9696969696969697, 0.65], [null, 1.0], [0.0, 0.9]]","[61, 53, 10, 26]",0.7999644381223328,"[0.7627777777777778, 0.826797385620915, 0.5, 0.4090909090909091]",0.4090909090909091,1.2930076963384636,0.8166666666666667,0.8207908163265306,0.7619047619047619,0.875,"[0.8367346938775511, 0.8095238095238095, 0.875, 0.7619047619047619]","[0.4160768330781435, 0.478078472117583, 0.6427710840653162, 1.1847005697200075]","[0.7627118644067796, 0.8688524590163934]","[[0.8518518518518519, 0.8181818181818182], [0.8461538461538461, 0.75], [0.0, 1.0], [0.0, 1.0]]","[49, 42, 8, 21]",0.8158482142857142,"[0.835016835016835, 0.7980769230769231, 0.4666666666666667, 0.4324324324324324]",0.4324324324324324,1.1847005697200075,"[0.24453569948673248, 0.26639294624328613, 0.24453569948673248, 0.24453569948673248]","[0.34672529498736065, 0.46072063346703845, 0.008067996124736965, 0.03305488564850142]","[0.24908928324778876, 0.25273215770721436, 0.24908928324778876, 0.24908928324778876]","[0.47772276401519775, 0.4108910858631134, 0.049504950642585754, 0.06188118830323219]",0.0
"{""run_name"": ""fedheart_exp_paper_hetagg_gdro"", ""seed"": 42, ""run_dir"": ""runs/sweep_fedheart/Ours_Regret_c1_s42_f0"", ""use_fedheart"": true, ""num_classes"": 2, ""stratified_batching"": true, ""train_frac"": 0.8, ""group_max_train_samples"": [null, null, 20, 25], ""true_hetero_input_dim"": true, ""feature_mask"": [[0, 1, 2, 3, 5, 6, 7, 8, 9, 10], [0, 1, 2, 3, 5, 6, 11, 12], [0, 1, 2, 4, 5, 7, 11, 12], [0, 1, 2, 4, 5, 6, 8, 9, 10]], ""batch_size"": 64, ""num_workers"": 0, ""epochs"": 100, ""early_stopping_patience"": 30, ""lr"": 0.001, ""weight_decay"": 0.0001, ""optimizer"": ""adam"", ""grad_clip"": 1.0, ""lr_scheduler"": ""cosine"", ""lr_min"": 1e-05, ""latent_dim"": 64, ""head_hidden"": 32, ""groups"": [{""name"": ""cleveland"", ""encoder"": ""mlp_tabular_ln"", ""input_dim"": 10, ""hidden_dim"": 64, ""dropout"": 0.1}, {""name"": ""hungarian"", ""encoder"": ""mlp_tabular_ln"", ""input_dim"": 8, ""hidden_dim"": 64, ""dropout"": 0.1}, {""name"": ""switzerland"", ""encoder"": ""mlp_tabular_ln"", ""input_dim"": 8, ""hidden_dim"": 64, ""dropout"": 0.1}, {""name"": ""va_long_beach"", ""encoder"": ""mlp_tabular_ln"", ""input_dim"": 9, ""hidden_dim"": 64, ""dropout"": 0.1}], ""anchor_eps"": 0.0001, ""sep_samples_per_class"": 4, ""sep_method"": ""classifier"", ""sep_margin"": 1.0, ""lambda_fit"": 0.01, ""lambda_sep"": 0.01, ""groupdro_enabled"": true, ""groupdro_eta"": 1.0, ""groupdro_gamma"": 0.9, ""groupdro_update_mode"": ""softmax"", ""groupdro_objective"": ""weighted"", ""groupdro_kl_lambda"": 0.0, ""groupdro_uniform_init"": true, ""log_interval"": 20, ""save_every"": 10, ""val_frac"": 0.2, ""common_encoder"": false, ""use_regret"": true, ""optimal_losses"": [0.49934679966136675, 0.5924033531758973, 0.4240419712328326, 1.4799922526387188], ""data_split_seed"": 1000}","{""num_groups"": 4, ""num_classes"": 2, ""train_total"": 404, ""test_total"": 150, ""train_group_counts"": [193, 166, 20, 25], ""test_group_counts"": [61, 53, 10, 26], ""train_class_counts"": [212, 192], ""test_class_counts"": [72, 78], ""train_group_class_counts"": [[104, 89], [104, 62], [0, 20], [4, 21]], ""test_group_class_counts"": [[33, 28], [33, 20], [0, 10], [6, 20]], ""group_proportions"": [0.4777227722772277, 0.41089108910891087, 0.04950495049504951, 0.06188118811881188], ""val_group_counts"": [49, 42, 8, 21], ""val_total"": 120}","{""num_groups"": 4, ""eta"": 1.0, ""update_mode"": ""softmax"", ""robust_objective"": ""weighted"", ""gamma"": 0.9, ""kl_lambda"": 0.0, ""initial_pi"": [0.47772276401519775, 0.4108910858631134, 0.049504950642585754, 0.06188118830323219]}",2026-09-15T04:51:25.936107,25,0.24942278365294138,0.8645833333333334,0.001,0.8,0.8279640248399914,0.6923076923076923,1.0,"[0.7704918032786885, 0.8490566037735849, 1.0, 0.6923076923076923]","[0.5009590024433908, 0.40432047850961955, 0.004014269798062742, 1.339003079073826]","[0.8611111111111112, 0.7435897435897436]","[[0.9090909090909091, 0.6071428571428571], [0.9696969696969697, 0.65], [null, 1.0], [0.0, 0.9]]","[61, 53, 10, 26]",0.7998576765700054,"[0.759572072072072, 0.826797385620915, 0.5, 0.4090909090909091]",0.4090909090909091,1.339003079073826,0.8,0.8097363945578231,0.7619047619047619,0.875,"[0.8163265306122449, 0.7857142857142857, 0.875, 0.7619047619047619]","[0.41151136007844186, 0.5007671016667571, 0.648662984604016, 1.2349346577566827]","[0.7627118644067796, 0.8360655737704918]","[[0.8888888888888888, 0.7272727272727273], [0.8076923076923077, 0.75], [0.0, 1.0], [0.0, 1.0]]","[49, 42, 8, 21]",0.7994987468671679,"[0.8112965340179719, 0.7754010695187166, 0.4666666666666667, 0.4324324324324324]",0.4324324324324324,1.2349346577566827,"[0.25, 0.25, 0.25, 0.25]","[0.3604077994823456, 0.4220234925548236, 0.0066157196803639335, 0.033822742329599954]","[0.25, 0.25, 0.25, 0.25]","[0.47772276401519775, 0.4108910858631134, 0.049504950642585754, 0.06188118830323219]",0.0
"{""run_name"": ""fedheart_exp_paper_hetagg_gdro"", ""seed"": 42, ""run_dir"": ""runs/sweep_fedheart/Ours_Regret_c1_s42_f0"", ""use_fedheart"": true, ""num_classes"": 2, ""stratified_batching"": true, ""train_frac"": 0.8, ""group_max_train_samples"": [null, null, 20, 25], ""true_hetero_input_dim"": true, ""feature_mask"": [[0, 1, 2, 3, 5, 6, 7, 8, 9, 10], [0, 1, 2, 3, 5, 6, 11, 12], [0, 1, 2, 4, 5, 7, 11, 12], [0, 1, 2, 4, 5, 6, 8, 9, 10]], ""batch_size"": 64, ""num_workers"": 0, ""epochs"": 100, ""early_stopping_patience"": 30, ""lr"": 0.001, ""weight_decay"": 0.0001, ""optimizer"": ""adam"", ""grad_clip"": 1.0, ""lr_scheduler"": ""cosine"", ""lr_min"": 1e-05, ""latent_dim"": 64, ""head_hidden"": 32, ""groups"": [{""name"": ""cleveland"", ""encoder"": ""mlp_tabular_ln"", ""input_dim"": 10, ""hidden_dim"": 64, ""dropout"": 0.1}, {""name"": ""hungarian"", ""encoder"": ""mlp_tabular_ln"", ""input_dim"": 8, ""hidden_dim"": 64, ""dropout"": 0.1}, {""name"": ""switzerland"", ""encoder"": ""mlp_tabular_ln"", ""input_dim"": 8, ""hidden_dim"": 64, ""dropout"": 0.1}, {""name"": ""va_long_beach"", ""encoder"": ""mlp_tabular_ln"", ""input_dim"": 9, ""hidden_dim"": 64, ""dropout"": 0.1}], ""anchor_eps"": 0.0001, ""sep_samples_per_class"": 4, ""sep_method"": ""classifier"", ""sep_margin"": 1.0, ""lambda_fit"": 0.01, ""lambda_sep"": 0.01, ""groupdro_enabled"": true, ""groupdro_eta"": 1.0, ""groupdro_gamma"": 0.9, ""groupdro_update_mode"": ""softmax"", ""groupdro_objective"": ""weighted"", ""groupdro_kl_lambda"": 0.0, ""groupdro_uniform_init"": true, ""log_interval"": 20, ""save_every"": 10, ""val_frac"": 0.2, ""common_encoder"": false, ""use_regret"": true, ""optimal_losses"": [0.49934679966136675, 0.5924033531758973, 0.4240419712328326, 1.4799922526387188], ""data_split_seed"": 1000}","{""num_groups"": 4, ""num_classes"": 2, ""train_total"": 404, ""test_total"": 150, ""train_group_counts"": [193, 166, 20, 25], ""test_group_counts"": [61, 53, 10, 26], ""train_class_counts"": [212, 192], ""test_class_counts"": [72, 78], ""train_group_class_counts"": [[104, 89], [104, 62], [0, 20], [4, 21]], ""test_group_class_counts"": [[33, 28], [33, 20], [0, 10], [6, 20]], ""group_proportions"": [0.4777227722772277, 0.41089108910891087, 0.04950495049504951, 0.06188118811881188], ""val_group_counts"": [49, 42, 8, 21], ""val_total"": 120}","{""num_groups"": 4, ""eta"": 1.0, ""update_mode"": ""softmax"", ""robust_objective"": ""weighted"", ""gamma"": 0.9, ""kl_lambda"": 0.0, ""initial_pi"": [0.47772276401519775, 0.4108910858631134, 0.049504950642585754, 0.06188118830323219]}",2026-09-15T04:51:25.936107,26,0.23973714063564935,0.8541666666666666,0.001,0.7866666666666666,0.8185300625758405,0.6923076923076923,1.0,"[0.7704918032786885, 0.8113207547169812, 1.0, 0.6923076923076923]","[0.47394731330883794, 0.4268924820957319, 0.0039465812966227535, 1.3655473631079076]","[0.8472222222222222, 0.7307692307692307]","[[0.8787878787878788, 0.6428571428571429], [0.9696969696969697, 0.55], [null, 1.0], [0.0, 0.9]]","[61, 53, 10, 26]",0.7865148550080057,"[0.7627777777777778, 0.7761824324324323, 0.5, 0.4090909090909091]",0.4090909090909091,1.3655473631079076,0.825,0.8258928571428571,0.7619047619047619,0.875,"[0.8571428571428571, 0.8095238095238095, 0.875, 0.7619047619047619]","[0.41379206547779696, 0.49167606163592564, 0.6517905193613842, 1.2457486005926814]","[0.7796610169491526, 0.8688524590163934]","[[0.8888888888888888, 0.8181818181818182], [0.8461538461538461, 0.75], [0.0, 1.0], [0.0, 1.0]]","[49, 42, 8, 21]",0.8244024806633684,"[0.8549682875264271, 0.7980769230769231, 0.4666666666666667, 0.4324324324324324]",0.4324324324324324,1.2457486005926814,"[0.25836408138275146, 0.2472120076417923, 0.2472120076417923, 0.2472120076417923]","[0.3501863181591034, 0.4220920254786809, 0.01379485746535162, 0.014348162959019342]","[0.25139401356379193, 0.2495353346069654, 0.2495353346069654, 0.2495353346069654]","[0.47772276401519775, 0.4108910858631134, 0.049504950642585754, 0.06188118830323219]",0.0
"{""run_name"": ""fedheart_exp_paper_hetagg_gdro"", ""seed"": 42, ""run_dir"": ""runs/sweep_fedheart/Ours_Regret_c1_s42_f0"", ""use_fedheart"": true, ""num_classes"": 2, ""stratified_batching"": true, ""train_frac"": 0.8, ""group_max_train_samples"": [null, null, 20, 25], ""true_hetero_input_dim"": true, ""feature_mask"": [[0, 1, 2, 3, 5, 6, 7, 8, 9, 10], [0, 1, 2, 3, 5, 6, 11, 12], [0, 1, 2, 4, 5, 7, 11, 12], [0, 1, 2, 4, 5, 6, 8, 9, 10]], ""batch_size"": 64, ""num_workers"": 0, ""epochs"": 100, ""early_stopping_patience"": 30, ""lr"": 0.001, ""weight_decay"": 0.0001, ""optimizer"": ""adam"", ""grad_clip"": 1.0, ""lr_scheduler"": ""cosine"", ""lr_min"": 1e-05, ""latent_dim"": 64, ""head_hidden"": 32, ""groups"": [{""name"": ""cleveland"", ""encoder"": ""mlp_tabular_ln"", ""input_dim"": 10, ""hidden_dim"": 64, ""dropout"": 0.1}, {""name"": ""hungarian"", ""encoder"": ""mlp_tabular_ln"", ""input_dim"": 8, ""hidden_dim"": 64, ""dropout"": 0.1}, {""name"": ""switzerland"", ""encoder"": ""mlp_tabular_ln"", ""input_dim"": 8, ""hidden_dim"": 64, ""dropout"": 0.1}, {""name"": ""va_long_beach"", ""encoder"": ""mlp_tabular_ln"", ""input_dim"": 9, ""hidden_dim"": 64, ""dropout"": 0.1}], ""anchor_eps"": 0.0001, ""sep_samples_per_class"": 4, ""sep_method"": ""classifier"", ""sep_margin"": 1.0, ""lambda_fit"": 0.01, ""lambda_sep"": 0.01, ""groupdro_enabled"": true, ""groupdro_eta"": 1.0, ""groupdro_gamma"": 0.9, ""groupdro_update_mode"": ""softmax"", ""groupdro_objective"": ""weighted"", ""groupdro_kl_lambda"": 0.0, ""groupdro_uniform_init"": true, ""log_interval"": 20, ""save_every"": 10, ""val_frac"": 0.2, ""common_encoder"": false, ""use_regret"": true, ""optimal_losses"": [0.49934679966136675, 0.5924033531758973, 0.4240419712328326, 1.4799922526387188], ""data_split_seed"": 1000}","{""num_groups"": 4, ""num_classes"": 2, ""train_total"": 404, ""test_total"": 150, ""train_group_counts"": [193, 166, 20, 25], ""test_group_counts"": [61, 53, 10, 26], ""train_class_counts"": [212, 192], ""test_class_counts"": [72, 78], ""train_group_class_counts"": [[104, 89], [104, 62], [0, 20], [4, 21]], ""test_group_class_counts"": [[33, 28], [33, 20], [0, 10], [6, 20]], ""group_proportions"": [0.4777227722772277, 0.41089108910891087, 0.04950495049504951, 0.06188118811881188], ""val_group_counts"": [49, 42, 8, 21], ""val_total"": 120}","{""num_groups"": 4, ""eta"": 1.0, ""update_mode"": ""softmax"", ""robust_objective"": ""weighted"", ""gamma"": 0.9, ""kl_lambda"": 0.0, ""initial_pi"": [0.47772276401519775, 0.4108910858631134, 0.049504950642585754, 0.06188118830323219]}",2026-09-15T04:51:25.936107,27,0.23854073882102966,0.8619791666666666,0.001,0.7733333333333333,0.8041976968283804,0.6538461538461539,1.0,"[0.7704918032786885, 0.7924528301886793, 1.0, 0.6538461538461539]","[0.46477314063393677, 0.4632188770568596, 0.003677416150458157, 1.367172349136896]","[0.8472222222222222, 0.7051282051282052]","[[0.8787878787878788, 0.6428571428571429], [0.9696969696969697, 0.5], [null, 1.0], [0.0, 0.85]]","[61, 53, 10, 26]",0.7729700854700854,"[0.7627777777777778, 0.749247311827957, 0.5, 0.3953488372093023]",0.3953488372093023,1.367172349136896,0.825,0.8267431972789115,0.7619047619047619,0.875,"[0.8367346938775511, 0.8333333333333334, 0.875, 0.7619047619047619]","[0.4166514322693859, 0.4764186668963659, 0.6577777236525435, 1.2197948343846725]","[0.7796610169491526, 0.8688524590163934]","[[0.8518518518518519, 0.8181818181818182], [0.8846153846153846, 0.75], [0.0, 1.0], [0.0, 1.0]]","[49, 42, 8, 21]",0.8244024806633684,"[0.835016835016835, 0.8210590383444918, 0.4666666666666667, 0.4324324324324324]",0.4324324324324324,1.2197948343846725,"[0.25, 0.25, 0.25, 0.25]","[0.34254524608453113, 0.4172377685705821, 0.009782733124059936, 0.03325614154649278]","[0.25, 0.25, 0.25, 0.25]","[0.47772276401519775, 0.4108910858631134, 0.049504950642585754, 0.06188118830323219]",0.0
"{""run_name"": ""fedheart_exp_paper_hetagg_gdro"", ""seed"": 42, ""run_dir"": ""runs/sweep_fedheart/Ours_Regret_c1_s42_f0"", ""use_fedheart"": true, ""num_classes"": 2, ""stratified_batching"": true, ""train_frac"": 0.8, ""group_max_train_samples"": [null, null, 20, 25], ""true_hetero_input_dim"": true, ""feature_mask"": [[0, 1, 2, 3, 5, 6, 7, 8, 9, 10], [0, 1, 2, 3, 5, 6, 11, 12], [0, 1, 2, 4, 5, 7, 11, 12], [0, 1, 2, 4, 5, 6, 8, 9, 10]], ""batch_size"": 64, ""num_workers"": 0, ""epochs"": 100, ""early_stopping_patience"": 30, ""lr"": 0.001, ""weight_decay"": 0.0001, ""optimizer"": ""adam"", ""grad_clip"": 1.0, ""lr_scheduler"": ""cosine"", ""lr_min"": 1e-05, ""latent_dim"": 64, ""head_hidden"": 32, ""groups"": [{""name"": ""cleveland"", ""encoder"": ""mlp_tabular_ln"", ""input_dim"": 10, ""hidden_dim"": 64, ""dropout"": 0.1}, {""name"": ""hungarian"", ""encoder"": ""mlp_tabular_ln"", ""input_dim"": 8, ""hidden_dim"": 64, ""dropout"": 0.1}, {""name"": ""switzerland"", ""encoder"": ""mlp_tabular_ln"", ""input_dim"": 8, ""hidden_dim"": 64, ""dropout"": 0.1}, {""name"": ""va_long_beach"", ""encoder"": ""mlp_tabular_ln"", ""input_dim"": 9, ""hidden_dim"": 64, ""dropout"": 0.1}], ""anchor_eps"": 0.0001, ""sep_samples_per_class"": 4, ""sep_method"": ""classifier"", ""sep_margin"": 1.0, ""lambda_fit"": 0.01, ""lambda_sep"": 0.01, ""groupdro_enabled"": true, ""groupdro_eta"": 1.0, ""groupdro_gamma"": 0.9, ""groupdro_update_mode"": ""softmax"", ""groupdro_objective"": ""weighted"", ""groupdro_kl_lambda"": 0.0, ""groupdro_uniform_init"": true, ""log_interval"": 20, ""save_every"": 10, ""val_frac"": 0.2, ""common_encoder"": false, ""use_regret"": true, ""optimal_losses"": [0.49934679966136675, 0.5924033531758973, 0.4240419712328326, 1.4799922526387188], ""data_split_seed"": 1000}","{""num_groups"": 4, ""num_classes"": 2, ""train_total"": 404, ""test_total"": 150, ""train_group_counts"": [193, 166, 20, 25], ""test_group_counts"": [61, 53, 10, 26], ""train_class_counts"": [212, 192], ""test_class_counts"": [72, 78], ""train_group_class_counts"": [[104, 89], [104, 62], [0, 20], [4, 21]], ""test_group_class_counts"": [[33, 28], [33, 20], [0, 10], [6, 20]], ""group_proportions"": [0.4777227722772277, 0.41089108910891087, 0.04950495049504951, 0.06188118811881188], ""val_group_counts"": [49, 42, 8, 21], ""val_total"": 120}","{""num_groups"": 4, ""eta"": 1.0, ""update_mode"": ""softmax"", ""robust_objective"": ""weighted"", ""gamma"": 0.9, ""kl_lambda"": 0.0, ""initial_pi"": [0.47772276401519775, 0.4108910858631134, 0.049504950642585754, 0.06188118830323219]}",2026-09-15T04:51:25.936107,28,0.23954203724861145,0.8567708333333334,0.001,0.7866666666666666,0.8130130386161936,0.6538461538461539,1.0,"[0.7868852459016393, 0.8113207547169812, 1.0, 0.6538461538461539]","[0.472723651204075, 0.4378163552368587, 0.0035378252854570747, 1.3746533415978774]","[0.8472222222222222, 0.7307692307692307]","[[0.9090909090909091, 0.6428571428571429], [0.9393939393939394, 0.6], [null, 1.0], [0.0, 0.85]]","[61, 53, 10, 26]",0.7865148550080057,"[0.7783058428850993, 0.7834967320261438, 0.5, 0.3953488372093023]",0.3953488372093023,1.3746533415978774,0.7916666666666666,0.7978316326530612,0.7142857142857143,0.875,"[0.8163265306122449, 0.7857142857142857, 0.875, 0.7142857142857143]","[0.4228334192908844, 0.5023587471140283, 0.6618352041987237, 1.2308871831905672]","[0.7457627118644068, 0.8360655737704918]","[[0.8518518518518519, 0.7727272727272727], [0.8076923076923077, 0.75], [0.0, 1.0], [0.0, 0.9375]]","[49, 42, 8, 21]",0.7909553341230576,"[0.8135306553911206, 0.7754010695187166, 0.4666666666666667, 0.4166666666666667]",0.4166666666666667,1.2308871831905672,"[0.25, 0.25, 0.25, 0.25]","[0.29989539086818695, 0.45774613320827484, 0.005899504874832928, 0.050718416537468634]","[0.24973824620246887, 0.2507852514584859, 0.24973824620246887, 0.24973824620246887]","[0.47772276401519775, 0.4108910858631134, 0.049504950642585754, 0.06188118830323219]",0.0
"{""run_name"": ""fedheart_exp_paper_hetagg_gdro"", ""seed"": 42, ""run_dir"": ""runs/sweep_fedheart/Ours_Regret_c1_s42_f0"", ""use_fedheart"": true, ""num_classes"": 2, ""stratified_batching"": true, ""train_frac"": 0.8, ""group_max_train_samples"": [null, null, 20, 25], ""true_hetero_input_dim"": true, ""feature_mask"": [[0, 1, 2, 3, 5, 6, 7, 8, 9, 10], [0, 1, 2, 3, 5, 6, 11, 12], [0, 1, 2, 4, 5, 7, 11, 12], [0, 1, 2, 4, 5, 6, 8, 9, 10]], ""batch_size"": 64, ""num_workers"": 0, ""epochs"": 100, ""early_stopping_patience"": 30, ""lr"": 0.001, ""weight_decay"": 0.0001, ""optimizer"": ""adam"", ""grad_clip"": 1.0, ""lr_scheduler"": ""cosine"", ""lr_min"": 1e-05, ""latent_dim"": 64, ""head_hidden"": 32, ""groups"": [{""name"": ""cleveland"", ""encoder"": ""mlp_tabular_ln"", ""input_dim"": 10, ""hidden_dim"": 64, ""dropout"": 0.1}, {""name"": ""hungarian"", ""encoder"": ""mlp_tabular_ln"", ""input_dim"": 8, ""hidden_dim"": 64, ""dropout"": 0.1}, {""name"": ""switzerland"", ""encoder"": ""mlp_tabular_ln"", ""input_dim"": 8, ""hidden_dim"": 64, ""dropout"": 0.1}, {""name"": ""va_long_beach"", ""encoder"": ""mlp_tabular_ln"", ""input_dim"": 9, ""hidden_dim"": 64, ""dropout"": 0.1}], ""anchor_eps"": 0.0001, ""sep_samples_per_class"": 4, ""sep_method"": ""classifier"", ""sep_margin"": 1.0, ""lambda_fit"": 0.01, ""lambda_sep"": 0.01, ""groupdro_enabled"": true, ""groupdro_eta"": 1.0, ""groupdro_gamma"": 0.9, ""groupdro_update_mode"": ""softmax"", ""groupdro_objective"": ""weighted"", ""groupdro_kl_lambda"": 0.0, ""groupdro_uniform_init"": true, ""log_interval"": 20, ""save_every"": 10, ""val_frac"": 0.2, ""common_encoder"": false, ""use_regret"": true, ""optimal_losses"": [0.49934679966136675, 0.5924033531758973, 0.4240419712328326, 1.4799922526387188], ""data_split_seed"": 1000}","{""num_groups"": 4, ""num_classes"": 2, ""train_total"": 404, ""test_total"": 150, ""train_group_counts"": [193, 166, 20, 25], ""test_group_counts"": [61, 53, 10, 26], ""train_class_counts"": [212, 192], ""test_class_counts"": [72, 78], ""train_group_class_counts"": [[104, 89], [104, 62], [0, 20], [4, 21]], ""test_group_class_counts"": [[33, 28], [33, 20], [0, 10], [6, 20]], ""group_proportions"": [0.4777227722772277, 0.41089108910891087, 0.04950495049504951, 0.06188118811881188], ""val_group_counts"": [49, 42, 8, 21], ""val_total"": 120}","{""num_groups"": 4, ""eta"": 1.0, ""update_mode"": ""softmax"", ""robust_objective"": ""weighted"", ""gamma"": 0.9, ""kl_lambda"": 0.0, ""initial_pi"": [0.47772276401519775, 0.4108910858631134, 0.049504950642585754, 0.06188118830323219]}",2026-09-15T04:51:25.936107,29,0.22286683320999146,0.8567708333333334,0.001,0.8,0.8224470008803445,0.6538461538461539,1.0,"[0.7868852459016393, 0.8490566037735849, 1.0, 0.6538461538461539]","[0.4893036961219594, 0.4374632998457495, 0.0034496848471462726, 1.4007057964627165]","[0.8333333333333334, 0.7692307692307693]","[[0.9090909090909091, 0.6428571428571429], [0.9090909090909091, 0.75], [null, 1.0], [0.0, 0.85]]","[61, 53, 10, 26]",0.8,"[0.7783058428850993, 0.8359133126934983, 0.5, 0.3953488372093023]",0.3953488372093023,1.4007057964627165,0.7666666666666667,0.7808248299319728,0.7142857142857143,0.875,"[0.7959183673469388, 0.7380952380952381, 0.875, 0.7142857142857143]","[0.4324582804906733, 0.5476895473187878, 0.6648852484649979, 1.2932790044467852]","[0.711864406779661, 0.819672131147541]","[[0.8518518518518519, 0.7272727272727273], [0.7307692307692307, 0.75], [0.0, 1.0], [0.0, 0.9375]]","[49, 42, 8, 21]",0.765625,"[0.7916666666666667, 0.7306122448979592, 0.4666666666666667, 0.4166666666666667]",0.4166666666666667,1.2932790044467852,"[0.25, 0.25, 0.25, 0.25]","[0.31883325924475986, 0.40014974772930145, 0.005540708176946889, 0.027535291815487046]","[0.24931267400582632, 0.2520619680484136, 0.24931267400582632, 0.24931267400582632]","[0.47772276401519775, 0.4108910858631134, 0.049504950642585754, 0.06188118830323219]",0.0
"{""run_name"": ""fedheart_exp_paper_hetagg_gdro"", ""seed"": 42, ""run_dir"": ""runs/sweep_fedheart/Ours_Regret_c1_s42_f0"", ""use_fedheart"": true, ""num_classes"": 2, ""stratified_batching"": true, ""train_frac"": 0.8, ""group_max_train_samples"": [null, null, 20, 25], ""true_hetero_input_dim"": true, ""feature_mask"": [[0, 1, 2, 3, 5, 6, 7, 8, 9, 10], [0, 1, 2, 3, 5, 6, 11, 12], [0, 1, 2, 4, 5, 7, 11, 12], [0, 1, 2, 4, 5, 6, 8, 9, 10]], ""batch_size"": 64, ""num_workers"": 0, ""epochs"": 100, ""early_stopping_patience"": 30, ""lr"": 0.001, ""weight_decay"": 0.0001, ""optimizer"": ""adam"", ""grad_clip"": 1.0, ""lr_scheduler"": ""cosine"", ""lr_min"": 1e-05, ""latent_dim"": 64, ""head_hidden"": 32, ""groups"": [{""name"": ""cleveland"", ""encoder"": ""mlp_tabular_ln"", ""input_dim"": 10, ""hidden_dim"": 64, ""dropout"": 0.1}, {""name"": ""hungarian"", ""encoder"": ""mlp_tabular_ln"", ""input_dim"": 8, ""hidden_dim"": 64, ""dropout"": 0.1}, {""name"": ""switzerland"", ""encoder"": ""mlp_tabular_ln"", ""input_dim"": 8, ""hidden_dim"": 64, ""dropout"": 0.1}, {""name"": ""va_long_beach"", ""encoder"": ""mlp_tabular_ln"", ""input_dim"": 9, ""hidden_dim"": 64, ""dropout"": 0.1}], ""anchor_eps"": 0.0001, ""sep_samples_per_class"": 4, ""sep_method"": ""classifier"", ""sep_margin"": 1.0, ""lambda_fit"": 0.01, ""lambda_sep"": 0.01, ""groupdro_enabled"": true, ""groupdro_eta"": 1.0, ""groupdro_gamma"": 0.9, ""groupdro_update_mode"": ""softmax"", ""groupdro_objective"": ""weighted"", ""groupdro_kl_lambda"": 0.0, ""groupdro_uniform_init"": true, ""log_interval"": 20, ""save_every"": 10, ""val_frac"": 0.2, ""common_encoder"": false, ""use_regret"": true, ""optimal_losses"": [0.49934679966136675, 0.5924033531758973, 0.4240419712328326, 1.4799922526387188], ""data_split_seed"": 1000}","{""num_groups"": 4, ""num_classes"": 2, ""train_total"": 404, ""test_total"": 150, ""train_group_counts"": [193, 166, 20, 25], ""test_group_counts"": [61, 53, 10, 26], ""train_class_counts"": [212, 192], ""test_class_counts"": [72, 78], ""train_group_class_counts"": [[104, 89], [104, 62], [0, 20], [4, 21]], ""test_group_class_counts"": [[33, 28], [33, 20], [0, 10], [6, 20]], ""group_proportions"": [0.4777227722772277, 0.41089108910891087, 0.04950495049504951, 0.06188118811881188], ""val_group_counts"": [49, 42, 8, 21], ""val_total"": 120}","{""num_groups"": 4, ""eta"": 1.0, ""update_mode"": ""softmax"", ""robust_objective"": ""weighted"", ""gamma"": 0.9, ""kl_lambda"": 0.0, ""initial_pi"": [0.47772276401519775, 0.4108910858631134, 0.049504950642585754, 0.06188118830323219]}",2026-09-15T04:51:25.936107,30,0.21320662399133047,0.8776041666666666,0.001,0.7933333333333333,0.8226284232315781,0.6923076923076923,1.0,"[0.7868852459016393, 0.8113207547169812, 1.0, 0.6923076923076923]","[0.48272078830870935, 0.4623990342161565, 0.0033390021417289972, 1.4129972738939194]","[0.8333333333333334, 0.7564102564102564]","[[0.8787878787878788, 0.6785714285714286], [0.9393939393939394, 0.6], [null, 1.0], [0.0, 0.9]]","[61, 53, 10, 26]",0.7933241477398996,"[0.7809997238331954, 0.7834967320261438, 0.5, 0.4090909090909091]",0.4090909090909091,1.4129972738939194,0.7916666666666666,0.7978316326530612,0.7142857142857143,0.875,"[0.8163265306122449, 0.7857142857142857, 0.875, 0.7142857142857143]","[0.4338466240739336, 0.5076975165201085, 0.6690395732293837, 1.348416312730738]","[0.711864406779661, 0.8688524590163934]","[[0.7777777777777778, 0.8636363636363636], [0.8076923076923077, 0.75], [0.0, 1.0], [0.0, 0.9375]]","[49, 42, 8, 21]",0.789901253589187,"[0.8160200250312892, 0.7754010695187166, 0.4666666666666667, 0.4166666666666667]",0.4166666666666667,1.348416312730738,"[0.25, 0.25, 0.25, 0.25]","[0.28336552033821744, 0.40000802278518677, 0.00542595807928592, 0.031910900957882404]","[0.25, 0.25, 0.25, 0.25]","[0.47772276401519775, 0.4108910858631134, 0.049504950642585754, 0.06188118830323219]",0.0
"{""run_name"": ""fedheart_exp_paper_hetagg_gdro"", ""seed"": 42, ""run_dir"": ""runs/sweep_fedheart/Ours_Regret_c1_s42_f0"", ""use_fedheart"": true, ""num_classes"": 2, ""stratified_batching"": true, ""train_frac"": 0.8, ""group_max_train_samples"": [null, null, 20, 25], ""true_hetero_input_dim"": true, ""feature_mask"": [[0, 1, 2, 3, 5, 6, 7, 8, 9, 10], [0, 1, 2, 3, 5, 6, 11, 12], [0, 1, 2, 4, 5, 7, 11, 12], [0, 1, 2, 4, 5, 6, 8, 9, 10]], ""batch_size"": 64, ""num_workers"": 0, ""epochs"": 100, ""early_stopping_patience"": 30, ""lr"": 0.001, ""weight_decay"": 0.0001, ""optimizer"": ""adam"", ""grad_clip"": 1.0, ""lr_scheduler"": ""cosine"", ""lr_min"": 1e-05, ""latent_dim"": 64, ""head_hidden"": 32, ""groups"": [{""name"": ""cleveland"", ""encoder"": ""mlp_tabular_ln"", ""input_dim"": 10, ""hidden_dim"": 64, ""dropout"": 0.1}, {""name"": ""hungarian"", ""encoder"": ""mlp_tabular_ln"", ""input_dim"": 8, ""hidden_dim"": 64, ""dropout"": 0.1}, {""name"": ""switzerland"", ""encoder"": ""mlp_tabular_ln"", ""input_dim"": 8, ""hidden_dim"": 64, ""dropout"": 0.1}, {""name"": ""va_long_beach"", ""encoder"": ""mlp_tabular_ln"", ""input_dim"": 9, ""hidden_dim"": 64, ""dropout"": 0.1}], ""anchor_eps"": 0.0001, ""sep_samples_per_class"": 4, ""sep_method"": ""classifier"", ""sep_margin"": 1.0, ""lambda_fit"": 0.01, ""lambda_sep"": 0.01, ""groupdro_enabled"": true, ""groupdro_eta"": 1.0, ""groupdro_gamma"": 0.9, ""groupdro_update_mode"": ""softmax"", ""groupdro_objective"": ""weighted"", ""groupdro_kl_lambda"": 0.0, ""groupdro_uniform_init"": true, ""log_interval"": 20, ""save_every"": 10, ""val_frac"": 0.2, ""common_encoder"": false, ""use_regret"": true, ""optimal_losses"": [0.49934679966136675, 0.5924033531758973, 0.4240419712328326, 1.4799922526387188], ""data_split_seed"": 1000}","{""num_groups"": 4, ""num_classes"": 2, ""train_total"": 404, ""test_total"": 150, ""train_group_counts"": [193, 166, 20, 25], ""test_group_counts"": [61, 53, 10, 26], ""train_class_counts"": [212, 192], ""test_class_counts"": [72, 78], ""train_group_class_counts"": [[104, 89], [104, 62], [0, 20], [4, 21]], ""test_group_class_counts"": [[33, 28], [33, 20], [0, 10], [6, 20]], ""group_proportions"": [0.4777227722772277, 0.41089108910891087, 0.04950495049504951, 0.06188118811881188], ""val_group_counts"": [49, 42, 8, 21], ""val_total"": 120}","{""num_groups"": 4, ""eta"": 1.0, ""update_mode"": ""softmax"", ""robust_objective"": ""weighted"", ""gamma"": 0.9, ""kl_lambda"": 0.0, ""initial_pi"": [0.47772276401519775, 0.4108910858631134, 0.049504950642585754, 0.06188118830323219]}",2026-09-15T04:51:25.936107,31,0.22233780225118002,0.8489583333333334,0.001,0.78,0.8131944609674273,0.6923076923076923,1.0,"[0.7868852459016393, 0.7735849056603774, 1.0, 0.6923076923076923]","[0.5180505408340546, 0.4974573289026629, 0.0033503960934467615, 1.4199275678894572]","[0.8333333333333334, 0.7307692307692307]","[[0.8787878787878788, 0.6785714285714286], [0.9393939393939394, 0.5], [null, 1.0], [0.0, 0.9]]","[61, 53, 10, 26]",0.7799119647859143,"[0.7809997238331954, 0.7314189189189189, 0.5, 0.4090909090909091]",0.4090909090909091,1.4199275678894572,0.7916666666666666,0.7986819727891157,0.7142857142857143,0.875,"[0.7959183673469388, 0.8095238095238095, 0.875, 0.7142857142857143]","[0.43919558998919567, 0.49605140409299303, 0.6672225017391611, 1.370163770021117]","[0.7457627118644068, 0.8360655737704918]","[[0.8148148148148148, 0.7727272727272727], [0.8461538461538461, 0.75], [0.0, 1.0], [0.0, 0.9375]]","[49, 42, 8, 21]",0.7909553341230576,"[0.7937710437710437, 0.7980769230769231, 0.4666666666666667, 0.4166666666666667]",0.4166666666666667,1.370163770021117,"[0.25, 0.25, 0.25, 0.25]","[0.30435127516587573, 0.4210297465324402, 0.008902109577320516, 0.022636823220333707]","[0.25, 0.25, 0.25, 0.25]","[0.47772276401519775, 0.4108910858631134, 0.049504950642585754, 0.06188118830323219]",0.0
"{""run_name"": ""fedheart_exp_paper_hetagg_gdro"", ""seed"": 42, ""run_dir"": ""runs/sweep_fedheart/Ours_Regret_c1_s42_f0"", ""use_fedheart"": true, ""num_classes"": 2, ""stratified_batching"": true, ""train_frac"": 0.8, ""group_max_train_samples"": [null, null, 20, 25], ""true_hetero_input_dim"": true, ""feature_mask"": [[0, 1, 2, 3, 5, 6, 7, 8, 9, 10], [0, 1, 2, 3, 5, 6, 11, 12], [0, 1, 2, 4, 5, 7, 11, 12], [0, 1, 2, 4, 5, 6, 8, 9, 10]], ""batch_size"": 64, ""num_workers"": 0, ""epochs"": 100, ""early_stopping_patience"": 30, ""lr"": 0.001, ""weight_decay"": 0.0001, ""optimizer"": ""adam"", ""grad_clip"": 1.0, ""lr_scheduler"": ""cosine"", ""lr_min"": 1e-05, ""latent_dim"": 64, ""head_hidden"": 32, ""groups"": [{""name"": ""cleveland"", ""encoder"": ""mlp_tabular_ln"", ""input_dim"": 10, ""hidden_dim"": 64, ""dropout"": 0.1}, {""name"": ""hungarian"", ""encoder"": ""mlp_tabular_ln"", ""input_dim"": 8, ""hidden_dim"": 64, ""dropout"": 0.1}, {""name"": ""switzerland"", ""encoder"": ""mlp_tabular_ln"", ""input_dim"": 8, ""hidden_dim"": 64, ""dropout"": 0.1}, {""name"": ""va_long_beach"", ""encoder"": ""mlp_tabular_ln"", ""input_dim"": 9, ""hidden_dim"": 64, ""dropout"": 0.1}], ""anchor_eps"": 0.0001, ""sep_samples_per_class"": 4, ""sep_method"": ""classifier"", ""sep_margin"": 1.0, ""lambda_fit"": 0.01, ""lambda_sep"": 0.01, ""groupdro_enabled"": true, ""groupdro_eta"": 1.0, ""groupdro_gamma"": 0.9, ""groupdro_update_mode"": ""softmax"", ""groupdro_objective"": ""weighted"", ""groupdro_kl_lambda"": 0.0, ""groupdro_uniform_init"": true, ""log_interval"": 20, ""save_every"": 10, ""val_frac"": 0.2, ""common_encoder"": false, ""use_regret"": true, ""optimal_losses"": [0.49934679966136675, 0.5924033531758973, 0.4240419712328326, 1.4799922526387188], ""data_split_seed"": 1000}","{""num_groups"": 4, ""num_classes"": 2, ""train_total"": 404, ""test_total"": 150, ""train_group_counts"": [193, 166, 20, 25], ""test_group_counts"": [61, 53, 10, 26], ""train_class_counts"": [212, 192], ""test_class_counts"": [72, 78], ""train_group_class_counts"": [[104, 89], [104, 62], [0, 20], [4, 21]], ""test_group_class_counts"": [[33, 28], [33, 20], [0, 10], [6, 20]], ""group_proportions"": [0.4777227722772277, 0.41089108910891087, 0.04950495049504951, 0.06188118811881188], ""val_group_counts"": [49, 42, 8, 21], ""val_total"": 120}","{""num_groups"": 4, ""eta"": 1.0, ""update_mode"": ""softmax"", ""robust_objective"": ""weighted"", ""gamma"": 0.9, ""kl_lambda"": 0.0, ""initial_pi"": [0.47772276401519775, 0.4108910858631134, 0.049504950642585754, 0.06188118830323219]}",2026-09-15T04:51:25.936107,32,0.215301051735878,0.8776041666666666,0.001,0.8,0.8273454043636537,0.6923076923076923,1.0,"[0.7868852459016393, 0.8301886792452831, 1.0, 0.6923076923076923]","[0.5312877343242347, 0.4607326231615723, 0.0029163229162804784, 1.4227500459315847]","[0.8333333333333334, 0.7692307692307693]","[[0.8787878787878788, 0.6785714285714286], [0.9393939393939394, 0.65], [null, 1.0], [0.0, 0.9]]","[61, 53, 10, 26]",0.8,"[0.7809997238331954, 0.8080482897384306, 0.5, 0.4090909090909091]",0.4090909090909091,1.4227500459315847,0.7833333333333333,0.7918792517006803,0.7142857142857143,0.875,"[0.8163265306122449, 0.7619047619047619, 0.875, 0.7142857142857143]","[0.44230975425441044, 0.5241065378345194, 0.6793876091978746, 1.3464141639664635]","[0.7288135593220338, 0.8360655737704918]","[[0.8518518518518519, 0.7727272727272727], [0.7692307692307693, 0.75], [0.0, 1.0], [0.0, 0.9375]]","[49, 42, 8, 21]",0.7823660714285714,"[0.8135306553911206, 0.7529411764705882, 0.4666666666666667, 0.4166666666666667]",0.4166666666666667,1.3464141639664635,"[0.25, 0.25, 0.25, 0.25]","[0.2639533231655757, 0.3970196048418681, 0.01024165867905443, 0.06265124511749794]","[0.25, 0.25, 0.25, 0.25]","[0.47772276401519775, 0.4108910858631134, 0.049504950642585754, 0.06188118830323219]",0.0
"{""run_name"": ""fedheart_exp_paper_hetagg_gdro"", ""seed"": 42, ""run_dir"": ""runs/sweep_fedheart/Ours_Regret_c1_s42_f0"", ""use_fedheart"": true, ""num_classes"": 2, ""stratified_batching"": true, ""train_frac"": 0.8, ""group_max_train_samples"": [null, null, 20, 25], ""true_hetero_input_dim"": true, ""feature_mask"": [[0, 1, 2, 3, 5, 6, 7, 8, 9, 10], [0, 1, 2, 3, 5, 6, 11, 12], [0, 1, 2, 4, 5, 7, 11, 12], [0, 1, 2, 4, 5, 6, 8, 9, 10]], ""batch_size"": 64, ""num_workers"": 0, ""epochs"": 100, ""early_stopping_patience"": 30, ""lr"": 0.001, ""weight_decay"": 0.0001, ""optimizer"": ""adam"", ""grad_clip"": 1.0, ""lr_scheduler"": ""cosine"", ""lr_min"": 1e-05, ""latent_dim"": 64, ""head_hidden"": 32, ""groups"": [{""name"": ""cleveland"", ""encoder"": ""mlp_tabular_ln"", ""input_dim"": 10, ""hidden_dim"": 64, ""dropout"": 0.1}, {""name"": ""hungarian"", ""encoder"": ""mlp_tabular_ln"", ""input_dim"": 8, ""hidden_dim"": 64, ""dropout"": 0.1}, {""name"": ""switzerland"", ""encoder"": ""mlp_tabular_ln"", ""input_dim"": 8, ""hidden_dim"": 64, ""dropout"": 0.1}, {""name"": ""va_long_beach"", ""encoder"": ""mlp_tabular_ln"", ""input_dim"": 9, ""hidden_dim"": 64, ""dropout"": 0.1}], ""anchor_eps"": 0.0001, ""sep_samples_per_class"": 4, ""sep_method"": ""classifier"", ""sep_margin"": 1.0, ""lambda_fit"": 0.01, ""lambda_sep"": 0.01, ""groupdro_enabled"": true, ""groupdro_eta"": 1.0, ""groupdro_gamma"": 0.9, ""groupdro_update_mode"": ""softmax"", ""groupdro_objective"": ""weighted"", ""groupdro_kl_lambda"": 0.0, ""groupdro_uniform_init"": true, ""log_interval"": 20, ""save_every"": 10, ""val_frac"": 0.2, ""common_encoder"": false, ""use_regret"": true, ""optimal_losses"": [0.49934679966136675, 0.5924033531758973, 0.4240419712328326, 1.4799922526387188], ""data_split_seed"": 1000}","{""num_groups"": 4, ""num_classes"": 2, ""train_total"": 404, ""test_total"": 150, ""train_group_counts"": [193, 166, 20, 25], ""test_group_counts"": [61, 53, 10, 26], ""train_class_counts"": [212, 192], ""test_class_counts"": [72, 78], ""train_group_class_counts"": [[104, 89], [104, 62], [0, 20], [4, 21]], ""test_group_class_counts"": [[33, 28], [33, 20], [0, 10], [6, 20]], ""group_proportions"": [0.4777227722772277, 0.41089108910891087, 0.04950495049504951, 0.06188118811881188], ""val_group_counts"": [49, 42, 8, 21], ""val_total"": 120}","{""num_groups"": 4, ""eta"": 1.0, ""update_mode"": ""softmax"", ""robust_objective"": ""weighted"", ""gamma"": 0.9, ""kl_lambda"": 0.0, ""initial_pi"": [0.47772276401519775, 0.4108910858631134, 0.049504950642585754, 0.06188118830323219]}",2026-09-15T04:51:25.936107,33,0.2058426489432653,0.8828125,0.001,0.8,0.8273454043636537,0.6923076923076923,1.0,"[0.7868852459016393, 0.8301886792452831, 1.0, 0.6923076923076923]","[0.5314112656490236, 0.45227371314364784, 0.002525782468728721, 1.4371174968232832]","[0.8333333333333334, 0.7692307692307693]","[[0.8787878787878788, 0.6785714285714286], [0.9393939393939394, 0.65], [null, 1.0], [0.0, 0.9]]","[61, 53, 10, 26]",0.8,"[0.7809997238331954, 0.8080482897384306, 0.5, 0.4090909090909091]",0.4090909090909091,1.4371174968232832,0.7583333333333333,0.7757227891156463,0.7142857142857143,0.875,"[0.7755102040816326, 0.7380952380952381, 0.875, 0.7142857142857143]","[0.4613420282471545, 0.546876663519513, 0.6937443718779832, 1.3177648041718861]","[0.6779661016949152, 0.8360655737704918]","[[0.7777777777777778, 0.7727272727272727], [0.7307692307692307, 0.75], [0.0, 1.0], [0.0, 0.9375]]","[49, 42, 8, 21]",0.7562854541634569,"[0.7740041928721173, 0.7306122448979592, 0.4666666666666667, 0.4166666666666667]",0.4166666666666667,1.3177648041718861,"[0.25, 0.25, 0.25, 0.25]","[0.27727975447972614, 0.39300595968961716, 0.0070401361444965005, 0.017925901105627418]","[0.2491833691795667, 0.2524498949448268, 0.2491833691795667, 0.2491833691795667]","[0.47772276401519775, 0.4108910858631134, 0.049504950642585754, 0.06188118830323219]",0.0
"{""run_name"": ""fedheart_exp_paper_hetagg_gdro"", ""seed"": 42, ""run_dir"": ""runs/sweep_fedheart/Ours_Regret_c1_s42_f0"", ""use_fedheart"": true, ""num_classes"": 2, ""stratified_batching"": true, ""train_frac"": 0.8, ""group_max_train_samples"": [null, null, 20, 25], ""true_hetero_input_dim"": true, ""feature_mask"": [[0, 1, 2, 3, 5, 6, 7, 8, 9, 10], [0, 1, 2, 3, 5, 6, 11, 12], [0, 1, 2, 4, 5, 7, 11, 12], [0, 1, 2, 4, 5, 6, 8, 9, 10]], ""batch_size"": 64, ""num_workers"": 0, ""epochs"": 100, ""early_stopping_patience"": 30, ""lr"": 0.001, ""weight_decay"": 0.0001, ""optimizer"": ""adam"", ""grad_clip"": 1.0, ""lr_scheduler"": ""cosine"", ""lr_min"": 1e-05, ""latent_dim"": 64, ""head_hidden"": 32, ""groups"": [{""name"": ""cleveland"", ""encoder"": ""mlp_tabular_ln"", ""input_dim"": 10, ""hidden_dim"": 64, ""dropout"": 0.1}, {""name"": ""hungarian"", ""encoder"": ""mlp_tabular_ln"", ""input_dim"": 8, ""hidden_dim"": 64, ""dropout"": 0.1}, {""name"": ""switzerland"", ""encoder"": ""mlp_tabular_ln"", ""input_dim"": 8, ""hidden_dim"": 64, ""dropout"": 0.1}, {""name"": ""va_long_beach"", ""encoder"": ""mlp_tabular_ln"", ""input_dim"": 9, ""hidden_dim"": 64, ""dropout"": 0.1}], ""anchor_eps"": 0.0001, ""sep_samples_per_class"": 4, ""sep_method"": ""classifier"", ""sep_margin"": 1.0, ""lambda_fit"": 0.01, ""lambda_sep"": 0.01, ""groupdro_enabled"": true, ""groupdro_eta"": 1.0, ""groupdro_gamma"": 0.9, ""groupdro_update_mode"": ""softmax"", ""groupdro_objective"": ""weighted"", ""groupdro_kl_lambda"": 0.0, ""groupdro_uniform_init"": true, ""log_interval"": 20, ""save_every"": 10, ""val_frac"": 0.2, ""common_encoder"": false, ""use_regret"": true, ""optimal_losses"": [0.49934679966136675, 0.5924033531758973, 0.4240419712328326, 1.4799922526387188], ""data_split_seed"": 1000}","{""num_groups"": 4, ""num_classes"": 2, ""train_total"": 404, ""test_total"": 150, ""train_group_counts"": [193, 166, 20, 25], ""test_group_counts"": [61, 53, 10, 26], ""train_class_counts"": [212, 192], ""test_class_counts"": [72, 78], ""train_group_class_counts"": [[104, 89], [104, 62], [0, 20], [4, 21]], ""test_group_class_counts"": [[33, 28], [33, 20], [0, 10], [6, 20]], ""group_proportions"": [0.4777227722772277, 0.41089108910891087, 0.04950495049504951, 0.06188118811881188], ""val_group_counts"": [49, 42, 8, 21], ""val_total"": 120}","{""num_groups"": 4, ""eta"": 1.0, ""update_mode"": ""softmax"", ""robust_objective"": ""weighted"", ""gamma"": 0.9, ""kl_lambda"": 0.0, ""initial_pi"": [0.47772276401519775, 0.4108910858631134, 0.049504950642585754, 0.06188118830323219]}",2026-09-15T04:51:25.936107,34,0.21805034826199213,0.8541666666666666,0.001,0.7933333333333333,0.823247043707916,0.6923076923076923,1.0,"[0.7704918032786885, 0.8301886792452831, 1.0, 0.6923076923076923]","[0.5411770848603156, 0.4831207853935237, 0.002297837159130722, 1.4961532745935704]","[0.8333333333333334, 0.7564102564102564]","[[0.8787878787878788, 0.6428571428571429], [0.9393939393939394, 0.65], [null, 1.0], [0.0, 0.9]]","[61, 53, 10, 26]",0.7933241477398996,"[0.7627777777777778, 0.8080482897384306, 0.5, 0.4090909090909091]",0.4090909090909091,1.4961532745935704,0.7666666666666667,0.7816751700680272,0.7142857142857143,0.875,"[0.7755102040816326, 0.7619047619047619, 0.875, 0.7142857142857143]","[0.4746733032338017, 0.5224978729550328, 0.703623810710269, 1.3319129298698889]","[0.6949152542372882, 0.8360655737704918]","[[0.7777777777777778, 0.7727272727272727], [0.7692307692307693, 0.75], [0.0, 1.0], [0.0, 0.9375]]","[49, 42, 8, 21]",0.765034965034965,"[0.7740041928721173, 0.7529411764705882, 0.4666666666666667, 0.4166666666666667]",0.4166666666666667,1.3319129298698889,"[0.25, 0.25, 0.25, 0.25]","[0.3089870785673459, 0.40620753914117813, 0.006439242938843866, 0.02697881916537881]","[0.24988875289758047, 0.2503337363402049, 0.24988875289758047, 0.24988875289758047]","[0.47772276401519775, 0.4108910858631134, 0.049504950642585754, 0.06188118830323219]",0.0
"{""run_name"": ""fedheart_exp_paper_hetagg_gdro"", ""seed"": 42, ""run_dir"": ""runs/sweep_fedheart/Ours_Regret_c1_s42_f0"", ""use_fedheart"": true, ""num_classes"": 2, ""stratified_batching"": true, ""train_frac"": 0.8, ""group_max_train_samples"": [null, null, 20, 25], ""true_hetero_input_dim"": true, ""feature_mask"": [[0, 1, 2, 3, 5, 6, 7, 8, 9, 10], [0, 1, 2, 3, 5, 6, 11, 12], [0, 1, 2, 4, 5, 7, 11, 12], [0, 1, 2, 4, 5, 6, 8, 9, 10]], ""batch_size"": 64, ""num_workers"": 0, ""epochs"": 100, ""early_stopping_patience"": 30, ""lr"": 0.001, ""weight_decay"": 0.0001, ""optimizer"": ""adam"", ""grad_clip"": 1.0, ""lr_scheduler"": ""cosine"", ""lr_min"": 1e-05, ""latent_dim"": 64, ""head_hidden"": 32, ""groups"": [{""name"": ""cleveland"", ""encoder"": ""mlp_tabular_ln"", ""input_dim"": 10, ""hidden_dim"": 64, ""dropout"": 0.1}, {""name"": ""hungarian"", ""encoder"": ""mlp_tabular_ln"", ""input_dim"": 8, ""hidden_dim"": 64, ""dropout"": 0.1}, {""name"": ""switzerland"", ""encoder"": ""mlp_tabular_ln"", ""input_dim"": 8, ""hidden_dim"": 64, ""dropout"": 0.1}, {""name"": ""va_long_beach"", ""encoder"": ""mlp_tabular_ln"", ""input_dim"": 9, ""hidden_dim"": 64, ""dropout"": 0.1}], ""anchor_eps"": 0.0001, ""sep_samples_per_class"": 4, ""sep_method"": ""classifier"", ""sep_margin"": 1.0, ""lambda_fit"": 0.01, ""lambda_sep"": 0.01, ""groupdro_enabled"": true, ""groupdro_eta"": 1.0, ""groupdro_gamma"": 0.9, ""groupdro_update_mode"": ""softmax"", ""groupdro_objective"": ""weighted"", ""groupdro_kl_lambda"": 0.0, ""groupdro_uniform_init"": true, ""log_interval"": 20, ""save_every"": 10, ""val_frac"": 0.2, ""common_encoder"": false, ""use_regret"": true, ""optimal_losses"": [0.49934679966136675, 0.5924033531758973, 0.4240419712328326, 1.4799922526387188], ""data_split_seed"": 1000}","{""num_groups"": 4, ""num_classes"": 2, ""train_total"": 404, ""test_total"": 150, ""train_group_counts"": [193, 166, 20, 25], ""test_group_counts"": [61, 53, 10, 26], ""train_class_counts"": [212, 192], ""test_class_counts"": [72, 78], ""train_group_class_counts"": [[104, 89], [104, 62], [0, 20], [4, 21]], ""test_group_class_counts"": [[33, 28], [33, 20], [0, 10], [6, 20]], ""group_proportions"": [0.4777227722772277, 0.41089108910891087, 0.04950495049504951, 0.06188118811881188], ""val_group_counts"": [49, 42, 8, 21], ""val_total"": 120}","{""num_groups"": 4, ""eta"": 1.0, ""update_mode"": ""softmax"", ""robust_objective"": ""weighted"", ""gamma"": 0.9, ""kl_lambda"": 0.0, ""initial_pi"": [0.47772276401519775, 0.4108910858631134, 0.049504950642585754, 0.06188118830323219]}",2026-09-15T04:51:25.936107,35,0.21663136780261993,0.8697916666666666,0.001,0.7733333333333333,0.8097147207880273,0.6923076923076923,1.0,"[0.7540983606557377, 0.7924528301886793, 1.0, 0.6923076923076923]","[0.5444008453756755, 0.5219939907766739, 0.002310171735007316, 1.535169104853524]","[0.8333333333333334, 0.717948717948718]","[[0.8787878787878788, 0.6071428571428571], [0.9393939393939394, 0.55], [null, 1.0], [0.0, 0.9]]","[61, 53, 10, 26]",0.7731720334460062,"[0.7441990494828068, 0.7579908675799087, 0.5, 0.4090909090909091]",0.4090909090909091,1.535169104853524,0.775,0.7876275510204082,0.7142857142857143,0.875,"[0.7755102040816326, 0.7857142857142857, 0.875, 0.7142857142857143]","[0.4811029696970114, 0.5087210260154236, 0.7012697620521067, 1.3418277728667904]","[0.7288135593220338, 0.819672131147541]","[[0.8148148148148148, 0.7272727272727273], [0.8076923076923077, 0.75], [0.0, 1.0], [0.0, 0.9375]]","[49, 42, 8, 21]",0.7742317608529024,"[0.7720930232558139, 0.7754010695187166, 0.4666666666666667, 0.4166666666666667]",0.4166666666666667,1.3418277728667904,"[0.25, 0.25, 0.25, 0.25]","[0.29465169211228687, 0.4373377710580826, 0.0046156813235332566, 0.008658351609483361]","[0.25, 0.25, 0.25, 0.25]","[0.47772276401519775, 0.4108910858631134, 0.049504950642585754, 0.06188118830323219]",0.0
"{""run_name"": ""fedheart_exp_paper_hetagg_gdro"", ""seed"": 42, ""run_dir"": ""runs/sweep_fedheart/Ours_Regret_c1_s42_f0"", ""use_fedheart"": true, ""num_classes"": 2, ""stratified_batching"": true, ""train_frac"": 0.8, ""group_max_train_samples"": [null, null, 20, 25], ""true_hetero_input_dim"": true, ""feature_mask"": [[0, 1, 2, 3, 5, 6, 7, 8, 9, 10], [0, 1, 2, 3, 5, 6, 11, 12], [0, 1, 2, 4, 5, 7, 11, 12], [0, 1, 2, 4, 5, 6, 8, 9, 10]], ""batch_size"": 64, ""num_workers"": 0, ""epochs"": 100, ""early_stopping_patience"": 30, ""lr"": 0.001, ""weight_decay"": 0.0001, ""optimizer"": ""adam"", ""grad_clip"": 1.0, ""lr_scheduler"": ""cosine"", ""lr_min"": 1e-05, ""latent_dim"": 64, ""head_hidden"": 32, ""groups"": [{""name"": ""cleveland"", ""encoder"": ""mlp_tabular_ln"", ""input_dim"": 10, ""hidden_dim"": 64, ""dropout"": 0.1}, {""name"": ""hungarian"", ""encoder"": ""mlp_tabular_ln"", ""input_dim"": 8, ""hidden_dim"": 64, ""dropout"": 0.1}, {""name"": ""switzerland"", ""encoder"": ""mlp_tabular_ln"", ""input_dim"": 8, ""hidden_dim"": 64, ""dropout"": 0.1}, {""name"": ""va_long_beach"", ""encoder"": ""mlp_tabular_ln"", ""input_dim"": 9, ""hidden_dim"": 64, ""dropout"": 0.1}], ""anchor_eps"": 0.0001, ""sep_samples_per_class"": 4, ""sep_method"": ""classifier"", ""sep_margin"": 1.0, ""lambda_fit"": 0.01, ""lambda_sep"": 0.01, ""groupdro_enabled"": true, ""groupdro_eta"": 1.0, ""groupdro_gamma"": 0.9, ""groupdro_update_mode"": ""softmax"", ""groupdro_objective"": ""weighted"", ""groupdro_kl_lambda"": 0.0, ""groupdro_uniform_init"": true, ""log_interval"": 20, ""save_every"": 10, ""val_frac"": 0.2, ""common_encoder"": false, ""use_regret"": true, ""optimal_losses"": [0.49934679966136675, 0.5924033531758973, 0.4240419712328326, 1.4799922526387188], ""data_split_seed"": 1000}","{""num_groups"": 4, ""num_classes"": 2, ""train_total"": 404, ""test_total"": 150, ""train_group_counts"": [193, 166, 20, 25], ""test_group_counts"": [61, 53, 10, 26], ""train_class_counts"": [212, 192], ""test_class_counts"": [72, 78], ""train_group_class_counts"": [[104, 89], [104, 62], [0, 20], [4, 21]], ""test_group_class_counts"": [[33, 28], [33, 20], [0, 10], [6, 20]], ""group_proportions"": [0.4777227722772277, 0.41089108910891087, 0.04950495049504951, 0.06188118811881188], ""val_group_counts"": [49, 42, 8, 21], ""val_total"": 120}","{""num_groups"": 4, ""eta"": 1.0, ""update_mode"": ""softmax"", ""robust_objective"": ""weighted"", ""gamma"": 0.9, ""kl_lambda"": 0.0, ""initial_pi"": [0.47772276401519775, 0.4108910858631134, 0.049504950642585754, 0.06188118830323219]}",2026-09-15T04:51:25.936107,36,0.19688340524832407,0.8671875,0.001,0.7866666666666666,0.8191486830521783,0.6923076923076923,1.0,"[0.7540983606557377, 0.8301886792452831, 1.0, 0.6923076923076923]","[0.5385430226995624, 0.5032489518371394, 0.002127103297971189, 1.5766080275996222]","[0.8333333333333334, 0.7435897435897436]","[[0.8787878787878788, 0.6071428571428571], [0.9393939393939394, 0.65], [null, 1.0], [0.0, 0.9]]","[61, 53, 10, 26]",0.7866287339971549,"[0.7441990494828068, 0.8080482897384306, 0.5, 0.4090909090909091]",0.4090909090909091,1.5766080275996222,0.7833333333333333,0.7986819727891157,0.7619047619047619,0.875,"[0.7959183673469388, 0.7619047619047619, 0.875, 0.7619047619047619]","[0.4748179653982575, 0.5284423584207183, 0.7182758122944506, 1.375534796011856]","[0.711864406779661, 0.8524590163934426]","[[0.8148148148148148, 0.7727272727272727], [0.7692307692307693, 0.75], [0.0, 1.0], [0.0, 1.0]]","[49, 42, 8, 21]",0.7818181818181817,"[0.7937710437710437, 0.7529411764705882, 0.4666666666666667, 0.4324324324324324]",0.4324324324324324,1.375534796011856,"[0.25, 0.25, 0.25, 0.25]","[0.25938888639211655, 0.3869701772928238, 0.013384806845958034, 0.019816290820017457]","[0.25, 0.25, 0.25, 0.25]","[0.47772276401519775, 0.4108910858631134, 0.049504950642585754, 0.06188118830323219]",0.0
"{""run_name"": ""fedheart_exp_paper_hetagg_gdro"", ""seed"": 42, ""run_dir"": ""runs/sweep_fedheart/Ours_Regret_c1_s42_f0"", ""use_fedheart"": true, ""num_classes"": 2, ""stratified_batching"": true, ""train_frac"": 0.8, ""group_max_train_samples"": [null, null, 20, 25], ""true_hetero_input_dim"": true, ""feature_mask"": [[0, 1, 2, 3, 5, 6, 7, 8, 9, 10], [0, 1, 2, 3, 5, 6, 11, 12], [0, 1, 2, 4, 5, 7, 11, 12], [0, 1, 2, 4, 5, 6, 8, 9, 10]], ""batch_size"": 64, ""num_workers"": 0, ""epochs"": 100, ""early_stopping_patience"": 30, ""lr"": 0.001, ""weight_decay"": 0.0001, ""optimizer"": ""adam"", ""grad_clip"": 1.0, ""lr_scheduler"": ""cosine"", ""lr_min"": 1e-05, ""latent_dim"": 64, ""head_hidden"": 32, ""groups"": [{""name"": ""cleveland"", ""encoder"": ""mlp_tabular_ln"", ""input_dim"": 10, ""hidden_dim"": 64, ""dropout"": 0.1}, {""name"": ""hungarian"", ""encoder"": ""mlp_tabular_ln"", ""input_dim"": 8, ""hidden_dim"": 64, ""dropout"": 0.1}, {""name"": ""switzerland"", ""encoder"": ""mlp_tabular_ln"", ""input_dim"": 8, ""hidden_dim"": 64, ""dropout"": 0.1}, {""name"": ""va_long_beach"", ""encoder"": ""mlp_tabular_ln"", ""input_dim"": 9, ""hidden_dim"": 64, ""dropout"": 0.1}], ""anchor_eps"": 0.0001, ""sep_samples_per_class"": 4, ""sep_method"": ""classifier"", ""sep_margin"": 1.0, ""lambda_fit"": 0.01, ""lambda_sep"": 0.01, ""groupdro_enabled"": true, ""groupdro_eta"": 1.0, ""groupdro_gamma"": 0.9, ""groupdro_update_mode"": ""softmax"", ""groupdro_objective"": ""weighted"", ""groupdro_kl_lambda"": 0.0, ""groupdro_uniform_init"": true, ""log_interval"": 20, ""save_every"": 10, ""val_frac"": 0.2, ""common_encoder"": false, ""use_regret"": true, ""optimal_losses"": [0.49934679966136675, 0.5924033531758973, 0.4240419712328326, 1.4799922526387188], ""data_split_seed"": 1000}","{""num_groups"": 4, ""num_classes"": 2, ""train_total"": 404, ""test_total"": 150, ""train_group_counts"": [193, 166, 20, 25], ""test_group_counts"": [61, 53, 10, 26], ""train_class_counts"": [212, 192], ""test_class_counts"": [72, 78], ""train_group_class_counts"": [[104, 89], [104, 62], [0, 20], [4, 21]], ""test_group_class_counts"": [[33, 28], [33, 20], [0, 10], [6, 20]], ""group_proportions"": [0.4777227722772277, 0.41089108910891087, 0.04950495049504951, 0.06188118811881188], ""val_group_counts"": [49, 42, 8, 21], ""val_total"": 120}","{""num_groups"": 4, ""eta"": 1.0, ""update_mode"": ""softmax"", ""robust_objective"": ""weighted"", ""gamma"": 0.9, ""kl_lambda"": 0.0, ""initial_pi"": [0.47772276401519775, 0.4108910858631134, 0.049504950642585754, 0.06188118830323219]}",2026-09-15T04:51:25.936107,37,0.1892586052417755,0.8854166666666666,0.001,0.7933333333333333,0.823247043707916,0.6923076923076923,1.0,"[0.7704918032786885, 0.8301886792452831, 1.0, 0.6923076923076923]","[0.5400620955996766, 0.5042118879281124, 0.00204447495052591, 1.6163278864064172]","[0.8333333333333334, 0.7564102564102564]","[[0.8787878787878788, 0.6428571428571429], [0.9393939393939394, 0.65], [null, 1.0], [0.0, 0.9]]","[61, 53, 10, 26]",0.7933241477398996,"[0.7627777777777778, 0.8080482897384306, 0.5, 0.4090909090909091]",0.4090909090909091,1.6163278864064172,0.7916666666666666,0.8037840136054422,0.7619047619047619,0.875,"[0.8163265306122449, 0.7619047619047619, 0.875, 0.7619047619047619]","[0.4637136621144125, 0.5309818683280831, 0.7265459564514458, 1.4397255582298385]","[0.711864406779661, 0.8688524590163934]","[[0.8148148148148148, 0.8181818181818182], [0.7692307692307693, 0.75], [0.0, 1.0], [0.0, 1.0]]","[49, 42, 8, 21]",0.789901253589187,"[0.8150943396226416, 0.7529411764705882, 0.4666666666666667, 0.4324324324324324]",0.4324324324324324,1.4397255582298385,"[0.25, 0.25, 0.25, 0.25]","[0.2587168241540591, 0.37369604657093686, 0.0036103359307162464, 0.009658141566130022]","[0.25, 0.25, 0.25, 0.25]","[0.47772276401519775, 0.4108910858631134, 0.049504950642585754, 0.06188118830323219]",0.0
