config,dataset_info,groupdro_config,start_time,epoch,train_loss,train_acc,learning_rate,test_overall_acc,test_balanced_acc,test_worst_group_acc,test_best_group_acc,test_per_group_acc,test_per_group_loss,test_per_class_acc,test_per_group_per_class_acc,test_per_group_counts,groupdro_weights,groupdro_pi,groupdro_kl_penalty
"{""use_fedheart"": true, ""num_classes"": 2, ""stratified_batching"": true, ""train_frac"": 0.8, ""group_max_train_samples"": [null, null, 20, 25], ""batch_size"": 64, ""num_workers"": 0, ""epochs"": 100, ""early_stopping_patience"": 30, ""lr"": 0.001, ""weight_decay"": 0.0001, ""optimizer"": ""adam"", ""grad_clip"": 1.0, ""lr_scheduler"": ""cosine"", ""lr_min"": 1e-05, ""latent_dim"": 64, ""head_hidden"": 32, ""anchor_eps"": 0.0001, ""sep_samples_per_class"": 4, ""sep_method"": ""classifier"", ""sep_margin"": 1.0, ""lambda_fit"": 0.001, ""lambda_sep"": 0.001, ""log_interval"": 20, ""save_every"": 10, ""groups"": [{""name"": ""cleveland"", ""encoder"": ""mlp_tabular_ln"", ""input_dim"": 13, ""hidden_dim"": 64, ""dropout"": 0.1}, {""name"": ""hungarian"", ""encoder"": ""mlp_tabular_ln"", ""input_dim"": 12, ""hidden_dim"": 64, ""dropout"": 0.1}, {""name"": ""switzerland"", ""encoder"": ""mlp_tabular_ln"", ""input_dim"": 12, ""hidden_dim"": 64, ""dropout"": 0.1}, {""name"": ""va_long_beach"", ""encoder"": ""mlp_tabular_ln"", ""input_dim"": 11, ""hidden_dim"": 64, ""dropout"": 0.1}], ""seed"": 1337, ""run_dir"": ""runs/sweep_A_gdro_s1337"", ""run_name"": ""sweep_A_gdro"", ""true_hetero_input_dim"": true, ""feature_mask"": [null, [0, 1, 2, 4, 5, 6, 7, 8, 9, 10, 11, 12], [0, 1, 2, 3, 5, 6, 7, 8, 9, 10, 11, 12], [0, 1, 2, 3, 4, 5, 6, 7, 8, 9, 10]], ""groupdro_enabled"": true, ""groupdro_eta"": 1.0, ""groupdro_gamma"": 0.9, ""groupdro_update_mode"": ""softmax"", ""groupdro_objective"": ""weighted"", ""groupdro_kl_lambda"": 0.0, ""groupdro_uniform_init"": true}","{""num_groups"": 4, ""num_classes"": 2, ""train_total"": 495, ""test_total"": 150, ""train_group_counts"": [242, 208, 20, 25], ""test_group_counts"": [61, 53, 10, 26], ""train_class_counts"": [269, 226], ""test_class_counts"": [72, 78], ""train_group_class_counts"": [[131, 111], [130, 78], [1, 19], [7, 18]], ""test_group_class_counts"": [[33, 28], [33, 20], [0, 10], [6, 20]], ""group_proportions"": [0.4888888888888889, 0.4202020202020202, 0.04040404040404041, 0.050505050505050504]}","{""num_groups"": 4, ""eta"": 1.0, ""update_mode"": ""softmax"", ""robust_objective"": ""weighted"", ""gamma"": 0.9, ""kl_lambda"": 0.0, ""initial_pi"": [0.4888888895511627, 0.42020201683044434, 0.04040404036641121, 0.05050504952669144]}",2026-03-23T10:47:42.870530,1,0.6486286539837246,0.635746607683363,0.001,0.7333333333333333,0.7040127055128601,0.5769230769230769,0.8032786885245902,"[0.8032786885245902, 0.7358490566037735, 0.7, 0.5769230769230769]","[0.6191146134353075, 0.5915885781342128, 0.6197158545255661, 0.7150825055745932]","[0.8888888888888888, 0.5897435897435898]","[[0.8787878787878788, 0.7142857142857143], [0.9696969696969697, 0.35], [null, 0.7], [0.5, 0.6]]","[61, 53, 10, 26]","[0.26107335090637207, 0.24454712867736816, 0.23418399691581726, 0.2601955533027649]","[0.4888888895511627, 0.42020201683044434, 0.04040404036641121, 0.05050504952669144]",0.0
"{""use_fedheart"": true, ""num_classes"": 2, ""stratified_batching"": true, ""train_frac"": 0.8, ""group_max_train_samples"": [null, null, 20, 25], ""batch_size"": 64, ""num_workers"": 0, ""epochs"": 100, ""early_stopping_patience"": 30, ""lr"": 0.001, ""weight_decay"": 0.0001, ""optimizer"": ""adam"", ""grad_clip"": 1.0, ""lr_scheduler"": ""cosine"", ""lr_min"": 1e-05, ""latent_dim"": 64, ""head_hidden"": 32, ""anchor_eps"": 0.0001, ""sep_samples_per_class"": 4, ""sep_method"": ""classifier"", ""sep_margin"": 1.0, ""lambda_fit"": 0.001, ""lambda_sep"": 0.001, ""log_interval"": 20, ""save_every"": 10, ""groups"": [{""name"": ""cleveland"", ""encoder"": ""mlp_tabular_ln"", ""input_dim"": 13, ""hidden_dim"": 64, ""dropout"": 0.1}, {""name"": ""hungarian"", ""encoder"": ""mlp_tabular_ln"", ""input_dim"": 12, ""hidden_dim"": 64, ""dropout"": 0.1}, {""name"": ""switzerland"", ""encoder"": ""mlp_tabular_ln"", ""input_dim"": 12, ""hidden_dim"": 64, ""dropout"": 0.1}, {""name"": ""va_long_beach"", ""encoder"": ""mlp_tabular_ln"", ""input_dim"": 11, ""hidden_dim"": 64, ""dropout"": 0.1}], ""seed"": 1337, ""run_dir"": ""runs/sweep_A_gdro_s1337"", ""run_name"": ""sweep_A_gdro"", ""true_hetero_input_dim"": true, ""feature_mask"": [null, [0, 1, 2, 4, 5, 6, 7, 8, 9, 10, 11, 12], [0, 1, 2, 3, 5, 6, 7, 8, 9, 10, 11, 12], [0, 1, 2, 3, 4, 5, 6, 7, 8, 9, 10]], ""groupdro_enabled"": true, ""groupdro_eta"": 1.0, ""groupdro_gamma"": 0.9, ""groupdro_update_mode"": ""softmax"", ""groupdro_objective"": ""weighted"", ""groupdro_kl_lambda"": 0.0, ""groupdro_uniform_init"": true}","{""num_groups"": 4, ""num_classes"": 2, ""train_total"": 495, ""test_total"": 150, ""train_group_counts"": [242, 208, 20, 25], ""test_group_counts"": [61, 53, 10, 26], ""train_class_counts"": [269, 226], ""test_class_counts"": [72, 78], ""train_group_class_counts"": [[131, 111], [130, 78], [1, 19], [7, 18]], ""test_group_class_counts"": [[33, 28], [33, 20], [0, 10], [6, 20]], ""group_proportions"": [0.4888888888888889, 0.4202020202020202, 0.04040404040404041, 0.050505050505050504]}","{""num_groups"": 4, ""eta"": 1.0, ""update_mode"": ""softmax"", ""robust_objective"": ""weighted"", ""gamma"": 0.9, ""kl_lambda"": 0.0, ""initial_pi"": [0.4888888895511627, 0.42020201683044434, 0.04040404036641121, 0.05050504952669144]}",2026-03-23T10:47:42.870530,2,0.5717876804360437,0.7556561102155107,0.001,0.7666666666666667,0.7878280473006734,0.5769230769230769,1.0,"[0.819672131147541, 0.7547169811320755, 1.0, 0.5769230769230769]","[0.5574282730211977, 0.5370749336368633, 0.378516873717308, 0.624656658906203]","[0.7916666666666666, 0.7435897435897436]","[[0.8181818181818182, 0.8214285714285714], [0.9090909090909091, 0.5], [null, 1.0], [0.0, 0.75]]","[61, 53, 10, 26]","[0.5108069777488708, 0.48919305205345154, 0.0, 0.0]","[0.4888888895511627, 0.42020201683044434, 0.04040404036641121, 0.05050504952669144]",0.0
"{""use_fedheart"": true, ""num_classes"": 2, ""stratified_batching"": true, ""train_frac"": 0.8, ""group_max_train_samples"": [null, null, 20, 25], ""batch_size"": 64, ""num_workers"": 0, ""epochs"": 100, ""early_stopping_patience"": 30, ""lr"": 0.001, ""weight_decay"": 0.0001, ""optimizer"": ""adam"", ""grad_clip"": 1.0, ""lr_scheduler"": ""cosine"", ""lr_min"": 1e-05, ""latent_dim"": 64, ""head_hidden"": 32, ""anchor_eps"": 0.0001, ""sep_samples_per_class"": 4, ""sep_method"": ""classifier"", ""sep_margin"": 1.0, ""lambda_fit"": 0.001, ""lambda_sep"": 0.001, ""log_interval"": 20, ""save_every"": 10, ""groups"": [{""name"": ""cleveland"", ""encoder"": ""mlp_tabular_ln"", ""input_dim"": 13, ""hidden_dim"": 64, ""dropout"": 0.1}, {""name"": ""hungarian"", ""encoder"": ""mlp_tabular_ln"", ""input_dim"": 12, ""hidden_dim"": 64, ""dropout"": 0.1}, {""name"": ""switzerland"", ""encoder"": ""mlp_tabular_ln"", ""input_dim"": 12, ""hidden_dim"": 64, ""dropout"": 0.1}, {""name"": ""va_long_beach"", ""encoder"": ""mlp_tabular_ln"", ""input_dim"": 11, ""hidden_dim"": 64, ""dropout"": 0.1}], ""seed"": 1337, ""run_dir"": ""runs/sweep_A_gdro_s1337"", ""run_name"": ""sweep_A_gdro"", ""true_hetero_input_dim"": true, ""feature_mask"": [null, [0, 1, 2, 4, 5, 6, 7, 8, 9, 10, 11, 12], [0, 1, 2, 3, 5, 6, 7, 8, 9, 10, 11, 12], [0, 1, 2, 3, 4, 5, 6, 7, 8, 9, 10]], ""groupdro_enabled"": true, ""groupdro_eta"": 1.0, ""groupdro_gamma"": 0.9, ""groupdro_update_mode"": ""softmax"", ""groupdro_objective"": ""weighted"", ""groupdro_kl_lambda"": 0.0, ""groupdro_uniform_init"": true}","{""num_groups"": 4, ""num_classes"": 2, ""train_total"": 495, ""test_total"": 150, ""train_group_counts"": [242, 208, 20, 25], ""test_group_counts"": [61, 53, 10, 26], ""train_class_counts"": [269, 226], ""test_class_counts"": [72, 78], ""train_group_class_counts"": [[131, 111], [130, 78], [1, 19], [7, 18]], ""test_group_class_counts"": [[33, 28], [33, 20], [0, 10], [6, 20]], ""group_proportions"": [0.4888888888888889, 0.4202020202020202, 0.04040404040404041, 0.050505050505050504]}","{""num_groups"": 4, ""eta"": 1.0, ""update_mode"": ""softmax"", ""robust_objective"": ""weighted"", ""gamma"": 0.9, ""kl_lambda"": 0.0, ""initial_pi"": [0.4888888895511627, 0.42020201683044434, 0.04040404036641121, 0.05050504952669144]}",2026-03-23T10:47:42.870530,3,0.47998286480277913,0.7850678770790273,0.001,0.78,0.8168556234980608,0.7169811320754716,1.0,"[0.819672131147541, 0.7169811320754716, 1.0, 0.7307692307692307]","[0.4984613251490671, 0.509185549223198, 0.21915650963783265, 0.559218022112663]","[0.7638888888888888, 0.7948717948717948]","[[0.8181818181818182, 0.8214285714285714], [0.8484848484848485, 0.5], [null, 1.0], [0.0, 0.95]]","[61, 53, 10, 26]","[0.49318644404411316, 0.5068135261535645, 0.0, 0.0]","[0.4888888895511627, 0.42020201683044434, 0.04040404036641121, 0.05050504952669144]",0.0
"{""use_fedheart"": true, ""num_classes"": 2, ""stratified_batching"": true, ""train_frac"": 0.8, ""group_max_train_samples"": [null, null, 20, 25], ""batch_size"": 64, ""num_workers"": 0, ""epochs"": 100, ""early_stopping_patience"": 30, ""lr"": 0.001, ""weight_decay"": 0.0001, ""optimizer"": ""adam"", ""grad_clip"": 1.0, ""lr_scheduler"": ""cosine"", ""lr_min"": 1e-05, ""latent_dim"": 64, ""head_hidden"": 32, ""anchor_eps"": 0.0001, ""sep_samples_per_class"": 4, ""sep_method"": ""classifier"", ""sep_margin"": 1.0, ""lambda_fit"": 0.001, ""lambda_sep"": 0.001, ""log_interval"": 20, ""save_every"": 10, ""groups"": [{""name"": ""cleveland"", ""encoder"": ""mlp_tabular_ln"", ""input_dim"": 13, ""hidden_dim"": 64, ""dropout"": 0.1}, {""name"": ""hungarian"", ""encoder"": ""mlp_tabular_ln"", ""input_dim"": 12, ""hidden_dim"": 64, ""dropout"": 0.1}, {""name"": ""switzerland"", ""encoder"": ""mlp_tabular_ln"", ""input_dim"": 12, ""hidden_dim"": 64, ""dropout"": 0.1}, {""name"": ""va_long_beach"", ""encoder"": ""mlp_tabular_ln"", ""input_dim"": 11, ""hidden_dim"": 64, ""dropout"": 0.1}], ""seed"": 1337, ""run_dir"": ""runs/sweep_A_gdro_s1337"", ""run_name"": ""sweep_A_gdro"", ""true_hetero_input_dim"": true, ""feature_mask"": [null, [0, 1, 2, 4, 5, 6, 7, 8, 9, 10, 11, 12], [0, 1, 2, 3, 5, 6, 7, 8, 9, 10, 11, 12], [0, 1, 2, 3, 4, 5, 6, 7, 8, 9, 10]], ""groupdro_enabled"": true, ""groupdro_eta"": 1.0, ""groupdro_gamma"": 0.9, ""groupdro_update_mode"": ""softmax"", ""groupdro_objective"": ""weighted"", ""groupdro_kl_lambda"": 0.0, ""groupdro_uniform_init"": true}","{""num_groups"": 4, ""num_classes"": 2, ""train_total"": 495, ""test_total"": 150, ""train_group_counts"": [242, 208, 20, 25], ""test_group_counts"": [61, 53, 10, 26], ""train_class_counts"": [269, 226], ""test_class_counts"": [72, 78], ""train_group_class_counts"": [[131, 111], [130, 78], [1, 19], [7, 18]], ""test_group_class_counts"": [[33, 28], [33, 20], [0, 10], [6, 20]], ""group_proportions"": [0.4888888888888889, 0.4202020202020202, 0.04040404040404041, 0.050505050505050504]}","{""num_groups"": 4, ""eta"": 1.0, ""update_mode"": ""softmax"", ""robust_objective"": ""weighted"", ""gamma"": 0.9, ""kl_lambda"": 0.0, ""initial_pi"": [0.4888888895511627, 0.42020201683044434, 0.04040404036641121, 0.05050504952669144]}",2026-03-23T10:47:42.870530,4,0.45304687287473033,0.794117643552668,0.001,0.7933333333333333,0.8305693687691832,0.7169811320754716,1.0,"[0.8360655737704918, 0.7169811320754716, 1.0, 0.7692307692307693]","[0.4535204148927673, 0.49827885515284986, 0.128069481998682, 0.5387993856118276]","[0.7638888888888888, 0.8205128205128205]","[[0.8181818181818182, 0.8571428571428571], [0.8484848484848485, 0.5], [null, 1.0], [0.0, 1.0]]","[61, 53, 10, 26]","[0.4915981888771057, 0.5084018111228943, 0.0, 0.0]","[0.4888888895511627, 0.42020201683044434, 0.04040404036641121, 0.05050504952669144]",0.0
"{""use_fedheart"": true, ""num_classes"": 2, ""stratified_batching"": true, ""train_frac"": 0.8, ""group_max_train_samples"": [null, null, 20, 25], ""batch_size"": 64, ""num_workers"": 0, ""epochs"": 100, ""early_stopping_patience"": 30, ""lr"": 0.001, ""weight_decay"": 0.0001, ""optimizer"": ""adam"", ""grad_clip"": 1.0, ""lr_scheduler"": ""cosine"", ""lr_min"": 1e-05, ""latent_dim"": 64, ""head_hidden"": 32, ""anchor_eps"": 0.0001, ""sep_samples_per_class"": 4, ""sep_method"": ""classifier"", ""sep_margin"": 1.0, ""lambda_fit"": 0.001, ""lambda_sep"": 0.001, ""log_interval"": 20, ""save_every"": 10, ""groups"": [{""name"": ""cleveland"", ""encoder"": ""mlp_tabular_ln"", ""input_dim"": 13, ""hidden_dim"": 64, ""dropout"": 0.1}, {""name"": ""hungarian"", ""encoder"": ""mlp_tabular_ln"", ""input_dim"": 12, ""hidden_dim"": 64, ""dropout"": 0.1}, {""name"": ""switzerland"", ""encoder"": ""mlp_tabular_ln"", ""input_dim"": 12, ""hidden_dim"": 64, ""dropout"": 0.1}, {""name"": ""va_long_beach"", ""encoder"": ""mlp_tabular_ln"", ""input_dim"": 11, ""hidden_dim"": 64, ""dropout"": 0.1}], ""seed"": 1337, ""run_dir"": ""runs/sweep_A_gdro_s1337"", ""run_name"": ""sweep_A_gdro"", ""true_hetero_input_dim"": true, ""feature_mask"": [null, [0, 1, 2, 4, 5, 6, 7, 8, 9, 10, 11, 12], [0, 1, 2, 3, 5, 6, 7, 8, 9, 10, 11, 12], [0, 1, 2, 3, 4, 5, 6, 7, 8, 9, 10]], ""groupdro_enabled"": true, ""groupdro_eta"": 1.0, ""groupdro_gamma"": 0.9, ""groupdro_update_mode"": ""softmax"", ""groupdro_objective"": ""weighted"", ""groupdro_kl_lambda"": 0.0, ""groupdro_uniform_init"": true}","{""num_groups"": 4, ""num_classes"": 2, ""train_total"": 495, ""test_total"": 150, ""train_group_counts"": [242, 208, 20, 25], ""test_group_counts"": [61, 53, 10, 26], ""train_class_counts"": [269, 226], ""test_class_counts"": [72, 78], ""train_group_class_counts"": [[131, 111], [130, 78], [1, 19], [7, 18]], ""test_group_class_counts"": [[33, 28], [33, 20], [0, 10], [6, 20]], ""group_proportions"": [0.4888888888888889, 0.4202020202020202, 0.04040404040404041, 0.050505050505050504]}","{""num_groups"": 4, ""eta"": 1.0, ""update_mode"": ""softmax"", ""robust_objective"": ""weighted"", ""gamma"": 0.9, ""kl_lambda"": 0.0, ""initial_pi"": [0.4888888895511627, 0.42020201683044434, 0.04040404036641121, 0.05050504952669144]}",2026-03-23T10:47:42.870530,5,0.4428361570673291,0.7873303178208986,0.001,0.7933333333333333,0.831187989245521,0.7358490566037735,1.0,"[0.819672131147541, 0.7358490566037735, 1.0, 0.7692307692307693]","[0.41004944006439115, 0.5082547435501836, 0.07607292905449867, 0.5415860844346193]","[0.7916666666666666, 0.7948717948717948]","[[0.8181818181818182, 0.8214285714285714], [0.9090909090909091, 0.45], [null, 1.0], [0.0, 1.0]]","[61, 53, 10, 26]","[0.2889869511127472, 0.28265056014060974, 0.19293616712093353, 0.23542632162570953]","[0.4888888895511627, 0.42020201683044434, 0.04040404036641121, 0.05050504952669144]",0.0
"{""use_fedheart"": true, ""num_classes"": 2, ""stratified_batching"": true, ""train_frac"": 0.8, ""group_max_train_samples"": [null, null, 20, 25], ""batch_size"": 64, ""num_workers"": 0, ""epochs"": 100, ""early_stopping_patience"": 30, ""lr"": 0.001, ""weight_decay"": 0.0001, ""optimizer"": ""adam"", ""grad_clip"": 1.0, ""lr_scheduler"": ""cosine"", ""lr_min"": 1e-05, ""latent_dim"": 64, ""head_hidden"": 32, ""anchor_eps"": 0.0001, ""sep_samples_per_class"": 4, ""sep_method"": ""classifier"", ""sep_margin"": 1.0, ""lambda_fit"": 0.001, ""lambda_sep"": 0.001, ""log_interval"": 20, ""save_every"": 10, ""groups"": [{""name"": ""cleveland"", ""encoder"": ""mlp_tabular_ln"", ""input_dim"": 13, ""hidden_dim"": 64, ""dropout"": 0.1}, {""name"": ""hungarian"", ""encoder"": ""mlp_tabular_ln"", ""input_dim"": 12, ""hidden_dim"": 64, ""dropout"": 0.1}, {""name"": ""switzerland"", ""encoder"": ""mlp_tabular_ln"", ""input_dim"": 12, ""hidden_dim"": 64, ""dropout"": 0.1}, {""name"": ""va_long_beach"", ""encoder"": ""mlp_tabular_ln"", ""input_dim"": 11, ""hidden_dim"": 64, ""dropout"": 0.1}], ""seed"": 1337, ""run_dir"": ""runs/sweep_A_gdro_s1337"", ""run_name"": ""sweep_A_gdro"", ""true_hetero_input_dim"": true, ""feature_mask"": [null, [0, 1, 2, 4, 5, 6, 7, 8, 9, 10, 11, 12], [0, 1, 2, 3, 5, 6, 7, 8, 9, 10, 11, 12], [0, 1, 2, 3, 4, 5, 6, 7, 8, 9, 10]], ""groupdro_enabled"": true, ""groupdro_eta"": 1.0, ""groupdro_gamma"": 0.9, ""groupdro_update_mode"": ""softmax"", ""groupdro_objective"": ""weighted"", ""groupdro_kl_lambda"": 0.0, ""groupdro_uniform_init"": true}","{""num_groups"": 4, ""num_classes"": 2, ""train_total"": 495, ""test_total"": 150, ""train_group_counts"": [242, 208, 20, 25], ""test_group_counts"": [61, 53, 10, 26], ""train_class_counts"": [269, 226], ""test_class_counts"": [72, 78], ""train_group_class_counts"": [[131, 111], [130, 78], [1, 19], [7, 18]], ""test_group_class_counts"": [[33, 28], [33, 20], [0, 10], [6, 20]], ""group_proportions"": [0.4888888888888889, 0.4202020202020202, 0.04040404040404041, 0.050505050505050504]}","{""num_groups"": 4, ""eta"": 1.0, ""update_mode"": ""softmax"", ""robust_objective"": ""weighted"", ""gamma"": 0.9, ""kl_lambda"": 0.0, ""initial_pi"": [0.4888888895511627, 0.42020201683044434, 0.04040404036641121, 0.05050504952669144]}",2026-03-23T10:47:42.870530,6,0.3712419957866496,0.8190045232686521,0.001,0.8,0.8352863499012586,0.7358490566037735,1.0,"[0.8360655737704918, 0.7358490566037735, 1.0, 0.7692307692307693]","[0.3846893911478949, 0.5209106450795002, 0.05011048633605242, 0.5495896752064044]","[0.8055555555555556, 0.7948717948717948]","[[0.8484848484848485, 0.8214285714285714], [0.9090909090909091, 0.45], [null, 1.0], [0.0, 1.0]]","[61, 53, 10, 26]","[0.2958264946937561, 0.2726668119430542, 0.19270563125610352, 0.23880107700824738]","[0.4888888895511627, 0.42020201683044434, 0.04040404036641121, 0.05050504952669144]",0.0
"{""use_fedheart"": true, ""num_classes"": 2, ""stratified_batching"": true, ""train_frac"": 0.8, ""group_max_train_samples"": [null, null, 20, 25], ""batch_size"": 64, ""num_workers"": 0, ""epochs"": 100, ""early_stopping_patience"": 30, ""lr"": 0.001, ""weight_decay"": 0.0001, ""optimizer"": ""adam"", ""grad_clip"": 1.0, ""lr_scheduler"": ""cosine"", ""lr_min"": 1e-05, ""latent_dim"": 64, ""head_hidden"": 32, ""anchor_eps"": 0.0001, ""sep_samples_per_class"": 4, ""sep_method"": ""classifier"", ""sep_margin"": 1.0, ""lambda_fit"": 0.001, ""lambda_sep"": 0.001, ""log_interval"": 20, ""save_every"": 10, ""groups"": [{""name"": ""cleveland"", ""encoder"": ""mlp_tabular_ln"", ""input_dim"": 13, ""hidden_dim"": 64, ""dropout"": 0.1}, {""name"": ""hungarian"", ""encoder"": ""mlp_tabular_ln"", ""input_dim"": 12, ""hidden_dim"": 64, ""dropout"": 0.1}, {""name"": ""switzerland"", ""encoder"": ""mlp_tabular_ln"", ""input_dim"": 12, ""hidden_dim"": 64, ""dropout"": 0.1}, {""name"": ""va_long_beach"", ""encoder"": ""mlp_tabular_ln"", ""input_dim"": 11, ""hidden_dim"": 64, ""dropout"": 0.1}], ""seed"": 1337, ""run_dir"": ""runs/sweep_A_gdro_s1337"", ""run_name"": ""sweep_A_gdro"", ""true_hetero_input_dim"": true, ""feature_mask"": [null, [0, 1, 2, 4, 5, 6, 7, 8, 9, 10, 11, 12], [0, 1, 2, 3, 5, 6, 7, 8, 9, 10, 11, 12], [0, 1, 2, 3, 4, 5, 6, 7, 8, 9, 10]], ""groupdro_enabled"": true, ""groupdro_eta"": 1.0, ""groupdro_gamma"": 0.9, ""groupdro_update_mode"": ""softmax"", ""groupdro_objective"": ""weighted"", ""groupdro_kl_lambda"": 0.0, ""groupdro_uniform_init"": true}","{""num_groups"": 4, ""num_classes"": 2, ""train_total"": 495, ""test_total"": 150, ""train_group_counts"": [242, 208, 20, 25], ""test_group_counts"": [61, 53, 10, 26], ""train_class_counts"": [269, 226], ""test_class_counts"": [72, 78], ""train_group_class_counts"": [[131, 111], [130, 78], [1, 19], [7, 18]], ""test_group_class_counts"": [[33, 28], [33, 20], [0, 10], [6, 20]], ""group_proportions"": [0.4888888888888889, 0.4202020202020202, 0.04040404040404041, 0.050505050505050504]}","{""num_groups"": 4, ""eta"": 1.0, ""update_mode"": ""softmax"", ""robust_objective"": ""weighted"", ""gamma"": 0.9, ""kl_lambda"": 0.0, ""initial_pi"": [0.4888888895511627, 0.42020201683044434, 0.04040404036641121, 0.05050504952669144]}",2026-03-23T10:47:42.870530,7,0.4064014376018921,0.8144796388181625,0.001,0.8,0.8352863499012586,0.7358490566037735,1.0,"[0.8360655737704918, 0.7358490566037735, 1.0, 0.7692307692307693]","[0.3767809656555535, 0.5248365939928675, 0.040307634696364406, 0.5477149085356638]","[0.8055555555555556, 0.7948717948717948]","[[0.8484848484848485, 0.8214285714285714], [0.9090909090909091, 0.45], [null, 1.0], [0.0, 1.0]]","[61, 53, 10, 26]","[0.3079489767551422, 0.2543580234050751, 0.19959701597690582, 0.2380959540605545]","[0.4888888895511627, 0.42020201683044434, 0.04040404036641121, 0.05050504952669144]",0.0
"{""use_fedheart"": true, ""num_classes"": 2, ""stratified_batching"": true, ""train_frac"": 0.8, ""group_max_train_samples"": [null, null, 20, 25], ""batch_size"": 64, ""num_workers"": 0, ""epochs"": 100, ""early_stopping_patience"": 30, ""lr"": 0.001, ""weight_decay"": 0.0001, ""optimizer"": ""adam"", ""grad_clip"": 1.0, ""lr_scheduler"": ""cosine"", ""lr_min"": 1e-05, ""latent_dim"": 64, ""head_hidden"": 32, ""anchor_eps"": 0.0001, ""sep_samples_per_class"": 4, ""sep_method"": ""classifier"", ""sep_margin"": 1.0, ""lambda_fit"": 0.001, ""lambda_sep"": 0.001, ""log_interval"": 20, ""save_every"": 10, ""groups"": [{""name"": ""cleveland"", ""encoder"": ""mlp_tabular_ln"", ""input_dim"": 13, ""hidden_dim"": 64, ""dropout"": 0.1}, {""name"": ""hungarian"", ""encoder"": ""mlp_tabular_ln"", ""input_dim"": 12, ""hidden_dim"": 64, ""dropout"": 0.1}, {""name"": ""switzerland"", ""encoder"": ""mlp_tabular_ln"", ""input_dim"": 12, ""hidden_dim"": 64, ""dropout"": 0.1}, {""name"": ""va_long_beach"", ""encoder"": ""mlp_tabular_ln"", ""input_dim"": 11, ""hidden_dim"": 64, ""dropout"": 0.1}], ""seed"": 1337, ""run_dir"": ""runs/sweep_A_gdro_s1337"", ""run_name"": ""sweep_A_gdro"", ""true_hetero_input_dim"": true, ""feature_mask"": [null, [0, 1, 2, 4, 5, 6, 7, 8, 9, 10, 11, 12], [0, 1, 2, 3, 5, 6, 7, 8, 9, 10, 11, 12], [0, 1, 2, 3, 4, 5, 6, 7, 8, 9, 10]], ""groupdro_enabled"": true, ""groupdro_eta"": 1.0, ""groupdro_gamma"": 0.9, ""groupdro_update_mode"": ""softmax"", ""groupdro_objective"": ""weighted"", ""groupdro_kl_lambda"": 0.0, ""groupdro_uniform_init"": true}","{""num_groups"": 4, ""num_classes"": 2, ""train_total"": 495, ""test_total"": 150, ""train_group_counts"": [242, 208, 20, 25], ""test_group_counts"": [61, 53, 10, 26], ""train_class_counts"": [269, 226], ""test_class_counts"": [72, 78], ""train_group_class_counts"": [[131, 111], [130, 78], [1, 19], [7, 18]], ""test_group_class_counts"": [[33, 28], [33, 20], [0, 10], [6, 20]], ""group_proportions"": [0.4888888888888889, 0.4202020202020202, 0.04040404040404041, 0.050505050505050504]}","{""num_groups"": 4, ""eta"": 1.0, ""update_mode"": ""softmax"", ""robust_objective"": ""weighted"", ""gamma"": 0.9, ""kl_lambda"": 0.0, ""initial_pi"": [0.4888888895511627, 0.42020201683044434, 0.04040404036641121, 0.05050504952669144]}",2026-03-23T10:47:42.870530,8,0.3231154244679671,0.8257918560127328,0.001,0.7866666666666666,0.8111571771871803,0.6538461538461539,1.0,"[0.8360655737704918, 0.7547169811320755, 1.0, 0.6538461538461539]","[0.3786025419220573, 0.5194978248679413, 0.03163077244535088, 0.558521892875433]","[0.8055555555555556, 0.7692307692307693]","[[0.8484848484848485, 0.8214285714285714], [0.9090909090909091, 0.5], [null, 1.0], [0.0, 0.85]]","[61, 53, 10, 26]","[0.28353163599967957, 0.24989430606365204, 0.19757062196731567, 0.26900339126586914]","[0.4888888895511627, 0.42020201683044434, 0.04040404036641121, 0.05050504952669144]",0.0
"{""use_fedheart"": true, ""num_classes"": 2, ""stratified_batching"": true, ""train_frac"": 0.8, ""group_max_train_samples"": [null, null, 20, 25], ""batch_size"": 64, ""num_workers"": 0, ""epochs"": 100, ""early_stopping_patience"": 30, ""lr"": 0.001, ""weight_decay"": 0.0001, ""optimizer"": ""adam"", ""grad_clip"": 1.0, ""lr_scheduler"": ""cosine"", ""lr_min"": 1e-05, ""latent_dim"": 64, ""head_hidden"": 32, ""anchor_eps"": 0.0001, ""sep_samples_per_class"": 4, ""sep_method"": ""classifier"", ""sep_margin"": 1.0, ""lambda_fit"": 0.001, ""lambda_sep"": 0.001, ""log_interval"": 20, ""save_every"": 10, ""groups"": [{""name"": ""cleveland"", ""encoder"": ""mlp_tabular_ln"", ""input_dim"": 13, ""hidden_dim"": 64, ""dropout"": 0.1}, {""name"": ""hungarian"", ""encoder"": ""mlp_tabular_ln"", ""input_dim"": 12, ""hidden_dim"": 64, ""dropout"": 0.1}, {""name"": ""switzerland"", ""encoder"": ""mlp_tabular_ln"", ""input_dim"": 12, ""hidden_dim"": 64, ""dropout"": 0.1}, {""name"": ""va_long_beach"", ""encoder"": ""mlp_tabular_ln"", ""input_dim"": 11, ""hidden_dim"": 64, ""dropout"": 0.1}], ""seed"": 1337, ""run_dir"": ""runs/sweep_A_gdro_s1337"", ""run_name"": ""sweep_A_gdro"", ""true_hetero_input_dim"": true, ""feature_mask"": [null, [0, 1, 2, 4, 5, 6, 7, 8, 9, 10, 11, 12], [0, 1, 2, 3, 5, 6, 7, 8, 9, 10, 11, 12], [0, 1, 2, 3, 4, 5, 6, 7, 8, 9, 10]], ""groupdro_enabled"": true, ""groupdro_eta"": 1.0, ""groupdro_gamma"": 0.9, ""groupdro_update_mode"": ""softmax"", ""groupdro_objective"": ""weighted"", ""groupdro_kl_lambda"": 0.0, ""groupdro_uniform_init"": true}","{""num_groups"": 4, ""num_classes"": 2, ""train_total"": 495, ""test_total"": 150, ""train_group_counts"": [242, 208, 20, 25], ""test_group_counts"": [61, 53, 10, 26], ""train_class_counts"": [269, 226], ""test_class_counts"": [72, 78], ""train_group_class_counts"": [[131, 111], [130, 78], [1, 19], [7, 18]], ""test_group_class_counts"": [[33, 28], [33, 20], [0, 10], [6, 20]], ""group_proportions"": [0.4888888888888889, 0.4202020202020202, 0.04040404040404041, 0.050505050505050504]}","{""num_groups"": 4, ""eta"": 1.0, ""update_mode"": ""softmax"", ""robust_objective"": ""weighted"", ""gamma"": 0.9, ""kl_lambda"": 0.0, ""initial_pi"": [0.4888888895511627, 0.42020201683044434, 0.04040404036641121, 0.05050504952669144]}",2026-03-23T10:47:42.870530,9,0.3459407595487741,0.8280542970243083,0.001,0.7866666666666666,0.8160555806704894,0.6923076923076923,1.0,"[0.8360655737704918, 0.7358490566037735, 1.0, 0.6923076923076923]","[0.38904292368498006, 0.5193445171176825, 0.03270426895469427, 0.568984733751187]","[0.7916666666666666, 0.782051282051282]","[[0.8484848484848485, 0.8214285714285714], [0.8787878787878788, 0.5], [null, 1.0], [0.0, 0.9]]","[61, 53, 10, 26]","[0.33648133277893066, 0.2311587631702423, 0.190669447183609, 0.2416904866695404]","[0.4888888895511627, 0.42020201683044434, 0.04040404036641121, 0.05050504952669144]",0.0
"{""use_fedheart"": true, ""num_classes"": 2, ""stratified_batching"": true, ""train_frac"": 0.8, ""group_max_train_samples"": [null, null, 20, 25], ""batch_size"": 64, ""num_workers"": 0, ""epochs"": 100, ""early_stopping_patience"": 30, ""lr"": 0.001, ""weight_decay"": 0.0001, ""optimizer"": ""adam"", ""grad_clip"": 1.0, ""lr_scheduler"": ""cosine"", ""lr_min"": 1e-05, ""latent_dim"": 64, ""head_hidden"": 32, ""anchor_eps"": 0.0001, ""sep_samples_per_class"": 4, ""sep_method"": ""classifier"", ""sep_margin"": 1.0, ""lambda_fit"": 0.001, ""lambda_sep"": 0.001, ""log_interval"": 20, ""save_every"": 10, ""groups"": [{""name"": ""cleveland"", ""encoder"": ""mlp_tabular_ln"", ""input_dim"": 13, ""hidden_dim"": 64, ""dropout"": 0.1}, {""name"": ""hungarian"", ""encoder"": ""mlp_tabular_ln"", ""input_dim"": 12, ""hidden_dim"": 64, ""dropout"": 0.1}, {""name"": ""switzerland"", ""encoder"": ""mlp_tabular_ln"", ""input_dim"": 12, ""hidden_dim"": 64, ""dropout"": 0.1}, {""name"": ""va_long_beach"", ""encoder"": ""mlp_tabular_ln"", ""input_dim"": 11, ""hidden_dim"": 64, ""dropout"": 0.1}], ""seed"": 1337, ""run_dir"": ""runs/sweep_A_gdro_s1337"", ""run_name"": ""sweep_A_gdro"", ""true_hetero_input_dim"": true, ""feature_mask"": [null, [0, 1, 2, 4, 5, 6, 7, 8, 9, 10, 11, 12], [0, 1, 2, 3, 5, 6, 7, 8, 9, 10, 11, 12], [0, 1, 2, 3, 4, 5, 6, 7, 8, 9, 10]], ""groupdro_enabled"": true, ""groupdro_eta"": 1.0, ""groupdro_gamma"": 0.9, ""groupdro_update_mode"": ""softmax"", ""groupdro_objective"": ""weighted"", ""groupdro_kl_lambda"": 0.0, ""groupdro_uniform_init"": true}","{""num_groups"": 4, ""num_classes"": 2, ""train_total"": 495, ""test_total"": 150, ""train_group_counts"": [242, 208, 20, 25], ""test_group_counts"": [61, 53, 10, 26], ""train_class_counts"": [269, 226], ""test_class_counts"": [72, 78], ""train_group_class_counts"": [[131, 111], [130, 78], [1, 19], [7, 18]], ""test_group_class_counts"": [[33, 28], [33, 20], [0, 10], [6, 20]], ""group_proportions"": [0.4888888888888889, 0.4202020202020202, 0.04040404040404041, 0.050505050505050504]}","{""num_groups"": 4, ""eta"": 1.0, ""update_mode"": ""softmax"", ""robust_objective"": ""weighted"", ""gamma"": 0.9, ""kl_lambda"": 0.0, ""initial_pi"": [0.4888888895511627, 0.42020201683044434, 0.04040404036641121, 0.05050504952669144]}",2026-03-23T10:47:42.870530,10,0.3444936186479767,0.8303167428905608,0.001,0.7866666666666666,0.8056401532275334,0.6153846153846154,1.0,"[0.8524590163934426, 0.7547169811320755, 1.0, 0.6153846153846154]","[0.38232332400855473, 0.5326789090726173, 0.039247287809848784, 0.5808661115857271]","[0.8333333333333334, 0.7435897435897436]","[[0.8787878787878788, 0.8214285714285714], [0.9393939393939394, 0.45], [null, 1.0], [0.0, 0.8]]","[61, 53, 10, 26]","[0.2865619957447052, 0.2589462697505951, 0.18910638988018036, 0.2653854191303253]","[0.4888888895511627, 0.42020201683044434, 0.04040404036641121, 0.05050504952669144]",0.0
"{""use_fedheart"": true, ""num_classes"": 2, ""stratified_batching"": true, ""train_frac"": 0.8, ""group_max_train_samples"": [null, null, 20, 25], ""batch_size"": 64, ""num_workers"": 0, ""epochs"": 100, ""early_stopping_patience"": 30, ""lr"": 0.001, ""weight_decay"": 0.0001, ""optimizer"": ""adam"", ""grad_clip"": 1.0, ""lr_scheduler"": ""cosine"", ""lr_min"": 1e-05, ""latent_dim"": 64, ""head_hidden"": 32, ""anchor_eps"": 0.0001, ""sep_samples_per_class"": 4, ""sep_method"": ""classifier"", ""sep_margin"": 1.0, ""lambda_fit"": 0.001, ""lambda_sep"": 0.001, ""log_interval"": 20, ""save_every"": 10, ""groups"": [{""name"": ""cleveland"", ""encoder"": ""mlp_tabular_ln"", ""input_dim"": 13, ""hidden_dim"": 64, ""dropout"": 0.1}, {""name"": ""hungarian"", ""encoder"": ""mlp_tabular_ln"", ""input_dim"": 12, ""hidden_dim"": 64, ""dropout"": 0.1}, {""name"": ""switzerland"", ""encoder"": ""mlp_tabular_ln"", ""input_dim"": 12, ""hidden_dim"": 64, ""dropout"": 0.1}, {""name"": ""va_long_beach"", ""encoder"": ""mlp_tabular_ln"", ""input_dim"": 11, ""hidden_dim"": 64, ""dropout"": 0.1}], ""seed"": 1337, ""run_dir"": ""runs/sweep_A_gdro_s1337"", ""run_name"": ""sweep_A_gdro"", ""true_hetero_input_dim"": true, ""feature_mask"": [null, [0, 1, 2, 4, 5, 6, 7, 8, 9, 10, 11, 12], [0, 1, 2, 3, 5, 6, 7, 8, 9, 10, 11, 12], [0, 1, 2, 3, 4, 5, 6, 7, 8, 9, 10]], ""groupdro_enabled"": true, ""groupdro_eta"": 1.0, ""groupdro_gamma"": 0.9, ""groupdro_update_mode"": ""softmax"", ""groupdro_objective"": ""weighted"", ""groupdro_kl_lambda"": 0.0, ""groupdro_uniform_init"": true}","{""num_groups"": 4, ""num_classes"": 2, ""train_total"": 495, ""test_total"": 150, ""train_group_counts"": [242, 208, 20, 25], ""test_group_counts"": [61, 53, 10, 26], ""train_class_counts"": [269, 226], ""test_class_counts"": [72, 78], ""train_group_class_counts"": [[131, 111], [130, 78], [1, 19], [7, 18]], ""test_group_class_counts"": [[33, 28], [33, 20], [0, 10], [6, 20]], ""group_proportions"": [0.4888888888888889, 0.4202020202020202, 0.04040404040404041, 0.050505050505050504]}","{""num_groups"": 4, ""eta"": 1.0, ""update_mode"": ""softmax"", ""robust_objective"": ""weighted"", ""gamma"": 0.9, ""kl_lambda"": 0.0, ""initial_pi"": [0.4888888895511627, 0.42020201683044434, 0.04040404036641121, 0.05050504952669144]}",2026-03-23T10:47:42.870530,11,0.3187895557459663,0.8574660665848676,0.001,0.78,0.805821575578767,0.6538461538461539,1.0,"[0.8524590163934426, 0.7169811320754716, 1.0, 0.6538461538461539]","[0.38577467804683035, 0.5290439018874236, 0.043952579330652955, 0.5879026606965524]","[0.8194444444444444, 0.7435897435897436]","[[0.8787878787878788, 0.8214285714285714], [0.9090909090909091, 0.4], [null, 1.0], [0.0, 0.85]]","[61, 53, 10, 26]","[0.266152024269104, 0.26893576979637146, 0.20897407829761505, 0.2559380829334259]","[0.4888888895511627, 0.42020201683044434, 0.04040404036641121, 0.05050504952669144]",0.0
"{""use_fedheart"": true, ""num_classes"": 2, ""stratified_batching"": true, ""train_frac"": 0.8, ""group_max_train_samples"": [null, null, 20, 25], ""batch_size"": 64, ""num_workers"": 0, ""epochs"": 100, ""early_stopping_patience"": 30, ""lr"": 0.001, ""weight_decay"": 0.0001, ""optimizer"": ""adam"", ""grad_clip"": 1.0, ""lr_scheduler"": ""cosine"", ""lr_min"": 1e-05, ""latent_dim"": 64, ""head_hidden"": 32, ""anchor_eps"": 0.0001, ""sep_samples_per_class"": 4, ""sep_method"": ""classifier"", ""sep_margin"": 1.0, ""lambda_fit"": 0.001, ""lambda_sep"": 0.001, ""log_interval"": 20, ""save_every"": 10, ""groups"": [{""name"": ""cleveland"", ""encoder"": ""mlp_tabular_ln"", ""input_dim"": 13, ""hidden_dim"": 64, ""dropout"": 0.1}, {""name"": ""hungarian"", ""encoder"": ""mlp_tabular_ln"", ""input_dim"": 12, ""hidden_dim"": 64, ""dropout"": 0.1}, {""name"": ""switzerland"", ""encoder"": ""mlp_tabular_ln"", ""input_dim"": 12, ""hidden_dim"": 64, ""dropout"": 0.1}, {""name"": ""va_long_beach"", ""encoder"": ""mlp_tabular_ln"", ""input_dim"": 11, ""hidden_dim"": 64, ""dropout"": 0.1}], ""seed"": 1337, ""run_dir"": ""runs/sweep_A_gdro_s1337"", ""run_name"": ""sweep_A_gdro"", ""true_hetero_input_dim"": true, ""feature_mask"": [null, [0, 1, 2, 4, 5, 6, 7, 8, 9, 10, 11, 12], [0, 1, 2, 3, 5, 6, 7, 8, 9, 10, 11, 12], [0, 1, 2, 3, 4, 5, 6, 7, 8, 9, 10]], ""groupdro_enabled"": true, ""groupdro_eta"": 1.0, ""groupdro_gamma"": 0.9, ""groupdro_update_mode"": ""softmax"", ""groupdro_objective"": ""weighted"", ""groupdro_kl_lambda"": 0.0, ""groupdro_uniform_init"": true}","{""num_groups"": 4, ""num_classes"": 2, ""train_total"": 495, ""test_total"": 150, ""train_group_counts"": [242, 208, 20, 25], ""test_group_counts"": [61, 53, 10, 26], ""train_class_counts"": [269, 226], ""test_class_counts"": [72, 78], ""train_group_class_counts"": [[131, 111], [130, 78], [1, 19], [7, 18]], ""test_group_class_counts"": [[33, 28], [33, 20], [0, 10], [6, 20]], ""group_proportions"": [0.4888888888888889, 0.4202020202020202, 0.04040404040404041, 0.050505050505050504]}","{""num_groups"": 4, ""eta"": 1.0, ""update_mode"": ""softmax"", ""robust_objective"": ""weighted"", ""gamma"": 0.9, ""kl_lambda"": 0.0, ""initial_pi"": [0.4888888895511627, 0.42020201683044434, 0.04040404036641121, 0.05050504952669144]}",2026-03-23T10:47:42.870530,12,0.3390702129219452,0.8665158403405236,0.001,0.78,0.805821575578767,0.6538461538461539,1.0,"[0.8524590163934426, 0.7169811320754716, 1.0, 0.6538461538461539]","[0.3909166506262588, 0.515503581718735, 0.048655412439256904, 0.5854943986408986]","[0.8472222222222222, 0.717948717948718]","[[0.8787878787878788, 0.8214285714285714], [0.9393939393939394, 0.35], [null, 1.0], [0.16666666666666666, 0.8]]","[61, 53, 10, 26]","[0.2891071140766144, 0.21810847520828247, 0.18745192885398865, 0.3053324520587921]","[0.4888888895511627, 0.42020201683044434, 0.04040404036641121, 0.05050504952669144]",0.0
"{""use_fedheart"": true, ""num_classes"": 2, ""stratified_batching"": true, ""train_frac"": 0.8, ""group_max_train_samples"": [null, null, 20, 25], ""batch_size"": 64, ""num_workers"": 0, ""epochs"": 100, ""early_stopping_patience"": 30, ""lr"": 0.001, ""weight_decay"": 0.0001, ""optimizer"": ""adam"", ""grad_clip"": 1.0, ""lr_scheduler"": ""cosine"", ""lr_min"": 1e-05, ""latent_dim"": 64, ""head_hidden"": 32, ""anchor_eps"": 0.0001, ""sep_samples_per_class"": 4, ""sep_method"": ""classifier"", ""sep_margin"": 1.0, ""lambda_fit"": 0.001, ""lambda_sep"": 0.001, ""log_interval"": 20, ""save_every"": 10, ""groups"": [{""name"": ""cleveland"", ""encoder"": ""mlp_tabular_ln"", ""input_dim"": 13, ""hidden_dim"": 64, ""dropout"": 0.1}, {""name"": ""hungarian"", ""encoder"": ""mlp_tabular_ln"", ""input_dim"": 12, ""hidden_dim"": 64, ""dropout"": 0.1}, {""name"": ""switzerland"", ""encoder"": ""mlp_tabular_ln"", ""input_dim"": 12, ""hidden_dim"": 64, ""dropout"": 0.1}, {""name"": ""va_long_beach"", ""encoder"": ""mlp_tabular_ln"", ""input_dim"": 11, ""hidden_dim"": 64, ""dropout"": 0.1}], ""seed"": 1337, ""run_dir"": ""runs/sweep_A_gdro_s1337"", ""run_name"": ""sweep_A_gdro"", ""true_hetero_input_dim"": true, ""feature_mask"": [null, [0, 1, 2, 4, 5, 6, 7, 8, 9, 10, 11, 12], [0, 1, 2, 3, 5, 6, 7, 8, 9, 10, 11, 12], [0, 1, 2, 3, 4, 5, 6, 7, 8, 9, 10]], ""groupdro_enabled"": true, ""groupdro_eta"": 1.0, ""groupdro_gamma"": 0.9, ""groupdro_update_mode"": ""softmax"", ""groupdro_objective"": ""weighted"", ""groupdro_kl_lambda"": 0.0, ""groupdro_uniform_init"": true}","{""num_groups"": 4, ""num_classes"": 2, ""train_total"": 495, ""test_total"": 150, ""train_group_counts"": [242, 208, 20, 25], ""test_group_counts"": [61, 53, 10, 26], ""train_class_counts"": [269, 226], ""test_class_counts"": [72, 78], ""train_group_class_counts"": [[131, 111], [130, 78], [1, 19], [7, 18]], ""test_group_class_counts"": [[33, 28], [33, 20], [0, 10], [6, 20]], ""group_proportions"": [0.4888888888888889, 0.4202020202020202, 0.04040404040404041, 0.050505050505050504]}","{""num_groups"": 4, ""eta"": 1.0, ""update_mode"": ""softmax"", ""robust_objective"": ""weighted"", ""gamma"": 0.9, ""kl_lambda"": 0.0, ""initial_pi"": [0.4888888895511627, 0.42020201683044434, 0.04040404036641121, 0.05050504952669144]}",2026-03-23T10:47:42.870530,13,0.2694872413420569,0.8687782786550565,0.001,0.7733333333333333,0.8072402388826763,0.6923076923076923,1.0,"[0.819672131147541, 0.7169811320754716, 1.0, 0.6923076923076923]","[0.4140597648735418, 0.5200119192167273, 0.07074015326797962, 0.6074601157496755]","[0.8194444444444444, 0.7307692307692307]","[[0.8181818181818182, 0.8214285714285714], [0.9393939393939394, 0.35], [null, 1.0], [0.16666666666666666, 0.85]]","[61, 53, 10, 26]","[0.30798694491386414, 0.27889367938041687, 0.20413173735141754, 0.20898763835430145]","[0.4888888895511627, 0.42020201683044434, 0.04040404036641121, 0.05050504952669144]",0.0
"{""use_fedheart"": true, ""num_classes"": 2, ""stratified_batching"": true, ""train_frac"": 0.8, ""group_max_train_samples"": [null, null, 20, 25], ""batch_size"": 64, ""num_workers"": 0, ""epochs"": 100, ""early_stopping_patience"": 30, ""lr"": 0.001, ""weight_decay"": 0.0001, ""optimizer"": ""adam"", ""grad_clip"": 1.0, ""lr_scheduler"": ""cosine"", ""lr_min"": 1e-05, ""latent_dim"": 64, ""head_hidden"": 32, ""anchor_eps"": 0.0001, ""sep_samples_per_class"": 4, ""sep_method"": ""classifier"", ""sep_margin"": 1.0, ""lambda_fit"": 0.001, ""lambda_sep"": 0.001, ""log_interval"": 20, ""save_every"": 10, ""groups"": [{""name"": ""cleveland"", ""encoder"": ""mlp_tabular_ln"", ""input_dim"": 13, ""hidden_dim"": 64, ""dropout"": 0.1}, {""name"": ""hungarian"", ""encoder"": ""mlp_tabular_ln"", ""input_dim"": 12, ""hidden_dim"": 64, ""dropout"": 0.1}, {""name"": ""switzerland"", ""encoder"": ""mlp_tabular_ln"", ""input_dim"": 12, ""hidden_dim"": 64, ""dropout"": 0.1}, {""name"": ""va_long_beach"", ""encoder"": ""mlp_tabular_ln"", ""input_dim"": 11, ""hidden_dim"": 64, ""dropout"": 0.1}], ""seed"": 1337, ""run_dir"": ""runs/sweep_A_gdro_s1337"", ""run_name"": ""sweep_A_gdro"", ""true_hetero_input_dim"": true, ""feature_mask"": [null, [0, 1, 2, 4, 5, 6, 7, 8, 9, 10, 11, 12], [0, 1, 2, 3, 5, 6, 7, 8, 9, 10, 11, 12], [0, 1, 2, 3, 4, 5, 6, 7, 8, 9, 10]], ""groupdro_enabled"": true, ""groupdro_eta"": 1.0, ""groupdro_gamma"": 0.9, ""groupdro_update_mode"": ""softmax"", ""groupdro_objective"": ""weighted"", ""groupdro_kl_lambda"": 0.0, ""groupdro_uniform_init"": true}","{""num_groups"": 4, ""num_classes"": 2, ""train_total"": 495, ""test_total"": 150, ""train_group_counts"": [242, 208, 20, 25], ""test_group_counts"": [61, 53, 10, 26], ""train_class_counts"": [269, 226], ""test_class_counts"": [72, 78], ""train_group_class_counts"": [[131, 111], [130, 78], [1, 19], [7, 18]], ""test_group_class_counts"": [[33, 28], [33, 20], [0, 10], [6, 20]], ""group_proportions"": [0.4888888888888889, 0.4202020202020202, 0.04040404040404041, 0.050505050505050504]}","{""num_groups"": 4, ""eta"": 1.0, ""update_mode"": ""softmax"", ""robust_objective"": ""weighted"", ""gamma"": 0.9, ""kl_lambda"": 0.0, ""initial_pi"": [0.4888888895511627, 0.42020201683044434, 0.04040404036641121, 0.05050504952669144]}",2026-03-23T10:47:42.870530,14,0.2967685896616716,0.8461538496600017,0.001,0.7666666666666667,0.7877572628423232,0.7169811320754716,0.9,"[0.8032786885245902, 0.7169811320754716, 0.9, 0.7307692307692307]","[0.42883370459446163, 0.5414061100345176, 0.08093258598819375, 0.6576325103210715]","[0.75, 0.782051282051282]","[[0.7575757575757576, 0.8571428571428571], [0.8787878787878788, 0.45], [null, 0.9], [0.0, 0.95]]","[61, 53, 10, 26]","[0.3175726532936096, 0.25727713108062744, 0.19849812984466553, 0.226652130484581]","[0.4888888895511627, 0.42020201683044434, 0.04040404036641121, 0.05050504952669144]",0.0
"{""use_fedheart"": true, ""num_classes"": 2, ""stratified_batching"": true, ""train_frac"": 0.8, ""group_max_train_samples"": [null, null, 20, 25], ""batch_size"": 64, ""num_workers"": 0, ""epochs"": 100, ""early_stopping_patience"": 30, ""lr"": 0.001, ""weight_decay"": 0.0001, ""optimizer"": ""adam"", ""grad_clip"": 1.0, ""lr_scheduler"": ""cosine"", ""lr_min"": 1e-05, ""latent_dim"": 64, ""head_hidden"": 32, ""anchor_eps"": 0.0001, ""sep_samples_per_class"": 4, ""sep_method"": ""classifier"", ""sep_margin"": 1.0, ""lambda_fit"": 0.001, ""lambda_sep"": 0.001, ""log_interval"": 20, ""save_every"": 10, ""groups"": [{""name"": ""cleveland"", ""encoder"": ""mlp_tabular_ln"", ""input_dim"": 13, ""hidden_dim"": 64, ""dropout"": 0.1}, {""name"": ""hungarian"", ""encoder"": ""mlp_tabular_ln"", ""input_dim"": 12, ""hidden_dim"": 64, ""dropout"": 0.1}, {""name"": ""switzerland"", ""encoder"": ""mlp_tabular_ln"", ""input_dim"": 12, ""hidden_dim"": 64, ""dropout"": 0.1}, {""name"": ""va_long_beach"", ""encoder"": ""mlp_tabular_ln"", ""input_dim"": 11, ""hidden_dim"": 64, ""dropout"": 0.1}], ""seed"": 1337, ""run_dir"": ""runs/sweep_A_gdro_s1337"", ""run_name"": ""sweep_A_gdro"", ""true_hetero_input_dim"": true, ""feature_mask"": [null, [0, 1, 2, 4, 5, 6, 7, 8, 9, 10, 11, 12], [0, 1, 2, 3, 5, 6, 7, 8, 9, 10, 11, 12], [0, 1, 2, 3, 4, 5, 6, 7, 8, 9, 10]], ""groupdro_enabled"": true, ""groupdro_eta"": 1.0, ""groupdro_gamma"": 0.9, ""groupdro_update_mode"": ""softmax"", ""groupdro_objective"": ""weighted"", ""groupdro_kl_lambda"": 0.0, ""groupdro_uniform_init"": true}","{""num_groups"": 4, ""num_classes"": 2, ""train_total"": 495, ""test_total"": 150, ""train_group_counts"": [242, 208, 20, 25], ""test_group_counts"": [61, 53, 10, 26], ""train_class_counts"": [269, 226], ""test_class_counts"": [72, 78], ""train_group_class_counts"": [[131, 111], [130, 78], [1, 19], [7, 18]], ""test_group_class_counts"": [[33, 28], [33, 20], [0, 10], [6, 20]], ""group_proportions"": [0.4888888888888889, 0.4202020202020202, 0.04040404040404041, 0.050505050505050504]}","{""num_groups"": 4, ""eta"": 1.0, ""update_mode"": ""softmax"", ""robust_objective"": ""weighted"", ""gamma"": 0.9, ""kl_lambda"": 0.0, ""initial_pi"": [0.4888888895511627, 0.42020201683044434, 0.04040404036641121, 0.05050504952669144]}",2026-03-23T10:47:42.870530,15,0.2608071472580077,0.8733031676905187,0.001,0.7666666666666667,0.7871386423659854,0.6981132075471698,0.9,"[0.819672131147541, 0.6981132075471698, 0.9, 0.7307692307692307]","[0.41888680866324024, 0.5559779527720135, 0.08809701325371862, 0.7129555482847186]","[0.7777777777777778, 0.7564102564102564]","[[0.8181818181818182, 0.8214285714285714], [0.8787878787878788, 0.4], [null, 0.9], [0.0, 0.95]]","[61, 53, 10, 26]","[0.24324029684066772, 0.26073652505874634, 0.2688092887401581, 0.22721385955810547]","[0.4888888895511627, 0.42020201683044434, 0.04040404036641121, 0.05050504952669144]",0.0
"{""use_fedheart"": true, ""num_classes"": 2, ""stratified_batching"": true, ""train_frac"": 0.8, ""group_max_train_samples"": [null, null, 20, 25], ""batch_size"": 64, ""num_workers"": 0, ""epochs"": 100, ""early_stopping_patience"": 30, ""lr"": 0.001, ""weight_decay"": 0.0001, ""optimizer"": ""adam"", ""grad_clip"": 1.0, ""lr_scheduler"": ""cosine"", ""lr_min"": 1e-05, ""latent_dim"": 64, ""head_hidden"": 32, ""anchor_eps"": 0.0001, ""sep_samples_per_class"": 4, ""sep_method"": ""classifier"", ""sep_margin"": 1.0, ""lambda_fit"": 0.001, ""lambda_sep"": 0.001, ""log_interval"": 20, ""save_every"": 10, ""groups"": [{""name"": ""cleveland"", ""encoder"": ""mlp_tabular_ln"", ""input_dim"": 13, ""hidden_dim"": 64, ""dropout"": 0.1}, {""name"": ""hungarian"", ""encoder"": ""mlp_tabular_ln"", ""input_dim"": 12, ""hidden_dim"": 64, ""dropout"": 0.1}, {""name"": ""switzerland"", ""encoder"": ""mlp_tabular_ln"", ""input_dim"": 12, ""hidden_dim"": 64, ""dropout"": 0.1}, {""name"": ""va_long_beach"", ""encoder"": ""mlp_tabular_ln"", ""input_dim"": 11, ""hidden_dim"": 64, ""dropout"": 0.1}], ""seed"": 1337, ""run_dir"": ""runs/sweep_A_gdro_s1337"", ""run_name"": ""sweep_A_gdro"", ""true_hetero_input_dim"": true, ""feature_mask"": [null, [0, 1, 2, 4, 5, 6, 7, 8, 9, 10, 11, 12], [0, 1, 2, 3, 5, 6, 7, 8, 9, 10, 11, 12], [0, 1, 2, 3, 4, 5, 6, 7, 8, 9, 10]], ""groupdro_enabled"": true, ""groupdro_eta"": 1.0, ""groupdro_gamma"": 0.9, ""groupdro_update_mode"": ""softmax"", ""groupdro_objective"": ""weighted"", ""groupdro_kl_lambda"": 0.0, ""groupdro_uniform_init"": true}","{""num_groups"": 4, ""num_classes"": 2, ""train_total"": 495, ""test_total"": 150, ""train_group_counts"": [242, 208, 20, 25], ""test_group_counts"": [61, 53, 10, 26], ""train_class_counts"": [269, 226], ""test_class_counts"": [72, 78], ""train_group_class_counts"": [[131, 111], [130, 78], [1, 19], [7, 18]], ""test_group_class_counts"": [[33, 28], [33, 20], [0, 10], [6, 20]], ""group_proportions"": [0.4888888888888889, 0.4202020202020202, 0.04040404040404041, 0.050505050505050504]}","{""num_groups"": 4, ""eta"": 1.0, ""update_mode"": ""softmax"", ""robust_objective"": ""weighted"", ""gamma"": 0.9, ""kl_lambda"": 0.0, ""initial_pi"": [0.4888888895511627, 0.42020201683044434, 0.04040404036641121, 0.05050504952669144]}",2026-03-23T10:47:42.870530,16,0.2420595347611613,0.8778280524107126,0.001,0.7866666666666666,0.8049507482928454,0.6981132075471698,0.9,"[0.8524590163934426, 0.6981132075471698, 0.9, 0.7692307692307693]","[0.41438433324887614, 0.5574912511884182, 0.10548021555878222, 0.7550197467207909]","[0.8055555555555556, 0.7692307692307693]","[[0.8787878787878788, 0.8214285714285714], [0.8787878787878788, 0.4], [null, 0.9], [0.0, 1.0]]","[61, 53, 10, 26]","[0.23795494437217712, 0.22057639062404633, 0.18231020867824554, 0.359158456325531]","[0.4888888895511627, 0.42020201683044434, 0.04040404036641121, 0.05050504952669144]",0.0
"{""use_fedheart"": true, ""num_classes"": 2, ""stratified_batching"": true, ""train_frac"": 0.8, ""group_max_train_samples"": [null, null, 20, 25], ""batch_size"": 64, ""num_workers"": 0, ""epochs"": 100, ""early_stopping_patience"": 30, ""lr"": 0.001, ""weight_decay"": 0.0001, ""optimizer"": ""adam"", ""grad_clip"": 1.0, ""lr_scheduler"": ""cosine"", ""lr_min"": 1e-05, ""latent_dim"": 64, ""head_hidden"": 32, ""anchor_eps"": 0.0001, ""sep_samples_per_class"": 4, ""sep_method"": ""classifier"", ""sep_margin"": 1.0, ""lambda_fit"": 0.001, ""lambda_sep"": 0.001, ""log_interval"": 20, ""save_every"": 10, ""groups"": [{""name"": ""cleveland"", ""encoder"": ""mlp_tabular_ln"", ""input_dim"": 13, ""hidden_dim"": 64, ""dropout"": 0.1}, {""name"": ""hungarian"", ""encoder"": ""mlp_tabular_ln"", ""input_dim"": 12, ""hidden_dim"": 64, ""dropout"": 0.1}, {""name"": ""switzerland"", ""encoder"": ""mlp_tabular_ln"", ""input_dim"": 12, ""hidden_dim"": 64, ""dropout"": 0.1}, {""name"": ""va_long_beach"", ""encoder"": ""mlp_tabular_ln"", ""input_dim"": 11, ""hidden_dim"": 64, ""dropout"": 0.1}], ""seed"": 1337, ""run_dir"": ""runs/sweep_A_gdro_s1337"", ""run_name"": ""sweep_A_gdro"", ""true_hetero_input_dim"": true, ""feature_mask"": [null, [0, 1, 2, 4, 5, 6, 7, 8, 9, 10, 11, 12], [0, 1, 2, 3, 5, 6, 7, 8, 9, 10, 11, 12], [0, 1, 2, 3, 4, 5, 6, 7, 8, 9, 10]], ""groupdro_enabled"": true, ""groupdro_eta"": 1.0, ""groupdro_gamma"": 0.9, ""groupdro_update_mode"": ""softmax"", ""groupdro_objective"": ""weighted"", ""groupdro_kl_lambda"": 0.0, ""groupdro_uniform_init"": true}","{""num_groups"": 4, ""num_classes"": 2, ""train_total"": 495, ""test_total"": 150, ""train_group_counts"": [242, 208, 20, 25], ""test_group_counts"": [61, 53, 10, 26], ""train_class_counts"": [269, 226], ""test_class_counts"": [72, 78], ""train_group_class_counts"": [[131, 111], [130, 78], [1, 19], [7, 18]], ""test_group_class_counts"": [[33, 28], [33, 20], [0, 10], [6, 20]], ""group_proportions"": [0.4888888888888889, 0.4202020202020202, 0.04040404040404041, 0.050505050505050504]}","{""num_groups"": 4, ""eta"": 1.0, ""update_mode"": ""softmax"", ""robust_objective"": ""weighted"", ""gamma"": 0.9, ""kl_lambda"": 0.0, ""initial_pi"": [0.4888888895511627, 0.42020201683044434, 0.04040404036641121, 0.05050504952669144]}",2026-03-23T10:47:42.870530,17,0.2443532958559321,0.8914027157412395,0.001,0.7933333333333333,0.8102863499012587,0.7358490566037735,0.9,"[0.8360655737704918, 0.7358490566037735, 0.9, 0.7692307692307693]","[0.4241956673318245, 0.5598154368740067, 0.11840927933808416, 0.7827175105563723]","[0.8194444444444444, 0.7692307692307693]","[[0.8484848484848485, 0.8214285714285714], [0.9393939393939394, 0.4], [null, 0.9], [0.0, 1.0]]","[61, 53, 10, 26]","[0.2140333503484726, 0.2182263880968094, 0.16518528759479523, 0.4025549590587616]","[0.4888888895511627, 0.42020201683044434, 0.04040404036641121, 0.05050504952669144]",0.0
"{""use_fedheart"": true, ""num_classes"": 2, ""stratified_batching"": true, ""train_frac"": 0.8, ""group_max_train_samples"": [null, null, 20, 25], ""batch_size"": 64, ""num_workers"": 0, ""epochs"": 100, ""early_stopping_patience"": 30, ""lr"": 0.001, ""weight_decay"": 0.0001, ""optimizer"": ""adam"", ""grad_clip"": 1.0, ""lr_scheduler"": ""cosine"", ""lr_min"": 1e-05, ""latent_dim"": 64, ""head_hidden"": 32, ""anchor_eps"": 0.0001, ""sep_samples_per_class"": 4, ""sep_method"": ""classifier"", ""sep_margin"": 1.0, ""lambda_fit"": 0.001, ""lambda_sep"": 0.001, ""log_interval"": 20, ""save_every"": 10, ""groups"": [{""name"": ""cleveland"", ""encoder"": ""mlp_tabular_ln"", ""input_dim"": 13, ""hidden_dim"": 64, ""dropout"": 0.1}, {""name"": ""hungarian"", ""encoder"": ""mlp_tabular_ln"", ""input_dim"": 12, ""hidden_dim"": 64, ""dropout"": 0.1}, {""name"": ""switzerland"", ""encoder"": ""mlp_tabular_ln"", ""input_dim"": 12, ""hidden_dim"": 64, ""dropout"": 0.1}, {""name"": ""va_long_beach"", ""encoder"": ""mlp_tabular_ln"", ""input_dim"": 11, ""hidden_dim"": 64, ""dropout"": 0.1}], ""seed"": 1337, ""run_dir"": ""runs/sweep_A_gdro_s1337"", ""run_name"": ""sweep_A_gdro"", ""true_hetero_input_dim"": true, ""feature_mask"": [null, [0, 1, 2, 4, 5, 6, 7, 8, 9, 10, 11, 12], [0, 1, 2, 3, 5, 6, 7, 8, 9, 10, 11, 12], [0, 1, 2, 3, 4, 5, 6, 7, 8, 9, 10]], ""groupdro_enabled"": true, ""groupdro_eta"": 1.0, ""groupdro_gamma"": 0.9, ""groupdro_update_mode"": ""softmax"", ""groupdro_objective"": ""weighted"", ""groupdro_kl_lambda"": 0.0, ""groupdro_uniform_init"": true}","{""num_groups"": 4, ""num_classes"": 2, ""train_total"": 495, ""test_total"": 150, ""train_group_counts"": [242, 208, 20, 25], ""test_group_counts"": [61, 53, 10, 26], ""train_class_counts"": [269, 226], ""test_class_counts"": [72, 78], ""train_group_class_counts"": [[131, 111], [130, 78], [1, 19], [7, 18]], ""test_group_class_counts"": [[33, 28], [33, 20], [0, 10], [6, 20]], ""group_proportions"": [0.4888888888888889, 0.4202020202020202, 0.04040404040404041, 0.050505050505050504]}","{""num_groups"": 4, ""eta"": 1.0, ""update_mode"": ""softmax"", ""robust_objective"": ""weighted"", ""gamma"": 0.9, ""kl_lambda"": 0.0, ""initial_pi"": [0.4888888895511627, 0.42020201683044434, 0.04040404036641121, 0.05050504952669144]}",2026-03-23T10:47:42.870530,18,0.26288558731521416,0.8800905009740079,0.001,0.7866666666666666,0.8068066097218587,0.7547169811320755,0.9,"[0.8032786885245902, 0.7547169811320755, 0.9, 0.7692307692307693]","[0.4558783210126958, 0.5613854245528719, 0.13022805934306234, 0.7353030845988542]","[0.8055555555555556, 0.7692307692307693]","[[0.7878787878787878, 0.8214285714285714], [0.9696969696969697, 0.4], [null, 0.9], [0.0, 1.0]]","[61, 53, 10, 26]","[0.2602683901786804, 0.3018879294395447, 0.20254769921302795, 0.23529593646526337]","[0.4888888895511627, 0.42020201683044434, 0.04040404036641121, 0.05050504952669144]",0.0
"{""use_fedheart"": true, ""num_classes"": 2, ""stratified_batching"": true, ""train_frac"": 0.8, ""group_max_train_samples"": [null, null, 20, 25], ""batch_size"": 64, ""num_workers"": 0, ""epochs"": 100, ""early_stopping_patience"": 30, ""lr"": 0.001, ""weight_decay"": 0.0001, ""optimizer"": ""adam"", ""grad_clip"": 1.0, ""lr_scheduler"": ""cosine"", ""lr_min"": 1e-05, ""latent_dim"": 64, ""head_hidden"": 32, ""anchor_eps"": 0.0001, ""sep_samples_per_class"": 4, ""sep_method"": ""classifier"", ""sep_margin"": 1.0, ""lambda_fit"": 0.001, ""lambda_sep"": 0.001, ""log_interval"": 20, ""save_every"": 10, ""groups"": [{""name"": ""cleveland"", ""encoder"": ""mlp_tabular_ln"", ""input_dim"": 13, ""hidden_dim"": 64, ""dropout"": 0.1}, {""name"": ""hungarian"", ""encoder"": ""mlp_tabular_ln"", ""input_dim"": 12, ""hidden_dim"": 64, ""dropout"": 0.1}, {""name"": ""switzerland"", ""encoder"": ""mlp_tabular_ln"", ""input_dim"": 12, ""hidden_dim"": 64, ""dropout"": 0.1}, {""name"": ""va_long_beach"", ""encoder"": ""mlp_tabular_ln"", ""input_dim"": 11, ""hidden_dim"": 64, ""dropout"": 0.1}], ""seed"": 1337, ""run_dir"": ""runs/sweep_A_gdro_s1337"", ""run_name"": ""sweep_A_gdro"", ""true_hetero_input_dim"": true, ""feature_mask"": [null, [0, 1, 2, 4, 5, 6, 7, 8, 9, 10, 11, 12], [0, 1, 2, 3, 5, 6, 7, 8, 9, 10, 11, 12], [0, 1, 2, 3, 4, 5, 6, 7, 8, 9, 10]], ""groupdro_enabled"": true, ""groupdro_eta"": 1.0, ""groupdro_gamma"": 0.9, ""groupdro_update_mode"": ""softmax"", ""groupdro_objective"": ""weighted"", ""groupdro_kl_lambda"": 0.0, ""groupdro_uniform_init"": true}","{""num_groups"": 4, ""num_classes"": 2, ""train_total"": 495, ""test_total"": 150, ""train_group_counts"": [242, 208, 20, 25], ""test_group_counts"": [61, 53, 10, 26], ""train_class_counts"": [269, 226], ""test_class_counts"": [72, 78], ""train_group_class_counts"": [[131, 111], [130, 78], [1, 19], [7, 18]], ""test_group_class_counts"": [[33, 28], [33, 20], [0, 10], [6, 20]], ""group_proportions"": [0.4888888888888889, 0.4202020202020202, 0.04040404040404041, 0.050505050505050504]}","{""num_groups"": 4, ""eta"": 1.0, ""update_mode"": ""softmax"", ""robust_objective"": ""weighted"", ""gamma"": 0.9, ""kl_lambda"": 0.0, ""initial_pi"": [0.4888888895511627, 0.42020201683044434, 0.04040404036641121, 0.05050504952669144]}",2026-03-23T10:47:42.870530,19,0.21924700308169714,0.8755656138264756,0.001,0.7733333333333333,0.79675402698137,0.6981132075471698,0.9,"[0.819672131147541, 0.6981132075471698, 0.9, 0.7692307692307693]","[0.479029496227101, 0.5541314856535843, 0.14571127608651296, 0.7284397005121439]","[0.7638888888888888, 0.782051282051282]","[[0.7878787878787878, 0.8571428571428571], [0.8787878787878788, 0.4], [null, 0.9], [0.0, 1.0]]","[61, 53, 10, 26]","[0.49487292766571045, 0.5051270723342896, 0.0, 0.0]","[0.4888888895511627, 0.42020201683044434, 0.04040404036641121, 0.05050504952669144]",0.0
"{""use_fedheart"": true, ""num_classes"": 2, ""stratified_batching"": true, ""train_frac"": 0.8, ""group_max_train_samples"": [null, null, 20, 25], ""batch_size"": 64, ""num_workers"": 0, ""epochs"": 100, ""early_stopping_patience"": 30, ""lr"": 0.001, ""weight_decay"": 0.0001, ""optimizer"": ""adam"", ""grad_clip"": 1.0, ""lr_scheduler"": ""cosine"", ""lr_min"": 1e-05, ""latent_dim"": 64, ""head_hidden"": 32, ""anchor_eps"": 0.0001, ""sep_samples_per_class"": 4, ""sep_method"": ""classifier"", ""sep_margin"": 1.0, ""lambda_fit"": 0.001, ""lambda_sep"": 0.001, ""log_interval"": 20, ""save_every"": 10, ""groups"": [{""name"": ""cleveland"", ""encoder"": ""mlp_tabular_ln"", ""input_dim"": 13, ""hidden_dim"": 64, ""dropout"": 0.1}, {""name"": ""hungarian"", ""encoder"": ""mlp_tabular_ln"", ""input_dim"": 12, ""hidden_dim"": 64, ""dropout"": 0.1}, {""name"": ""switzerland"", ""encoder"": ""mlp_tabular_ln"", ""input_dim"": 12, ""hidden_dim"": 64, ""dropout"": 0.1}, {""name"": ""va_long_beach"", ""encoder"": ""mlp_tabular_ln"", ""input_dim"": 11, ""hidden_dim"": 64, ""dropout"": 0.1}], ""seed"": 1337, ""run_dir"": ""runs/sweep_A_gdro_s1337"", ""run_name"": ""sweep_A_gdro"", ""true_hetero_input_dim"": true, ""feature_mask"": [null, [0, 1, 2, 4, 5, 6, 7, 8, 9, 10, 11, 12], [0, 1, 2, 3, 5, 6, 7, 8, 9, 10, 11, 12], [0, 1, 2, 3, 4, 5, 6, 7, 8, 9, 10]], ""groupdro_enabled"": true, ""groupdro_eta"": 1.0, ""groupdro_gamma"": 0.9, ""groupdro_update_mode"": ""softmax"", ""groupdro_objective"": ""weighted"", ""groupdro_kl_lambda"": 0.0, ""groupdro_uniform_init"": true}","{""num_groups"": 4, ""num_classes"": 2, ""train_total"": 495, ""test_total"": 150, ""train_group_counts"": [242, 208, 20, 25], ""test_group_counts"": [61, 53, 10, 26], ""train_class_counts"": [269, 226], ""test_class_counts"": [72, 78], ""train_group_class_counts"": [[131, 111], [130, 78], [1, 19], [7, 18]], ""test_group_class_counts"": [[33, 28], [33, 20], [0, 10], [6, 20]], ""group_proportions"": [0.4888888888888889, 0.4202020202020202, 0.04040404040404041, 0.050505050505050504]}","{""num_groups"": 4, ""eta"": 1.0, ""update_mode"": ""softmax"", ""robust_objective"": ""weighted"", ""gamma"": 0.9, ""kl_lambda"": 0.0, ""initial_pi"": [0.4888888895511627, 0.42020201683044434, 0.04040404036641121, 0.05050504952669144]}",2026-03-23T10:47:42.870530,20,0.22740311273352593,0.8891402720326212,0.001,0.78,0.8069880320730924,0.7169811320754716,0.9,"[0.8032786885245902, 0.7169811320754716, 0.9, 0.8076923076923077]","[0.4352955741723847, 0.5454636993730124, 0.16724566301563754, 0.7170911759335118]","[0.7638888888888888, 0.7948717948717948]","[[0.7878787878787878, 0.8214285714285714], [0.8484848484848485, 0.5], [null, 0.9], [0.16666666666666666, 1.0]]","[61, 53, 10, 26]","[0.31394776701927185, 0.2608598470687866, 0.20945781469345093, 0.2157345414161682]","[0.4888888895511627, 0.42020201683044434, 0.04040404036641121, 0.05050504952669144]",0.0
"{""use_fedheart"": true, ""num_classes"": 2, ""stratified_batching"": true, ""train_frac"": 0.8, ""group_max_train_samples"": [null, null, 20, 25], ""batch_size"": 64, ""num_workers"": 0, ""epochs"": 100, ""early_stopping_patience"": 30, ""lr"": 0.001, ""weight_decay"": 0.0001, ""optimizer"": ""adam"", ""grad_clip"": 1.0, ""lr_scheduler"": ""cosine"", ""lr_min"": 1e-05, ""latent_dim"": 64, ""head_hidden"": 32, ""anchor_eps"": 0.0001, ""sep_samples_per_class"": 4, ""sep_method"": ""classifier"", ""sep_margin"": 1.0, ""lambda_fit"": 0.001, ""lambda_sep"": 0.001, ""log_interval"": 20, ""save_every"": 10, ""groups"": [{""name"": ""cleveland"", ""encoder"": ""mlp_tabular_ln"", ""input_dim"": 13, ""hidden_dim"": 64, ""dropout"": 0.1}, {""name"": ""hungarian"", ""encoder"": ""mlp_tabular_ln"", ""input_dim"": 12, ""hidden_dim"": 64, ""dropout"": 0.1}, {""name"": ""switzerland"", ""encoder"": ""mlp_tabular_ln"", ""input_dim"": 12, ""hidden_dim"": 64, ""dropout"": 0.1}, {""name"": ""va_long_beach"", ""encoder"": ""mlp_tabular_ln"", ""input_dim"": 11, ""hidden_dim"": 64, ""dropout"": 0.1}], ""seed"": 1337, ""run_dir"": ""runs/sweep_A_gdro_s1337"", ""run_name"": ""sweep_A_gdro"", ""true_hetero_input_dim"": true, ""feature_mask"": [null, [0, 1, 2, 4, 5, 6, 7, 8, 9, 10, 11, 12], [0, 1, 2, 3, 5, 6, 7, 8, 9, 10, 11, 12], [0, 1, 2, 3, 4, 5, 6, 7, 8, 9, 10]], ""groupdro_enabled"": true, ""groupdro_eta"": 1.0, ""groupdro_gamma"": 0.9, ""groupdro_update_mode"": ""softmax"", ""groupdro_objective"": ""weighted"", ""groupdro_kl_lambda"": 0.0, ""groupdro_uniform_init"": true}","{""num_groups"": 4, ""num_classes"": 2, ""train_total"": 495, ""test_total"": 150, ""train_group_counts"": [242, 208, 20, 25], ""test_group_counts"": [61, 53, 10, 26], ""train_class_counts"": [269, 226], ""test_class_counts"": [72, 78], ""train_group_class_counts"": [[131, 111], [130, 78], [1, 19], [7, 18]], ""test_group_class_counts"": [[33, 28], [33, 20], [0, 10], [6, 20]], ""group_proportions"": [0.4888888888888889, 0.4202020202020202, 0.04040404040404041, 0.050505050505050504]}","{""num_groups"": 4, ""eta"": 1.0, ""update_mode"": ""softmax"", ""robust_objective"": ""weighted"", ""gamma"": 0.9, ""kl_lambda"": 0.0, ""initial_pi"": [0.4888888895511627, 0.42020201683044434, 0.04040404036641121, 0.05050504952669144]}",2026-03-23T10:47:42.870530,21,0.20604531257940095,0.9027149353631482,0.001,0.7666666666666667,0.7981726902852793,0.6981132075471698,0.9,"[0.7868852459016393, 0.6981132075471698, 0.9, 0.8076923076923077]","[0.44507984436483533, 0.585332617291056, 0.1824304586800281, 0.7470047073886514]","[0.7638888888888888, 0.7692307692307693]","[[0.7575757575757576, 0.8214285714285714], [0.8787878787878788, 0.4], [null, 0.9], [0.16666666666666666, 1.0]]","[61, 53, 10, 26]","[0.2520531415939331, 0.2530442774295807, 0.195696160197258, 0.2992064356803894]","[0.4888888895511627, 0.42020201683044434, 0.04040404036641121, 0.05050504952669144]",0.0
"{""use_fedheart"": true, ""num_classes"": 2, ""stratified_batching"": true, ""train_frac"": 0.8, ""group_max_train_samples"": [null, null, 20, 25], ""batch_size"": 64, ""num_workers"": 0, ""epochs"": 100, ""early_stopping_patience"": 30, ""lr"": 0.001, ""weight_decay"": 0.0001, ""optimizer"": ""adam"", ""grad_clip"": 1.0, ""lr_scheduler"": ""cosine"", ""lr_min"": 1e-05, ""latent_dim"": 64, ""head_hidden"": 32, ""anchor_eps"": 0.0001, ""sep_samples_per_class"": 4, ""sep_method"": ""classifier"", ""sep_margin"": 1.0, ""lambda_fit"": 0.001, ""lambda_sep"": 0.001, ""log_interval"": 20, ""save_every"": 10, ""groups"": [{""name"": ""cleveland"", ""encoder"": ""mlp_tabular_ln"", ""input_dim"": 13, ""hidden_dim"": 64, ""dropout"": 0.1}, {""name"": ""hungarian"", ""encoder"": ""mlp_tabular_ln"", ""input_dim"": 12, ""hidden_dim"": 64, ""dropout"": 0.1}, {""name"": ""switzerland"", ""encoder"": ""mlp_tabular_ln"", ""input_dim"": 12, ""hidden_dim"": 64, ""dropout"": 0.1}, {""name"": ""va_long_beach"", ""encoder"": ""mlp_tabular_ln"", ""input_dim"": 11, ""hidden_dim"": 64, ""dropout"": 0.1}], ""seed"": 1337, ""run_dir"": ""runs/sweep_A_gdro_s1337"", ""run_name"": ""sweep_A_gdro"", ""true_hetero_input_dim"": true, ""feature_mask"": [null, [0, 1, 2, 4, 5, 6, 7, 8, 9, 10, 11, 12], [0, 1, 2, 3, 5, 6, 7, 8, 9, 10, 11, 12], [0, 1, 2, 3, 4, 5, 6, 7, 8, 9, 10]], ""groupdro_enabled"": true, ""groupdro_eta"": 1.0, ""groupdro_gamma"": 0.9, ""groupdro_update_mode"": ""softmax"", ""groupdro_objective"": ""weighted"", ""groupdro_kl_lambda"": 0.0, ""groupdro_uniform_init"": true}","{""num_groups"": 4, ""num_classes"": 2, ""train_total"": 495, ""test_total"": 150, ""train_group_counts"": [242, 208, 20, 25], ""test_group_counts"": [61, 53, 10, 26], ""train_class_counts"": [269, 226], ""test_class_counts"": [72, 78], ""train_group_class_counts"": [[131, 111], [130, 78], [1, 19], [7, 18]], ""test_group_class_counts"": [[33, 28], [33, 20], [0, 10], [6, 20]], ""group_proportions"": [0.4888888888888889, 0.4202020202020202, 0.04040404040404041, 0.050505050505050504]}","{""num_groups"": 4, ""eta"": 1.0, ""update_mode"": ""softmax"", ""robust_objective"": ""weighted"", ""gamma"": 0.9, ""kl_lambda"": 0.0, ""initial_pi"": [0.4888888895511627, 0.42020201683044434, 0.04040404036641121, 0.05050504952669144]}",2026-03-23T10:47:42.870530,22,0.19200953342256502,0.9049773761050194,0.001,0.78,0.808225273025768,0.7547169811320755,0.9,"[0.7704918032786885, 0.7547169811320755, 0.9, 0.8076923076923077]","[0.462315637958007, 0.5934237742243018, 0.20124139347462916, 0.7975504905066023]","[0.75, 0.8076923076923077]","[[0.7272727272727273, 0.8214285714285714], [0.8787878787878788, 0.55], [null, 0.9], [0.16666666666666666, 1.0]]","[61, 53, 10, 26]","[0.3010464608669281, 0.258186012506485, 0.21736875176429749, 0.22339875996112823]","[0.4888888895511627, 0.42020201683044434, 0.04040404036641121, 0.05050504952669144]",0.0
"{""use_fedheart"": true, ""num_classes"": 2, ""stratified_batching"": true, ""train_frac"": 0.8, ""group_max_train_samples"": [null, null, 20, 25], ""batch_size"": 64, ""num_workers"": 0, ""epochs"": 100, ""early_stopping_patience"": 30, ""lr"": 0.001, ""weight_decay"": 0.0001, ""optimizer"": ""adam"", ""grad_clip"": 1.0, ""lr_scheduler"": ""cosine"", ""lr_min"": 1e-05, ""latent_dim"": 64, ""head_hidden"": 32, ""anchor_eps"": 0.0001, ""sep_samples_per_class"": 4, ""sep_method"": ""classifier"", ""sep_margin"": 1.0, ""lambda_fit"": 0.001, ""lambda_sep"": 0.001, ""log_interval"": 20, ""save_every"": 10, ""groups"": [{""name"": ""cleveland"", ""encoder"": ""mlp_tabular_ln"", ""input_dim"": 13, ""hidden_dim"": 64, ""dropout"": 0.1}, {""name"": ""hungarian"", ""encoder"": ""mlp_tabular_ln"", ""input_dim"": 12, ""hidden_dim"": 64, ""dropout"": 0.1}, {""name"": ""switzerland"", ""encoder"": ""mlp_tabular_ln"", ""input_dim"": 12, ""hidden_dim"": 64, ""dropout"": 0.1}, {""name"": ""va_long_beach"", ""encoder"": ""mlp_tabular_ln"", ""input_dim"": 11, ""hidden_dim"": 64, ""dropout"": 0.1}], ""seed"": 1337, ""run_dir"": ""runs/sweep_A_gdro_s1337"", ""run_name"": ""sweep_A_gdro"", ""true_hetero_input_dim"": true, ""feature_mask"": [null, [0, 1, 2, 4, 5, 6, 7, 8, 9, 10, 11, 12], [0, 1, 2, 3, 5, 6, 7, 8, 9, 10, 11, 12], [0, 1, 2, 3, 4, 5, 6, 7, 8, 9, 10]], ""groupdro_enabled"": true, ""groupdro_eta"": 1.0, ""groupdro_gamma"": 0.9, ""groupdro_update_mode"": ""softmax"", ""groupdro_objective"": ""weighted"", ""groupdro_kl_lambda"": 0.0, ""groupdro_uniform_init"": true}","{""num_groups"": 4, ""num_classes"": 2, ""train_total"": 495, ""test_total"": 150, ""train_group_counts"": [242, 208, 20, 25], ""test_group_counts"": [61, 53, 10, 26], ""train_class_counts"": [269, 226], ""test_class_counts"": [72, 78], ""train_group_class_counts"": [[131, 111], [130, 78], [1, 19], [7, 18]], ""test_group_class_counts"": [[33, 28], [33, 20], [0, 10], [6, 20]], ""group_proportions"": [0.4888888888888889, 0.4202020202020202, 0.04040404040404041, 0.050505050505050504]}","{""num_groups"": 4, ""eta"": 1.0, ""update_mode"": ""softmax"", ""robust_objective"": ""weighted"", ""gamma"": 0.9, ""kl_lambda"": 0.0, ""initial_pi"": [0.4888888895511627, 0.42020201683044434, 0.04040404036641121, 0.05050504952669144]}",2026-03-23T10:47:42.870530,23,0.1776344645346991,0.9027149299690627,0.001,0.78,0.8069880320730924,0.7169811320754716,0.9,"[0.8032786885245902, 0.7169811320754716, 0.9, 0.8076923076923077]","[0.454873112681108, 0.6334027612168904, 0.21851121052750386, 0.8689239080368469]","[0.7916666666666666, 0.7692307692307693]","[[0.7878787878787878, 0.8214285714285714], [0.9090909090909091, 0.4], [null, 0.9], [0.16666666666666666, 1.0]]","[61, 53, 10, 26]","[0.29694727063179016, 0.27563270926475525, 0.21277649700641632, 0.21464350819587708]","[0.4888888895511627, 0.42020201683044434, 0.04040404036641121, 0.05050504952669144]",0.0
"{""use_fedheart"": true, ""num_classes"": 2, ""stratified_batching"": true, ""train_frac"": 0.8, ""group_max_train_samples"": [null, null, 20, 25], ""batch_size"": 64, ""num_workers"": 0, ""epochs"": 100, ""early_stopping_patience"": 30, ""lr"": 0.001, ""weight_decay"": 0.0001, ""optimizer"": ""adam"", ""grad_clip"": 1.0, ""lr_scheduler"": ""cosine"", ""lr_min"": 1e-05, ""latent_dim"": 64, ""head_hidden"": 32, ""anchor_eps"": 0.0001, ""sep_samples_per_class"": 4, ""sep_method"": ""classifier"", ""sep_margin"": 1.0, ""lambda_fit"": 0.001, ""lambda_sep"": 0.001, ""log_interval"": 20, ""save_every"": 10, ""groups"": [{""name"": ""cleveland"", ""encoder"": ""mlp_tabular_ln"", ""input_dim"": 13, ""hidden_dim"": 64, ""dropout"": 0.1}, {""name"": ""hungarian"", ""encoder"": ""mlp_tabular_ln"", ""input_dim"": 12, ""hidden_dim"": 64, ""dropout"": 0.1}, {""name"": ""switzerland"", ""encoder"": ""mlp_tabular_ln"", ""input_dim"": 12, ""hidden_dim"": 64, ""dropout"": 0.1}, {""name"": ""va_long_beach"", ""encoder"": ""mlp_tabular_ln"", ""input_dim"": 11, ""hidden_dim"": 64, ""dropout"": 0.1}], ""seed"": 1337, ""run_dir"": ""runs/sweep_A_gdro_s1337"", ""run_name"": ""sweep_A_gdro"", ""true_hetero_input_dim"": true, ""feature_mask"": [null, [0, 1, 2, 4, 5, 6, 7, 8, 9, 10, 11, 12], [0, 1, 2, 3, 5, 6, 7, 8, 9, 10, 11, 12], [0, 1, 2, 3, 4, 5, 6, 7, 8, 9, 10]], ""groupdro_enabled"": true, ""groupdro_eta"": 1.0, ""groupdro_gamma"": 0.9, ""groupdro_update_mode"": ""softmax"", ""groupdro_objective"": ""weighted"", ""groupdro_kl_lambda"": 0.0, ""groupdro_uniform_init"": true}","{""num_groups"": 4, ""num_classes"": 2, ""train_total"": 495, ""test_total"": 150, ""train_group_counts"": [242, 208, 20, 25], ""test_group_counts"": [61, 53, 10, 26], ""train_class_counts"": [269, 226], ""test_class_counts"": [72, 78], ""train_group_class_counts"": [[131, 111], [130, 78], [1, 19], [7, 18]], ""test_group_class_counts"": [[33, 28], [33, 20], [0, 10], [6, 20]], ""group_proportions"": [0.4888888888888889, 0.4202020202020202, 0.04040404040404041, 0.050505050505050504]}","{""num_groups"": 4, ""eta"": 1.0, ""update_mode"": ""softmax"", ""robust_objective"": ""weighted"", ""gamma"": 0.9, ""kl_lambda"": 0.0, ""initial_pi"": [0.4888888895511627, 0.42020201683044434, 0.04040404036641121, 0.05050504952669144]}",2026-03-23T10:47:42.870530,24,0.18710169829933893,0.9276018104941597,0.001,0.7733333333333333,0.8022710509410169,0.6981132075471698,0.9,"[0.8032786885245902, 0.6981132075471698, 0.9, 0.8076923076923077]","[0.46975780458601774, 0.5896313786396827, 0.23878906928002835, 0.8651403711880378]","[0.7638888888888888, 0.782051282051282]","[[0.7878787878787878, 0.8214285714285714], [0.8484848484848485, 0.45], [null, 0.9], [0.16666666666666666, 1.0]]","[61, 53, 10, 26]","[0.533012330532074, 0.46698760986328125, 0.0, 0.0]","[0.4888888895511627, 0.42020201683044434, 0.04040404036641121, 0.05050504952669144]",0.0
"{""use_fedheart"": true, ""num_classes"": 2, ""stratified_batching"": true, ""train_frac"": 0.8, ""group_max_train_samples"": [null, null, 20, 25], ""batch_size"": 64, ""num_workers"": 0, ""epochs"": 100, ""early_stopping_patience"": 30, ""lr"": 0.001, ""weight_decay"": 0.0001, ""optimizer"": ""adam"", ""grad_clip"": 1.0, ""lr_scheduler"": ""cosine"", ""lr_min"": 1e-05, ""latent_dim"": 64, ""head_hidden"": 32, ""anchor_eps"": 0.0001, ""sep_samples_per_class"": 4, ""sep_method"": ""classifier"", ""sep_margin"": 1.0, ""lambda_fit"": 0.001, ""lambda_sep"": 0.001, ""log_interval"": 20, ""save_every"": 10, ""groups"": [{""name"": ""cleveland"", ""encoder"": ""mlp_tabular_ln"", ""input_dim"": 13, ""hidden_dim"": 64, ""dropout"": 0.1}, {""name"": ""hungarian"", ""encoder"": ""mlp_tabular_ln"", ""input_dim"": 12, ""hidden_dim"": 64, ""dropout"": 0.1}, {""name"": ""switzerland"", ""encoder"": ""mlp_tabular_ln"", ""input_dim"": 12, ""hidden_dim"": 64, ""dropout"": 0.1}, {""name"": ""va_long_beach"", ""encoder"": ""mlp_tabular_ln"", ""input_dim"": 11, ""hidden_dim"": 64, ""dropout"": 0.1}], ""seed"": 1337, ""run_dir"": ""runs/sweep_A_gdro_s1337"", ""run_name"": ""sweep_A_gdro"", ""true_hetero_input_dim"": true, ""feature_mask"": [null, [0, 1, 2, 4, 5, 6, 7, 8, 9, 10, 11, 12], [0, 1, 2, 3, 5, 6, 7, 8, 9, 10, 11, 12], [0, 1, 2, 3, 4, 5, 6, 7, 8, 9, 10]], ""groupdro_enabled"": true, ""groupdro_eta"": 1.0, ""groupdro_gamma"": 0.9, ""groupdro_update_mode"": ""softmax"", ""groupdro_objective"": ""weighted"", ""groupdro_kl_lambda"": 0.0, ""groupdro_uniform_init"": true}","{""num_groups"": 4, ""num_classes"": 2, ""train_total"": 495, ""test_total"": 150, ""train_group_counts"": [242, 208, 20, 25], ""test_group_counts"": [61, 53, 10, 26], ""train_class_counts"": [269, 226], ""test_class_counts"": [72, 78], ""train_group_class_counts"": [[131, 111], [130, 78], [1, 19], [7, 18]], ""test_group_class_counts"": [[33, 28], [33, 20], [0, 10], [6, 20]], ""group_proportions"": [0.4888888888888889, 0.4202020202020202, 0.04040404040404041, 0.050505050505050504]}","{""num_groups"": 4, ""eta"": 1.0, ""update_mode"": ""softmax"", ""robust_objective"": ""weighted"", ""gamma"": 0.9, ""kl_lambda"": 0.0, ""initial_pi"": [0.4888888895511627, 0.42020201683044434, 0.04040404036641121, 0.05050504952669144]}",2026-03-23T10:47:42.870530,25,0.20080181093237517,0.8936651613377877,0.001,0.7866666666666666,0.8117050132051679,0.7358490566037735,0.9,"[0.8032786885245902, 0.7358490566037735, 0.9, 0.8076923076923077]","[0.49492198809576754, 0.6266608713853683, 0.2638058594777249, 0.8814493213587691]","[0.7777777777777778, 0.7948717948717948]","[[0.7575757575757576, 0.8571428571428571], [0.9090909090909091, 0.45], [null, 0.9], [0.16666666666666666, 1.0]]","[61, 53, 10, 26]","[0.2383601814508438, 0.23223048448562622, 0.20005427300930023, 0.32935503125190735]","[0.4888888895511627, 0.42020201683044434, 0.04040404036641121, 0.05050504952669144]",0.0
"{""use_fedheart"": true, ""num_classes"": 2, ""stratified_batching"": true, ""train_frac"": 0.8, ""group_max_train_samples"": [null, null, 20, 25], ""batch_size"": 64, ""num_workers"": 0, ""epochs"": 100, ""early_stopping_patience"": 30, ""lr"": 0.001, ""weight_decay"": 0.0001, ""optimizer"": ""adam"", ""grad_clip"": 1.0, ""lr_scheduler"": ""cosine"", ""lr_min"": 1e-05, ""latent_dim"": 64, ""head_hidden"": 32, ""anchor_eps"": 0.0001, ""sep_samples_per_class"": 4, ""sep_method"": ""classifier"", ""sep_margin"": 1.0, ""lambda_fit"": 0.001, ""lambda_sep"": 0.001, ""log_interval"": 20, ""save_every"": 10, ""groups"": [{""name"": ""cleveland"", ""encoder"": ""mlp_tabular_ln"", ""input_dim"": 13, ""hidden_dim"": 64, ""dropout"": 0.1}, {""name"": ""hungarian"", ""encoder"": ""mlp_tabular_ln"", ""input_dim"": 12, ""hidden_dim"": 64, ""dropout"": 0.1}, {""name"": ""switzerland"", ""encoder"": ""mlp_tabular_ln"", ""input_dim"": 12, ""hidden_dim"": 64, ""dropout"": 0.1}, {""name"": ""va_long_beach"", ""encoder"": ""mlp_tabular_ln"", ""input_dim"": 11, ""hidden_dim"": 64, ""dropout"": 0.1}], ""seed"": 1337, ""run_dir"": ""runs/sweep_A_gdro_s1337"", ""run_name"": ""sweep_A_gdro"", ""true_hetero_input_dim"": true, ""feature_mask"": [null, [0, 1, 2, 4, 5, 6, 7, 8, 9, 10, 11, 12], [0, 1, 2, 3, 5, 6, 7, 8, 9, 10, 11, 12], [0, 1, 2, 3, 4, 5, 6, 7, 8, 9, 10]], ""groupdro_enabled"": true, ""groupdro_eta"": 1.0, ""groupdro_gamma"": 0.9, ""groupdro_update_mode"": ""softmax"", ""groupdro_objective"": ""weighted"", ""groupdro_kl_lambda"": 0.0, ""groupdro_uniform_init"": true}","{""num_groups"": 4, ""num_classes"": 2, ""train_total"": 495, ""test_total"": 150, ""train_group_counts"": [242, 208, 20, 25], ""test_group_counts"": [61, 53, 10, 26], ""train_class_counts"": [269, 226], ""test_class_counts"": [72, 78], ""train_group_class_counts"": [[131, 111], [130, 78], [1, 19], [7, 18]], ""test_group_class_counts"": [[33, 28], [33, 20], [0, 10], [6, 20]], ""group_proportions"": [0.4888888888888889, 0.4202020202020202, 0.04040404040404041, 0.050505050505050504]}","{""num_groups"": 4, ""eta"": 1.0, ""update_mode"": ""softmax"", ""robust_objective"": ""weighted"", ""gamma"": 0.9, ""kl_lambda"": 0.0, ""initial_pi"": [0.4888888895511627, 0.42020201683044434, 0.04040404036641121, 0.05050504952669144]}",2026-03-23T10:47:42.870530,26,0.20914833146522488,0.8868778315604542,0.001,0.7933333333333333,0.8158033738609056,0.7358490566037735,0.9,"[0.819672131147541, 0.7358490566037735, 0.9, 0.8076923076923077]","[0.4722217738792514, 0.588808873600221, 0.2807303935289383, 0.8566772155799509]","[0.7916666666666666, 0.7948717948717948]","[[0.8181818181818182, 0.8214285714285714], [0.8787878787878788, 0.5], [null, 0.9], [0.16666666666666666, 1.0]]","[61, 53, 10, 26]","[0.3029206395149231, 0.29666802287101746, 0.1994408518075943, 0.20097047090530396]","[0.4888888895511627, 0.42020201683044434, 0.04040404036641121, 0.05050504952669144]",0.0
"{""use_fedheart"": true, ""num_classes"": 2, ""stratified_batching"": true, ""train_frac"": 0.8, ""group_max_train_samples"": [null, null, 20, 25], ""batch_size"": 64, ""num_workers"": 0, ""epochs"": 100, ""early_stopping_patience"": 30, ""lr"": 0.001, ""weight_decay"": 0.0001, ""optimizer"": ""adam"", ""grad_clip"": 1.0, ""lr_scheduler"": ""cosine"", ""lr_min"": 1e-05, ""latent_dim"": 64, ""head_hidden"": 32, ""anchor_eps"": 0.0001, ""sep_samples_per_class"": 4, ""sep_method"": ""classifier"", ""sep_margin"": 1.0, ""lambda_fit"": 0.001, ""lambda_sep"": 0.001, ""log_interval"": 20, ""save_every"": 10, ""groups"": [{""name"": ""cleveland"", ""encoder"": ""mlp_tabular_ln"", ""input_dim"": 13, ""hidden_dim"": 64, ""dropout"": 0.1}, {""name"": ""hungarian"", ""encoder"": ""mlp_tabular_ln"", ""input_dim"": 12, ""hidden_dim"": 64, ""dropout"": 0.1}, {""name"": ""switzerland"", ""encoder"": ""mlp_tabular_ln"", ""input_dim"": 12, ""hidden_dim"": 64, ""dropout"": 0.1}, {""name"": ""va_long_beach"", ""encoder"": ""mlp_tabular_ln"", ""input_dim"": 11, ""hidden_dim"": 64, ""dropout"": 0.1}], ""seed"": 1337, ""run_dir"": ""runs/sweep_A_gdro_s1337"", ""run_name"": ""sweep_A_gdro"", ""true_hetero_input_dim"": true, ""feature_mask"": [null, [0, 1, 2, 4, 5, 6, 7, 8, 9, 10, 11, 12], [0, 1, 2, 3, 5, 6, 7, 8, 9, 10, 11, 12], [0, 1, 2, 3, 4, 5, 6, 7, 8, 9, 10]], ""groupdro_enabled"": true, ""groupdro_eta"": 1.0, ""groupdro_gamma"": 0.9, ""groupdro_update_mode"": ""softmax"", ""groupdro_objective"": ""weighted"", ""groupdro_kl_lambda"": 0.0, ""groupdro_uniform_init"": true}","{""num_groups"": 4, ""num_classes"": 2, ""train_total"": 495, ""test_total"": 150, ""train_group_counts"": [242, 208, 20, 25], ""test_group_counts"": [61, 53, 10, 26], ""train_class_counts"": [269, 226], ""test_class_counts"": [72, 78], ""train_group_class_counts"": [[131, 111], [130, 78], [1, 19], [7, 18]], ""test_group_class_counts"": [[33, 28], [33, 20], [0, 10], [6, 20]], ""group_proportions"": [0.4888888888888889, 0.4202020202020202, 0.04040404040404041, 0.050505050505050504]}","{""num_groups"": 4, ""eta"": 1.0, ""update_mode"": ""softmax"", ""robust_objective"": ""weighted"", ""gamma"": 0.9, ""kl_lambda"": 0.0, ""initial_pi"": [0.4888888895511627, 0.42020201683044434, 0.04040404036641121, 0.05050504952669144]}",2026-03-23T10:47:42.870530,27,0.1891410617132532,0.9208144799077134,0.001,0.78,0.8076066525494301,0.7358490566037735,0.9,"[0.7868852459016393, 0.7358490566037735, 0.9, 0.8076923076923077]","[0.5003211073745347, 0.5733704596103327, 0.29193956083618106, 0.8478391525837091]","[0.75, 0.8076923076923077]","[[0.7272727272727273, 0.8571428571428571], [0.8787878787878788, 0.5], [null, 0.9], [0.16666666666666666, 1.0]]","[61, 53, 10, 26]","[0.2846841812133789, 0.264608770608902, 0.22265641391277313, 0.22805055975914001]","[0.4888888895511627, 0.42020201683044434, 0.04040404036641121, 0.05050504952669144]",0.0
"{""use_fedheart"": true, ""num_classes"": 2, ""stratified_batching"": true, ""train_frac"": 0.8, ""group_max_train_samples"": [null, null, 20, 25], ""batch_size"": 64, ""num_workers"": 0, ""epochs"": 100, ""early_stopping_patience"": 30, ""lr"": 0.001, ""weight_decay"": 0.0001, ""optimizer"": ""adam"", ""grad_clip"": 1.0, ""lr_scheduler"": ""cosine"", ""lr_min"": 1e-05, ""latent_dim"": 64, ""head_hidden"": 32, ""anchor_eps"": 0.0001, ""sep_samples_per_class"": 4, ""sep_method"": ""classifier"", ""sep_margin"": 1.0, ""lambda_fit"": 0.001, ""lambda_sep"": 0.001, ""log_interval"": 20, ""save_every"": 10, ""groups"": [{""name"": ""cleveland"", ""encoder"": ""mlp_tabular_ln"", ""input_dim"": 13, ""hidden_dim"": 64, ""dropout"": 0.1}, {""name"": ""hungarian"", ""encoder"": ""mlp_tabular_ln"", ""input_dim"": 12, ""hidden_dim"": 64, ""dropout"": 0.1}, {""name"": ""switzerland"", ""encoder"": ""mlp_tabular_ln"", ""input_dim"": 12, ""hidden_dim"": 64, ""dropout"": 0.1}, {""name"": ""va_long_beach"", ""encoder"": ""mlp_tabular_ln"", ""input_dim"": 11, ""hidden_dim"": 64, ""dropout"": 0.1}], ""seed"": 1337, ""run_dir"": ""runs/sweep_A_gdro_s1337"", ""run_name"": ""sweep_A_gdro"", ""true_hetero_input_dim"": true, ""feature_mask"": [null, [0, 1, 2, 4, 5, 6, 7, 8, 9, 10, 11, 12], [0, 1, 2, 3, 5, 6, 7, 8, 9, 10, 11, 12], [0, 1, 2, 3, 4, 5, 6, 7, 8, 9, 10]], ""groupdro_enabled"": true, ""groupdro_eta"": 1.0, ""groupdro_gamma"": 0.9, ""groupdro_update_mode"": ""softmax"", ""groupdro_objective"": ""weighted"", ""groupdro_kl_lambda"": 0.0, ""groupdro_uniform_init"": true}","{""num_groups"": 4, ""num_classes"": 2, ""train_total"": 495, ""test_total"": 150, ""train_group_counts"": [242, 208, 20, 25], ""test_group_counts"": [61, 53, 10, 26], ""train_class_counts"": [269, 226], ""test_class_counts"": [72, 78], ""train_group_class_counts"": [[131, 111], [130, 78], [1, 19], [7, 18]], ""test_group_class_counts"": [[33, 28], [33, 20], [0, 10], [6, 20]], ""group_proportions"": [0.4888888888888889, 0.4202020202020202, 0.04040404040404041, 0.050505050505050504]}","{""num_groups"": 4, ""eta"": 1.0, ""update_mode"": ""softmax"", ""robust_objective"": ""weighted"", ""gamma"": 0.9, ""kl_lambda"": 0.0, ""initial_pi"": [0.4888888895511627, 0.42020201683044434, 0.04040404036641121, 0.05050504952669144]}",2026-03-23T10:47:42.870530,28,0.15725757586200853,0.9208144826047561,0.001,0.7733333333333333,0.8041269123700302,0.7540983606557377,0.9,"[0.7540983606557377, 0.7547169811320755, 0.9, 0.8076923076923077]","[0.5347982996818991, 0.5753029284445252, 0.30268729183299004, 0.9028743417584337]","[0.7083333333333334, 0.8333333333333334]","[[0.6363636363636364, 0.8928571428571429], [0.8787878787878788, 0.55], [null, 0.9], [0.16666666666666666, 1.0]]","[61, 53, 10, 26]","[0.24813218414783478, 0.28876805305480957, 0.23055319488048553, 0.2325465828180313]","[0.4888888895511627, 0.42020201683044434, 0.04040404036641121, 0.05050504952669144]",0.0
"{""use_fedheart"": true, ""num_classes"": 2, ""stratified_batching"": true, ""train_frac"": 0.8, ""group_max_train_samples"": [null, null, 20, 25], ""batch_size"": 64, ""num_workers"": 0, ""epochs"": 100, ""early_stopping_patience"": 30, ""lr"": 0.001, ""weight_decay"": 0.0001, ""optimizer"": ""adam"", ""grad_clip"": 1.0, ""lr_scheduler"": ""cosine"", ""lr_min"": 1e-05, ""latent_dim"": 64, ""head_hidden"": 32, ""anchor_eps"": 0.0001, ""sep_samples_per_class"": 4, ""sep_method"": ""classifier"", ""sep_margin"": 1.0, ""lambda_fit"": 0.001, ""lambda_sep"": 0.001, ""log_interval"": 20, ""save_every"": 10, ""groups"": [{""name"": ""cleveland"", ""encoder"": ""mlp_tabular_ln"", ""input_dim"": 13, ""hidden_dim"": 64, ""dropout"": 0.1}, {""name"": ""hungarian"", ""encoder"": ""mlp_tabular_ln"", ""input_dim"": 12, ""hidden_dim"": 64, ""dropout"": 0.1}, {""name"": ""switzerland"", ""encoder"": ""mlp_tabular_ln"", ""input_dim"": 12, ""hidden_dim"": 64, ""dropout"": 0.1}, {""name"": ""va_long_beach"", ""encoder"": ""mlp_tabular_ln"", ""input_dim"": 11, ""hidden_dim"": 64, ""dropout"": 0.1}], ""seed"": 1337, ""run_dir"": ""runs/sweep_A_gdro_s1337"", ""run_name"": ""sweep_A_gdro"", ""true_hetero_input_dim"": true, ""feature_mask"": [null, [0, 1, 2, 4, 5, 6, 7, 8, 9, 10, 11, 12], [0, 1, 2, 3, 5, 6, 7, 8, 9, 10, 11, 12], [0, 1, 2, 3, 4, 5, 6, 7, 8, 9, 10]], ""groupdro_enabled"": true, ""groupdro_eta"": 1.0, ""groupdro_gamma"": 0.9, ""groupdro_update_mode"": ""softmax"", ""groupdro_objective"": ""weighted"", ""groupdro_kl_lambda"": 0.0, ""groupdro_uniform_init"": true}","{""num_groups"": 4, ""num_classes"": 2, ""train_total"": 495, ""test_total"": 150, ""train_group_counts"": [242, 208, 20, 25], ""test_group_counts"": [61, 53, 10, 26], ""train_class_counts"": [269, 226], ""test_class_counts"": [72, 78], ""train_group_class_counts"": [[131, 111], [130, 78], [1, 19], [7, 18]], ""test_group_class_counts"": [[33, 28], [33, 20], [0, 10], [6, 20]], ""group_proportions"": [0.4888888888888889, 0.4202020202020202, 0.04040404040404041, 0.050505050505050504]}","{""num_groups"": 4, ""eta"": 1.0, ""update_mode"": ""softmax"", ""robust_objective"": ""weighted"", ""gamma"": 0.9, ""kl_lambda"": 0.0, ""initial_pi"": [0.4888888895511627, 0.42020201683044434, 0.04040404036641121, 0.05050504952669144]}",2026-03-23T10:47:42.870530,29,0.15412974165440685,0.914027152288014,0.001,0.7733333333333333,0.7986098884103834,0.7547169811320755,0.9,"[0.7704918032786885, 0.7547169811320755, 0.9, 0.7692307692307693]","[0.545841804989919, 0.5752679426003388, 0.31561155998060714, 1.0536488038733995]","[0.7083333333333334, 0.8333333333333334]","[[0.6666666666666666, 0.8928571428571429], [0.8787878787878788, 0.55], [null, 0.9], [0.0, 1.0]]","[61, 53, 10, 26]","[0.5238099694252014, 0.47619006037712097, 0.0, 0.0]","[0.4888888895511627, 0.42020201683044434, 0.04040404036641121, 0.05050504952669144]",0.0
"{""use_fedheart"": true, ""num_classes"": 2, ""stratified_batching"": true, ""train_frac"": 0.8, ""group_max_train_samples"": [null, null, 20, 25], ""batch_size"": 64, ""num_workers"": 0, ""epochs"": 100, ""early_stopping_patience"": 30, ""lr"": 0.001, ""weight_decay"": 0.0001, ""optimizer"": ""adam"", ""grad_clip"": 1.0, ""lr_scheduler"": ""cosine"", ""lr_min"": 1e-05, ""latent_dim"": 64, ""head_hidden"": 32, ""anchor_eps"": 0.0001, ""sep_samples_per_class"": 4, ""sep_method"": ""classifier"", ""sep_margin"": 1.0, ""lambda_fit"": 0.001, ""lambda_sep"": 0.001, ""log_interval"": 20, ""save_every"": 10, ""groups"": [{""name"": ""cleveland"", ""encoder"": ""mlp_tabular_ln"", ""input_dim"": 13, ""hidden_dim"": 64, ""dropout"": 0.1}, {""name"": ""hungarian"", ""encoder"": ""mlp_tabular_ln"", ""input_dim"": 12, ""hidden_dim"": 64, ""dropout"": 0.1}, {""name"": ""switzerland"", ""encoder"": ""mlp_tabular_ln"", ""input_dim"": 12, ""hidden_dim"": 64, ""dropout"": 0.1}, {""name"": ""va_long_beach"", ""encoder"": ""mlp_tabular_ln"", ""input_dim"": 11, ""hidden_dim"": 64, ""dropout"": 0.1}], ""seed"": 1337, ""run_dir"": ""runs/sweep_A_gdro_s1337"", ""run_name"": ""sweep_A_gdro"", ""true_hetero_input_dim"": true, ""feature_mask"": [null, [0, 1, 2, 4, 5, 6, 7, 8, 9, 10, 11, 12], [0, 1, 2, 3, 5, 6, 7, 8, 9, 10, 11, 12], [0, 1, 2, 3, 4, 5, 6, 7, 8, 9, 10]], ""groupdro_enabled"": true, ""groupdro_eta"": 1.0, ""groupdro_gamma"": 0.9, ""groupdro_update_mode"": ""softmax"", ""groupdro_objective"": ""weighted"", ""groupdro_kl_lambda"": 0.0, ""groupdro_uniform_init"": true}","{""num_groups"": 4, ""num_classes"": 2, ""train_total"": 495, ""test_total"": 150, ""train_group_counts"": [242, 208, 20, 25], ""test_group_counts"": [61, 53, 10, 26], ""train_class_counts"": [269, 226], ""test_class_counts"": [72, 78], ""train_group_class_counts"": [[131, 111], [130, 78], [1, 19], [7, 18]], ""test_group_class_counts"": [[33, 28], [33, 20], [0, 10], [6, 20]], ""group_proportions"": [0.4888888888888889, 0.4202020202020202, 0.04040404040404041, 0.050505050505050504]}","{""num_groups"": 4, ""eta"": 1.0, ""update_mode"": ""softmax"", ""robust_objective"": ""weighted"", ""gamma"": 0.9, ""kl_lambda"": 0.0, ""initial_pi"": [0.4888888895511627, 0.42020201683044434, 0.04040404036641121, 0.05050504952669144]}",2026-03-23T10:47:42.870530,30,0.19011970107102286,0.9162895959966323,0.001,0.76,0.7891759261462323,0.7169811320754716,0.9,"[0.7704918032786885, 0.7169811320754716, 0.9, 0.7692307692307693]","[0.5119321887356565, 0.6265281007541695, 0.33201295447797746, 1.1024639897318242]","[0.7638888888888888, 0.7564102564102564]","[[0.7575757575757576, 0.7857142857142857], [0.9090909090909091, 0.4], [null, 0.9], [0.0, 1.0]]","[61, 53, 10, 26]","[0.32599493861198425, 0.24969469010829926, 0.21211537718772888, 0.2121950089931488]","[0.4888888895511627, 0.42020201683044434, 0.04040404036641121, 0.05050504952669144]",0.0
"{""use_fedheart"": true, ""num_classes"": 2, ""stratified_batching"": true, ""train_frac"": 0.8, ""group_max_train_samples"": [null, null, 20, 25], ""batch_size"": 64, ""num_workers"": 0, ""epochs"": 100, ""early_stopping_patience"": 30, ""lr"": 0.001, ""weight_decay"": 0.0001, ""optimizer"": ""adam"", ""grad_clip"": 1.0, ""lr_scheduler"": ""cosine"", ""lr_min"": 1e-05, ""latent_dim"": 64, ""head_hidden"": 32, ""anchor_eps"": 0.0001, ""sep_samples_per_class"": 4, ""sep_method"": ""classifier"", ""sep_margin"": 1.0, ""lambda_fit"": 0.001, ""lambda_sep"": 0.001, ""log_interval"": 20, ""save_every"": 10, ""groups"": [{""name"": ""cleveland"", ""encoder"": ""mlp_tabular_ln"", ""input_dim"": 13, ""hidden_dim"": 64, ""dropout"": 0.1}, {""name"": ""hungarian"", ""encoder"": ""mlp_tabular_ln"", ""input_dim"": 12, ""hidden_dim"": 64, ""dropout"": 0.1}, {""name"": ""switzerland"", ""encoder"": ""mlp_tabular_ln"", ""input_dim"": 12, ""hidden_dim"": 64, ""dropout"": 0.1}, {""name"": ""va_long_beach"", ""encoder"": ""mlp_tabular_ln"", ""input_dim"": 11, ""hidden_dim"": 64, ""dropout"": 0.1}], ""seed"": 1337, ""run_dir"": ""runs/sweep_A_gdro_s1337"", ""run_name"": ""sweep_A_gdro"", ""true_hetero_input_dim"": true, ""feature_mask"": [null, [0, 1, 2, 4, 5, 6, 7, 8, 9, 10, 11, 12], [0, 1, 2, 3, 5, 6, 7, 8, 9, 10, 11, 12], [0, 1, 2, 3, 4, 5, 6, 7, 8, 9, 10]], ""groupdro_enabled"": true, ""groupdro_eta"": 1.0, ""groupdro_gamma"": 0.9, ""groupdro_update_mode"": ""softmax"", ""groupdro_objective"": ""weighted"", ""groupdro_kl_lambda"": 0.0, ""groupdro_uniform_init"": true}","{""num_groups"": 4, ""num_classes"": 2, ""train_total"": 495, ""test_total"": 150, ""train_group_counts"": [242, 208, 20, 25], ""test_group_counts"": [61, 53, 10, 26], ""train_class_counts"": [269, 226], ""test_class_counts"": [72, 78], ""train_group_class_counts"": [[131, 111], [130, 78], [1, 19], [7, 18]], ""test_group_class_counts"": [[33, 28], [33, 20], [0, 10], [6, 20]], ""group_proportions"": [0.4888888888888889, 0.4202020202020202, 0.04040404040404041, 0.050505050505050504]}","{""num_groups"": 4, ""eta"": 1.0, ""update_mode"": ""softmax"", ""robust_objective"": ""weighted"", ""gamma"": 0.9, ""kl_lambda"": 0.0, ""initial_pi"": [0.4888888895511627, 0.42020201683044434, 0.04040404036641121, 0.05050504952669144]}",2026-03-23T10:47:42.870530,31,0.19124947919834792,0.9162895932995896,0.001,0.7666666666666667,0.7987913107616169,0.7169811320754716,0.9,"[0.7704918032786885, 0.7169811320754716, 0.9, 0.8076923076923077]","[0.5359915712300581, 0.6288688030886851, 0.340823855571216, 1.0637677422872422]","[0.7638888888888888, 0.7692307692307693]","[[0.7272727272727273, 0.8214285714285714], [0.9090909090909091, 0.4], [null, 0.9], [0.16666666666666666, 1.0]]","[61, 53, 10, 26]","[0.29059478640556335, 0.2933204174041748, 0.21059595048427582, 0.20548886060714722]","[0.4888888895511627, 0.42020201683044434, 0.04040404036641121, 0.05050504952669144]",0.0
"{""use_fedheart"": true, ""num_classes"": 2, ""stratified_batching"": true, ""train_frac"": 0.8, ""group_max_train_samples"": [null, null, 20, 25], ""batch_size"": 64, ""num_workers"": 0, ""epochs"": 100, ""early_stopping_patience"": 30, ""lr"": 0.001, ""weight_decay"": 0.0001, ""optimizer"": ""adam"", ""grad_clip"": 1.0, ""lr_scheduler"": ""cosine"", ""lr_min"": 1e-05, ""latent_dim"": 64, ""head_hidden"": 32, ""anchor_eps"": 0.0001, ""sep_samples_per_class"": 4, ""sep_method"": ""classifier"", ""sep_margin"": 1.0, ""lambda_fit"": 0.001, ""lambda_sep"": 0.001, ""log_interval"": 20, ""save_every"": 10, ""groups"": [{""name"": ""cleveland"", ""encoder"": ""mlp_tabular_ln"", ""input_dim"": 13, ""hidden_dim"": 64, ""dropout"": 0.1}, {""name"": ""hungarian"", ""encoder"": ""mlp_tabular_ln"", ""input_dim"": 12, ""hidden_dim"": 64, ""dropout"": 0.1}, {""name"": ""switzerland"", ""encoder"": ""mlp_tabular_ln"", ""input_dim"": 12, ""hidden_dim"": 64, ""dropout"": 0.1}, {""name"": ""va_long_beach"", ""encoder"": ""mlp_tabular_ln"", ""input_dim"": 11, ""hidden_dim"": 64, ""dropout"": 0.1}], ""seed"": 1337, ""run_dir"": ""runs/sweep_A_gdro_s1337"", ""run_name"": ""sweep_A_gdro"", ""true_hetero_input_dim"": true, ""feature_mask"": [null, [0, 1, 2, 4, 5, 6, 7, 8, 9, 10, 11, 12], [0, 1, 2, 3, 5, 6, 7, 8, 9, 10, 11, 12], [0, 1, 2, 3, 4, 5, 6, 7, 8, 9, 10]], ""groupdro_enabled"": true, ""groupdro_eta"": 1.0, ""groupdro_gamma"": 0.9, ""groupdro_update_mode"": ""softmax"", ""groupdro_objective"": ""weighted"", ""groupdro_kl_lambda"": 0.0, ""groupdro_uniform_init"": true}","{""num_groups"": 4, ""num_classes"": 2, ""train_total"": 495, ""test_total"": 150, ""train_group_counts"": [242, 208, 20, 25], ""test_group_counts"": [61, 53, 10, 26], ""train_class_counts"": [269, 226], ""test_class_counts"": [72, 78], ""train_group_class_counts"": [[131, 111], [130, 78], [1, 19], [7, 18]], ""test_group_class_counts"": [[33, 28], [33, 20], [0, 10], [6, 20]], ""group_proportions"": [0.4888888888888889, 0.4202020202020202, 0.04040404040404041, 0.050505050505050504]}","{""num_groups"": 4, ""eta"": 1.0, ""update_mode"": ""softmax"", ""robust_objective"": ""weighted"", ""gamma"": 0.9, ""kl_lambda"": 0.0, ""initial_pi"": [0.4888888895511627, 0.42020201683044434, 0.04040404036641121, 0.05050504952669144]}",2026-03-23T10:47:42.870530,32,0.1871947972483225,0.9027149302387669,0.001,0.7533333333333333,0.7850775654904947,0.7169811320754716,0.9,"[0.7540983606557377, 0.7169811320754716, 0.9, 0.7692307692307693]","[0.5289515869064089, 0.6178557550499462, 0.3502906298272137, 1.1304109398557698]","[0.7361111111111112, 0.7692307692307693]","[[0.7272727272727273, 0.7857142857142857], [0.8787878787878788, 0.45], [null, 0.9], [0.0, 1.0]]","[61, 53, 10, 26]","[0.3377760946750641, 0.242752343416214, 0.20851068198680878, 0.21096085011959076]","[0.4888888895511627, 0.42020201683044434, 0.04040404036641121, 0.05050504952669144]",0.0
"{""use_fedheart"": true, ""num_classes"": 2, ""stratified_batching"": true, ""train_frac"": 0.8, ""group_max_train_samples"": [null, null, 20, 25], ""batch_size"": 64, ""num_workers"": 0, ""epochs"": 100, ""early_stopping_patience"": 30, ""lr"": 0.001, ""weight_decay"": 0.0001, ""optimizer"": ""adam"", ""grad_clip"": 1.0, ""lr_scheduler"": ""cosine"", ""lr_min"": 1e-05, ""latent_dim"": 64, ""head_hidden"": 32, ""anchor_eps"": 0.0001, ""sep_samples_per_class"": 4, ""sep_method"": ""classifier"", ""sep_margin"": 1.0, ""lambda_fit"": 0.001, ""lambda_sep"": 0.001, ""log_interval"": 20, ""save_every"": 10, ""groups"": [{""name"": ""cleveland"", ""encoder"": ""mlp_tabular_ln"", ""input_dim"": 13, ""hidden_dim"": 64, ""dropout"": 0.1}, {""name"": ""hungarian"", ""encoder"": ""mlp_tabular_ln"", ""input_dim"": 12, ""hidden_dim"": 64, ""dropout"": 0.1}, {""name"": ""switzerland"", ""encoder"": ""mlp_tabular_ln"", ""input_dim"": 12, ""hidden_dim"": 64, ""dropout"": 0.1}, {""name"": ""va_long_beach"", ""encoder"": ""mlp_tabular_ln"", ""input_dim"": 11, ""hidden_dim"": 64, ""dropout"": 0.1}], ""seed"": 1337, ""run_dir"": ""runs/sweep_A_gdro_s1337"", ""run_name"": ""sweep_A_gdro"", ""true_hetero_input_dim"": true, ""feature_mask"": [null, [0, 1, 2, 4, 5, 6, 7, 8, 9, 10, 11, 12], [0, 1, 2, 3, 5, 6, 7, 8, 9, 10, 11, 12], [0, 1, 2, 3, 4, 5, 6, 7, 8, 9, 10]], ""groupdro_enabled"": true, ""groupdro_eta"": 1.0, ""groupdro_gamma"": 0.9, ""groupdro_update_mode"": ""softmax"", ""groupdro_objective"": ""weighted"", ""groupdro_kl_lambda"": 0.0, ""groupdro_uniform_init"": true}","{""num_groups"": 4, ""num_classes"": 2, ""train_total"": 495, ""test_total"": 150, ""train_group_counts"": [242, 208, 20, 25], ""test_group_counts"": [61, 53, 10, 26], ""train_class_counts"": [269, 226], ""test_class_counts"": [72, 78], ""train_group_class_counts"": [[131, 111], [130, 78], [1, 19], [7, 18]], ""test_group_class_counts"": [[33, 28], [33, 20], [0, 10], [6, 20]], ""group_proportions"": [0.4888888888888889, 0.4202020202020202, 0.04040404040404041, 0.050505050505050504]}","{""num_groups"": 4, ""eta"": 1.0, ""update_mode"": ""softmax"", ""robust_objective"": ""weighted"", ""gamma"": 0.9, ""kl_lambda"": 0.0, ""initial_pi"": [0.4888888895511627, 0.42020201683044434, 0.04040404036641121, 0.05050504952669144]}",2026-03-23T10:47:42.870530,33,0.1500968899055304,0.9298642509663266,0.001,0.7733333333333333,0.7979912679340455,0.7358490566037735,0.9,"[0.7868852459016393, 0.7358490566037735, 0.9, 0.7692307692307693]","[0.517024106683866, 0.6028020009134879, 0.358223342007841, 1.249027012428017]","[0.7638888888888888, 0.782051282051282]","[[0.7878787878787878, 0.7857142857142857], [0.8787878787878788, 0.5], [null, 0.9], [0.0, 1.0]]","[61, 53, 10, 26]","[0.2636367678642273, 0.27327513694763184, 0.22798597812652588, 0.235102117061615]","[0.4888888895511627, 0.42020201683044434, 0.04040404036641121, 0.05050504952669144]",0.0
"{""use_fedheart"": true, ""num_classes"": 2, ""stratified_batching"": true, ""train_frac"": 0.8, ""group_max_train_samples"": [null, null, 20, 25], ""batch_size"": 64, ""num_workers"": 0, ""epochs"": 100, ""early_stopping_patience"": 30, ""lr"": 0.001, ""weight_decay"": 0.0001, ""optimizer"": ""adam"", ""grad_clip"": 1.0, ""lr_scheduler"": ""cosine"", ""lr_min"": 1e-05, ""latent_dim"": 64, ""head_hidden"": 32, ""anchor_eps"": 0.0001, ""sep_samples_per_class"": 4, ""sep_method"": ""classifier"", ""sep_margin"": 1.0, ""lambda_fit"": 0.001, ""lambda_sep"": 0.001, ""log_interval"": 20, ""save_every"": 10, ""groups"": [{""name"": ""cleveland"", ""encoder"": ""mlp_tabular_ln"", ""input_dim"": 13, ""hidden_dim"": 64, ""dropout"": 0.1}, {""name"": ""hungarian"", ""encoder"": ""mlp_tabular_ln"", ""input_dim"": 12, ""hidden_dim"": 64, ""dropout"": 0.1}, {""name"": ""switzerland"", ""encoder"": ""mlp_tabular_ln"", ""input_dim"": 12, ""hidden_dim"": 64, ""dropout"": 0.1}, {""name"": ""va_long_beach"", ""encoder"": ""mlp_tabular_ln"", ""input_dim"": 11, ""hidden_dim"": 64, ""dropout"": 0.1}], ""seed"": 1337, ""run_dir"": ""runs/sweep_A_gdro_s1337"", ""run_name"": ""sweep_A_gdro"", ""true_hetero_input_dim"": true, ""feature_mask"": [null, [0, 1, 2, 4, 5, 6, 7, 8, 9, 10, 11, 12], [0, 1, 2, 3, 5, 6, 7, 8, 9, 10, 11, 12], [0, 1, 2, 3, 4, 5, 6, 7, 8, 9, 10]], ""groupdro_enabled"": true, ""groupdro_eta"": 1.0, ""groupdro_gamma"": 0.9, ""groupdro_update_mode"": ""softmax"", ""groupdro_objective"": ""weighted"", ""groupdro_kl_lambda"": 0.0, ""groupdro_uniform_init"": true}","{""num_groups"": 4, ""num_classes"": 2, ""train_total"": 495, ""test_total"": 150, ""train_group_counts"": [242, 208, 20, 25], ""test_group_counts"": [61, 53, 10, 26], ""train_class_counts"": [269, 226], ""test_class_counts"": [72, 78], ""train_group_class_counts"": [[131, 111], [130, 78], [1, 19], [7, 18]], ""test_group_class_counts"": [[33, 28], [33, 20], [0, 10], [6, 20]], ""group_proportions"": [0.4888888888888889, 0.4202020202020202, 0.04040404040404041, 0.050505050505050504]}","{""num_groups"": 4, ""eta"": 1.0, ""update_mode"": ""softmax"", ""robust_objective"": ""weighted"", ""gamma"": 0.9, ""kl_lambda"": 0.0, ""initial_pi"": [0.4888888895511627, 0.42020201683044434, 0.04040404036641121, 0.05050504952669144]}",2026-03-23T10:47:42.870530,34,0.16915942573439482,0.916289595726928,0.001,0.7533333333333333,0.7850775654904947,0.7169811320754716,0.9,"[0.7540983606557377, 0.7169811320754716, 0.9, 0.7692307692307693]","[0.5490837606437291, 0.6332736113811579, 0.3650222974109056, 1.2702735238715552]","[0.7083333333333334, 0.7948717948717948]","[[0.696969696969697, 0.8214285714285714], [0.8484848484848485, 0.5], [null, 0.9], [0.0, 1.0]]","[61, 53, 10, 26]","[0.29595208168029785, 0.26179489493370056, 0.22026097774505615, 0.22199201583862305]","[0.4888888895511627, 0.42020201683044434, 0.04040404036641121, 0.05050504952669144]",0.0
"{""use_fedheart"": true, ""num_classes"": 2, ""stratified_batching"": true, ""train_frac"": 0.8, ""group_max_train_samples"": [null, null, 20, 25], ""batch_size"": 64, ""num_workers"": 0, ""epochs"": 100, ""early_stopping_patience"": 30, ""lr"": 0.001, ""weight_decay"": 0.0001, ""optimizer"": ""adam"", ""grad_clip"": 1.0, ""lr_scheduler"": ""cosine"", ""lr_min"": 1e-05, ""latent_dim"": 64, ""head_hidden"": 32, ""anchor_eps"": 0.0001, ""sep_samples_per_class"": 4, ""sep_method"": ""classifier"", ""sep_margin"": 1.0, ""lambda_fit"": 0.001, ""lambda_sep"": 0.001, ""log_interval"": 20, ""save_every"": 10, ""groups"": [{""name"": ""cleveland"", ""encoder"": ""mlp_tabular_ln"", ""input_dim"": 13, ""hidden_dim"": 64, ""dropout"": 0.1}, {""name"": ""hungarian"", ""encoder"": ""mlp_tabular_ln"", ""input_dim"": 12, ""hidden_dim"": 64, ""dropout"": 0.1}, {""name"": ""switzerland"", ""encoder"": ""mlp_tabular_ln"", ""input_dim"": 12, ""hidden_dim"": 64, ""dropout"": 0.1}, {""name"": ""va_long_beach"", ""encoder"": ""mlp_tabular_ln"", ""input_dim"": 11, ""hidden_dim"": 64, ""dropout"": 0.1}], ""seed"": 1337, ""run_dir"": ""runs/sweep_A_gdro_s1337"", ""run_name"": ""sweep_A_gdro"", ""true_hetero_input_dim"": true, ""feature_mask"": [null, [0, 1, 2, 4, 5, 6, 7, 8, 9, 10, 11, 12], [0, 1, 2, 3, 5, 6, 7, 8, 9, 10, 11, 12], [0, 1, 2, 3, 4, 5, 6, 7, 8, 9, 10]], ""groupdro_enabled"": true, ""groupdro_eta"": 1.0, ""groupdro_gamma"": 0.9, ""groupdro_update_mode"": ""softmax"", ""groupdro_objective"": ""weighted"", ""groupdro_kl_lambda"": 0.0, ""groupdro_uniform_init"": true}","{""num_groups"": 4, ""num_classes"": 2, ""train_total"": 495, ""test_total"": 150, ""train_group_counts"": [242, 208, 20, 25], ""test_group_counts"": [61, 53, 10, 26], ""train_class_counts"": [269, 226], ""test_class_counts"": [72, 78], ""train_group_class_counts"": [[131, 111], [130, 78], [1, 19], [7, 18]], ""test_group_class_counts"": [[33, 28], [33, 20], [0, 10], [6, 20]], ""group_proportions"": [0.4888888888888889, 0.4202020202020202, 0.04040404040404041, 0.050505050505050504]}","{""num_groups"": 4, ""eta"": 1.0, ""update_mode"": ""softmax"", ""robust_objective"": ""weighted"", ""gamma"": 0.9, ""kl_lambda"": 0.0, ""initial_pi"": [0.4888888895511627, 0.42020201683044434, 0.04040404036641121, 0.05050504952669144]}",2026-03-23T10:47:42.870530,35,0.1540010336499948,0.9208144799077134,0.001,0.76,0.7897945466225701,0.7358490566037735,0.9,"[0.7540983606557377, 0.7358490566037735, 0.9, 0.7692307692307693]","[0.5758321081148842, 0.6710665220952645, 0.37440704092514354, 1.272865544830683]","[0.7222222222222222, 0.7948717948717948]","[[0.6666666666666666, 0.8571428571428571], [0.9090909090909091, 0.45], [null, 0.9], [0.0, 1.0]]","[61, 53, 10, 26]","[0.2704249918460846, 0.26349562406539917, 0.23123742640018463, 0.23484192788600922]","[0.4888888895511627, 0.42020201683044434, 0.04040404036641121, 0.05050504952669144]",0.0
"{""use_fedheart"": true, ""num_classes"": 2, ""stratified_batching"": true, ""train_frac"": 0.8, ""group_max_train_samples"": [null, null, 20, 25], ""batch_size"": 64, ""num_workers"": 0, ""epochs"": 100, ""early_stopping_patience"": 30, ""lr"": 0.001, ""weight_decay"": 0.0001, ""optimizer"": ""adam"", ""grad_clip"": 1.0, ""lr_scheduler"": ""cosine"", ""lr_min"": 1e-05, ""latent_dim"": 64, ""head_hidden"": 32, ""anchor_eps"": 0.0001, ""sep_samples_per_class"": 4, ""sep_method"": ""classifier"", ""sep_margin"": 1.0, ""lambda_fit"": 0.001, ""lambda_sep"": 0.001, ""log_interval"": 20, ""save_every"": 10, ""groups"": [{""name"": ""cleveland"", ""encoder"": ""mlp_tabular_ln"", ""input_dim"": 13, ""hidden_dim"": 64, ""dropout"": 0.1}, {""name"": ""hungarian"", ""encoder"": ""mlp_tabular_ln"", ""input_dim"": 12, ""hidden_dim"": 64, ""dropout"": 0.1}, {""name"": ""switzerland"", ""encoder"": ""mlp_tabular_ln"", ""input_dim"": 12, ""hidden_dim"": 64, ""dropout"": 0.1}, {""name"": ""va_long_beach"", ""encoder"": ""mlp_tabular_ln"", ""input_dim"": 11, ""hidden_dim"": 64, ""dropout"": 0.1}], ""seed"": 1337, ""run_dir"": ""runs/sweep_A_gdro_s1337"", ""run_name"": ""sweep_A_gdro"", ""true_hetero_input_dim"": true, ""feature_mask"": [null, [0, 1, 2, 4, 5, 6, 7, 8, 9, 10, 11, 12], [0, 1, 2, 3, 5, 6, 7, 8, 9, 10, 11, 12], [0, 1, 2, 3, 4, 5, 6, 7, 8, 9, 10]], ""groupdro_enabled"": true, ""groupdro_eta"": 1.0, ""groupdro_gamma"": 0.9, ""groupdro_update_mode"": ""softmax"", ""groupdro_objective"": ""weighted"", ""groupdro_kl_lambda"": 0.0, ""groupdro_uniform_init"": true}","{""num_groups"": 4, ""num_classes"": 2, ""train_total"": 495, ""test_total"": 150, ""train_group_counts"": [242, 208, 20, 25], ""test_group_counts"": [61, 53, 10, 26], ""train_class_counts"": [269, 226], ""test_class_counts"": [72, 78], ""train_group_class_counts"": [[131, 111], [130, 78], [1, 19], [7, 18]], ""test_group_class_counts"": [[33, 28], [33, 20], [0, 10], [6, 20]], ""group_proportions"": [0.4888888888888889, 0.4202020202020202, 0.04040404040404041, 0.050505050505050504]}","{""num_groups"": 4, ""eta"": 1.0, ""update_mode"": ""softmax"", ""robust_objective"": ""weighted"", ""gamma"": 0.9, ""kl_lambda"": 0.0, ""initial_pi"": [0.4888888895511627, 0.42020201683044434, 0.04040404036641121, 0.05050504952669144]}",2026-03-23T10:47:42.870530,36,0.156955317269623,0.9162895906025468,0.001,0.76,0.7897945466225701,0.7358490566037735,0.9,"[0.7540983606557377, 0.7358490566037735, 0.9, 0.7692307692307693]","[0.5733630708351991, 0.6395716497889843, 0.3996486385272874, 1.2754264063705005]","[0.7222222222222222, 0.7948717948717948]","[[0.6666666666666666, 0.8571428571428571], [0.9090909090909091, 0.45], [null, 0.9], [0.0, 1.0]]","[61, 53, 10, 26]","[0.2843487560749054, 0.2853304147720337, 0.21491874754428864, 0.21540211141109467]","[0.4888888895511627, 0.42020201683044434, 0.04040404036641121, 0.05050504952669144]",0.0
"{""use_fedheart"": true, ""num_classes"": 2, ""stratified_batching"": true, ""train_frac"": 0.8, ""group_max_train_samples"": [null, null, 20, 25], ""batch_size"": 64, ""num_workers"": 0, ""epochs"": 100, ""early_stopping_patience"": 30, ""lr"": 0.001, ""weight_decay"": 0.0001, ""optimizer"": ""adam"", ""grad_clip"": 1.0, ""lr_scheduler"": ""cosine"", ""lr_min"": 1e-05, ""latent_dim"": 64, ""head_hidden"": 32, ""anchor_eps"": 0.0001, ""sep_samples_per_class"": 4, ""sep_method"": ""classifier"", ""sep_margin"": 1.0, ""lambda_fit"": 0.001, ""lambda_sep"": 0.001, ""log_interval"": 20, ""save_every"": 10, ""groups"": [{""name"": ""cleveland"", ""encoder"": ""mlp_tabular_ln"", ""input_dim"": 13, ""hidden_dim"": 64, ""dropout"": 0.1}, {""name"": ""hungarian"", ""encoder"": ""mlp_tabular_ln"", ""input_dim"": 12, ""hidden_dim"": 64, ""dropout"": 0.1}, {""name"": ""switzerland"", ""encoder"": ""mlp_tabular_ln"", ""input_dim"": 12, ""hidden_dim"": 64, ""dropout"": 0.1}, {""name"": ""va_long_beach"", ""encoder"": ""mlp_tabular_ln"", ""input_dim"": 11, ""hidden_dim"": 64, ""dropout"": 0.1}], ""seed"": 1337, ""run_dir"": ""runs/sweep_A_gdro_s1337"", ""run_name"": ""sweep_A_gdro"", ""true_hetero_input_dim"": true, ""feature_mask"": [null, [0, 1, 2, 4, 5, 6, 7, 8, 9, 10, 11, 12], [0, 1, 2, 3, 5, 6, 7, 8, 9, 10, 11, 12], [0, 1, 2, 3, 4, 5, 6, 7, 8, 9, 10]], ""groupdro_enabled"": true, ""groupdro_eta"": 1.0, ""groupdro_gamma"": 0.9, ""groupdro_update_mode"": ""softmax"", ""groupdro_objective"": ""weighted"", ""groupdro_kl_lambda"": 0.0, ""groupdro_uniform_init"": true}","{""num_groups"": 4, ""num_classes"": 2, ""train_total"": 495, ""test_total"": 150, ""train_group_counts"": [242, 208, 20, 25], ""test_group_counts"": [61, 53, 10, 26], ""train_class_counts"": [269, 226], ""test_class_counts"": [72, 78], ""train_group_class_counts"": [[131, 111], [130, 78], [1, 19], [7, 18]], ""test_group_class_counts"": [[33, 28], [33, 20], [0, 10], [6, 20]], ""group_proportions"": [0.4888888888888889, 0.4202020202020202, 0.04040404040404041, 0.050505050505050504]}","{""num_groups"": 4, ""eta"": 1.0, ""update_mode"": ""softmax"", ""robust_objective"": ""weighted"", ""gamma"": 0.9, ""kl_lambda"": 0.0, ""initial_pi"": [0.4888888895511627, 0.42020201683044434, 0.04040404036641121, 0.05050504952669144]}",2026-03-23T10:47:42.870530,37,0.13329781955993014,0.9298642563604121,0.001,0.7666666666666667,0.7938929072783079,0.7358490566037735,0.9,"[0.7704918032786885, 0.7358490566037735, 0.9, 0.7692307692307693]","[0.576213034860347, 0.5960955178488117, 0.4151214597732178, 1.2264552876409793]","[0.7361111111111112, 0.7948717948717948]","[[0.696969696969697, 0.8571428571428571], [0.8787878787878788, 0.5], [null, 0.9], [0.16666666666666666, 0.95]]","[61, 53, 10, 26]","[0.23287710547447205, 0.29277950525283813, 0.2142777442932129, 0.26006561517715454]","[0.4888888895511627, 0.42020201683044434, 0.04040404036641121, 0.05050504952669144]",0.0
"{""use_fedheart"": true, ""num_classes"": 2, ""stratified_batching"": true, ""train_frac"": 0.8, ""group_max_train_samples"": [null, null, 20, 25], ""batch_size"": 64, ""num_workers"": 0, ""epochs"": 100, ""early_stopping_patience"": 30, ""lr"": 0.001, ""weight_decay"": 0.0001, ""optimizer"": ""adam"", ""grad_clip"": 1.0, ""lr_scheduler"": ""cosine"", ""lr_min"": 1e-05, ""latent_dim"": 64, ""head_hidden"": 32, ""anchor_eps"": 0.0001, ""sep_samples_per_class"": 4, ""sep_method"": ""classifier"", ""sep_margin"": 1.0, ""lambda_fit"": 0.001, ""lambda_sep"": 0.001, ""log_interval"": 20, ""save_every"": 10, ""groups"": [{""name"": ""cleveland"", ""encoder"": ""mlp_tabular_ln"", ""input_dim"": 13, ""hidden_dim"": 64, ""dropout"": 0.1}, {""name"": ""hungarian"", ""encoder"": ""mlp_tabular_ln"", ""input_dim"": 12, ""hidden_dim"": 64, ""dropout"": 0.1}, {""name"": ""switzerland"", ""encoder"": ""mlp_tabular_ln"", ""input_dim"": 12, ""hidden_dim"": 64, ""dropout"": 0.1}, {""name"": ""va_long_beach"", ""encoder"": ""mlp_tabular_ln"", ""input_dim"": 11, ""hidden_dim"": 64, ""dropout"": 0.1}], ""seed"": 1337, ""run_dir"": ""runs/sweep_A_gdro_s1337"", ""run_name"": ""sweep_A_gdro"", ""true_hetero_input_dim"": true, ""feature_mask"": [null, [0, 1, 2, 4, 5, 6, 7, 8, 9, 10, 11, 12], [0, 1, 2, 3, 5, 6, 7, 8, 9, 10, 11, 12], [0, 1, 2, 3, 4, 5, 6, 7, 8, 9, 10]], ""groupdro_enabled"": true, ""groupdro_eta"": 1.0, ""groupdro_gamma"": 0.9, ""groupdro_update_mode"": ""softmax"", ""groupdro_objective"": ""weighted"", ""groupdro_kl_lambda"": 0.0, ""groupdro_uniform_init"": true}","{""num_groups"": 4, ""num_classes"": 2, ""train_total"": 495, ""test_total"": 150, ""train_group_counts"": [242, 208, 20, 25], ""test_group_counts"": [61, 53, 10, 26], ""train_class_counts"": [269, 226], ""test_class_counts"": [72, 78], ""train_group_class_counts"": [[131, 111], [130, 78], [1, 19], [7, 18]], ""test_group_class_counts"": [[33, 28], [33, 20], [0, 10], [6, 20]], ""group_proportions"": [0.4888888888888889, 0.4202020202020202, 0.04040404040404041, 0.050505050505050504]}","{""num_groups"": 4, ""eta"": 1.0, ""update_mode"": ""softmax"", ""robust_objective"": ""weighted"", ""gamma"": 0.9, ""kl_lambda"": 0.0, ""initial_pi"": [0.4888888895511627, 0.42020201683044434, 0.04040404036641121, 0.05050504952669144]}",2026-03-23T10:47:42.870530,38,0.13731356565229494,0.9208144828744603,0.001,0.7666666666666667,0.7932742868019701,0.7169811320754716,0.9,"[0.7868852459016393, 0.7169811320754716, 0.9, 0.7692307692307693]","[0.5444814926485692, 0.6331434937936412, 0.43304389042168623, 1.2055562924977214]","[0.7638888888888888, 0.7692307692307693]","[[0.7575757575757576, 0.8214285714285714], [0.8787878787878788, 0.45], [null, 0.9], [0.16666666666666666, 0.95]]","[61, 53, 10, 26]","[0.29494526982307434, 0.26620277762413025, 0.2192394733428955, 0.2196124643087387]","[0.4888888895511627, 0.42020201683044434, 0.04040404036641121, 0.05050504952669144]",0.0
"{""use_fedheart"": true, ""num_classes"": 2, ""stratified_batching"": true, ""train_frac"": 0.8, ""group_max_train_samples"": [null, null, 20, 25], ""batch_size"": 64, ""num_workers"": 0, ""epochs"": 100, ""early_stopping_patience"": 30, ""lr"": 0.001, ""weight_decay"": 0.0001, ""optimizer"": ""adam"", ""grad_clip"": 1.0, ""lr_scheduler"": ""cosine"", ""lr_min"": 1e-05, ""latent_dim"": 64, ""head_hidden"": 32, ""anchor_eps"": 0.0001, ""sep_samples_per_class"": 4, ""sep_method"": ""classifier"", ""sep_margin"": 1.0, ""lambda_fit"": 0.001, ""lambda_sep"": 0.001, ""log_interval"": 20, ""save_every"": 10, ""groups"": [{""name"": ""cleveland"", ""encoder"": ""mlp_tabular_ln"", ""input_dim"": 13, ""hidden_dim"": 64, ""dropout"": 0.1}, {""name"": ""hungarian"", ""encoder"": ""mlp_tabular_ln"", ""input_dim"": 12, ""hidden_dim"": 64, ""dropout"": 0.1}, {""name"": ""switzerland"", ""encoder"": ""mlp_tabular_ln"", ""input_dim"": 12, ""hidden_dim"": 64, ""dropout"": 0.1}, {""name"": ""va_long_beach"", ""encoder"": ""mlp_tabular_ln"", ""input_dim"": 11, ""hidden_dim"": 64, ""dropout"": 0.1}], ""seed"": 1337, ""run_dir"": ""runs/sweep_A_gdro_s1337"", ""run_name"": ""sweep_A_gdro"", ""true_hetero_input_dim"": true, ""feature_mask"": [null, [0, 1, 2, 4, 5, 6, 7, 8, 9, 10, 11, 12], [0, 1, 2, 3, 5, 6, 7, 8, 9, 10, 11, 12], [0, 1, 2, 3, 4, 5, 6, 7, 8, 9, 10]], ""groupdro_enabled"": true, ""groupdro_eta"": 1.0, ""groupdro_gamma"": 0.9, ""groupdro_update_mode"": ""softmax"", ""groupdro_objective"": ""weighted"", ""groupdro_kl_lambda"": 0.0, ""groupdro_uniform_init"": true}","{""num_groups"": 4, ""num_classes"": 2, ""train_total"": 495, ""test_total"": 150, ""train_group_counts"": [242, 208, 20, 25], ""test_group_counts"": [61, 53, 10, 26], ""train_class_counts"": [269, 226], ""test_class_counts"": [72, 78], ""train_group_class_counts"": [[131, 111], [130, 78], [1, 19], [7, 18]], ""test_group_class_counts"": [[33, 28], [33, 20], [0, 10], [6, 20]], ""group_proportions"": [0.4888888888888889, 0.4202020202020202, 0.04040404040404041, 0.050505050505050504]}","{""num_groups"": 4, ""eta"": 1.0, ""update_mode"": ""softmax"", ""robust_objective"": ""weighted"", ""gamma"": 0.9, ""kl_lambda"": 0.0, ""initial_pi"": [0.4888888895511627, 0.42020201683044434, 0.04040404036641121, 0.05050504952669144]}",2026-03-23T10:47:42.870530,39,0.12511417259592816,0.938914029846364,0.001,0.76,0.7946929501058793,0.7169811320754716,0.9,"[0.7540983606557377, 0.7169811320754716, 0.9, 0.8076923076923077]","[0.5742240517236079, 0.6558623050574547, 0.44454612896297474, 1.236230885481116]","[0.7222222222222222, 0.7948717948717948]","[[0.6666666666666666, 0.8571428571428571], [0.8787878787878788, 0.45], [null, 0.9], [0.16666666666666666, 1.0]]","[61, 53, 10, 26]","[0.26533544063568115, 0.25829312205314636, 0.23659098148345947, 0.23978041112422943]","[0.4888888895511627, 0.42020201683044434, 0.04040404036641121, 0.05050504952669144]",0.0
"{""use_fedheart"": true, ""num_classes"": 2, ""stratified_batching"": true, ""train_frac"": 0.8, ""group_max_train_samples"": [null, null, 20, 25], ""batch_size"": 64, ""num_workers"": 0, ""epochs"": 100, ""early_stopping_patience"": 30, ""lr"": 0.001, ""weight_decay"": 0.0001, ""optimizer"": ""adam"", ""grad_clip"": 1.0, ""lr_scheduler"": ""cosine"", ""lr_min"": 1e-05, ""latent_dim"": 64, ""head_hidden"": 32, ""anchor_eps"": 0.0001, ""sep_samples_per_class"": 4, ""sep_method"": ""classifier"", ""sep_margin"": 1.0, ""lambda_fit"": 0.001, ""lambda_sep"": 0.001, ""log_interval"": 20, ""save_every"": 10, ""groups"": [{""name"": ""cleveland"", ""encoder"": ""mlp_tabular_ln"", ""input_dim"": 13, ""hidden_dim"": 64, ""dropout"": 0.1}, {""name"": ""hungarian"", ""encoder"": ""mlp_tabular_ln"", ""input_dim"": 12, ""hidden_dim"": 64, ""dropout"": 0.1}, {""name"": ""switzerland"", ""encoder"": ""mlp_tabular_ln"", ""input_dim"": 12, ""hidden_dim"": 64, ""dropout"": 0.1}, {""name"": ""va_long_beach"", ""encoder"": ""mlp_tabular_ln"", ""input_dim"": 11, ""hidden_dim"": 64, ""dropout"": 0.1}], ""seed"": 1337, ""run_dir"": ""runs/sweep_A_gdro_s1337"", ""run_name"": ""sweep_A_gdro"", ""true_hetero_input_dim"": true, ""feature_mask"": [null, [0, 1, 2, 4, 5, 6, 7, 8, 9, 10, 11, 12], [0, 1, 2, 3, 5, 6, 7, 8, 9, 10, 11, 12], [0, 1, 2, 3, 4, 5, 6, 7, 8, 9, 10]], ""groupdro_enabled"": true, ""groupdro_eta"": 1.0, ""groupdro_gamma"": 0.9, ""groupdro_update_mode"": ""softmax"", ""groupdro_objective"": ""weighted"", ""groupdro_kl_lambda"": 0.0, ""groupdro_uniform_init"": true}","{""num_groups"": 4, ""num_classes"": 2, ""train_total"": 495, ""test_total"": 150, ""train_group_counts"": [242, 208, 20, 25], ""test_group_counts"": [61, 53, 10, 26], ""train_class_counts"": [269, 226], ""test_class_counts"": [72, 78], ""train_group_class_counts"": [[131, 111], [130, 78], [1, 19], [7, 18]], ""test_group_class_counts"": [[33, 28], [33, 20], [0, 10], [6, 20]], ""group_proportions"": [0.4888888888888889, 0.4202020202020202, 0.04040404040404041, 0.050505050505050504]}","{""num_groups"": 4, ""eta"": 1.0, ""update_mode"": ""softmax"", ""robust_objective"": ""weighted"", ""gamma"": 0.9, ""kl_lambda"": 0.0, ""initial_pi"": [0.4888888895511627, 0.42020201683044434, 0.04040404036641121, 0.05050504952669144]}",2026-03-23T10:47:42.870530,40,0.117844088382311,0.9524886910192567,0.001,0.76,0.7946929501058793,0.7169811320754716,0.9,"[0.7540983606557377, 0.7169811320754716, 0.9, 0.8076923076923077]","[0.5764236085238049, 0.6743342244024564, 0.4566670966149104, 1.2729757058104951]","[0.7361111111111112, 0.782051282051282]","[[0.696969696969697, 0.8214285714285714], [0.8787878787878788, 0.45], [null, 0.9], [0.16666666666666666, 1.0]]","[61, 53, 10, 26]","[0.24320049583911896, 0.3185979723930359, 0.21110832691192627, 0.22709321975708008]","[0.4888888895511627, 0.42020201683044434, 0.04040404036641121, 0.05050504952669144]",0.0
"{""use_fedheart"": true, ""num_classes"": 2, ""stratified_batching"": true, ""train_frac"": 0.8, ""group_max_train_samples"": [null, null, 20, 25], ""batch_size"": 64, ""num_workers"": 0, ""epochs"": 100, ""early_stopping_patience"": 30, ""lr"": 0.001, ""weight_decay"": 0.0001, ""optimizer"": ""adam"", ""grad_clip"": 1.0, ""lr_scheduler"": ""cosine"", ""lr_min"": 1e-05, ""latent_dim"": 64, ""head_hidden"": 32, ""anchor_eps"": 0.0001, ""sep_samples_per_class"": 4, ""sep_method"": ""classifier"", ""sep_margin"": 1.0, ""lambda_fit"": 0.001, ""lambda_sep"": 0.001, ""log_interval"": 20, ""save_every"": 10, ""groups"": [{""name"": ""cleveland"", ""encoder"": ""mlp_tabular_ln"", ""input_dim"": 13, ""hidden_dim"": 64, ""dropout"": 0.1}, {""name"": ""hungarian"", ""encoder"": ""mlp_tabular_ln"", ""input_dim"": 12, ""hidden_dim"": 64, ""dropout"": 0.1}, {""name"": ""switzerland"", ""encoder"": ""mlp_tabular_ln"", ""input_dim"": 12, ""hidden_dim"": 64, ""dropout"": 0.1}, {""name"": ""va_long_beach"", ""encoder"": ""mlp_tabular_ln"", ""input_dim"": 11, ""hidden_dim"": 64, ""dropout"": 0.1}], ""seed"": 1337, ""run_dir"": ""runs/sweep_A_gdro_s1337"", ""run_name"": ""sweep_A_gdro"", ""true_hetero_input_dim"": true, ""feature_mask"": [null, [0, 1, 2, 4, 5, 6, 7, 8, 9, 10, 11, 12], [0, 1, 2, 3, 5, 6, 7, 8, 9, 10, 11, 12], [0, 1, 2, 3, 4, 5, 6, 7, 8, 9, 10]], ""groupdro_enabled"": true, ""groupdro_eta"": 1.0, ""groupdro_gamma"": 0.9, ""groupdro_update_mode"": ""softmax"", ""groupdro_objective"": ""weighted"", ""groupdro_kl_lambda"": 0.0, ""groupdro_uniform_init"": true}","{""num_groups"": 4, ""num_classes"": 2, ""train_total"": 495, ""test_total"": 150, ""train_group_counts"": [242, 208, 20, 25], ""test_group_counts"": [61, 53, 10, 26], ""train_class_counts"": [269, 226], ""test_class_counts"": [72, 78], ""train_group_class_counts"": [[131, 111], [130, 78], [1, 19], [7, 18]], ""test_group_class_counts"": [[33, 28], [33, 20], [0, 10], [6, 20]], ""group_proportions"": [0.4888888888888889, 0.4202020202020202, 0.04040404040404041, 0.050505050505050504]}","{""num_groups"": 4, ""eta"": 1.0, ""update_mode"": ""softmax"", ""robust_objective"": ""weighted"", ""gamma"": 0.9, ""kl_lambda"": 0.0, ""initial_pi"": [0.4888888895511627, 0.42020201683044434, 0.04040404036641121, 0.05050504952669144]}",2026-03-23T10:47:42.870530,41,0.12588769959378565,0.9434389115998109,0.001,0.76,0.795311570582217,0.7358490566037735,0.9,"[0.7377049180327869, 0.7358490566037735, 0.9, 0.8076923076923077]","[0.6192942430860684, 0.6715997785185946, 0.46407821040156705, 1.3334909417324594]","[0.7222222222222222, 0.7948717948717948]","[[0.6666666666666666, 0.8214285714285714], [0.8787878787878788, 0.5], [null, 0.9], [0.16666666666666666, 1.0]]","[61, 53, 10, 26]","[0.2423962652683258, 0.2909819185733795, 0.2325148582458496, 0.2341068983078003]","[0.4888888895511627, 0.42020201683044434, 0.04040404036641121, 0.05050504952669144]",0.0
"{""use_fedheart"": true, ""num_classes"": 2, ""stratified_batching"": true, ""train_frac"": 0.8, ""group_max_train_samples"": [null, null, 20, 25], ""batch_size"": 64, ""num_workers"": 0, ""epochs"": 100, ""early_stopping_patience"": 30, ""lr"": 0.001, ""weight_decay"": 0.0001, ""optimizer"": ""adam"", ""grad_clip"": 1.0, ""lr_scheduler"": ""cosine"", ""lr_min"": 1e-05, ""latent_dim"": 64, ""head_hidden"": 32, ""anchor_eps"": 0.0001, ""sep_samples_per_class"": 4, ""sep_method"": ""classifier"", ""sep_margin"": 1.0, ""lambda_fit"": 0.001, ""lambda_sep"": 0.001, ""log_interval"": 20, ""save_every"": 10, ""groups"": [{""name"": ""cleveland"", ""encoder"": ""mlp_tabular_ln"", ""input_dim"": 13, ""hidden_dim"": 64, ""dropout"": 0.1}, {""name"": ""hungarian"", ""encoder"": ""mlp_tabular_ln"", ""input_dim"": 12, ""hidden_dim"": 64, ""dropout"": 0.1}, {""name"": ""switzerland"", ""encoder"": ""mlp_tabular_ln"", ""input_dim"": 12, ""hidden_dim"": 64, ""dropout"": 0.1}, {""name"": ""va_long_beach"", ""encoder"": ""mlp_tabular_ln"", ""input_dim"": 11, ""hidden_dim"": 64, ""dropout"": 0.1}], ""seed"": 1337, ""run_dir"": ""runs/sweep_A_gdro_s1337"", ""run_name"": ""sweep_A_gdro"", ""true_hetero_input_dim"": true, ""feature_mask"": [null, [0, 1, 2, 4, 5, 6, 7, 8, 9, 10, 11, 12], [0, 1, 2, 3, 5, 6, 7, 8, 9, 10, 11, 12], [0, 1, 2, 3, 4, 5, 6, 7, 8, 9, 10]], ""groupdro_enabled"": true, ""groupdro_eta"": 1.0, ""groupdro_gamma"": 0.9, ""groupdro_update_mode"": ""softmax"", ""groupdro_objective"": ""weighted"", ""groupdro_kl_lambda"": 0.0, ""groupdro_uniform_init"": true}","{""num_groups"": 4, ""num_classes"": 2, ""train_total"": 495, ""test_total"": 150, ""train_group_counts"": [242, 208, 20, 25], ""test_group_counts"": [61, 53, 10, 26], ""train_class_counts"": [269, 226], ""test_class_counts"": [72, 78], ""train_group_class_counts"": [[131, 111], [130, 78], [1, 19], [7, 18]], ""test_group_class_counts"": [[33, 28], [33, 20], [0, 10], [6, 20]], ""group_proportions"": [0.4888888888888889, 0.4202020202020202, 0.04040404040404041, 0.050505050505050504]}","{""num_groups"": 4, ""eta"": 1.0, ""update_mode"": ""softmax"", ""robust_objective"": ""weighted"", ""gamma"": 0.9, ""kl_lambda"": 0.0, ""initial_pi"": [0.4888888895511627, 0.42020201683044434, 0.04040404036641121, 0.05050504952669144]}",2026-03-23T10:47:42.870530,42,0.12417027428409093,0.9411764732852781,0.001,0.7733333333333333,0.8035082918936924,0.7358490566037735,0.9,"[0.7704918032786885, 0.7358490566037735, 0.9, 0.8076923076923077]","[0.6210220336287138, 0.6602112683039246, 0.4706620258111798, 1.464149453152721]","[0.75, 0.7948717948717948]","[[0.7272727272727273, 0.8214285714285714], [0.8787878787878788, 0.5], [null, 0.9], [0.16666666666666666, 1.0]]","[61, 53, 10, 26]","[0.2705768048763275, 0.25658664107322693, 0.23558643460273743, 0.2372501641511917]","[0.4888888895511627, 0.42020201683044434, 0.04040404036641121, 0.05050504952669144]",0.0
"{""use_fedheart"": true, ""num_classes"": 2, ""stratified_batching"": true, ""train_frac"": 0.8, ""group_max_train_samples"": [null, null, 20, 25], ""batch_size"": 64, ""num_workers"": 0, ""epochs"": 100, ""early_stopping_patience"": 30, ""lr"": 0.001, ""weight_decay"": 0.0001, ""optimizer"": ""adam"", ""grad_clip"": 1.0, ""lr_scheduler"": ""cosine"", ""lr_min"": 1e-05, ""latent_dim"": 64, ""head_hidden"": 32, ""anchor_eps"": 0.0001, ""sep_samples_per_class"": 4, ""sep_method"": ""classifier"", ""sep_margin"": 1.0, ""lambda_fit"": 0.001, ""lambda_sep"": 0.001, ""log_interval"": 20, ""save_every"": 10, ""groups"": [{""name"": ""cleveland"", ""encoder"": ""mlp_tabular_ln"", ""input_dim"": 13, ""hidden_dim"": 64, ""dropout"": 0.1}, {""name"": ""hungarian"", ""encoder"": ""mlp_tabular_ln"", ""input_dim"": 12, ""hidden_dim"": 64, ""dropout"": 0.1}, {""name"": ""switzerland"", ""encoder"": ""mlp_tabular_ln"", ""input_dim"": 12, ""hidden_dim"": 64, ""dropout"": 0.1}, {""name"": ""va_long_beach"", ""encoder"": ""mlp_tabular_ln"", ""input_dim"": 11, ""hidden_dim"": 64, ""dropout"": 0.1}], ""seed"": 1337, ""run_dir"": ""runs/sweep_A_gdro_s1337"", ""run_name"": ""sweep_A_gdro"", ""true_hetero_input_dim"": true, ""feature_mask"": [null, [0, 1, 2, 4, 5, 6, 7, 8, 9, 10, 11, 12], [0, 1, 2, 3, 5, 6, 7, 8, 9, 10, 11, 12], [0, 1, 2, 3, 4, 5, 6, 7, 8, 9, 10]], ""groupdro_enabled"": true, ""groupdro_eta"": 1.0, ""groupdro_gamma"": 0.9, ""groupdro_update_mode"": ""softmax"", ""groupdro_objective"": ""weighted"", ""groupdro_kl_lambda"": 0.0, ""groupdro_uniform_init"": true}","{""num_groups"": 4, ""num_classes"": 2, ""train_total"": 495, ""test_total"": 150, ""train_group_counts"": [242, 208, 20, 25], ""test_group_counts"": [61, 53, 10, 26], ""train_class_counts"": [269, 226], ""test_class_counts"": [72, 78], ""train_group_class_counts"": [[131, 111], [130, 78], [1, 19], [7, 18]], ""test_group_class_counts"": [[33, 28], [33, 20], [0, 10], [6, 20]], ""group_proportions"": [0.4888888888888889, 0.4202020202020202, 0.04040404040404041, 0.050505050505050504]}","{""num_groups"": 4, ""eta"": 1.0, ""update_mode"": ""softmax"", ""robust_objective"": ""weighted"", ""gamma"": 0.9, ""kl_lambda"": 0.0, ""initial_pi"": [0.4888888895511627, 0.42020201683044434, 0.04040404036641121, 0.05050504952669144]}",2026-03-23T10:47:42.870530,43,0.12652742545798892,0.9411764735549824,0.001,0.7533333333333333,0.7856961859668324,0.7358490566037735,0.9,"[0.7377049180327869, 0.7358490566037735, 0.9, 0.7692307692307693]","[0.6410367388612701, 0.664852149976211, 0.4770465359080845, 1.5711609972504448]","[0.7222222222222222, 0.782051282051282]","[[0.6666666666666666, 0.8214285714285714], [0.9090909090909091, 0.45], [null, 0.9], [0.0, 1.0]]","[61, 53, 10, 26]","[0.2970140278339386, 0.23866941034793854, 0.2285972237586975, 0.23571930825710297]","[0.4888888895511627, 0.42020201683044434, 0.04040404036641121, 0.05050504952669144]",0.0
"{""use_fedheart"": true, ""num_classes"": 2, ""stratified_batching"": true, ""train_frac"": 0.8, ""group_max_train_samples"": [null, null, 20, 25], ""batch_size"": 64, ""num_workers"": 0, ""epochs"": 100, ""early_stopping_patience"": 30, ""lr"": 0.001, ""weight_decay"": 0.0001, ""optimizer"": ""adam"", ""grad_clip"": 1.0, ""lr_scheduler"": ""cosine"", ""lr_min"": 1e-05, ""latent_dim"": 64, ""head_hidden"": 32, ""anchor_eps"": 0.0001, ""sep_samples_per_class"": 4, ""sep_method"": ""classifier"", ""sep_margin"": 1.0, ""lambda_fit"": 0.001, ""lambda_sep"": 0.001, ""log_interval"": 20, ""save_every"": 10, ""groups"": [{""name"": ""cleveland"", ""encoder"": ""mlp_tabular_ln"", ""input_dim"": 13, ""hidden_dim"": 64, ""dropout"": 0.1}, {""name"": ""hungarian"", ""encoder"": ""mlp_tabular_ln"", ""input_dim"": 12, ""hidden_dim"": 64, ""dropout"": 0.1}, {""name"": ""switzerland"", ""encoder"": ""mlp_tabular_ln"", ""input_dim"": 12, ""hidden_dim"": 64, ""dropout"": 0.1}, {""name"": ""va_long_beach"", ""encoder"": ""mlp_tabular_ln"", ""input_dim"": 11, ""hidden_dim"": 64, ""dropout"": 0.1}], ""seed"": 1337, ""run_dir"": ""runs/sweep_A_gdro_s1337"", ""run_name"": ""sweep_A_gdro"", ""true_hetero_input_dim"": true, ""feature_mask"": [null, [0, 1, 2, 4, 5, 6, 7, 8, 9, 10, 11, 12], [0, 1, 2, 3, 5, 6, 7, 8, 9, 10, 11, 12], [0, 1, 2, 3, 4, 5, 6, 7, 8, 9, 10]], ""groupdro_enabled"": true, ""groupdro_eta"": 1.0, ""groupdro_gamma"": 0.9, ""groupdro_update_mode"": ""softmax"", ""groupdro_objective"": ""weighted"", ""groupdro_kl_lambda"": 0.0, ""groupdro_uniform_init"": true}","{""num_groups"": 4, ""num_classes"": 2, ""train_total"": 495, ""test_total"": 150, ""train_group_counts"": [242, 208, 20, 25], ""test_group_counts"": [61, 53, 10, 26], ""train_class_counts"": [269, 226], ""test_class_counts"": [72, 78], ""train_group_class_counts"": [[131, 111], [130, 78], [1, 19], [7, 18]], ""test_group_class_counts"": [[33, 28], [33, 20], [0, 10], [6, 20]], ""group_proportions"": [0.4888888888888889, 0.4202020202020202, 0.04040404040404041, 0.050505050505050504]}","{""num_groups"": 4, ""eta"": 1.0, ""update_mode"": ""softmax"", ""robust_objective"": ""weighted"", ""gamma"": 0.9, ""kl_lambda"": 0.0, ""initial_pi"": [0.4888888895511627, 0.42020201683044434, 0.04040404036641121, 0.05050504952669144]}",2026-03-23T10:47:42.870530,44,0.13963949420738003,0.9411764735549824,0.001,0.74,0.777499464655357,0.7049180327868853,0.9,"[0.7049180327868853, 0.7358490566037735, 0.9, 0.7692307692307693]","[0.6925289642111566, 0.6839337129813602, 0.4808233519852365, 1.648245067881021]","[0.6944444444444444, 0.782051282051282]","[[0.6060606060606061, 0.8214285714285714], [0.9090909090909091, 0.45], [null, 0.9], [0.0, 1.0]]","[61, 53, 10, 26]","[0.30975353717803955, 0.24487200379371643, 0.22270724177360535, 0.2226671725511551]","[0.4888888895511627, 0.42020201683044434, 0.04040404036641121, 0.05050504952669144]",0.0
"{""use_fedheart"": true, ""num_classes"": 2, ""stratified_batching"": true, ""train_frac"": 0.8, ""group_max_train_samples"": [null, null, 20, 25], ""batch_size"": 64, ""num_workers"": 0, ""epochs"": 100, ""early_stopping_patience"": 30, ""lr"": 0.001, ""weight_decay"": 0.0001, ""optimizer"": ""adam"", ""grad_clip"": 1.0, ""lr_scheduler"": ""cosine"", ""lr_min"": 1e-05, ""latent_dim"": 64, ""head_hidden"": 32, ""anchor_eps"": 0.0001, ""sep_samples_per_class"": 4, ""sep_method"": ""classifier"", ""sep_margin"": 1.0, ""lambda_fit"": 0.001, ""lambda_sep"": 0.001, ""log_interval"": 20, ""save_every"": 10, ""groups"": [{""name"": ""cleveland"", ""encoder"": ""mlp_tabular_ln"", ""input_dim"": 13, ""hidden_dim"": 64, ""dropout"": 0.1}, {""name"": ""hungarian"", ""encoder"": ""mlp_tabular_ln"", ""input_dim"": 12, ""hidden_dim"": 64, ""dropout"": 0.1}, {""name"": ""switzerland"", ""encoder"": ""mlp_tabular_ln"", ""input_dim"": 12, ""hidden_dim"": 64, ""dropout"": 0.1}, {""name"": ""va_long_beach"", ""encoder"": ""mlp_tabular_ln"", ""input_dim"": 11, ""hidden_dim"": 64, ""dropout"": 0.1}], ""seed"": 1337, ""run_dir"": ""runs/sweep_A_gdro_s1337"", ""run_name"": ""sweep_A_gdro"", ""true_hetero_input_dim"": true, ""feature_mask"": [null, [0, 1, 2, 4, 5, 6, 7, 8, 9, 10, 11, 12], [0, 1, 2, 3, 5, 6, 7, 8, 9, 10, 11, 12], [0, 1, 2, 3, 4, 5, 6, 7, 8, 9, 10]], ""groupdro_enabled"": true, ""groupdro_eta"": 1.0, ""groupdro_gamma"": 0.9, ""groupdro_update_mode"": ""softmax"", ""groupdro_objective"": ""weighted"", ""groupdro_kl_lambda"": 0.0, ""groupdro_uniform_init"": true}","{""num_groups"": 4, ""num_classes"": 2, ""train_total"": 495, ""test_total"": 150, ""train_group_counts"": [242, 208, 20, 25], ""test_group_counts"": [61, 53, 10, 26], ""train_class_counts"": [269, 226], ""test_class_counts"": [72, 78], ""train_group_class_counts"": [[131, 111], [130, 78], [1, 19], [7, 18]], ""test_group_class_counts"": [[33, 28], [33, 20], [0, 10], [6, 20]], ""group_proportions"": [0.4888888888888889, 0.4202020202020202, 0.04040404040404041, 0.050505050505050504]}","{""num_groups"": 4, ""eta"": 1.0, ""update_mode"": ""softmax"", ""robust_objective"": ""weighted"", ""gamma"": 0.9, ""kl_lambda"": 0.0, ""initial_pi"": [0.4888888895511627, 0.42020201683044434, 0.04040404036641121, 0.05050504952669144]}",2026-03-23T10:47:42.870530,45,0.13334874340177122,0.9366515839801115,0.001,0.7533333333333333,0.7863148064431702,0.7213114754098361,0.9,"[0.7213114754098361, 0.7547169811320755, 0.9, 0.7692307692307693]","[0.649351250973805, 0.6802196590189233, 0.4845541379447241, 1.607201305184547]","[0.7222222222222222, 0.782051282051282]","[[0.6666666666666666, 0.7857142857142857], [0.9090909090909091, 0.5], [null, 0.9], [0.0, 1.0]]","[61, 53, 10, 26]","[0.2812512516975403, 0.24894624948501587, 0.2257140874862671, 0.24408838152885437]","[0.4888888895511627, 0.42020201683044434, 0.04040404036641121, 0.05050504952669144]",0.0
"{""use_fedheart"": true, ""num_classes"": 2, ""stratified_batching"": true, ""train_frac"": 0.8, ""group_max_train_samples"": [null, null, 20, 25], ""batch_size"": 64, ""num_workers"": 0, ""epochs"": 100, ""early_stopping_patience"": 30, ""lr"": 0.001, ""weight_decay"": 0.0001, ""optimizer"": ""adam"", ""grad_clip"": 1.0, ""lr_scheduler"": ""cosine"", ""lr_min"": 1e-05, ""latent_dim"": 64, ""head_hidden"": 32, ""anchor_eps"": 0.0001, ""sep_samples_per_class"": 4, ""sep_method"": ""classifier"", ""sep_margin"": 1.0, ""lambda_fit"": 0.001, ""lambda_sep"": 0.001, ""log_interval"": 20, ""save_every"": 10, ""groups"": [{""name"": ""cleveland"", ""encoder"": ""mlp_tabular_ln"", ""input_dim"": 13, ""hidden_dim"": 64, ""dropout"": 0.1}, {""name"": ""hungarian"", ""encoder"": ""mlp_tabular_ln"", ""input_dim"": 12, ""hidden_dim"": 64, ""dropout"": 0.1}, {""name"": ""switzerland"", ""encoder"": ""mlp_tabular_ln"", ""input_dim"": 12, ""hidden_dim"": 64, ""dropout"": 0.1}, {""name"": ""va_long_beach"", ""encoder"": ""mlp_tabular_ln"", ""input_dim"": 11, ""hidden_dim"": 64, ""dropout"": 0.1}], ""seed"": 1337, ""run_dir"": ""runs/sweep_A_gdro_s1337"", ""run_name"": ""sweep_A_gdro"", ""true_hetero_input_dim"": true, ""feature_mask"": [null, [0, 1, 2, 4, 5, 6, 7, 8, 9, 10, 11, 12], [0, 1, 2, 3, 5, 6, 7, 8, 9, 10, 11, 12], [0, 1, 2, 3, 4, 5, 6, 7, 8, 9, 10]], ""groupdro_enabled"": true, ""groupdro_eta"": 1.0, ""groupdro_gamma"": 0.9, ""groupdro_update_mode"": ""softmax"", ""groupdro_objective"": ""weighted"", ""groupdro_kl_lambda"": 0.0, ""groupdro_uniform_init"": true}","{""num_groups"": 4, ""num_classes"": 2, ""train_total"": 495, ""test_total"": 150, ""train_group_counts"": [242, 208, 20, 25], ""test_group_counts"": [61, 53, 10, 26], ""train_class_counts"": [269, 226], ""test_class_counts"": [72, 78], ""train_group_class_counts"": [[131, 111], [130, 78], [1, 19], [7, 18]], ""test_group_class_counts"": [[33, 28], [33, 20], [0, 10], [6, 20]], ""group_proportions"": [0.4888888888888889, 0.4202020202020202, 0.04040404040404041, 0.050505050505050504]}","{""num_groups"": 4, ""eta"": 1.0, ""update_mode"": ""softmax"", ""robust_objective"": ""weighted"", ""gamma"": 0.9, ""kl_lambda"": 0.0, ""initial_pi"": [0.4888888895511627, 0.42020201683044434, 0.04040404036641121, 0.05050504952669144]}",2026-03-23T10:47:42.870530,46,0.13050170495634164,0.9208144823350518,0.001,0.7733333333333333,0.8041269123700302,0.7540983606557377,0.9,"[0.7540983606557377, 0.7547169811320755, 0.9, 0.8076923076923077]","[0.6296366941382762, 0.7035499163461247, 0.49048820946172783, 1.556542125061434]","[0.7638888888888888, 0.782051282051282]","[[0.7272727272727273, 0.7857142857142857], [0.9090909090909091, 0.5], [null, 0.9], [0.16666666666666666, 1.0]]","[61, 53, 10, 26]","[0.24998408555984497, 0.27789637446403503, 0.23761554062366486, 0.23450396955013275]","[0.4888888895511627, 0.42020201683044434, 0.04040404036641121, 0.05050504952669144]",0.0
"{""use_fedheart"": true, ""num_classes"": 2, ""stratified_batching"": true, ""train_frac"": 0.8, ""group_max_train_samples"": [null, null, 20, 25], ""batch_size"": 64, ""num_workers"": 0, ""epochs"": 100, ""early_stopping_patience"": 30, ""lr"": 0.001, ""weight_decay"": 0.0001, ""optimizer"": ""adam"", ""grad_clip"": 1.0, ""lr_scheduler"": ""cosine"", ""lr_min"": 1e-05, ""latent_dim"": 64, ""head_hidden"": 32, ""anchor_eps"": 0.0001, ""sep_samples_per_class"": 4, ""sep_method"": ""classifier"", ""sep_margin"": 1.0, ""lambda_fit"": 0.001, ""lambda_sep"": 0.001, ""log_interval"": 20, ""save_every"": 10, ""groups"": [{""name"": ""cleveland"", ""encoder"": ""mlp_tabular_ln"", ""input_dim"": 13, ""hidden_dim"": 64, ""dropout"": 0.1}, {""name"": ""hungarian"", ""encoder"": ""mlp_tabular_ln"", ""input_dim"": 12, ""hidden_dim"": 64, ""dropout"": 0.1}, {""name"": ""switzerland"", ""encoder"": ""mlp_tabular_ln"", ""input_dim"": 12, ""hidden_dim"": 64, ""dropout"": 0.1}, {""name"": ""va_long_beach"", ""encoder"": ""mlp_tabular_ln"", ""input_dim"": 11, ""hidden_dim"": 64, ""dropout"": 0.1}], ""seed"": 1337, ""run_dir"": ""runs/sweep_A_gdro_s1337"", ""run_name"": ""sweep_A_gdro"", ""true_hetero_input_dim"": true, ""feature_mask"": [null, [0, 1, 2, 4, 5, 6, 7, 8, 9, 10, 11, 12], [0, 1, 2, 3, 5, 6, 7, 8, 9, 10, 11, 12], [0, 1, 2, 3, 4, 5, 6, 7, 8, 9, 10]], ""groupdro_enabled"": true, ""groupdro_eta"": 1.0, ""groupdro_gamma"": 0.9, ""groupdro_update_mode"": ""softmax"", ""groupdro_objective"": ""weighted"", ""groupdro_kl_lambda"": 0.0, ""groupdro_uniform_init"": true}","{""num_groups"": 4, ""num_classes"": 2, ""train_total"": 495, ""test_total"": 150, ""train_group_counts"": [242, 208, 20, 25], ""test_group_counts"": [61, 53, 10, 26], ""train_class_counts"": [269, 226], ""test_class_counts"": [72, 78], ""train_group_class_counts"": [[131, 111], [130, 78], [1, 19], [7, 18]], ""test_group_class_counts"": [[33, 28], [33, 20], [0, 10], [6, 20]], ""group_proportions"": [0.4888888888888889, 0.4202020202020202, 0.04040404040404041, 0.050505050505050504]}","{""num_groups"": 4, ""eta"": 1.0, ""update_mode"": ""softmax"", ""robust_objective"": ""weighted"", ""gamma"": 0.9, ""kl_lambda"": 0.0, ""initial_pi"": [0.4888888895511627, 0.42020201683044434, 0.04040404036641121, 0.05050504952669144]}",2026-03-23T10:47:42.870530,47,0.11554293492935362,0.9298642563604121,0.001,0.7666666666666667,0.7945115277546456,0.7540983606557377,0.9,"[0.7540983606557377, 0.7547169811320755, 0.9, 0.7692307692307693]","[0.6751816758117114, 0.7113861415350156, 0.4984590323712837, 1.5556704908684214]","[0.7361111111111112, 0.7948717948717948]","[[0.6666666666666666, 0.8571428571428571], [0.9090909090909091, 0.5], [null, 0.9], [0.16666666666666666, 0.95]]","[61, 53, 10, 26]","[0.27688196301460266, 0.2657026946544647, 0.2277875691652298, 0.22962769865989685]","[0.4888888895511627, 0.42020201683044434, 0.04040404036641121, 0.05050504952669144]",0.0
"{""use_fedheart"": true, ""num_classes"": 2, ""stratified_batching"": true, ""train_frac"": 0.8, ""group_max_train_samples"": [null, null, 20, 25], ""batch_size"": 64, ""num_workers"": 0, ""epochs"": 100, ""early_stopping_patience"": 30, ""lr"": 0.001, ""weight_decay"": 0.0001, ""optimizer"": ""adam"", ""grad_clip"": 1.0, ""lr_scheduler"": ""cosine"", ""lr_min"": 1e-05, ""latent_dim"": 64, ""head_hidden"": 32, ""anchor_eps"": 0.0001, ""sep_samples_per_class"": 4, ""sep_method"": ""classifier"", ""sep_margin"": 1.0, ""lambda_fit"": 0.001, ""lambda_sep"": 0.001, ""log_interval"": 20, ""save_every"": 10, ""groups"": [{""name"": ""cleveland"", ""encoder"": ""mlp_tabular_ln"", ""input_dim"": 13, ""hidden_dim"": 64, ""dropout"": 0.1}, {""name"": ""hungarian"", ""encoder"": ""mlp_tabular_ln"", ""input_dim"": 12, ""hidden_dim"": 64, ""dropout"": 0.1}, {""name"": ""switzerland"", ""encoder"": ""mlp_tabular_ln"", ""input_dim"": 12, ""hidden_dim"": 64, ""dropout"": 0.1}, {""name"": ""va_long_beach"", ""encoder"": ""mlp_tabular_ln"", ""input_dim"": 11, ""hidden_dim"": 64, ""dropout"": 0.1}], ""seed"": 1337, ""run_dir"": ""runs/sweep_A_gdro_s1337"", ""run_name"": ""sweep_A_gdro"", ""true_hetero_input_dim"": true, ""feature_mask"": [null, [0, 1, 2, 4, 5, 6, 7, 8, 9, 10, 11, 12], [0, 1, 2, 3, 5, 6, 7, 8, 9, 10, 11, 12], [0, 1, 2, 3, 4, 5, 6, 7, 8, 9, 10]], ""groupdro_enabled"": true, ""groupdro_eta"": 1.0, ""groupdro_gamma"": 0.9, ""groupdro_update_mode"": ""softmax"", ""groupdro_objective"": ""weighted"", ""groupdro_kl_lambda"": 0.0, ""groupdro_uniform_init"": true}","{""num_groups"": 4, ""num_classes"": 2, ""train_total"": 495, ""test_total"": 150, ""train_group_counts"": [242, 208, 20, 25], ""test_group_counts"": [61, 53, 10, 26], ""train_class_counts"": [269, 226], ""test_class_counts"": [72, 78], ""train_group_class_counts"": [[131, 111], [130, 78], [1, 19], [7, 18]], ""test_group_class_counts"": [[33, 28], [33, 20], [0, 10], [6, 20]], ""group_proportions"": [0.4888888888888889, 0.4202020202020202, 0.04040404040404041, 0.050505050505050504]}","{""num_groups"": 4, ""eta"": 1.0, ""update_mode"": ""softmax"", ""robust_objective"": ""weighted"", ""gamma"": 0.9, ""kl_lambda"": 0.0, ""initial_pi"": [0.4888888895511627, 0.42020201683044434, 0.04040404036641121, 0.05050504952669144]}",2026-03-23T10:47:42.870530,48,0.09855384868464319,0.9411764681608968,0.001,0.7733333333333333,0.7986098884103834,0.7547169811320755,0.9,"[0.7704918032786885, 0.7547169811320755, 0.9, 0.7692307692307693]","[0.6679580135798877, 0.745154729075642, 0.5053452046207895, 1.5695218118192298]","[0.7638888888888888, 0.782051282051282]","[[0.7272727272727273, 0.8214285714285714], [0.9090909090909091, 0.5], [null, 0.9], [0.16666666666666666, 0.95]]","[61, 53, 10, 26]","[0.2527509331703186, 0.26962751150131226, 0.2368730753660202, 0.24074847996234894]","[0.4888888895511627, 0.42020201683044434, 0.04040404036641121, 0.05050504952669144]",0.0
