config,dataset_info,groupdro_config,start_time,epoch,train_loss,train_acc,learning_rate,test_overall_acc,test_balanced_acc,test_worst_group_acc,test_best_group_acc,test_per_group_acc,test_per_group_loss,test_per_class_acc,test_per_group_per_class_acc,test_per_group_counts,groupdro_weights,groupdro_pi,groupdro_kl_penalty
"{""run_name"": ""fedheart_ablation_pergroup_noanchor"", ""seed"": 1337, ""run_dir"": ""runs/ablation_fedheart_fedheart/shared_gdro_anchor_s1337"", ""use_fedheart"": true, ""num_classes"": 2, ""stratified_batching"": true, ""train_frac"": 0.8, ""data_split_seed"": 43, ""group_max_train_samples"": [null, null, 20, 25], ""true_hetero_input_dim"": true, ""feature_mask"": [[0, 1, 2, 3, 5, 6, 7, 8, 9, 10], [0, 1, 2, 3, 5, 6, 11, 12], [0, 1, 2, 4, 5, 7, 11, 12], [0, 1, 2, 4, 5, 6, 8, 9, 10]], ""batch_size"": 64, ""num_workers"": 0, ""epochs"": 150, ""early_stopping_patience"": 40, ""lr"": 0.001, ""weight_decay"": 0.0001, ""optimizer"": ""adam"", ""grad_clip"": 1.0, ""lr_scheduler"": ""cosine"", ""lr_min"": 1e-05, ""latent_dim"": 64, ""head_hidden"": 32, ""groups"": [{""name"": ""cleveland"", ""encoder"": ""mlp_tabular_ln"", ""input_dim"": 13, ""hidden_dim"": 64, ""dropout"": 0.1}, {""name"": ""hungarian"", ""encoder"": ""mlp_tabular_ln"", ""input_dim"": 13, ""hidden_dim"": 64, ""dropout"": 0.1}, {""name"": ""switzerland"", ""encoder"": ""mlp_tabular_ln"", ""input_dim"": 13, ""hidden_dim"": 64, ""dropout"": 0.1}, {""name"": ""va_long_beach"", ""encoder"": ""mlp_tabular_ln"", ""input_dim"": 13, ""hidden_dim"": 64, ""dropout"": 0.1}], ""anchor_eps"": 0.0001, ""sep_samples_per_class"": 4, ""sep_method"": ""classifier"", ""sep_margin"": 1.0, ""lambda_fit"": 0.1, ""lambda_sep"": 0.1, ""groupdro_enabled"": true, ""groupdro_eta"": 2.0, ""groupdro_gamma"": 0.9, ""groupdro_update_mode"": ""softmax"", ""groupdro_objective"": ""weighted"", ""groupdro_kl_lambda"": 0.0, ""groupdro_uniform_init"": true, ""log_interval"": 20, ""save_every"": 10, ""common_encoder"": true}","{""num_groups"": 4, ""num_classes"": 2, ""train_total"": 495, ""test_total"": 150, ""train_group_counts"": [242, 208, 20, 25], ""test_group_counts"": [61, 53, 10, 26], ""train_class_counts"": [266, 229], ""test_class_counts"": [73, 77], ""train_group_class_counts"": [[131, 111], [130, 78], [0, 20], [5, 20]], ""test_group_class_counts"": [[33, 28], [33, 20], [1, 9], [6, 20]], ""group_proportions"": [0.4888888888888889, 0.4202020202020202, 0.04040404040404041, 0.050505050505050504]}","{""num_groups"": 4, ""eta"": 2.0, ""update_mode"": ""softmax"", ""robust_objective"": ""weighted"", ""gamma"": 0.9, ""kl_lambda"": 0.0, ""initial_pi"": [0.4888888895511627, 0.42020201683044434, 0.04040404036641121, 0.05050504952669144]}",2026-09-07T00:57:13.787284,1,3.299018770321462,0.5113122186779436,0.001,0.5,0.6114504270860596,0.33962264150943394,0.9,"[0.47540983606557374, 0.33962264150943394, 0.9, 0.7307692307692307]","[0.707421995577265, 0.7157753728470713, 0.6244914114475251, 0.6399414974909562]","[0.0136986301369863, 0.961038961038961]","[[0.030303030303030304, 1.0], [0.0, 0.9], [0.0, 1.0], [0.0, 0.95]]","[61, 53, 10, 26]","[0.5050353407859802, 0.49496468901634216, 0.0, 0.0]","[0.4888888895511627, 0.42020201683044434, 0.04040404036641121, 0.05050504952669144]",0.0
"{""run_name"": ""fedheart_ablation_pergroup_noanchor"", ""seed"": 1337, ""run_dir"": ""runs/ablation_fedheart_fedheart/shared_gdro_anchor_s1337"", ""use_fedheart"": true, ""num_classes"": 2, ""stratified_batching"": true, ""train_frac"": 0.8, ""data_split_seed"": 43, ""group_max_train_samples"": [null, null, 20, 25], ""true_hetero_input_dim"": true, ""feature_mask"": [[0, 1, 2, 3, 5, 6, 7, 8, 9, 10], [0, 1, 2, 3, 5, 6, 11, 12], [0, 1, 2, 4, 5, 7, 11, 12], [0, 1, 2, 4, 5, 6, 8, 9, 10]], ""batch_size"": 64, ""num_workers"": 0, ""epochs"": 150, ""early_stopping_patience"": 40, ""lr"": 0.001, ""weight_decay"": 0.0001, ""optimizer"": ""adam"", ""grad_clip"": 1.0, ""lr_scheduler"": ""cosine"", ""lr_min"": 1e-05, ""latent_dim"": 64, ""head_hidden"": 32, ""groups"": [{""name"": ""cleveland"", ""encoder"": ""mlp_tabular_ln"", ""input_dim"": 13, ""hidden_dim"": 64, ""dropout"": 0.1}, {""name"": ""hungarian"", ""encoder"": ""mlp_tabular_ln"", ""input_dim"": 13, ""hidden_dim"": 64, ""dropout"": 0.1}, {""name"": ""switzerland"", ""encoder"": ""mlp_tabular_ln"", ""input_dim"": 13, ""hidden_dim"": 64, ""dropout"": 0.1}, {""name"": ""va_long_beach"", ""encoder"": ""mlp_tabular_ln"", ""input_dim"": 13, ""hidden_dim"": 64, ""dropout"": 0.1}], ""anchor_eps"": 0.0001, ""sep_samples_per_class"": 4, ""sep_method"": ""classifier"", ""sep_margin"": 1.0, ""lambda_fit"": 0.1, ""lambda_sep"": 0.1, ""groupdro_enabled"": true, ""groupdro_eta"": 2.0, ""groupdro_gamma"": 0.9, ""groupdro_update_mode"": ""softmax"", ""groupdro_objective"": ""weighted"", ""groupdro_kl_lambda"": 0.0, ""groupdro_uniform_init"": true, ""log_interval"": 20, ""save_every"": 10, ""common_encoder"": true}","{""num_groups"": 4, ""num_classes"": 2, ""train_total"": 495, ""test_total"": 150, ""train_group_counts"": [242, 208, 20, 25], ""test_group_counts"": [61, 53, 10, 26], ""train_class_counts"": [266, 229], ""test_class_counts"": [73, 77], ""train_group_class_counts"": [[131, 111], [130, 78], [0, 20], [5, 20]], ""test_group_class_counts"": [[33, 28], [33, 20], [1, 9], [6, 20]], ""group_proportions"": [0.4888888888888889, 0.4202020202020202, 0.04040404040404041, 0.050505050505050504]}","{""num_groups"": 4, ""eta"": 2.0, ""update_mode"": ""softmax"", ""robust_objective"": ""weighted"", ""gamma"": 0.9, ""kl_lambda"": 0.0, ""initial_pi"": [0.4888888895511627, 0.42020201683044434, 0.04040404036641121, 0.05050504952669144]}",2026-09-07T00:57:13.787284,2,2.2832878935930414,0.5000000014833735,0.001,0.5066666666666667,0.6167860286944729,0.37735849056603776,0.9,"[0.45901639344262296, 0.37735849056603776, 0.9, 0.7307692307692307]","[0.7001884061782087, 0.7111456034318456, 0.6086295515298843, 0.630139525120075]","[0.0, 0.987012987012987]","[[0.0, 1.0], [0.0, 1.0], [0.0, 1.0], [0.0, 0.95]]","[61, 53, 10, 26]","[0.25497421622276306, 0.2681002914905548, 0.23577891290187836, 0.241146519780159]","[0.4888888895511627, 0.42020201683044434, 0.04040404036641121, 0.05050504952669144]",0.0
"{""run_name"": ""fedheart_ablation_pergroup_noanchor"", ""seed"": 1337, ""run_dir"": ""runs/ablation_fedheart_fedheart/shared_gdro_anchor_s1337"", ""use_fedheart"": true, ""num_classes"": 2, ""stratified_batching"": true, ""train_frac"": 0.8, ""data_split_seed"": 43, ""group_max_train_samples"": [null, null, 20, 25], ""true_hetero_input_dim"": true, ""feature_mask"": [[0, 1, 2, 3, 5, 6, 7, 8, 9, 10], [0, 1, 2, 3, 5, 6, 11, 12], [0, 1, 2, 4, 5, 7, 11, 12], [0, 1, 2, 4, 5, 6, 8, 9, 10]], ""batch_size"": 64, ""num_workers"": 0, ""epochs"": 150, ""early_stopping_patience"": 40, ""lr"": 0.001, ""weight_decay"": 0.0001, ""optimizer"": ""adam"", ""grad_clip"": 1.0, ""lr_scheduler"": ""cosine"", ""lr_min"": 1e-05, ""latent_dim"": 64, ""head_hidden"": 32, ""groups"": [{""name"": ""cleveland"", ""encoder"": ""mlp_tabular_ln"", ""input_dim"": 13, ""hidden_dim"": 64, ""dropout"": 0.1}, {""name"": ""hungarian"", ""encoder"": ""mlp_tabular_ln"", ""input_dim"": 13, ""hidden_dim"": 64, ""dropout"": 0.1}, {""name"": ""switzerland"", ""encoder"": ""mlp_tabular_ln"", ""input_dim"": 13, ""hidden_dim"": 64, ""dropout"": 0.1}, {""name"": ""va_long_beach"", ""encoder"": ""mlp_tabular_ln"", ""input_dim"": 13, ""hidden_dim"": 64, ""dropout"": 0.1}], ""anchor_eps"": 0.0001, ""sep_samples_per_class"": 4, ""sep_method"": ""classifier"", ""sep_margin"": 1.0, ""lambda_fit"": 0.1, ""lambda_sep"": 0.1, ""groupdro_enabled"": true, ""groupdro_eta"": 2.0, ""groupdro_gamma"": 0.9, ""groupdro_update_mode"": ""softmax"", ""groupdro_objective"": ""weighted"", ""groupdro_kl_lambda"": 0.0, ""groupdro_uniform_init"": true, ""log_interval"": 20, ""save_every"": 10, ""common_encoder"": true}","{""num_groups"": 4, ""num_classes"": 2, ""train_total"": 495, ""test_total"": 150, ""train_group_counts"": [242, 208, 20, 25], ""test_group_counts"": [61, 53, 10, 26], ""train_class_counts"": [266, 229], ""test_class_counts"": [73, 77], ""train_group_class_counts"": [[131, 111], [130, 78], [0, 20], [5, 20]], ""test_group_class_counts"": [[33, 28], [33, 20], [1, 9], [6, 20]], ""group_proportions"": [0.4888888888888889, 0.4202020202020202, 0.04040404040404041, 0.050505050505050504]}","{""num_groups"": 4, ""eta"": 2.0, ""update_mode"": ""softmax"", ""robust_objective"": ""weighted"", ""gamma"": 0.9, ""kl_lambda"": 0.0, ""initial_pi"": [0.4888888895511627, 0.42020201683044434, 0.04040404036641121, 0.05050504952669144]}",2026-09-07T00:57:13.787284,3,1.646315345936771,0.49095022624434387,0.001,0.5133333333333333,0.6264014133098575,0.37735849056603776,0.9,"[0.45901639344262296, 0.37735849056603776, 0.9, 0.7692307692307693]","[0.6980947646938387, 0.7112332453142922, 0.5993176162242889, 0.6273705661296844]","[0.0, 1.0]","[[0.0, 1.0], [0.0, 1.0], [0.0, 1.0], [0.0, 1.0]]","[61, 53, 10, 26]","[0.5084748268127441, 0.49152514338493347, 0.0, 0.0]","[0.4888888895511627, 0.42020201683044434, 0.04040404036641121, 0.05050504952669144]",0.0
"{""run_name"": ""fedheart_ablation_pergroup_noanchor"", ""seed"": 1337, ""run_dir"": ""runs/ablation_fedheart_fedheart/shared_gdro_anchor_s1337"", ""use_fedheart"": true, ""num_classes"": 2, ""stratified_batching"": true, ""train_frac"": 0.8, ""data_split_seed"": 43, ""group_max_train_samples"": [null, null, 20, 25], ""true_hetero_input_dim"": true, ""feature_mask"": [[0, 1, 2, 3, 5, 6, 7, 8, 9, 10], [0, 1, 2, 3, 5, 6, 11, 12], [0, 1, 2, 4, 5, 7, 11, 12], [0, 1, 2, 4, 5, 6, 8, 9, 10]], ""batch_size"": 64, ""num_workers"": 0, ""epochs"": 150, ""early_stopping_patience"": 40, ""lr"": 0.001, ""weight_decay"": 0.0001, ""optimizer"": ""adam"", ""grad_clip"": 1.0, ""lr_scheduler"": ""cosine"", ""lr_min"": 1e-05, ""latent_dim"": 64, ""head_hidden"": 32, ""groups"": [{""name"": ""cleveland"", ""encoder"": ""mlp_tabular_ln"", ""input_dim"": 13, ""hidden_dim"": 64, ""dropout"": 0.1}, {""name"": ""hungarian"", ""encoder"": ""mlp_tabular_ln"", ""input_dim"": 13, ""hidden_dim"": 64, ""dropout"": 0.1}, {""name"": ""switzerland"", ""encoder"": ""mlp_tabular_ln"", ""input_dim"": 13, ""hidden_dim"": 64, ""dropout"": 0.1}, {""name"": ""va_long_beach"", ""encoder"": ""mlp_tabular_ln"", ""input_dim"": 13, ""hidden_dim"": 64, ""dropout"": 0.1}], ""anchor_eps"": 0.0001, ""sep_samples_per_class"": 4, ""sep_method"": ""classifier"", ""sep_margin"": 1.0, ""lambda_fit"": 0.1, ""lambda_sep"": 0.1, ""groupdro_enabled"": true, ""groupdro_eta"": 2.0, ""groupdro_gamma"": 0.9, ""groupdro_update_mode"": ""softmax"", ""groupdro_objective"": ""weighted"", ""groupdro_kl_lambda"": 0.0, ""groupdro_uniform_init"": true, ""log_interval"": 20, ""save_every"": 10, ""common_encoder"": true}","{""num_groups"": 4, ""num_classes"": 2, ""train_total"": 495, ""test_total"": 150, ""train_group_counts"": [242, 208, 20, 25], ""test_group_counts"": [61, 53, 10, 26], ""train_class_counts"": [266, 229], ""test_class_counts"": [73, 77], ""train_group_class_counts"": [[131, 111], [130, 78], [0, 20], [5, 20]], ""test_group_class_counts"": [[33, 28], [33, 20], [1, 9], [6, 20]], ""group_proportions"": [0.4888888888888889, 0.4202020202020202, 0.04040404040404041, 0.050505050505050504]}","{""num_groups"": 4, ""eta"": 2.0, ""update_mode"": ""softmax"", ""robust_objective"": ""weighted"", ""gamma"": 0.9, ""kl_lambda"": 0.0, ""initial_pi"": [0.4888888895511627, 0.42020201683044434, 0.04040404036641121, 0.05050504952669144]}",2026-09-07T00:57:13.787284,4,1.3456155428519616,0.5203619933775647,0.001,0.5266666666666666,0.6407337790573175,0.39622641509433965,0.9,"[0.45901639344262296, 0.39622641509433965, 0.9, 0.8076923076923077]","[0.6935024754922898, 0.7027085024230885, 0.6019230991601944, 0.6306772690552932]","[0.0410958904109589, 0.987012987012987]","[[0.030303030303030304, 0.9642857142857143], [0.030303030303030304, 1.0], [0.0, 1.0], [0.16666666666666666, 1.0]]","[61, 53, 10, 26]","[0.2723333537578583, 0.2850528061389923, 0.19820505380630493, 0.24440883100032806]","[0.4888888895511627, 0.42020201683044434, 0.04040404036641121, 0.05050504952669144]",0.0
"{""run_name"": ""fedheart_ablation_pergroup_noanchor"", ""seed"": 1337, ""run_dir"": ""runs/ablation_fedheart_fedheart/shared_gdro_anchor_s1337"", ""use_fedheart"": true, ""num_classes"": 2, ""stratified_batching"": true, ""train_frac"": 0.8, ""data_split_seed"": 43, ""group_max_train_samples"": [null, null, 20, 25], ""true_hetero_input_dim"": true, ""feature_mask"": [[0, 1, 2, 3, 5, 6, 7, 8, 9, 10], [0, 1, 2, 3, 5, 6, 11, 12], [0, 1, 2, 4, 5, 7, 11, 12], [0, 1, 2, 4, 5, 6, 8, 9, 10]], ""batch_size"": 64, ""num_workers"": 0, ""epochs"": 150, ""early_stopping_patience"": 40, ""lr"": 0.001, ""weight_decay"": 0.0001, ""optimizer"": ""adam"", ""grad_clip"": 1.0, ""lr_scheduler"": ""cosine"", ""lr_min"": 1e-05, ""latent_dim"": 64, ""head_hidden"": 32, ""groups"": [{""name"": ""cleveland"", ""encoder"": ""mlp_tabular_ln"", ""input_dim"": 13, ""hidden_dim"": 64, ""dropout"": 0.1}, {""name"": ""hungarian"", ""encoder"": ""mlp_tabular_ln"", ""input_dim"": 13, ""hidden_dim"": 64, ""dropout"": 0.1}, {""name"": ""switzerland"", ""encoder"": ""mlp_tabular_ln"", ""input_dim"": 13, ""hidden_dim"": 64, ""dropout"": 0.1}, {""name"": ""va_long_beach"", ""encoder"": ""mlp_tabular_ln"", ""input_dim"": 13, ""hidden_dim"": 64, ""dropout"": 0.1}], ""anchor_eps"": 0.0001, ""sep_samples_per_class"": 4, ""sep_method"": ""classifier"", ""sep_margin"": 1.0, ""lambda_fit"": 0.1, ""lambda_sep"": 0.1, ""groupdro_enabled"": true, ""groupdro_eta"": 2.0, ""groupdro_gamma"": 0.9, ""groupdro_update_mode"": ""softmax"", ""groupdro_objective"": ""weighted"", ""groupdro_kl_lambda"": 0.0, ""groupdro_uniform_init"": true, ""log_interval"": 20, ""save_every"": 10, ""common_encoder"": true}","{""num_groups"": 4, ""num_classes"": 2, ""train_total"": 495, ""test_total"": 150, ""train_group_counts"": [242, 208, 20, 25], ""test_group_counts"": [61, 53, 10, 26], ""train_class_counts"": [266, 229], ""test_class_counts"": [73, 77], ""train_group_class_counts"": [[131, 111], [130, 78], [0, 20], [5, 20]], ""test_group_class_counts"": [[33, 28], [33, 20], [1, 9], [6, 20]], ""group_proportions"": [0.4888888888888889, 0.4202020202020202, 0.04040404040404041, 0.050505050505050504]}","{""num_groups"": 4, ""eta"": 2.0, ""update_mode"": ""softmax"", ""robust_objective"": ""weighted"", ""gamma"": 0.9, ""kl_lambda"": 0.0, ""initial_pi"": [0.4888888895511627, 0.42020201683044434, 0.04040404036641121, 0.05050504952669144]}",2026-09-07T00:57:13.787284,5,1.1204853651210733,0.5158371062300324,0.001,0.5133333333333333,0.6215030098265484,0.39622641509433965,0.9,"[0.45901639344262296, 0.39622641509433965, 0.9, 0.7307692307692307]","[0.6912140294176633, 0.7019115185962533, 0.5815174162387848, 0.6189085428531353]","[0.0273972602739726, 0.974025974025974]","[[0.030303030303030304, 0.9642857142857143], [0.030303030303030304, 1.0], [0.0, 1.0], [0.0, 0.95]]","[61, 53, 10, 26]","[0.2565782368183136, 0.2569194436073303, 0.21401380002498627, 0.2724885642528534]","[0.4888888895511627, 0.42020201683044434, 0.04040404036641121, 0.05050504952669144]",0.0
"{""run_name"": ""fedheart_ablation_pergroup_noanchor"", ""seed"": 1337, ""run_dir"": ""runs/ablation_fedheart_fedheart/shared_gdro_anchor_s1337"", ""use_fedheart"": true, ""num_classes"": 2, ""stratified_batching"": true, ""train_frac"": 0.8, ""data_split_seed"": 43, ""group_max_train_samples"": [null, null, 20, 25], ""true_hetero_input_dim"": true, ""feature_mask"": [[0, 1, 2, 3, 5, 6, 7, 8, 9, 10], [0, 1, 2, 3, 5, 6, 11, 12], [0, 1, 2, 4, 5, 7, 11, 12], [0, 1, 2, 4, 5, 6, 8, 9, 10]], ""batch_size"": 64, ""num_workers"": 0, ""epochs"": 150, ""early_stopping_patience"": 40, ""lr"": 0.001, ""weight_decay"": 0.0001, ""optimizer"": ""adam"", ""grad_clip"": 1.0, ""lr_scheduler"": ""cosine"", ""lr_min"": 1e-05, ""latent_dim"": 64, ""head_hidden"": 32, ""groups"": [{""name"": ""cleveland"", ""encoder"": ""mlp_tabular_ln"", ""input_dim"": 13, ""hidden_dim"": 64, ""dropout"": 0.1}, {""name"": ""hungarian"", ""encoder"": ""mlp_tabular_ln"", ""input_dim"": 13, ""hidden_dim"": 64, ""dropout"": 0.1}, {""name"": ""switzerland"", ""encoder"": ""mlp_tabular_ln"", ""input_dim"": 13, ""hidden_dim"": 64, ""dropout"": 0.1}, {""name"": ""va_long_beach"", ""encoder"": ""mlp_tabular_ln"", ""input_dim"": 13, ""hidden_dim"": 64, ""dropout"": 0.1}], ""anchor_eps"": 0.0001, ""sep_samples_per_class"": 4, ""sep_method"": ""classifier"", ""sep_margin"": 1.0, ""lambda_fit"": 0.1, ""lambda_sep"": 0.1, ""groupdro_enabled"": true, ""groupdro_eta"": 2.0, ""groupdro_gamma"": 0.9, ""groupdro_update_mode"": ""softmax"", ""groupdro_objective"": ""weighted"", ""groupdro_kl_lambda"": 0.0, ""groupdro_uniform_init"": true, ""log_interval"": 20, ""save_every"": 10, ""common_encoder"": true}","{""num_groups"": 4, ""num_classes"": 2, ""train_total"": 495, ""test_total"": 150, ""train_group_counts"": [242, 208, 20, 25], ""test_group_counts"": [61, 53, 10, 26], ""train_class_counts"": [266, 229], ""test_class_counts"": [73, 77], ""train_group_class_counts"": [[131, 111], [130, 78], [0, 20], [5, 20]], ""test_group_class_counts"": [[33, 28], [33, 20], [1, 9], [6, 20]], ""group_proportions"": [0.4888888888888889, 0.4202020202020202, 0.04040404040404041, 0.050505050505050504]}","{""num_groups"": 4, ""eta"": 2.0, ""update_mode"": ""softmax"", ""robust_objective"": ""weighted"", ""gamma"": 0.9, ""kl_lambda"": 0.0, ""initial_pi"": [0.4888888895511627, 0.42020201683044434, 0.04040404036641121, 0.05050504952669144]}",2026-09-07T00:57:13.787284,6,1.0025271651971395,0.5226244358725138,0.001,0.52,0.631118394441933,0.39622641509433965,0.9,"[0.45901639344262296, 0.39622641509433965, 0.9, 0.7692307692307693]","[0.689926673154362, 0.7047698210995152, 0.5542780458927155, 0.60225299344613]","[0.0273972602739726, 0.987012987012987]","[[0.030303030303030304, 0.9642857142857143], [0.030303030303030304, 1.0], [0.0, 1.0], [0.0, 1.0]]","[61, 53, 10, 26]","[0.24876819550991058, 0.27773571014404297, 0.1937679648399353, 0.27972808480262756]","[0.4888888895511627, 0.42020201683044434, 0.04040404036641121, 0.05050504952669144]",0.0
"{""run_name"": ""fedheart_ablation_pergroup_noanchor"", ""seed"": 1337, ""run_dir"": ""runs/ablation_fedheart_fedheart/shared_gdro_anchor_s1337"", ""use_fedheart"": true, ""num_classes"": 2, ""stratified_batching"": true, ""train_frac"": 0.8, ""data_split_seed"": 43, ""group_max_train_samples"": [null, null, 20, 25], ""true_hetero_input_dim"": true, ""feature_mask"": [[0, 1, 2, 3, 5, 6, 7, 8, 9, 10], [0, 1, 2, 3, 5, 6, 11, 12], [0, 1, 2, 4, 5, 7, 11, 12], [0, 1, 2, 4, 5, 6, 8, 9, 10]], ""batch_size"": 64, ""num_workers"": 0, ""epochs"": 150, ""early_stopping_patience"": 40, ""lr"": 0.001, ""weight_decay"": 0.0001, ""optimizer"": ""adam"", ""grad_clip"": 1.0, ""lr_scheduler"": ""cosine"", ""lr_min"": 1e-05, ""latent_dim"": 64, ""head_hidden"": 32, ""groups"": [{""name"": ""cleveland"", ""encoder"": ""mlp_tabular_ln"", ""input_dim"": 13, ""hidden_dim"": 64, ""dropout"": 0.1}, {""name"": ""hungarian"", ""encoder"": ""mlp_tabular_ln"", ""input_dim"": 13, ""hidden_dim"": 64, ""dropout"": 0.1}, {""name"": ""switzerland"", ""encoder"": ""mlp_tabular_ln"", ""input_dim"": 13, ""hidden_dim"": 64, ""dropout"": 0.1}, {""name"": ""va_long_beach"", ""encoder"": ""mlp_tabular_ln"", ""input_dim"": 13, ""hidden_dim"": 64, ""dropout"": 0.1}], ""anchor_eps"": 0.0001, ""sep_samples_per_class"": 4, ""sep_method"": ""classifier"", ""sep_margin"": 1.0, ""lambda_fit"": 0.1, ""lambda_sep"": 0.1, ""groupdro_enabled"": true, ""groupdro_eta"": 2.0, ""groupdro_gamma"": 0.9, ""groupdro_update_mode"": ""softmax"", ""groupdro_objective"": ""weighted"", ""groupdro_kl_lambda"": 0.0, ""groupdro_uniform_init"": true, ""log_interval"": 20, ""save_every"": 10, ""common_encoder"": true}","{""num_groups"": 4, ""num_classes"": 2, ""train_total"": 495, ""test_total"": 150, ""train_group_counts"": [242, 208, 20, 25], ""test_group_counts"": [61, 53, 10, 26], ""train_class_counts"": [266, 229], ""test_class_counts"": [73, 77], ""train_group_class_counts"": [[131, 111], [130, 78], [0, 20], [5, 20]], ""test_group_class_counts"": [[33, 28], [33, 20], [1, 9], [6, 20]], ""group_proportions"": [0.4888888888888889, 0.4202020202020202, 0.04040404040404041, 0.050505050505050504]}","{""num_groups"": 4, ""eta"": 2.0, ""update_mode"": ""softmax"", ""robust_objective"": ""weighted"", ""gamma"": 0.9, ""kl_lambda"": 0.0, ""initial_pi"": [0.4888888895511627, 0.42020201683044434, 0.04040404036641121, 0.05050504952669144]}",2026-09-07T00:57:13.787284,7,0.9073387176742381,0.561085972041566,0.001,0.58,0.6723339836779367,0.4918032786885246,0.9,"[0.4918032786885246, 0.5283018867924528, 0.9, 0.7692307692307693]","[0.6783669278269908, 0.6879027761378378, 0.5495092630386352, 0.6000802264763758]","[0.1780821917808219, 0.961038961038961]","[[0.12121212121212122, 0.9285714285714286], [0.24242424242424243, 1.0], [0.0, 1.0], [0.16666666666666666, 0.95]]","[61, 53, 10, 26]","[0.26456984877586365, 0.2705230712890625, 0.2573285698890686, 0.20757851004600525]","[0.4888888895511627, 0.42020201683044434, 0.04040404036641121, 0.05050504952669144]",0.0
"{""run_name"": ""fedheart_ablation_pergroup_noanchor"", ""seed"": 1337, ""run_dir"": ""runs/ablation_fedheart_fedheart/shared_gdro_anchor_s1337"", ""use_fedheart"": true, ""num_classes"": 2, ""stratified_batching"": true, ""train_frac"": 0.8, ""data_split_seed"": 43, ""group_max_train_samples"": [null, null, 20, 25], ""true_hetero_input_dim"": true, ""feature_mask"": [[0, 1, 2, 3, 5, 6, 7, 8, 9, 10], [0, 1, 2, 3, 5, 6, 11, 12], [0, 1, 2, 4, 5, 7, 11, 12], [0, 1, 2, 4, 5, 6, 8, 9, 10]], ""batch_size"": 64, ""num_workers"": 0, ""epochs"": 150, ""early_stopping_patience"": 40, ""lr"": 0.001, ""weight_decay"": 0.0001, ""optimizer"": ""adam"", ""grad_clip"": 1.0, ""lr_scheduler"": ""cosine"", ""lr_min"": 1e-05, ""latent_dim"": 64, ""head_hidden"": 32, ""groups"": [{""name"": ""cleveland"", ""encoder"": ""mlp_tabular_ln"", ""input_dim"": 13, ""hidden_dim"": 64, ""dropout"": 0.1}, {""name"": ""hungarian"", ""encoder"": ""mlp_tabular_ln"", ""input_dim"": 13, ""hidden_dim"": 64, ""dropout"": 0.1}, {""name"": ""switzerland"", ""encoder"": ""mlp_tabular_ln"", ""input_dim"": 13, ""hidden_dim"": 64, ""dropout"": 0.1}, {""name"": ""va_long_beach"", ""encoder"": ""mlp_tabular_ln"", ""input_dim"": 13, ""hidden_dim"": 64, ""dropout"": 0.1}], ""anchor_eps"": 0.0001, ""sep_samples_per_class"": 4, ""sep_method"": ""classifier"", ""sep_margin"": 1.0, ""lambda_fit"": 0.1, ""lambda_sep"": 0.1, ""groupdro_enabled"": true, ""groupdro_eta"": 2.0, ""groupdro_gamma"": 0.9, ""groupdro_update_mode"": ""softmax"", ""groupdro_objective"": ""weighted"", ""groupdro_kl_lambda"": 0.0, ""groupdro_uniform_init"": true, ""log_interval"": 20, ""save_every"": 10, ""common_encoder"": true}","{""num_groups"": 4, ""num_classes"": 2, ""train_total"": 495, ""test_total"": 150, ""train_group_counts"": [242, 208, 20, 25], ""test_group_counts"": [61, 53, 10, 26], ""train_class_counts"": [266, 229], ""test_class_counts"": [73, 77], ""train_group_class_counts"": [[131, 111], [130, 78], [0, 20], [5, 20]], ""test_group_class_counts"": [[33, 28], [33, 20], [1, 9], [6, 20]], ""group_proportions"": [0.4888888888888889, 0.4202020202020202, 0.04040404040404041, 0.050505050505050504]}","{""num_groups"": 4, ""eta"": 2.0, ""update_mode"": ""softmax"", ""robust_objective"": ""weighted"", ""gamma"": 0.9, ""kl_lambda"": 0.0, ""initial_pi"": [0.4888888895511627, 0.42020201683044434, 0.04040404036641121, 0.05050504952669144]}",2026-09-07T00:57:13.787284,8,0.8532190827222971,0.5904977397141953,0.001,0.62,0.7245800518689476,0.5245901639344263,1.0,"[0.5245901639344263, 0.5660377358490566, 1.0, 0.8076923076923077]","[0.6695838042947112, 0.6768153742799219, 0.539305591583252, 0.5945096680751214]","[0.3013698630136986, 0.922077922077922]","[[0.21212121212121213, 0.8928571428571429], [0.3333333333333333, 0.95], [1.0, 1.0], [0.5, 0.9]]","[61, 53, 10, 26]","[0.2775006592273712, 0.2565861940383911, 0.18780039250850677, 0.2781127393245697]","[0.4888888895511627, 0.42020201683044434, 0.04040404036641121, 0.05050504952669144]",0.0
"{""run_name"": ""fedheart_ablation_pergroup_noanchor"", ""seed"": 1337, ""run_dir"": ""runs/ablation_fedheart_fedheart/shared_gdro_anchor_s1337"", ""use_fedheart"": true, ""num_classes"": 2, ""stratified_batching"": true, ""train_frac"": 0.8, ""data_split_seed"": 43, ""group_max_train_samples"": [null, null, 20, 25], ""true_hetero_input_dim"": true, ""feature_mask"": [[0, 1, 2, 3, 5, 6, 7, 8, 9, 10], [0, 1, 2, 3, 5, 6, 11, 12], [0, 1, 2, 4, 5, 7, 11, 12], [0, 1, 2, 4, 5, 6, 8, 9, 10]], ""batch_size"": 64, ""num_workers"": 0, ""epochs"": 150, ""early_stopping_patience"": 40, ""lr"": 0.001, ""weight_decay"": 0.0001, ""optimizer"": ""adam"", ""grad_clip"": 1.0, ""lr_scheduler"": ""cosine"", ""lr_min"": 1e-05, ""latent_dim"": 64, ""head_hidden"": 32, ""groups"": [{""name"": ""cleveland"", ""encoder"": ""mlp_tabular_ln"", ""input_dim"": 13, ""hidden_dim"": 64, ""dropout"": 0.1}, {""name"": ""hungarian"", ""encoder"": ""mlp_tabular_ln"", ""input_dim"": 13, ""hidden_dim"": 64, ""dropout"": 0.1}, {""name"": ""switzerland"", ""encoder"": ""mlp_tabular_ln"", ""input_dim"": 13, ""hidden_dim"": 64, ""dropout"": 0.1}, {""name"": ""va_long_beach"", ""encoder"": ""mlp_tabular_ln"", ""input_dim"": 13, ""hidden_dim"": 64, ""dropout"": 0.1}], ""anchor_eps"": 0.0001, ""sep_samples_per_class"": 4, ""sep_method"": ""classifier"", ""sep_margin"": 1.0, ""lambda_fit"": 0.1, ""lambda_sep"": 0.1, ""groupdro_enabled"": true, ""groupdro_eta"": 2.0, ""groupdro_gamma"": 0.9, ""groupdro_update_mode"": ""softmax"", ""groupdro_objective"": ""weighted"", ""groupdro_kl_lambda"": 0.0, ""groupdro_uniform_init"": true, ""log_interval"": 20, ""save_every"": 10, ""common_encoder"": true}","{""num_groups"": 4, ""num_classes"": 2, ""train_total"": 495, ""test_total"": 150, ""train_group_counts"": [242, 208, 20, 25], ""test_group_counts"": [61, 53, 10, 26], ""train_class_counts"": [266, 229], ""test_class_counts"": [73, 77], ""train_group_class_counts"": [[131, 111], [130, 78], [0, 20], [5, 20]], ""test_group_class_counts"": [[33, 28], [33, 20], [1, 9], [6, 20]], ""group_proportions"": [0.4888888888888889, 0.4202020202020202, 0.04040404040404041, 0.050505050505050504]}","{""num_groups"": 4, ""eta"": 2.0, ""update_mode"": ""softmax"", ""robust_objective"": ""weighted"", ""gamma"": 0.9, ""kl_lambda"": 0.0, ""initial_pi"": [0.4888888895511627, 0.42020201683044434, 0.04040404036641121, 0.05050504952669144]}",2026-09-07T00:57:13.787284,9,0.80917619175501,0.5995475083454702,0.001,0.68,0.753524352232982,0.6229508196721312,1.0,"[0.6229508196721312, 0.660377358490566, 1.0, 0.7307692307692307]","[0.6580994945080554, 0.6625568872352816, 0.5275497406721115, 0.5911021679639816]","[0.4794520547945205, 0.8701298701298701]","[[0.42424242424242425, 0.8571428571428571], [0.48484848484848486, 0.95], [1.0, 1.0], [0.6666666666666666, 0.75]]","[61, 53, 10, 26]","[0.26269134879112244, 0.2786892354488373, 0.17281799018383026, 0.28580141067504883]","[0.4888888895511627, 0.42020201683044434, 0.04040404036641121, 0.05050504952669144]",0.0
"{""run_name"": ""fedheart_ablation_pergroup_noanchor"", ""seed"": 1337, ""run_dir"": ""runs/ablation_fedheart_fedheart/shared_gdro_anchor_s1337"", ""use_fedheart"": true, ""num_classes"": 2, ""stratified_batching"": true, ""train_frac"": 0.8, ""data_split_seed"": 43, ""group_max_train_samples"": [null, null, 20, 25], ""true_hetero_input_dim"": true, ""feature_mask"": [[0, 1, 2, 3, 5, 6, 7, 8, 9, 10], [0, 1, 2, 3, 5, 6, 11, 12], [0, 1, 2, 4, 5, 7, 11, 12], [0, 1, 2, 4, 5, 6, 8, 9, 10]], ""batch_size"": 64, ""num_workers"": 0, ""epochs"": 150, ""early_stopping_patience"": 40, ""lr"": 0.001, ""weight_decay"": 0.0001, ""optimizer"": ""adam"", ""grad_clip"": 1.0, ""lr_scheduler"": ""cosine"", ""lr_min"": 1e-05, ""latent_dim"": 64, ""head_hidden"": 32, ""groups"": [{""name"": ""cleveland"", ""encoder"": ""mlp_tabular_ln"", ""input_dim"": 13, ""hidden_dim"": 64, ""dropout"": 0.1}, {""name"": ""hungarian"", ""encoder"": ""mlp_tabular_ln"", ""input_dim"": 13, ""hidden_dim"": 64, ""dropout"": 0.1}, {""name"": ""switzerland"", ""encoder"": ""mlp_tabular_ln"", ""input_dim"": 13, ""hidden_dim"": 64, ""dropout"": 0.1}, {""name"": ""va_long_beach"", ""encoder"": ""mlp_tabular_ln"", ""input_dim"": 13, ""hidden_dim"": 64, ""dropout"": 0.1}], ""anchor_eps"": 0.0001, ""sep_samples_per_class"": 4, ""sep_method"": ""classifier"", ""sep_margin"": 1.0, ""lambda_fit"": 0.1, ""lambda_sep"": 0.1, ""groupdro_enabled"": true, ""groupdro_eta"": 2.0, ""groupdro_gamma"": 0.9, ""groupdro_update_mode"": ""softmax"", ""groupdro_objective"": ""weighted"", ""groupdro_kl_lambda"": 0.0, ""groupdro_uniform_init"": true, ""log_interval"": 20, ""save_every"": 10, ""common_encoder"": true}","{""num_groups"": 4, ""num_classes"": 2, ""train_total"": 495, ""test_total"": 150, ""train_group_counts"": [242, 208, 20, 25], ""test_group_counts"": [61, 53, 10, 26], ""train_class_counts"": [266, 229], ""test_class_counts"": [73, 77], ""train_group_class_counts"": [[131, 111], [130, 78], [0, 20], [5, 20]], ""test_group_class_counts"": [[33, 28], [33, 20], [1, 9], [6, 20]], ""group_proportions"": [0.4888888888888889, 0.4202020202020202, 0.04040404040404041, 0.050505050505050504]}","{""num_groups"": 4, ""eta"": 2.0, ""update_mode"": ""softmax"", ""robust_objective"": ""weighted"", ""gamma"": 0.9, ""kl_lambda"": 0.0, ""initial_pi"": [0.4888888895511627, 0.42020201683044434, 0.04040404036641121, 0.05050504952669144]}",2026-09-07T00:57:13.787284,10,0.7874536414491645,0.6425339388092179,0.001,0.6933333333333334,0.7629583144971329,0.6229508196721312,1.0,"[0.6229508196721312, 0.6981132075471698, 1.0, 0.7307692307692307]","[0.6493018259767627, 0.6528962906801475, 0.5013438135385513, 0.5786872999026225]","[0.5205479452054794, 0.8571428571428571]","[[0.45454545454545453, 0.8214285714285714], [0.5454545454545454, 0.95], [1.0, 1.0], [0.6666666666666666, 0.75]]","[61, 53, 10, 26]","[0.2516807019710541, 0.27771034836769104, 0.1996816098690033, 0.2709273099899292]","[0.4888888895511627, 0.42020201683044434, 0.04040404036641121, 0.05050504952669144]",0.0
"{""run_name"": ""fedheart_ablation_pergroup_noanchor"", ""seed"": 1337, ""run_dir"": ""runs/ablation_fedheart_fedheart/shared_gdro_anchor_s1337"", ""use_fedheart"": true, ""num_classes"": 2, ""stratified_batching"": true, ""train_frac"": 0.8, ""data_split_seed"": 43, ""group_max_train_samples"": [null, null, 20, 25], ""true_hetero_input_dim"": true, ""feature_mask"": [[0, 1, 2, 3, 5, 6, 7, 8, 9, 10], [0, 1, 2, 3, 5, 6, 11, 12], [0, 1, 2, 4, 5, 7, 11, 12], [0, 1, 2, 4, 5, 6, 8, 9, 10]], ""batch_size"": 64, ""num_workers"": 0, ""epochs"": 150, ""early_stopping_patience"": 40, ""lr"": 0.001, ""weight_decay"": 0.0001, ""optimizer"": ""adam"", ""grad_clip"": 1.0, ""lr_scheduler"": ""cosine"", ""lr_min"": 1e-05, ""latent_dim"": 64, ""head_hidden"": 32, ""groups"": [{""name"": ""cleveland"", ""encoder"": ""mlp_tabular_ln"", ""input_dim"": 13, ""hidden_dim"": 64, ""dropout"": 0.1}, {""name"": ""hungarian"", ""encoder"": ""mlp_tabular_ln"", ""input_dim"": 13, ""hidden_dim"": 64, ""dropout"": 0.1}, {""name"": ""switzerland"", ""encoder"": ""mlp_tabular_ln"", ""input_dim"": 13, ""hidden_dim"": 64, ""dropout"": 0.1}, {""name"": ""va_long_beach"", ""encoder"": ""mlp_tabular_ln"", ""input_dim"": 13, ""hidden_dim"": 64, ""dropout"": 0.1}], ""anchor_eps"": 0.0001, ""sep_samples_per_class"": 4, ""sep_method"": ""classifier"", ""sep_margin"": 1.0, ""lambda_fit"": 0.1, ""lambda_sep"": 0.1, ""groupdro_enabled"": true, ""groupdro_eta"": 2.0, ""groupdro_gamma"": 0.9, ""groupdro_update_mode"": ""softmax"", ""groupdro_objective"": ""weighted"", ""groupdro_kl_lambda"": 0.0, ""groupdro_uniform_init"": true, ""log_interval"": 20, ""save_every"": 10, ""common_encoder"": true}","{""num_groups"": 4, ""num_classes"": 2, ""train_total"": 495, ""test_total"": 150, ""train_group_counts"": [242, 208, 20, 25], ""test_group_counts"": [61, 53, 10, 26], ""train_class_counts"": [266, 229], ""test_class_counts"": [73, 77], ""train_group_class_counts"": [[131, 111], [130, 78], [0, 20], [5, 20]], ""test_group_class_counts"": [[33, 28], [33, 20], [1, 9], [6, 20]], ""group_proportions"": [0.4888888888888889, 0.4202020202020202, 0.04040404040404041, 0.050505050505050504]}","{""num_groups"": 4, ""eta"": 2.0, ""update_mode"": ""softmax"", ""robust_objective"": ""weighted"", ""gamma"": 0.9, ""kl_lambda"": 0.0, ""initial_pi"": [0.4888888895511627, 0.42020201683044434, 0.04040404036641121, 0.05050504952669144]}",2026-09-07T00:57:13.787284,11,0.7244950640794918,0.6742081412902245,0.001,0.68,0.753524352232982,0.6229508196721312,1.0,"[0.6229508196721312, 0.660377358490566, 1.0, 0.7307692307692307]","[0.6483449672089249, 0.6579246723426962, 0.4506155788898468, 0.5532327397511556]","[0.5068493150684932, 0.8441558441558441]","[[0.45454545454545453, 0.8214285714285714], [0.5151515151515151, 0.9], [1.0, 1.0], [0.6666666666666666, 0.75]]","[61, 53, 10, 26]","[0.45862096548080444, 0.5413789749145508, 0.0, 0.0]","[0.4888888895511627, 0.42020201683044434, 0.04040404036641121, 0.05050504952669144]",0.0
"{""run_name"": ""fedheart_ablation_pergroup_noanchor"", ""seed"": 1337, ""run_dir"": ""runs/ablation_fedheart_fedheart/shared_gdro_anchor_s1337"", ""use_fedheart"": true, ""num_classes"": 2, ""stratified_batching"": true, ""train_frac"": 0.8, ""data_split_seed"": 43, ""group_max_train_samples"": [null, null, 20, 25], ""true_hetero_input_dim"": true, ""feature_mask"": [[0, 1, 2, 3, 5, 6, 7, 8, 9, 10], [0, 1, 2, 3, 5, 6, 11, 12], [0, 1, 2, 4, 5, 7, 11, 12], [0, 1, 2, 4, 5, 6, 8, 9, 10]], ""batch_size"": 64, ""num_workers"": 0, ""epochs"": 150, ""early_stopping_patience"": 40, ""lr"": 0.001, ""weight_decay"": 0.0001, ""optimizer"": ""adam"", ""grad_clip"": 1.0, ""lr_scheduler"": ""cosine"", ""lr_min"": 1e-05, ""latent_dim"": 64, ""head_hidden"": 32, ""groups"": [{""name"": ""cleveland"", ""encoder"": ""mlp_tabular_ln"", ""input_dim"": 13, ""hidden_dim"": 64, ""dropout"": 0.1}, {""name"": ""hungarian"", ""encoder"": ""mlp_tabular_ln"", ""input_dim"": 13, ""hidden_dim"": 64, ""dropout"": 0.1}, {""name"": ""switzerland"", ""encoder"": ""mlp_tabular_ln"", ""input_dim"": 13, ""hidden_dim"": 64, ""dropout"": 0.1}, {""name"": ""va_long_beach"", ""encoder"": ""mlp_tabular_ln"", ""input_dim"": 13, ""hidden_dim"": 64, ""dropout"": 0.1}], ""anchor_eps"": 0.0001, ""sep_samples_per_class"": 4, ""sep_method"": ""classifier"", ""sep_margin"": 1.0, ""lambda_fit"": 0.1, ""lambda_sep"": 0.1, ""groupdro_enabled"": true, ""groupdro_eta"": 2.0, ""groupdro_gamma"": 0.9, ""groupdro_update_mode"": ""softmax"", ""groupdro_objective"": ""weighted"", ""groupdro_kl_lambda"": 0.0, ""groupdro_uniform_init"": true, ""log_interval"": 20, ""save_every"": 10, ""common_encoder"": true}","{""num_groups"": 4, ""num_classes"": 2, ""train_total"": 495, ""test_total"": 150, ""train_group_counts"": [242, 208, 20, 25], ""test_group_counts"": [61, 53, 10, 26], ""train_class_counts"": [266, 229], ""test_class_counts"": [73, 77], ""train_group_class_counts"": [[131, 111], [130, 78], [0, 20], [5, 20]], ""test_group_class_counts"": [[33, 28], [33, 20], [1, 9], [6, 20]], ""group_proportions"": [0.4888888888888889, 0.4202020202020202, 0.04040404040404041, 0.050505050505050504]}","{""num_groups"": 4, ""eta"": 2.0, ""update_mode"": ""softmax"", ""robust_objective"": ""weighted"", ""gamma"": 0.9, ""kl_lambda"": 0.0, ""initial_pi"": [0.4888888895511627, 0.42020201683044434, 0.04040404036641121, 0.05050504952669144]}",2026-09-07T00:57:13.787284,12,0.6989148868694565,0.7126696821791014,0.001,0.7066666666666667,0.7238347331604369,0.6923076923076923,0.8,"[0.7049180327868853, 0.6981132075471698, 0.8, 0.6923076923076923]","[0.6238337532907235, 0.6196474565087624, 0.4604075878858566, 0.5709123703149649]","[0.6438356164383562, 0.7662337662337663]","[[0.6666666666666666, 0.75], [0.5757575757575758, 0.9], [1.0, 0.7777777777777778], [0.8333333333333334, 0.65]]","[61, 53, 10, 26]","[0.26224827766418457, 0.2364938110113144, 0.306357204914093, 0.19490067660808563]","[0.4888888895511627, 0.42020201683044434, 0.04040404036641121, 0.05050504952669144]",0.0
"{""run_name"": ""fedheart_ablation_pergroup_noanchor"", ""seed"": 1337, ""run_dir"": ""runs/ablation_fedheart_fedheart/shared_gdro_anchor_s1337"", ""use_fedheart"": true, ""num_classes"": 2, ""stratified_batching"": true, ""train_frac"": 0.8, ""data_split_seed"": 43, ""group_max_train_samples"": [null, null, 20, 25], ""true_hetero_input_dim"": true, ""feature_mask"": [[0, 1, 2, 3, 5, 6, 7, 8, 9, 10], [0, 1, 2, 3, 5, 6, 11, 12], [0, 1, 2, 4, 5, 7, 11, 12], [0, 1, 2, 4, 5, 6, 8, 9, 10]], ""batch_size"": 64, ""num_workers"": 0, ""epochs"": 150, ""early_stopping_patience"": 40, ""lr"": 0.001, ""weight_decay"": 0.0001, ""optimizer"": ""adam"", ""grad_clip"": 1.0, ""lr_scheduler"": ""cosine"", ""lr_min"": 1e-05, ""latent_dim"": 64, ""head_hidden"": 32, ""groups"": [{""name"": ""cleveland"", ""encoder"": ""mlp_tabular_ln"", ""input_dim"": 13, ""hidden_dim"": 64, ""dropout"": 0.1}, {""name"": ""hungarian"", ""encoder"": ""mlp_tabular_ln"", ""input_dim"": 13, ""hidden_dim"": 64, ""dropout"": 0.1}, {""name"": ""switzerland"", ""encoder"": ""mlp_tabular_ln"", ""input_dim"": 13, ""hidden_dim"": 64, ""dropout"": 0.1}, {""name"": ""va_long_beach"", ""encoder"": ""mlp_tabular_ln"", ""input_dim"": 13, ""hidden_dim"": 64, ""dropout"": 0.1}], ""anchor_eps"": 0.0001, ""sep_samples_per_class"": 4, ""sep_method"": ""classifier"", ""sep_margin"": 1.0, ""lambda_fit"": 0.1, ""lambda_sep"": 0.1, ""groupdro_enabled"": true, ""groupdro_eta"": 2.0, ""groupdro_gamma"": 0.9, ""groupdro_update_mode"": ""softmax"", ""groupdro_objective"": ""weighted"", ""groupdro_kl_lambda"": 0.0, ""groupdro_uniform_init"": true, ""log_interval"": 20, ""save_every"": 10, ""common_encoder"": true}","{""num_groups"": 4, ""num_classes"": 2, ""train_total"": 495, ""test_total"": 150, ""train_group_counts"": [242, 208, 20, 25], ""test_group_counts"": [61, 53, 10, 26], ""train_class_counts"": [266, 229], ""test_class_counts"": [73, 77], ""train_group_class_counts"": [[131, 111], [130, 78], [0, 20], [5, 20]], ""test_group_class_counts"": [[33, 28], [33, 20], [1, 9], [6, 20]], ""group_proportions"": [0.4888888888888889, 0.4202020202020202, 0.04040404040404041, 0.050505050505050504]}","{""num_groups"": 4, ""eta"": 2.0, ""update_mode"": ""softmax"", ""robust_objective"": ""weighted"", ""gamma"": 0.9, ""kl_lambda"": 0.0, ""initial_pi"": [0.4888888895511627, 0.42020201683044434, 0.04040404036641121, 0.05050504952669144]}",2026-09-07T00:57:13.787284,13,0.6656744674320134,0.7262443476672625,0.001,0.7066666666666667,0.7238347331604369,0.6923076923076923,0.8,"[0.7049180327868853, 0.6981132075471698, 0.8, 0.6923076923076923]","[0.6170099499772806, 0.6164597823934735, 0.42354233264923097, 0.5542370298734078]","[0.6438356164383562, 0.7662337662337663]","[[0.6666666666666666, 0.75], [0.5757575757575758, 0.9], [1.0, 0.7777777777777778], [0.8333333333333334, 0.65]]","[61, 53, 10, 26]","[0.21845097839832306, 0.29476720094680786, 0.2871915400028229, 0.199590265750885]","[0.4888888895511627, 0.42020201683044434, 0.04040404036641121, 0.05050504952669144]",0.0
"{""run_name"": ""fedheart_ablation_pergroup_noanchor"", ""seed"": 1337, ""run_dir"": ""runs/ablation_fedheart_fedheart/shared_gdro_anchor_s1337"", ""use_fedheart"": true, ""num_classes"": 2, ""stratified_batching"": true, ""train_frac"": 0.8, ""data_split_seed"": 43, ""group_max_train_samples"": [null, null, 20, 25], ""true_hetero_input_dim"": true, ""feature_mask"": [[0, 1, 2, 3, 5, 6, 7, 8, 9, 10], [0, 1, 2, 3, 5, 6, 11, 12], [0, 1, 2, 4, 5, 7, 11, 12], [0, 1, 2, 4, 5, 6, 8, 9, 10]], ""batch_size"": 64, ""num_workers"": 0, ""epochs"": 150, ""early_stopping_patience"": 40, ""lr"": 0.001, ""weight_decay"": 0.0001, ""optimizer"": ""adam"", ""grad_clip"": 1.0, ""lr_scheduler"": ""cosine"", ""lr_min"": 1e-05, ""latent_dim"": 64, ""head_hidden"": 32, ""groups"": [{""name"": ""cleveland"", ""encoder"": ""mlp_tabular_ln"", ""input_dim"": 13, ""hidden_dim"": 64, ""dropout"": 0.1}, {""name"": ""hungarian"", ""encoder"": ""mlp_tabular_ln"", ""input_dim"": 13, ""hidden_dim"": 64, ""dropout"": 0.1}, {""name"": ""switzerland"", ""encoder"": ""mlp_tabular_ln"", ""input_dim"": 13, ""hidden_dim"": 64, ""dropout"": 0.1}, {""name"": ""va_long_beach"", ""encoder"": ""mlp_tabular_ln"", ""input_dim"": 13, ""hidden_dim"": 64, ""dropout"": 0.1}], ""anchor_eps"": 0.0001, ""sep_samples_per_class"": 4, ""sep_method"": ""classifier"", ""sep_margin"": 1.0, ""lambda_fit"": 0.1, ""lambda_sep"": 0.1, ""groupdro_enabled"": true, ""groupdro_eta"": 2.0, ""groupdro_gamma"": 0.9, ""groupdro_update_mode"": ""softmax"", ""groupdro_objective"": ""weighted"", ""groupdro_kl_lambda"": 0.0, ""groupdro_uniform_init"": true, ""log_interval"": 20, ""save_every"": 10, ""common_encoder"": true}","{""num_groups"": 4, ""num_classes"": 2, ""train_total"": 495, ""test_total"": 150, ""train_group_counts"": [242, 208, 20, 25], ""test_group_counts"": [61, 53, 10, 26], ""train_class_counts"": [266, 229], ""test_class_counts"": [73, 77], ""train_group_class_counts"": [[131, 111], [130, 78], [0, 20], [5, 20]], ""test_group_class_counts"": [[33, 28], [33, 20], [1, 9], [6, 20]], ""group_proportions"": [0.4888888888888889, 0.4202020202020202, 0.04040404040404041, 0.050505050505050504]}","{""num_groups"": 4, ""eta"": 2.0, ""update_mode"": ""softmax"", ""robust_objective"": ""weighted"", ""gamma"": 0.9, ""kl_lambda"": 0.0, ""initial_pi"": [0.4888888895511627, 0.42020201683044434, 0.04040404036641121, 0.05050504952669144]}",2026-09-07T00:57:13.787284,14,0.6335955097664535,0.7601809965539302,0.001,0.6866666666666666,0.7582413333650575,0.6229508196721312,1.0,"[0.6229508196721312, 0.6792452830188679, 1.0, 0.7307692307692307]","[0.6289610545166203, 0.647579606692746, 0.3612339437007904, 0.5185141832782671]","[0.5342465753424658, 0.8311688311688312]","[[0.48484848484848486, 0.7857142857142857], [0.5454545454545454, 0.9], [1.0, 1.0], [0.6666666666666666, 0.75]]","[61, 53, 10, 26]","[0.2722848057746887, 0.30213016271591187, 0.23862090706825256, 0.18696406483650208]","[0.4888888895511627, 0.42020201683044434, 0.04040404036641121, 0.05050504952669144]",0.0
"{""run_name"": ""fedheart_ablation_pergroup_noanchor"", ""seed"": 1337, ""run_dir"": ""runs/ablation_fedheart_fedheart/shared_gdro_anchor_s1337"", ""use_fedheart"": true, ""num_classes"": 2, ""stratified_batching"": true, ""train_frac"": 0.8, ""data_split_seed"": 43, ""group_max_train_samples"": [null, null, 20, 25], ""true_hetero_input_dim"": true, ""feature_mask"": [[0, 1, 2, 3, 5, 6, 7, 8, 9, 10], [0, 1, 2, 3, 5, 6, 11, 12], [0, 1, 2, 4, 5, 7, 11, 12], [0, 1, 2, 4, 5, 6, 8, 9, 10]], ""batch_size"": 64, ""num_workers"": 0, ""epochs"": 150, ""early_stopping_patience"": 40, ""lr"": 0.001, ""weight_decay"": 0.0001, ""optimizer"": ""adam"", ""grad_clip"": 1.0, ""lr_scheduler"": ""cosine"", ""lr_min"": 1e-05, ""latent_dim"": 64, ""head_hidden"": 32, ""groups"": [{""name"": ""cleveland"", ""encoder"": ""mlp_tabular_ln"", ""input_dim"": 13, ""hidden_dim"": 64, ""dropout"": 0.1}, {""name"": ""hungarian"", ""encoder"": ""mlp_tabular_ln"", ""input_dim"": 13, ""hidden_dim"": 64, ""dropout"": 0.1}, {""name"": ""switzerland"", ""encoder"": ""mlp_tabular_ln"", ""input_dim"": 13, ""hidden_dim"": 64, ""dropout"": 0.1}, {""name"": ""va_long_beach"", ""encoder"": ""mlp_tabular_ln"", ""input_dim"": 13, ""hidden_dim"": 64, ""dropout"": 0.1}], ""anchor_eps"": 0.0001, ""sep_samples_per_class"": 4, ""sep_method"": ""classifier"", ""sep_margin"": 1.0, ""lambda_fit"": 0.1, ""lambda_sep"": 0.1, ""groupdro_enabled"": true, ""groupdro_eta"": 2.0, ""groupdro_gamma"": 0.9, ""groupdro_update_mode"": ""softmax"", ""groupdro_objective"": ""weighted"", ""groupdro_kl_lambda"": 0.0, ""groupdro_uniform_init"": true, ""log_interval"": 20, ""save_every"": 10, ""common_encoder"": true}","{""num_groups"": 4, ""num_classes"": 2, ""train_total"": 495, ""test_total"": 150, ""train_group_counts"": [242, 208, 20, 25], ""test_group_counts"": [61, 53, 10, 26], ""train_class_counts"": [266, 229], ""test_class_counts"": [73, 77], ""train_group_class_counts"": [[131, 111], [130, 78], [0, 20], [5, 20]], ""test_group_class_counts"": [[33, 28], [33, 20], [1, 9], [6, 20]], ""group_proportions"": [0.4888888888888889, 0.4202020202020202, 0.04040404040404041, 0.050505050505050504]}","{""num_groups"": 4, ""eta"": 2.0, ""update_mode"": ""softmax"", ""robust_objective"": ""weighted"", ""gamma"": 0.9, ""kl_lambda"": 0.0, ""initial_pi"": [0.4888888895511627, 0.42020201683044434, 0.04040404036641121, 0.05050504952669144]}",2026-09-07T00:57:13.787284,15,0.6246416706305283,0.737556557310113,0.001,0.7133333333333334,0.7236533108092031,0.6538461538461539,0.8,"[0.7049180327868853, 0.7358490566037735, 0.8, 0.6538461538461539]","[0.5974622850046784, 0.5987946632898079, 0.39678690731525423, 0.5589073334748929]","[0.684931506849315, 0.7402597402597403]","[[0.696969696969697, 0.7142857142857143], [0.6363636363636364, 0.9], [1.0, 0.7777777777777778], [0.8333333333333334, 0.6]]","[61, 53, 10, 26]","[0.2637638747692108, 0.258196085691452, 0.2781611680984497, 0.19987879693508148]","[0.4888888895511627, 0.42020201683044434, 0.04040404036641121, 0.05050504952669144]",0.0
"{""run_name"": ""fedheart_ablation_pergroup_noanchor"", ""seed"": 1337, ""run_dir"": ""runs/ablation_fedheart_fedheart/shared_gdro_anchor_s1337"", ""use_fedheart"": true, ""num_classes"": 2, ""stratified_batching"": true, ""train_frac"": 0.8, ""data_split_seed"": 43, ""group_max_train_samples"": [null, null, 20, 25], ""true_hetero_input_dim"": true, ""feature_mask"": [[0, 1, 2, 3, 5, 6, 7, 8, 9, 10], [0, 1, 2, 3, 5, 6, 11, 12], [0, 1, 2, 4, 5, 7, 11, 12], [0, 1, 2, 4, 5, 6, 8, 9, 10]], ""batch_size"": 64, ""num_workers"": 0, ""epochs"": 150, ""early_stopping_patience"": 40, ""lr"": 0.001, ""weight_decay"": 0.0001, ""optimizer"": ""adam"", ""grad_clip"": 1.0, ""lr_scheduler"": ""cosine"", ""lr_min"": 1e-05, ""latent_dim"": 64, ""head_hidden"": 32, ""groups"": [{""name"": ""cleveland"", ""encoder"": ""mlp_tabular_ln"", ""input_dim"": 13, ""hidden_dim"": 64, ""dropout"": 0.1}, {""name"": ""hungarian"", ""encoder"": ""mlp_tabular_ln"", ""input_dim"": 13, ""hidden_dim"": 64, ""dropout"": 0.1}, {""name"": ""switzerland"", ""encoder"": ""mlp_tabular_ln"", ""input_dim"": 13, ""hidden_dim"": 64, ""dropout"": 0.1}, {""name"": ""va_long_beach"", ""encoder"": ""mlp_tabular_ln"", ""input_dim"": 13, ""hidden_dim"": 64, ""dropout"": 0.1}], ""anchor_eps"": 0.0001, ""sep_samples_per_class"": 4, ""sep_method"": ""classifier"", ""sep_margin"": 1.0, ""lambda_fit"": 0.1, ""lambda_sep"": 0.1, ""groupdro_enabled"": true, ""groupdro_eta"": 2.0, ""groupdro_gamma"": 0.9, ""groupdro_update_mode"": ""softmax"", ""groupdro_objective"": ""weighted"", ""groupdro_kl_lambda"": 0.0, ""groupdro_uniform_init"": true, ""log_interval"": 20, ""save_every"": 10, ""common_encoder"": true}","{""num_groups"": 4, ""num_classes"": 2, ""train_total"": 495, ""test_total"": 150, ""train_group_counts"": [242, 208, 20, 25], ""test_group_counts"": [61, 53, 10, 26], ""train_class_counts"": [266, 229], ""test_class_counts"": [73, 77], ""train_group_class_counts"": [[131, 111], [130, 78], [0, 20], [5, 20]], ""test_group_class_counts"": [[33, 28], [33, 20], [1, 9], [6, 20]], ""group_proportions"": [0.4888888888888889, 0.4202020202020202, 0.04040404040404041, 0.050505050505050504]}","{""num_groups"": 4, ""eta"": 2.0, ""update_mode"": ""softmax"", ""robust_objective"": ""weighted"", ""gamma"": 0.9, ""kl_lambda"": 0.0, ""initial_pi"": [0.4888888895511627, 0.42020201683044434, 0.04040404036641121, 0.05050504952669144]}",2026-09-07T00:57:13.787284,16,0.5585315640156086,0.7737556574571186,0.001,0.72,0.7216160270289562,0.6153846153846154,0.8,"[0.7540983606557377, 0.7169811320754716, 0.8, 0.6153846153846154]","[0.5866142799619769, 0.5613589081561791, 0.44692727327346804, 0.6152263902700864]","[0.7534246575342466, 0.6883116883116883]","[[0.8181818181818182, 0.6785714285714286], [0.6666666666666666, 0.8], [1.0, 0.7777777777777778], [0.8333333333333334, 0.55]]","[61, 53, 10, 26]","[0.2524279057979584, 0.2367527037858963, 0.262635201215744, 0.2481842339038849]","[0.4888888895511627, 0.42020201683044434, 0.04040404036641121, 0.05050504952669144]",0.0
"{""run_name"": ""fedheart_ablation_pergroup_noanchor"", ""seed"": 1337, ""run_dir"": ""runs/ablation_fedheart_fedheart/shared_gdro_anchor_s1337"", ""use_fedheart"": true, ""num_classes"": 2, ""stratified_batching"": true, ""train_frac"": 0.8, ""data_split_seed"": 43, ""group_max_train_samples"": [null, null, 20, 25], ""true_hetero_input_dim"": true, ""feature_mask"": [[0, 1, 2, 3, 5, 6, 7, 8, 9, 10], [0, 1, 2, 3, 5, 6, 11, 12], [0, 1, 2, 4, 5, 7, 11, 12], [0, 1, 2, 4, 5, 6, 8, 9, 10]], ""batch_size"": 64, ""num_workers"": 0, ""epochs"": 150, ""early_stopping_patience"": 40, ""lr"": 0.001, ""weight_decay"": 0.0001, ""optimizer"": ""adam"", ""grad_clip"": 1.0, ""lr_scheduler"": ""cosine"", ""lr_min"": 1e-05, ""latent_dim"": 64, ""head_hidden"": 32, ""groups"": [{""name"": ""cleveland"", ""encoder"": ""mlp_tabular_ln"", ""input_dim"": 13, ""hidden_dim"": 64, ""dropout"": 0.1}, {""name"": ""hungarian"", ""encoder"": ""mlp_tabular_ln"", ""input_dim"": 13, ""hidden_dim"": 64, ""dropout"": 0.1}, {""name"": ""switzerland"", ""encoder"": ""mlp_tabular_ln"", ""input_dim"": 13, ""hidden_dim"": 64, ""dropout"": 0.1}, {""name"": ""va_long_beach"", ""encoder"": ""mlp_tabular_ln"", ""input_dim"": 13, ""hidden_dim"": 64, ""dropout"": 0.1}], ""anchor_eps"": 0.0001, ""sep_samples_per_class"": 4, ""sep_method"": ""classifier"", ""sep_margin"": 1.0, ""lambda_fit"": 0.1, ""lambda_sep"": 0.1, ""groupdro_enabled"": true, ""groupdro_eta"": 2.0, ""groupdro_gamma"": 0.9, ""groupdro_update_mode"": ""softmax"", ""groupdro_objective"": ""weighted"", ""groupdro_kl_lambda"": 0.0, ""groupdro_uniform_init"": true, ""log_interval"": 20, ""save_every"": 10, ""common_encoder"": true}","{""num_groups"": 4, ""num_classes"": 2, ""train_total"": 495, ""test_total"": 150, ""train_group_counts"": [242, 208, 20, 25], ""test_group_counts"": [61, 53, 10, 26], ""train_class_counts"": [266, 229], ""test_class_counts"": [73, 77], ""train_group_class_counts"": [[131, 111], [130, 78], [0, 20], [5, 20]], ""test_group_class_counts"": [[33, 28], [33, 20], [1, 9], [6, 20]], ""group_proportions"": [0.4888888888888889, 0.4202020202020202, 0.04040404040404041, 0.050505050505050504]}","{""num_groups"": 4, ""eta"": 2.0, ""update_mode"": ""softmax"", ""robust_objective"": ""weighted"", ""gamma"": 0.9, ""kl_lambda"": 0.0, ""initial_pi"": [0.4888888895511627, 0.42020201683044434, 0.04040404036641121, 0.05050504952669144]}",2026-09-07T00:57:13.787284,17,0.504133742589217,0.7760180979292857,0.001,0.6933333333333334,0.7162566323252992,0.6557377049180327,0.8,"[0.6557377049180327, 0.7169811320754716, 0.8, 0.6923076923076923]","[0.6053231020198494, 0.6221850002711674, 0.3394786424934864, 0.5402089391763394]","[0.6164383561643836, 0.7662337662337663]","[[0.5757575757575758, 0.75], [0.6060606060606061, 0.9], [1.0, 0.7777777777777778], [0.8333333333333334, 0.65]]","[61, 53, 10, 26]","[0.2981826066970825, 0.3876804709434509, 0.1493874490261078, 0.16474954783916473]","[0.4888888895511627, 0.42020201683044434, 0.04040404036641121, 0.05050504952669144]",0.0
"{""run_name"": ""fedheart_ablation_pergroup_noanchor"", ""seed"": 1337, ""run_dir"": ""runs/ablation_fedheart_fedheart/shared_gdro_anchor_s1337"", ""use_fedheart"": true, ""num_classes"": 2, ""stratified_batching"": true, ""train_frac"": 0.8, ""data_split_seed"": 43, ""group_max_train_samples"": [null, null, 20, 25], ""true_hetero_input_dim"": true, ""feature_mask"": [[0, 1, 2, 3, 5, 6, 7, 8, 9, 10], [0, 1, 2, 3, 5, 6, 11, 12], [0, 1, 2, 4, 5, 7, 11, 12], [0, 1, 2, 4, 5, 6, 8, 9, 10]], ""batch_size"": 64, ""num_workers"": 0, ""epochs"": 150, ""early_stopping_patience"": 40, ""lr"": 0.001, ""weight_decay"": 0.0001, ""optimizer"": ""adam"", ""grad_clip"": 1.0, ""lr_scheduler"": ""cosine"", ""lr_min"": 1e-05, ""latent_dim"": 64, ""head_hidden"": 32, ""groups"": [{""name"": ""cleveland"", ""encoder"": ""mlp_tabular_ln"", ""input_dim"": 13, ""hidden_dim"": 64, ""dropout"": 0.1}, {""name"": ""hungarian"", ""encoder"": ""mlp_tabular_ln"", ""input_dim"": 13, ""hidden_dim"": 64, ""dropout"": 0.1}, {""name"": ""switzerland"", ""encoder"": ""mlp_tabular_ln"", ""input_dim"": 13, ""hidden_dim"": 64, ""dropout"": 0.1}, {""name"": ""va_long_beach"", ""encoder"": ""mlp_tabular_ln"", ""input_dim"": 13, ""hidden_dim"": 64, ""dropout"": 0.1}], ""anchor_eps"": 0.0001, ""sep_samples_per_class"": 4, ""sep_method"": ""classifier"", ""sep_margin"": 1.0, ""lambda_fit"": 0.1, ""lambda_sep"": 0.1, ""groupdro_enabled"": true, ""groupdro_eta"": 2.0, ""groupdro_gamma"": 0.9, ""groupdro_update_mode"": ""softmax"", ""groupdro_objective"": ""weighted"", ""groupdro_kl_lambda"": 0.0, ""groupdro_uniform_init"": true, ""log_interval"": 20, ""save_every"": 10, ""common_encoder"": true}","{""num_groups"": 4, ""num_classes"": 2, ""train_total"": 495, ""test_total"": 150, ""train_group_counts"": [242, 208, 20, 25], ""test_group_counts"": [61, 53, 10, 26], ""train_class_counts"": [266, 229], ""test_class_counts"": [73, 77], ""train_group_class_counts"": [[131, 111], [130, 78], [0, 20], [5, 20]], ""test_group_class_counts"": [[33, 28], [33, 20], [1, 9], [6, 20]], ""group_proportions"": [0.4888888888888889, 0.4202020202020202, 0.04040404040404041, 0.050505050505050504]}","{""num_groups"": 4, ""eta"": 2.0, ""update_mode"": ""softmax"", ""robust_objective"": ""weighted"", ""gamma"": 0.9, ""kl_lambda"": 0.0, ""initial_pi"": [0.4888888895511627, 0.42020201683044434, 0.04040404036641121, 0.05050504952669144]}",2026-09-07T00:57:13.787284,18,0.5421958428162795,0.7420814485032095,0.001,0.7266666666666667,0.7318500321206786,0.6538461538461539,0.8,"[0.7377049180327869, 0.7358490566037735, 0.8, 0.6538461538461539]","[0.5983240037667946, 0.6063455795904376, 0.3483863592147827, 0.5579974674261533]","[0.6986301369863014, 0.7532467532467533]","[[0.7272727272727273, 0.75], [0.6363636363636364, 0.9], [1.0, 0.7777777777777778], [0.8333333333333334, 0.6]]","[61, 53, 10, 26]","[0.29235681891441345, 0.269348680973053, 0.1791401207447052, 0.25915437936782837]","[0.4888888895511627, 0.42020201683044434, 0.04040404036641121, 0.05050504952669144]",0.0
"{""run_name"": ""fedheart_ablation_pergroup_noanchor"", ""seed"": 1337, ""run_dir"": ""runs/ablation_fedheart_fedheart/shared_gdro_anchor_s1337"", ""use_fedheart"": true, ""num_classes"": 2, ""stratified_batching"": true, ""train_frac"": 0.8, ""data_split_seed"": 43, ""group_max_train_samples"": [null, null, 20, 25], ""true_hetero_input_dim"": true, ""feature_mask"": [[0, 1, 2, 3, 5, 6, 7, 8, 9, 10], [0, 1, 2, 3, 5, 6, 11, 12], [0, 1, 2, 4, 5, 7, 11, 12], [0, 1, 2, 4, 5, 6, 8, 9, 10]], ""batch_size"": 64, ""num_workers"": 0, ""epochs"": 150, ""early_stopping_patience"": 40, ""lr"": 0.001, ""weight_decay"": 0.0001, ""optimizer"": ""adam"", ""grad_clip"": 1.0, ""lr_scheduler"": ""cosine"", ""lr_min"": 1e-05, ""latent_dim"": 64, ""head_hidden"": 32, ""groups"": [{""name"": ""cleveland"", ""encoder"": ""mlp_tabular_ln"", ""input_dim"": 13, ""hidden_dim"": 64, ""dropout"": 0.1}, {""name"": ""hungarian"", ""encoder"": ""mlp_tabular_ln"", ""input_dim"": 13, ""hidden_dim"": 64, ""dropout"": 0.1}, {""name"": ""switzerland"", ""encoder"": ""mlp_tabular_ln"", ""input_dim"": 13, ""hidden_dim"": 64, ""dropout"": 0.1}, {""name"": ""va_long_beach"", ""encoder"": ""mlp_tabular_ln"", ""input_dim"": 13, ""hidden_dim"": 64, ""dropout"": 0.1}], ""anchor_eps"": 0.0001, ""sep_samples_per_class"": 4, ""sep_method"": ""classifier"", ""sep_margin"": 1.0, ""lambda_fit"": 0.1, ""lambda_sep"": 0.1, ""groupdro_enabled"": true, ""groupdro_eta"": 2.0, ""groupdro_gamma"": 0.9, ""groupdro_update_mode"": ""softmax"", ""groupdro_objective"": ""weighted"", ""groupdro_kl_lambda"": 0.0, ""groupdro_uniform_init"": true, ""log_interval"": 20, ""save_every"": 10, ""common_encoder"": true}","{""num_groups"": 4, ""num_classes"": 2, ""train_total"": 495, ""test_total"": 150, ""train_group_counts"": [242, 208, 20, 25], ""test_group_counts"": [61, 53, 10, 26], ""train_class_counts"": [266, 229], ""test_class_counts"": [73, 77], ""train_group_class_counts"": [[131, 111], [130, 78], [0, 20], [5, 20]], ""test_group_class_counts"": [[33, 28], [33, 20], [1, 9], [6, 20]], ""group_proportions"": [0.4888888888888889, 0.4202020202020202, 0.04040404040404041, 0.050505050505050504]}","{""num_groups"": 4, ""eta"": 2.0, ""update_mode"": ""softmax"", ""robust_objective"": ""weighted"", ""gamma"": 0.9, ""kl_lambda"": 0.0, ""initial_pi"": [0.4888888895511627, 0.42020201683044434, 0.04040404036641121, 0.05050504952669144]}",2026-09-07T00:57:13.787284,19,0.548654423849615,0.78733031539356,0.001,0.7333333333333333,0.7304313688167694,0.6153846153846154,0.8,"[0.7704918032786885, 0.7358490566037735, 0.8, 0.6153846153846154]","[0.5838908142730838, 0.5433031208110306, 0.43588757142424583, 0.6507752044842794]","[0.7671232876712328, 0.7012987012987013]","[[0.8181818181818182, 0.7142857142857143], [0.696969696969697, 0.8], [1.0, 0.7777777777777778], [0.8333333333333334, 0.55]]","[61, 53, 10, 26]","[0.2983730137348175, 0.2577143609523773, 0.2566584646701813, 0.1872541904449463]","[0.4888888895511627, 0.42020201683044434, 0.04040404036641121, 0.05050504952669144]",0.0
"{""run_name"": ""fedheart_ablation_pergroup_noanchor"", ""seed"": 1337, ""run_dir"": ""runs/ablation_fedheart_fedheart/shared_gdro_anchor_s1337"", ""use_fedheart"": true, ""num_classes"": 2, ""stratified_batching"": true, ""train_frac"": 0.8, ""data_split_seed"": 43, ""group_max_train_samples"": [null, null, 20, 25], ""true_hetero_input_dim"": true, ""feature_mask"": [[0, 1, 2, 3, 5, 6, 7, 8, 9, 10], [0, 1, 2, 3, 5, 6, 11, 12], [0, 1, 2, 4, 5, 7, 11, 12], [0, 1, 2, 4, 5, 6, 8, 9, 10]], ""batch_size"": 64, ""num_workers"": 0, ""epochs"": 150, ""early_stopping_patience"": 40, ""lr"": 0.001, ""weight_decay"": 0.0001, ""optimizer"": ""adam"", ""grad_clip"": 1.0, ""lr_scheduler"": ""cosine"", ""lr_min"": 1e-05, ""latent_dim"": 64, ""head_hidden"": 32, ""groups"": [{""name"": ""cleveland"", ""encoder"": ""mlp_tabular_ln"", ""input_dim"": 13, ""hidden_dim"": 64, ""dropout"": 0.1}, {""name"": ""hungarian"", ""encoder"": ""mlp_tabular_ln"", ""input_dim"": 13, ""hidden_dim"": 64, ""dropout"": 0.1}, {""name"": ""switzerland"", ""encoder"": ""mlp_tabular_ln"", ""input_dim"": 13, ""hidden_dim"": 64, ""dropout"": 0.1}, {""name"": ""va_long_beach"", ""encoder"": ""mlp_tabular_ln"", ""input_dim"": 13, ""hidden_dim"": 64, ""dropout"": 0.1}], ""anchor_eps"": 0.0001, ""sep_samples_per_class"": 4, ""sep_method"": ""classifier"", ""sep_margin"": 1.0, ""lambda_fit"": 0.1, ""lambda_sep"": 0.1, ""groupdro_enabled"": true, ""groupdro_eta"": 2.0, ""groupdro_gamma"": 0.9, ""groupdro_update_mode"": ""softmax"", ""groupdro_objective"": ""weighted"", ""groupdro_kl_lambda"": 0.0, ""groupdro_uniform_init"": true, ""log_interval"": 20, ""save_every"": 10, ""common_encoder"": true}","{""num_groups"": 4, ""num_classes"": 2, ""train_total"": 495, ""test_total"": 150, ""train_group_counts"": [242, 208, 20, 25], ""test_group_counts"": [61, 53, 10, 26], ""train_class_counts"": [266, 229], ""test_class_counts"": [73, 77], ""train_group_class_counts"": [[131, 111], [130, 78], [0, 20], [5, 20]], ""test_group_class_counts"": [[33, 28], [33, 20], [1, 9], [6, 20]], ""group_proportions"": [0.4888888888888889, 0.4202020202020202, 0.04040404040404041, 0.050505050505050504]}","{""num_groups"": 4, ""eta"": 2.0, ""update_mode"": ""softmax"", ""robust_objective"": ""weighted"", ""gamma"": 0.9, ""kl_lambda"": 0.0, ""initial_pi"": [0.4888888895511627, 0.42020201683044434, 0.04040404036641121, 0.05050504952669144]}",2026-09-07T00:57:13.787284,20,0.4927872122682597,0.7782805440652424,0.001,0.7333333333333333,0.7359483927764163,0.6538461538461539,0.8,"[0.7540983606557377, 0.7358490566037735, 0.8, 0.6538461538461539]","[0.600497765863528, 0.5882422118535582, 0.35028837583959105, 0.5947324679448054]","[0.7123287671232876, 0.7532467532467533]","[[0.7575757575757576, 0.75], [0.6363636363636364, 0.9], [1.0, 0.7777777777777778], [0.8333333333333334, 0.6]]","[61, 53, 10, 26]","[0.21641188859939575, 0.3419552743434906, 0.22642651200294495, 0.2152063548564911]","[0.4888888895511627, 0.42020201683044434, 0.04040404036641121, 0.05050504952669144]",0.0
"{""run_name"": ""fedheart_ablation_pergroup_noanchor"", ""seed"": 1337, ""run_dir"": ""runs/ablation_fedheart_fedheart/shared_gdro_anchor_s1337"", ""use_fedheart"": true, ""num_classes"": 2, ""stratified_batching"": true, ""train_frac"": 0.8, ""data_split_seed"": 43, ""group_max_train_samples"": [null, null, 20, 25], ""true_hetero_input_dim"": true, ""feature_mask"": [[0, 1, 2, 3, 5, 6, 7, 8, 9, 10], [0, 1, 2, 3, 5, 6, 11, 12], [0, 1, 2, 4, 5, 7, 11, 12], [0, 1, 2, 4, 5, 6, 8, 9, 10]], ""batch_size"": 64, ""num_workers"": 0, ""epochs"": 150, ""early_stopping_patience"": 40, ""lr"": 0.001, ""weight_decay"": 0.0001, ""optimizer"": ""adam"", ""grad_clip"": 1.0, ""lr_scheduler"": ""cosine"", ""lr_min"": 1e-05, ""latent_dim"": 64, ""head_hidden"": 32, ""groups"": [{""name"": ""cleveland"", ""encoder"": ""mlp_tabular_ln"", ""input_dim"": 13, ""hidden_dim"": 64, ""dropout"": 0.1}, {""name"": ""hungarian"", ""encoder"": ""mlp_tabular_ln"", ""input_dim"": 13, ""hidden_dim"": 64, ""dropout"": 0.1}, {""name"": ""switzerland"", ""encoder"": ""mlp_tabular_ln"", ""input_dim"": 13, ""hidden_dim"": 64, ""dropout"": 0.1}, {""name"": ""va_long_beach"", ""encoder"": ""mlp_tabular_ln"", ""input_dim"": 13, ""hidden_dim"": 64, ""dropout"": 0.1}], ""anchor_eps"": 0.0001, ""sep_samples_per_class"": 4, ""sep_method"": ""classifier"", ""sep_margin"": 1.0, ""lambda_fit"": 0.1, ""lambda_sep"": 0.1, ""groupdro_enabled"": true, ""groupdro_eta"": 2.0, ""groupdro_gamma"": 0.9, ""groupdro_update_mode"": ""softmax"", ""groupdro_objective"": ""weighted"", ""groupdro_kl_lambda"": 0.0, ""groupdro_uniform_init"": true, ""log_interval"": 20, ""save_every"": 10, ""common_encoder"": true}","{""num_groups"": 4, ""num_classes"": 2, ""train_total"": 495, ""test_total"": 150, ""train_group_counts"": [242, 208, 20, 25], ""test_group_counts"": [61, 53, 10, 26], ""train_class_counts"": [266, 229], ""test_class_counts"": [73, 77], ""train_group_class_counts"": [[131, 111], [130, 78], [0, 20], [5, 20]], ""test_group_class_counts"": [[33, 28], [33, 20], [1, 9], [6, 20]], ""group_proportions"": [0.4888888888888889, 0.4202020202020202, 0.04040404040404041, 0.050505050505050504]}","{""num_groups"": 4, ""eta"": 2.0, ""update_mode"": ""softmax"", ""robust_objective"": ""weighted"", ""gamma"": 0.9, ""kl_lambda"": 0.0, ""initial_pi"": [0.4888888895511627, 0.42020201683044434, 0.04040404036641121, 0.05050504952669144]}",2026-09-07T00:57:13.787284,21,0.48728370437255275,0.7669683295677151,0.001,0.72,0.7277516714649409,0.6538461538461539,0.8,"[0.7213114754098361, 0.7358490566037735, 0.8, 0.6538461538461539]","[0.6104041165137877, 0.5994028357683487, 0.32803453467786314, 0.5934724595684272]","[0.684931506849315, 0.7532467532467533]","[[0.696969696969697, 0.75], [0.6363636363636364, 0.9], [1.0, 0.7777777777777778], [0.8333333333333334, 0.6]]","[61, 53, 10, 26]","[0.3364279568195343, 0.366922527551651, 0.16529177129268646, 0.13135771453380585]","[0.4888888895511627, 0.42020201683044434, 0.04040404036641121, 0.05050504952669144]",0.0
"{""run_name"": ""fedheart_ablation_pergroup_noanchor"", ""seed"": 1337, ""run_dir"": ""runs/ablation_fedheart_fedheart/shared_gdro_anchor_s1337"", ""use_fedheart"": true, ""num_classes"": 2, ""stratified_batching"": true, ""train_frac"": 0.8, ""data_split_seed"": 43, ""group_max_train_samples"": [null, null, 20, 25], ""true_hetero_input_dim"": true, ""feature_mask"": [[0, 1, 2, 3, 5, 6, 7, 8, 9, 10], [0, 1, 2, 3, 5, 6, 11, 12], [0, 1, 2, 4, 5, 7, 11, 12], [0, 1, 2, 4, 5, 6, 8, 9, 10]], ""batch_size"": 64, ""num_workers"": 0, ""epochs"": 150, ""early_stopping_patience"": 40, ""lr"": 0.001, ""weight_decay"": 0.0001, ""optimizer"": ""adam"", ""grad_clip"": 1.0, ""lr_scheduler"": ""cosine"", ""lr_min"": 1e-05, ""latent_dim"": 64, ""head_hidden"": 32, ""groups"": [{""name"": ""cleveland"", ""encoder"": ""mlp_tabular_ln"", ""input_dim"": 13, ""hidden_dim"": 64, ""dropout"": 0.1}, {""name"": ""hungarian"", ""encoder"": ""mlp_tabular_ln"", ""input_dim"": 13, ""hidden_dim"": 64, ""dropout"": 0.1}, {""name"": ""switzerland"", ""encoder"": ""mlp_tabular_ln"", ""input_dim"": 13, ""hidden_dim"": 64, ""dropout"": 0.1}, {""name"": ""va_long_beach"", ""encoder"": ""mlp_tabular_ln"", ""input_dim"": 13, ""hidden_dim"": 64, ""dropout"": 0.1}], ""anchor_eps"": 0.0001, ""sep_samples_per_class"": 4, ""sep_method"": ""classifier"", ""sep_margin"": 1.0, ""lambda_fit"": 0.1, ""lambda_sep"": 0.1, ""groupdro_enabled"": true, ""groupdro_eta"": 2.0, ""groupdro_gamma"": 0.9, ""groupdro_update_mode"": ""softmax"", ""groupdro_objective"": ""weighted"", ""groupdro_kl_lambda"": 0.0, ""groupdro_uniform_init"": true, ""log_interval"": 20, ""save_every"": 10, ""common_encoder"": true}","{""num_groups"": 4, ""num_classes"": 2, ""train_total"": 495, ""test_total"": 150, ""train_group_counts"": [242, 208, 20, 25], ""test_group_counts"": [61, 53, 10, 26], ""train_class_counts"": [266, 229], ""test_class_counts"": [73, 77], ""train_group_class_counts"": [[131, 111], [130, 78], [0, 20], [5, 20]], ""test_group_class_counts"": [[33, 28], [33, 20], [1, 9], [6, 20]], ""group_proportions"": [0.4888888888888889, 0.4202020202020202, 0.04040404040404041, 0.050505050505050504]}","{""num_groups"": 4, ""eta"": 2.0, ""update_mode"": ""softmax"", ""robust_objective"": ""weighted"", ""gamma"": 0.9, ""kl_lambda"": 0.0, ""initial_pi"": [0.4888888895511627, 0.42020201683044434, 0.04040404036641121, 0.05050504952669144]}",2026-09-07T00:57:13.787284,22,0.46476064656115224,0.8235294150011572,0.001,0.72,0.7277516714649409,0.6538461538461539,0.8,"[0.7213114754098361, 0.7358490566037735, 0.8, 0.6538461538461539]","[0.5990499782024837, 0.5365197987488981, 0.4274662882089615, 0.699011856260208]","[0.7671232876712328, 0.6753246753246753]","[[0.8181818181818182, 0.6071428571428571], [0.696969696969697, 0.8], [1.0, 0.7777777777777778], [0.8333333333333334, 0.6]]","[61, 53, 10, 26]","[0.1665479838848114, 0.21038290858268738, 0.40502268075942993, 0.21804644167423248]","[0.4888888895511627, 0.42020201683044434, 0.04040404036641121, 0.05050504952669144]",0.0
"{""run_name"": ""fedheart_ablation_pergroup_noanchor"", ""seed"": 1337, ""run_dir"": ""runs/ablation_fedheart_fedheart/shared_gdro_anchor_s1337"", ""use_fedheart"": true, ""num_classes"": 2, ""stratified_batching"": true, ""train_frac"": 0.8, ""data_split_seed"": 43, ""group_max_train_samples"": [null, null, 20, 25], ""true_hetero_input_dim"": true, ""feature_mask"": [[0, 1, 2, 3, 5, 6, 7, 8, 9, 10], [0, 1, 2, 3, 5, 6, 11, 12], [0, 1, 2, 4, 5, 7, 11, 12], [0, 1, 2, 4, 5, 6, 8, 9, 10]], ""batch_size"": 64, ""num_workers"": 0, ""epochs"": 150, ""early_stopping_patience"": 40, ""lr"": 0.001, ""weight_decay"": 0.0001, ""optimizer"": ""adam"", ""grad_clip"": 1.0, ""lr_scheduler"": ""cosine"", ""lr_min"": 1e-05, ""latent_dim"": 64, ""head_hidden"": 32, ""groups"": [{""name"": ""cleveland"", ""encoder"": ""mlp_tabular_ln"", ""input_dim"": 13, ""hidden_dim"": 64, ""dropout"": 0.1}, {""name"": ""hungarian"", ""encoder"": ""mlp_tabular_ln"", ""input_dim"": 13, ""hidden_dim"": 64, ""dropout"": 0.1}, {""name"": ""switzerland"", ""encoder"": ""mlp_tabular_ln"", ""input_dim"": 13, ""hidden_dim"": 64, ""dropout"": 0.1}, {""name"": ""va_long_beach"", ""encoder"": ""mlp_tabular_ln"", ""input_dim"": 13, ""hidden_dim"": 64, ""dropout"": 0.1}], ""anchor_eps"": 0.0001, ""sep_samples_per_class"": 4, ""sep_method"": ""classifier"", ""sep_margin"": 1.0, ""lambda_fit"": 0.1, ""lambda_sep"": 0.1, ""groupdro_enabled"": true, ""groupdro_eta"": 2.0, ""groupdro_gamma"": 0.9, ""groupdro_update_mode"": ""softmax"", ""groupdro_objective"": ""weighted"", ""groupdro_kl_lambda"": 0.0, ""groupdro_uniform_init"": true, ""log_interval"": 20, ""save_every"": 10, ""common_encoder"": true}","{""num_groups"": 4, ""num_classes"": 2, ""train_total"": 495, ""test_total"": 150, ""train_group_counts"": [242, 208, 20, 25], ""test_group_counts"": [61, 53, 10, 26], ""train_class_counts"": [266, 229], ""test_class_counts"": [73, 77], ""train_group_class_counts"": [[131, 111], [130, 78], [0, 20], [5, 20]], ""test_group_class_counts"": [[33, 28], [33, 20], [1, 9], [6, 20]], ""group_proportions"": [0.4888888888888889, 0.4202020202020202, 0.04040404040404041, 0.050505050505050504]}","{""num_groups"": 4, ""eta"": 2.0, ""update_mode"": ""softmax"", ""robust_objective"": ""weighted"", ""gamma"": 0.9, ""kl_lambda"": 0.0, ""initial_pi"": [0.4888888895511627, 0.42020201683044434, 0.04040404036641121, 0.05050504952669144]}",2026-09-07T00:57:13.787284,23,0.4374034153929663,0.7963800894189205,0.001,0.7,0.7209736134573747,0.6557377049180327,0.8,"[0.6557377049180327, 0.7358490566037735, 0.8, 0.6923076923076923]","[0.6476109984834664, 0.6281946442037258, 0.28220255188643933, 0.5759190941372743]","[0.6301369863013698, 0.7662337662337663]","[[0.5757575757575758, 0.75], [0.6363636363636364, 0.9], [1.0, 0.7777777777777778], [0.8333333333333334, 0.65]]","[61, 53, 10, 26]","[0.550452470779419, 0.44954752922058105, 0.0, 0.0]","[0.4888888895511627, 0.42020201683044434, 0.04040404036641121, 0.05050504952669144]",0.0
"{""run_name"": ""fedheart_ablation_pergroup_noanchor"", ""seed"": 1337, ""run_dir"": ""runs/ablation_fedheart_fedheart/shared_gdro_anchor_s1337"", ""use_fedheart"": true, ""num_classes"": 2, ""stratified_batching"": true, ""train_frac"": 0.8, ""data_split_seed"": 43, ""group_max_train_samples"": [null, null, 20, 25], ""true_hetero_input_dim"": true, ""feature_mask"": [[0, 1, 2, 3, 5, 6, 7, 8, 9, 10], [0, 1, 2, 3, 5, 6, 11, 12], [0, 1, 2, 4, 5, 7, 11, 12], [0, 1, 2, 4, 5, 6, 8, 9, 10]], ""batch_size"": 64, ""num_workers"": 0, ""epochs"": 150, ""early_stopping_patience"": 40, ""lr"": 0.001, ""weight_decay"": 0.0001, ""optimizer"": ""adam"", ""grad_clip"": 1.0, ""lr_scheduler"": ""cosine"", ""lr_min"": 1e-05, ""latent_dim"": 64, ""head_hidden"": 32, ""groups"": [{""name"": ""cleveland"", ""encoder"": ""mlp_tabular_ln"", ""input_dim"": 13, ""hidden_dim"": 64, ""dropout"": 0.1}, {""name"": ""hungarian"", ""encoder"": ""mlp_tabular_ln"", ""input_dim"": 13, ""hidden_dim"": 64, ""dropout"": 0.1}, {""name"": ""switzerland"", ""encoder"": ""mlp_tabular_ln"", ""input_dim"": 13, ""hidden_dim"": 64, ""dropout"": 0.1}, {""name"": ""va_long_beach"", ""encoder"": ""mlp_tabular_ln"", ""input_dim"": 13, ""hidden_dim"": 64, ""dropout"": 0.1}], ""anchor_eps"": 0.0001, ""sep_samples_per_class"": 4, ""sep_method"": ""classifier"", ""sep_margin"": 1.0, ""lambda_fit"": 0.1, ""lambda_sep"": 0.1, ""groupdro_enabled"": true, ""groupdro_eta"": 2.0, ""groupdro_gamma"": 0.9, ""groupdro_update_mode"": ""softmax"", ""groupdro_objective"": ""weighted"", ""groupdro_kl_lambda"": 0.0, ""groupdro_uniform_init"": true, ""log_interval"": 20, ""save_every"": 10, ""common_encoder"": true}","{""num_groups"": 4, ""num_classes"": 2, ""train_total"": 495, ""test_total"": 150, ""train_group_counts"": [242, 208, 20, 25], ""test_group_counts"": [61, 53, 10, 26], ""train_class_counts"": [266, 229], ""test_class_counts"": [73, 77], ""train_group_class_counts"": [[131, 111], [130, 78], [0, 20], [5, 20]], ""test_group_class_counts"": [[33, 28], [33, 20], [1, 9], [6, 20]], ""group_proportions"": [0.4888888888888889, 0.4202020202020202, 0.04040404040404041, 0.050505050505050504]}","{""num_groups"": 4, ""eta"": 2.0, ""update_mode"": ""softmax"", ""robust_objective"": ""weighted"", ""gamma"": 0.9, ""kl_lambda"": 0.0, ""initial_pi"": [0.4888888895511627, 0.42020201683044434, 0.04040404036641121, 0.05050504952669144]}",2026-09-07T00:57:13.787284,24,0.4611940866681785,0.7714932110514576,0.001,0.7266666666666667,0.7318500321206786,0.6538461538461539,0.8,"[0.7377049180327869, 0.7358490566037735, 0.8, 0.6538461538461539]","[0.6192854015675725, 0.5519627271536386, 0.4023955389857292, 0.6936210084419984]","[0.7534246575342466, 0.7012987012987013]","[[0.8181818181818182, 0.6428571428571429], [0.6666666666666666, 0.85], [1.0, 0.7777777777777778], [0.8333333333333334, 0.6]]","[61, 53, 10, 26]","[0.16811659932136536, 0.17058449983596802, 0.16392244398593903, 0.49737638235092163]","[0.4888888895511627, 0.42020201683044434, 0.04040404036641121, 0.05050504952669144]",0.0
"{""run_name"": ""fedheart_ablation_pergroup_noanchor"", ""seed"": 1337, ""run_dir"": ""runs/ablation_fedheart_fedheart/shared_gdro_anchor_s1337"", ""use_fedheart"": true, ""num_classes"": 2, ""stratified_batching"": true, ""train_frac"": 0.8, ""data_split_seed"": 43, ""group_max_train_samples"": [null, null, 20, 25], ""true_hetero_input_dim"": true, ""feature_mask"": [[0, 1, 2, 3, 5, 6, 7, 8, 9, 10], [0, 1, 2, 3, 5, 6, 11, 12], [0, 1, 2, 4, 5, 7, 11, 12], [0, 1, 2, 4, 5, 6, 8, 9, 10]], ""batch_size"": 64, ""num_workers"": 0, ""epochs"": 150, ""early_stopping_patience"": 40, ""lr"": 0.001, ""weight_decay"": 0.0001, ""optimizer"": ""adam"", ""grad_clip"": 1.0, ""lr_scheduler"": ""cosine"", ""lr_min"": 1e-05, ""latent_dim"": 64, ""head_hidden"": 32, ""groups"": [{""name"": ""cleveland"", ""encoder"": ""mlp_tabular_ln"", ""input_dim"": 13, ""hidden_dim"": 64, ""dropout"": 0.1}, {""name"": ""hungarian"", ""encoder"": ""mlp_tabular_ln"", ""input_dim"": 13, ""hidden_dim"": 64, ""dropout"": 0.1}, {""name"": ""switzerland"", ""encoder"": ""mlp_tabular_ln"", ""input_dim"": 13, ""hidden_dim"": 64, ""dropout"": 0.1}, {""name"": ""va_long_beach"", ""encoder"": ""mlp_tabular_ln"", ""input_dim"": 13, ""hidden_dim"": 64, ""dropout"": 0.1}], ""anchor_eps"": 0.0001, ""sep_samples_per_class"": 4, ""sep_method"": ""classifier"", ""sep_margin"": 1.0, ""lambda_fit"": 0.1, ""lambda_sep"": 0.1, ""groupdro_enabled"": true, ""groupdro_eta"": 2.0, ""groupdro_gamma"": 0.9, ""groupdro_update_mode"": ""softmax"", ""groupdro_objective"": ""weighted"", ""groupdro_kl_lambda"": 0.0, ""groupdro_uniform_init"": true, ""log_interval"": 20, ""save_every"": 10, ""common_encoder"": true}","{""num_groups"": 4, ""num_classes"": 2, ""train_total"": 495, ""test_total"": 150, ""train_group_counts"": [242, 208, 20, 25], ""test_group_counts"": [61, 53, 10, 26], ""train_class_counts"": [266, 229], ""test_class_counts"": [73, 77], ""train_group_class_counts"": [[131, 111], [130, 78], [0, 20], [5, 20]], ""test_group_class_counts"": [[33, 28], [33, 20], [1, 9], [6, 20]], ""group_proportions"": [0.4888888888888889, 0.4202020202020202, 0.04040404040404041, 0.050505050505050504]}","{""num_groups"": 4, ""eta"": 2.0, ""update_mode"": ""softmax"", ""robust_objective"": ""weighted"", ""gamma"": 0.9, ""kl_lambda"": 0.0, ""initial_pi"": [0.4888888895511627, 0.42020201683044434, 0.04040404036641121, 0.05050504952669144]}",2026-09-07T00:57:13.787284,25,0.43133782828015976,0.8190045256959907,0.001,0.72,0.7277516714649409,0.6538461538461539,0.8,"[0.7213114754098361, 0.7358490566037735, 0.8, 0.6538461538461539]","[0.6230875537043712, 0.5464415865827281, 0.4234598480165005, 0.70930574920315]","[0.7397260273972602, 0.7012987012987013]","[[0.7878787878787878, 0.6428571428571429], [0.6666666666666666, 0.85], [1.0, 0.7777777777777778], [0.8333333333333334, 0.6]]","[61, 53, 10, 26]","[0.21541577577590942, 0.2843455970287323, 0.2939796447753906, 0.20625893771648407]","[0.4888888895511627, 0.42020201683044434, 0.04040404036641121, 0.05050504952669144]",0.0
"{""run_name"": ""fedheart_ablation_pergroup_noanchor"", ""seed"": 1337, ""run_dir"": ""runs/ablation_fedheart_fedheart/shared_gdro_anchor_s1337"", ""use_fedheart"": true, ""num_classes"": 2, ""stratified_batching"": true, ""train_frac"": 0.8, ""data_split_seed"": 43, ""group_max_train_samples"": [null, null, 20, 25], ""true_hetero_input_dim"": true, ""feature_mask"": [[0, 1, 2, 3, 5, 6, 7, 8, 9, 10], [0, 1, 2, 3, 5, 6, 11, 12], [0, 1, 2, 4, 5, 7, 11, 12], [0, 1, 2, 4, 5, 6, 8, 9, 10]], ""batch_size"": 64, ""num_workers"": 0, ""epochs"": 150, ""early_stopping_patience"": 40, ""lr"": 0.001, ""weight_decay"": 0.0001, ""optimizer"": ""adam"", ""grad_clip"": 1.0, ""lr_scheduler"": ""cosine"", ""lr_min"": 1e-05, ""latent_dim"": 64, ""head_hidden"": 32, ""groups"": [{""name"": ""cleveland"", ""encoder"": ""mlp_tabular_ln"", ""input_dim"": 13, ""hidden_dim"": 64, ""dropout"": 0.1}, {""name"": ""hungarian"", ""encoder"": ""mlp_tabular_ln"", ""input_dim"": 13, ""hidden_dim"": 64, ""dropout"": 0.1}, {""name"": ""switzerland"", ""encoder"": ""mlp_tabular_ln"", ""input_dim"": 13, ""hidden_dim"": 64, ""dropout"": 0.1}, {""name"": ""va_long_beach"", ""encoder"": ""mlp_tabular_ln"", ""input_dim"": 13, ""hidden_dim"": 64, ""dropout"": 0.1}], ""anchor_eps"": 0.0001, ""sep_samples_per_class"": 4, ""sep_method"": ""classifier"", ""sep_margin"": 1.0, ""lambda_fit"": 0.1, ""lambda_sep"": 0.1, ""groupdro_enabled"": true, ""groupdro_eta"": 2.0, ""groupdro_gamma"": 0.9, ""groupdro_update_mode"": ""softmax"", ""groupdro_objective"": ""weighted"", ""groupdro_kl_lambda"": 0.0, ""groupdro_uniform_init"": true, ""log_interval"": 20, ""save_every"": 10, ""common_encoder"": true}","{""num_groups"": 4, ""num_classes"": 2, ""train_total"": 495, ""test_total"": 150, ""train_group_counts"": [242, 208, 20, 25], ""test_group_counts"": [61, 53, 10, 26], ""train_class_counts"": [266, 229], ""test_class_counts"": [73, 77], ""train_group_class_counts"": [[131, 111], [130, 78], [0, 20], [5, 20]], ""test_group_class_counts"": [[33, 28], [33, 20], [1, 9], [6, 20]], ""group_proportions"": [0.4888888888888889, 0.4202020202020202, 0.04040404040404041, 0.050505050505050504]}","{""num_groups"": 4, ""eta"": 2.0, ""update_mode"": ""softmax"", ""robust_objective"": ""weighted"", ""gamma"": 0.9, ""kl_lambda"": 0.0, ""initial_pi"": [0.4888888895511627, 0.42020201683044434, 0.04040404036641121, 0.05050504952669144]}",2026-09-07T00:57:13.787284,26,0.42293266743017,0.7941176454405979,0.001,0.7133333333333334,0.7236533108092031,0.6538461538461539,0.8,"[0.7049180327868853, 0.7358490566037735, 0.8, 0.6538461538461539]","[0.6441953166952876, 0.5727705694032166, 0.38721089586615565, 0.6984437906111662]","[0.6986301369863014, 0.7272727272727273]","[[0.696969696969697, 0.7142857142857143], [0.6666666666666666, 0.85], [1.0, 0.7777777777777778], [0.8333333333333334, 0.6]]","[61, 53, 10, 26]","[0.15516376495361328, 0.2955853044986725, 0.2382940649986267, 0.31095683574676514]","[0.4888888895511627, 0.42020201683044434, 0.04040404036641121, 0.05050504952669144]",0.0
"{""run_name"": ""fedheart_ablation_pergroup_noanchor"", ""seed"": 1337, ""run_dir"": ""runs/ablation_fedheart_fedheart/shared_gdro_anchor_s1337"", ""use_fedheart"": true, ""num_classes"": 2, ""stratified_batching"": true, ""train_frac"": 0.8, ""data_split_seed"": 43, ""group_max_train_samples"": [null, null, 20, 25], ""true_hetero_input_dim"": true, ""feature_mask"": [[0, 1, 2, 3, 5, 6, 7, 8, 9, 10], [0, 1, 2, 3, 5, 6, 11, 12], [0, 1, 2, 4, 5, 7, 11, 12], [0, 1, 2, 4, 5, 6, 8, 9, 10]], ""batch_size"": 64, ""num_workers"": 0, ""epochs"": 150, ""early_stopping_patience"": 40, ""lr"": 0.001, ""weight_decay"": 0.0001, ""optimizer"": ""adam"", ""grad_clip"": 1.0, ""lr_scheduler"": ""cosine"", ""lr_min"": 1e-05, ""latent_dim"": 64, ""head_hidden"": 32, ""groups"": [{""name"": ""cleveland"", ""encoder"": ""mlp_tabular_ln"", ""input_dim"": 13, ""hidden_dim"": 64, ""dropout"": 0.1}, {""name"": ""hungarian"", ""encoder"": ""mlp_tabular_ln"", ""input_dim"": 13, ""hidden_dim"": 64, ""dropout"": 0.1}, {""name"": ""switzerland"", ""encoder"": ""mlp_tabular_ln"", ""input_dim"": 13, ""hidden_dim"": 64, ""dropout"": 0.1}, {""name"": ""va_long_beach"", ""encoder"": ""mlp_tabular_ln"", ""input_dim"": 13, ""hidden_dim"": 64, ""dropout"": 0.1}], ""anchor_eps"": 0.0001, ""sep_samples_per_class"": 4, ""sep_method"": ""classifier"", ""sep_margin"": 1.0, ""lambda_fit"": 0.1, ""lambda_sep"": 0.1, ""groupdro_enabled"": true, ""groupdro_eta"": 2.0, ""groupdro_gamma"": 0.9, ""groupdro_update_mode"": ""softmax"", ""groupdro_objective"": ""weighted"", ""groupdro_kl_lambda"": 0.0, ""groupdro_uniform_init"": true, ""log_interval"": 20, ""save_every"": 10, ""common_encoder"": true}","{""num_groups"": 4, ""num_classes"": 2, ""train_total"": 495, ""test_total"": 150, ""train_group_counts"": [242, 208, 20, 25], ""test_group_counts"": [61, 53, 10, 26], ""train_class_counts"": [266, 229], ""test_class_counts"": [73, 77], ""train_group_class_counts"": [[131, 111], [130, 78], [0, 20], [5, 20]], ""test_group_class_counts"": [[33, 28], [33, 20], [1, 9], [6, 20]], ""group_proportions"": [0.4888888888888889, 0.4202020202020202, 0.04040404040404041, 0.050505050505050504]}","{""num_groups"": 4, ""eta"": 2.0, ""update_mode"": ""softmax"", ""robust_objective"": ""weighted"", ""gamma"": 0.9, ""kl_lambda"": 0.0, ""initial_pi"": [0.4888888895511627, 0.42020201683044434, 0.04040404036641121, 0.05050504952669144]}",2026-09-07T00:57:13.787284,27,0.42349777259438287,0.796380088879512,0.001,0.7266666666666667,0.7318500321206786,0.6538461538461539,0.8,"[0.7377049180327869, 0.7358490566037735, 0.8, 0.6538461538461539]","[0.6342983620210749, 0.5376475863158703, 0.4259159717708826, 0.7553888497730861]","[0.7534246575342466, 0.7012987012987013]","[[0.8181818181818182, 0.6428571428571429], [0.6666666666666666, 0.85], [1.0, 0.7777777777777778], [0.8333333333333334, 0.6]]","[61, 53, 10, 26]","[0.15307888388633728, 0.2776000201702118, 0.130282923579216, 0.43903815746307373]","[0.4888888895511627, 0.42020201683044434, 0.04040404036641121, 0.05050504952669144]",0.0
"{""run_name"": ""fedheart_ablation_pergroup_noanchor"", ""seed"": 1337, ""run_dir"": ""runs/ablation_fedheart_fedheart/shared_gdro_anchor_s1337"", ""use_fedheart"": true, ""num_classes"": 2, ""stratified_batching"": true, ""train_frac"": 0.8, ""data_split_seed"": 43, ""group_max_train_samples"": [null, null, 20, 25], ""true_hetero_input_dim"": true, ""feature_mask"": [[0, 1, 2, 3, 5, 6, 7, 8, 9, 10], [0, 1, 2, 3, 5, 6, 11, 12], [0, 1, 2, 4, 5, 7, 11, 12], [0, 1, 2, 4, 5, 6, 8, 9, 10]], ""batch_size"": 64, ""num_workers"": 0, ""epochs"": 150, ""early_stopping_patience"": 40, ""lr"": 0.001, ""weight_decay"": 0.0001, ""optimizer"": ""adam"", ""grad_clip"": 1.0, ""lr_scheduler"": ""cosine"", ""lr_min"": 1e-05, ""latent_dim"": 64, ""head_hidden"": 32, ""groups"": [{""name"": ""cleveland"", ""encoder"": ""mlp_tabular_ln"", ""input_dim"": 13, ""hidden_dim"": 64, ""dropout"": 0.1}, {""name"": ""hungarian"", ""encoder"": ""mlp_tabular_ln"", ""input_dim"": 13, ""hidden_dim"": 64, ""dropout"": 0.1}, {""name"": ""switzerland"", ""encoder"": ""mlp_tabular_ln"", ""input_dim"": 13, ""hidden_dim"": 64, ""dropout"": 0.1}, {""name"": ""va_long_beach"", ""encoder"": ""mlp_tabular_ln"", ""input_dim"": 13, ""hidden_dim"": 64, ""dropout"": 0.1}], ""anchor_eps"": 0.0001, ""sep_samples_per_class"": 4, ""sep_method"": ""classifier"", ""sep_margin"": 1.0, ""lambda_fit"": 0.1, ""lambda_sep"": 0.1, ""groupdro_enabled"": true, ""groupdro_eta"": 2.0, ""groupdro_gamma"": 0.9, ""groupdro_update_mode"": ""softmax"", ""groupdro_objective"": ""weighted"", ""groupdro_kl_lambda"": 0.0, ""groupdro_uniform_init"": true, ""log_interval"": 20, ""save_every"": 10, ""common_encoder"": true}","{""num_groups"": 4, ""num_classes"": 2, ""train_total"": 495, ""test_total"": 150, ""train_group_counts"": [242, 208, 20, 25], ""test_group_counts"": [61, 53, 10, 26], ""train_class_counts"": [266, 229], ""test_class_counts"": [73, 77], ""train_group_class_counts"": [[131, 111], [130, 78], [0, 20], [5, 20]], ""test_group_class_counts"": [[33, 28], [33, 20], [1, 9], [6, 20]], ""group_proportions"": [0.4888888888888889, 0.4202020202020202, 0.04040404040404041, 0.050505050505050504]}","{""num_groups"": 4, ""eta"": 2.0, ""update_mode"": ""softmax"", ""robust_objective"": ""weighted"", ""gamma"": 0.9, ""kl_lambda"": 0.0, ""initial_pi"": [0.4888888895511627, 0.42020201683044434, 0.04040404036641121, 0.05050504952669144]}",2026-09-07T00:57:13.787284,28,0.4118148924538453,0.8235294101464802,0.001,0.72,0.7277516714649409,0.6538461538461539,0.8,"[0.7213114754098361, 0.7358490566037735, 0.8, 0.6538461538461539]","[0.6377025724190181, 0.5369271205140734, 0.3956813275814056, 0.7247503918523972]","[0.726027397260274, 0.7142857142857143]","[[0.7575757575757576, 0.6785714285714286], [0.6666666666666666, 0.85], [1.0, 0.7777777777777778], [0.8333333333333334, 0.6]]","[61, 53, 10, 26]","[0.2442137897014618, 0.224543035030365, 0.23139072954654694, 0.29985252022743225]","[0.4888888895511627, 0.42020201683044434, 0.04040404036641121, 0.05050504952669144]",0.0
"{""run_name"": ""fedheart_ablation_pergroup_noanchor"", ""seed"": 1337, ""run_dir"": ""runs/ablation_fedheart_fedheart/shared_gdro_anchor_s1337"", ""use_fedheart"": true, ""num_classes"": 2, ""stratified_batching"": true, ""train_frac"": 0.8, ""data_split_seed"": 43, ""group_max_train_samples"": [null, null, 20, 25], ""true_hetero_input_dim"": true, ""feature_mask"": [[0, 1, 2, 3, 5, 6, 7, 8, 9, 10], [0, 1, 2, 3, 5, 6, 11, 12], [0, 1, 2, 4, 5, 7, 11, 12], [0, 1, 2, 4, 5, 6, 8, 9, 10]], ""batch_size"": 64, ""num_workers"": 0, ""epochs"": 150, ""early_stopping_patience"": 40, ""lr"": 0.001, ""weight_decay"": 0.0001, ""optimizer"": ""adam"", ""grad_clip"": 1.0, ""lr_scheduler"": ""cosine"", ""lr_min"": 1e-05, ""latent_dim"": 64, ""head_hidden"": 32, ""groups"": [{""name"": ""cleveland"", ""encoder"": ""mlp_tabular_ln"", ""input_dim"": 13, ""hidden_dim"": 64, ""dropout"": 0.1}, {""name"": ""hungarian"", ""encoder"": ""mlp_tabular_ln"", ""input_dim"": 13, ""hidden_dim"": 64, ""dropout"": 0.1}, {""name"": ""switzerland"", ""encoder"": ""mlp_tabular_ln"", ""input_dim"": 13, ""hidden_dim"": 64, ""dropout"": 0.1}, {""name"": ""va_long_beach"", ""encoder"": ""mlp_tabular_ln"", ""input_dim"": 13, ""hidden_dim"": 64, ""dropout"": 0.1}], ""anchor_eps"": 0.0001, ""sep_samples_per_class"": 4, ""sep_method"": ""classifier"", ""sep_margin"": 1.0, ""lambda_fit"": 0.1, ""lambda_sep"": 0.1, ""groupdro_enabled"": true, ""groupdro_eta"": 2.0, ""groupdro_gamma"": 0.9, ""groupdro_update_mode"": ""softmax"", ""groupdro_objective"": ""weighted"", ""groupdro_kl_lambda"": 0.0, ""groupdro_uniform_init"": true, ""log_interval"": 20, ""save_every"": 10, ""common_encoder"": true}","{""num_groups"": 4, ""num_classes"": 2, ""train_total"": 495, ""test_total"": 150, ""train_group_counts"": [242, 208, 20, 25], ""test_group_counts"": [61, 53, 10, 26], ""train_class_counts"": [266, 229], ""test_class_counts"": [73, 77], ""train_group_class_counts"": [[131, 111], [130, 78], [0, 20], [5, 20]], ""test_group_class_counts"": [[33, 28], [33, 20], [1, 9], [6, 20]], ""group_proportions"": [0.4888888888888889, 0.4202020202020202, 0.04040404040404041, 0.050505050505050504]}","{""num_groups"": 4, ""eta"": 2.0, ""update_mode"": ""softmax"", ""robust_objective"": ""weighted"", ""gamma"": 0.9, ""kl_lambda"": 0.0, ""initial_pi"": [0.4888888895511627, 0.42020201683044434, 0.04040404036641121, 0.05050504952669144]}",2026-09-07T00:57:13.787284,29,0.37226883156806634,0.8212669669772705,0.001,0.7,0.7160752099740655,0.6538461538461539,0.8,"[0.6557377049180327, 0.7547169811320755, 0.8, 0.6538461538461539]","[0.6652591077641385, 0.6074736275059996, 0.301969557069242, 0.6783730049545948]","[0.6575342465753424, 0.7402597402597403]","[[0.6060606060606061, 0.7142857142857143], [0.6666666666666666, 0.9], [1.0, 0.7777777777777778], [0.8333333333333334, 0.6]]","[61, 53, 10, 26]","[0.15144236385822296, 0.2861892282962799, 0.10828525573015213, 0.454083114862442]","[0.4888888895511627, 0.42020201683044434, 0.04040404036641121, 0.05050504952669144]",0.0
"{""run_name"": ""fedheart_ablation_pergroup_noanchor"", ""seed"": 1337, ""run_dir"": ""runs/ablation_fedheart_fedheart/shared_gdro_anchor_s1337"", ""use_fedheart"": true, ""num_classes"": 2, ""stratified_batching"": true, ""train_frac"": 0.8, ""data_split_seed"": 43, ""group_max_train_samples"": [null, null, 20, 25], ""true_hetero_input_dim"": true, ""feature_mask"": [[0, 1, 2, 3, 5, 6, 7, 8, 9, 10], [0, 1, 2, 3, 5, 6, 11, 12], [0, 1, 2, 4, 5, 7, 11, 12], [0, 1, 2, 4, 5, 6, 8, 9, 10]], ""batch_size"": 64, ""num_workers"": 0, ""epochs"": 150, ""early_stopping_patience"": 40, ""lr"": 0.001, ""weight_decay"": 0.0001, ""optimizer"": ""adam"", ""grad_clip"": 1.0, ""lr_scheduler"": ""cosine"", ""lr_min"": 1e-05, ""latent_dim"": 64, ""head_hidden"": 32, ""groups"": [{""name"": ""cleveland"", ""encoder"": ""mlp_tabular_ln"", ""input_dim"": 13, ""hidden_dim"": 64, ""dropout"": 0.1}, {""name"": ""hungarian"", ""encoder"": ""mlp_tabular_ln"", ""input_dim"": 13, ""hidden_dim"": 64, ""dropout"": 0.1}, {""name"": ""switzerland"", ""encoder"": ""mlp_tabular_ln"", ""input_dim"": 13, ""hidden_dim"": 64, ""dropout"": 0.1}, {""name"": ""va_long_beach"", ""encoder"": ""mlp_tabular_ln"", ""input_dim"": 13, ""hidden_dim"": 64, ""dropout"": 0.1}], ""anchor_eps"": 0.0001, ""sep_samples_per_class"": 4, ""sep_method"": ""classifier"", ""sep_margin"": 1.0, ""lambda_fit"": 0.1, ""lambda_sep"": 0.1, ""groupdro_enabled"": true, ""groupdro_eta"": 2.0, ""groupdro_gamma"": 0.9, ""groupdro_update_mode"": ""softmax"", ""groupdro_objective"": ""weighted"", ""groupdro_kl_lambda"": 0.0, ""groupdro_uniform_init"": true, ""log_interval"": 20, ""save_every"": 10, ""common_encoder"": true}","{""num_groups"": 4, ""num_classes"": 2, ""train_total"": 495, ""test_total"": 150, ""train_group_counts"": [242, 208, 20, 25], ""test_group_counts"": [61, 53, 10, 26], ""train_class_counts"": [266, 229], ""test_class_counts"": [73, 77], ""train_group_class_counts"": [[131, 111], [130, 78], [0, 20], [5, 20]], ""test_group_class_counts"": [[33, 28], [33, 20], [1, 9], [6, 20]], ""group_proportions"": [0.4888888888888889, 0.4202020202020202, 0.04040404040404041, 0.050505050505050504]}","{""num_groups"": 4, ""eta"": 2.0, ""update_mode"": ""softmax"", ""robust_objective"": ""weighted"", ""gamma"": 0.9, ""kl_lambda"": 0.0, ""initial_pi"": [0.4888888895511627, 0.42020201683044434, 0.04040404036641121, 0.05050504952669144]}",2026-09-07T00:57:13.787284,30,0.3642952374743121,0.8054298653322107,0.001,0.7066666666666667,0.7195549501534655,0.6538461538461539,0.8,"[0.6885245901639344, 0.7358490566037735, 0.8, 0.6538461538461539]","[0.659911184586951, 0.6075541657518666, 0.31932122968137266, 0.7352075238640492]","[0.684931506849315, 0.7272727272727273]","[[0.6666666666666666, 0.7142857142857143], [0.6666666666666666, 0.85], [1.0, 0.7777777777777778], [0.8333333333333334, 0.6]]","[61, 53, 10, 26]","[0.22689709067344666, 0.23489265143871307, 0.4041394591331482, 0.13407082855701447]","[0.4888888895511627, 0.42020201683044434, 0.04040404036641121, 0.05050504952669144]",0.0
"{""run_name"": ""fedheart_ablation_pergroup_noanchor"", ""seed"": 1337, ""run_dir"": ""runs/ablation_fedheart_fedheart/shared_gdro_anchor_s1337"", ""use_fedheart"": true, ""num_classes"": 2, ""stratified_batching"": true, ""train_frac"": 0.8, ""data_split_seed"": 43, ""group_max_train_samples"": [null, null, 20, 25], ""true_hetero_input_dim"": true, ""feature_mask"": [[0, 1, 2, 3, 5, 6, 7, 8, 9, 10], [0, 1, 2, 3, 5, 6, 11, 12], [0, 1, 2, 4, 5, 7, 11, 12], [0, 1, 2, 4, 5, 6, 8, 9, 10]], ""batch_size"": 64, ""num_workers"": 0, ""epochs"": 150, ""early_stopping_patience"": 40, ""lr"": 0.001, ""weight_decay"": 0.0001, ""optimizer"": ""adam"", ""grad_clip"": 1.0, ""lr_scheduler"": ""cosine"", ""lr_min"": 1e-05, ""latent_dim"": 64, ""head_hidden"": 32, ""groups"": [{""name"": ""cleveland"", ""encoder"": ""mlp_tabular_ln"", ""input_dim"": 13, ""hidden_dim"": 64, ""dropout"": 0.1}, {""name"": ""hungarian"", ""encoder"": ""mlp_tabular_ln"", ""input_dim"": 13, ""hidden_dim"": 64, ""dropout"": 0.1}, {""name"": ""switzerland"", ""encoder"": ""mlp_tabular_ln"", ""input_dim"": 13, ""hidden_dim"": 64, ""dropout"": 0.1}, {""name"": ""va_long_beach"", ""encoder"": ""mlp_tabular_ln"", ""input_dim"": 13, ""hidden_dim"": 64, ""dropout"": 0.1}], ""anchor_eps"": 0.0001, ""sep_samples_per_class"": 4, ""sep_method"": ""classifier"", ""sep_margin"": 1.0, ""lambda_fit"": 0.1, ""lambda_sep"": 0.1, ""groupdro_enabled"": true, ""groupdro_eta"": 2.0, ""groupdro_gamma"": 0.9, ""groupdro_update_mode"": ""softmax"", ""groupdro_objective"": ""weighted"", ""groupdro_kl_lambda"": 0.0, ""groupdro_uniform_init"": true, ""log_interval"": 20, ""save_every"": 10, ""common_encoder"": true}","{""num_groups"": 4, ""num_classes"": 2, ""train_total"": 495, ""test_total"": 150, ""train_group_counts"": [242, 208, 20, 25], ""test_group_counts"": [61, 53, 10, 26], ""train_class_counts"": [266, 229], ""test_class_counts"": [73, 77], ""train_group_class_counts"": [[131, 111], [130, 78], [0, 20], [5, 20]], ""test_group_class_counts"": [[33, 28], [33, 20], [1, 9], [6, 20]], ""group_proportions"": [0.4888888888888889, 0.4202020202020202, 0.04040404040404041, 0.050505050505050504]}","{""num_groups"": 4, ""eta"": 2.0, ""update_mode"": ""softmax"", ""robust_objective"": ""weighted"", ""gamma"": 0.9, ""kl_lambda"": 0.0, ""initial_pi"": [0.4888888895511627, 0.42020201683044434, 0.04040404036641121, 0.05050504952669144]}",2026-09-07T00:57:13.787284,31,0.4049040721012996,0.7850678770790273,0.001,0.6933333333333334,0.7107396083656523,0.6538461538461539,0.8,"[0.6721311475409836, 0.7169811320754716, 0.8, 0.6538461538461539]","[0.6688150154029737, 0.6022791235514406, 0.2994372811168432, 0.7487495345278428]","[0.6712328767123288, 0.7142857142857143]","[[0.6363636363636364, 0.7142857142857143], [0.6666666666666666, 0.8], [1.0, 0.7777777777777778], [0.8333333333333334, 0.6]]","[61, 53, 10, 26]","[0.330503910779953, 0.2988792657852173, 0.22425775229930878, 0.14635901153087616]","[0.4888888895511627, 0.42020201683044434, 0.04040404036641121, 0.05050504952669144]",0.0
"{""run_name"": ""fedheart_ablation_pergroup_noanchor"", ""seed"": 1337, ""run_dir"": ""runs/ablation_fedheart_fedheart/shared_gdro_anchor_s1337"", ""use_fedheart"": true, ""num_classes"": 2, ""stratified_batching"": true, ""train_frac"": 0.8, ""data_split_seed"": 43, ""group_max_train_samples"": [null, null, 20, 25], ""true_hetero_input_dim"": true, ""feature_mask"": [[0, 1, 2, 3, 5, 6, 7, 8, 9, 10], [0, 1, 2, 3, 5, 6, 11, 12], [0, 1, 2, 4, 5, 7, 11, 12], [0, 1, 2, 4, 5, 6, 8, 9, 10]], ""batch_size"": 64, ""num_workers"": 0, ""epochs"": 150, ""early_stopping_patience"": 40, ""lr"": 0.001, ""weight_decay"": 0.0001, ""optimizer"": ""adam"", ""grad_clip"": 1.0, ""lr_scheduler"": ""cosine"", ""lr_min"": 1e-05, ""latent_dim"": 64, ""head_hidden"": 32, ""groups"": [{""name"": ""cleveland"", ""encoder"": ""mlp_tabular_ln"", ""input_dim"": 13, ""hidden_dim"": 64, ""dropout"": 0.1}, {""name"": ""hungarian"", ""encoder"": ""mlp_tabular_ln"", ""input_dim"": 13, ""hidden_dim"": 64, ""dropout"": 0.1}, {""name"": ""switzerland"", ""encoder"": ""mlp_tabular_ln"", ""input_dim"": 13, ""hidden_dim"": 64, ""dropout"": 0.1}, {""name"": ""va_long_beach"", ""encoder"": ""mlp_tabular_ln"", ""input_dim"": 13, ""hidden_dim"": 64, ""dropout"": 0.1}], ""anchor_eps"": 0.0001, ""sep_samples_per_class"": 4, ""sep_method"": ""classifier"", ""sep_margin"": 1.0, ""lambda_fit"": 0.1, ""lambda_sep"": 0.1, ""groupdro_enabled"": true, ""groupdro_eta"": 2.0, ""groupdro_gamma"": 0.9, ""groupdro_update_mode"": ""softmax"", ""groupdro_objective"": ""weighted"", ""groupdro_kl_lambda"": 0.0, ""groupdro_uniform_init"": true, ""log_interval"": 20, ""save_every"": 10, ""common_encoder"": true}","{""num_groups"": 4, ""num_classes"": 2, ""train_total"": 495, ""test_total"": 150, ""train_group_counts"": [242, 208, 20, 25], ""test_group_counts"": [61, 53, 10, 26], ""train_class_counts"": [266, 229], ""test_class_counts"": [73, 77], ""train_group_class_counts"": [[131, 111], [130, 78], [0, 20], [5, 20]], ""test_group_class_counts"": [[33, 28], [33, 20], [1, 9], [6, 20]], ""group_proportions"": [0.4888888888888889, 0.4202020202020202, 0.04040404040404041, 0.050505050505050504]}","{""num_groups"": 4, ""eta"": 2.0, ""update_mode"": ""softmax"", ""robust_objective"": ""weighted"", ""gamma"": 0.9, ""kl_lambda"": 0.0, ""initial_pi"": [0.4888888895511627, 0.42020201683044434, 0.04040404036641121, 0.05050504952669144]}",2026-09-07T00:57:13.787284,32,0.3453818299381981,0.828054301609281,0.001,0.7,0.7142193485450522,0.6538461538461539,0.8,"[0.7049180327868853, 0.6981132075471698, 0.8, 0.6538461538461539]","[0.6576944824124946, 0.5679344553148972, 0.37521496750414374, 0.8142691420821043]","[0.7397260273972602, 0.6623376623376623]","[[0.7575757575757576, 0.6428571428571429], [0.696969696969697, 0.7], [1.0, 0.7777777777777778], [0.8333333333333334, 0.6]]","[61, 53, 10, 26]","[0.27229854464530945, 0.2458057403564453, 0.18765297532081604, 0.2942427098751068]","[0.4888888895511627, 0.42020201683044434, 0.04040404036641121, 0.05050504952669144]",0.0
"{""run_name"": ""fedheart_ablation_pergroup_noanchor"", ""seed"": 1337, ""run_dir"": ""runs/ablation_fedheart_fedheart/shared_gdro_anchor_s1337"", ""use_fedheart"": true, ""num_classes"": 2, ""stratified_batching"": true, ""train_frac"": 0.8, ""data_split_seed"": 43, ""group_max_train_samples"": [null, null, 20, 25], ""true_hetero_input_dim"": true, ""feature_mask"": [[0, 1, 2, 3, 5, 6, 7, 8, 9, 10], [0, 1, 2, 3, 5, 6, 11, 12], [0, 1, 2, 4, 5, 7, 11, 12], [0, 1, 2, 4, 5, 6, 8, 9, 10]], ""batch_size"": 64, ""num_workers"": 0, ""epochs"": 150, ""early_stopping_patience"": 40, ""lr"": 0.001, ""weight_decay"": 0.0001, ""optimizer"": ""adam"", ""grad_clip"": 1.0, ""lr_scheduler"": ""cosine"", ""lr_min"": 1e-05, ""latent_dim"": 64, ""head_hidden"": 32, ""groups"": [{""name"": ""cleveland"", ""encoder"": ""mlp_tabular_ln"", ""input_dim"": 13, ""hidden_dim"": 64, ""dropout"": 0.1}, {""name"": ""hungarian"", ""encoder"": ""mlp_tabular_ln"", ""input_dim"": 13, ""hidden_dim"": 64, ""dropout"": 0.1}, {""name"": ""switzerland"", ""encoder"": ""mlp_tabular_ln"", ""input_dim"": 13, ""hidden_dim"": 64, ""dropout"": 0.1}, {""name"": ""va_long_beach"", ""encoder"": ""mlp_tabular_ln"", ""input_dim"": 13, ""hidden_dim"": 64, ""dropout"": 0.1}], ""anchor_eps"": 0.0001, ""sep_samples_per_class"": 4, ""sep_method"": ""classifier"", ""sep_margin"": 1.0, ""lambda_fit"": 0.1, ""lambda_sep"": 0.1, ""groupdro_enabled"": true, ""groupdro_eta"": 2.0, ""groupdro_gamma"": 0.9, ""groupdro_update_mode"": ""softmax"", ""groupdro_objective"": ""weighted"", ""groupdro_kl_lambda"": 0.0, ""groupdro_uniform_init"": true, ""log_interval"": 20, ""save_every"": 10, ""common_encoder"": true}","{""num_groups"": 4, ""num_classes"": 2, ""train_total"": 495, ""test_total"": 150, ""train_group_counts"": [242, 208, 20, 25], ""test_group_counts"": [61, 53, 10, 26], ""train_class_counts"": [266, 229], ""test_class_counts"": [73, 77], ""train_group_class_counts"": [[131, 111], [130, 78], [0, 20], [5, 20]], ""test_group_class_counts"": [[33, 28], [33, 20], [1, 9], [6, 20]], ""group_proportions"": [0.4888888888888889, 0.4202020202020202, 0.04040404040404041, 0.050505050505050504]}","{""num_groups"": 4, ""eta"": 2.0, ""update_mode"": ""softmax"", ""robust_objective"": ""weighted"", ""gamma"": 0.9, ""kl_lambda"": 0.0, ""initial_pi"": [0.4888888895511627, 0.42020201683044434, 0.04040404036641121, 0.05050504952669144]}",2026-09-07T00:57:13.787284,33,0.37236490940076733,0.8235294152708614,0.001,0.6866666666666666,0.7072598681862523,0.639344262295082,0.8,"[0.639344262295082, 0.7358490566037735, 0.8, 0.6538461538461539]","[0.6885861721134088, 0.6204963715852432, 0.27040432915091517, 0.7171865197328421]","[0.6438356164383562, 0.7272727272727273]","[[0.5757575757575758, 0.7142857142857143], [0.6666666666666666, 0.85], [1.0, 0.7777777777777778], [0.8333333333333334, 0.6]]","[61, 53, 10, 26]","[0.3319551944732666, 0.15429826080799103, 0.12298733741044998, 0.3907592296600342]","[0.4888888895511627, 0.42020201683044434, 0.04040404036641121, 0.05050504952669144]",0.0
"{""run_name"": ""fedheart_ablation_pergroup_noanchor"", ""seed"": 1337, ""run_dir"": ""runs/ablation_fedheart_fedheart/shared_gdro_anchor_s1337"", ""use_fedheart"": true, ""num_classes"": 2, ""stratified_batching"": true, ""train_frac"": 0.8, ""data_split_seed"": 43, ""group_max_train_samples"": [null, null, 20, 25], ""true_hetero_input_dim"": true, ""feature_mask"": [[0, 1, 2, 3, 5, 6, 7, 8, 9, 10], [0, 1, 2, 3, 5, 6, 11, 12], [0, 1, 2, 4, 5, 7, 11, 12], [0, 1, 2, 4, 5, 6, 8, 9, 10]], ""batch_size"": 64, ""num_workers"": 0, ""epochs"": 150, ""early_stopping_patience"": 40, ""lr"": 0.001, ""weight_decay"": 0.0001, ""optimizer"": ""adam"", ""grad_clip"": 1.0, ""lr_scheduler"": ""cosine"", ""lr_min"": 1e-05, ""latent_dim"": 64, ""head_hidden"": 32, ""groups"": [{""name"": ""cleveland"", ""encoder"": ""mlp_tabular_ln"", ""input_dim"": 13, ""hidden_dim"": 64, ""dropout"": 0.1}, {""name"": ""hungarian"", ""encoder"": ""mlp_tabular_ln"", ""input_dim"": 13, ""hidden_dim"": 64, ""dropout"": 0.1}, {""name"": ""switzerland"", ""encoder"": ""mlp_tabular_ln"", ""input_dim"": 13, ""hidden_dim"": 64, ""dropout"": 0.1}, {""name"": ""va_long_beach"", ""encoder"": ""mlp_tabular_ln"", ""input_dim"": 13, ""hidden_dim"": 64, ""dropout"": 0.1}], ""anchor_eps"": 0.0001, ""sep_samples_per_class"": 4, ""sep_method"": ""classifier"", ""sep_margin"": 1.0, ""lambda_fit"": 0.1, ""lambda_sep"": 0.1, ""groupdro_enabled"": true, ""groupdro_eta"": 2.0, ""groupdro_gamma"": 0.9, ""groupdro_update_mode"": ""softmax"", ""groupdro_objective"": ""weighted"", ""groupdro_kl_lambda"": 0.0, ""groupdro_uniform_init"": true, ""log_interval"": 20, ""save_every"": 10, ""common_encoder"": true}","{""num_groups"": 4, ""num_classes"": 2, ""train_total"": 495, ""test_total"": 150, ""train_group_counts"": [242, 208, 20, 25], ""test_group_counts"": [61, 53, 10, 26], ""train_class_counts"": [266, 229], ""test_class_counts"": [73, 77], ""train_group_class_counts"": [[131, 111], [130, 78], [0, 20], [5, 20]], ""test_group_class_counts"": [[33, 28], [33, 20], [1, 9], [6, 20]], ""group_proportions"": [0.4888888888888889, 0.4202020202020202, 0.04040404040404041, 0.050505050505050504]}","{""num_groups"": 4, ""eta"": 2.0, ""update_mode"": ""softmax"", ""robust_objective"": ""weighted"", ""gamma"": 0.9, ""kl_lambda"": 0.0, ""initial_pi"": [0.4888888895511627, 0.42020201683044434, 0.04040404036641121, 0.05050504952669144]}",2026-09-07T00:57:13.787284,34,0.3283878436725064,0.8099547522100388,0.001,0.6866666666666666,0.7066412477099145,0.6538461538461539,0.8,"[0.6557377049180327, 0.7169811320754716, 0.8, 0.6538461538461539]","[0.6960751604227746, 0.5490068999944993, 0.4248616941273212, 0.8632241064825883]","[0.7534246575342466, 0.6233766233766234]","[[0.7575757575757576, 0.5357142857142857], [0.7272727272727273, 0.7], [1.0, 0.7777777777777778], [0.8333333333333334, 0.6]]","[61, 53, 10, 26]","[0.21574535965919495, 0.37975215911865234, 0.22334055602550507, 0.18116192519664764]","[0.4888888895511627, 0.42020201683044434, 0.04040404036641121, 0.05050504952669144]",0.0
"{""run_name"": ""fedheart_ablation_pergroup_noanchor"", ""seed"": 1337, ""run_dir"": ""runs/ablation_fedheart_fedheart/shared_gdro_anchor_s1337"", ""use_fedheart"": true, ""num_classes"": 2, ""stratified_batching"": true, ""train_frac"": 0.8, ""data_split_seed"": 43, ""group_max_train_samples"": [null, null, 20, 25], ""true_hetero_input_dim"": true, ""feature_mask"": [[0, 1, 2, 3, 5, 6, 7, 8, 9, 10], [0, 1, 2, 3, 5, 6, 11, 12], [0, 1, 2, 4, 5, 7, 11, 12], [0, 1, 2, 4, 5, 6, 8, 9, 10]], ""batch_size"": 64, ""num_workers"": 0, ""epochs"": 150, ""early_stopping_patience"": 40, ""lr"": 0.001, ""weight_decay"": 0.0001, ""optimizer"": ""adam"", ""grad_clip"": 1.0, ""lr_scheduler"": ""cosine"", ""lr_min"": 1e-05, ""latent_dim"": 64, ""head_hidden"": 32, ""groups"": [{""name"": ""cleveland"", ""encoder"": ""mlp_tabular_ln"", ""input_dim"": 13, ""hidden_dim"": 64, ""dropout"": 0.1}, {""name"": ""hungarian"", ""encoder"": ""mlp_tabular_ln"", ""input_dim"": 13, ""hidden_dim"": 64, ""dropout"": 0.1}, {""name"": ""switzerland"", ""encoder"": ""mlp_tabular_ln"", ""input_dim"": 13, ""hidden_dim"": 64, ""dropout"": 0.1}, {""name"": ""va_long_beach"", ""encoder"": ""mlp_tabular_ln"", ""input_dim"": 13, ""hidden_dim"": 64, ""dropout"": 0.1}], ""anchor_eps"": 0.0001, ""sep_samples_per_class"": 4, ""sep_method"": ""classifier"", ""sep_margin"": 1.0, ""lambda_fit"": 0.1, ""lambda_sep"": 0.1, ""groupdro_enabled"": true, ""groupdro_eta"": 2.0, ""groupdro_gamma"": 0.9, ""groupdro_update_mode"": ""softmax"", ""groupdro_objective"": ""weighted"", ""groupdro_kl_lambda"": 0.0, ""groupdro_uniform_init"": true, ""log_interval"": 20, ""save_every"": 10, ""common_encoder"": true}","{""num_groups"": 4, ""num_classes"": 2, ""train_total"": 495, ""test_total"": 150, ""train_group_counts"": [242, 208, 20, 25], ""test_group_counts"": [61, 53, 10, 26], ""train_class_counts"": [266, 229], ""test_class_counts"": [73, 77], ""train_group_class_counts"": [[131, 111], [130, 78], [0, 20], [5, 20]], ""test_group_class_counts"": [[33, 28], [33, 20], [1, 9], [6, 20]], ""group_proportions"": [0.4888888888888889, 0.4202020202020202, 0.04040404040404041, 0.050505050505050504]}","{""num_groups"": 4, ""eta"": 2.0, ""update_mode"": ""softmax"", ""robust_objective"": ""weighted"", ""gamma"": 0.9, ""kl_lambda"": 0.0, ""initial_pi"": [0.4888888895511627, 0.42020201683044434, 0.04040404036641121, 0.05050504952669144]}",2026-09-07T00:57:13.787284,35,0.3752900375499984,0.8325791841718406,0.001,0.7066666666666667,0.7195549501534655,0.6538461538461539,0.8,"[0.6885245901639344, 0.7358490566037735, 0.8, 0.6538461538461539]","[0.7050004086961024, 0.5900040725773236, 0.3259545980021358, 0.782617449760437]","[0.6986301369863014, 0.7142857142857143]","[[0.696969696969697, 0.6785714285714286], [0.6666666666666666, 0.85], [1.0, 0.7777777777777778], [0.8333333333333334, 0.6]]","[61, 53, 10, 26]","[0.35201820731163025, 0.25893744826316833, 0.2420269101858139, 0.1470174342393875]","[0.4888888895511627, 0.42020201683044434, 0.04040404036641121, 0.05050504952669144]",0.0
"{""run_name"": ""fedheart_ablation_pergroup_noanchor"", ""seed"": 1337, ""run_dir"": ""runs/ablation_fedheart_fedheart/shared_gdro_anchor_s1337"", ""use_fedheart"": true, ""num_classes"": 2, ""stratified_batching"": true, ""train_frac"": 0.8, ""data_split_seed"": 43, ""group_max_train_samples"": [null, null, 20, 25], ""true_hetero_input_dim"": true, ""feature_mask"": [[0, 1, 2, 3, 5, 6, 7, 8, 9, 10], [0, 1, 2, 3, 5, 6, 11, 12], [0, 1, 2, 4, 5, 7, 11, 12], [0, 1, 2, 4, 5, 6, 8, 9, 10]], ""batch_size"": 64, ""num_workers"": 0, ""epochs"": 150, ""early_stopping_patience"": 40, ""lr"": 0.001, ""weight_decay"": 0.0001, ""optimizer"": ""adam"", ""grad_clip"": 1.0, ""lr_scheduler"": ""cosine"", ""lr_min"": 1e-05, ""latent_dim"": 64, ""head_hidden"": 32, ""groups"": [{""name"": ""cleveland"", ""encoder"": ""mlp_tabular_ln"", ""input_dim"": 13, ""hidden_dim"": 64, ""dropout"": 0.1}, {""name"": ""hungarian"", ""encoder"": ""mlp_tabular_ln"", ""input_dim"": 13, ""hidden_dim"": 64, ""dropout"": 0.1}, {""name"": ""switzerland"", ""encoder"": ""mlp_tabular_ln"", ""input_dim"": 13, ""hidden_dim"": 64, ""dropout"": 0.1}, {""name"": ""va_long_beach"", ""encoder"": ""mlp_tabular_ln"", ""input_dim"": 13, ""hidden_dim"": 64, ""dropout"": 0.1}], ""anchor_eps"": 0.0001, ""sep_samples_per_class"": 4, ""sep_method"": ""classifier"", ""sep_margin"": 1.0, ""lambda_fit"": 0.1, ""lambda_sep"": 0.1, ""groupdro_enabled"": true, ""groupdro_eta"": 2.0, ""groupdro_gamma"": 0.9, ""groupdro_update_mode"": ""softmax"", ""groupdro_objective"": ""weighted"", ""groupdro_kl_lambda"": 0.0, ""groupdro_uniform_init"": true, ""log_interval"": 20, ""save_every"": 10, ""common_encoder"": true}","{""num_groups"": 4, ""num_classes"": 2, ""train_total"": 495, ""test_total"": 150, ""train_group_counts"": [242, 208, 20, 25], ""test_group_counts"": [61, 53, 10, 26], ""train_class_counts"": [266, 229], ""test_class_counts"": [73, 77], ""train_group_class_counts"": [[131, 111], [130, 78], [0, 20], [5, 20]], ""test_group_class_counts"": [[33, 28], [33, 20], [1, 9], [6, 20]], ""group_proportions"": [0.4888888888888889, 0.4202020202020202, 0.04040404040404041, 0.050505050505050504]}","{""num_groups"": 4, ""eta"": 2.0, ""update_mode"": ""softmax"", ""robust_objective"": ""weighted"", ""gamma"": 0.9, ""kl_lambda"": 0.0, ""initial_pi"": [0.4888888895511627, 0.42020201683044434, 0.04040404036641121, 0.05050504952669144]}",2026-09-07T00:57:13.787284,36,0.346091016115646,0.7986425374428071,0.001,0.7,0.71483796902139,0.6538461538461539,0.8,"[0.6885245901639344, 0.7169811320754716, 0.8, 0.6538461538461539]","[0.7420715421560358, 0.6673726626443413, 0.23355564679950475, 0.704276064482446]","[0.6438356164383562, 0.7532467532467533]","[[0.6060606060606061, 0.7857142857142857], [0.6363636363636364, 0.85], [1.0, 0.7777777777777778], [0.8333333333333334, 0.6]]","[61, 53, 10, 26]","[0.32149651646614075, 0.31894826889038086, 0.14068254828453064, 0.21887260675430298]","[0.4888888895511627, 0.42020201683044434, 0.04040404036641121, 0.05050504952669144]",0.0
"{""run_name"": ""fedheart_ablation_pergroup_noanchor"", ""seed"": 1337, ""run_dir"": ""runs/ablation_fedheart_fedheart/shared_gdro_anchor_s1337"", ""use_fedheart"": true, ""num_classes"": 2, ""stratified_batching"": true, ""train_frac"": 0.8, ""data_split_seed"": 43, ""group_max_train_samples"": [null, null, 20, 25], ""true_hetero_input_dim"": true, ""feature_mask"": [[0, 1, 2, 3, 5, 6, 7, 8, 9, 10], [0, 1, 2, 3, 5, 6, 11, 12], [0, 1, 2, 4, 5, 7, 11, 12], [0, 1, 2, 4, 5, 6, 8, 9, 10]], ""batch_size"": 64, ""num_workers"": 0, ""epochs"": 150, ""early_stopping_patience"": 40, ""lr"": 0.001, ""weight_decay"": 0.0001, ""optimizer"": ""adam"", ""grad_clip"": 1.0, ""lr_scheduler"": ""cosine"", ""lr_min"": 1e-05, ""latent_dim"": 64, ""head_hidden"": 32, ""groups"": [{""name"": ""cleveland"", ""encoder"": ""mlp_tabular_ln"", ""input_dim"": 13, ""hidden_dim"": 64, ""dropout"": 0.1}, {""name"": ""hungarian"", ""encoder"": ""mlp_tabular_ln"", ""input_dim"": 13, ""hidden_dim"": 64, ""dropout"": 0.1}, {""name"": ""switzerland"", ""encoder"": ""mlp_tabular_ln"", ""input_dim"": 13, ""hidden_dim"": 64, ""dropout"": 0.1}, {""name"": ""va_long_beach"", ""encoder"": ""mlp_tabular_ln"", ""input_dim"": 13, ""hidden_dim"": 64, ""dropout"": 0.1}], ""anchor_eps"": 0.0001, ""sep_samples_per_class"": 4, ""sep_method"": ""classifier"", ""sep_margin"": 1.0, ""lambda_fit"": 0.1, ""lambda_sep"": 0.1, ""groupdro_enabled"": true, ""groupdro_eta"": 2.0, ""groupdro_gamma"": 0.9, ""groupdro_update_mode"": ""softmax"", ""groupdro_objective"": ""weighted"", ""groupdro_kl_lambda"": 0.0, ""groupdro_uniform_init"": true, ""log_interval"": 20, ""save_every"": 10, ""common_encoder"": true}","{""num_groups"": 4, ""num_classes"": 2, ""train_total"": 495, ""test_total"": 150, ""train_group_counts"": [242, 208, 20, 25], ""test_group_counts"": [61, 53, 10, 26], ""train_class_counts"": [266, 229], ""test_class_counts"": [73, 77], ""train_group_class_counts"": [[131, 111], [130, 78], [0, 20], [5, 20]], ""test_group_class_counts"": [[33, 28], [33, 20], [1, 9], [6, 20]], ""group_proportions"": [0.4888888888888889, 0.4202020202020202, 0.04040404040404041, 0.050505050505050504]}","{""num_groups"": 4, ""eta"": 2.0, ""update_mode"": ""softmax"", ""robust_objective"": ""weighted"", ""gamma"": 0.9, ""kl_lambda"": 0.0, ""initial_pi"": [0.4888888895511627, 0.42020201683044434, 0.04040404036641121, 0.05050504952669144]}",2026-09-07T00:57:13.787284,37,0.33128084606444674,0.8257918557430285,0.001,0.7,0.71483796902139,0.6538461538461539,0.8,"[0.6885245901639344, 0.7169811320754716, 0.8, 0.6538461538461539]","[0.7320807753130794, 0.6110025955680406, 0.3514354734681547, 0.8141507011336776]","[0.7123287671232876, 0.6883116883116883]","[[0.696969696969697, 0.6785714285714286], [0.696969696969697, 0.75], [1.0, 0.7777777777777778], [0.8333333333333334, 0.6]]","[61, 53, 10, 26]","[0.2723209261894226, 0.3341122269630432, 0.201169952750206, 0.1923968493938446]","[0.4888888895511627, 0.42020201683044434, 0.04040404036641121, 0.05050504952669144]",0.0
"{""run_name"": ""fedheart_ablation_pergroup_noanchor"", ""seed"": 1337, ""run_dir"": ""runs/ablation_fedheart_fedheart/shared_gdro_anchor_s1337"", ""use_fedheart"": true, ""num_classes"": 2, ""stratified_batching"": true, ""train_frac"": 0.8, ""data_split_seed"": 43, ""group_max_train_samples"": [null, null, 20, 25], ""true_hetero_input_dim"": true, ""feature_mask"": [[0, 1, 2, 3, 5, 6, 7, 8, 9, 10], [0, 1, 2, 3, 5, 6, 11, 12], [0, 1, 2, 4, 5, 7, 11, 12], [0, 1, 2, 4, 5, 6, 8, 9, 10]], ""batch_size"": 64, ""num_workers"": 0, ""epochs"": 150, ""early_stopping_patience"": 40, ""lr"": 0.001, ""weight_decay"": 0.0001, ""optimizer"": ""adam"", ""grad_clip"": 1.0, ""lr_scheduler"": ""cosine"", ""lr_min"": 1e-05, ""latent_dim"": 64, ""head_hidden"": 32, ""groups"": [{""name"": ""cleveland"", ""encoder"": ""mlp_tabular_ln"", ""input_dim"": 13, ""hidden_dim"": 64, ""dropout"": 0.1}, {""name"": ""hungarian"", ""encoder"": ""mlp_tabular_ln"", ""input_dim"": 13, ""hidden_dim"": 64, ""dropout"": 0.1}, {""name"": ""switzerland"", ""encoder"": ""mlp_tabular_ln"", ""input_dim"": 13, ""hidden_dim"": 64, ""dropout"": 0.1}, {""name"": ""va_long_beach"", ""encoder"": ""mlp_tabular_ln"", ""input_dim"": 13, ""hidden_dim"": 64, ""dropout"": 0.1}], ""anchor_eps"": 0.0001, ""sep_samples_per_class"": 4, ""sep_method"": ""classifier"", ""sep_margin"": 1.0, ""lambda_fit"": 0.1, ""lambda_sep"": 0.1, ""groupdro_enabled"": true, ""groupdro_eta"": 2.0, ""groupdro_gamma"": 0.9, ""groupdro_update_mode"": ""softmax"", ""groupdro_objective"": ""weighted"", ""groupdro_kl_lambda"": 0.0, ""groupdro_uniform_init"": true, ""log_interval"": 20, ""save_every"": 10, ""common_encoder"": true}","{""num_groups"": 4, ""num_classes"": 2, ""train_total"": 495, ""test_total"": 150, ""train_group_counts"": [242, 208, 20, 25], ""test_group_counts"": [61, 53, 10, 26], ""train_class_counts"": [266, 229], ""test_class_counts"": [73, 77], ""train_group_class_counts"": [[131, 111], [130, 78], [0, 20], [5, 20]], ""test_group_class_counts"": [[33, 28], [33, 20], [1, 9], [6, 20]], ""group_proportions"": [0.4888888888888889, 0.4202020202020202, 0.04040404040404041, 0.050505050505050504]}","{""num_groups"": 4, ""eta"": 2.0, ""update_mode"": ""softmax"", ""robust_objective"": ""weighted"", ""gamma"": 0.9, ""kl_lambda"": 0.0, ""initial_pi"": [0.4888888895511627, 0.42020201683044434, 0.04040404036641121, 0.05050504952669144]}",2026-09-07T00:57:13.787284,38,0.37149938812892364,0.8348416327351359,0.001,0.6866666666666666,0.7066412477099145,0.6538461538461539,0.8,"[0.6557377049180327, 0.7169811320754716, 0.8, 0.6538461538461539]","[0.7478845358566671, 0.6083415249749174, 0.36291879462078214, 0.8019624503615957]","[0.684931506849315, 0.6883116883116883]","[[0.6363636363636364, 0.6785714285714286], [0.696969696969697, 0.75], [1.0, 0.7777777777777778], [0.8333333333333334, 0.6]]","[61, 53, 10, 26]","[0.6095322370529175, 0.39046773314476013, 0.0, 0.0]","[0.4888888895511627, 0.42020201683044434, 0.04040404036641121, 0.05050504952669144]",0.0
"{""run_name"": ""fedheart_ablation_pergroup_noanchor"", ""seed"": 1337, ""run_dir"": ""runs/ablation_fedheart_fedheart/shared_gdro_anchor_s1337"", ""use_fedheart"": true, ""num_classes"": 2, ""stratified_batching"": true, ""train_frac"": 0.8, ""data_split_seed"": 43, ""group_max_train_samples"": [null, null, 20, 25], ""true_hetero_input_dim"": true, ""feature_mask"": [[0, 1, 2, 3, 5, 6, 7, 8, 9, 10], [0, 1, 2, 3, 5, 6, 11, 12], [0, 1, 2, 4, 5, 7, 11, 12], [0, 1, 2, 4, 5, 6, 8, 9, 10]], ""batch_size"": 64, ""num_workers"": 0, ""epochs"": 150, ""early_stopping_patience"": 40, ""lr"": 0.001, ""weight_decay"": 0.0001, ""optimizer"": ""adam"", ""grad_clip"": 1.0, ""lr_scheduler"": ""cosine"", ""lr_min"": 1e-05, ""latent_dim"": 64, ""head_hidden"": 32, ""groups"": [{""name"": ""cleveland"", ""encoder"": ""mlp_tabular_ln"", ""input_dim"": 13, ""hidden_dim"": 64, ""dropout"": 0.1}, {""name"": ""hungarian"", ""encoder"": ""mlp_tabular_ln"", ""input_dim"": 13, ""hidden_dim"": 64, ""dropout"": 0.1}, {""name"": ""switzerland"", ""encoder"": ""mlp_tabular_ln"", ""input_dim"": 13, ""hidden_dim"": 64, ""dropout"": 0.1}, {""name"": ""va_long_beach"", ""encoder"": ""mlp_tabular_ln"", ""input_dim"": 13, ""hidden_dim"": 64, ""dropout"": 0.1}], ""anchor_eps"": 0.0001, ""sep_samples_per_class"": 4, ""sep_method"": ""classifier"", ""sep_margin"": 1.0, ""lambda_fit"": 0.1, ""lambda_sep"": 0.1, ""groupdro_enabled"": true, ""groupdro_eta"": 2.0, ""groupdro_gamma"": 0.9, ""groupdro_update_mode"": ""softmax"", ""groupdro_objective"": ""weighted"", ""groupdro_kl_lambda"": 0.0, ""groupdro_uniform_init"": true, ""log_interval"": 20, ""save_every"": 10, ""common_encoder"": true}","{""num_groups"": 4, ""num_classes"": 2, ""train_total"": 495, ""test_total"": 150, ""train_group_counts"": [242, 208, 20, 25], ""test_group_counts"": [61, 53, 10, 26], ""train_class_counts"": [266, 229], ""test_class_counts"": [73, 77], ""train_group_class_counts"": [[131, 111], [130, 78], [0, 20], [5, 20]], ""test_group_class_counts"": [[33, 28], [33, 20], [1, 9], [6, 20]], ""group_proportions"": [0.4888888888888889, 0.4202020202020202, 0.04040404040404041, 0.050505050505050504]}","{""num_groups"": 4, ""eta"": 2.0, ""update_mode"": ""softmax"", ""robust_objective"": ""weighted"", ""gamma"": 0.9, ""kl_lambda"": 0.0, ""initial_pi"": [0.4888888895511627, 0.42020201683044434, 0.04040404036641121, 0.05050504952669144]}",2026-09-07T00:57:13.787284,39,0.3363744505929731,0.8099547497827003,0.001,0.68,0.7025428870541769,0.639344262295082,0.8,"[0.639344262295082, 0.7169811320754716, 0.8, 0.6538461538461539]","[0.757555996357906, 0.6246869596389105, 0.3226291763596237, 0.7080420891109568]","[0.6575342465753424, 0.7012987012987013]","[[0.6060606060606061, 0.6785714285714286], [0.6666666666666666, 0.8], [1.0, 0.7777777777777778], [0.8333333333333334, 0.6]]","[61, 53, 10, 26]","[0.3103116750717163, 0.25718775391578674, 0.1364116370677948, 0.29608893394470215]","[0.4888888895511627, 0.42020201683044434, 0.04040404036641121, 0.05050504952669144]",0.0
"{""run_name"": ""fedheart_ablation_pergroup_noanchor"", ""seed"": 1337, ""run_dir"": ""runs/ablation_fedheart_fedheart/shared_gdro_anchor_s1337"", ""use_fedheart"": true, ""num_classes"": 2, ""stratified_batching"": true, ""train_frac"": 0.8, ""data_split_seed"": 43, ""group_max_train_samples"": [null, null, 20, 25], ""true_hetero_input_dim"": true, ""feature_mask"": [[0, 1, 2, 3, 5, 6, 7, 8, 9, 10], [0, 1, 2, 3, 5, 6, 11, 12], [0, 1, 2, 4, 5, 7, 11, 12], [0, 1, 2, 4, 5, 6, 8, 9, 10]], ""batch_size"": 64, ""num_workers"": 0, ""epochs"": 150, ""early_stopping_patience"": 40, ""lr"": 0.001, ""weight_decay"": 0.0001, ""optimizer"": ""adam"", ""grad_clip"": 1.0, ""lr_scheduler"": ""cosine"", ""lr_min"": 1e-05, ""latent_dim"": 64, ""head_hidden"": 32, ""groups"": [{""name"": ""cleveland"", ""encoder"": ""mlp_tabular_ln"", ""input_dim"": 13, ""hidden_dim"": 64, ""dropout"": 0.1}, {""name"": ""hungarian"", ""encoder"": ""mlp_tabular_ln"", ""input_dim"": 13, ""hidden_dim"": 64, ""dropout"": 0.1}, {""name"": ""switzerland"", ""encoder"": ""mlp_tabular_ln"", ""input_dim"": 13, ""hidden_dim"": 64, ""dropout"": 0.1}, {""name"": ""va_long_beach"", ""encoder"": ""mlp_tabular_ln"", ""input_dim"": 13, ""hidden_dim"": 64, ""dropout"": 0.1}], ""anchor_eps"": 0.0001, ""sep_samples_per_class"": 4, ""sep_method"": ""classifier"", ""sep_margin"": 1.0, ""lambda_fit"": 0.1, ""lambda_sep"": 0.1, ""groupdro_enabled"": true, ""groupdro_eta"": 2.0, ""groupdro_gamma"": 0.9, ""groupdro_update_mode"": ""softmax"", ""groupdro_objective"": ""weighted"", ""groupdro_kl_lambda"": 0.0, ""groupdro_uniform_init"": true, ""log_interval"": 20, ""save_every"": 10, ""common_encoder"": true}","{""num_groups"": 4, ""num_classes"": 2, ""train_total"": 495, ""test_total"": 150, ""train_group_counts"": [242, 208, 20, 25], ""test_group_counts"": [61, 53, 10, 26], ""train_class_counts"": [266, 229], ""test_class_counts"": [73, 77], ""train_group_class_counts"": [[131, 111], [130, 78], [0, 20], [5, 20]], ""test_group_class_counts"": [[33, 28], [33, 20], [1, 9], [6, 20]], ""group_proportions"": [0.4888888888888889, 0.4202020202020202, 0.04040404040404041, 0.050505050505050504]}","{""num_groups"": 4, ""eta"": 2.0, ""update_mode"": ""softmax"", ""robust_objective"": ""weighted"", ""gamma"": 0.9, ""kl_lambda"": 0.0, ""initial_pi"": [0.4888888895511627, 0.42020201683044434, 0.04040404036641121, 0.05050504952669144]}",2026-09-07T00:57:13.787284,40,0.3455162742828352,0.8076923111984633,0.001,0.68,0.7031615075305147,0.6229508196721312,0.8,"[0.6229508196721312, 0.7358490566037735, 0.8, 0.6538461538461539]","[0.742271412927352, 0.6061953344505351, 0.35722406059503553, 0.7128912233389341]","[0.6438356164383562, 0.7142857142857143]","[[0.5757575757575758, 0.6785714285714286], [0.6666666666666666, 0.85], [1.0, 0.7777777777777778], [0.8333333333333334, 0.6]]","[61, 53, 10, 26]","[0.2589128911495209, 0.43098387122154236, 0.16382475197315216, 0.146278515458107]","[0.4888888895511627, 0.42020201683044434, 0.04040404036641121, 0.05050504952669144]",0.0
"{""run_name"": ""fedheart_ablation_pergroup_noanchor"", ""seed"": 1337, ""run_dir"": ""runs/ablation_fedheart_fedheart/shared_gdro_anchor_s1337"", ""use_fedheart"": true, ""num_classes"": 2, ""stratified_batching"": true, ""train_frac"": 0.8, ""data_split_seed"": 43, ""group_max_train_samples"": [null, null, 20, 25], ""true_hetero_input_dim"": true, ""feature_mask"": [[0, 1, 2, 3, 5, 6, 7, 8, 9, 10], [0, 1, 2, 3, 5, 6, 11, 12], [0, 1, 2, 4, 5, 7, 11, 12], [0, 1, 2, 4, 5, 6, 8, 9, 10]], ""batch_size"": 64, ""num_workers"": 0, ""epochs"": 150, ""early_stopping_patience"": 40, ""lr"": 0.001, ""weight_decay"": 0.0001, ""optimizer"": ""adam"", ""grad_clip"": 1.0, ""lr_scheduler"": ""cosine"", ""lr_min"": 1e-05, ""latent_dim"": 64, ""head_hidden"": 32, ""groups"": [{""name"": ""cleveland"", ""encoder"": ""mlp_tabular_ln"", ""input_dim"": 13, ""hidden_dim"": 64, ""dropout"": 0.1}, {""name"": ""hungarian"", ""encoder"": ""mlp_tabular_ln"", ""input_dim"": 13, ""hidden_dim"": 64, ""dropout"": 0.1}, {""name"": ""switzerland"", ""encoder"": ""mlp_tabular_ln"", ""input_dim"": 13, ""hidden_dim"": 64, ""dropout"": 0.1}, {""name"": ""va_long_beach"", ""encoder"": ""mlp_tabular_ln"", ""input_dim"": 13, ""hidden_dim"": 64, ""dropout"": 0.1}], ""anchor_eps"": 0.0001, ""sep_samples_per_class"": 4, ""sep_method"": ""classifier"", ""sep_margin"": 1.0, ""lambda_fit"": 0.1, ""lambda_sep"": 0.1, ""groupdro_enabled"": true, ""groupdro_eta"": 2.0, ""groupdro_gamma"": 0.9, ""groupdro_update_mode"": ""softmax"", ""groupdro_objective"": ""weighted"", ""groupdro_kl_lambda"": 0.0, ""groupdro_uniform_init"": true, ""log_interval"": 20, ""save_every"": 10, ""common_encoder"": true}","{""num_groups"": 4, ""num_classes"": 2, ""train_total"": 495, ""test_total"": 150, ""train_group_counts"": [242, 208, 20, 25], ""test_group_counts"": [61, 53, 10, 26], ""train_class_counts"": [266, 229], ""test_class_counts"": [73, 77], ""train_group_class_counts"": [[131, 111], [130, 78], [0, 20], [5, 20]], ""test_group_class_counts"": [[33, 28], [33, 20], [1, 9], [6, 20]], ""group_proportions"": [0.4888888888888889, 0.4202020202020202, 0.04040404040404041, 0.050505050505050504]}","{""num_groups"": 4, ""eta"": 2.0, ""update_mode"": ""softmax"", ""robust_objective"": ""weighted"", ""gamma"": 0.9, ""kl_lambda"": 0.0, ""initial_pi"": [0.4888888895511627, 0.42020201683044434, 0.04040404036641121, 0.05050504952669144]}",2026-09-07T00:57:13.787284,41,0.3095489710704234,0.8348416294986846,0.001,0.7,0.7160752099740655,0.6538461538461539,0.8,"[0.6557377049180327, 0.7547169811320755, 0.8, 0.6538461538461539]","[0.7268499917365977, 0.5904403700721714, 0.4157853670418262, 0.770301954390911]","[0.6986301369863014, 0.7012987012987013]","[[0.6363636363636364, 0.6785714285714286], [0.7272727272727273, 0.8], [1.0, 0.7777777777777778], [0.8333333333333334, 0.6]]","[61, 53, 10, 26]","[0.27461040019989014, 0.35359153151512146, 0.19101762771606445, 0.18078048527240753]","[0.4888888895511627, 0.42020201683044434, 0.04040404036641121, 0.05050504952669144]",0.0
"{""run_name"": ""fedheart_ablation_pergroup_noanchor"", ""seed"": 1337, ""run_dir"": ""runs/ablation_fedheart_fedheart/shared_gdro_anchor_s1337"", ""use_fedheart"": true, ""num_classes"": 2, ""stratified_batching"": true, ""train_frac"": 0.8, ""data_split_seed"": 43, ""group_max_train_samples"": [null, null, 20, 25], ""true_hetero_input_dim"": true, ""feature_mask"": [[0, 1, 2, 3, 5, 6, 7, 8, 9, 10], [0, 1, 2, 3, 5, 6, 11, 12], [0, 1, 2, 4, 5, 7, 11, 12], [0, 1, 2, 4, 5, 6, 8, 9, 10]], ""batch_size"": 64, ""num_workers"": 0, ""epochs"": 150, ""early_stopping_patience"": 40, ""lr"": 0.001, ""weight_decay"": 0.0001, ""optimizer"": ""adam"", ""grad_clip"": 1.0, ""lr_scheduler"": ""cosine"", ""lr_min"": 1e-05, ""latent_dim"": 64, ""head_hidden"": 32, ""groups"": [{""name"": ""cleveland"", ""encoder"": ""mlp_tabular_ln"", ""input_dim"": 13, ""hidden_dim"": 64, ""dropout"": 0.1}, {""name"": ""hungarian"", ""encoder"": ""mlp_tabular_ln"", ""input_dim"": 13, ""hidden_dim"": 64, ""dropout"": 0.1}, {""name"": ""switzerland"", ""encoder"": ""mlp_tabular_ln"", ""input_dim"": 13, ""hidden_dim"": 64, ""dropout"": 0.1}, {""name"": ""va_long_beach"", ""encoder"": ""mlp_tabular_ln"", ""input_dim"": 13, ""hidden_dim"": 64, ""dropout"": 0.1}], ""anchor_eps"": 0.0001, ""sep_samples_per_class"": 4, ""sep_method"": ""classifier"", ""sep_margin"": 1.0, ""lambda_fit"": 0.1, ""lambda_sep"": 0.1, ""groupdro_enabled"": true, ""groupdro_eta"": 2.0, ""groupdro_gamma"": 0.9, ""groupdro_update_mode"": ""softmax"", ""groupdro_objective"": ""weighted"", ""groupdro_kl_lambda"": 0.0, ""groupdro_uniform_init"": true, ""log_interval"": 20, ""save_every"": 10, ""common_encoder"": true}","{""num_groups"": 4, ""num_classes"": 2, ""train_total"": 495, ""test_total"": 150, ""train_group_counts"": [242, 208, 20, 25], ""test_group_counts"": [61, 53, 10, 26], ""train_class_counts"": [266, 229], ""test_class_counts"": [73, 77], ""train_group_class_counts"": [[131, 111], [130, 78], [0, 20], [5, 20]], ""test_group_class_counts"": [[33, 28], [33, 20], [1, 9], [6, 20]], ""group_proportions"": [0.4888888888888889, 0.4202020202020202, 0.04040404040404041, 0.050505050505050504]}","{""num_groups"": 4, ""eta"": 2.0, ""update_mode"": ""softmax"", ""robust_objective"": ""weighted"", ""gamma"": 0.9, ""kl_lambda"": 0.0, ""initial_pi"": [0.4888888895511627, 0.42020201683044434, 0.04040404036641121, 0.05050504952669144]}",2026-09-07T00:57:13.787284,42,0.30765118534208963,0.8303167401935181,0.001,0.6866666666666666,0.7066412477099145,0.6538461538461539,0.8,"[0.6557377049180327, 0.7169811320754716, 0.8, 0.6538461538461539]","[0.7249279741319965, 0.5937792967372345, 0.438599784579128, 0.8228525045829324]","[0.7123287671232876, 0.6623376623376623]","[[0.6666666666666666, 0.6428571428571429], [0.7272727272727273, 0.7], [1.0, 0.7777777777777778], [0.8333333333333334, 0.6]]","[61, 53, 10, 26]","[0.2525925636291504, 0.2785337567329407, 0.21412137150764465, 0.2547522783279419]","[0.4888888895511627, 0.42020201683044434, 0.04040404036641121, 0.05050504952669144]",0.0
"{""run_name"": ""fedheart_ablation_pergroup_noanchor"", ""seed"": 1337, ""run_dir"": ""runs/ablation_fedheart_fedheart/shared_gdro_anchor_s1337"", ""use_fedheart"": true, ""num_classes"": 2, ""stratified_batching"": true, ""train_frac"": 0.8, ""data_split_seed"": 43, ""group_max_train_samples"": [null, null, 20, 25], ""true_hetero_input_dim"": true, ""feature_mask"": [[0, 1, 2, 3, 5, 6, 7, 8, 9, 10], [0, 1, 2, 3, 5, 6, 11, 12], [0, 1, 2, 4, 5, 7, 11, 12], [0, 1, 2, 4, 5, 6, 8, 9, 10]], ""batch_size"": 64, ""num_workers"": 0, ""epochs"": 150, ""early_stopping_patience"": 40, ""lr"": 0.001, ""weight_decay"": 0.0001, ""optimizer"": ""adam"", ""grad_clip"": 1.0, ""lr_scheduler"": ""cosine"", ""lr_min"": 1e-05, ""latent_dim"": 64, ""head_hidden"": 32, ""groups"": [{""name"": ""cleveland"", ""encoder"": ""mlp_tabular_ln"", ""input_dim"": 13, ""hidden_dim"": 64, ""dropout"": 0.1}, {""name"": ""hungarian"", ""encoder"": ""mlp_tabular_ln"", ""input_dim"": 13, ""hidden_dim"": 64, ""dropout"": 0.1}, {""name"": ""switzerland"", ""encoder"": ""mlp_tabular_ln"", ""input_dim"": 13, ""hidden_dim"": 64, ""dropout"": 0.1}, {""name"": ""va_long_beach"", ""encoder"": ""mlp_tabular_ln"", ""input_dim"": 13, ""hidden_dim"": 64, ""dropout"": 0.1}], ""anchor_eps"": 0.0001, ""sep_samples_per_class"": 4, ""sep_method"": ""classifier"", ""sep_margin"": 1.0, ""lambda_fit"": 0.1, ""lambda_sep"": 0.1, ""groupdro_enabled"": true, ""groupdro_eta"": 2.0, ""groupdro_gamma"": 0.9, ""groupdro_update_mode"": ""softmax"", ""groupdro_objective"": ""weighted"", ""groupdro_kl_lambda"": 0.0, ""groupdro_uniform_init"": true, ""log_interval"": 20, ""save_every"": 10, ""common_encoder"": true}","{""num_groups"": 4, ""num_classes"": 2, ""train_total"": 495, ""test_total"": 150, ""train_group_counts"": [242, 208, 20, 25], ""test_group_counts"": [61, 53, 10, 26], ""train_class_counts"": [266, 229], ""test_class_counts"": [73, 77], ""train_group_class_counts"": [[131, 111], [130, 78], [0, 20], [5, 20]], ""test_group_class_counts"": [[33, 28], [33, 20], [1, 9], [6, 20]], ""group_proportions"": [0.4888888888888889, 0.4202020202020202, 0.04040404040404041, 0.050505050505050504]}","{""num_groups"": 4, ""eta"": 2.0, ""update_mode"": ""softmax"", ""robust_objective"": ""weighted"", ""gamma"": 0.9, ""kl_lambda"": 0.0, ""initial_pi"": [0.4888888895511627, 0.42020201683044434, 0.04040404036641121, 0.05050504952669144]}",2026-09-07T00:57:13.787284,43,0.3415397903228777,0.8122171953792485,0.001,0.6866666666666666,0.7072598681862523,0.639344262295082,0.8,"[0.639344262295082, 0.7358490566037735, 0.8, 0.6538461538461539]","[0.7641865169995876, 0.6504199079079729, 0.3304600543342531, 0.7354545579650081]","[0.6575342465753424, 0.7142857142857143]","[[0.6060606060606061, 0.6785714285714286], [0.6666666666666666, 0.85], [1.0, 0.7777777777777778], [0.8333333333333334, 0.6]]","[61, 53, 10, 26]","[0.2460472136735916, 0.36165687441825867, 0.25336945056915283, 0.13892650604248047]","[0.4888888895511627, 0.42020201683044434, 0.04040404036641121, 0.05050504952669144]",0.0
"{""run_name"": ""fedheart_ablation_pergroup_noanchor"", ""seed"": 1337, ""run_dir"": ""runs/ablation_fedheart_fedheart/shared_gdro_anchor_s1337"", ""use_fedheart"": true, ""num_classes"": 2, ""stratified_batching"": true, ""train_frac"": 0.8, ""data_split_seed"": 43, ""group_max_train_samples"": [null, null, 20, 25], ""true_hetero_input_dim"": true, ""feature_mask"": [[0, 1, 2, 3, 5, 6, 7, 8, 9, 10], [0, 1, 2, 3, 5, 6, 11, 12], [0, 1, 2, 4, 5, 7, 11, 12], [0, 1, 2, 4, 5, 6, 8, 9, 10]], ""batch_size"": 64, ""num_workers"": 0, ""epochs"": 150, ""early_stopping_patience"": 40, ""lr"": 0.001, ""weight_decay"": 0.0001, ""optimizer"": ""adam"", ""grad_clip"": 1.0, ""lr_scheduler"": ""cosine"", ""lr_min"": 1e-05, ""latent_dim"": 64, ""head_hidden"": 32, ""groups"": [{""name"": ""cleveland"", ""encoder"": ""mlp_tabular_ln"", ""input_dim"": 13, ""hidden_dim"": 64, ""dropout"": 0.1}, {""name"": ""hungarian"", ""encoder"": ""mlp_tabular_ln"", ""input_dim"": 13, ""hidden_dim"": 64, ""dropout"": 0.1}, {""name"": ""switzerland"", ""encoder"": ""mlp_tabular_ln"", ""input_dim"": 13, ""hidden_dim"": 64, ""dropout"": 0.1}, {""name"": ""va_long_beach"", ""encoder"": ""mlp_tabular_ln"", ""input_dim"": 13, ""hidden_dim"": 64, ""dropout"": 0.1}], ""anchor_eps"": 0.0001, ""sep_samples_per_class"": 4, ""sep_method"": ""classifier"", ""sep_margin"": 1.0, ""lambda_fit"": 0.1, ""lambda_sep"": 0.1, ""groupdro_enabled"": true, ""groupdro_eta"": 2.0, ""groupdro_gamma"": 0.9, ""groupdro_update_mode"": ""softmax"", ""groupdro_objective"": ""weighted"", ""groupdro_kl_lambda"": 0.0, ""groupdro_uniform_init"": true, ""log_interval"": 20, ""save_every"": 10, ""common_encoder"": true}","{""num_groups"": 4, ""num_classes"": 2, ""train_total"": 495, ""test_total"": 150, ""train_group_counts"": [242, 208, 20, 25], ""test_group_counts"": [61, 53, 10, 26], ""train_class_counts"": [266, 229], ""test_class_counts"": [73, 77], ""train_group_class_counts"": [[131, 111], [130, 78], [0, 20], [5, 20]], ""test_group_class_counts"": [[33, 28], [33, 20], [1, 9], [6, 20]], ""group_proportions"": [0.4888888888888889, 0.4202020202020202, 0.04040404040404041, 0.050505050505050504]}","{""num_groups"": 4, ""eta"": 2.0, ""update_mode"": ""softmax"", ""robust_objective"": ""weighted"", ""gamma"": 0.9, ""kl_lambda"": 0.0, ""initial_pi"": [0.4888888895511627, 0.42020201683044434, 0.04040404036641121, 0.05050504952669144]}",2026-09-07T00:57:13.787284,44,0.29497232385889977,0.8257918587097755,0.001,0.6933333333333334,0.7107396083656523,0.6538461538461539,0.8,"[0.6721311475409836, 0.7169811320754716, 0.8, 0.6538461538461539]","[0.7496658504070317, 0.6168452694590362, 0.38190575046464803, 0.795637720837616]","[0.684931506849315, 0.7012987012987013]","[[0.6666666666666666, 0.6785714285714286], [0.6666666666666666, 0.8], [1.0, 0.7777777777777778], [0.8333333333333334, 0.6]]","[61, 53, 10, 26]","[0.5027794241905212, 0.49722063541412354, 0.0, 0.0]","[0.4888888895511627, 0.42020201683044434, 0.04040404036641121, 0.05050504952669144]",0.0
"{""run_name"": ""fedheart_ablation_pergroup_noanchor"", ""seed"": 1337, ""run_dir"": ""runs/ablation_fedheart_fedheart/shared_gdro_anchor_s1337"", ""use_fedheart"": true, ""num_classes"": 2, ""stratified_batching"": true, ""train_frac"": 0.8, ""data_split_seed"": 43, ""group_max_train_samples"": [null, null, 20, 25], ""true_hetero_input_dim"": true, ""feature_mask"": [[0, 1, 2, 3, 5, 6, 7, 8, 9, 10], [0, 1, 2, 3, 5, 6, 11, 12], [0, 1, 2, 4, 5, 7, 11, 12], [0, 1, 2, 4, 5, 6, 8, 9, 10]], ""batch_size"": 64, ""num_workers"": 0, ""epochs"": 150, ""early_stopping_patience"": 40, ""lr"": 0.001, ""weight_decay"": 0.0001, ""optimizer"": ""adam"", ""grad_clip"": 1.0, ""lr_scheduler"": ""cosine"", ""lr_min"": 1e-05, ""latent_dim"": 64, ""head_hidden"": 32, ""groups"": [{""name"": ""cleveland"", ""encoder"": ""mlp_tabular_ln"", ""input_dim"": 13, ""hidden_dim"": 64, ""dropout"": 0.1}, {""name"": ""hungarian"", ""encoder"": ""mlp_tabular_ln"", ""input_dim"": 13, ""hidden_dim"": 64, ""dropout"": 0.1}, {""name"": ""switzerland"", ""encoder"": ""mlp_tabular_ln"", ""input_dim"": 13, ""hidden_dim"": 64, ""dropout"": 0.1}, {""name"": ""va_long_beach"", ""encoder"": ""mlp_tabular_ln"", ""input_dim"": 13, ""hidden_dim"": 64, ""dropout"": 0.1}], ""anchor_eps"": 0.0001, ""sep_samples_per_class"": 4, ""sep_method"": ""classifier"", ""sep_margin"": 1.0, ""lambda_fit"": 0.1, ""lambda_sep"": 0.1, ""groupdro_enabled"": true, ""groupdro_eta"": 2.0, ""groupdro_gamma"": 0.9, ""groupdro_update_mode"": ""softmax"", ""groupdro_objective"": ""weighted"", ""groupdro_kl_lambda"": 0.0, ""groupdro_uniform_init"": true, ""log_interval"": 20, ""save_every"": 10, ""common_encoder"": true}","{""num_groups"": 4, ""num_classes"": 2, ""train_total"": 495, ""test_total"": 150, ""train_group_counts"": [242, 208, 20, 25], ""test_group_counts"": [61, 53, 10, 26], ""train_class_counts"": [266, 229], ""test_class_counts"": [73, 77], ""train_group_class_counts"": [[131, 111], [130, 78], [0, 20], [5, 20]], ""test_group_class_counts"": [[33, 28], [33, 20], [1, 9], [6, 20]], ""group_proportions"": [0.4888888888888889, 0.4202020202020202, 0.04040404040404041, 0.050505050505050504]}","{""num_groups"": 4, ""eta"": 2.0, ""update_mode"": ""softmax"", ""robust_objective"": ""weighted"", ""gamma"": 0.9, ""kl_lambda"": 0.0, ""initial_pi"": [0.4888888895511627, 0.42020201683044434, 0.04040404036641121, 0.05050504952669144]}",2026-09-07T00:57:13.787284,45,0.31855951256342063,0.8416289598154266,0.001,0.7,0.7154565894977277,0.6538461538461539,0.8,"[0.6721311475409836, 0.7358490566037735, 0.8, 0.6538461538461539]","[0.7263664657280582, 0.5883891493222624, 0.4409184576943517, 0.8263943466142967]","[0.7123287671232876, 0.6883116883116883]","[[0.696969696969697, 0.6428571428571429], [0.696969696969697, 0.8], [1.0, 0.7777777777777778], [0.8333333333333334, 0.6]]","[61, 53, 10, 26]","[0.2781565487384796, 0.2978626787662506, 0.18230246007442474, 0.24167834222316742]","[0.4888888895511627, 0.42020201683044434, 0.04040404036641121, 0.05050504952669144]",0.0
"{""run_name"": ""fedheart_ablation_pergroup_noanchor"", ""seed"": 1337, ""run_dir"": ""runs/ablation_fedheart_fedheart/shared_gdro_anchor_s1337"", ""use_fedheart"": true, ""num_classes"": 2, ""stratified_batching"": true, ""train_frac"": 0.8, ""data_split_seed"": 43, ""group_max_train_samples"": [null, null, 20, 25], ""true_hetero_input_dim"": true, ""feature_mask"": [[0, 1, 2, 3, 5, 6, 7, 8, 9, 10], [0, 1, 2, 3, 5, 6, 11, 12], [0, 1, 2, 4, 5, 7, 11, 12], [0, 1, 2, 4, 5, 6, 8, 9, 10]], ""batch_size"": 64, ""num_workers"": 0, ""epochs"": 150, ""early_stopping_patience"": 40, ""lr"": 0.001, ""weight_decay"": 0.0001, ""optimizer"": ""adam"", ""grad_clip"": 1.0, ""lr_scheduler"": ""cosine"", ""lr_min"": 1e-05, ""latent_dim"": 64, ""head_hidden"": 32, ""groups"": [{""name"": ""cleveland"", ""encoder"": ""mlp_tabular_ln"", ""input_dim"": 13, ""hidden_dim"": 64, ""dropout"": 0.1}, {""name"": ""hungarian"", ""encoder"": ""mlp_tabular_ln"", ""input_dim"": 13, ""hidden_dim"": 64, ""dropout"": 0.1}, {""name"": ""switzerland"", ""encoder"": ""mlp_tabular_ln"", ""input_dim"": 13, ""hidden_dim"": 64, ""dropout"": 0.1}, {""name"": ""va_long_beach"", ""encoder"": ""mlp_tabular_ln"", ""input_dim"": 13, ""hidden_dim"": 64, ""dropout"": 0.1}], ""anchor_eps"": 0.0001, ""sep_samples_per_class"": 4, ""sep_method"": ""classifier"", ""sep_margin"": 1.0, ""lambda_fit"": 0.1, ""lambda_sep"": 0.1, ""groupdro_enabled"": true, ""groupdro_eta"": 2.0, ""groupdro_gamma"": 0.9, ""groupdro_update_mode"": ""softmax"", ""groupdro_objective"": ""weighted"", ""groupdro_kl_lambda"": 0.0, ""groupdro_uniform_init"": true, ""log_interval"": 20, ""save_every"": 10, ""common_encoder"": true}","{""num_groups"": 4, ""num_classes"": 2, ""train_total"": 495, ""test_total"": 150, ""train_group_counts"": [242, 208, 20, 25], ""test_group_counts"": [61, 53, 10, 26], ""train_class_counts"": [266, 229], ""test_class_counts"": [73, 77], ""train_group_class_counts"": [[131, 111], [130, 78], [0, 20], [5, 20]], ""test_group_class_counts"": [[33, 28], [33, 20], [1, 9], [6, 20]], ""group_proportions"": [0.4888888888888889, 0.4202020202020202, 0.04040404040404041, 0.050505050505050504]}","{""num_groups"": 4, ""eta"": 2.0, ""update_mode"": ""softmax"", ""robust_objective"": ""weighted"", ""gamma"": 0.9, ""kl_lambda"": 0.0, ""initial_pi"": [0.4888888895511627, 0.42020201683044434, 0.04040404036641121, 0.05050504952669144]}",2026-09-07T00:57:13.787284,46,0.25822165696059957,0.828054299721351,0.001,0.7066666666666667,0.7312076185490971,0.639344262295082,0.8,"[0.639344262295082, 0.7547169811320755, 0.8, 0.7307692307692307]","[0.7955626135722536, 0.7082612964342225, 0.29749152939766643, 0.6644171534392697]","[0.6301369863013698, 0.7792207792207793]","[[0.5454545454545454, 0.75], [0.6666666666666666, 0.9], [1.0, 0.7777777777777778], [0.8333333333333334, 0.7]]","[61, 53, 10, 26]","[0.3719461262226105, 0.3363686203956604, 0.14467035233974457, 0.14701497554779053]","[0.4888888895511627, 0.42020201683044434, 0.04040404036641121, 0.05050504952669144]",0.0
"{""run_name"": ""fedheart_ablation_pergroup_noanchor"", ""seed"": 1337, ""run_dir"": ""runs/ablation_fedheart_fedheart/shared_gdro_anchor_s1337"", ""use_fedheart"": true, ""num_classes"": 2, ""stratified_batching"": true, ""train_frac"": 0.8, ""data_split_seed"": 43, ""group_max_train_samples"": [null, null, 20, 25], ""true_hetero_input_dim"": true, ""feature_mask"": [[0, 1, 2, 3, 5, 6, 7, 8, 9, 10], [0, 1, 2, 3, 5, 6, 11, 12], [0, 1, 2, 4, 5, 7, 11, 12], [0, 1, 2, 4, 5, 6, 8, 9, 10]], ""batch_size"": 64, ""num_workers"": 0, ""epochs"": 150, ""early_stopping_patience"": 40, ""lr"": 0.001, ""weight_decay"": 0.0001, ""optimizer"": ""adam"", ""grad_clip"": 1.0, ""lr_scheduler"": ""cosine"", ""lr_min"": 1e-05, ""latent_dim"": 64, ""head_hidden"": 32, ""groups"": [{""name"": ""cleveland"", ""encoder"": ""mlp_tabular_ln"", ""input_dim"": 13, ""hidden_dim"": 64, ""dropout"": 0.1}, {""name"": ""hungarian"", ""encoder"": ""mlp_tabular_ln"", ""input_dim"": 13, ""hidden_dim"": 64, ""dropout"": 0.1}, {""name"": ""switzerland"", ""encoder"": ""mlp_tabular_ln"", ""input_dim"": 13, ""hidden_dim"": 64, ""dropout"": 0.1}, {""name"": ""va_long_beach"", ""encoder"": ""mlp_tabular_ln"", ""input_dim"": 13, ""hidden_dim"": 64, ""dropout"": 0.1}], ""anchor_eps"": 0.0001, ""sep_samples_per_class"": 4, ""sep_method"": ""classifier"", ""sep_margin"": 1.0, ""lambda_fit"": 0.1, ""lambda_sep"": 0.1, ""groupdro_enabled"": true, ""groupdro_eta"": 2.0, ""groupdro_gamma"": 0.9, ""groupdro_update_mode"": ""softmax"", ""groupdro_objective"": ""weighted"", ""groupdro_kl_lambda"": 0.0, ""groupdro_uniform_init"": true, ""log_interval"": 20, ""save_every"": 10, ""common_encoder"": true}","{""num_groups"": 4, ""num_classes"": 2, ""train_total"": 495, ""test_total"": 150, ""train_group_counts"": [242, 208, 20, 25], ""test_group_counts"": [61, 53, 10, 26], ""train_class_counts"": [266, 229], ""test_class_counts"": [73, 77], ""train_group_class_counts"": [[131, 111], [130, 78], [0, 20], [5, 20]], ""test_group_class_counts"": [[33, 28], [33, 20], [1, 9], [6, 20]], ""group_proportions"": [0.4888888888888889, 0.4202020202020202, 0.04040404040404041, 0.050505050505050504]}","{""num_groups"": 4, ""eta"": 2.0, ""update_mode"": ""softmax"", ""robust_objective"": ""weighted"", ""gamma"": 0.9, ""kl_lambda"": 0.0, ""initial_pi"": [0.4888888895511627, 0.42020201683044434, 0.04040404036641121, 0.05050504952669144]}",2026-09-07T00:57:13.787284,47,0.33531829768715943,0.8325791890265176,0.001,0.6866666666666666,0.7066412477099145,0.6538461538461539,0.8,"[0.6557377049180327, 0.7169811320754716, 0.8, 0.6538461538461539]","[0.7479608126564837, 0.5969942944686649, 0.4792514924891293, 0.8583994328689116]","[0.7123287671232876, 0.6623376623376623]","[[0.696969696969697, 0.6071428571428571], [0.696969696969697, 0.75], [1.0, 0.7777777777777778], [0.8333333333333334, 0.6]]","[61, 53, 10, 26]","[0.19744201004505157, 0.31896600127220154, 0.1304548978805542, 0.35313713550567627]","[0.4888888895511627, 0.42020201683044434, 0.04040404036641121, 0.05050504952669144]",0.0
"{""run_name"": ""fedheart_ablation_pergroup_noanchor"", ""seed"": 1337, ""run_dir"": ""runs/ablation_fedheart_fedheart/shared_gdro_anchor_s1337"", ""use_fedheart"": true, ""num_classes"": 2, ""stratified_batching"": true, ""train_frac"": 0.8, ""data_split_seed"": 43, ""group_max_train_samples"": [null, null, 20, 25], ""true_hetero_input_dim"": true, ""feature_mask"": [[0, 1, 2, 3, 5, 6, 7, 8, 9, 10], [0, 1, 2, 3, 5, 6, 11, 12], [0, 1, 2, 4, 5, 7, 11, 12], [0, 1, 2, 4, 5, 6, 8, 9, 10]], ""batch_size"": 64, ""num_workers"": 0, ""epochs"": 150, ""early_stopping_patience"": 40, ""lr"": 0.001, ""weight_decay"": 0.0001, ""optimizer"": ""adam"", ""grad_clip"": 1.0, ""lr_scheduler"": ""cosine"", ""lr_min"": 1e-05, ""latent_dim"": 64, ""head_hidden"": 32, ""groups"": [{""name"": ""cleveland"", ""encoder"": ""mlp_tabular_ln"", ""input_dim"": 13, ""hidden_dim"": 64, ""dropout"": 0.1}, {""name"": ""hungarian"", ""encoder"": ""mlp_tabular_ln"", ""input_dim"": 13, ""hidden_dim"": 64, ""dropout"": 0.1}, {""name"": ""switzerland"", ""encoder"": ""mlp_tabular_ln"", ""input_dim"": 13, ""hidden_dim"": 64, ""dropout"": 0.1}, {""name"": ""va_long_beach"", ""encoder"": ""mlp_tabular_ln"", ""input_dim"": 13, ""hidden_dim"": 64, ""dropout"": 0.1}], ""anchor_eps"": 0.0001, ""sep_samples_per_class"": 4, ""sep_method"": ""classifier"", ""sep_margin"": 1.0, ""lambda_fit"": 0.1, ""lambda_sep"": 0.1, ""groupdro_enabled"": true, ""groupdro_eta"": 2.0, ""groupdro_gamma"": 0.9, ""groupdro_update_mode"": ""softmax"", ""groupdro_objective"": ""weighted"", ""groupdro_kl_lambda"": 0.0, ""groupdro_uniform_init"": true, ""log_interval"": 20, ""save_every"": 10, ""common_encoder"": true}","{""num_groups"": 4, ""num_classes"": 2, ""train_total"": 495, ""test_total"": 150, ""train_group_counts"": [242, 208, 20, 25], ""test_group_counts"": [61, 53, 10, 26], ""train_class_counts"": [266, 229], ""test_class_counts"": [73, 77], ""train_group_class_counts"": [[131, 111], [130, 78], [0, 20], [5, 20]], ""test_group_class_counts"": [[33, 28], [33, 20], [1, 9], [6, 20]], ""group_proportions"": [0.4888888888888889, 0.4202020202020202, 0.04040404040404041, 0.050505050505050504]}","{""num_groups"": 4, ""eta"": 2.0, ""update_mode"": ""softmax"", ""robust_objective"": ""weighted"", ""gamma"": 0.9, ""kl_lambda"": 0.0, ""initial_pi"": [0.4888888895511627, 0.42020201683044434, 0.04040404036641121, 0.05050504952669144]}",2026-09-07T00:57:13.787284,48,0.298766913322302,0.8416289573880882,0.001,0.6933333333333334,0.716875252801637,0.639344262295082,0.8,"[0.639344262295082, 0.7358490566037735, 0.8, 0.6923076923076923]","[0.7651125920753254, 0.6282100457662962, 0.3668229544535279, 0.7634564195401393]","[0.6712328767123288, 0.7142857142857143]","[[0.6060606060606061, 0.6785714285714286], [0.696969696969697, 0.8], [1.0, 0.7777777777777778], [0.8333333333333334, 0.65]]","[61, 53, 10, 26]","[0.2675228714942932, 0.2471887469291687, 0.34369349479675293, 0.14159485697746277]","[0.4888888895511627, 0.42020201683044434, 0.04040404036641121, 0.05050504952669144]",0.0
"{""run_name"": ""fedheart_ablation_pergroup_noanchor"", ""seed"": 1337, ""run_dir"": ""runs/ablation_fedheart_fedheart/shared_gdro_anchor_s1337"", ""use_fedheart"": true, ""num_classes"": 2, ""stratified_batching"": true, ""train_frac"": 0.8, ""data_split_seed"": 43, ""group_max_train_samples"": [null, null, 20, 25], ""true_hetero_input_dim"": true, ""feature_mask"": [[0, 1, 2, 3, 5, 6, 7, 8, 9, 10], [0, 1, 2, 3, 5, 6, 11, 12], [0, 1, 2, 4, 5, 7, 11, 12], [0, 1, 2, 4, 5, 6, 8, 9, 10]], ""batch_size"": 64, ""num_workers"": 0, ""epochs"": 150, ""early_stopping_patience"": 40, ""lr"": 0.001, ""weight_decay"": 0.0001, ""optimizer"": ""adam"", ""grad_clip"": 1.0, ""lr_scheduler"": ""cosine"", ""lr_min"": 1e-05, ""latent_dim"": 64, ""head_hidden"": 32, ""groups"": [{""name"": ""cleveland"", ""encoder"": ""mlp_tabular_ln"", ""input_dim"": 13, ""hidden_dim"": 64, ""dropout"": 0.1}, {""name"": ""hungarian"", ""encoder"": ""mlp_tabular_ln"", ""input_dim"": 13, ""hidden_dim"": 64, ""dropout"": 0.1}, {""name"": ""switzerland"", ""encoder"": ""mlp_tabular_ln"", ""input_dim"": 13, ""hidden_dim"": 64, ""dropout"": 0.1}, {""name"": ""va_long_beach"", ""encoder"": ""mlp_tabular_ln"", ""input_dim"": 13, ""hidden_dim"": 64, ""dropout"": 0.1}], ""anchor_eps"": 0.0001, ""sep_samples_per_class"": 4, ""sep_method"": ""classifier"", ""sep_margin"": 1.0, ""lambda_fit"": 0.1, ""lambda_sep"": 0.1, ""groupdro_enabled"": true, ""groupdro_eta"": 2.0, ""groupdro_gamma"": 0.9, ""groupdro_update_mode"": ""softmax"", ""groupdro_objective"": ""weighted"", ""groupdro_kl_lambda"": 0.0, ""groupdro_uniform_init"": true, ""log_interval"": 20, ""save_every"": 10, ""common_encoder"": true}","{""num_groups"": 4, ""num_classes"": 2, ""train_total"": 495, ""test_total"": 150, ""train_group_counts"": [242, 208, 20, 25], ""test_group_counts"": [61, 53, 10, 26], ""train_class_counts"": [266, 229], ""test_class_counts"": [73, 77], ""train_group_class_counts"": [[131, 111], [130, 78], [0, 20], [5, 20]], ""test_group_class_counts"": [[33, 28], [33, 20], [1, 9], [6, 20]], ""group_proportions"": [0.4888888888888889, 0.4202020202020202, 0.04040404040404041, 0.050505050505050504]}","{""num_groups"": 4, ""eta"": 2.0, ""update_mode"": ""softmax"", ""robust_objective"": ""weighted"", ""gamma"": 0.9, ""kl_lambda"": 0.0, ""initial_pi"": [0.4888888895511627, 0.42020201683044434, 0.04040404036641121, 0.05050504952669144]}",2026-09-07T00:57:13.787284,49,0.25765503329389233,0.8280543021486895,0.001,0.6866666666666666,0.7121582716695615,0.639344262295082,0.8,"[0.639344262295082, 0.7169811320754716, 0.8, 0.6923076923076923]","[0.7893796781322262, 0.6522533587654525, 0.32868916732259096, 0.7417555914905208]","[0.6575342465753424, 0.7142857142857143]","[[0.6060606060606061, 0.6785714285714286], [0.6666666666666666, 0.8], [1.0, 0.7777777777777778], [0.8333333333333334, 0.65]]","[61, 53, 10, 26]","[0.3898857533931732, 0.3133032023906708, 0.1459013968706131, 0.1509096324443817]","[0.4888888895511627, 0.42020201683044434, 0.04040404036641121, 0.05050504952669144]",0.0
"{""run_name"": ""fedheart_ablation_pergroup_noanchor"", ""seed"": 1337, ""run_dir"": ""runs/ablation_fedheart_fedheart/shared_gdro_anchor_s1337"", ""use_fedheart"": true, ""num_classes"": 2, ""stratified_batching"": true, ""train_frac"": 0.8, ""data_split_seed"": 43, ""group_max_train_samples"": [null, null, 20, 25], ""true_hetero_input_dim"": true, ""feature_mask"": [[0, 1, 2, 3, 5, 6, 7, 8, 9, 10], [0, 1, 2, 3, 5, 6, 11, 12], [0, 1, 2, 4, 5, 7, 11, 12], [0, 1, 2, 4, 5, 6, 8, 9, 10]], ""batch_size"": 64, ""num_workers"": 0, ""epochs"": 150, ""early_stopping_patience"": 40, ""lr"": 0.001, ""weight_decay"": 0.0001, ""optimizer"": ""adam"", ""grad_clip"": 1.0, ""lr_scheduler"": ""cosine"", ""lr_min"": 1e-05, ""latent_dim"": 64, ""head_hidden"": 32, ""groups"": [{""name"": ""cleveland"", ""encoder"": ""mlp_tabular_ln"", ""input_dim"": 13, ""hidden_dim"": 64, ""dropout"": 0.1}, {""name"": ""hungarian"", ""encoder"": ""mlp_tabular_ln"", ""input_dim"": 13, ""hidden_dim"": 64, ""dropout"": 0.1}, {""name"": ""switzerland"", ""encoder"": ""mlp_tabular_ln"", ""input_dim"": 13, ""hidden_dim"": 64, ""dropout"": 0.1}, {""name"": ""va_long_beach"", ""encoder"": ""mlp_tabular_ln"", ""input_dim"": 13, ""hidden_dim"": 64, ""dropout"": 0.1}], ""anchor_eps"": 0.0001, ""sep_samples_per_class"": 4, ""sep_method"": ""classifier"", ""sep_margin"": 1.0, ""lambda_fit"": 0.1, ""lambda_sep"": 0.1, ""groupdro_enabled"": true, ""groupdro_eta"": 2.0, ""groupdro_gamma"": 0.9, ""groupdro_update_mode"": ""softmax"", ""groupdro_objective"": ""weighted"", ""groupdro_kl_lambda"": 0.0, ""groupdro_uniform_init"": true, ""log_interval"": 20, ""save_every"": 10, ""common_encoder"": true}","{""num_groups"": 4, ""num_classes"": 2, ""train_total"": 495, ""test_total"": 150, ""train_group_counts"": [242, 208, 20, 25], ""test_group_counts"": [61, 53, 10, 26], ""train_class_counts"": [266, 229], ""test_class_counts"": [73, 77], ""train_group_class_counts"": [[131, 111], [130, 78], [0, 20], [5, 20]], ""test_group_class_counts"": [[33, 28], [33, 20], [1, 9], [6, 20]], ""group_proportions"": [0.4888888888888889, 0.4202020202020202, 0.04040404040404041, 0.050505050505050504]}","{""num_groups"": 4, ""eta"": 2.0, ""update_mode"": ""softmax"", ""robust_objective"": ""weighted"", ""gamma"": 0.9, ""kl_lambda"": 0.0, ""initial_pi"": [0.4888888895511627, 0.42020201683044434, 0.04040404036641121, 0.05050504952669144]}",2026-09-07T00:57:13.787284,50,0.25017800293357123,0.8144796363908241,0.001,0.6933333333333334,0.7113582288419901,0.6538461538461539,0.8,"[0.6557377049180327, 0.7358490566037735, 0.8, 0.6538461538461539]","[0.7809028184713155, 0.6231620400300566, 0.45199822904542086, 0.8570193553773257]","[0.7397260273972602, 0.6493506493506493]","[[0.696969696969697, 0.6071428571428571], [0.7575757575757576, 0.7], [1.0, 0.7777777777777778], [0.8333333333333334, 0.6]]","[61, 53, 10, 26]","[0.2931019961833954, 0.31221356987953186, 0.2455645203590393, 0.14911989867687225]","[0.4888888895511627, 0.42020201683044434, 0.04040404036641121, 0.05050504952669144]",0.0
"{""run_name"": ""fedheart_ablation_pergroup_noanchor"", ""seed"": 1337, ""run_dir"": ""runs/ablation_fedheart_fedheart/shared_gdro_anchor_s1337"", ""use_fedheart"": true, ""num_classes"": 2, ""stratified_batching"": true, ""train_frac"": 0.8, ""data_split_seed"": 43, ""group_max_train_samples"": [null, null, 20, 25], ""true_hetero_input_dim"": true, ""feature_mask"": [[0, 1, 2, 3, 5, 6, 7, 8, 9, 10], [0, 1, 2, 3, 5, 6, 11, 12], [0, 1, 2, 4, 5, 7, 11, 12], [0, 1, 2, 4, 5, 6, 8, 9, 10]], ""batch_size"": 64, ""num_workers"": 0, ""epochs"": 150, ""early_stopping_patience"": 40, ""lr"": 0.001, ""weight_decay"": 0.0001, ""optimizer"": ""adam"", ""grad_clip"": 1.0, ""lr_scheduler"": ""cosine"", ""lr_min"": 1e-05, ""latent_dim"": 64, ""head_hidden"": 32, ""groups"": [{""name"": ""cleveland"", ""encoder"": ""mlp_tabular_ln"", ""input_dim"": 13, ""hidden_dim"": 64, ""dropout"": 0.1}, {""name"": ""hungarian"", ""encoder"": ""mlp_tabular_ln"", ""input_dim"": 13, ""hidden_dim"": 64, ""dropout"": 0.1}, {""name"": ""switzerland"", ""encoder"": ""mlp_tabular_ln"", ""input_dim"": 13, ""hidden_dim"": 64, ""dropout"": 0.1}, {""name"": ""va_long_beach"", ""encoder"": ""mlp_tabular_ln"", ""input_dim"": 13, ""hidden_dim"": 64, ""dropout"": 0.1}], ""anchor_eps"": 0.0001, ""sep_samples_per_class"": 4, ""sep_method"": ""classifier"", ""sep_margin"": 1.0, ""lambda_fit"": 0.1, ""lambda_sep"": 0.1, ""groupdro_enabled"": true, ""groupdro_eta"": 2.0, ""groupdro_gamma"": 0.9, ""groupdro_update_mode"": ""softmax"", ""groupdro_objective"": ""weighted"", ""groupdro_kl_lambda"": 0.0, ""groupdro_uniform_init"": true, ""log_interval"": 20, ""save_every"": 10, ""common_encoder"": true}","{""num_groups"": 4, ""num_classes"": 2, ""train_total"": 495, ""test_total"": 150, ""train_group_counts"": [242, 208, 20, 25], ""test_group_counts"": [61, 53, 10, 26], ""train_class_counts"": [266, 229], ""test_class_counts"": [73, 77], ""train_group_class_counts"": [[131, 111], [130, 78], [0, 20], [5, 20]], ""test_group_class_counts"": [[33, 28], [33, 20], [1, 9], [6, 20]], ""group_proportions"": [0.4888888888888889, 0.4202020202020202, 0.04040404040404041, 0.050505050505050504]}","{""num_groups"": 4, ""eta"": 2.0, ""update_mode"": ""softmax"", ""robust_objective"": ""weighted"", ""gamma"": 0.9, ""kl_lambda"": 0.0, ""initial_pi"": [0.4888888895511627, 0.42020201683044434, 0.04040404036641121, 0.05050504952669144]}",2026-09-07T00:57:13.787284,51,0.2912802243124845,0.8325791892962219,0.001,0.6933333333333334,0.7113582288419901,0.6538461538461539,0.8,"[0.6557377049180327, 0.7358490566037735, 0.8, 0.6538461538461539]","[0.7960857947616548, 0.6446501558716848, 0.3880060600116849, 0.7661820930213883]","[0.7123287671232876, 0.6753246753246753]","[[0.6666666666666666, 0.6428571428571429], [0.7272727272727273, 0.75], [1.0, 0.7777777777777778], [0.8333333333333334, 0.6]]","[61, 53, 10, 26]","[0.19544567167758942, 0.4564310908317566, 0.12114036828279495, 0.22698292136192322]","[0.4888888895511627, 0.42020201683044434, 0.04040404036641121, 0.05050504952669144]",0.0
"{""run_name"": ""fedheart_ablation_pergroup_noanchor"", ""seed"": 1337, ""run_dir"": ""runs/ablation_fedheart_fedheart/shared_gdro_anchor_s1337"", ""use_fedheart"": true, ""num_classes"": 2, ""stratified_batching"": true, ""train_frac"": 0.8, ""data_split_seed"": 43, ""group_max_train_samples"": [null, null, 20, 25], ""true_hetero_input_dim"": true, ""feature_mask"": [[0, 1, 2, 3, 5, 6, 7, 8, 9, 10], [0, 1, 2, 3, 5, 6, 11, 12], [0, 1, 2, 4, 5, 7, 11, 12], [0, 1, 2, 4, 5, 6, 8, 9, 10]], ""batch_size"": 64, ""num_workers"": 0, ""epochs"": 150, ""early_stopping_patience"": 40, ""lr"": 0.001, ""weight_decay"": 0.0001, ""optimizer"": ""adam"", ""grad_clip"": 1.0, ""lr_scheduler"": ""cosine"", ""lr_min"": 1e-05, ""latent_dim"": 64, ""head_hidden"": 32, ""groups"": [{""name"": ""cleveland"", ""encoder"": ""mlp_tabular_ln"", ""input_dim"": 13, ""hidden_dim"": 64, ""dropout"": 0.1}, {""name"": ""hungarian"", ""encoder"": ""mlp_tabular_ln"", ""input_dim"": 13, ""hidden_dim"": 64, ""dropout"": 0.1}, {""name"": ""switzerland"", ""encoder"": ""mlp_tabular_ln"", ""input_dim"": 13, ""hidden_dim"": 64, ""dropout"": 0.1}, {""name"": ""va_long_beach"", ""encoder"": ""mlp_tabular_ln"", ""input_dim"": 13, ""hidden_dim"": 64, ""dropout"": 0.1}], ""anchor_eps"": 0.0001, ""sep_samples_per_class"": 4, ""sep_method"": ""classifier"", ""sep_margin"": 1.0, ""lambda_fit"": 0.1, ""lambda_sep"": 0.1, ""groupdro_enabled"": true, ""groupdro_eta"": 2.0, ""groupdro_gamma"": 0.9, ""groupdro_update_mode"": ""softmax"", ""groupdro_objective"": ""weighted"", ""groupdro_kl_lambda"": 0.0, ""groupdro_uniform_init"": true, ""log_interval"": 20, ""save_every"": 10, ""common_encoder"": true}","{""num_groups"": 4, ""num_classes"": 2, ""train_total"": 495, ""test_total"": 150, ""train_group_counts"": [242, 208, 20, 25], ""test_group_counts"": [61, 53, 10, 26], ""train_class_counts"": [266, 229], ""test_class_counts"": [73, 77], ""train_group_class_counts"": [[131, 111], [130, 78], [0, 20], [5, 20]], ""test_group_class_counts"": [[33, 28], [33, 20], [1, 9], [6, 20]], ""group_proportions"": [0.4888888888888889, 0.4202020202020202, 0.04040404040404041, 0.050505050505050504]}","{""num_groups"": 4, ""eta"": 2.0, ""update_mode"": ""softmax"", ""robust_objective"": ""weighted"", ""gamma"": 0.9, ""kl_lambda"": 0.0, ""initial_pi"": [0.4888888895511627, 0.42020201683044434, 0.04040404036641121, 0.05050504952669144]}",2026-09-07T00:57:13.787284,52,0.31804983850517965,0.8009049760270442,0.001,0.6933333333333334,0.7230108972376217,0.6065573770491803,0.8,"[0.6065573770491803, 0.7547169811320755, 0.8, 0.7307692307692307]","[0.8163401927860057, 0.6860996163713763, 0.33148485529236493, 0.6634920553590816]","[0.6301369863013698, 0.7532467532467533]","[[0.5454545454545454, 0.6785714285714286], [0.6666666666666666, 0.9], [1.0, 0.7777777777777778], [0.8333333333333334, 0.7]]","[61, 53, 10, 26]","[0.21048282086849213, 0.39152082800865173, 0.1251404881477356, 0.27285587787628174]","[0.4888888895511627, 0.42020201683044434, 0.04040404036641121, 0.05050504952669144]",0.0
