config,dataset_info,groupdro_config,start_time,epoch,train_loss,train_acc,learning_rate,test_overall_acc,test_balanced_acc,test_worst_group_acc,test_best_group_acc,test_per_group_acc,test_per_group_loss,test_per_class_acc,test_per_group_per_class_acc,test_per_group_counts,test_overall_macro_f1,test_per_group_f1,test_worst_group_f1,test_worst_group_loss,val_overall_acc,val_balanced_acc,val_worst_group_acc,val_best_group_acc,val_per_group_acc,val_per_group_loss,val_per_class_acc,val_per_group_per_class_acc,val_per_group_counts,val_overall_macro_f1,val_per_group_f1,val_worst_group_f1,val_worst_group_loss,groupdro_weights,train_per_group_loss,groupdro_weights_mean,groupdro_pi,groupdro_kl_penalty
"{""run_name"": ""fedheart_exp_paper_hetagg_gdro"", ""seed"": 42, ""run_dir"": ""runs/fedheart_cv/GroupDRO_s42_f1"", ""use_fedheart"": true, ""num_classes"": 2, ""stratified_batching"": true, ""train_frac"": 0.8, ""group_max_train_samples"": [null, null, 20, 25], ""true_hetero_input_dim"": true, ""feature_mask"": [[0, 1, 2, 3, 5, 6, 7, 8, 9, 10], [0, 1, 2, 3, 5, 6, 11, 12], [0, 1, 2, 4, 5, 7, 11, 12], [0, 1, 2, 4, 5, 6, 8, 9, 10]], ""batch_size"": 64, ""num_workers"": 0, ""epochs"": 100, ""early_stopping_patience"": 30, ""lr"": 0.001, ""weight_decay"": 0.0001, ""optimizer"": ""adam"", ""grad_clip"": 1.0, ""lr_scheduler"": ""cosine"", ""lr_min"": 1e-05, ""latent_dim"": 64, ""head_hidden"": 32, ""groups"": [{""name"": ""cleveland"", ""encoder"": ""mlp_tabular_ln"", ""input_dim"": 10, ""hidden_dim"": 64, ""dropout"": 0.1}, {""name"": ""hungarian"", ""encoder"": ""mlp_tabular_ln"", ""input_dim"": 8, ""hidden_dim"": 64, ""dropout"": 0.1}, {""name"": ""switzerland"", ""encoder"": ""mlp_tabular_ln"", ""input_dim"": 8, ""hidden_dim"": 64, ""dropout"": 0.1}, {""name"": ""va_long_beach"", ""encoder"": ""mlp_tabular_ln"", ""input_dim"": 9, ""hidden_dim"": 64, ""dropout"": 0.1}], ""anchor_eps"": 0.0001, ""sep_samples_per_class"": 4, ""sep_method"": ""classifier"", ""sep_margin"": 1.0, ""lambda_fit"": 0.001, ""lambda_sep"": 0.001, ""groupdro_enabled"": true, ""groupdro_eta"": 0.64, ""groupdro_gamma"": 0.9, ""groupdro_update_mode"": ""exp"", ""groupdro_objective"": ""weighted"", ""groupdro_kl_lambda"": 0.0, ""groupdro_uniform_init"": false, ""log_interval"": 20, ""save_every"": 10, ""groupdro_ema_decay"": 0.9, ""groupdro_update_every"": 1, ""dro_signal"": ""val"", ""val_frac"": 0.15, ""impute_missing"": true, ""common_encoder"": false, ""use_regret"": false, ""data_split_seed"": 1001}","{""num_groups"": 4, ""num_classes"": 2, ""train_total"": 449, ""test_total"": 185, ""train_group_counts"": [205, 199, 20, 25], ""test_group_counts"": [61, 59, 25, 40], ""train_class_counts"": [248, 201], ""test_class_counts"": [83, 102], ""train_group_class_counts"": [[111, 94], [127, 72], [2, 18], [8, 17]], ""test_group_class_counts"": [[33, 28], [38, 21], [2, 23], [10, 30]], ""group_proportions"": [0.45657015590200445, 0.44320712694877507, 0.044543429844097995, 0.0556792873051225], ""val_group_counts"": [37, 36, 15, 24], ""val_total"": 112}","{""num_groups"": 4, ""eta"": 0.64, ""update_mode"": ""exp"", ""robust_objective"": ""weighted"", ""gamma"": 0.9, ""kl_lambda"": 0.0, ""initial_pi"": [0.4565701484680176, 0.44320711493492126, 0.04454343020915985, 0.055679287761449814]}",2026-09-15T19:27:33.080474,1,0.7281009179123945,0.5034013601387439,0.001,0.7351351351351352,0.7637767435398722,0.639344262295082,0.92,"[0.639344262295082, 0.7457627118644068, 0.92, 0.75]","[0.6538767658296178, 0.622172339487884, 0.45445322155952456, 0.5801930606365204]","[0.7831325301204819, 0.696078431372549]","[[0.8484848484848485, 0.39285714285714285], [0.9736842105263158, 0.3333333333333333], [0.0, 1.0], [0.0, 1.0]]","[61, 59, 25, 40]",0.7348562403112111,"[0.6089743589743589, 0.6571096474234792, 0.4791666666666667, 0.42857142857142855]",0.42857142857142855,0.6538767658296178,0.7410714285714286,0.7699324324324324,0.6666666666666666,0.9333333333333333,"[0.7297297297297297, 0.6666666666666666, 0.9333333333333333, 0.75]","[0.6423656779366571, 0.6588998395535681, 0.4381834308306376, 0.5714213997125626]","[0.8, 0.6935483870967742]","[[0.85, 0.5882352941176471], [1.0, 0.07692307692307693], [0.0, 1.0], [0.0, 1.0]]","[37, 36, 15, 24]",0.7408855205424811,"[0.7196969696969697, 0.4679802955665025, 0.4827586206896552, 0.42857142857142855]",0.42857142857142855,0.6588998395535681,"[0.4580419361591339, 0.4493658244609833, 0.039212923496961594, 0.053379256278276443]","[0.7194715057100568, 0.7010764649936131, 0.5267278502384821, 0.6824606955051422]","[0.4565701484680176, 0.44320711493492126, 0.04454343020915985, 0.055679287761449814]","[0.4565701484680176, 0.44320711493492126, 0.04454343020915985, 0.055679287761449814]",0.0
"{""run_name"": ""fedheart_exp_paper_hetagg_gdro"", ""seed"": 42, ""run_dir"": ""runs/fedheart_cv/GroupDRO_s42_f1"", ""use_fedheart"": true, ""num_classes"": 2, ""stratified_batching"": true, ""train_frac"": 0.8, ""group_max_train_samples"": [null, null, 20, 25], ""true_hetero_input_dim"": true, ""feature_mask"": [[0, 1, 2, 3, 5, 6, 7, 8, 9, 10], [0, 1, 2, 3, 5, 6, 11, 12], [0, 1, 2, 4, 5, 7, 11, 12], [0, 1, 2, 4, 5, 6, 8, 9, 10]], ""batch_size"": 64, ""num_workers"": 0, ""epochs"": 100, ""early_stopping_patience"": 30, ""lr"": 0.001, ""weight_decay"": 0.0001, ""optimizer"": ""adam"", ""grad_clip"": 1.0, ""lr_scheduler"": ""cosine"", ""lr_min"": 1e-05, ""latent_dim"": 64, ""head_hidden"": 32, ""groups"": [{""name"": ""cleveland"", ""encoder"": ""mlp_tabular_ln"", ""input_dim"": 10, ""hidden_dim"": 64, ""dropout"": 0.1}, {""name"": ""hungarian"", ""encoder"": ""mlp_tabular_ln"", ""input_dim"": 8, ""hidden_dim"": 64, ""dropout"": 0.1}, {""name"": ""switzerland"", ""encoder"": ""mlp_tabular_ln"", ""input_dim"": 8, ""hidden_dim"": 64, ""dropout"": 0.1}, {""name"": ""va_long_beach"", ""encoder"": ""mlp_tabular_ln"", ""input_dim"": 9, ""hidden_dim"": 64, ""dropout"": 0.1}], ""anchor_eps"": 0.0001, ""sep_samples_per_class"": 4, ""sep_method"": ""classifier"", ""sep_margin"": 1.0, ""lambda_fit"": 0.001, ""lambda_sep"": 0.001, ""groupdro_enabled"": true, ""groupdro_eta"": 0.64, ""groupdro_gamma"": 0.9, ""groupdro_update_mode"": ""exp"", ""groupdro_objective"": ""weighted"", ""groupdro_kl_lambda"": 0.0, ""groupdro_uniform_init"": false, ""log_interval"": 20, ""save_every"": 10, ""groupdro_ema_decay"": 0.9, ""groupdro_update_every"": 1, ""dro_signal"": ""val"", ""val_frac"": 0.15, ""impute_missing"": true, ""common_encoder"": false, ""use_regret"": false, ""data_split_seed"": 1001}","{""num_groups"": 4, ""num_classes"": 2, ""train_total"": 449, ""test_total"": 185, ""train_group_counts"": [205, 199, 20, 25], ""test_group_counts"": [61, 59, 25, 40], ""train_class_counts"": [248, 201], ""test_class_counts"": [83, 102], ""train_group_class_counts"": [[111, 94], [127, 72], [2, 18], [8, 17]], ""test_group_class_counts"": [[33, 28], [38, 21], [2, 23], [10, 30]], ""group_proportions"": [0.45657015590200445, 0.44320712694877507, 0.044543429844097995, 0.0556792873051225], ""val_group_counts"": [37, 36, 15, 24], ""val_total"": 112}","{""num_groups"": 4, ""eta"": 0.64, ""update_mode"": ""exp"", ""robust_objective"": ""weighted"", ""gamma"": 0.9, ""kl_lambda"": 0.0, ""initial_pi"": [0.4565701484680176, 0.44320711493492126, 0.04454343020915985, 0.055679287761449814]}",2026-09-15T19:27:33.080474,2,0.6429616287181708,0.7097505695965826,0.001,0.7891891891891892,0.8048992775771048,0.75,0.92,"[0.7868852459016393, 0.7627118644067796, 0.92, 0.75]","[0.5935383492805919, 0.5624572791285434, 0.3984001338481903, 0.5850496500730514]","[0.7590361445783133, 0.8137254901960784]","[[0.8181818181818182, 0.75], [0.9473684210526315, 0.42857142857142855], [0.0, 1.0], [0.0, 1.0]]","[61, 59, 25, 40]",0.7866962305986698,"[0.7848032564450476, 0.6998546511627908, 0.4791666666666667, 0.42857142857142855]",0.42857142857142855,0.5935383492805919,0.75,0.7765015015015015,0.6388888888888888,0.9333333333333333,"[0.7837837837837838, 0.6388888888888888, 0.9333333333333333, 0.75]","[0.5761318810888238, 0.6362700197431777, 0.3809536298116048, 0.5722632631659508]","[0.74, 0.7580645161290323]","[[0.75, 0.8235294117647058], [0.9565217391304348, 0.07692307692307693], [0.0, 1.0], [0.0, 1.0]]","[37, 36, 15, 24]",0.7479909996785599,"[0.783625730994152, 0.4526315789473685, 0.4827586206896552, 0.42857142857142855]",0.42857142857142855,0.6362700197431777,"[0.45844730734825134, 0.45581838488578796, 0.03445970267057419, 0.05127459019422531]","[0.6346733059201922, 0.6067330411502293, 0.44219482441743213, 0.6304477751255035]","[0.4580419361591339, 0.4493658244609833, 0.039212923496961594, 0.053379256278276443]","[0.4565701484680176, 0.44320711493492126, 0.04454343020915985, 0.055679287761449814]",0.0
"{""run_name"": ""fedheart_exp_paper_hetagg_gdro"", ""seed"": 42, ""run_dir"": ""runs/fedheart_cv/GroupDRO_s42_f1"", ""use_fedheart"": true, ""num_classes"": 2, ""stratified_batching"": true, ""train_frac"": 0.8, ""group_max_train_samples"": [null, null, 20, 25], ""true_hetero_input_dim"": true, ""feature_mask"": [[0, 1, 2, 3, 5, 6, 7, 8, 9, 10], [0, 1, 2, 3, 5, 6, 11, 12], [0, 1, 2, 4, 5, 7, 11, 12], [0, 1, 2, 4, 5, 6, 8, 9, 10]], ""batch_size"": 64, ""num_workers"": 0, ""epochs"": 100, ""early_stopping_patience"": 30, ""lr"": 0.001, ""weight_decay"": 0.0001, ""optimizer"": ""adam"", ""grad_clip"": 1.0, ""lr_scheduler"": ""cosine"", ""lr_min"": 1e-05, ""latent_dim"": 64, ""head_hidden"": 32, ""groups"": [{""name"": ""cleveland"", ""encoder"": ""mlp_tabular_ln"", ""input_dim"": 10, ""hidden_dim"": 64, ""dropout"": 0.1}, {""name"": ""hungarian"", ""encoder"": ""mlp_tabular_ln"", ""input_dim"": 8, ""hidden_dim"": 64, ""dropout"": 0.1}, {""name"": ""switzerland"", ""encoder"": ""mlp_tabular_ln"", ""input_dim"": 8, ""hidden_dim"": 64, ""dropout"": 0.1}, {""name"": ""va_long_beach"", ""encoder"": ""mlp_tabular_ln"", ""input_dim"": 9, ""hidden_dim"": 64, ""dropout"": 0.1}], ""anchor_eps"": 0.0001, ""sep_samples_per_class"": 4, ""sep_method"": ""classifier"", ""sep_margin"": 1.0, ""lambda_fit"": 0.001, ""lambda_sep"": 0.001, ""groupdro_enabled"": true, ""groupdro_eta"": 0.64, ""groupdro_gamma"": 0.9, ""groupdro_update_mode"": ""exp"", ""groupdro_objective"": ""weighted"", ""groupdro_kl_lambda"": 0.0, ""groupdro_uniform_init"": false, ""log_interval"": 20, ""save_every"": 10, ""groupdro_ema_decay"": 0.9, ""groupdro_update_every"": 1, ""dro_signal"": ""val"", ""val_frac"": 0.15, ""impute_missing"": true, ""common_encoder"": false, ""use_regret"": false, ""data_split_seed"": 1001}","{""num_groups"": 4, ""num_classes"": 2, ""train_total"": 449, ""test_total"": 185, ""train_group_counts"": [205, 199, 20, 25], ""test_group_counts"": [61, 59, 25, 40], ""train_class_counts"": [248, 201], ""test_class_counts"": [83, 102], ""train_group_class_counts"": [[111, 94], [127, 72], [2, 18], [8, 17]], ""test_group_class_counts"": [[33, 28], [38, 21], [2, 23], [10, 30]], ""group_proportions"": [0.45657015590200445, 0.44320712694877507, 0.044543429844097995, 0.0556792873051225], ""val_group_counts"": [37, 36, 15, 24], ""val_total"": 112}","{""num_groups"": 4, ""eta"": 0.64, ""update_mode"": ""exp"", ""robust_objective"": ""weighted"", ""gamma"": 0.9, ""kl_lambda"": 0.0, ""initial_pi"": [0.4565701484680176, 0.44320711493492126, 0.04454343020915985, 0.055679287761449814]}",2026-09-15T19:27:33.080474,3,0.5954786721540957,0.7823129278732265,0.001,0.7891891891891892,0.8048992775771048,0.75,0.92,"[0.7868852459016393, 0.7627118644067796, 0.92, 0.75]","[0.5434891601077846, 0.5155228621373742, 0.353384405374527, 0.5799763165414333]","[0.7469879518072289, 0.8235294117647058]","[[0.8181818181818182, 0.75], [0.9210526315789473, 0.47619047619047616], [0.0, 1.0], [0.0, 1.0]]","[61, 59, 25, 40]",0.7861651996087845,"[0.7848032564450476, 0.7107843137254901, 0.4791666666666667, 0.42857142857142855]",0.42857142857142855,0.5799763165414333,0.7589285714285714,0.7832582582582582,0.6388888888888888,0.9333333333333333,"[0.8108108108108109, 0.6388888888888888, 0.9333333333333333, 0.75]","[0.511735135639036, 0.6293465743462244, 0.3361923823753993, 0.5675341809789339]","[0.72, 0.7903225806451613]","[[0.8, 0.8235294117647058], [0.8695652173913043, 0.23076923076923078], [0.0, 1.0], [0.0, 1.0]]","[37, 36, 15, 24]",0.7556363636363636,"[0.8102564102564103, 0.535253227408143, 0.4827586206896552, 0.42857142857142855]",0.42857142857142855,0.6293465743462244,"[0.45699918270111084, 0.4633547365665436, 0.030213888734579086, 0.04943221062421799]","[0.5806601132665362, 0.5618640014103481, 0.4048226823409398, 0.6425234427054723]","[0.45844730734825134, 0.45581838488578796, 0.03445970267057419, 0.05127459019422531]","[0.4565701484680176, 0.44320711493492126, 0.04454343020915985, 0.055679287761449814]",0.0
"{""run_name"": ""fedheart_exp_paper_hetagg_gdro"", ""seed"": 42, ""run_dir"": ""runs/fedheart_cv/GroupDRO_s42_f1"", ""use_fedheart"": true, ""num_classes"": 2, ""stratified_batching"": true, ""train_frac"": 0.8, ""group_max_train_samples"": [null, null, 20, 25], ""true_hetero_input_dim"": true, ""feature_mask"": [[0, 1, 2, 3, 5, 6, 7, 8, 9, 10], [0, 1, 2, 3, 5, 6, 11, 12], [0, 1, 2, 4, 5, 7, 11, 12], [0, 1, 2, 4, 5, 6, 8, 9, 10]], ""batch_size"": 64, ""num_workers"": 0, ""epochs"": 100, ""early_stopping_patience"": 30, ""lr"": 0.001, ""weight_decay"": 0.0001, ""optimizer"": ""adam"", ""grad_clip"": 1.0, ""lr_scheduler"": ""cosine"", ""lr_min"": 1e-05, ""latent_dim"": 64, ""head_hidden"": 32, ""groups"": [{""name"": ""cleveland"", ""encoder"": ""mlp_tabular_ln"", ""input_dim"": 10, ""hidden_dim"": 64, ""dropout"": 0.1}, {""name"": ""hungarian"", ""encoder"": ""mlp_tabular_ln"", ""input_dim"": 8, ""hidden_dim"": 64, ""dropout"": 0.1}, {""name"": ""switzerland"", ""encoder"": ""mlp_tabular_ln"", ""input_dim"": 8, ""hidden_dim"": 64, ""dropout"": 0.1}, {""name"": ""va_long_beach"", ""encoder"": ""mlp_tabular_ln"", ""input_dim"": 9, ""hidden_dim"": 64, ""dropout"": 0.1}], ""anchor_eps"": 0.0001, ""sep_samples_per_class"": 4, ""sep_method"": ""classifier"", ""sep_margin"": 1.0, ""lambda_fit"": 0.001, ""lambda_sep"": 0.001, ""groupdro_enabled"": true, ""groupdro_eta"": 0.64, ""groupdro_gamma"": 0.9, ""groupdro_update_mode"": ""exp"", ""groupdro_objective"": ""weighted"", ""groupdro_kl_lambda"": 0.0, ""groupdro_uniform_init"": false, ""log_interval"": 20, ""save_every"": 10, ""groupdro_ema_decay"": 0.9, ""groupdro_update_every"": 1, ""dro_signal"": ""val"", ""val_frac"": 0.15, ""impute_missing"": true, ""common_encoder"": false, ""use_regret"": false, ""data_split_seed"": 1001}","{""num_groups"": 4, ""num_classes"": 2, ""train_total"": 449, ""test_total"": 185, ""train_group_counts"": [205, 199, 20, 25], ""test_group_counts"": [61, 59, 25, 40], ""train_class_counts"": [248, 201], ""test_class_counts"": [83, 102], ""train_group_class_counts"": [[111, 94], [127, 72], [2, 18], [8, 17]], ""test_group_class_counts"": [[33, 28], [38, 21], [2, 23], [10, 30]], ""group_proportions"": [0.45657015590200445, 0.44320712694877507, 0.044543429844097995, 0.0556792873051225], ""val_group_counts"": [37, 36, 15, 24], ""val_total"": 112}","{""num_groups"": 4, ""eta"": 0.64, ""update_mode"": ""exp"", ""robust_objective"": ""weighted"", ""gamma"": 0.9, ""kl_lambda"": 0.0, ""initial_pi"": [0.4565701484680176, 0.44320711493492126, 0.04454343020915985, 0.055679287761449814]}",2026-09-15T19:27:33.080474,4,0.5405557190750191,0.7845804987310552,0.001,0.7783783783783784,0.7964247013059182,0.7288135593220338,0.92,"[0.7868852459016393, 0.7288135593220338, 0.92, 0.75]","[0.49978091897534543, 0.48657115182634125, 0.3138464593887329, 0.5802468232810497]","[0.7108433734939759, 0.8333333333333334]","[[0.8181818181818182, 0.75], [0.8421052631578947, 0.5238095238095238], [0.0, 1.0], [0.0, 1.0]]","[61, 59, 25, 40]",0.7739127842856717,"[0.7848032564450476, 0.6894736842105263, 0.4791666666666667, 0.42857142857142855]",0.42857142857142855,0.5802468232810497,0.7678571428571429,0.7902027027027028,0.6666666666666666,0.9333333333333333,"[0.8108108108108109, 0.6666666666666666, 0.9333333333333333, 0.75]","[0.46059317323001653, 0.640029627415869, 0.2964484731356303, 0.5653346423059702]","[0.72, 0.8064516129032258]","[[0.8, 0.8235294117647058], [0.8695652173913043, 0.3076923076923077], [0.0, 1.0], [0.0, 1.0]]","[37, 36, 15, 24]",0.764172335600907,"[0.8102564102564103, 0.5846153846153846, 0.4827586206896552, 0.42857142857142855]",0.42857142857142855,0.640029627415869,"[0.4529418647289276, 0.4727965295314789, 0.026400581002235413, 0.047861021012067795]","[0.5137074972902026, 0.5082592495850154, 0.36261919140815735, 0.6132593005895615]","[0.45699918270111084, 0.4633547365665436, 0.030213888734579086, 0.04943221062421799]","[0.4565701484680176, 0.44320711493492126, 0.04454343020915985, 0.055679287761449814]",0.0
"{""run_name"": ""fedheart_exp_paper_hetagg_gdro"", ""seed"": 42, ""run_dir"": ""runs/fedheart_cv/GroupDRO_s42_f1"", ""use_fedheart"": true, ""num_classes"": 2, ""stratified_batching"": true, ""train_frac"": 0.8, ""group_max_train_samples"": [null, null, 20, 25], ""true_hetero_input_dim"": true, ""feature_mask"": [[0, 1, 2, 3, 5, 6, 7, 8, 9, 10], [0, 1, 2, 3, 5, 6, 11, 12], [0, 1, 2, 4, 5, 7, 11, 12], [0, 1, 2, 4, 5, 6, 8, 9, 10]], ""batch_size"": 64, ""num_workers"": 0, ""epochs"": 100, ""early_stopping_patience"": 30, ""lr"": 0.001, ""weight_decay"": 0.0001, ""optimizer"": ""adam"", ""grad_clip"": 1.0, ""lr_scheduler"": ""cosine"", ""lr_min"": 1e-05, ""latent_dim"": 64, ""head_hidden"": 32, ""groups"": [{""name"": ""cleveland"", ""encoder"": ""mlp_tabular_ln"", ""input_dim"": 10, ""hidden_dim"": 64, ""dropout"": 0.1}, {""name"": ""hungarian"", ""encoder"": ""mlp_tabular_ln"", ""input_dim"": 8, ""hidden_dim"": 64, ""dropout"": 0.1}, {""name"": ""switzerland"", ""encoder"": ""mlp_tabular_ln"", ""input_dim"": 8, ""hidden_dim"": 64, ""dropout"": 0.1}, {""name"": ""va_long_beach"", ""encoder"": ""mlp_tabular_ln"", ""input_dim"": 9, ""hidden_dim"": 64, ""dropout"": 0.1}], ""anchor_eps"": 0.0001, ""sep_samples_per_class"": 4, ""sep_method"": ""classifier"", ""sep_margin"": 1.0, ""lambda_fit"": 0.001, ""lambda_sep"": 0.001, ""groupdro_enabled"": true, ""groupdro_eta"": 0.64, ""groupdro_gamma"": 0.9, ""groupdro_update_mode"": ""exp"", ""groupdro_objective"": ""weighted"", ""groupdro_kl_lambda"": 0.0, ""groupdro_uniform_init"": false, ""log_interval"": 20, ""save_every"": 10, ""groupdro_ema_decay"": 0.9, ""groupdro_update_every"": 1, ""dro_signal"": ""val"", ""val_frac"": 0.15, ""impute_missing"": true, ""common_encoder"": false, ""use_regret"": false, ""data_split_seed"": 1001}","{""num_groups"": 4, ""num_classes"": 2, ""train_total"": 449, ""test_total"": 185, ""train_group_counts"": [205, 199, 20, 25], ""test_group_counts"": [61, 59, 25, 40], ""train_class_counts"": [248, 201], ""test_class_counts"": [83, 102], ""train_group_class_counts"": [[111, 94], [127, 72], [2, 18], [8, 17]], ""test_group_class_counts"": [[33, 28], [38, 21], [2, 23], [10, 30]], ""group_proportions"": [0.45657015590200445, 0.44320712694877507, 0.044543429844097995, 0.0556792873051225], ""val_group_counts"": [37, 36, 15, 24], ""val_total"": 112}","{""num_groups"": 4, ""eta"": 0.64, ""update_mode"": ""exp"", ""robust_objective"": ""weighted"", ""gamma"": 0.9, ""kl_lambda"": 0.0, ""initial_pi"": [0.4565701484680176, 0.44320711493492126, 0.04454343020915985, 0.055679287761449814]}",2026-09-15T19:27:33.080474,5,0.49434706926886457,0.8049886657807832,0.001,0.7783783783783784,0.7944119894415116,0.725,0.92,"[0.7868852459016393, 0.7457627118644068, 0.92, 0.725]","[0.4766094566124385, 0.47468881422685366, 0.2941635224223137, 0.5783556360751391]","[0.6987951807228916, 0.8431372549019608]","[[0.8181818181818182, 0.75], [0.8157894736842105, 0.6190476190476191], [0.0, 1.0], [0.0, 0.9666666666666667]]","[61, 59, 25, 40]",0.7731826201369576,"[0.7848032564450476, 0.7196705733291099, 0.4791666666666667, 0.42028985507246375]",0.42028985507246375,0.5783556360751391,0.7678571428571429,0.7902027027027028,0.6666666666666666,0.9333333333333333,"[0.8108108108108109, 0.6666666666666666, 0.9333333333333333, 0.75]","[0.42284977496475784, 0.6588989812880754, 0.27329273770252865, 0.563384764517347]","[0.72, 0.8064516129032258]","[[0.8, 0.8235294117647058], [0.8695652173913043, 0.3076923076923077], [0.0, 1.0], [0.0, 1.0]]","[37, 36, 15, 24]",0.764172335600907,"[0.8102564102564103, 0.5846153846153846, 0.4827586206896552, 0.42857142857142855]",0.42857142857142855,0.6588989812880754,"[0.44567668437957764, 0.48482269048690796, 0.022971313446760178, 0.04652924835681915]","[0.4769734910556248, 0.4522782862186432, 0.29243376726905507, 0.6021701941887537]","[0.4529418647289276, 0.4727965295314789, 0.026400581002235413, 0.047861021012067795]","[0.4565701484680176, 0.44320711493492126, 0.04454343020915985, 0.055679287761449814]",0.0
"{""run_name"": ""fedheart_exp_paper_hetagg_gdro"", ""seed"": 42, ""run_dir"": ""runs/fedheart_cv/GroupDRO_s42_f1"", ""use_fedheart"": true, ""num_classes"": 2, ""stratified_batching"": true, ""train_frac"": 0.8, ""group_max_train_samples"": [null, null, 20, 25], ""true_hetero_input_dim"": true, ""feature_mask"": [[0, 1, 2, 3, 5, 6, 7, 8, 9, 10], [0, 1, 2, 3, 5, 6, 11, 12], [0, 1, 2, 4, 5, 7, 11, 12], [0, 1, 2, 4, 5, 6, 8, 9, 10]], ""batch_size"": 64, ""num_workers"": 0, ""epochs"": 100, ""early_stopping_patience"": 30, ""lr"": 0.001, ""weight_decay"": 0.0001, ""optimizer"": ""adam"", ""grad_clip"": 1.0, ""lr_scheduler"": ""cosine"", ""lr_min"": 1e-05, ""latent_dim"": 64, ""head_hidden"": 32, ""groups"": [{""name"": ""cleveland"", ""encoder"": ""mlp_tabular_ln"", ""input_dim"": 10, ""hidden_dim"": 64, ""dropout"": 0.1}, {""name"": ""hungarian"", ""encoder"": ""mlp_tabular_ln"", ""input_dim"": 8, ""hidden_dim"": 64, ""dropout"": 0.1}, {""name"": ""switzerland"", ""encoder"": ""mlp_tabular_ln"", ""input_dim"": 8, ""hidden_dim"": 64, ""dropout"": 0.1}, {""name"": ""va_long_beach"", ""encoder"": ""mlp_tabular_ln"", ""input_dim"": 9, ""hidden_dim"": 64, ""dropout"": 0.1}], ""anchor_eps"": 0.0001, ""sep_samples_per_class"": 4, ""sep_method"": ""classifier"", ""sep_margin"": 1.0, ""lambda_fit"": 0.001, ""lambda_sep"": 0.001, ""groupdro_enabled"": true, ""groupdro_eta"": 0.64, ""groupdro_gamma"": 0.9, ""groupdro_update_mode"": ""exp"", ""groupdro_objective"": ""weighted"", ""groupdro_kl_lambda"": 0.0, ""groupdro_uniform_init"": false, ""log_interval"": 20, ""save_every"": 10, ""groupdro_ema_decay"": 0.9, ""groupdro_update_every"": 1, ""dro_signal"": ""val"", ""val_frac"": 0.15, ""impute_missing"": true, ""common_encoder"": false, ""use_regret"": false, ""data_split_seed"": 1001}","{""num_groups"": 4, ""num_classes"": 2, ""train_total"": 449, ""test_total"": 185, ""train_group_counts"": [205, 199, 20, 25], ""test_group_counts"": [61, 59, 25, 40], ""train_class_counts"": [248, 201], ""test_class_counts"": [83, 102], ""train_group_class_counts"": [[111, 94], [127, 72], [2, 18], [8, 17]], ""test_group_class_counts"": [[33, 28], [38, 21], [2, 23], [10, 30]], ""group_proportions"": [0.45657015590200445, 0.44320712694877507, 0.044543429844097995, 0.0556792873051225], ""val_group_counts"": [37, 36, 15, 24], ""val_total"": 112}","{""num_groups"": 4, ""eta"": 0.64, ""update_mode"": ""exp"", ""robust_objective"": ""weighted"", ""gamma"": 0.9, ""kl_lambda"": 0.0, ""initial_pi"": [0.4565701484680176, 0.44320711493492126, 0.04454343020915985, 0.055679287761449814]}",2026-09-15T19:27:33.080474,6,0.48096537590026855,0.8208616797615882,0.001,0.7837837837837838,0.7986492775771048,0.725,0.92,"[0.7868852459016393, 0.7627118644067796, 0.92, 0.725]","[0.4716476106741389, 0.4780054174489894, 0.29245069444179533, 0.5828081492334605]","[0.7108433734939759, 0.8431372549019608]","[[0.8181818181818182, 0.75], [0.8157894736842105, 0.6666666666666666], [0.0, 1.0], [0.1, 0.9333333333333333]]","[61, 59, 25, 40]",0.7790780988774779,"[0.7848032564450476, 0.7412280701754386, 0.4791666666666667, 0.49483352468427094]",0.4791666666666667,0.5828081492334605,0.7857142857142857,0.8037162162162163,0.6666666666666666,0.9333333333333333,"[0.8648648648648649, 0.6666666666666666, 0.9333333333333333, 0.75]","[0.4119298703767158, 0.676158794719312, 0.26495613704125087, 0.5660704473654429]","[0.74, 0.8225806451612904]","[[0.8, 0.9411764705882353], [0.8695652173913043, 0.3076923076923077], [0.0, 1.0], [0.16666666666666666, 0.9444444444444444]]","[37, 36, 15, 24]",0.782312925170068,"[0.8648648648648648, 0.5846153846153846, 0.4827586206896552, 0.55]",0.4827586206896552,0.676158794719312,"[0.43510740995407104, 0.49962228536605835, 0.01988898776471615, 0.04538129270076752]","[0.46047912750925335, 0.44500496983528137, 0.306569663186868, 0.5077465424935023]","[0.44567668437957764, 0.48482269048690796, 0.022971313446760178, 0.04652924835681915]","[0.4565701484680176, 0.44320711493492126, 0.04454343020915985, 0.055679287761449814]",0.0
"{""run_name"": ""fedheart_exp_paper_hetagg_gdro"", ""seed"": 42, ""run_dir"": ""runs/fedheart_cv/GroupDRO_s42_f1"", ""use_fedheart"": true, ""num_classes"": 2, ""stratified_batching"": true, ""train_frac"": 0.8, ""group_max_train_samples"": [null, null, 20, 25], ""true_hetero_input_dim"": true, ""feature_mask"": [[0, 1, 2, 3, 5, 6, 7, 8, 9, 10], [0, 1, 2, 3, 5, 6, 11, 12], [0, 1, 2, 4, 5, 7, 11, 12], [0, 1, 2, 4, 5, 6, 8, 9, 10]], ""batch_size"": 64, ""num_workers"": 0, ""epochs"": 100, ""early_stopping_patience"": 30, ""lr"": 0.001, ""weight_decay"": 0.0001, ""optimizer"": ""adam"", ""grad_clip"": 1.0, ""lr_scheduler"": ""cosine"", ""lr_min"": 1e-05, ""latent_dim"": 64, ""head_hidden"": 32, ""groups"": [{""name"": ""cleveland"", ""encoder"": ""mlp_tabular_ln"", ""input_dim"": 10, ""hidden_dim"": 64, ""dropout"": 0.1}, {""name"": ""hungarian"", ""encoder"": ""mlp_tabular_ln"", ""input_dim"": 8, ""hidden_dim"": 64, ""dropout"": 0.1}, {""name"": ""switzerland"", ""encoder"": ""mlp_tabular_ln"", ""input_dim"": 8, ""hidden_dim"": 64, ""dropout"": 0.1}, {""name"": ""va_long_beach"", ""encoder"": ""mlp_tabular_ln"", ""input_dim"": 9, ""hidden_dim"": 64, ""dropout"": 0.1}], ""anchor_eps"": 0.0001, ""sep_samples_per_class"": 4, ""sep_method"": ""classifier"", ""sep_margin"": 1.0, ""lambda_fit"": 0.001, ""lambda_sep"": 0.001, ""groupdro_enabled"": true, ""groupdro_eta"": 0.64, ""groupdro_gamma"": 0.9, ""groupdro_update_mode"": ""exp"", ""groupdro_objective"": ""weighted"", ""groupdro_kl_lambda"": 0.0, ""groupdro_uniform_init"": false, ""log_interval"": 20, ""save_every"": 10, ""groupdro_ema_decay"": 0.9, ""groupdro_update_every"": 1, ""dro_signal"": ""val"", ""val_frac"": 0.15, ""impute_missing"": true, ""common_encoder"": false, ""use_regret"": false, ""data_split_seed"": 1001}","{""num_groups"": 4, ""num_classes"": 2, ""train_total"": 449, ""test_total"": 185, ""train_group_counts"": [205, 199, 20, 25], ""test_group_counts"": [61, 59, 25, 40], ""train_class_counts"": [248, 201], ""test_class_counts"": [83, 102], ""train_group_class_counts"": [[111, 94], [127, 72], [2, 18], [8, 17]], ""test_group_class_counts"": [[33, 28], [38, 21], [2, 23], [10, 30]], ""group_proportions"": [0.45657015590200445, 0.44320712694877507, 0.044543429844097995, 0.0556792873051225], ""val_group_counts"": [37, 36, 15, 24], ""val_total"": 112}","{""num_groups"": 4, ""eta"": 0.64, ""update_mode"": ""exp"", ""robust_objective"": ""weighted"", ""gamma"": 0.9, ""kl_lambda"": 0.0, ""initial_pi"": [0.4565701484680176, 0.44320711493492126, 0.04454343020915985, 0.055679287761449814]}",2026-09-15T19:27:33.080474,7,0.44473113366265415,0.8276643989578126,0.001,0.7783783783783784,0.794550916921367,0.725,0.92,"[0.7704918032786885, 0.7627118644067796, 0.92, 0.725]","[0.46625531806809, 0.49376586370043835, 0.2981887222826481, 0.5880150225013494]","[0.7228915662650602, 0.8235294117647058]","[[0.8181818181818182, 0.7142857142857143], [0.8421052631578947, 0.6190476190476191], [0.0, 1.0], [0.1, 0.9333333333333333]]","[61, 59, 25, 40]",0.7745846830515023,"[0.7674291938997821, 0.7352564102564103, 0.4791666666666667, 0.49483352468427094]",0.4791666666666667,0.5880150225013494,0.7767857142857143,0.8006193693693694,0.6666666666666666,0.9333333333333333,"[0.8108108108108109, 0.6666666666666666, 0.9333333333333333, 0.7916666666666666]","[0.4144000871157324, 0.6955155872015489, 0.26439548209309577, 0.571564141040047]","[0.76, 0.7903225806451613]","[[0.8, 0.8235294117647058], [0.8695652173913043, 0.3076923076923077], [0.0, 1.0], [0.3333333333333333, 0.9444444444444444]]","[37, 36, 15, 24]",0.7746116075022136,"[0.8102564102564103, 0.5846153846153846, 0.4827586206896552, 0.6581196581196581]",0.4827586206896552,0.6955155872015489,"[0.4213513731956482, 0.5171748399734497, 0.01712208241224289, 0.04435167834162712]","[0.4097771005971091, 0.4151646537440164, 0.30436524997154873, 0.5351890673240026]","[0.43510740995407104, 0.49962228536605835, 0.01988898776471615, 0.04538129270076752]","[0.4565701484680176, 0.44320711493492126, 0.04454343020915985, 0.055679287761449814]",0.0
"{""run_name"": ""fedheart_exp_paper_hetagg_gdro"", ""seed"": 42, ""run_dir"": ""runs/fedheart_cv/GroupDRO_s42_f1"", ""use_fedheart"": true, ""num_classes"": 2, ""stratified_batching"": true, ""train_frac"": 0.8, ""group_max_train_samples"": [null, null, 20, 25], ""true_hetero_input_dim"": true, ""feature_mask"": [[0, 1, 2, 3, 5, 6, 7, 8, 9, 10], [0, 1, 2, 3, 5, 6, 11, 12], [0, 1, 2, 4, 5, 7, 11, 12], [0, 1, 2, 4, 5, 6, 8, 9, 10]], ""batch_size"": 64, ""num_workers"": 0, ""epochs"": 100, ""early_stopping_patience"": 30, ""lr"": 0.001, ""weight_decay"": 0.0001, ""optimizer"": ""adam"", ""grad_clip"": 1.0, ""lr_scheduler"": ""cosine"", ""lr_min"": 1e-05, ""latent_dim"": 64, ""head_hidden"": 32, ""groups"": [{""name"": ""cleveland"", ""encoder"": ""mlp_tabular_ln"", ""input_dim"": 10, ""hidden_dim"": 64, ""dropout"": 0.1}, {""name"": ""hungarian"", ""encoder"": ""mlp_tabular_ln"", ""input_dim"": 8, ""hidden_dim"": 64, ""dropout"": 0.1}, {""name"": ""switzerland"", ""encoder"": ""mlp_tabular_ln"", ""input_dim"": 8, ""hidden_dim"": 64, ""dropout"": 0.1}, {""name"": ""va_long_beach"", ""encoder"": ""mlp_tabular_ln"", ""input_dim"": 9, ""hidden_dim"": 64, ""dropout"": 0.1}], ""anchor_eps"": 0.0001, ""sep_samples_per_class"": 4, ""sep_method"": ""classifier"", ""sep_margin"": 1.0, ""lambda_fit"": 0.001, ""lambda_sep"": 0.001, ""groupdro_enabled"": true, ""groupdro_eta"": 0.64, ""groupdro_gamma"": 0.9, ""groupdro_update_mode"": ""exp"", ""groupdro_objective"": ""weighted"", ""groupdro_kl_lambda"": 0.0, ""groupdro_uniform_init"": false, ""log_interval"": 20, ""save_every"": 10, ""groupdro_ema_decay"": 0.9, ""groupdro_update_every"": 1, ""dro_signal"": ""val"", ""val_frac"": 0.15, ""impute_missing"": true, ""common_encoder"": false, ""use_regret"": false, ""data_split_seed"": 1001}","{""num_groups"": 4, ""num_classes"": 2, ""train_total"": 449, ""test_total"": 185, ""train_group_counts"": [205, 199, 20, 25], ""test_group_counts"": [61, 59, 25, 40], ""train_class_counts"": [248, 201], ""test_class_counts"": [83, 102], ""train_group_class_counts"": [[111, 94], [127, 72], [2, 18], [8, 17]], ""test_group_class_counts"": [[33, 28], [38, 21], [2, 23], [10, 30]], ""group_proportions"": [0.45657015590200445, 0.44320712694877507, 0.044543429844097995, 0.0556792873051225], ""val_group_counts"": [37, 36, 15, 24], ""val_total"": 112}","{""num_groups"": 4, ""eta"": 0.64, ""update_mode"": ""exp"", ""robust_objective"": ""weighted"", ""gamma"": 0.9, ""kl_lambda"": 0.0, ""initial_pi"": [0.4565701484680176, 0.44320711493492126, 0.04454343020915985, 0.055679287761449814]}",2026-09-15T19:27:33.080474,8,0.44224470867321336,0.8231292506194169,0.001,0.7675675675675676,0.7863541956098916,0.725,0.92,"[0.7377049180327869, 0.7627118644067796, 0.92, 0.725]","[0.472916304332311, 0.5087097513852483, 0.30795737832784653, 0.5983058720827102]","[0.6746987951807228, 0.8431372549019608]","[[0.7272727272727273, 0.75], [0.8157894736842105, 0.6666666666666666], [0.0, 1.0], [0.1, 0.9333333333333333]]","[61, 59, 25, 40]",0.7612903225806451,"[0.7370689655172413, 0.7412280701754386, 0.4791666666666667, 0.49483352468427094]",0.4791666666666667,0.5983058720827102,0.7678571428571429,0.7865427927927928,0.6666666666666666,0.9333333333333333,"[0.8378378378378378, 0.6666666666666666, 0.9333333333333333, 0.7083333333333334]","[0.42462218119888695, 0.6885521351877186, 0.2660929746925831, 0.5867145198086897]","[0.76, 0.7741935483870968]","[[0.8, 0.8823529411764706], [0.8695652173913043, 0.3076923076923077], [0.0, 1.0], [0.3333333333333333, 0.8333333333333334]]","[37, 36, 15, 24]",0.7659916425586628,"[0.8377192982456141, 0.5846153846153846, 0.4827586206896552, 0.5872235872235873]",0.4827586206896552,0.6885521351877186,"[0.40503376722335815, 0.5368747115135193, 0.014655595645308495, 0.04343590512871742]","[0.4259889083249228, 0.4051928733076368, 0.35062546531359357, 0.4172211190064748]","[0.4213513731956482, 0.5171748399734497, 0.01712208241224289, 0.04435167834162712]","[0.4565701484680176, 0.44320711493492126, 0.04454343020915985, 0.055679287761449814]",0.0
"{""run_name"": ""fedheart_exp_paper_hetagg_gdro"", ""seed"": 42, ""run_dir"": ""runs/fedheart_cv/GroupDRO_s42_f1"", ""use_fedheart"": true, ""num_classes"": 2, ""stratified_batching"": true, ""train_frac"": 0.8, ""group_max_train_samples"": [null, null, 20, 25], ""true_hetero_input_dim"": true, ""feature_mask"": [[0, 1, 2, 3, 5, 6, 7, 8, 9, 10], [0, 1, 2, 3, 5, 6, 11, 12], [0, 1, 2, 4, 5, 7, 11, 12], [0, 1, 2, 4, 5, 6, 8, 9, 10]], ""batch_size"": 64, ""num_workers"": 0, ""epochs"": 100, ""early_stopping_patience"": 30, ""lr"": 0.001, ""weight_decay"": 0.0001, ""optimizer"": ""adam"", ""grad_clip"": 1.0, ""lr_scheduler"": ""cosine"", ""lr_min"": 1e-05, ""latent_dim"": 64, ""head_hidden"": 32, ""groups"": [{""name"": ""cleveland"", ""encoder"": ""mlp_tabular_ln"", ""input_dim"": 10, ""hidden_dim"": 64, ""dropout"": 0.1}, {""name"": ""hungarian"", ""encoder"": ""mlp_tabular_ln"", ""input_dim"": 8, ""hidden_dim"": 64, ""dropout"": 0.1}, {""name"": ""switzerland"", ""encoder"": ""mlp_tabular_ln"", ""input_dim"": 8, ""hidden_dim"": 64, ""dropout"": 0.1}, {""name"": ""va_long_beach"", ""encoder"": ""mlp_tabular_ln"", ""input_dim"": 9, ""hidden_dim"": 64, ""dropout"": 0.1}], ""anchor_eps"": 0.0001, ""sep_samples_per_class"": 4, ""sep_method"": ""classifier"", ""sep_margin"": 1.0, ""lambda_fit"": 0.001, ""lambda_sep"": 0.001, ""groupdro_enabled"": true, ""groupdro_eta"": 0.64, ""groupdro_gamma"": 0.9, ""groupdro_update_mode"": ""exp"", ""groupdro_objective"": ""weighted"", ""groupdro_kl_lambda"": 0.0, ""groupdro_uniform_init"": false, ""log_interval"": 20, ""save_every"": 10, ""groupdro_ema_decay"": 0.9, ""groupdro_update_every"": 1, ""dro_signal"": ""val"", ""val_frac"": 0.15, ""impute_missing"": true, ""common_encoder"": false, ""use_regret"": false, ""data_split_seed"": 1001}","{""num_groups"": 4, ""num_classes"": 2, ""train_total"": 449, ""test_total"": 185, ""train_group_counts"": [205, 199, 20, 25], ""test_group_counts"": [61, 59, 25, 40], ""train_class_counts"": [248, 201], ""test_class_counts"": [83, 102], ""train_group_class_counts"": [[111, 94], [127, 72], [2, 18], [8, 17]], ""test_group_class_counts"": [[33, 28], [38, 21], [2, 23], [10, 30]], ""group_proportions"": [0.45657015590200445, 0.44320712694877507, 0.044543429844097995, 0.0556792873051225], ""val_group_counts"": [37, 36, 15, 24], ""val_total"": 112}","{""num_groups"": 4, ""eta"": 0.64, ""update_mode"": ""exp"", ""robust_objective"": ""weighted"", ""gamma"": 0.9, ""kl_lambda"": 0.0, ""initial_pi"": [0.4565701484680176, 0.44320711493492126, 0.04454343020915985, 0.055679287761449814]}",2026-09-15T19:27:33.080474,9,0.4154160418748315,0.8253968232342986,0.001,0.7675675675675676,0.7863541956098916,0.725,0.92,"[0.7377049180327869, 0.7627118644067796, 0.92, 0.725]","[0.4672353816081266, 0.5306688614063344, 0.3146480850875378, 0.6159871220588684]","[0.6867469879518072, 0.8333333333333334]","[[0.7272727272727273, 0.75], [0.8421052631578947, 0.6190476190476191], [0.0, 1.0], [0.1, 0.9333333333333333]]","[61, 59, 25, 40]",0.7621183577046142,"[0.7370689655172413, 0.7352564102564103, 0.4791666666666667, 0.49483352468427094]",0.4791666666666667,0.6159871220588684,0.7678571428571429,0.7830705705705705,0.6666666666666666,0.9333333333333333,"[0.8378378378378378, 0.6944444444444444, 0.9333333333333333, 0.6666666666666666]","[0.4292447149149469, 0.7003860736472739, 0.26690603569149973, 0.6095898076891899]","[0.76, 0.7741935483870968]","[[0.8, 0.8823529411764706], [0.8695652173913043, 0.38461538461538464], [0.0, 1.0], [0.3333333333333333, 0.7777777777777778]]","[37, 36, 15, 24]",0.7659916425586628,"[0.8377192982456141, 0.6302521008403361, 0.4827586206896552, 0.5555555555555556]",0.4827586206896552,0.7003860736472739,"[0.3864120841026306, 0.5584941506385803, 0.012464958243072033, 0.04262886941432953]","[0.4030565321445465, 0.37931901642254423, 0.2672628105307619, 0.46832241614659625]","[0.40503376722335815, 0.5368747115135193, 0.014655595645308495, 0.04343590512871742]","[0.4565701484680176, 0.44320711493492126, 0.04454343020915985, 0.055679287761449814]",0.0
"{""run_name"": ""fedheart_exp_paper_hetagg_gdro"", ""seed"": 42, ""run_dir"": ""runs/fedheart_cv/GroupDRO_s42_f1"", ""use_fedheart"": true, ""num_classes"": 2, ""stratified_batching"": true, ""train_frac"": 0.8, ""group_max_train_samples"": [null, null, 20, 25], ""true_hetero_input_dim"": true, ""feature_mask"": [[0, 1, 2, 3, 5, 6, 7, 8, 9, 10], [0, 1, 2, 3, 5, 6, 11, 12], [0, 1, 2, 4, 5, 7, 11, 12], [0, 1, 2, 4, 5, 6, 8, 9, 10]], ""batch_size"": 64, ""num_workers"": 0, ""epochs"": 100, ""early_stopping_patience"": 30, ""lr"": 0.001, ""weight_decay"": 0.0001, ""optimizer"": ""adam"", ""grad_clip"": 1.0, ""lr_scheduler"": ""cosine"", ""lr_min"": 1e-05, ""latent_dim"": 64, ""head_hidden"": 32, ""groups"": [{""name"": ""cleveland"", ""encoder"": ""mlp_tabular_ln"", ""input_dim"": 10, ""hidden_dim"": 64, ""dropout"": 0.1}, {""name"": ""hungarian"", ""encoder"": ""mlp_tabular_ln"", ""input_dim"": 8, ""hidden_dim"": 64, ""dropout"": 0.1}, {""name"": ""switzerland"", ""encoder"": ""mlp_tabular_ln"", ""input_dim"": 8, ""hidden_dim"": 64, ""dropout"": 0.1}, {""name"": ""va_long_beach"", ""encoder"": ""mlp_tabular_ln"", ""input_dim"": 9, ""hidden_dim"": 64, ""dropout"": 0.1}], ""anchor_eps"": 0.0001, ""sep_samples_per_class"": 4, ""sep_method"": ""classifier"", ""sep_margin"": 1.0, ""lambda_fit"": 0.001, ""lambda_sep"": 0.001, ""groupdro_enabled"": true, ""groupdro_eta"": 0.64, ""groupdro_gamma"": 0.9, ""groupdro_update_mode"": ""exp"", ""groupdro_objective"": ""weighted"", ""groupdro_kl_lambda"": 0.0, ""groupdro_uniform_init"": false, ""log_interval"": 20, ""save_every"": 10, ""groupdro_ema_decay"": 0.9, ""groupdro_update_every"": 1, ""dro_signal"": ""val"", ""val_frac"": 0.15, ""impute_missing"": true, ""common_encoder"": false, ""use_regret"": false, ""data_split_seed"": 1001}","{""num_groups"": 4, ""num_classes"": 2, ""train_total"": 449, ""test_total"": 185, ""train_group_counts"": [205, 199, 20, 25], ""test_group_counts"": [61, 59, 25, 40], ""train_class_counts"": [248, 201], ""test_class_counts"": [83, 102], ""train_group_class_counts"": [[111, 94], [127, 72], [2, 18], [8, 17]], ""test_group_class_counts"": [[33, 28], [38, 21], [2, 23], [10, 30]], ""group_proportions"": [0.45657015590200445, 0.44320712694877507, 0.044543429844097995, 0.0556792873051225], ""val_group_counts"": [37, 36, 15, 24], ""val_total"": 112}","{""num_groups"": 4, ""eta"": 0.64, ""update_mode"": ""exp"", ""robust_objective"": ""weighted"", ""gamma"": 0.9, ""kl_lambda"": 0.0, ""initial_pi"": [0.4565701484680176, 0.44320711493492126, 0.04454343020915985, 0.055679287761449814]}",2026-09-15T19:27:33.080474,10,0.4295578742919325,0.8321995472962083,0.001,0.7837837837837838,0.7987882050569602,0.725,0.92,"[0.7704918032786885, 0.7796610169491526, 0.92, 0.725]","[0.4642206293332284, 0.5428029339823682, 0.3214974372088909, 0.6272868521511554]","[0.6987951807228916, 0.8529411764705882]","[[0.7575757575757576, 0.7857142857142857], [0.8421052631578947, 0.6666666666666666], [0.0, 1.0], [0.1, 0.9333333333333333]]","[61, 59, 25, 40]",0.7783369278696382,"[0.7699353448275861, 0.7570478302185619, 0.4791666666666667, 0.49483352468427094]",0.4791666666666667,0.6272868521511554,0.7678571428571429,0.7830705705705705,0.6666666666666666,0.9333333333333333,"[0.8378378378378378, 0.6944444444444444, 0.9333333333333333, 0.6666666666666666]","[0.4266070319289291, 0.6685748982967602, 0.26839590097467103, 0.6320655063415567]","[0.76, 0.7741935483870968]","[[0.8, 0.8823529411764706], [0.8695652173913043, 0.38461538461538464], [0.0, 1.0], [0.3333333333333333, 0.7777777777777778]]","[37, 36, 15, 24]",0.7659916425586628,"[0.8377192982456141, 0.6302521008403361, 0.4827586206896552, 0.5555555555555556]",0.4827586206896552,0.6685748982967602,"[0.36626577377319336, 0.5811888575553894, 0.010547610931098461, 0.0419977530837059]","[0.39735897524016245, 0.4106542893818447, 0.18725731720527014, 0.47332588334878284]","[0.3864120841026306, 0.5584941506385803, 0.012464958243072033, 0.04262886941432953]","[0.4565701484680176, 0.44320711493492126, 0.04454343020915985, 0.055679287761449814]",0.0
"{""run_name"": ""fedheart_exp_paper_hetagg_gdro"", ""seed"": 42, ""run_dir"": ""runs/fedheart_cv/GroupDRO_s42_f1"", ""use_fedheart"": true, ""num_classes"": 2, ""stratified_batching"": true, ""train_frac"": 0.8, ""group_max_train_samples"": [null, null, 20, 25], ""true_hetero_input_dim"": true, ""feature_mask"": [[0, 1, 2, 3, 5, 6, 7, 8, 9, 10], [0, 1, 2, 3, 5, 6, 11, 12], [0, 1, 2, 4, 5, 7, 11, 12], [0, 1, 2, 4, 5, 6, 8, 9, 10]], ""batch_size"": 64, ""num_workers"": 0, ""epochs"": 100, ""early_stopping_patience"": 30, ""lr"": 0.001, ""weight_decay"": 0.0001, ""optimizer"": ""adam"", ""grad_clip"": 1.0, ""lr_scheduler"": ""cosine"", ""lr_min"": 1e-05, ""latent_dim"": 64, ""head_hidden"": 32, ""groups"": [{""name"": ""cleveland"", ""encoder"": ""mlp_tabular_ln"", ""input_dim"": 10, ""hidden_dim"": 64, ""dropout"": 0.1}, {""name"": ""hungarian"", ""encoder"": ""mlp_tabular_ln"", ""input_dim"": 8, ""hidden_dim"": 64, ""dropout"": 0.1}, {""name"": ""switzerland"", ""encoder"": ""mlp_tabular_ln"", ""input_dim"": 8, ""hidden_dim"": 64, ""dropout"": 0.1}, {""name"": ""va_long_beach"", ""encoder"": ""mlp_tabular_ln"", ""input_dim"": 9, ""hidden_dim"": 64, ""dropout"": 0.1}], ""anchor_eps"": 0.0001, ""sep_samples_per_class"": 4, ""sep_method"": ""classifier"", ""sep_margin"": 1.0, ""lambda_fit"": 0.001, ""lambda_sep"": 0.001, ""groupdro_enabled"": true, ""groupdro_eta"": 0.64, ""groupdro_gamma"": 0.9, ""groupdro_update_mode"": ""exp"", ""groupdro_objective"": ""weighted"", ""groupdro_kl_lambda"": 0.0, ""groupdro_uniform_init"": false, ""log_interval"": 20, ""save_every"": 10, ""groupdro_ema_decay"": 0.9, ""groupdro_update_every"": 1, ""dro_signal"": ""val"", ""val_frac"": 0.15, ""impute_missing"": true, ""common_encoder"": false, ""use_regret"": false, ""data_split_seed"": 1001}","{""num_groups"": 4, ""num_classes"": 2, ""train_total"": 449, ""test_total"": 185, ""train_group_counts"": [205, 199, 20, 25], ""test_group_counts"": [61, 59, 25, 40], ""train_class_counts"": [248, 201], ""test_class_counts"": [83, 102], ""train_group_class_counts"": [[111, 94], [127, 72], [2, 18], [8, 17]], ""test_group_class_counts"": [[33, 28], [38, 21], [2, 23], [10, 30]], ""group_proportions"": [0.45657015590200445, 0.44320712694877507, 0.044543429844097995, 0.0556792873051225], ""val_group_counts"": [37, 36, 15, 24], ""val_total"": 112}","{""num_groups"": 4, ""eta"": 0.64, ""update_mode"": ""exp"", ""robust_objective"": ""weighted"", ""gamma"": 0.9, ""kl_lambda"": 0.0, ""initial_pi"": [0.4565701484680176, 0.44320711493492126, 0.04454343020915985, 0.055679287761449814]}",2026-09-15T19:27:33.080474,11,0.4097460984778242,0.8526077105615144,0.001,0.7837837837837838,0.7987882050569602,0.725,0.92,"[0.7704918032786885, 0.7796610169491526, 0.92, 0.725]","[0.4597674155699425, 0.5634269625643047, 0.3263287170231342, 0.6376105409115553]","[0.7108433734939759, 0.8431372549019608]","[[0.7878787878787878, 0.75], [0.8421052631578947, 0.6666666666666666], [0.0, 1.0], [0.1, 0.9333333333333333]]","[61, 59, 25, 40]",0.7790780988774779,"[0.7689393939393939, 0.7570478302185619, 0.4791666666666667, 0.49483352468427094]",0.4791666666666667,0.6376105409115553,0.7589285714285714,0.7763138138138138,0.6666666666666666,0.9333333333333333,"[0.8108108108108109, 0.6944444444444444, 0.9333333333333333, 0.6666666666666666]","[0.42539332796995705, 0.6795791660745939, 0.2698354447881381, 0.6628190524255236]","[0.78, 0.7419354838709677]","[[0.8, 0.8235294117647058], [0.9130434782608695, 0.3076923076923077], [0.0, 1.0], [0.3333333333333333, 0.7777777777777778]]","[37, 36, 15, 24]",0.7579831932773109,"[0.8102564102564103, 0.6067527308838133, 0.4827586206896552, 0.5555555555555556]",0.4827586206896552,0.6795791660745939,"[0.34476786851882935, 0.6047983169555664, 0.008875783532857895, 0.041558001190423965]","[0.3567651616675513, 0.40769646423203604, 0.23135806558032831, 0.42081019779046375]","[0.36626577377319336, 0.5811888575553894, 0.010547610931098461, 0.0419977530837059]","[0.4565701484680176, 0.44320711493492126, 0.04454343020915985, 0.055679287761449814]",0.0
"{""run_name"": ""fedheart_exp_paper_hetagg_gdro"", ""seed"": 42, ""run_dir"": ""runs/fedheart_cv/GroupDRO_s42_f1"", ""use_fedheart"": true, ""num_classes"": 2, ""stratified_batching"": true, ""train_frac"": 0.8, ""group_max_train_samples"": [null, null, 20, 25], ""true_hetero_input_dim"": true, ""feature_mask"": [[0, 1, 2, 3, 5, 6, 7, 8, 9, 10], [0, 1, 2, 3, 5, 6, 11, 12], [0, 1, 2, 4, 5, 7, 11, 12], [0, 1, 2, 4, 5, 6, 8, 9, 10]], ""batch_size"": 64, ""num_workers"": 0, ""epochs"": 100, ""early_stopping_patience"": 30, ""lr"": 0.001, ""weight_decay"": 0.0001, ""optimizer"": ""adam"", ""grad_clip"": 1.0, ""lr_scheduler"": ""cosine"", ""lr_min"": 1e-05, ""latent_dim"": 64, ""head_hidden"": 32, ""groups"": [{""name"": ""cleveland"", ""encoder"": ""mlp_tabular_ln"", ""input_dim"": 10, ""hidden_dim"": 64, ""dropout"": 0.1}, {""name"": ""hungarian"", ""encoder"": ""mlp_tabular_ln"", ""input_dim"": 8, ""hidden_dim"": 64, ""dropout"": 0.1}, {""name"": ""switzerland"", ""encoder"": ""mlp_tabular_ln"", ""input_dim"": 8, ""hidden_dim"": 64, ""dropout"": 0.1}, {""name"": ""va_long_beach"", ""encoder"": ""mlp_tabular_ln"", ""input_dim"": 9, ""hidden_dim"": 64, ""dropout"": 0.1}], ""anchor_eps"": 0.0001, ""sep_samples_per_class"": 4, ""sep_method"": ""classifier"", ""sep_margin"": 1.0, ""lambda_fit"": 0.001, ""lambda_sep"": 0.001, ""groupdro_enabled"": true, ""groupdro_eta"": 0.64, ""groupdro_gamma"": 0.9, ""groupdro_update_mode"": ""exp"", ""groupdro_objective"": ""weighted"", ""groupdro_kl_lambda"": 0.0, ""groupdro_uniform_init"": false, ""log_interval"": 20, ""save_every"": 10, ""groupdro_ema_decay"": 0.9, ""groupdro_update_every"": 1, ""dro_signal"": ""val"", ""val_frac"": 0.15, ""impute_missing"": true, ""common_encoder"": false, ""use_regret"": false, ""data_split_seed"": 1001}","{""num_groups"": 4, ""num_classes"": 2, ""train_total"": 449, ""test_total"": 185, ""train_group_counts"": [205, 199, 20, 25], ""test_group_counts"": [61, 59, 25, 40], ""train_class_counts"": [248, 201], ""test_class_counts"": [83, 102], ""train_group_class_counts"": [[111, 94], [127, 72], [2, 18], [8, 17]], ""test_group_class_counts"": [[33, 28], [38, 21], [2, 23], [10, 30]], ""group_proportions"": [0.45657015590200445, 0.44320712694877507, 0.044543429844097995, 0.0556792873051225], ""val_group_counts"": [37, 36, 15, 24], ""val_total"": 112}","{""num_groups"": 4, ""eta"": 0.64, ""update_mode"": ""exp"", ""robust_objective"": ""weighted"", ""gamma"": 0.9, ""kl_lambda"": 0.0, ""initial_pi"": [0.4565701484680176, 0.44320711493492126, 0.04454343020915985, 0.055679287761449814]}",2026-09-15T19:27:33.080474,12,0.39183778449251,0.8503401340270529,0.001,0.7837837837837838,0.7986492775771048,0.725,0.92,"[0.7868852459016393, 0.7627118644067796, 0.92, 0.725]","[0.46298421546816826, 0.5793138949232082, 0.3320146329700947, 0.6618932565674186]","[0.7228915662650602, 0.8333333333333334]","[[0.8181818181818182, 0.75], [0.8421052631578947, 0.6190476190476191], [0.0, 1.0], [0.1, 0.9333333333333333]]","[61, 59, 25, 40]",0.7797619047619048,"[0.7848032564450476, 0.7352564102564103, 0.4791666666666667, 0.49483352468427094]",0.4791666666666667,0.6618932565674186,0.75,0.7693693693693694,0.6666666666666666,0.9333333333333333,"[0.8108108108108109, 0.6666666666666666, 0.9333333333333333, 0.6666666666666666]","[0.4271301372429809, 0.6817436865013506, 0.2718355635801951, 0.7132499689857165]","[0.78, 0.7258064516129032]","[[0.8, 0.8235294117647058], [0.9130434782608695, 0.23076923076923078], [0.0, 1.0], [0.3333333333333333, 0.7777777777777778]]","[37, 36, 15, 24]",0.7492804605052767,"[0.8102564102564103, 0.5555555555555556, 0.4827586206896552, 0.5555555555555556]",0.4827586206896552,0.7132499689857165,"[0.3222738802433014, 0.628915548324585, 0.007426403928548098, 0.04138414189219475]","[0.3892419636249542, 0.35588776213782175, 0.2715589813888073, 0.41409576684236526]","[0.34476786851882935, 0.6047983169555664, 0.008875783532857895, 0.041558001190423965]","[0.4565701484680176, 0.44320711493492126, 0.04454343020915985, 0.055679287761449814]",0.0
"{""run_name"": ""fedheart_exp_paper_hetagg_gdro"", ""seed"": 42, ""run_dir"": ""runs/fedheart_cv/GroupDRO_s42_f1"", ""use_fedheart"": true, ""num_classes"": 2, ""stratified_batching"": true, ""train_frac"": 0.8, ""group_max_train_samples"": [null, null, 20, 25], ""true_hetero_input_dim"": true, ""feature_mask"": [[0, 1, 2, 3, 5, 6, 7, 8, 9, 10], [0, 1, 2, 3, 5, 6, 11, 12], [0, 1, 2, 4, 5, 7, 11, 12], [0, 1, 2, 4, 5, 6, 8, 9, 10]], ""batch_size"": 64, ""num_workers"": 0, ""epochs"": 100, ""early_stopping_patience"": 30, ""lr"": 0.001, ""weight_decay"": 0.0001, ""optimizer"": ""adam"", ""grad_clip"": 1.0, ""lr_scheduler"": ""cosine"", ""lr_min"": 1e-05, ""latent_dim"": 64, ""head_hidden"": 32, ""groups"": [{""name"": ""cleveland"", ""encoder"": ""mlp_tabular_ln"", ""input_dim"": 10, ""hidden_dim"": 64, ""dropout"": 0.1}, {""name"": ""hungarian"", ""encoder"": ""mlp_tabular_ln"", ""input_dim"": 8, ""hidden_dim"": 64, ""dropout"": 0.1}, {""name"": ""switzerland"", ""encoder"": ""mlp_tabular_ln"", ""input_dim"": 8, ""hidden_dim"": 64, ""dropout"": 0.1}, {""name"": ""va_long_beach"", ""encoder"": ""mlp_tabular_ln"", ""input_dim"": 9, ""hidden_dim"": 64, ""dropout"": 0.1}], ""anchor_eps"": 0.0001, ""sep_samples_per_class"": 4, ""sep_method"": ""classifier"", ""sep_margin"": 1.0, ""lambda_fit"": 0.001, ""lambda_sep"": 0.001, ""groupdro_enabled"": true, ""groupdro_eta"": 0.64, ""groupdro_gamma"": 0.9, ""groupdro_update_mode"": ""exp"", ""groupdro_objective"": ""weighted"", ""groupdro_kl_lambda"": 0.0, ""groupdro_uniform_init"": false, ""log_interval"": 20, ""save_every"": 10, ""groupdro_ema_decay"": 0.9, ""groupdro_update_every"": 1, ""dro_signal"": ""val"", ""val_frac"": 0.15, ""impute_missing"": true, ""common_encoder"": false, ""use_regret"": false, ""data_split_seed"": 1001}","{""num_groups"": 4, ""num_classes"": 2, ""train_total"": 449, ""test_total"": 185, ""train_group_counts"": [205, 199, 20, 25], ""test_group_counts"": [61, 59, 25, 40], ""train_class_counts"": [248, 201], ""test_class_counts"": [83, 102], ""train_group_class_counts"": [[111, 94], [127, 72], [2, 18], [8, 17]], ""test_group_class_counts"": [[33, 28], [38, 21], [2, 23], [10, 30]], ""group_proportions"": [0.45657015590200445, 0.44320712694877507, 0.044543429844097995, 0.0556792873051225], ""val_group_counts"": [37, 36, 15, 24], ""val_total"": 112}","{""num_groups"": 4, ""eta"": 0.64, ""update_mode"": ""exp"", ""robust_objective"": ""weighted"", ""gamma"": 0.9, ""kl_lambda"": 0.0, ""initial_pi"": [0.4565701484680176, 0.44320711493492126, 0.04454343020915985, 0.055679287761449814]}",2026-09-15T19:27:33.080474,13,0.39566761464759065,0.8594104307038444,0.001,0.772972972972973,0.7862882050569603,0.675,0.92,"[0.7704918032786885, 0.7796610169491526, 0.92, 0.675]","[0.46187290772184975, 0.6096009571989209, 0.3390175899863243, 0.6906384889036417]","[0.6987951807228916, 0.8333333333333334]","[[0.7575757575757576, 0.7857142857142857], [0.8421052631578947, 0.6666666666666666], [0.0, 1.0], [0.1, 0.8666666666666667]]","[61, 59, 25, 40]",0.7680320038213518,"[0.7699353448275861, 0.7570478302185619, 0.4791666666666667, 0.4666666666666667]",0.4666666666666667,0.6906384889036417,0.7589285714285714,0.7726539039039039,0.625,0.9333333333333333,"[0.8378378378378378, 0.6944444444444444, 0.9333333333333333, 0.625]","[0.4317573728794987, 0.684264897265368, 0.2744993125398954, 0.768107951618731]","[0.78, 0.7419354838709677]","[[0.8, 0.8823529411764706], [0.9130434782608695, 0.3076923076923077], [0.0, 1.0], [0.3333333333333333, 0.7222222222222222]]","[37, 36, 15, 24]",0.7579831932773109,"[0.8377192982456141, 0.6067527308838133, 0.4827586206896552, 0.5252747252747252]",0.4827586206896552,0.768107951618731,"[0.29917919635772705, 0.6530886888504028, 0.006177320145070553, 0.041554875671863556]","[0.3842853286436626, 0.3707420357636043, 0.22914396288494268, 0.36465692271788913]","[0.3222738802433014, 0.628915548324585, 0.007426403928548098, 0.04138414189219475]","[0.4565701484680176, 0.44320711493492126, 0.04454343020915985, 0.055679287761449814]",0.0
"{""run_name"": ""fedheart_exp_paper_hetagg_gdro"", ""seed"": 42, ""run_dir"": ""runs/fedheart_cv/GroupDRO_s42_f1"", ""use_fedheart"": true, ""num_classes"": 2, ""stratified_batching"": true, ""train_frac"": 0.8, ""group_max_train_samples"": [null, null, 20, 25], ""true_hetero_input_dim"": true, ""feature_mask"": [[0, 1, 2, 3, 5, 6, 7, 8, 9, 10], [0, 1, 2, 3, 5, 6, 11, 12], [0, 1, 2, 4, 5, 7, 11, 12], [0, 1, 2, 4, 5, 6, 8, 9, 10]], ""batch_size"": 64, ""num_workers"": 0, ""epochs"": 100, ""early_stopping_patience"": 30, ""lr"": 0.001, ""weight_decay"": 0.0001, ""optimizer"": ""adam"", ""grad_clip"": 1.0, ""lr_scheduler"": ""cosine"", ""lr_min"": 1e-05, ""latent_dim"": 64, ""head_hidden"": 32, ""groups"": [{""name"": ""cleveland"", ""encoder"": ""mlp_tabular_ln"", ""input_dim"": 10, ""hidden_dim"": 64, ""dropout"": 0.1}, {""name"": ""hungarian"", ""encoder"": ""mlp_tabular_ln"", ""input_dim"": 8, ""hidden_dim"": 64, ""dropout"": 0.1}, {""name"": ""switzerland"", ""encoder"": ""mlp_tabular_ln"", ""input_dim"": 8, ""hidden_dim"": 64, ""dropout"": 0.1}, {""name"": ""va_long_beach"", ""encoder"": ""mlp_tabular_ln"", ""input_dim"": 9, ""hidden_dim"": 64, ""dropout"": 0.1}], ""anchor_eps"": 0.0001, ""sep_samples_per_class"": 4, ""sep_method"": ""classifier"", ""sep_margin"": 1.0, ""lambda_fit"": 0.001, ""lambda_sep"": 0.001, ""groupdro_enabled"": true, ""groupdro_eta"": 0.64, ""groupdro_gamma"": 0.9, ""groupdro_update_mode"": ""exp"", ""groupdro_objective"": ""weighted"", ""groupdro_kl_lambda"": 0.0, ""groupdro_uniform_init"": false, ""log_interval"": 20, ""save_every"": 10, ""groupdro_ema_decay"": 0.9, ""groupdro_update_every"": 1, ""dro_signal"": ""val"", ""val_frac"": 0.15, ""impute_missing"": true, ""common_encoder"": false, ""use_regret"": false, ""data_split_seed"": 1001}","{""num_groups"": 4, ""num_classes"": 2, ""train_total"": 449, ""test_total"": 185, ""train_group_counts"": [205, 199, 20, 25], ""test_group_counts"": [61, 59, 25, 40], ""train_class_counts"": [248, 201], ""test_class_counts"": [83, 102], ""train_group_class_counts"": [[111, 94], [127, 72], [2, 18], [8, 17]], ""test_group_class_counts"": [[33, 28], [38, 21], [2, 23], [10, 30]], ""group_proportions"": [0.45657015590200445, 0.44320712694877507, 0.044543429844097995, 0.0556792873051225], ""val_group_counts"": [37, 36, 15, 24], ""val_total"": 112}","{""num_groups"": 4, ""eta"": 0.64, ""update_mode"": ""exp"", ""robust_objective"": ""weighted"", ""gamma"": 0.9, ""kl_lambda"": 0.0, ""initial_pi"": [0.4565701484680176, 0.44320711493492126, 0.04454343020915985, 0.055679287761449814]}",2026-09-15T19:27:33.080474,14,0.3927069545603123,0.8480725631692242,0.001,0.7621621621621621,0.7737882050569602,0.625,0.92,"[0.7704918032786885, 0.7796610169491526, 0.92, 0.625]","[0.4722295932960315, 0.629242738251085, 0.346155124604702, 0.7124017383903265]","[0.6867469879518072, 0.8235294117647058]","[[0.7272727272727273, 0.8214285714285714], [0.8421052631578947, 0.6666666666666666], [0.0, 1.0], [0.1, 0.8]]","[61, 59, 25, 40]",0.7569859087652258,"[0.7704301075268817, 0.7570478302185619, 0.4791666666666667, 0.4397759103641457]",0.4397759103641457,0.7124017383903265,0.7589285714285714,0.7726539039039039,0.625,0.9333333333333333,"[0.8378378378378378, 0.6944444444444444, 0.9333333333333333, 0.625]","[0.44696230234930645, 0.6944886543011913, 0.2776044671734174, 0.8138539892000457]","[0.78, 0.7419354838709677]","[[0.8, 0.8823529411764706], [0.9130434782608695, 0.3076923076923077], [0.0, 1.0], [0.3333333333333333, 0.7222222222222222]]","[37, 36, 15, 24]",0.7579831932773109,"[0.8377192982456141, 0.6067527308838133, 0.4827586206896552, 0.5252747252747252]",0.4827586206896552,0.8138539892000457,"[0.27591753005981445, 0.6768714785575867, 0.005105337593704462, 0.042105719447135925]","[0.3914141527244023, 0.36109631402151926, 0.24928426804641882, 0.42234809945027035]","[0.29917919635772705, 0.6530886888504028, 0.006177320145070553, 0.041554875671863556]","[0.4565701484680176, 0.44320711493492126, 0.04454343020915985, 0.055679287761449814]",0.0
"{""run_name"": ""fedheart_exp_paper_hetagg_gdro"", ""seed"": 42, ""run_dir"": ""runs/fedheart_cv/GroupDRO_s42_f1"", ""use_fedheart"": true, ""num_classes"": 2, ""stratified_batching"": true, ""train_frac"": 0.8, ""group_max_train_samples"": [null, null, 20, 25], ""true_hetero_input_dim"": true, ""feature_mask"": [[0, 1, 2, 3, 5, 6, 7, 8, 9, 10], [0, 1, 2, 3, 5, 6, 11, 12], [0, 1, 2, 4, 5, 7, 11, 12], [0, 1, 2, 4, 5, 6, 8, 9, 10]], ""batch_size"": 64, ""num_workers"": 0, ""epochs"": 100, ""early_stopping_patience"": 30, ""lr"": 0.001, ""weight_decay"": 0.0001, ""optimizer"": ""adam"", ""grad_clip"": 1.0, ""lr_scheduler"": ""cosine"", ""lr_min"": 1e-05, ""latent_dim"": 64, ""head_hidden"": 32, ""groups"": [{""name"": ""cleveland"", ""encoder"": ""mlp_tabular_ln"", ""input_dim"": 10, ""hidden_dim"": 64, ""dropout"": 0.1}, {""name"": ""hungarian"", ""encoder"": ""mlp_tabular_ln"", ""input_dim"": 8, ""hidden_dim"": 64, ""dropout"": 0.1}, {""name"": ""switzerland"", ""encoder"": ""mlp_tabular_ln"", ""input_dim"": 8, ""hidden_dim"": 64, ""dropout"": 0.1}, {""name"": ""va_long_beach"", ""encoder"": ""mlp_tabular_ln"", ""input_dim"": 9, ""hidden_dim"": 64, ""dropout"": 0.1}], ""anchor_eps"": 0.0001, ""sep_samples_per_class"": 4, ""sep_method"": ""classifier"", ""sep_margin"": 1.0, ""lambda_fit"": 0.001, ""lambda_sep"": 0.001, ""groupdro_enabled"": true, ""groupdro_eta"": 0.64, ""groupdro_gamma"": 0.9, ""groupdro_update_mode"": ""exp"", ""groupdro_objective"": ""weighted"", ""groupdro_kl_lambda"": 0.0, ""groupdro_uniform_init"": false, ""log_interval"": 20, ""save_every"": 10, ""groupdro_ema_decay"": 0.9, ""groupdro_update_every"": 1, ""dro_signal"": ""val"", ""val_frac"": 0.15, ""impute_missing"": true, ""common_encoder"": false, ""use_regret"": false, ""data_split_seed"": 1001}","{""num_groups"": 4, ""num_classes"": 2, ""train_total"": 449, ""test_total"": 185, ""train_group_counts"": [205, 199, 20, 25], ""test_group_counts"": [61, 59, 25, 40], ""train_class_counts"": [248, 201], ""test_class_counts"": [83, 102], ""train_group_class_counts"": [[111, 94], [127, 72], [2, 18], [8, 17]], ""test_group_class_counts"": [[33, 28], [38, 21], [2, 23], [10, 30]], ""group_proportions"": [0.45657015590200445, 0.44320712694877507, 0.044543429844097995, 0.0556792873051225], ""val_group_counts"": [37, 36, 15, 24], ""val_total"": 112}","{""num_groups"": 4, ""eta"": 0.64, ""update_mode"": ""exp"", ""robust_objective"": ""weighted"", ""gamma"": 0.9, ""kl_lambda"": 0.0, ""initial_pi"": [0.4565701484680176, 0.44320711493492126, 0.04454343020915985, 0.055679287761449814]}",2026-09-15T19:27:33.080474,15,0.37343916959232754,0.861678003453884,0.001,0.7567567567567568,0.769550916921367,0.625,0.92,"[0.7704918032786885, 0.7627118644067796, 0.92, 0.625]","[0.46154707610668216, 0.6398287905001286, 0.3478451144695282, 0.7316837825812399]","[0.6867469879518072, 0.8137254901960784]","[[0.7575757575757576, 0.7857142857142857], [0.8157894736842105, 0.6666666666666666], [0.0, 1.0], [0.1, 0.8]]","[61, 59, 25, 40]",0.7518554949476884,"[0.7699353448275861, 0.7412280701754386, 0.4791666666666667, 0.4397759103641457]",0.4397759103641457,0.7316837825812399,0.7410714285714286,0.7554804804804804,0.5833333333333334,0.9333333333333333,"[0.8108108108108109, 0.6944444444444444, 0.9333333333333333, 0.5833333333333334]","[0.4425777603142165, 0.6975047848342607, 0.2780459632476171, 0.8518978140006462]","[0.78, 0.7096774193548387]","[[0.8, 0.8235294117647058], [0.9130434782608695, 0.3076923076923077], [0.0, 1.0], [0.3333333333333333, 0.6666666666666666]]","[37, 36, 15, 24]",0.7405543573767873,"[0.8102564102564103, 0.6067527308838133, 0.4827586206896552, 0.4957983193277311]",0.4827586206896552,0.8518978140006462,"[0.2527313232421875, 0.699985682964325, 0.0041924696415662766, 0.043090544641017914]","[0.3562802587236677, 0.3570998268468039, 0.2471383884549141, 0.26751534392436344]","[0.27591753005981445, 0.6768714785575867, 0.005105337593704462, 0.042105719447135925]","[0.4565701484680176, 0.44320711493492126, 0.04454343020915985, 0.055679287761449814]",0.0
"{""run_name"": ""fedheart_exp_paper_hetagg_gdro"", ""seed"": 42, ""run_dir"": ""runs/fedheart_cv/GroupDRO_s42_f1"", ""use_fedheart"": true, ""num_classes"": 2, ""stratified_batching"": true, ""train_frac"": 0.8, ""group_max_train_samples"": [null, null, 20, 25], ""true_hetero_input_dim"": true, ""feature_mask"": [[0, 1, 2, 3, 5, 6, 7, 8, 9, 10], [0, 1, 2, 3, 5, 6, 11, 12], [0, 1, 2, 4, 5, 7, 11, 12], [0, 1, 2, 4, 5, 6, 8, 9, 10]], ""batch_size"": 64, ""num_workers"": 0, ""epochs"": 100, ""early_stopping_patience"": 30, ""lr"": 0.001, ""weight_decay"": 0.0001, ""optimizer"": ""adam"", ""grad_clip"": 1.0, ""lr_scheduler"": ""cosine"", ""lr_min"": 1e-05, ""latent_dim"": 64, ""head_hidden"": 32, ""groups"": [{""name"": ""cleveland"", ""encoder"": ""mlp_tabular_ln"", ""input_dim"": 10, ""hidden_dim"": 64, ""dropout"": 0.1}, {""name"": ""hungarian"", ""encoder"": ""mlp_tabular_ln"", ""input_dim"": 8, ""hidden_dim"": 64, ""dropout"": 0.1}, {""name"": ""switzerland"", ""encoder"": ""mlp_tabular_ln"", ""input_dim"": 8, ""hidden_dim"": 64, ""dropout"": 0.1}, {""name"": ""va_long_beach"", ""encoder"": ""mlp_tabular_ln"", ""input_dim"": 9, ""hidden_dim"": 64, ""dropout"": 0.1}], ""anchor_eps"": 0.0001, ""sep_samples_per_class"": 4, ""sep_method"": ""classifier"", ""sep_margin"": 1.0, ""lambda_fit"": 0.001, ""lambda_sep"": 0.001, ""groupdro_enabled"": true, ""groupdro_eta"": 0.64, ""groupdro_gamma"": 0.9, ""groupdro_update_mode"": ""exp"", ""groupdro_objective"": ""weighted"", ""groupdro_kl_lambda"": 0.0, ""groupdro_uniform_init"": false, ""log_interval"": 20, ""save_every"": 10, ""groupdro_ema_decay"": 0.9, ""groupdro_update_every"": 1, ""dro_signal"": ""val"", ""val_frac"": 0.15, ""impute_missing"": true, ""common_encoder"": false, ""use_regret"": false, ""data_split_seed"": 1001}","{""num_groups"": 4, ""num_classes"": 2, ""train_total"": 449, ""test_total"": 185, ""train_group_counts"": [205, 199, 20, 25], ""test_group_counts"": [61, 59, 25, 40], ""train_class_counts"": [248, 201], ""test_class_counts"": [83, 102], ""train_group_class_counts"": [[111, 94], [127, 72], [2, 18], [8, 17]], ""test_group_class_counts"": [[33, 28], [38, 21], [2, 23], [10, 30]], ""group_proportions"": [0.45657015590200445, 0.44320712694877507, 0.044543429844097995, 0.0556792873051225], ""val_group_counts"": [37, 36, 15, 24], ""val_total"": 112}","{""num_groups"": 4, ""eta"": 0.64, ""update_mode"": ""exp"", ""robust_objective"": ""weighted"", ""gamma"": 0.9, ""kl_lambda"": 0.0, ""initial_pi"": [0.4565701484680176, 0.44320711493492126, 0.04454343020915985, 0.055679287761449814]}",2026-09-15T19:27:33.080474,16,0.36703738536423836,0.8571428570076992,0.001,0.7621621621621621,0.7735103500972492,0.625,0.92,"[0.8032786885245902, 0.7457627118644068, 0.92, 0.625]","[0.453915618527986, 0.647486761591192, 0.34996995627880095, 0.7460306078195572]","[0.7349397590361446, 0.7843137254901961]","[[0.8484848484848485, 0.75], [0.8421052631578947, 0.5714285714285714], [0.0, 1.0], [0.1, 0.8]]","[61, 59, 25, 40]",0.7596267422631703,"[0.8006535947712419, 0.7127555988315482, 0.4791666666666667, 0.4397759103641457]",0.4397759103641457,0.7460306078195572,0.7410714285714286,0.7554804804804804,0.5833333333333334,0.9333333333333333,"[0.8108108108108109, 0.6944444444444444, 0.9333333333333333, 0.5833333333333334]","[0.44873846088208863, 0.7124816294914732, 0.27885823423663775, 0.8842821170886358]","[0.78, 0.7096774193548387]","[[0.8, 0.8235294117647058], [0.9130434782608695, 0.3076923076923077], [0.0, 1.0], [0.3333333333333333, 0.6666666666666666]]","[37, 36, 15, 24]",0.7405543573767873,"[0.8102564102564103, 0.6067527308838133, 0.4827586206896552, 0.4957983193277311]",0.4827586206896552,0.8842821170886358,"[0.22985851764678955, 0.7221947312355042, 0.0034186826087534428, 0.04452812299132347]","[0.35768296463148935, 0.34634960123470854, 0.21494669591387114, 0.3298330046236515]","[0.2527313232421875, 0.699985682964325, 0.0041924696415662766, 0.043090544641017914]","[0.4565701484680176, 0.44320711493492126, 0.04454343020915985, 0.055679287761449814]",0.0
"{""run_name"": ""fedheart_exp_paper_hetagg_gdro"", ""seed"": 42, ""run_dir"": ""runs/fedheart_cv/GroupDRO_s42_f1"", ""use_fedheart"": true, ""num_classes"": 2, ""stratified_batching"": true, ""train_frac"": 0.8, ""group_max_train_samples"": [null, null, 20, 25], ""true_hetero_input_dim"": true, ""feature_mask"": [[0, 1, 2, 3, 5, 6, 7, 8, 9, 10], [0, 1, 2, 3, 5, 6, 11, 12], [0, 1, 2, 4, 5, 7, 11, 12], [0, 1, 2, 4, 5, 6, 8, 9, 10]], ""batch_size"": 64, ""num_workers"": 0, ""epochs"": 100, ""early_stopping_patience"": 30, ""lr"": 0.001, ""weight_decay"": 0.0001, ""optimizer"": ""adam"", ""grad_clip"": 1.0, ""lr_scheduler"": ""cosine"", ""lr_min"": 1e-05, ""latent_dim"": 64, ""head_hidden"": 32, ""groups"": [{""name"": ""cleveland"", ""encoder"": ""mlp_tabular_ln"", ""input_dim"": 10, ""hidden_dim"": 64, ""dropout"": 0.1}, {""name"": ""hungarian"", ""encoder"": ""mlp_tabular_ln"", ""input_dim"": 8, ""hidden_dim"": 64, ""dropout"": 0.1}, {""name"": ""switzerland"", ""encoder"": ""mlp_tabular_ln"", ""input_dim"": 8, ""hidden_dim"": 64, ""dropout"": 0.1}, {""name"": ""va_long_beach"", ""encoder"": ""mlp_tabular_ln"", ""input_dim"": 9, ""hidden_dim"": 64, ""dropout"": 0.1}], ""anchor_eps"": 0.0001, ""sep_samples_per_class"": 4, ""sep_method"": ""classifier"", ""sep_margin"": 1.0, ""lambda_fit"": 0.001, ""lambda_sep"": 0.001, ""groupdro_enabled"": true, ""groupdro_eta"": 0.64, ""groupdro_gamma"": 0.9, ""groupdro_update_mode"": ""exp"", ""groupdro_objective"": ""weighted"", ""groupdro_kl_lambda"": 0.0, ""groupdro_uniform_init"": false, ""log_interval"": 20, ""save_every"": 10, ""groupdro_ema_decay"": 0.9, ""groupdro_update_every"": 1, ""dro_signal"": ""val"", ""val_frac"": 0.15, ""impute_missing"": true, ""common_encoder"": false, ""use_regret"": false, ""data_split_seed"": 1001}","{""num_groups"": 4, ""num_classes"": 2, ""train_total"": 449, ""test_total"": 185, ""train_group_counts"": [205, 199, 20, 25], ""test_group_counts"": [61, 59, 25, 40], ""train_class_counts"": [248, 201], ""test_class_counts"": [83, 102], ""train_group_class_counts"": [[111, 94], [127, 72], [2, 18], [8, 17]], ""test_group_class_counts"": [[33, 28], [38, 21], [2, 23], [10, 30]], ""group_proportions"": [0.45657015590200445, 0.44320712694877507, 0.044543429844097995, 0.0556792873051225], ""val_group_counts"": [37, 36, 15, 24], ""val_total"": 112}","{""num_groups"": 4, ""eta"": 0.64, ""update_mode"": ""exp"", ""robust_objective"": ""weighted"", ""gamma"": 0.9, ""kl_lambda"": 0.0, ""initial_pi"": [0.4565701484680176, 0.44320711493492126, 0.04454343020915985, 0.055679287761449814]}",2026-09-15T19:27:33.080474,17,0.35057089638277517,0.8684807264345303,0.001,0.7675675675675676,0.777608710752987,0.625,0.92,"[0.819672131147541, 0.7457627118644068, 0.92, 0.625]","[0.4607173892073944, 0.675855742136048, 0.3521676868200302, 0.7506660027429461]","[0.7349397590361446, 0.7941176470588235]","[[0.8484848484848485, 0.7857142857142857], [0.8421052631578947, 0.5714285714285714], [0.0, 1.0], [0.1, 0.8]]","[61, 59, 25, 40]",0.7648189209164818,"[0.817910447761194, 0.7127555988315482, 0.4791666666666667, 0.4397759103641457]",0.4397759103641457,0.7506660027429461,0.7410714285714286,0.7554804804804804,0.5833333333333334,0.9333333333333333,"[0.8108108108108109, 0.6944444444444444, 0.9333333333333333, 0.5833333333333334]","[0.4516476311695737, 0.73196088467052, 0.28054151410857836, 0.9210473671555519]","[0.78, 0.7096774193548387]","[[0.8, 0.8235294117647058], [0.9130434782608695, 0.3076923076923077], [0.0, 1.0], [0.3333333333333333, 0.6666666666666666]]","[37, 36, 15, 24]",0.7405543573767873,"[0.8102564102564103, 0.6067527308838133, 0.4827586206896552, 0.4957983193277311]",0.4827586206896552,0.9210473671555519,"[0.20744816958904266, 0.7433302998542786, 0.0027661805506795645, 0.04645538702607155]","[0.3503375287566866, 0.32776522636413574, 0.20195620010296503, 0.31271643688281375]","[0.22985851764678955, 0.7221947312355042, 0.0034186826087534428, 0.04452812299132347]","[0.4565701484680176, 0.44320711493492126, 0.04454343020915985, 0.055679287761449814]",0.0
"{""run_name"": ""fedheart_exp_paper_hetagg_gdro"", ""seed"": 42, ""run_dir"": ""runs/fedheart_cv/GroupDRO_s42_f1"", ""use_fedheart"": true, ""num_classes"": 2, ""stratified_batching"": true, ""train_frac"": 0.8, ""group_max_train_samples"": [null, null, 20, 25], ""true_hetero_input_dim"": true, ""feature_mask"": [[0, 1, 2, 3, 5, 6, 7, 8, 9, 10], [0, 1, 2, 3, 5, 6, 11, 12], [0, 1, 2, 4, 5, 7, 11, 12], [0, 1, 2, 4, 5, 6, 8, 9, 10]], ""batch_size"": 64, ""num_workers"": 0, ""epochs"": 100, ""early_stopping_patience"": 30, ""lr"": 0.001, ""weight_decay"": 0.0001, ""optimizer"": ""adam"", ""grad_clip"": 1.0, ""lr_scheduler"": ""cosine"", ""lr_min"": 1e-05, ""latent_dim"": 64, ""head_hidden"": 32, ""groups"": [{""name"": ""cleveland"", ""encoder"": ""mlp_tabular_ln"", ""input_dim"": 10, ""hidden_dim"": 64, ""dropout"": 0.1}, {""name"": ""hungarian"", ""encoder"": ""mlp_tabular_ln"", ""input_dim"": 8, ""hidden_dim"": 64, ""dropout"": 0.1}, {""name"": ""switzerland"", ""encoder"": ""mlp_tabular_ln"", ""input_dim"": 8, ""hidden_dim"": 64, ""dropout"": 0.1}, {""name"": ""va_long_beach"", ""encoder"": ""mlp_tabular_ln"", ""input_dim"": 9, ""hidden_dim"": 64, ""dropout"": 0.1}], ""anchor_eps"": 0.0001, ""sep_samples_per_class"": 4, ""sep_method"": ""classifier"", ""sep_margin"": 1.0, ""lambda_fit"": 0.001, ""lambda_sep"": 0.001, ""groupdro_enabled"": true, ""groupdro_eta"": 0.64, ""groupdro_gamma"": 0.9, ""groupdro_update_mode"": ""exp"", ""groupdro_objective"": ""weighted"", ""groupdro_kl_lambda"": 0.0, ""groupdro_uniform_init"": false, ""log_interval"": 20, ""save_every"": 10, ""groupdro_ema_decay"": 0.9, ""groupdro_update_every"": 1, ""dro_signal"": ""val"", ""val_frac"": 0.15, ""impute_missing"": true, ""common_encoder"": false, ""use_regret"": false, ""data_split_seed"": 1001}","{""num_groups"": 4, ""num_classes"": 2, ""train_total"": 449, ""test_total"": 185, ""train_group_counts"": [205, 199, 20, 25], ""test_group_counts"": [61, 59, 25, 40], ""train_class_counts"": [248, 201], ""test_class_counts"": [83, 102], ""train_group_class_counts"": [[111, 94], [127, 72], [2, 18], [8, 17]], ""test_group_class_counts"": [[33, 28], [38, 21], [2, 23], [10, 30]], ""group_proportions"": [0.45657015590200445, 0.44320712694877507, 0.044543429844097995, 0.0556792873051225], ""val_group_counts"": [37, 36, 15, 24], ""val_total"": 112}","{""num_groups"": 4, ""eta"": 0.64, ""update_mode"": ""exp"", ""robust_objective"": ""weighted"", ""gamma"": 0.9, ""kl_lambda"": 0.0, ""initial_pi"": [0.4565701484680176, 0.44320711493492126, 0.04454343020915985, 0.055679287761449814]}",2026-09-15T19:27:33.080474,18,0.35599171446294203,0.8707483031041497,0.001,0.7567567567567568,0.769550916921367,0.625,0.92,"[0.7704918032786885, 0.7627118644067796, 0.92, 0.625]","[0.47076603822165825, 0.695129545152945, 0.3530604164302349, 0.7604647612199187]","[0.6746987951807228, 0.8235294117647058]","[[0.7272727272727273, 0.8214285714285714], [0.8157894736842105, 0.6666666666666666], [0.0, 1.0], [0.1, 0.8]]","[61, 59, 25, 40]",0.7510540952722705,"[0.7704301075268817, 0.7412280701754386, 0.4791666666666667, 0.4397759103641457]",0.4397759103641457,0.7604647612199187,0.7410714285714286,0.7554804804804804,0.5833333333333334,0.9333333333333333,"[0.8108108108108109, 0.6944444444444444, 0.9333333333333333, 0.5833333333333334]","[0.45465393719338887, 0.7318676094033031, 0.28212769428888956, 0.9619786012141655]","[0.78, 0.7096774193548387]","[[0.8, 0.8235294117647058], [0.9130434782608695, 0.3076923076923077], [0.0, 1.0], [0.3333333333333333, 0.6666666666666666]]","[37, 36, 15, 24]",0.7405543573767873,"[0.8102564102564103, 0.6067527308838133, 0.4827586206896552, 0.4957983193277311]",0.4827586206896552,0.9619786012141655,"[0.18584440648555756, 0.7629523873329163, 0.002221470233052969, 0.04898175597190857]","[0.34000343084335327, 0.33973899696554455, 0.23861750960350037, 0.27947114656368893]","[0.20744816958904266, 0.7433302998542786, 0.0027661805506795645, 0.04645538702607155]","[0.4565701484680176, 0.44320711493492126, 0.04454343020915985, 0.055679287761449814]",0.0
"{""run_name"": ""fedheart_exp_paper_hetagg_gdro"", ""seed"": 42, ""run_dir"": ""runs/fedheart_cv/GroupDRO_s42_f1"", ""use_fedheart"": true, ""num_classes"": 2, ""stratified_batching"": true, ""train_frac"": 0.8, ""group_max_train_samples"": [null, null, 20, 25], ""true_hetero_input_dim"": true, ""feature_mask"": [[0, 1, 2, 3, 5, 6, 7, 8, 9, 10], [0, 1, 2, 3, 5, 6, 11, 12], [0, 1, 2, 4, 5, 7, 11, 12], [0, 1, 2, 4, 5, 6, 8, 9, 10]], ""batch_size"": 64, ""num_workers"": 0, ""epochs"": 100, ""early_stopping_patience"": 30, ""lr"": 0.001, ""weight_decay"": 0.0001, ""optimizer"": ""adam"", ""grad_clip"": 1.0, ""lr_scheduler"": ""cosine"", ""lr_min"": 1e-05, ""latent_dim"": 64, ""head_hidden"": 32, ""groups"": [{""name"": ""cleveland"", ""encoder"": ""mlp_tabular_ln"", ""input_dim"": 10, ""hidden_dim"": 64, ""dropout"": 0.1}, {""name"": ""hungarian"", ""encoder"": ""mlp_tabular_ln"", ""input_dim"": 8, ""hidden_dim"": 64, ""dropout"": 0.1}, {""name"": ""switzerland"", ""encoder"": ""mlp_tabular_ln"", ""input_dim"": 8, ""hidden_dim"": 64, ""dropout"": 0.1}, {""name"": ""va_long_beach"", ""encoder"": ""mlp_tabular_ln"", ""input_dim"": 9, ""hidden_dim"": 64, ""dropout"": 0.1}], ""anchor_eps"": 0.0001, ""sep_samples_per_class"": 4, ""sep_method"": ""classifier"", ""sep_margin"": 1.0, ""lambda_fit"": 0.001, ""lambda_sep"": 0.001, ""groupdro_enabled"": true, ""groupdro_eta"": 0.64, ""groupdro_gamma"": 0.9, ""groupdro_update_mode"": ""exp"", ""groupdro_objective"": ""weighted"", ""groupdro_kl_lambda"": 0.0, ""groupdro_uniform_init"": false, ""log_interval"": 20, ""save_every"": 10, ""groupdro_ema_decay"": 0.9, ""groupdro_update_every"": 1, ""dro_signal"": ""val"", ""val_frac"": 0.15, ""impute_missing"": true, ""common_encoder"": false, ""use_regret"": false, ""data_split_seed"": 1001}","{""num_groups"": 4, ""num_classes"": 2, ""train_total"": 449, ""test_total"": 185, ""train_group_counts"": [205, 199, 20, 25], ""test_group_counts"": [61, 59, 25, 40], ""train_class_counts"": [248, 201], ""test_class_counts"": [83, 102], ""train_group_class_counts"": [[111, 94], [127, 72], [2, 18], [8, 17]], ""test_group_class_counts"": [[33, 28], [38, 21], [2, 23], [10, 30]], ""group_proportions"": [0.45657015590200445, 0.44320712694877507, 0.044543429844097995, 0.0556792873051225], ""val_group_counts"": [37, 36, 15, 24], ""val_total"": 112}","{""num_groups"": 4, ""eta"": 0.64, ""update_mode"": ""exp"", ""robust_objective"": ""weighted"", ""gamma"": 0.9, ""kl_lambda"": 0.0, ""initial_pi"": [0.4565701484680176, 0.44320711493492126, 0.04454343020915985, 0.055679287761449814]}",2026-09-15T19:27:33.080474,19,0.3473826387977384,0.8503401368653694,0.001,0.745945945945946,0.7570509169213671,0.575,0.92,"[0.7704918032786885, 0.7627118644067796, 0.92, 0.575]","[0.4752117205166914, 0.7223430235270347, 0.35457171335816384, 0.7820914572104811]","[0.7108433734939759, 0.7745098039215687]","[[0.7272727272727273, 0.8214285714285714], [0.8421052631578947, 0.6190476190476191], [0.0, 1.0], [0.3, 0.6666666666666666]]","[61, 59, 25, 40]",0.7429416112342941,"[0.7704301075268817, 0.7352564102564103, 0.4791666666666667, 0.4813119755911518]",0.4791666666666667,0.7820914572104811,0.7410714285714286,0.7518205705705705,0.5416666666666666,0.9333333333333333,"[0.8378378378378378, 0.6944444444444444, 0.9333333333333333, 0.5416666666666666]","[0.45773120977085185, 0.7943884121098866, 0.28305403838555016, 0.9997637216001749]","[0.78, 0.7096774193548387]","[[0.8, 0.8823529411764706], [0.9130434782608695, 0.3076923076923077], [0.0, 1.0], [0.3333333333333333, 0.6111111111111112]]","[37, 36, 15, 24]",0.7405543573767873,"[0.8377192982456141, 0.6067527308838133, 0.4827586206896552, 0.4666666666666667]",0.4666666666666667,0.9997637216001749,"[0.1648067682981491, 0.7813552021980286, 0.0017655460396781564, 0.052072472870349884]","[0.3814128722463335, 0.3201861360243389, 0.27100397398074466, 0.296546866496404]","[0.18584440648555756, 0.7629523873329163, 0.002221470233052969, 0.04898175597190857]","[0.4565701484680176, 0.44320711493492126, 0.04454343020915985, 0.055679287761449814]",0.0
"{""run_name"": ""fedheart_exp_paper_hetagg_gdro"", ""seed"": 42, ""run_dir"": ""runs/fedheart_cv/GroupDRO_s42_f1"", ""use_fedheart"": true, ""num_classes"": 2, ""stratified_batching"": true, ""train_frac"": 0.8, ""group_max_train_samples"": [null, null, 20, 25], ""true_hetero_input_dim"": true, ""feature_mask"": [[0, 1, 2, 3, 5, 6, 7, 8, 9, 10], [0, 1, 2, 3, 5, 6, 11, 12], [0, 1, 2, 4, 5, 7, 11, 12], [0, 1, 2, 4, 5, 6, 8, 9, 10]], ""batch_size"": 64, ""num_workers"": 0, ""epochs"": 100, ""early_stopping_patience"": 30, ""lr"": 0.001, ""weight_decay"": 0.0001, ""optimizer"": ""adam"", ""grad_clip"": 1.0, ""lr_scheduler"": ""cosine"", ""lr_min"": 1e-05, ""latent_dim"": 64, ""head_hidden"": 32, ""groups"": [{""name"": ""cleveland"", ""encoder"": ""mlp_tabular_ln"", ""input_dim"": 10, ""hidden_dim"": 64, ""dropout"": 0.1}, {""name"": ""hungarian"", ""encoder"": ""mlp_tabular_ln"", ""input_dim"": 8, ""hidden_dim"": 64, ""dropout"": 0.1}, {""name"": ""switzerland"", ""encoder"": ""mlp_tabular_ln"", ""input_dim"": 8, ""hidden_dim"": 64, ""dropout"": 0.1}, {""name"": ""va_long_beach"", ""encoder"": ""mlp_tabular_ln"", ""input_dim"": 9, ""hidden_dim"": 64, ""dropout"": 0.1}], ""anchor_eps"": 0.0001, ""sep_samples_per_class"": 4, ""sep_method"": ""classifier"", ""sep_margin"": 1.0, ""lambda_fit"": 0.001, ""lambda_sep"": 0.001, ""groupdro_enabled"": true, ""groupdro_eta"": 0.64, ""groupdro_gamma"": 0.9, ""groupdro_update_mode"": ""exp"", ""groupdro_objective"": ""weighted"", ""groupdro_kl_lambda"": 0.0, ""groupdro_uniform_init"": false, ""log_interval"": 20, ""save_every"": 10, ""groupdro_ema_decay"": 0.9, ""groupdro_update_every"": 1, ""dro_signal"": ""val"", ""val_frac"": 0.15, ""impute_missing"": true, ""common_encoder"": false, ""use_regret"": false, ""data_split_seed"": 1001}","{""num_groups"": 4, ""num_classes"": 2, ""train_total"": 449, ""test_total"": 185, ""train_group_counts"": [205, 199, 20, 25], ""test_group_counts"": [61, 59, 25, 40], ""train_class_counts"": [248, 201], ""test_class_counts"": [83, 102], ""train_group_class_counts"": [[111, 94], [127, 72], [2, 18], [8, 17]], ""test_group_class_counts"": [[33, 28], [38, 21], [2, 23], [10, 30]], ""group_proportions"": [0.45657015590200445, 0.44320712694877507, 0.044543429844097995, 0.0556792873051225], ""val_group_counts"": [37, 36, 15, 24], ""val_total"": 112}","{""num_groups"": 4, ""eta"": 0.64, ""update_mode"": ""exp"", ""robust_objective"": ""weighted"", ""gamma"": 0.9, ""kl_lambda"": 0.0, ""initial_pi"": [0.4565701484680176, 0.44320711493492126, 0.04454343020915985, 0.055679287761449814]}",2026-09-15T19:27:33.080474,20,0.33710039317472723,0.8684807235962139,0.001,0.7567567567567568,0.7673992775771048,0.6,0.92,"[0.7868852459016393, 0.7627118644067796, 0.92, 0.6]","[0.46892173330253756, 0.7406812167758028, 0.3555008238554001, 0.7883661801926791]","[0.7108433734939759, 0.7941176470588235]","[[0.7575757575757576, 0.8214285714285714], [0.8421052631578947, 0.6190476190476191], [0.0, 1.0], [0.2, 0.7333333333333333]]","[61, 59, 25, 40]",0.7532675380101361,"[0.7866559052999732, 0.7352564102564103, 0.4791666666666667, 0.4666666666666667]",0.4666666666666667,0.7883661801926791,0.7321428571428571,0.7414039039039039,0.5,0.9333333333333333,"[0.8378378378378378, 0.6944444444444444, 0.9333333333333333, 0.5]","[0.4536411095460927, 0.8059631219366565, 0.28379312629501025, 1.0535773252292226]","[0.76, 0.7096774193548387]","[[0.8, 0.8823529411764706], [0.9130434782608695, 0.3076923076923077], [0.0, 1.0], [0.16666666666666666, 0.6111111111111112]]","[37, 36, 15, 24]",0.7313719219699393,"[0.8377192982456141, 0.6067527308838133, 0.4827586206896552, 0.39495798319327735]",0.39495798319327735,1.0535773252292226,"[0.14458948373794556, 0.7981341481208801, 0.0013883261708542705, 0.05588798597455025]","[0.3264833390712738, 0.3227807027953012, 0.18731424833337465, 0.2675126592318217]","[0.1648067682981491, 0.7813552021980286, 0.0017655460396781564, 0.052072472870349884]","[0.4565701484680176, 0.44320711493492126, 0.04454343020915985, 0.055679287761449814]",0.0
"{""run_name"": ""fedheart_exp_paper_hetagg_gdro"", ""seed"": 42, ""run_dir"": ""runs/fedheart_cv/GroupDRO_s42_f1"", ""use_fedheart"": true, ""num_classes"": 2, ""stratified_batching"": true, ""train_frac"": 0.8, ""group_max_train_samples"": [null, null, 20, 25], ""true_hetero_input_dim"": true, ""feature_mask"": [[0, 1, 2, 3, 5, 6, 7, 8, 9, 10], [0, 1, 2, 3, 5, 6, 11, 12], [0, 1, 2, 4, 5, 7, 11, 12], [0, 1, 2, 4, 5, 6, 8, 9, 10]], ""batch_size"": 64, ""num_workers"": 0, ""epochs"": 100, ""early_stopping_patience"": 30, ""lr"": 0.001, ""weight_decay"": 0.0001, ""optimizer"": ""adam"", ""grad_clip"": 1.0, ""lr_scheduler"": ""cosine"", ""lr_min"": 1e-05, ""latent_dim"": 64, ""head_hidden"": 32, ""groups"": [{""name"": ""cleveland"", ""encoder"": ""mlp_tabular_ln"", ""input_dim"": 10, ""hidden_dim"": 64, ""dropout"": 0.1}, {""name"": ""hungarian"", ""encoder"": ""mlp_tabular_ln"", ""input_dim"": 8, ""hidden_dim"": 64, ""dropout"": 0.1}, {""name"": ""switzerland"", ""encoder"": ""mlp_tabular_ln"", ""input_dim"": 8, ""hidden_dim"": 64, ""dropout"": 0.1}, {""name"": ""va_long_beach"", ""encoder"": ""mlp_tabular_ln"", ""input_dim"": 9, ""hidden_dim"": 64, ""dropout"": 0.1}], ""anchor_eps"": 0.0001, ""sep_samples_per_class"": 4, ""sep_method"": ""classifier"", ""sep_margin"": 1.0, ""lambda_fit"": 0.001, ""lambda_sep"": 0.001, ""groupdro_enabled"": true, ""groupdro_eta"": 0.64, ""groupdro_gamma"": 0.9, ""groupdro_update_mode"": ""exp"", ""groupdro_objective"": ""weighted"", ""groupdro_kl_lambda"": 0.0, ""groupdro_uniform_init"": false, ""log_interval"": 20, ""save_every"": 10, ""groupdro_ema_decay"": 0.9, ""groupdro_update_every"": 1, ""dro_signal"": ""val"", ""val_frac"": 0.15, ""impute_missing"": true, ""common_encoder"": false, ""use_regret"": false, ""data_split_seed"": 1001}","{""num_groups"": 4, ""num_classes"": 2, ""train_total"": 449, ""test_total"": 185, ""train_group_counts"": [205, 199, 20, 25], ""test_group_counts"": [61, 59, 25, 40], ""train_class_counts"": [248, 201], ""test_class_counts"": [83, 102], ""train_group_class_counts"": [[111, 94], [127, 72], [2, 18], [8, 17]], ""test_group_class_counts"": [[33, 28], [38, 21], [2, 23], [10, 30]], ""group_proportions"": [0.45657015590200445, 0.44320712694877507, 0.044543429844097995, 0.0556792873051225], ""val_group_counts"": [37, 36, 15, 24], ""val_total"": 112}","{""num_groups"": 4, ""eta"": 0.64, ""update_mode"": ""exp"", ""robust_objective"": ""weighted"", ""gamma"": 0.9, ""kl_lambda"": 0.0, ""initial_pi"": [0.4565701484680176, 0.44320711493492126, 0.04454343020915985, 0.055679287761449814]}",2026-09-15T19:27:33.080474,21,0.30987590247271013,0.8662131508461742,0.001,0.772972972972973,0.784136565712698,0.65,0.92,"[0.7868852459016393, 0.7796610169491526, 0.92, 0.65]","[0.46778649681812673, 0.7624057630447955, 0.3566629555821419, 0.7786708178929984]","[0.6987951807228916, 0.8333333333333334]","[[0.7575757575757576, 0.8214285714285714], [0.8421052631578947, 0.6666666666666666], [0.0, 1.0], [0.1, 0.8333333333333334]]","[61, 59, 25, 40]",0.7680320038213518,"[0.7866559052999732, 0.7570478302185619, 0.4791666666666667, 0.453125]",0.453125,0.7786708178929984,0.7410714285714286,0.7554804804804804,0.5833333333333334,0.9333333333333333,"[0.8108108108108109, 0.6944444444444444, 0.9333333333333333, 0.5833333333333334]","[0.4552859048787001, 0.8029584024722377, 0.28464103043079375, 1.0809281398930277]","[0.76, 0.7258064516129032]","[[0.8, 0.8235294117647058], [0.9130434782608695, 0.3076923076923077], [0.0, 1.0], [0.16666666666666666, 0.7222222222222222]]","[37, 36, 15, 24]",0.7400560224089636,"[0.8102564102564103, 0.6067527308838133, 0.4827586206896552, 0.4444444444444444]",0.4444444444444444,1.0809281398930277,"[0.1255759596824646, 0.8127713203430176, 0.0010807469952851534, 0.060571957379579544]","[0.33256611015115467, 0.28555581186498913, 0.24417291457454363, 0.30868036299943924]","[0.14458948373794556, 0.7981341481208801, 0.0013883261708542705, 0.05588798597455025]","[0.4565701484680176, 0.44320711493492126, 0.04454343020915985, 0.055679287761449814]",0.0
"{""run_name"": ""fedheart_exp_paper_hetagg_gdro"", ""seed"": 42, ""run_dir"": ""runs/fedheart_cv/GroupDRO_s42_f1"", ""use_fedheart"": true, ""num_classes"": 2, ""stratified_batching"": true, ""train_frac"": 0.8, ""group_max_train_samples"": [null, null, 20, 25], ""true_hetero_input_dim"": true, ""feature_mask"": [[0, 1, 2, 3, 5, 6, 7, 8, 9, 10], [0, 1, 2, 3, 5, 6, 11, 12], [0, 1, 2, 4, 5, 7, 11, 12], [0, 1, 2, 4, 5, 6, 8, 9, 10]], ""batch_size"": 64, ""num_workers"": 0, ""epochs"": 100, ""early_stopping_patience"": 30, ""lr"": 0.001, ""weight_decay"": 0.0001, ""optimizer"": ""adam"", ""grad_clip"": 1.0, ""lr_scheduler"": ""cosine"", ""lr_min"": 1e-05, ""latent_dim"": 64, ""head_hidden"": 32, ""groups"": [{""name"": ""cleveland"", ""encoder"": ""mlp_tabular_ln"", ""input_dim"": 10, ""hidden_dim"": 64, ""dropout"": 0.1}, {""name"": ""hungarian"", ""encoder"": ""mlp_tabular_ln"", ""input_dim"": 8, ""hidden_dim"": 64, ""dropout"": 0.1}, {""name"": ""switzerland"", ""encoder"": ""mlp_tabular_ln"", ""input_dim"": 8, ""hidden_dim"": 64, ""dropout"": 0.1}, {""name"": ""va_long_beach"", ""encoder"": ""mlp_tabular_ln"", ""input_dim"": 9, ""hidden_dim"": 64, ""dropout"": 0.1}], ""anchor_eps"": 0.0001, ""sep_samples_per_class"": 4, ""sep_method"": ""classifier"", ""sep_margin"": 1.0, ""lambda_fit"": 0.001, ""lambda_sep"": 0.001, ""groupdro_enabled"": true, ""groupdro_eta"": 0.64, ""groupdro_gamma"": 0.9, ""groupdro_update_mode"": ""exp"", ""groupdro_objective"": ""weighted"", ""groupdro_kl_lambda"": 0.0, ""groupdro_uniform_init"": false, ""log_interval"": 20, ""save_every"": 10, ""groupdro_ema_decay"": 0.9, ""groupdro_update_every"": 1, ""dro_signal"": ""val"", ""val_frac"": 0.15, ""impute_missing"": true, ""common_encoder"": false, ""use_regret"": false, ""data_split_seed"": 1001}","{""num_groups"": 4, ""num_classes"": 2, ""train_total"": 449, ""test_total"": 185, ""train_group_counts"": [205, 199, 20, 25], ""test_group_counts"": [61, 59, 25, 40], ""train_class_counts"": [248, 201], ""test_class_counts"": [83, 102], ""train_group_class_counts"": [[111, 94], [127, 72], [2, 18], [8, 17]], ""test_group_class_counts"": [[33, 28], [38, 21], [2, 23], [10, 30]], ""group_proportions"": [0.45657015590200445, 0.44320712694877507, 0.044543429844097995, 0.0556792873051225], ""val_group_counts"": [37, 36, 15, 24], ""val_total"": 112}","{""num_groups"": 4, ""eta"": 0.64, ""update_mode"": ""exp"", ""robust_objective"": ""weighted"", ""gamma"": 0.9, ""kl_lambda"": 0.0, ""initial_pi"": [0.4565701484680176, 0.44320711493492126, 0.04454343020915985, 0.055679287761449814]}",2026-09-15T19:27:33.080474,22,0.31018039874749387,0.8775510193268998,0.001,0.7675675675675676,0.7798992775771048,0.65,0.92,"[0.7868852459016393, 0.7627118644067796, 0.92, 0.65]","[0.4695037156267122, 0.7798859276650947, 0.3570904901623726, 0.7870093321427702]","[0.6987951807228916, 0.8235294117647058]","[[0.7575757575757576, 0.8214285714285714], [0.8421052631578947, 0.6190476190476191], [0.0, 1.0], [0.1, 0.8333333333333334]]","[61, 59, 25, 40]",0.7628841396166801,"[0.7866559052999732, 0.7352564102564103, 0.4791666666666667, 0.453125]",0.453125,0.7870093321427702,0.75,0.7622372372372372,0.5833333333333334,0.9333333333333333,"[0.8378378378378378, 0.6944444444444444, 0.9333333333333333, 0.5833333333333334]","[0.4601335133853796, 0.8584667199077861, 0.2853141675392787, 1.1260445358542104]","[0.76, 0.7419354838709677]","[[0.8, 0.8823529411764706], [0.9130434782608695, 0.3076923076923077], [0.0, 1.0], [0.16666666666666666, 0.7222222222222222]]","[37, 36, 15, 24]",0.7487179487179487,"[0.8377192982456141, 0.6067527308838133, 0.4827586206896552, 0.4444444444444444]",0.4444444444444444,1.1260445358542104,"[0.10771074146032333, 0.8252829313278198, 0.0008306801319122314, 0.06617561727762222]","[0.3089090905019215, 0.30084619564669474, 0.1734040410568317, 0.20587324847777685]","[0.1255759596824646, 0.8127713203430176, 0.0010807469952851534, 0.060571957379579544]","[0.4565701484680176, 0.44320711493492126, 0.04454343020915985, 0.055679287761449814]",0.0
"{""run_name"": ""fedheart_exp_paper_hetagg_gdro"", ""seed"": 42, ""run_dir"": ""runs/fedheart_cv/GroupDRO_s42_f1"", ""use_fedheart"": true, ""num_classes"": 2, ""stratified_batching"": true, ""train_frac"": 0.8, ""group_max_train_samples"": [null, null, 20, 25], ""true_hetero_input_dim"": true, ""feature_mask"": [[0, 1, 2, 3, 5, 6, 7, 8, 9, 10], [0, 1, 2, 3, 5, 6, 11, 12], [0, 1, 2, 4, 5, 7, 11, 12], [0, 1, 2, 4, 5, 6, 8, 9, 10]], ""batch_size"": 64, ""num_workers"": 0, ""epochs"": 100, ""early_stopping_patience"": 30, ""lr"": 0.001, ""weight_decay"": 0.0001, ""optimizer"": ""adam"", ""grad_clip"": 1.0, ""lr_scheduler"": ""cosine"", ""lr_min"": 1e-05, ""latent_dim"": 64, ""head_hidden"": 32, ""groups"": [{""name"": ""cleveland"", ""encoder"": ""mlp_tabular_ln"", ""input_dim"": 10, ""hidden_dim"": 64, ""dropout"": 0.1}, {""name"": ""hungarian"", ""encoder"": ""mlp_tabular_ln"", ""input_dim"": 8, ""hidden_dim"": 64, ""dropout"": 0.1}, {""name"": ""switzerland"", ""encoder"": ""mlp_tabular_ln"", ""input_dim"": 8, ""hidden_dim"": 64, ""dropout"": 0.1}, {""name"": ""va_long_beach"", ""encoder"": ""mlp_tabular_ln"", ""input_dim"": 9, ""hidden_dim"": 64, ""dropout"": 0.1}], ""anchor_eps"": 0.0001, ""sep_samples_per_class"": 4, ""sep_method"": ""classifier"", ""sep_margin"": 1.0, ""lambda_fit"": 0.001, ""lambda_sep"": 0.001, ""groupdro_enabled"": true, ""groupdro_eta"": 0.64, ""groupdro_gamma"": 0.9, ""groupdro_update_mode"": ""exp"", ""groupdro_objective"": ""weighted"", ""groupdro_kl_lambda"": 0.0, ""groupdro_uniform_init"": false, ""log_interval"": 20, ""save_every"": 10, ""groupdro_ema_decay"": 0.9, ""groupdro_update_every"": 1, ""dro_signal"": ""val"", ""val_frac"": 0.15, ""impute_missing"": true, ""common_encoder"": false, ""use_regret"": false, ""data_split_seed"": 1001}","{""num_groups"": 4, ""num_classes"": 2, ""train_total"": 449, ""test_total"": 185, ""train_group_counts"": [205, 199, 20, 25], ""test_group_counts"": [61, 59, 25, 40], ""train_class_counts"": [248, 201], ""test_class_counts"": [83, 102], ""train_group_class_counts"": [[111, 94], [127, 72], [2, 18], [8, 17]], ""test_group_class_counts"": [[33, 28], [38, 21], [2, 23], [10, 30]], ""group_proportions"": [0.45657015590200445, 0.44320712694877507, 0.044543429844097995, 0.0556792873051225], ""val_group_counts"": [37, 36, 15, 24], ""val_total"": 112}","{""num_groups"": 4, ""eta"": 0.64, ""update_mode"": ""exp"", ""robust_objective"": ""weighted"", ""gamma"": 0.9, ""kl_lambda"": 0.0, ""initial_pi"": [0.4565701484680176, 0.44320711493492126, 0.04454343020915985, 0.055679287761449814]}",2026-09-15T19:27:33.080474,23,0.31626453860546727,0.8639455799883455,0.001,0.7837837837837838,0.7923332870241734,0.65,0.92,"[0.819672131147541, 0.7796610169491526, 0.92, 0.65]","[0.4678892525233573, 0.7848340117656705, 0.35796664729714395, 0.8310593803413212]","[0.7349397590361446, 0.8235294117647058]","[[0.8181818181818182, 0.8214285714285714], [0.8421052631578947, 0.6666666666666666], [0.0, 1.0], [0.2, 0.8]]","[61, 59, 25, 40]",0.7803893637226971,"[0.81889338731444, 0.7570478302185619, 0.4791666666666667, 0.49820788530465954]",0.4791666666666667,0.8310593803413212,0.75,0.7622372372372372,0.5833333333333334,0.9333333333333333,"[0.8378378378378378, 0.6944444444444444, 0.9333333333333333, 0.5833333333333334]","[0.46621181692525343, 0.8353848504743332, 0.285992785791556, 1.218617299028362]","[0.76, 0.7419354838709677]","[[0.8, 0.8823529411764706], [0.9130434782608695, 0.3076923076923077], [0.0, 1.0], [0.16666666666666666, 0.7222222222222222]]","[37, 36, 15, 24]",0.7487179487179487,"[0.8377192982456141, 0.6067527308838133, 0.4827586206896552, 0.4444444444444444]",0.4444444444444444,1.218617299028362,"[0.09140530973672867, 0.8346994519233704, 0.0006313332123681903, 0.07326388359069824]","[0.32030305692127775, 0.30484695945467266, 0.20083164920409521, 0.23671556264162064]","[0.10771074146032333, 0.8252829313278198, 0.0008306801319122314, 0.06617561727762222]","[0.4565701484680176, 0.44320711493492126, 0.04454343020915985, 0.055679287761449814]",0.0
"{""run_name"": ""fedheart_exp_paper_hetagg_gdro"", ""seed"": 42, ""run_dir"": ""runs/fedheart_cv/GroupDRO_s42_f1"", ""use_fedheart"": true, ""num_classes"": 2, ""stratified_batching"": true, ""train_frac"": 0.8, ""group_max_train_samples"": [null, null, 20, 25], ""true_hetero_input_dim"": true, ""feature_mask"": [[0, 1, 2, 3, 5, 6, 7, 8, 9, 10], [0, 1, 2, 3, 5, 6, 11, 12], [0, 1, 2, 4, 5, 7, 11, 12], [0, 1, 2, 4, 5, 6, 8, 9, 10]], ""batch_size"": 64, ""num_workers"": 0, ""epochs"": 100, ""early_stopping_patience"": 30, ""lr"": 0.001, ""weight_decay"": 0.0001, ""optimizer"": ""adam"", ""grad_clip"": 1.0, ""lr_scheduler"": ""cosine"", ""lr_min"": 1e-05, ""latent_dim"": 64, ""head_hidden"": 32, ""groups"": [{""name"": ""cleveland"", ""encoder"": ""mlp_tabular_ln"", ""input_dim"": 10, ""hidden_dim"": 64, ""dropout"": 0.1}, {""name"": ""hungarian"", ""encoder"": ""mlp_tabular_ln"", ""input_dim"": 8, ""hidden_dim"": 64, ""dropout"": 0.1}, {""name"": ""switzerland"", ""encoder"": ""mlp_tabular_ln"", ""input_dim"": 8, ""hidden_dim"": 64, ""dropout"": 0.1}, {""name"": ""va_long_beach"", ""encoder"": ""mlp_tabular_ln"", ""input_dim"": 9, ""hidden_dim"": 64, ""dropout"": 0.1}], ""anchor_eps"": 0.0001, ""sep_samples_per_class"": 4, ""sep_method"": ""classifier"", ""sep_margin"": 1.0, ""lambda_fit"": 0.001, ""lambda_sep"": 0.001, ""groupdro_enabled"": true, ""groupdro_eta"": 0.64, ""groupdro_gamma"": 0.9, ""groupdro_update_mode"": ""exp"", ""groupdro_objective"": ""weighted"", ""groupdro_kl_lambda"": 0.0, ""groupdro_uniform_init"": false, ""log_interval"": 20, ""save_every"": 10, ""groupdro_ema_decay"": 0.9, ""groupdro_update_every"": 1, ""dro_signal"": ""val"", ""val_frac"": 0.15, ""impute_missing"": true, ""common_encoder"": false, ""use_regret"": false, ""data_split_seed"": 1001}","{""num_groups"": 4, ""num_classes"": 2, ""train_total"": 449, ""test_total"": 185, ""train_group_counts"": [205, 199, 20, 25], ""test_group_counts"": [61, 59, 25, 40], ""train_class_counts"": [248, 201], ""test_class_counts"": [83, 102], ""train_group_class_counts"": [[111, 94], [127, 72], [2, 18], [8, 17]], ""test_group_class_counts"": [[33, 28], [38, 21], [2, 23], [10, 30]], ""group_proportions"": [0.45657015590200445, 0.44320712694877507, 0.044543429844097995, 0.0556792873051225], ""val_group_counts"": [37, 36, 15, 24], ""val_total"": 112}","{""num_groups"": 4, ""eta"": 0.64, ""update_mode"": ""exp"", ""robust_objective"": ""weighted"", ""gamma"": 0.9, ""kl_lambda"": 0.0, ""initial_pi"": [0.4565701484680176, 0.44320711493492126, 0.04454343020915985, 0.055679287761449814]}",2026-09-15T19:27:33.080474,24,0.3029148819224905,0.8639455799883455,0.001,0.7621621621621621,0.7693459988885801,0.575,0.92,"[0.819672131147541, 0.7627118644067796, 0.92, 0.575]","[0.46973937144503, 0.7895946005335615, 0.35951129242777824, 0.8903432851657271]","[0.7469879518072289, 0.7745098039215687]","[[0.8181818181818182, 0.8214285714285714], [0.8421052631578947, 0.6190476190476191], [0.0, 1.0], [0.3, 0.6666666666666666]]","[61, 59, 25, 40]",0.7601367279585101,"[0.81889338731444, 0.7352564102564103, 0.4791666666666667, 0.4813119755911518]",0.4791666666666667,0.8903432851657271,0.7142857142857143,0.7242304804804804,0.4583333333333333,0.9333333333333333,"[0.8108108108108109, 0.6944444444444444, 0.9333333333333333, 0.4583333333333333]","[0.466875406447798, 0.8484606192214414, 0.28753591974576315, 1.326219576158716]","[0.76, 0.6774193548387096]","[[0.8, 0.8235294117647058], [0.9130434782608695, 0.3076923076923077], [0.0, 1.0], [0.16666666666666666, 0.5555555555555556]]","[37, 36, 15, 24]",0.7139208173690932,"[0.8102564102564103, 0.6067527308838133, 0.4827586206896552, 0.36969696969696964]",0.36969696969696964,1.326219576158716,"[0.0766831636428833, 0.8403462171554565, 0.0004741368757095188, 0.08249648660421371]","[0.3701643134866442, 0.2915281823703221, 0.217205128322045, 0.1377619281411171]","[0.09140530973672867, 0.8346994519233704, 0.0006313332123681903, 0.07326388359069824]","[0.4565701484680176, 0.44320711493492126, 0.04454343020915985, 0.055679287761449814]",0.0
"{""run_name"": ""fedheart_exp_paper_hetagg_gdro"", ""seed"": 42, ""run_dir"": ""runs/fedheart_cv/GroupDRO_s42_f1"", ""use_fedheart"": true, ""num_classes"": 2, ""stratified_batching"": true, ""train_frac"": 0.8, ""group_max_train_samples"": [null, null, 20, 25], ""true_hetero_input_dim"": true, ""feature_mask"": [[0, 1, 2, 3, 5, 6, 7, 8, 9, 10], [0, 1, 2, 3, 5, 6, 11, 12], [0, 1, 2, 4, 5, 7, 11, 12], [0, 1, 2, 4, 5, 6, 8, 9, 10]], ""batch_size"": 64, ""num_workers"": 0, ""epochs"": 100, ""early_stopping_patience"": 30, ""lr"": 0.001, ""weight_decay"": 0.0001, ""optimizer"": ""adam"", ""grad_clip"": 1.0, ""lr_scheduler"": ""cosine"", ""lr_min"": 1e-05, ""latent_dim"": 64, ""head_hidden"": 32, ""groups"": [{""name"": ""cleveland"", ""encoder"": ""mlp_tabular_ln"", ""input_dim"": 10, ""hidden_dim"": 64, ""dropout"": 0.1}, {""name"": ""hungarian"", ""encoder"": ""mlp_tabular_ln"", ""input_dim"": 8, ""hidden_dim"": 64, ""dropout"": 0.1}, {""name"": ""switzerland"", ""encoder"": ""mlp_tabular_ln"", ""input_dim"": 8, ""hidden_dim"": 64, ""dropout"": 0.1}, {""name"": ""va_long_beach"", ""encoder"": ""mlp_tabular_ln"", ""input_dim"": 9, ""hidden_dim"": 64, ""dropout"": 0.1}], ""anchor_eps"": 0.0001, ""sep_samples_per_class"": 4, ""sep_method"": ""classifier"", ""sep_margin"": 1.0, ""lambda_fit"": 0.001, ""lambda_sep"": 0.001, ""groupdro_enabled"": true, ""groupdro_eta"": 0.64, ""groupdro_gamma"": 0.9, ""groupdro_update_mode"": ""exp"", ""groupdro_objective"": ""weighted"", ""groupdro_kl_lambda"": 0.0, ""groupdro_uniform_init"": false, ""log_interval"": 20, ""save_every"": 10, ""groupdro_ema_decay"": 0.9, ""groupdro_update_every"": 1, ""dro_signal"": ""val"", ""val_frac"": 0.15, ""impute_missing"": true, ""common_encoder"": false, ""use_regret"": false, ""data_split_seed"": 1001}","{""num_groups"": 4, ""num_classes"": 2, ""train_total"": 449, ""test_total"": 185, ""train_group_counts"": [205, 199, 20, 25], ""test_group_counts"": [61, 59, 25, 40], ""train_class_counts"": [248, 201], ""test_class_counts"": [83, 102], ""train_group_class_counts"": [[111, 94], [127, 72], [2, 18], [8, 17]], ""test_group_class_counts"": [[33, 28], [38, 21], [2, 23], [10, 30]], ""group_proportions"": [0.45657015590200445, 0.44320712694877507, 0.044543429844097995, 0.0556792873051225], ""val_group_counts"": [37, 36, 15, 24], ""val_total"": 112}","{""num_groups"": 4, ""eta"": 0.64, ""update_mode"": ""exp"", ""robust_objective"": ""weighted"", ""gamma"": 0.9, ""kl_lambda"": 0.0, ""initial_pi"": [0.4565701484680176, 0.44320711493492126, 0.04454343020915985, 0.055679287761449814]}",2026-09-15T19:27:33.080474,25,0.30582038939945283,0.8843537385231243,0.001,0.7621621621621621,0.7693459988885801,0.575,0.92,"[0.819672131147541, 0.7627118644067796, 0.92, 0.575]","[0.46836062619218327, 0.8379284248813608, 0.36018948897719383, 0.841876106930431]","[0.7228915662650602, 0.7941176470588235]","[[0.8181818181818182, 0.8214285714285714], [0.8421052631578947, 0.6190476190476191], [0.0, 1.0], [0.1, 0.7333333333333333]]","[61, 59, 25, 40]",0.7590575420317311,"[0.81889338731444, 0.7352564102564103, 0.4791666666666667, 0.41328731665228646]",0.41328731665228646,0.841876106930431,0.7321428571428571,0.7487237237237238,0.5833333333333334,0.9333333333333333,"[0.7837837837837838, 0.6944444444444444, 0.9333333333333333, 0.5833333333333334]","[0.4712112880236394, 0.9265886196840761, 0.2881985848148664, 1.2553290373374086]","[0.76, 0.7096774193548387]","[[0.8, 0.7647058823529411], [0.9130434782608695, 0.3076923076923077], [0.0, 1.0], [0.16666666666666666, 0.7222222222222222]]","[37, 36, 15, 24]",0.7313719219699393,"[0.7823529411764707, 0.6067527308838133, 0.4827586206896552, 0.4444444444444444]",0.4444444444444444,1.2553290373374086,"[0.06339158862829208, 0.842803955078125, 0.00035064961411990225, 0.09345375001430511]","[0.3030198961496353, 0.29366016387939453, 0.253707367926836, 0.28913173141578835]","[0.0766831636428833, 0.8403462171554565, 0.0004741368757095188, 0.08249648660421371]","[0.4565701484680176, 0.44320711493492126, 0.04454343020915985, 0.055679287761449814]",0.0
"{""run_name"": ""fedheart_exp_paper_hetagg_gdro"", ""seed"": 42, ""run_dir"": ""runs/fedheart_cv/GroupDRO_s42_f1"", ""use_fedheart"": true, ""num_classes"": 2, ""stratified_batching"": true, ""train_frac"": 0.8, ""group_max_train_samples"": [null, null, 20, 25], ""true_hetero_input_dim"": true, ""feature_mask"": [[0, 1, 2, 3, 5, 6, 7, 8, 9, 10], [0, 1, 2, 3, 5, 6, 11, 12], [0, 1, 2, 4, 5, 7, 11, 12], [0, 1, 2, 4, 5, 6, 8, 9, 10]], ""batch_size"": 64, ""num_workers"": 0, ""epochs"": 100, ""early_stopping_patience"": 30, ""lr"": 0.001, ""weight_decay"": 0.0001, ""optimizer"": ""adam"", ""grad_clip"": 1.0, ""lr_scheduler"": ""cosine"", ""lr_min"": 1e-05, ""latent_dim"": 64, ""head_hidden"": 32, ""groups"": [{""name"": ""cleveland"", ""encoder"": ""mlp_tabular_ln"", ""input_dim"": 10, ""hidden_dim"": 64, ""dropout"": 0.1}, {""name"": ""hungarian"", ""encoder"": ""mlp_tabular_ln"", ""input_dim"": 8, ""hidden_dim"": 64, ""dropout"": 0.1}, {""name"": ""switzerland"", ""encoder"": ""mlp_tabular_ln"", ""input_dim"": 8, ""hidden_dim"": 64, ""dropout"": 0.1}, {""name"": ""va_long_beach"", ""encoder"": ""mlp_tabular_ln"", ""input_dim"": 9, ""hidden_dim"": 64, ""dropout"": 0.1}], ""anchor_eps"": 0.0001, ""sep_samples_per_class"": 4, ""sep_method"": ""classifier"", ""sep_margin"": 1.0, ""lambda_fit"": 0.001, ""lambda_sep"": 0.001, ""groupdro_enabled"": true, ""groupdro_eta"": 0.64, ""groupdro_gamma"": 0.9, ""groupdro_update_mode"": ""exp"", ""groupdro_objective"": ""weighted"", ""groupdro_kl_lambda"": 0.0, ""groupdro_uniform_init"": false, ""log_interval"": 20, ""save_every"": 10, ""groupdro_ema_decay"": 0.9, ""groupdro_update_every"": 1, ""dro_signal"": ""val"", ""val_frac"": 0.15, ""impute_missing"": true, ""common_encoder"": false, ""use_regret"": false, ""data_split_seed"": 1001}","{""num_groups"": 4, ""num_classes"": 2, ""train_total"": 449, ""test_total"": 185, ""train_group_counts"": [205, 199, 20, 25], ""test_group_counts"": [61, 59, 25, 40], ""train_class_counts"": [248, 201], ""test_class_counts"": [83, 102], ""train_group_class_counts"": [[111, 94], [127, 72], [2, 18], [8, 17]], ""test_group_class_counts"": [[33, 28], [38, 21], [2, 23], [10, 30]], ""group_proportions"": [0.45657015590200445, 0.44320712694877507, 0.044543429844097995, 0.0556792873051225], ""val_group_counts"": [37, 36, 15, 24], ""val_total"": 112}","{""num_groups"": 4, ""eta"": 0.64, ""update_mode"": ""exp"", ""robust_objective"": ""weighted"", ""gamma"": 0.9, ""kl_lambda"": 0.0, ""initial_pi"": [0.4565701484680176, 0.44320711493492126, 0.04454343020915985, 0.055679287761449814]}",2026-09-15T19:27:33.080474,26,0.2877104227302296,0.8639455820157144,0.001,0.772972972972973,0.783858710752987,0.65,0.92,"[0.819672131147541, 0.7457627118644068, 0.92, 0.65]","[0.4682579818029018, 0.8566352345830746, 0.3606074710190296, 0.8544462970225141]","[0.7590361445783133, 0.7843137254901961]","[[0.8181818181818182, 0.8214285714285714], [0.8421052631578947, 0.5714285714285714], [0.0, 1.0], [0.4, 0.7333333333333333]]","[61, 59, 25, 40]",0.771039603960396,"[0.81889338731444, 0.7127555988315482, 0.4791666666666667, 0.561128526645768]",0.4791666666666667,0.8566352345830746,0.7321428571428571,0.7487237237237238,0.5833333333333334,0.9333333333333333,"[0.7837837837837838, 0.6944444444444444, 0.9333333333333333, 0.5833333333333334]","[0.4723412527425869, 0.961990917683579, 0.28971281871199606, 1.2900237556896172]","[0.76, 0.7096774193548387]","[[0.8, 0.7647058823529411], [0.9130434782608695, 0.3076923076923077], [0.0, 1.0], [0.16666666666666666, 0.7222222222222222]]","[37, 36, 15, 24]",0.7313719219699393,"[0.7823529411764707, 0.6067527308838133, 0.4827586206896552, 0.4444444444444444]",0.4444444444444444,1.2900237556896172,"[0.05156644806265831, 0.8418116569519043, 0.00025503928191028535, 0.10636687278747559]","[0.3200165778398514, 0.2744389538254057, 0.20882729813456535, 0.2205689698457718]","[0.06339158862829208, 0.842803955078125, 0.00035064961411990225, 0.09345375001430511]","[0.4565701484680176, 0.44320711493492126, 0.04454343020915985, 0.055679287761449814]",0.0
"{""run_name"": ""fedheart_exp_paper_hetagg_gdro"", ""seed"": 42, ""run_dir"": ""runs/fedheart_cv/GroupDRO_s42_f1"", ""use_fedheart"": true, ""num_classes"": 2, ""stratified_batching"": true, ""train_frac"": 0.8, ""group_max_train_samples"": [null, null, 20, 25], ""true_hetero_input_dim"": true, ""feature_mask"": [[0, 1, 2, 3, 5, 6, 7, 8, 9, 10], [0, 1, 2, 3, 5, 6, 11, 12], [0, 1, 2, 4, 5, 7, 11, 12], [0, 1, 2, 4, 5, 6, 8, 9, 10]], ""batch_size"": 64, ""num_workers"": 0, ""epochs"": 100, ""early_stopping_patience"": 30, ""lr"": 0.001, ""weight_decay"": 0.0001, ""optimizer"": ""adam"", ""grad_clip"": 1.0, ""lr_scheduler"": ""cosine"", ""lr_min"": 1e-05, ""latent_dim"": 64, ""head_hidden"": 32, ""groups"": [{""name"": ""cleveland"", ""encoder"": ""mlp_tabular_ln"", ""input_dim"": 10, ""hidden_dim"": 64, ""dropout"": 0.1}, {""name"": ""hungarian"", ""encoder"": ""mlp_tabular_ln"", ""input_dim"": 8, ""hidden_dim"": 64, ""dropout"": 0.1}, {""name"": ""switzerland"", ""encoder"": ""mlp_tabular_ln"", ""input_dim"": 8, ""hidden_dim"": 64, ""dropout"": 0.1}, {""name"": ""va_long_beach"", ""encoder"": ""mlp_tabular_ln"", ""input_dim"": 9, ""hidden_dim"": 64, ""dropout"": 0.1}], ""anchor_eps"": 0.0001, ""sep_samples_per_class"": 4, ""sep_method"": ""classifier"", ""sep_margin"": 1.0, ""lambda_fit"": 0.001, ""lambda_sep"": 0.001, ""groupdro_enabled"": true, ""groupdro_eta"": 0.64, ""groupdro_gamma"": 0.9, ""groupdro_update_mode"": ""exp"", ""groupdro_objective"": ""weighted"", ""groupdro_kl_lambda"": 0.0, ""groupdro_uniform_init"": false, ""log_interval"": 20, ""save_every"": 10, ""groupdro_ema_decay"": 0.9, ""groupdro_update_every"": 1, ""dro_signal"": ""val"", ""val_frac"": 0.15, ""impute_missing"": true, ""common_encoder"": false, ""use_regret"": false, ""data_split_seed"": 1001}","{""num_groups"": 4, ""num_classes"": 2, ""train_total"": 449, ""test_total"": 185, ""train_group_counts"": [205, 199, 20, 25], ""test_group_counts"": [61, 59, 25, 40], ""train_class_counts"": [248, 201], ""test_class_counts"": [83, 102], ""train_group_class_counts"": [[111, 94], [127, 72], [2, 18], [8, 17]], ""test_group_class_counts"": [[33, 28], [38, 21], [2, 23], [10, 30]], ""group_proportions"": [0.45657015590200445, 0.44320712694877507, 0.044543429844097995, 0.0556792873051225], ""val_group_counts"": [37, 36, 15, 24], ""val_total"": 112}","{""num_groups"": 4, ""eta"": 0.64, ""update_mode"": ""exp"", ""robust_objective"": ""weighted"", ""gamma"": 0.9, ""kl_lambda"": 0.0, ""initial_pi"": [0.4565701484680176, 0.44320711493492126, 0.04454343020915985, 0.055679287761449814]}",2026-09-15T19:27:33.080474,27,0.30087108366073123,0.8798185958613615,0.001,0.772972972972973,0.7818459988885802,0.625,0.92,"[0.819672131147541, 0.7627118644067796, 0.92, 0.625]","[0.4686027013116562, 0.8505990136833073, 0.3613994988799095, 0.8851225155871362]","[0.7590361445783133, 0.7843137254901961]","[[0.8181818181818182, 0.8214285714285714], [0.8421052631578947, 0.6190476190476191], [0.0, 1.0], [0.4, 0.7]]","[61, 59, 25, 40]",0.771039603960396,"[0.81889338731444, 0.7352564102564103, 0.4791666666666667, 0.5423340961098397]",0.4791666666666667,0.8851225155871362,0.7232142857142857,0.738307057057057,0.5416666666666666,0.9333333333333333,"[0.7837837837837838, 0.6944444444444444, 0.9333333333333333, 0.5416666666666666]","[0.47346201423253564, 0.9087822192118943, 0.29120890895525614, 1.3368861347941372]","[0.76, 0.6935483870967742]","[[0.8, 0.7647058823529411], [0.9130434782608695, 0.3076923076923077], [0.0, 1.0], [0.16666666666666666, 0.6666666666666666]]","[37, 36, 15, 24]",0.7226615544372553,"[0.7823529411764707, 0.6067527308838133, 0.4827586206896552, 0.4197802197802198]",0.4197802197802198,1.3368861347941372,"[0.04141470044851303, 0.8362562656402588, 0.00018305727280676365, 0.12214595079421997]","[0.323984043938773, 0.3054727166891098, 0.26936672627925873, 0.13047674546639124]","[0.05156644806265831, 0.8418116569519043, 0.00025503928191028535, 0.10636687278747559]","[0.4565701484680176, 0.44320711493492126, 0.04454343020915985, 0.055679287761449814]",0.0
"{""run_name"": ""fedheart_exp_paper_hetagg_gdro"", ""seed"": 42, ""run_dir"": ""runs/fedheart_cv/GroupDRO_s42_f1"", ""use_fedheart"": true, ""num_classes"": 2, ""stratified_batching"": true, ""train_frac"": 0.8, ""group_max_train_samples"": [null, null, 20, 25], ""true_hetero_input_dim"": true, ""feature_mask"": [[0, 1, 2, 3, 5, 6, 7, 8, 9, 10], [0, 1, 2, 3, 5, 6, 11, 12], [0, 1, 2, 4, 5, 7, 11, 12], [0, 1, 2, 4, 5, 6, 8, 9, 10]], ""batch_size"": 64, ""num_workers"": 0, ""epochs"": 100, ""early_stopping_patience"": 30, ""lr"": 0.001, ""weight_decay"": 0.0001, ""optimizer"": ""adam"", ""grad_clip"": 1.0, ""lr_scheduler"": ""cosine"", ""lr_min"": 1e-05, ""latent_dim"": 64, ""head_hidden"": 32, ""groups"": [{""name"": ""cleveland"", ""encoder"": ""mlp_tabular_ln"", ""input_dim"": 10, ""hidden_dim"": 64, ""dropout"": 0.1}, {""name"": ""hungarian"", ""encoder"": ""mlp_tabular_ln"", ""input_dim"": 8, ""hidden_dim"": 64, ""dropout"": 0.1}, {""name"": ""switzerland"", ""encoder"": ""mlp_tabular_ln"", ""input_dim"": 8, ""hidden_dim"": 64, ""dropout"": 0.1}, {""name"": ""va_long_beach"", ""encoder"": ""mlp_tabular_ln"", ""input_dim"": 9, ""hidden_dim"": 64, ""dropout"": 0.1}], ""anchor_eps"": 0.0001, ""sep_samples_per_class"": 4, ""sep_method"": ""classifier"", ""sep_margin"": 1.0, ""lambda_fit"": 0.001, ""lambda_sep"": 0.001, ""groupdro_enabled"": true, ""groupdro_eta"": 0.64, ""groupdro_gamma"": 0.9, ""groupdro_update_mode"": ""exp"", ""groupdro_objective"": ""weighted"", ""groupdro_kl_lambda"": 0.0, ""groupdro_uniform_init"": false, ""log_interval"": 20, ""save_every"": 10, ""groupdro_ema_decay"": 0.9, ""groupdro_update_every"": 1, ""dro_signal"": ""val"", ""val_frac"": 0.15, ""impute_missing"": true, ""common_encoder"": false, ""use_regret"": false, ""data_split_seed"": 1001}","{""num_groups"": 4, ""num_classes"": 2, ""train_total"": 449, ""test_total"": 185, ""train_group_counts"": [205, 199, 20, 25], ""test_group_counts"": [61, 59, 25, 40], ""train_class_counts"": [248, 201], ""test_class_counts"": [83, 102], ""train_group_class_counts"": [[111, 94], [127, 72], [2, 18], [8, 17]], ""test_group_class_counts"": [[33, 28], [38, 21], [2, 23], [10, 30]], ""group_proportions"": [0.45657015590200445, 0.44320712694877507, 0.044543429844097995, 0.0556792873051225], ""val_group_counts"": [37, 36, 15, 24], ""val_total"": 112}","{""num_groups"": 4, ""eta"": 0.64, ""update_mode"": ""exp"", ""robust_objective"": ""weighted"", ""gamma"": 0.9, ""kl_lambda"": 0.0, ""initial_pi"": [0.4565701484680176, 0.44320711493492126, 0.04454343020915985, 0.055679287761449814]}",2026-09-15T19:27:33.080474,28,0.28653929722146926,0.8775510174346889,0.001,0.772972972972973,0.7818459988885802,0.625,0.92,"[0.819672131147541, 0.7627118644067796, 0.92, 0.625]","[0.4680055683081756, 0.8496336051089278, 0.36185222178697585, 0.8740982370101846]","[0.7590361445783133, 0.7843137254901961]","[[0.8181818181818182, 0.8214285714285714], [0.8421052631578947, 0.6190476190476191], [0.0, 1.0], [0.4, 0.7]]","[61, 59, 25, 40]",0.771039603960396,"[0.81889338731444, 0.7352564102564103, 0.4791666666666667, 0.5423340961098397]",0.4791666666666667,0.8740982370101846,0.7232142857142857,0.738307057057057,0.5416666666666666,0.9333333333333333,"[0.7837837837837838, 0.6944444444444444, 0.9333333333333333, 0.5416666666666666]","[0.4736952232071073, 0.8936116705444874, 0.293343286216259, 1.3491086840222124]","[0.76, 0.6935483870967742]","[[0.8, 0.7647058823529411], [0.9130434782608695, 0.3076923076923077], [0.0, 1.0], [0.16666666666666666, 0.6666666666666666]]","[37, 36, 15, 24]",0.7226615544372553,"[0.7823529411764707, 0.6067527308838133, 0.4827586206896552, 0.4197802197802198]",0.4197802197802198,1.3491086840222124,"[0.0328688882291317, 0.8255528211593628, 0.0001298009738093242, 0.141448512673378]","[0.33863665589264463, 0.2817436861140387, 0.19305578246712685, 0.18806119387348494]","[0.04141470044851303, 0.8362562656402588, 0.00018305727280676365, 0.12214595079421997]","[0.4565701484680176, 0.44320711493492126, 0.04454343020915985, 0.055679287761449814]",0.0
"{""run_name"": ""fedheart_exp_paper_hetagg_gdro"", ""seed"": 42, ""run_dir"": ""runs/fedheart_cv/GroupDRO_s42_f1"", ""use_fedheart"": true, ""num_classes"": 2, ""stratified_batching"": true, ""train_frac"": 0.8, ""group_max_train_samples"": [null, null, 20, 25], ""true_hetero_input_dim"": true, ""feature_mask"": [[0, 1, 2, 3, 5, 6, 7, 8, 9, 10], [0, 1, 2, 3, 5, 6, 11, 12], [0, 1, 2, 4, 5, 7, 11, 12], [0, 1, 2, 4, 5, 6, 8, 9, 10]], ""batch_size"": 64, ""num_workers"": 0, ""epochs"": 100, ""early_stopping_patience"": 30, ""lr"": 0.001, ""weight_decay"": 0.0001, ""optimizer"": ""adam"", ""grad_clip"": 1.0, ""lr_scheduler"": ""cosine"", ""lr_min"": 1e-05, ""latent_dim"": 64, ""head_hidden"": 32, ""groups"": [{""name"": ""cleveland"", ""encoder"": ""mlp_tabular_ln"", ""input_dim"": 10, ""hidden_dim"": 64, ""dropout"": 0.1}, {""name"": ""hungarian"", ""encoder"": ""mlp_tabular_ln"", ""input_dim"": 8, ""hidden_dim"": 64, ""dropout"": 0.1}, {""name"": ""switzerland"", ""encoder"": ""mlp_tabular_ln"", ""input_dim"": 8, ""hidden_dim"": 64, ""dropout"": 0.1}, {""name"": ""va_long_beach"", ""encoder"": ""mlp_tabular_ln"", ""input_dim"": 9, ""hidden_dim"": 64, ""dropout"": 0.1}], ""anchor_eps"": 0.0001, ""sep_samples_per_class"": 4, ""sep_method"": ""classifier"", ""sep_margin"": 1.0, ""lambda_fit"": 0.001, ""lambda_sep"": 0.001, ""groupdro_enabled"": true, ""groupdro_eta"": 0.64, ""groupdro_gamma"": 0.9, ""groupdro_update_mode"": ""exp"", ""groupdro_objective"": ""weighted"", ""groupdro_kl_lambda"": 0.0, ""groupdro_uniform_init"": false, ""log_interval"": 20, ""save_every"": 10, ""groupdro_ema_decay"": 0.9, ""groupdro_update_every"": 1, ""dro_signal"": ""val"", ""val_frac"": 0.15, ""impute_missing"": true, ""common_encoder"": false, ""use_regret"": false, ""data_split_seed"": 1001}","{""num_groups"": 4, ""num_classes"": 2, ""train_total"": 449, ""test_total"": 185, ""train_group_counts"": [205, 199, 20, 25], ""test_group_counts"": [61, 59, 25, 40], ""train_class_counts"": [248, 201], ""test_class_counts"": [83, 102], ""train_group_class_counts"": [[111, 94], [127, 72], [2, 18], [8, 17]], ""test_group_class_counts"": [[33, 28], [38, 21], [2, 23], [10, 30]], ""group_proportions"": [0.45657015590200445, 0.44320712694877507, 0.044543429844097995, 0.0556792873051225], ""val_group_counts"": [37, 36, 15, 24], ""val_total"": 112}","{""num_groups"": 4, ""eta"": 0.64, ""update_mode"": ""exp"", ""robust_objective"": ""weighted"", ""gamma"": 0.9, ""kl_lambda"": 0.0, ""initial_pi"": [0.4565701484680176, 0.44320711493492126, 0.04454343020915985, 0.055679287761449814]}",2026-09-15T19:27:33.080474,29,0.2630124546232678,0.8843537394692298,0.001,0.7837837837837838,0.7943459988885802,0.675,0.92,"[0.819672131147541, 0.7627118644067796, 0.92, 0.675]","[0.46753898704974134, 0.8703286999686606, 0.3636374190449715, 0.8736622348544187]","[0.7710843373493976, 0.7941176470588235]","[[0.8181818181818182, 0.8214285714285714], [0.868421052631579, 0.5714285714285714], [0.0, 1.0], [0.4, 0.7666666666666667]]","[61, 59, 25, 40]",0.781942479962282,"[0.81889338731444, 0.7282894736842105, 0.4791666666666667, 0.5803066989507668]",0.4791666666666667,0.8736622348544187,0.7232142857142857,0.7417792792792792,0.5833333333333334,0.9333333333333333,"[0.7837837837837838, 0.6666666666666666, 0.9333333333333333, 0.5833333333333334]","[0.47358636644895413, 0.9774231620354435, 0.29573408166567483, 1.3961919445428066]","[0.76, 0.6935483870967742]","[[0.8, 0.7647058823529411], [0.9130434782608695, 0.23076923076923078], [0.0, 1.0], [0.16666666666666666, 0.7222222222222222]]","[37, 36, 15, 24]",0.7226615544372553,"[0.7823529411764707, 0.5555555555555556, 0.4827586206896552, 0.4444444444444444]",0.4444444444444444,1.3961919445428066,"[0.0256497822701931, 0.8097389936447144, 9.04873086255975e-05, 0.1645207405090332]","[0.33294515311717987, 0.2705619973795755, 0.233166283617417, 0.11171766898284356]","[0.0328688882291317, 0.8255528211593628, 0.0001298009738093242, 0.141448512673378]","[0.4565701484680176, 0.44320711493492126, 0.04454343020915985, 0.055679287761449814]",0.0
"{""run_name"": ""fedheart_exp_paper_hetagg_gdro"", ""seed"": 42, ""run_dir"": ""runs/fedheart_cv/GroupDRO_s42_f1"", ""use_fedheart"": true, ""num_classes"": 2, ""stratified_batching"": true, ""train_frac"": 0.8, ""group_max_train_samples"": [null, null, 20, 25], ""true_hetero_input_dim"": true, ""feature_mask"": [[0, 1, 2, 3, 5, 6, 7, 8, 9, 10], [0, 1, 2, 3, 5, 6, 11, 12], [0, 1, 2, 4, 5, 7, 11, 12], [0, 1, 2, 4, 5, 6, 8, 9, 10]], ""batch_size"": 64, ""num_workers"": 0, ""epochs"": 100, ""early_stopping_patience"": 30, ""lr"": 0.001, ""weight_decay"": 0.0001, ""optimizer"": ""adam"", ""grad_clip"": 1.0, ""lr_scheduler"": ""cosine"", ""lr_min"": 1e-05, ""latent_dim"": 64, ""head_hidden"": 32, ""groups"": [{""name"": ""cleveland"", ""encoder"": ""mlp_tabular_ln"", ""input_dim"": 10, ""hidden_dim"": 64, ""dropout"": 0.1}, {""name"": ""hungarian"", ""encoder"": ""mlp_tabular_ln"", ""input_dim"": 8, ""hidden_dim"": 64, ""dropout"": 0.1}, {""name"": ""switzerland"", ""encoder"": ""mlp_tabular_ln"", ""input_dim"": 8, ""hidden_dim"": 64, ""dropout"": 0.1}, {""name"": ""va_long_beach"", ""encoder"": ""mlp_tabular_ln"", ""input_dim"": 9, ""hidden_dim"": 64, ""dropout"": 0.1}], ""anchor_eps"": 0.0001, ""sep_samples_per_class"": 4, ""sep_method"": ""classifier"", ""sep_margin"": 1.0, ""lambda_fit"": 0.001, ""lambda_sep"": 0.001, ""groupdro_enabled"": true, ""groupdro_eta"": 0.64, ""groupdro_gamma"": 0.9, ""groupdro_update_mode"": ""exp"", ""groupdro_objective"": ""weighted"", ""groupdro_kl_lambda"": 0.0, ""groupdro_uniform_init"": false, ""log_interval"": 20, ""save_every"": 10, ""groupdro_ema_decay"": 0.9, ""groupdro_update_every"": 1, ""dro_signal"": ""val"", ""val_frac"": 0.15, ""impute_missing"": true, ""common_encoder"": false, ""use_regret"": false, ""data_split_seed"": 1001}","{""num_groups"": 4, ""num_classes"": 2, ""train_total"": 449, ""test_total"": 185, ""train_group_counts"": [205, 199, 20, 25], ""test_group_counts"": [61, 59, 25, 40], ""train_class_counts"": [248, 201], ""test_class_counts"": [83, 102], ""train_group_class_counts"": [[111, 94], [127, 72], [2, 18], [8, 17]], ""test_group_class_counts"": [[33, 28], [38, 21], [2, 23], [10, 30]], ""group_proportions"": [0.45657015590200445, 0.44320712694877507, 0.044543429844097995, 0.0556792873051225], ""val_group_counts"": [37, 36, 15, 24], ""val_total"": 112}","{""num_groups"": 4, ""eta"": 0.64, ""update_mode"": ""exp"", ""robust_objective"": ""weighted"", ""gamma"": 0.9, ""kl_lambda"": 0.0, ""initial_pi"": [0.4565701484680176, 0.44320711493492126, 0.04454343020915985, 0.055679287761449814]}",2026-09-15T19:27:33.080474,30,0.28956668562088966,0.8707482982384644,0.001,0.772972972972973,0.7780959988885802,0.65,0.88,"[0.819672131147541, 0.7627118644067796, 0.88, 0.65]","[0.46501464360072964, 0.8865906079082703, 0.36561758041381837, 0.9584271272527985]","[0.7590361445783133, 0.7843137254901961]","[[0.8181818181818182, 0.8214285714285714], [0.8421052631578947, 0.6190476190476191], [0.0, 0.9565217391304348], [0.4, 0.7333333333333333]]","[61, 59, 25, 40]",0.771039603960396,"[0.81889338731444, 0.7352564102564103, 0.4680851063829787, 0.561128526645768]",0.4680851063829787,0.9584271272527985,0.7142857142857143,0.7313626126126126,0.5416666666666666,0.9333333333333333,"[0.7837837837837838, 0.6666666666666666, 0.9333333333333333, 0.5416666666666666]","[0.47508186753839254, 0.995749891290163, 0.29872648417949677, 1.5908629801512386]","[0.76, 0.6774193548387096]","[[0.8, 0.7647058823529411], [0.9130434782608695, 0.23076923076923078], [0.0, 1.0], [0.16666666666666666, 0.6666666666666666]]","[37, 36, 15, 24]",0.7139208173690932,"[0.7823529411764707, 0.5555555555555556, 0.4827586206896552, 0.4197802197802198]",0.4197802197802198,1.5908629801512386,"[0.019621122628450394, 0.7867349982261658, 6.183524237712845e-05, 0.19358201324939728]","[0.3087628185749054, 0.2911377655608313, 0.20651618391275406, 0.2153356404354175]","[0.0256497822701931, 0.8097389936447144, 9.04873086255975e-05, 0.1645207405090332]","[0.4565701484680176, 0.44320711493492126, 0.04454343020915985, 0.055679287761449814]",0.0
"{""run_name"": ""fedheart_exp_paper_hetagg_gdro"", ""seed"": 42, ""run_dir"": ""runs/fedheart_cv/GroupDRO_s42_f1"", ""use_fedheart"": true, ""num_classes"": 2, ""stratified_batching"": true, ""train_frac"": 0.8, ""group_max_train_samples"": [null, null, 20, 25], ""true_hetero_input_dim"": true, ""feature_mask"": [[0, 1, 2, 3, 5, 6, 7, 8, 9, 10], [0, 1, 2, 3, 5, 6, 11, 12], [0, 1, 2, 4, 5, 7, 11, 12], [0, 1, 2, 4, 5, 6, 8, 9, 10]], ""batch_size"": 64, ""num_workers"": 0, ""epochs"": 100, ""early_stopping_patience"": 30, ""lr"": 0.001, ""weight_decay"": 0.0001, ""optimizer"": ""adam"", ""grad_clip"": 1.0, ""lr_scheduler"": ""cosine"", ""lr_min"": 1e-05, ""latent_dim"": 64, ""head_hidden"": 32, ""groups"": [{""name"": ""cleveland"", ""encoder"": ""mlp_tabular_ln"", ""input_dim"": 10, ""hidden_dim"": 64, ""dropout"": 0.1}, {""name"": ""hungarian"", ""encoder"": ""mlp_tabular_ln"", ""input_dim"": 8, ""hidden_dim"": 64, ""dropout"": 0.1}, {""name"": ""switzerland"", ""encoder"": ""mlp_tabular_ln"", ""input_dim"": 8, ""hidden_dim"": 64, ""dropout"": 0.1}, {""name"": ""va_long_beach"", ""encoder"": ""mlp_tabular_ln"", ""input_dim"": 9, ""hidden_dim"": 64, ""dropout"": 0.1}], ""anchor_eps"": 0.0001, ""sep_samples_per_class"": 4, ""sep_method"": ""classifier"", ""sep_margin"": 1.0, ""lambda_fit"": 0.001, ""lambda_sep"": 0.001, ""groupdro_enabled"": true, ""groupdro_eta"": 0.64, ""groupdro_gamma"": 0.9, ""groupdro_update_mode"": ""exp"", ""groupdro_objective"": ""weighted"", ""groupdro_kl_lambda"": 0.0, ""groupdro_uniform_init"": false, ""log_interval"": 20, ""save_every"": 10, ""groupdro_ema_decay"": 0.9, ""groupdro_update_every"": 1, ""dro_signal"": ""val"", ""val_frac"": 0.15, ""impute_missing"": true, ""common_encoder"": false, ""use_regret"": false, ""data_split_seed"": 1001}","{""num_groups"": 4, ""num_classes"": 2, ""train_total"": 449, ""test_total"": 185, ""train_group_counts"": [205, 199, 20, 25], ""test_group_counts"": [61, 59, 25, 40], ""train_class_counts"": [248, 201], ""test_class_counts"": [83, 102], ""train_group_class_counts"": [[111, 94], [127, 72], [2, 18], [8, 17]], ""test_group_class_counts"": [[33, 28], [38, 21], [2, 23], [10, 30]], ""group_proportions"": [0.45657015590200445, 0.44320712694877507, 0.044543429844097995, 0.0556792873051225], ""val_group_counts"": [37, 36, 15, 24], ""val_total"": 112}","{""num_groups"": 4, ""eta"": 0.64, ""update_mode"": ""exp"", ""robust_objective"": ""weighted"", ""gamma"": 0.9, ""kl_lambda"": 0.0, ""initial_pi"": [0.4565701484680176, 0.44320711493492126, 0.04454343020915985, 0.055679287761449814]}",2026-09-15T19:27:33.080474,31,0.24802992024929885,0.888888888753731,0.001,0.7891891891891892,0.7968459988885801,0.725,0.88,"[0.819672131147541, 0.7627118644067796, 0.88, 0.725]","[0.4637665166290569, 0.9076209169658596, 0.366175599694252, 1.0189479033986573]","[0.7590361445783133, 0.8137254901960784]","[[0.8181818181818182, 0.8214285714285714], [0.8421052631578947, 0.6190476190476191], [0.0, 0.9565217391304348], [0.4, 0.8333333333333334]]","[61, 59, 25, 40]",0.7866962305986698,"[0.81889338731444, 0.7352564102564103, 0.4680851063829787, 0.6203623813632442]",0.4680851063829787,1.0189479033986573,0.7142857142857143,0.7313626126126126,0.5416666666666666,0.9333333333333333,"[0.7837837837837838, 0.6666666666666666, 0.9333333333333333, 0.5416666666666666]","[0.4773857894076689, 0.9883115457341773, 0.29990537812312446, 1.7772236046390997]","[0.76, 0.6774193548387096]","[[0.8, 0.7647058823529411], [0.9130434782608695, 0.23076923076923078], [0.0, 1.0], [0.16666666666666666, 0.6666666666666666]]","[37, 36, 15, 24]",0.7139208173690932,"[0.7823529411764707, 0.5555555555555556, 0.4827586206896552, 0.4197802197802198]",0.4197802197802198,1.7772236046390997,"[0.014667853713035583, 0.7535831928253174, 4.12907829741016e-05, 0.2317075878381729]","[0.31962076681000845, 0.27202347346714567, 0.23742923388878504, 0.08385434498389562]","[0.019621122628450394, 0.7867349982261658, 6.183524237712845e-05, 0.19358201324939728]","[0.4565701484680176, 0.44320711493492126, 0.04454343020915985, 0.055679287761449814]",0.0
"{""run_name"": ""fedheart_exp_paper_hetagg_gdro"", ""seed"": 42, ""run_dir"": ""runs/fedheart_cv/GroupDRO_s42_f1"", ""use_fedheart"": true, ""num_classes"": 2, ""stratified_batching"": true, ""train_frac"": 0.8, ""group_max_train_samples"": [null, null, 20, 25], ""true_hetero_input_dim"": true, ""feature_mask"": [[0, 1, 2, 3, 5, 6, 7, 8, 9, 10], [0, 1, 2, 3, 5, 6, 11, 12], [0, 1, 2, 4, 5, 7, 11, 12], [0, 1, 2, 4, 5, 6, 8, 9, 10]], ""batch_size"": 64, ""num_workers"": 0, ""epochs"": 100, ""early_stopping_patience"": 30, ""lr"": 0.001, ""weight_decay"": 0.0001, ""optimizer"": ""adam"", ""grad_clip"": 1.0, ""lr_scheduler"": ""cosine"", ""lr_min"": 1e-05, ""latent_dim"": 64, ""head_hidden"": 32, ""groups"": [{""name"": ""cleveland"", ""encoder"": ""mlp_tabular_ln"", ""input_dim"": 10, ""hidden_dim"": 64, ""dropout"": 0.1}, {""name"": ""hungarian"", ""encoder"": ""mlp_tabular_ln"", ""input_dim"": 8, ""hidden_dim"": 64, ""dropout"": 0.1}, {""name"": ""switzerland"", ""encoder"": ""mlp_tabular_ln"", ""input_dim"": 8, ""hidden_dim"": 64, ""dropout"": 0.1}, {""name"": ""va_long_beach"", ""encoder"": ""mlp_tabular_ln"", ""input_dim"": 9, ""hidden_dim"": 64, ""dropout"": 0.1}], ""anchor_eps"": 0.0001, ""sep_samples_per_class"": 4, ""sep_method"": ""classifier"", ""sep_margin"": 1.0, ""lambda_fit"": 0.001, ""lambda_sep"": 0.001, ""groupdro_enabled"": true, ""groupdro_eta"": 0.64, ""groupdro_gamma"": 0.9, ""groupdro_update_mode"": ""exp"", ""groupdro_objective"": ""weighted"", ""groupdro_kl_lambda"": 0.0, ""groupdro_uniform_init"": false, ""log_interval"": 20, ""save_every"": 10, ""groupdro_ema_decay"": 0.9, ""groupdro_update_every"": 1, ""dro_signal"": ""val"", ""val_frac"": 0.15, ""impute_missing"": true, ""common_encoder"": false, ""use_regret"": false, ""data_split_seed"": 1001}","{""num_groups"": 4, ""num_classes"": 2, ""train_total"": 449, ""test_total"": 185, ""train_group_counts"": [205, 199, 20, 25], ""test_group_counts"": [61, 59, 25, 40], ""train_class_counts"": [248, 201], ""test_class_counts"": [83, 102], ""train_group_class_counts"": [[111, 94], [127, 72], [2, 18], [8, 17]], ""test_group_class_counts"": [[33, 28], [38, 21], [2, 23], [10, 30]], ""group_proportions"": [0.45657015590200445, 0.44320712694877507, 0.044543429844097995, 0.0556792873051225], ""val_group_counts"": [37, 36, 15, 24], ""val_total"": 112}","{""num_groups"": 4, ""eta"": 0.64, ""update_mode"": ""exp"", ""robust_objective"": ""weighted"", ""gamma"": 0.9, ""kl_lambda"": 0.0, ""initial_pi"": [0.4565701484680176, 0.44320711493492126, 0.04454343020915985, 0.055679287761449814]}",2026-09-15T19:27:33.080474,32,0.24637858728432602,0.879818593023045,0.001,0.7837837837837838,0.7926087107529869,0.725,0.88,"[0.819672131147541, 0.7457627118644068, 0.88, 0.725]","[0.462103378195621, 0.935490016564056, 0.3675765597820282, 1.0556653037434445]","[0.7590361445783133, 0.803921568627451]","[[0.8181818181818182, 0.8214285714285714], [0.8421052631578947, 0.5714285714285714], [0.0, 0.9565217391304348], [0.4, 0.8333333333333334]]","[61, 59, 25, 40]",0.7814788566028821,"[0.81889338731444, 0.7127555988315482, 0.4680851063829787, 0.6203623813632442]",0.4680851063829787,1.0556653037434445,0.7142857142857143,0.7313626126126126,0.5416666666666666,0.9333333333333333,"[0.7837837837837838, 0.6666666666666666, 0.9333333333333333, 0.5416666666666666]","[0.4785521116384582, 1.0145935753955402, 0.30238521496454873, 1.8968329434622622]","[0.76, 0.6774193548387096]","[[0.8, 0.7647058823529411], [0.9130434782608695, 0.23076923076923078], [0.0, 1.0], [0.16666666666666666, 0.6666666666666666]]","[37, 36, 15, 24]",0.7139208173690932,"[0.7823529411764707, 0.5555555555555556, 0.4827586206896552, 0.4197802197802198]",0.4197802197802198,1.8968329434622622,"[0.01065130066126585, 0.7078813910484314, 2.6783636712934822e-05, 0.28144046664237976]","[0.3133441231080464, 0.25884059923035757, 0.2674387991428375, 0.1687166104093194]","[0.014667853713035583, 0.7535831928253174, 4.12907829741016e-05, 0.2317075878381729]","[0.4565701484680176, 0.44320711493492126, 0.04454343020915985, 0.055679287761449814]",0.0
