config,dataset_info,groupdro_config,start_time,epoch,train_loss,train_acc,learning_rate,test_overall_acc,test_balanced_acc,test_worst_group_acc,test_best_group_acc,test_per_group_acc,test_per_group_loss,test_per_class_acc,test_per_group_per_class_acc,test_per_group_counts,test_overall_macro_f1,test_per_group_f1,test_worst_group_f1,test_worst_group_loss,groupdro_weights,train_per_group_loss,groupdro_weights_mean,groupdro_pi,groupdro_kl_penalty
"{""run_name"": ""fedheart_exp_paper_hetagg_gdro"", ""seed"": 42, ""run_dir"": ""runs/fedheart_cv_lam0.3/GroupDRO_s42_f2"", ""use_fedheart"": true, ""num_classes"": 2, ""stratified_batching"": true, ""train_frac"": 0.8, ""group_max_train_samples"": [null, null, 20, 25], ""true_hetero_input_dim"": true, ""feature_mask"": [[0, 1, 2, 3, 5, 6, 7, 8, 9, 10], [0, 1, 2, 3, 5, 6, 11, 12], [0, 1, 2, 4, 5, 7, 11, 12], [0, 1, 2, 4, 5, 6, 8, 9, 10]], ""batch_size"": 64, ""num_workers"": 0, ""epochs"": 100, ""early_stopping_patience"": 30, ""lr"": 0.001, ""weight_decay"": 0.0001, ""optimizer"": ""adam"", ""grad_clip"": 1.0, ""lr_scheduler"": ""cosine"", ""lr_min"": 1e-05, ""latent_dim"": 64, ""head_hidden"": 32, ""groups"": [{""name"": ""cleveland"", ""encoder"": ""mlp_tabular_ln"", ""input_dim"": 10, ""hidden_dim"": 64, ""dropout"": 0.1}, {""name"": ""hungarian"", ""encoder"": ""mlp_tabular_ln"", ""input_dim"": 8, ""hidden_dim"": 64, ""dropout"": 0.1}, {""name"": ""switzerland"", ""encoder"": ""mlp_tabular_ln"", ""input_dim"": 8, ""hidden_dim"": 64, ""dropout"": 0.1}, {""name"": ""va_long_beach"", ""encoder"": ""mlp_tabular_ln"", ""input_dim"": 9, ""hidden_dim"": 64, ""dropout"": 0.1}], ""anchor_eps"": 0.0001, ""sep_samples_per_class"": 4, ""sep_method"": ""classifier"", ""sep_margin"": 1.0, ""lambda_fit"": 0.001, ""lambda_sep"": 0.001, ""groupdro_enabled"": true, ""groupdro_eta"": 1.0, ""groupdro_gamma"": 0.9, ""groupdro_update_mode"": ""softmax"", ""groupdro_objective"": ""weighted"", ""groupdro_kl_lambda"": 0.0, ""groupdro_uniform_init"": true, ""log_interval"": 20, ""save_every"": 10, ""impute_missing"": true, ""common_encoder"": false, ""use_regret"": false, ""data_split_seed"": 1002}","{""num_groups"": 4, ""num_classes"": 2, ""train_total"": 522, ""test_total"": 185, ""train_group_counts"": [242, 235, 20, 25], ""test_group_counts"": [61, 59, 25, 40], ""train_class_counts"": [289, 233], ""test_class_counts"": [83, 102], ""train_group_class_counts"": [[131, 111], [150, 85], [2, 18], [6, 19]], ""test_group_class_counts"": [[33, 28], [38, 21], [2, 23], [10, 30]], ""group_proportions"": [0.46360153256704983, 0.4501915708812261, 0.038314176245210725, 0.04789272030651341]}","{""num_groups"": 4, ""eta"": 1.0, ""update_mode"": ""softmax"", ""robust_objective"": ""weighted"", ""gamma"": 0.9, ""kl_lambda"": 0.0, ""initial_pi"": [0.4636015295982361, 0.45019155740737915, 0.038314174860715866, 0.04789271950721741]}",2026-09-14T00:20:42.471518,1,0.6718601584434509,0.662109375,0.001,0.8054054054054054,0.8199017088080023,0.7540983606557377,0.92,"[0.7540983606557377, 0.8305084745762712, 0.92, 0.775]","[0.6293367298900104, 0.5730227580515005, 0.5363124668598175, 0.6429800733923912]","[0.8192771084337349, 0.7941176470588235]","[[0.9090909090909091, 0.5714285714285714], [0.9736842105263158, 0.5714285714285714], [0.0, 1.0], [0.1, 1.0]]","[61, 59, 25, 40]",0.8044397463002113,"[0.7404255319148936, 0.7934173669467788, 0.4791666666666667, 0.5256916996047432]",0.4791666666666667,0.6429800733923912,"[0.2673600912094116, 0.2506240904331207, 0.22641317546367645, 0.25560271739959717]","[0.6638300940394402, 0.6352722719311714, 0.5716711096465588, 0.6766708716750145]","[0.2565793842077255, 0.24938348680734634, 0.23411142826080322, 0.259925689548254]","[0.4636015295982361, 0.45019155740737915, 0.038314174860715866, 0.04789271950721741]",0.0
"{""run_name"": ""fedheart_exp_paper_hetagg_gdro"", ""seed"": 42, ""run_dir"": ""runs/fedheart_cv_lam0.3/GroupDRO_s42_f2"", ""use_fedheart"": true, ""num_classes"": 2, ""stratified_batching"": true, ""train_frac"": 0.8, ""group_max_train_samples"": [null, null, 20, 25], ""true_hetero_input_dim"": true, ""feature_mask"": [[0, 1, 2, 3, 5, 6, 7, 8, 9, 10], [0, 1, 2, 3, 5, 6, 11, 12], [0, 1, 2, 4, 5, 7, 11, 12], [0, 1, 2, 4, 5, 6, 8, 9, 10]], ""batch_size"": 64, ""num_workers"": 0, ""epochs"": 100, ""early_stopping_patience"": 30, ""lr"": 0.001, ""weight_decay"": 0.0001, ""optimizer"": ""adam"", ""grad_clip"": 1.0, ""lr_scheduler"": ""cosine"", ""lr_min"": 1e-05, ""latent_dim"": 64, ""head_hidden"": 32, ""groups"": [{""name"": ""cleveland"", ""encoder"": ""mlp_tabular_ln"", ""input_dim"": 10, ""hidden_dim"": 64, ""dropout"": 0.1}, {""name"": ""hungarian"", ""encoder"": ""mlp_tabular_ln"", ""input_dim"": 8, ""hidden_dim"": 64, ""dropout"": 0.1}, {""name"": ""switzerland"", ""encoder"": ""mlp_tabular_ln"", ""input_dim"": 8, ""hidden_dim"": 64, ""dropout"": 0.1}, {""name"": ""va_long_beach"", ""encoder"": ""mlp_tabular_ln"", ""input_dim"": 9, ""hidden_dim"": 64, ""dropout"": 0.1}], ""anchor_eps"": 0.0001, ""sep_samples_per_class"": 4, ""sep_method"": ""classifier"", ""sep_margin"": 1.0, ""lambda_fit"": 0.001, ""lambda_sep"": 0.001, ""groupdro_enabled"": true, ""groupdro_eta"": 1.0, ""groupdro_gamma"": 0.9, ""groupdro_update_mode"": ""softmax"", ""groupdro_objective"": ""weighted"", ""groupdro_kl_lambda"": 0.0, ""groupdro_uniform_init"": true, ""log_interval"": 20, ""save_every"": 10, ""impute_missing"": true, ""common_encoder"": false, ""use_regret"": false, ""data_split_seed"": 1002}","{""num_groups"": 4, ""num_classes"": 2, ""train_total"": 522, ""test_total"": 185, ""train_group_counts"": [242, 235, 20, 25], ""test_group_counts"": [61, 59, 25, 40], ""train_class_counts"": [289, 233], ""test_class_counts"": [83, 102], ""train_group_class_counts"": [[131, 111], [150, 85], [2, 18], [6, 19]], ""test_group_class_counts"": [[33, 28], [38, 21], [2, 23], [10, 30]], ""group_proportions"": [0.46360153256704983, 0.4501915708812261, 0.038314176245210725, 0.04789272030651341]}","{""num_groups"": 4, ""eta"": 1.0, ""update_mode"": ""softmax"", ""robust_objective"": ""weighted"", ""gamma"": 0.9, ""kl_lambda"": 0.0, ""initial_pi"": [0.4636015295982361, 0.45019155740737915, 0.038314174860715866, 0.04789271950721741]}",2026-09-14T00:20:42.471518,2,0.5844123661518097,0.751953125,0.001,0.8054054054054054,0.8178889969435954,0.75,0.92,"[0.7540983606557377, 0.847457627118644, 0.92, 0.75]","[0.5665931354780667, 0.4970507889480914, 0.4286588251590729, 0.6028111696243286]","[0.7951807228915663, 0.8137254901960784]","[[0.8787878787878788, 0.6071428571428571], [0.9736842105263158, 0.6190476190476191], [0.0, 1.0], [0.0, 1.0]]","[61, 59, 25, 40]",0.8037482319660537,"[0.7441990494828068, 0.8172117039586919, 0.4791666666666667, 0.42857142857142855]",0.42857142857142855,0.6028111696243286,"[0.2687165439128876, 0.27152013778686523, 0.21538496017456055, 0.24437838792800903]","[0.5917382463812828, 0.5859963670372963, 0.43113283067941666, 0.5889829322695732]","[0.2599884420633316, 0.2585455868393183, 0.22228305600583553, 0.2591829262673855]","[0.4636015295982361, 0.45019155740737915, 0.038314174860715866, 0.04789271950721741]",0.0
"{""run_name"": ""fedheart_exp_paper_hetagg_gdro"", ""seed"": 42, ""run_dir"": ""runs/fedheart_cv_lam0.3/GroupDRO_s42_f2"", ""use_fedheart"": true, ""num_classes"": 2, ""stratified_batching"": true, ""train_frac"": 0.8, ""group_max_train_samples"": [null, null, 20, 25], ""true_hetero_input_dim"": true, ""feature_mask"": [[0, 1, 2, 3, 5, 6, 7, 8, 9, 10], [0, 1, 2, 3, 5, 6, 11, 12], [0, 1, 2, 4, 5, 7, 11, 12], [0, 1, 2, 4, 5, 6, 8, 9, 10]], ""batch_size"": 64, ""num_workers"": 0, ""epochs"": 100, ""early_stopping_patience"": 30, ""lr"": 0.001, ""weight_decay"": 0.0001, ""optimizer"": ""adam"", ""grad_clip"": 1.0, ""lr_scheduler"": ""cosine"", ""lr_min"": 1e-05, ""latent_dim"": 64, ""head_hidden"": 32, ""groups"": [{""name"": ""cleveland"", ""encoder"": ""mlp_tabular_ln"", ""input_dim"": 10, ""hidden_dim"": 64, ""dropout"": 0.1}, {""name"": ""hungarian"", ""encoder"": ""mlp_tabular_ln"", ""input_dim"": 8, ""hidden_dim"": 64, ""dropout"": 0.1}, {""name"": ""switzerland"", ""encoder"": ""mlp_tabular_ln"", ""input_dim"": 8, ""hidden_dim"": 64, ""dropout"": 0.1}, {""name"": ""va_long_beach"", ""encoder"": ""mlp_tabular_ln"", ""input_dim"": 9, ""hidden_dim"": 64, ""dropout"": 0.1}], ""anchor_eps"": 0.0001, ""sep_samples_per_class"": 4, ""sep_method"": ""classifier"", ""sep_margin"": 1.0, ""lambda_fit"": 0.001, ""lambda_sep"": 0.001, ""groupdro_enabled"": true, ""groupdro_eta"": 1.0, ""groupdro_gamma"": 0.9, ""groupdro_update_mode"": ""softmax"", ""groupdro_objective"": ""weighted"", ""groupdro_kl_lambda"": 0.0, ""groupdro_uniform_init"": true, ""log_interval"": 20, ""save_every"": 10, ""impute_missing"": true, ""common_encoder"": false, ""use_regret"": false, ""data_split_seed"": 1002}","{""num_groups"": 4, ""num_classes"": 2, ""train_total"": 522, ""test_total"": 185, ""train_group_counts"": [242, 235, 20, 25], ""test_group_counts"": [61, 59, 25, 40], ""train_class_counts"": [289, 233], ""test_class_counts"": [83, 102], ""train_group_class_counts"": [[131, 111], [150, 85], [2, 18], [6, 19]], ""test_group_class_counts"": [[33, 28], [38, 21], [2, 23], [10, 30]], ""group_proportions"": [0.46360153256704983, 0.4501915708812261, 0.038314176245210725, 0.04789272030651341]}","{""num_groups"": 4, ""eta"": 1.0, ""update_mode"": ""softmax"", ""robust_objective"": ""weighted"", ""gamma"": 0.9, ""kl_lambda"": 0.0, ""initial_pi"": [0.4636015295982361, 0.45019155740737915, 0.038314174860715866, 0.04789271950721741]}",2026-09-14T00:20:42.471518,3,0.5170309022068977,0.77734375,0.001,0.8162162162162162,0.8262246457349264,0.75,0.92,"[0.7704918032786885, 0.864406779661017, 0.92, 0.75]","[0.5018069817394507, 0.433166910026033, 0.3426394098997116, 0.56870381757617]","[0.8072289156626506, 0.8235294117647058]","[[0.9090909090909091, 0.6071428571428571], [0.9736842105263158, 0.6666666666666666], [0.0, 1.0], [0.0, 1.0]]","[61, 59, 25, 40]",0.8146511079679395,"[0.759572072072072, 0.8401084010840109, 0.4791666666666667, 0.42857142857142855]",0.42857142857142855,0.56870381757617,"[0.25796279311180115, 0.2639109492301941, 0.20658761262893677, 0.2715386748313904]","[0.5201298072934151, 0.551151730120182, 0.33567386493086815, 0.5249793604016304]","[0.2569433841854334, 0.26546354964375496, 0.21821275725960732, 0.25938030518591404]","[0.4636015295982361, 0.45019155740737915, 0.038314174860715866, 0.04789271950721741]",0.0
"{""run_name"": ""fedheart_exp_paper_hetagg_gdro"", ""seed"": 42, ""run_dir"": ""runs/fedheart_cv_lam0.3/GroupDRO_s42_f2"", ""use_fedheart"": true, ""num_classes"": 2, ""stratified_batching"": true, ""train_frac"": 0.8, ""group_max_train_samples"": [null, null, 20, 25], ""true_hetero_input_dim"": true, ""feature_mask"": [[0, 1, 2, 3, 5, 6, 7, 8, 9, 10], [0, 1, 2, 3, 5, 6, 11, 12], [0, 1, 2, 4, 5, 7, 11, 12], [0, 1, 2, 4, 5, 6, 8, 9, 10]], ""batch_size"": 64, ""num_workers"": 0, ""epochs"": 100, ""early_stopping_patience"": 30, ""lr"": 0.001, ""weight_decay"": 0.0001, ""optimizer"": ""adam"", ""grad_clip"": 1.0, ""lr_scheduler"": ""cosine"", ""lr_min"": 1e-05, ""latent_dim"": 64, ""head_hidden"": 32, ""groups"": [{""name"": ""cleveland"", ""encoder"": ""mlp_tabular_ln"", ""input_dim"": 10, ""hidden_dim"": 64, ""dropout"": 0.1}, {""name"": ""hungarian"", ""encoder"": ""mlp_tabular_ln"", ""input_dim"": 8, ""hidden_dim"": 64, ""dropout"": 0.1}, {""name"": ""switzerland"", ""encoder"": ""mlp_tabular_ln"", ""input_dim"": 8, ""hidden_dim"": 64, ""dropout"": 0.1}, {""name"": ""va_long_beach"", ""encoder"": ""mlp_tabular_ln"", ""input_dim"": 9, ""hidden_dim"": 64, ""dropout"": 0.1}], ""anchor_eps"": 0.0001, ""sep_samples_per_class"": 4, ""sep_method"": ""classifier"", ""sep_margin"": 1.0, ""lambda_fit"": 0.001, ""lambda_sep"": 0.001, ""groupdro_enabled"": true, ""groupdro_eta"": 1.0, ""groupdro_gamma"": 0.9, ""groupdro_update_mode"": ""softmax"", ""groupdro_objective"": ""weighted"", ""groupdro_kl_lambda"": 0.0, ""groupdro_uniform_init"": true, ""log_interval"": 20, ""save_every"": 10, ""impute_missing"": true, ""common_encoder"": false, ""use_regret"": false, ""data_split_seed"": 1002}","{""num_groups"": 4, ""num_classes"": 2, ""train_total"": 522, ""test_total"": 185, ""train_group_counts"": [242, 235, 20, 25], ""test_group_counts"": [61, 59, 25, 40], ""train_class_counts"": [289, 233], ""test_class_counts"": [83, 102], ""train_group_class_counts"": [[131, 111], [150, 85], [2, 18], [6, 19]], ""test_group_class_counts"": [[33, 28], [38, 21], [2, 23], [10, 30]], ""group_proportions"": [0.46360153256704983, 0.4501915708812261, 0.038314176245210725, 0.04789272030651341]}","{""num_groups"": 4, ""eta"": 1.0, ""update_mode"": ""softmax"", ""robust_objective"": ""weighted"", ""gamma"": 0.9, ""kl_lambda"": 0.0, ""initial_pi"": [0.4636015295982361, 0.45019155740737915, 0.038314174860715866, 0.04789271950721741]}",2026-09-14T00:20:42.471518,4,0.4946823678910732,0.794921875,0.001,0.8216216216216217,0.8303230063906641,0.75,0.92,"[0.7868852459016393, 0.864406779661017, 0.92, 0.75]","[0.4689532535486534, 0.39823131263256073, 0.32116279304027556, 0.5544941503554582]","[0.8072289156626506, 0.8333333333333334]","[[0.9090909090909091, 0.6428571428571429], [0.9736842105263158, 0.6666666666666666], [0.0, 1.0], [0.0, 1.0]]","[61, 59, 25, 40]",0.8199168166130792,"[0.7783058428850993, 0.8401084010840109, 0.4791666666666667, 0.42857142857142855]",0.42857142857142855,0.5544941503554582,"[0.2725680470466614, 0.2515343725681305, 0.16772110760211945, 0.3081764876842499]","[0.4728618338704109, 0.5107352547347546, 0.21292627044022083, 0.5782257728278637]","[0.25291501358151436, 0.2640156205743551, 0.1964512336999178, 0.2866181321442127]","[0.4636015295982361, 0.45019155740737915, 0.038314174860715866, 0.04789271950721741]",0.0
"{""run_name"": ""fedheart_exp_paper_hetagg_gdro"", ""seed"": 42, ""run_dir"": ""runs/fedheart_cv_lam0.3/GroupDRO_s42_f2"", ""use_fedheart"": true, ""num_classes"": 2, ""stratified_batching"": true, ""train_frac"": 0.8, ""group_max_train_samples"": [null, null, 20, 25], ""true_hetero_input_dim"": true, ""feature_mask"": [[0, 1, 2, 3, 5, 6, 7, 8, 9, 10], [0, 1, 2, 3, 5, 6, 11, 12], [0, 1, 2, 4, 5, 7, 11, 12], [0, 1, 2, 4, 5, 6, 8, 9, 10]], ""batch_size"": 64, ""num_workers"": 0, ""epochs"": 100, ""early_stopping_patience"": 30, ""lr"": 0.001, ""weight_decay"": 0.0001, ""optimizer"": ""adam"", ""grad_clip"": 1.0, ""lr_scheduler"": ""cosine"", ""lr_min"": 1e-05, ""latent_dim"": 64, ""head_hidden"": 32, ""groups"": [{""name"": ""cleveland"", ""encoder"": ""mlp_tabular_ln"", ""input_dim"": 10, ""hidden_dim"": 64, ""dropout"": 0.1}, {""name"": ""hungarian"", ""encoder"": ""mlp_tabular_ln"", ""input_dim"": 8, ""hidden_dim"": 64, ""dropout"": 0.1}, {""name"": ""switzerland"", ""encoder"": ""mlp_tabular_ln"", ""input_dim"": 8, ""hidden_dim"": 64, ""dropout"": 0.1}, {""name"": ""va_long_beach"", ""encoder"": ""mlp_tabular_ln"", ""input_dim"": 9, ""hidden_dim"": 64, ""dropout"": 0.1}], ""anchor_eps"": 0.0001, ""sep_samples_per_class"": 4, ""sep_method"": ""classifier"", ""sep_margin"": 1.0, ""lambda_fit"": 0.001, ""lambda_sep"": 0.001, ""groupdro_enabled"": true, ""groupdro_eta"": 1.0, ""groupdro_gamma"": 0.9, ""groupdro_update_mode"": ""softmax"", ""groupdro_objective"": ""weighted"", ""groupdro_kl_lambda"": 0.0, ""groupdro_uniform_init"": true, ""log_interval"": 20, ""save_every"": 10, ""impute_missing"": true, ""common_encoder"": false, ""use_regret"": false, ""data_split_seed"": 1002}","{""num_groups"": 4, ""num_classes"": 2, ""train_total"": 522, ""test_total"": 185, ""train_group_counts"": [242, 235, 20, 25], ""test_group_counts"": [61, 59, 25, 40], ""train_class_counts"": [289, 233], ""test_class_counts"": [83, 102], ""train_group_class_counts"": [[131, 111], [150, 85], [2, 18], [6, 19]], ""test_group_class_counts"": [[33, 28], [38, 21], [2, 23], [10, 30]], ""group_proportions"": [0.46360153256704983, 0.4501915708812261, 0.038314176245210725, 0.04789272030651341]}","{""num_groups"": 4, ""eta"": 1.0, ""update_mode"": ""softmax"", ""robust_objective"": ""weighted"", ""gamma"": 0.9, ""kl_lambda"": 0.0, ""initial_pi"": [0.4636015295982361, 0.45019155740737915, 0.038314174860715866, 0.04789271950721741]}",2026-09-14T00:20:42.471518,5,0.46049222722649574,0.791015625,0.001,0.827027027027027,0.8344213670464018,0.75,0.92,"[0.8032786885245902, 0.864406779661017, 0.92, 0.75]","[0.4574433510176471, 0.3848846263046992, 0.3282853229343891, 0.557987005636096]","[0.7951807228915663, 0.8529411764705882]","[[0.8787878787878788, 0.7142857142857143], [0.9736842105263158, 0.6666666666666666], [0.0, 1.0], [0.0, 1.0]]","[61, 59, 25, 40]",0.8247691214776225,"[0.7989010989010988, 0.8401084010840109, 0.4791666666666667, 0.42857142857142855]",0.42857142857142855,0.557987005636096,"[0.25185897946357727, 0.26135778427124023, 0.2789515554904938, 0.20783166587352753]","[0.4395250007510185, 0.49436674639582634, 0.289985787589103, 0.5187742058187723]","[0.24712116830050945, 0.2610150706022978, 0.22299962304532528, 0.268864119425416]","[0.4636015295982361, 0.45019155740737915, 0.038314174860715866, 0.04789271950721741]",0.0
"{""run_name"": ""fedheart_exp_paper_hetagg_gdro"", ""seed"": 42, ""run_dir"": ""runs/fedheart_cv_lam0.3/GroupDRO_s42_f2"", ""use_fedheart"": true, ""num_classes"": 2, ""stratified_batching"": true, ""train_frac"": 0.8, ""group_max_train_samples"": [null, null, 20, 25], ""true_hetero_input_dim"": true, ""feature_mask"": [[0, 1, 2, 3, 5, 6, 7, 8, 9, 10], [0, 1, 2, 3, 5, 6, 11, 12], [0, 1, 2, 4, 5, 7, 11, 12], [0, 1, 2, 4, 5, 6, 8, 9, 10]], ""batch_size"": 64, ""num_workers"": 0, ""epochs"": 100, ""early_stopping_patience"": 30, ""lr"": 0.001, ""weight_decay"": 0.0001, ""optimizer"": ""adam"", ""grad_clip"": 1.0, ""lr_scheduler"": ""cosine"", ""lr_min"": 1e-05, ""latent_dim"": 64, ""head_hidden"": 32, ""groups"": [{""name"": ""cleveland"", ""encoder"": ""mlp_tabular_ln"", ""input_dim"": 10, ""hidden_dim"": 64, ""dropout"": 0.1}, {""name"": ""hungarian"", ""encoder"": ""mlp_tabular_ln"", ""input_dim"": 8, ""hidden_dim"": 64, ""dropout"": 0.1}, {""name"": ""switzerland"", ""encoder"": ""mlp_tabular_ln"", ""input_dim"": 8, ""hidden_dim"": 64, ""dropout"": 0.1}, {""name"": ""va_long_beach"", ""encoder"": ""mlp_tabular_ln"", ""input_dim"": 9, ""hidden_dim"": 64, ""dropout"": 0.1}], ""anchor_eps"": 0.0001, ""sep_samples_per_class"": 4, ""sep_method"": ""classifier"", ""sep_margin"": 1.0, ""lambda_fit"": 0.001, ""lambda_sep"": 0.001, ""groupdro_enabled"": true, ""groupdro_eta"": 1.0, ""groupdro_gamma"": 0.9, ""groupdro_update_mode"": ""softmax"", ""groupdro_objective"": ""weighted"", ""groupdro_kl_lambda"": 0.0, ""groupdro_uniform_init"": true, ""log_interval"": 20, ""save_every"": 10, ""impute_missing"": true, ""common_encoder"": false, ""use_regret"": false, ""data_split_seed"": 1002}","{""num_groups"": 4, ""num_classes"": 2, ""train_total"": 522, ""test_total"": 185, ""train_group_counts"": [242, 235, 20, 25], ""test_group_counts"": [61, 59, 25, 40], ""train_class_counts"": [289, 233], ""test_class_counts"": [83, 102], ""train_group_class_counts"": [[131, 111], [150, 85], [2, 18], [6, 19]], ""test_group_class_counts"": [[33, 28], [38, 21], [2, 23], [10, 30]], ""group_proportions"": [0.46360153256704983, 0.4501915708812261, 0.038314176245210725, 0.04789272030651341]}","{""num_groups"": 4, ""eta"": 1.0, ""update_mode"": ""softmax"", ""robust_objective"": ""weighted"", ""gamma"": 0.9, ""kl_lambda"": 0.0, ""initial_pi"": [0.4636015295982361, 0.45019155740737915, 0.038314174860715866, 0.04789271950721741]}",2026-09-14T00:20:42.471518,6,0.46268950402736664,0.806640625,0.001,0.827027027027027,0.8345602945262574,0.75,0.92,"[0.7868852459016393, 0.8813559322033898, 0.92, 0.75]","[0.4671485378849702, 0.3760324337093507, 0.3436796610802412, 0.56370739787817]","[0.7951807228915663, 0.8529411764705882]","[[0.8787878787878788, 0.6785714285714286], [0.9736842105263158, 0.7142857142857143], [0.0, 1.0], [0.0, 1.0]]","[61, 59, 25, 40]",0.8247691214776225,"[0.7809997238331954, 0.8621955288621956, 0.4791666666666667, 0.42857142857142855]",0.42857142857142855,0.56370739787817,"[0.24525916576385498, 0.23400336503982544, 0.322792649269104, 0.19794486463069916]","[0.42025765031576157, 0.48401499539613724, 0.29302732832729816, 0.47147124633193016]","[0.24310692213475704, 0.2601536437869072, 0.22704629972577095, 0.2696931194514036]","[0.4636015295982361, 0.45019155740737915, 0.038314174860715866, 0.04789271950721741]",0.0
"{""run_name"": ""fedheart_exp_paper_hetagg_gdro"", ""seed"": 42, ""run_dir"": ""runs/fedheart_cv_lam0.3/GroupDRO_s42_f2"", ""use_fedheart"": true, ""num_classes"": 2, ""stratified_batching"": true, ""train_frac"": 0.8, ""group_max_train_samples"": [null, null, 20, 25], ""true_hetero_input_dim"": true, ""feature_mask"": [[0, 1, 2, 3, 5, 6, 7, 8, 9, 10], [0, 1, 2, 3, 5, 6, 11, 12], [0, 1, 2, 4, 5, 7, 11, 12], [0, 1, 2, 4, 5, 6, 8, 9, 10]], ""batch_size"": 64, ""num_workers"": 0, ""epochs"": 100, ""early_stopping_patience"": 30, ""lr"": 0.001, ""weight_decay"": 0.0001, ""optimizer"": ""adam"", ""grad_clip"": 1.0, ""lr_scheduler"": ""cosine"", ""lr_min"": 1e-05, ""latent_dim"": 64, ""head_hidden"": 32, ""groups"": [{""name"": ""cleveland"", ""encoder"": ""mlp_tabular_ln"", ""input_dim"": 10, ""hidden_dim"": 64, ""dropout"": 0.1}, {""name"": ""hungarian"", ""encoder"": ""mlp_tabular_ln"", ""input_dim"": 8, ""hidden_dim"": 64, ""dropout"": 0.1}, {""name"": ""switzerland"", ""encoder"": ""mlp_tabular_ln"", ""input_dim"": 8, ""hidden_dim"": 64, ""dropout"": 0.1}, {""name"": ""va_long_beach"", ""encoder"": ""mlp_tabular_ln"", ""input_dim"": 9, ""hidden_dim"": 64, ""dropout"": 0.1}], ""anchor_eps"": 0.0001, ""sep_samples_per_class"": 4, ""sep_method"": ""classifier"", ""sep_margin"": 1.0, ""lambda_fit"": 0.001, ""lambda_sep"": 0.001, ""groupdro_enabled"": true, ""groupdro_eta"": 1.0, ""groupdro_gamma"": 0.9, ""groupdro_update_mode"": ""softmax"", ""groupdro_objective"": ""weighted"", ""groupdro_kl_lambda"": 0.0, ""groupdro_uniform_init"": true, ""log_interval"": 20, ""save_every"": 10, ""impute_missing"": true, ""common_encoder"": false, ""use_regret"": false, ""data_split_seed"": 1002}","{""num_groups"": 4, ""num_classes"": 2, ""train_total"": 522, ""test_total"": 185, ""train_group_counts"": [242, 235, 20, 25], ""test_group_counts"": [61, 59, 25, 40], ""train_class_counts"": [289, 233], ""test_class_counts"": [83, 102], ""train_group_class_counts"": [[131, 111], [150, 85], [2, 18], [6, 19]], ""test_group_class_counts"": [[33, 28], [38, 21], [2, 23], [10, 30]], ""group_proportions"": [0.46360153256704983, 0.4501915708812261, 0.038314176245210725, 0.04789272030651341]}","{""num_groups"": 4, ""eta"": 1.0, ""update_mode"": ""softmax"", ""robust_objective"": ""weighted"", ""gamma"": 0.9, ""kl_lambda"": 0.0, ""initial_pi"": [0.4636015295982361, 0.45019155740737915, 0.038314174860715866, 0.04789271950721741]}",2026-09-14T00:20:42.471518,7,0.3891336005181074,0.8203125,0.001,0.8324324324324325,0.8387975826618506,0.75,0.92,"[0.7868852459016393, 0.8983050847457628, 0.92, 0.75]","[0.47987666665042034, 0.36881623360312593, 0.3722831164300442, 0.5785198900848627]","[0.7951807228915663, 0.8627450980392157]","[[0.8787878787878788, 0.6785714285714286], [0.9736842105263158, 0.7619047619047619], [0.0, 1.0], [0.0, 1.0]]","[61, 59, 25, 40]",0.8300287484069826,"[0.7809997238331954, 0.8835526315789474, 0.4791666666666667, 0.42857142857142855]",0.42857142857142855,0.5785198900848627,"[0.25897330045700073, 0.31756722927093506, 0.19926287233829498, 0.2241966873407364]","[0.39411456882953644, 0.45652663335204124, 0.2695065992884338, 0.3816387830302119]","[0.2506730239838362, 0.2692486047744751, 0.2314414270222187, 0.24863694049417973]","[0.4636015295982361, 0.45019155740737915, 0.038314174860715866, 0.04789271950721741]",0.0
"{""run_name"": ""fedheart_exp_paper_hetagg_gdro"", ""seed"": 42, ""run_dir"": ""runs/fedheart_cv_lam0.3/GroupDRO_s42_f2"", ""use_fedheart"": true, ""num_classes"": 2, ""stratified_batching"": true, ""train_frac"": 0.8, ""group_max_train_samples"": [null, null, 20, 25], ""true_hetero_input_dim"": true, ""feature_mask"": [[0, 1, 2, 3, 5, 6, 7, 8, 9, 10], [0, 1, 2, 3, 5, 6, 11, 12], [0, 1, 2, 4, 5, 7, 11, 12], [0, 1, 2, 4, 5, 6, 8, 9, 10]], ""batch_size"": 64, ""num_workers"": 0, ""epochs"": 100, ""early_stopping_patience"": 30, ""lr"": 0.001, ""weight_decay"": 0.0001, ""optimizer"": ""adam"", ""grad_clip"": 1.0, ""lr_scheduler"": ""cosine"", ""lr_min"": 1e-05, ""latent_dim"": 64, ""head_hidden"": 32, ""groups"": [{""name"": ""cleveland"", ""encoder"": ""mlp_tabular_ln"", ""input_dim"": 10, ""hidden_dim"": 64, ""dropout"": 0.1}, {""name"": ""hungarian"", ""encoder"": ""mlp_tabular_ln"", ""input_dim"": 8, ""hidden_dim"": 64, ""dropout"": 0.1}, {""name"": ""switzerland"", ""encoder"": ""mlp_tabular_ln"", ""input_dim"": 8, ""hidden_dim"": 64, ""dropout"": 0.1}, {""name"": ""va_long_beach"", ""encoder"": ""mlp_tabular_ln"", ""input_dim"": 9, ""hidden_dim"": 64, ""dropout"": 0.1}], ""anchor_eps"": 0.0001, ""sep_samples_per_class"": 4, ""sep_method"": ""classifier"", ""sep_margin"": 1.0, ""lambda_fit"": 0.001, ""lambda_sep"": 0.001, ""groupdro_enabled"": true, ""groupdro_eta"": 1.0, ""groupdro_gamma"": 0.9, ""groupdro_update_mode"": ""softmax"", ""groupdro_objective"": ""weighted"", ""groupdro_kl_lambda"": 0.0, ""groupdro_uniform_init"": true, ""log_interval"": 20, ""save_every"": 10, ""impute_missing"": true, ""common_encoder"": false, ""use_regret"": false, ""data_split_seed"": 1002}","{""num_groups"": 4, ""num_classes"": 2, ""train_total"": 522, ""test_total"": 185, ""train_group_counts"": [242, 235, 20, 25], ""test_group_counts"": [61, 59, 25, 40], ""train_class_counts"": [289, 233], ""test_class_counts"": [83, 102], ""train_group_class_counts"": [[131, 111], [150, 85], [2, 18], [6, 19]], ""test_group_class_counts"": [[33, 28], [38, 21], [2, 23], [10, 30]], ""group_proportions"": [0.46360153256704983, 0.4501915708812261, 0.038314176245210725, 0.04789272030651341]}","{""num_groups"": 4, ""eta"": 1.0, ""update_mode"": ""softmax"", ""robust_objective"": ""weighted"", ""gamma"": 0.9, ""kl_lambda"": 0.0, ""initial_pi"": [0.4636015295982361, 0.45019155740737915, 0.038314174860715866, 0.04789271950721741]}",2026-09-14T00:20:42.471518,8,0.40253984183073044,0.8203125,0.001,0.8162162162162162,0.8146992220061128,0.75,0.8983050847457628,"[0.7704918032786885, 0.8983050847457628, 0.84, 0.75]","[0.49529637081823386, 0.37012528520772014, 0.4076326858624816, 0.6022133133374155]","[0.7951807228915663, 0.8333333333333334]","[[0.8787878787878788, 0.6428571428571429], [0.9736842105263158, 0.7619047619047619], [0.0, 0.9130434782608695], [0.0, 1.0]]","[61, 59, 25, 40]",0.8142570281124498,"[0.7627777777777778, 0.8835526315789474, 0.45652173913043476, 0.42857142857142855]",0.42857142857142855,0.6022133133374155,"[0.2728515565395355, 0.2673521041870117, 0.1945192664861679, 0.2652771472930908]","[0.38554496690630913, 0.48180245608091354, 0.1810171027900651, 0.43318712897598743]","[0.2513632904738188, 0.27433273382484913, 0.20951890759170055, 0.2647850885987282]","[0.4636015295982361, 0.45019155740737915, 0.038314174860715866, 0.04789271950721741]",0.0
"{""run_name"": ""fedheart_exp_paper_hetagg_gdro"", ""seed"": 42, ""run_dir"": ""runs/fedheart_cv_lam0.3/GroupDRO_s42_f2"", ""use_fedheart"": true, ""num_classes"": 2, ""stratified_batching"": true, ""train_frac"": 0.8, ""group_max_train_samples"": [null, null, 20, 25], ""true_hetero_input_dim"": true, ""feature_mask"": [[0, 1, 2, 3, 5, 6, 7, 8, 9, 10], [0, 1, 2, 3, 5, 6, 11, 12], [0, 1, 2, 4, 5, 7, 11, 12], [0, 1, 2, 4, 5, 6, 8, 9, 10]], ""batch_size"": 64, ""num_workers"": 0, ""epochs"": 100, ""early_stopping_patience"": 30, ""lr"": 0.001, ""weight_decay"": 0.0001, ""optimizer"": ""adam"", ""grad_clip"": 1.0, ""lr_scheduler"": ""cosine"", ""lr_min"": 1e-05, ""latent_dim"": 64, ""head_hidden"": 32, ""groups"": [{""name"": ""cleveland"", ""encoder"": ""mlp_tabular_ln"", ""input_dim"": 10, ""hidden_dim"": 64, ""dropout"": 0.1}, {""name"": ""hungarian"", ""encoder"": ""mlp_tabular_ln"", ""input_dim"": 8, ""hidden_dim"": 64, ""dropout"": 0.1}, {""name"": ""switzerland"", ""encoder"": ""mlp_tabular_ln"", ""input_dim"": 8, ""hidden_dim"": 64, ""dropout"": 0.1}, {""name"": ""va_long_beach"", ""encoder"": ""mlp_tabular_ln"", ""input_dim"": 9, ""hidden_dim"": 64, ""dropout"": 0.1}], ""anchor_eps"": 0.0001, ""sep_samples_per_class"": 4, ""sep_method"": ""classifier"", ""sep_margin"": 1.0, ""lambda_fit"": 0.001, ""lambda_sep"": 0.001, ""groupdro_enabled"": true, ""groupdro_eta"": 1.0, ""groupdro_gamma"": 0.9, ""groupdro_update_mode"": ""softmax"", ""groupdro_objective"": ""weighted"", ""groupdro_kl_lambda"": 0.0, ""groupdro_uniform_init"": true, ""log_interval"": 20, ""save_every"": 10, ""impute_missing"": true, ""common_encoder"": false, ""use_regret"": false, ""data_split_seed"": 1002}","{""num_groups"": 4, ""num_classes"": 2, ""train_total"": 522, ""test_total"": 185, ""train_group_counts"": [242, 235, 20, 25], ""test_group_counts"": [61, 59, 25, 40], ""train_class_counts"": [289, 233], ""test_class_counts"": [83, 102], ""train_group_class_counts"": [[131, 111], [150, 85], [2, 18], [6, 19]], ""test_group_class_counts"": [[33, 28], [38, 21], [2, 23], [10, 30]], ""group_proportions"": [0.46360153256704983, 0.4501915708812261, 0.038314176245210725, 0.04789272030651341]}","{""num_groups"": 4, ""eta"": 1.0, ""update_mode"": ""softmax"", ""robust_objective"": ""weighted"", ""gamma"": 0.9, ""kl_lambda"": 0.0, ""initial_pi"": [0.4636015295982361, 0.45019155740737915, 0.038314174860715866, 0.04789271950721741]}",2026-09-14T00:20:42.471518,9,0.37130193784832954,0.8359375,0.001,0.8108108108108109,0.8084492220061128,0.725,0.8983050847457628,"[0.7704918032786885, 0.8983050847457628, 0.84, 0.725]","[0.5074801870362192, 0.3732877858614517, 0.43692957893013956, 0.6162143654190004]","[0.7831325301204819, 0.8333333333333334]","[[0.8484848484848485, 0.6785714285714286], [0.9736842105263158, 0.7619047619047619], [0.0, 0.9130434782608695], [0.0, 0.9666666666666667]]","[61, 59, 25, 40]",0.8085735402808574,"[0.7653846153846154, 0.8835526315789474, 0.45652173913043476, 0.42028985507246375]",0.42028985507246375,0.6162143654190004,"[0.2390383929014206, 0.2629428803920746, 0.2696465849876404, 0.22837208211421967]","[0.3800429105758667, 0.4442773871123791, 0.14538490225095302, 0.38612762093544006]","[0.2577465884387493, 0.2739998698234558, 0.20475282333791256, 0.26350072026252747]","[0.4636015295982361, 0.45019155740737915, 0.038314174860715866, 0.04789271950721741]",0.0
"{""run_name"": ""fedheart_exp_paper_hetagg_gdro"", ""seed"": 42, ""run_dir"": ""runs/fedheart_cv_lam0.3/GroupDRO_s42_f2"", ""use_fedheart"": true, ""num_classes"": 2, ""stratified_batching"": true, ""train_frac"": 0.8, ""group_max_train_samples"": [null, null, 20, 25], ""true_hetero_input_dim"": true, ""feature_mask"": [[0, 1, 2, 3, 5, 6, 7, 8, 9, 10], [0, 1, 2, 3, 5, 6, 11, 12], [0, 1, 2, 4, 5, 7, 11, 12], [0, 1, 2, 4, 5, 6, 8, 9, 10]], ""batch_size"": 64, ""num_workers"": 0, ""epochs"": 100, ""early_stopping_patience"": 30, ""lr"": 0.001, ""weight_decay"": 0.0001, ""optimizer"": ""adam"", ""grad_clip"": 1.0, ""lr_scheduler"": ""cosine"", ""lr_min"": 1e-05, ""latent_dim"": 64, ""head_hidden"": 32, ""groups"": [{""name"": ""cleveland"", ""encoder"": ""mlp_tabular_ln"", ""input_dim"": 10, ""hidden_dim"": 64, ""dropout"": 0.1}, {""name"": ""hungarian"", ""encoder"": ""mlp_tabular_ln"", ""input_dim"": 8, ""hidden_dim"": 64, ""dropout"": 0.1}, {""name"": ""switzerland"", ""encoder"": ""mlp_tabular_ln"", ""input_dim"": 8, ""hidden_dim"": 64, ""dropout"": 0.1}, {""name"": ""va_long_beach"", ""encoder"": ""mlp_tabular_ln"", ""input_dim"": 9, ""hidden_dim"": 64, ""dropout"": 0.1}], ""anchor_eps"": 0.0001, ""sep_samples_per_class"": 4, ""sep_method"": ""classifier"", ""sep_margin"": 1.0, ""lambda_fit"": 0.001, ""lambda_sep"": 0.001, ""groupdro_enabled"": true, ""groupdro_eta"": 1.0, ""groupdro_gamma"": 0.9, ""groupdro_update_mode"": ""softmax"", ""groupdro_objective"": ""weighted"", ""groupdro_kl_lambda"": 0.0, ""groupdro_uniform_init"": true, ""log_interval"": 20, ""save_every"": 10, ""impute_missing"": true, ""common_encoder"": false, ""use_regret"": false, ""data_split_seed"": 1002}","{""num_groups"": 4, ""num_classes"": 2, ""train_total"": 522, ""test_total"": 185, ""train_group_counts"": [242, 235, 20, 25], ""test_group_counts"": [61, 59, 25, 40], ""train_class_counts"": [289, 233], ""test_class_counts"": [83, 102], ""train_group_class_counts"": [[131, 111], [150, 85], [2, 18], [6, 19]], ""test_group_class_counts"": [[33, 28], [38, 21], [2, 23], [10, 30]], ""group_proportions"": [0.46360153256704983, 0.4501915708812261, 0.038314176245210725, 0.04789272030651341]}","{""num_groups"": 4, ""eta"": 1.0, ""update_mode"": ""softmax"", ""robust_objective"": ""weighted"", ""gamma"": 0.9, ""kl_lambda"": 0.0, ""initial_pi"": [0.4636015295982361, 0.45019155740737915, 0.038314174860715866, 0.04789271950721741]}",2026-09-14T00:20:42.471518,10,0.37365032359957695,0.833984375,0.001,0.8162162162162162,0.8206008613503751,0.75,0.8983050847457628,"[0.7540983606557377, 0.8983050847457628, 0.88, 0.75]","[0.518949175161905, 0.3732747898389727, 0.46186887320131065, 0.6256297880783677]","[0.7831325301204819, 0.8431372549019608]","[[0.8181818181818182, 0.6785714285714286], [0.9736842105263158, 0.7619047619047619], [0.0, 0.9565217391304348], [0.1, 0.9666666666666667]]","[61, 59, 25, 40]",0.8138171915699739,"[0.7497949138638228, 0.8835526315789474, 0.4680851063829787, 0.5098039215686275]",0.4680851063829787,0.6256297880783677,"[0.2609497904777527, 0.235115185379982, 0.16624850034713745, 0.3376865088939667]","[0.3519287668168545, 0.4623249024152756, 0.13903208094416186, 0.3913770508952439]","[0.2511595729738474, 0.2801693417131901, 0.2053947988897562, 0.2632762994617224]","[0.4636015295982361, 0.45019155740737915, 0.038314174860715866, 0.04789271950721741]",0.0
"{""run_name"": ""fedheart_exp_paper_hetagg_gdro"", ""seed"": 42, ""run_dir"": ""runs/fedheart_cv_lam0.3/GroupDRO_s42_f2"", ""use_fedheart"": true, ""num_classes"": 2, ""stratified_batching"": true, ""train_frac"": 0.8, ""group_max_train_samples"": [null, null, 20, 25], ""true_hetero_input_dim"": true, ""feature_mask"": [[0, 1, 2, 3, 5, 6, 7, 8, 9, 10], [0, 1, 2, 3, 5, 6, 11, 12], [0, 1, 2, 4, 5, 7, 11, 12], [0, 1, 2, 4, 5, 6, 8, 9, 10]], ""batch_size"": 64, ""num_workers"": 0, ""epochs"": 100, ""early_stopping_patience"": 30, ""lr"": 0.001, ""weight_decay"": 0.0001, ""optimizer"": ""adam"", ""grad_clip"": 1.0, ""lr_scheduler"": ""cosine"", ""lr_min"": 1e-05, ""latent_dim"": 64, ""head_hidden"": 32, ""groups"": [{""name"": ""cleveland"", ""encoder"": ""mlp_tabular_ln"", ""input_dim"": 10, ""hidden_dim"": 64, ""dropout"": 0.1}, {""name"": ""hungarian"", ""encoder"": ""mlp_tabular_ln"", ""input_dim"": 8, ""hidden_dim"": 64, ""dropout"": 0.1}, {""name"": ""switzerland"", ""encoder"": ""mlp_tabular_ln"", ""input_dim"": 8, ""hidden_dim"": 64, ""dropout"": 0.1}, {""name"": ""va_long_beach"", ""encoder"": ""mlp_tabular_ln"", ""input_dim"": 9, ""hidden_dim"": 64, ""dropout"": 0.1}], ""anchor_eps"": 0.0001, ""sep_samples_per_class"": 4, ""sep_method"": ""classifier"", ""sep_margin"": 1.0, ""lambda_fit"": 0.001, ""lambda_sep"": 0.001, ""groupdro_enabled"": true, ""groupdro_eta"": 1.0, ""groupdro_gamma"": 0.9, ""groupdro_update_mode"": ""softmax"", ""groupdro_objective"": ""weighted"", ""groupdro_kl_lambda"": 0.0, ""groupdro_uniform_init"": true, ""log_interval"": 20, ""save_every"": 10, ""impute_missing"": true, ""common_encoder"": false, ""use_regret"": false, ""data_split_seed"": 1002}","{""num_groups"": 4, ""num_classes"": 2, ""train_total"": 522, ""test_total"": 185, ""train_group_counts"": [242, 235, 20, 25], ""test_group_counts"": [61, 59, 25, 40], ""train_class_counts"": [289, 233], ""test_class_counts"": [83, 102], ""train_group_class_counts"": [[131, 111], [150, 85], [2, 18], [6, 19]], ""test_group_class_counts"": [[33, 28], [38, 21], [2, 23], [10, 30]], ""group_proportions"": [0.46360153256704983, 0.4501915708812261, 0.038314176245210725, 0.04789272030651341]}","{""num_groups"": 4, ""eta"": 1.0, ""update_mode"": ""softmax"", ""robust_objective"": ""weighted"", ""gamma"": 0.9, ""kl_lambda"": 0.0, ""initial_pi"": [0.4636015295982361, 0.45019155740737915, 0.038314174860715866, 0.04789271950721741]}",2026-09-14T00:20:42.471518,11,0.3535090181976557,0.830078125,0.001,0.8162162162162162,0.8184492220061128,0.725,0.8983050847457628,"[0.7704918032786885, 0.8983050847457628, 0.88, 0.725]","[0.5348656399664088, 0.3665642798325773, 0.48824621034786103, 0.6529810599982738]","[0.7951807228915663, 0.8333333333333334]","[[0.8484848484848485, 0.6785714285714286], [0.9736842105263158, 0.7619047619047619], [0.0, 0.9565217391304348], [0.1, 0.9333333333333333]]","[61, 59, 25, 40]",0.8142570281124498,"[0.7653846153846154, 0.8835526315789474, 0.4680851063829787, 0.49483352468427094]",0.4680851063829787,0.6529810599982738,"[0.26299360394477844, 0.28581708669662476, 0.20205575227737427, 0.24913352727890015]","[0.34456099569797516, 0.47378362342715263, 0.0897113251267001, 0.35109147103503346]","[0.2548785898834467, 0.2901904359459877, 0.1980660818517208, 0.2568648848682642]","[0.4636015295982361, 0.45019155740737915, 0.038314174860715866, 0.04789271950721741]",0.0
"{""run_name"": ""fedheart_exp_paper_hetagg_gdro"", ""seed"": 42, ""run_dir"": ""runs/fedheart_cv_lam0.3/GroupDRO_s42_f2"", ""use_fedheart"": true, ""num_classes"": 2, ""stratified_batching"": true, ""train_frac"": 0.8, ""group_max_train_samples"": [null, null, 20, 25], ""true_hetero_input_dim"": true, ""feature_mask"": [[0, 1, 2, 3, 5, 6, 7, 8, 9, 10], [0, 1, 2, 3, 5, 6, 11, 12], [0, 1, 2, 4, 5, 7, 11, 12], [0, 1, 2, 4, 5, 6, 8, 9, 10]], ""batch_size"": 64, ""num_workers"": 0, ""epochs"": 100, ""early_stopping_patience"": 30, ""lr"": 0.001, ""weight_decay"": 0.0001, ""optimizer"": ""adam"", ""grad_clip"": 1.0, ""lr_scheduler"": ""cosine"", ""lr_min"": 1e-05, ""latent_dim"": 64, ""head_hidden"": 32, ""groups"": [{""name"": ""cleveland"", ""encoder"": ""mlp_tabular_ln"", ""input_dim"": 10, ""hidden_dim"": 64, ""dropout"": 0.1}, {""name"": ""hungarian"", ""encoder"": ""mlp_tabular_ln"", ""input_dim"": 8, ""hidden_dim"": 64, ""dropout"": 0.1}, {""name"": ""switzerland"", ""encoder"": ""mlp_tabular_ln"", ""input_dim"": 8, ""hidden_dim"": 64, ""dropout"": 0.1}, {""name"": ""va_long_beach"", ""encoder"": ""mlp_tabular_ln"", ""input_dim"": 9, ""hidden_dim"": 64, ""dropout"": 0.1}], ""anchor_eps"": 0.0001, ""sep_samples_per_class"": 4, ""sep_method"": ""classifier"", ""sep_margin"": 1.0, ""lambda_fit"": 0.001, ""lambda_sep"": 0.001, ""groupdro_enabled"": true, ""groupdro_eta"": 1.0, ""groupdro_gamma"": 0.9, ""groupdro_update_mode"": ""softmax"", ""groupdro_objective"": ""weighted"", ""groupdro_kl_lambda"": 0.0, ""groupdro_uniform_init"": true, ""log_interval"": 20, ""save_every"": 10, ""impute_missing"": true, ""common_encoder"": false, ""use_regret"": false, ""data_split_seed"": 1002}","{""num_groups"": 4, ""num_classes"": 2, ""train_total"": 522, ""test_total"": 185, ""train_group_counts"": [242, 235, 20, 25], ""test_group_counts"": [61, 59, 25, 40], ""train_class_counts"": [289, 233], ""test_class_counts"": [83, 102], ""train_group_class_counts"": [[131, 111], [150, 85], [2, 18], [6, 19]], ""test_group_class_counts"": [[33, 28], [38, 21], [2, 23], [10, 30]], ""group_proportions"": [0.46360153256704983, 0.4501915708812261, 0.038314176245210725, 0.04789272030651341]}","{""num_groups"": 4, ""eta"": 1.0, ""update_mode"": ""softmax"", ""robust_objective"": ""weighted"", ""gamma"": 0.9, ""kl_lambda"": 0.0, ""initial_pi"": [0.4636015295982361, 0.45019155740737915, 0.038314174860715866, 0.04789271950721741]}",2026-09-14T00:20:42.471518,12,0.3295523840934038,0.8359375,0.001,0.8108108108108109,0.8084492220061128,0.725,0.8983050847457628,"[0.7704918032786885, 0.8983050847457628, 0.84, 0.725]","[0.5505880812091417, 0.3660267438676398, 0.5429053449444473, 0.6875843474175781]","[0.7951807228915663, 0.8235294117647058]","[[0.8484848484848485, 0.6785714285714286], [0.9736842105263158, 0.7619047619047619], [0.0, 0.9130434782608695], [0.1, 0.9333333333333333]]","[61, 59, 25, 40]",0.8090026842865992,"[0.7653846153846154, 0.8835526315789474, 0.45652173913043476, 0.49483352468427094]",0.45652173913043476,0.6875843474175781,"[0.24918626248836517, 0.34743884205818176, 0.20104825496673584, 0.2023266702890396]","[0.33815051801502705, 0.46568888798356056, 0.056661948503460735, 0.32582446944434196]","[0.2570622581988573, 0.2923862226307392, 0.1934859324246645, 0.2570655904710293]","[0.4636015295982361, 0.45019155740737915, 0.038314174860715866, 0.04789271950721741]",0.0
"{""run_name"": ""fedheart_exp_paper_hetagg_gdro"", ""seed"": 42, ""run_dir"": ""runs/fedheart_cv_lam0.3/GroupDRO_s42_f2"", ""use_fedheart"": true, ""num_classes"": 2, ""stratified_batching"": true, ""train_frac"": 0.8, ""group_max_train_samples"": [null, null, 20, 25], ""true_hetero_input_dim"": true, ""feature_mask"": [[0, 1, 2, 3, 5, 6, 7, 8, 9, 10], [0, 1, 2, 3, 5, 6, 11, 12], [0, 1, 2, 4, 5, 7, 11, 12], [0, 1, 2, 4, 5, 6, 8, 9, 10]], ""batch_size"": 64, ""num_workers"": 0, ""epochs"": 100, ""early_stopping_patience"": 30, ""lr"": 0.001, ""weight_decay"": 0.0001, ""optimizer"": ""adam"", ""grad_clip"": 1.0, ""lr_scheduler"": ""cosine"", ""lr_min"": 1e-05, ""latent_dim"": 64, ""head_hidden"": 32, ""groups"": [{""name"": ""cleveland"", ""encoder"": ""mlp_tabular_ln"", ""input_dim"": 10, ""hidden_dim"": 64, ""dropout"": 0.1}, {""name"": ""hungarian"", ""encoder"": ""mlp_tabular_ln"", ""input_dim"": 8, ""hidden_dim"": 64, ""dropout"": 0.1}, {""name"": ""switzerland"", ""encoder"": ""mlp_tabular_ln"", ""input_dim"": 8, ""hidden_dim"": 64, ""dropout"": 0.1}, {""name"": ""va_long_beach"", ""encoder"": ""mlp_tabular_ln"", ""input_dim"": 9, ""hidden_dim"": 64, ""dropout"": 0.1}], ""anchor_eps"": 0.0001, ""sep_samples_per_class"": 4, ""sep_method"": ""classifier"", ""sep_margin"": 1.0, ""lambda_fit"": 0.001, ""lambda_sep"": 0.001, ""groupdro_enabled"": true, ""groupdro_eta"": 1.0, ""groupdro_gamma"": 0.9, ""groupdro_update_mode"": ""softmax"", ""groupdro_objective"": ""weighted"", ""groupdro_kl_lambda"": 0.0, ""groupdro_uniform_init"": true, ""log_interval"": 20, ""save_every"": 10, ""impute_missing"": true, ""common_encoder"": false, ""use_regret"": false, ""data_split_seed"": 1002}","{""num_groups"": 4, ""num_classes"": 2, ""train_total"": 522, ""test_total"": 185, ""train_group_counts"": [242, 235, 20, 25], ""test_group_counts"": [61, 59, 25, 40], ""train_class_counts"": [289, 233], ""test_class_counts"": [83, 102], ""train_group_class_counts"": [[131, 111], [150, 85], [2, 18], [6, 19]], ""test_group_class_counts"": [[33, 28], [38, 21], [2, 23], [10, 30]], ""group_proportions"": [0.46360153256704983, 0.4501915708812261, 0.038314176245210725, 0.04789272030651341]}","{""num_groups"": 4, ""eta"": 1.0, ""update_mode"": ""softmax"", ""robust_objective"": ""weighted"", ""gamma"": 0.9, ""kl_lambda"": 0.0, ""initial_pi"": [0.4636015295982361, 0.45019155740737915, 0.038314174860715866, 0.04789271950721741]}",2026-09-14T00:20:42.471518,13,0.3267506994307041,0.833984375,0.001,0.8054054054054054,0.7984492220061128,0.725,0.8983050847457628,"[0.7704918032786885, 0.8983050847457628, 0.8, 0.725]","[0.5642092483820486, 0.3745319164531716, 0.5922552667558193, 0.7268504292936996]","[0.7951807228915663, 0.8137254901960784]","[[0.8484848484848485, 0.6785714285714286], [0.9736842105263158, 0.7619047619047619], [0.0, 0.8695652173913043], [0.1, 0.9333333333333333]]","[61, 59, 25, 40]",0.8037482319660537,"[0.7653846153846154, 0.8835526315789474, 0.4444444444444445, 0.49483352468427094]",0.4444444444444445,0.7268504292936996,"[0.2745243310928345, 0.3074895739555359, 0.20263130962848663, 0.2153547704219818]","[0.36070177517831326, 0.4453142061829567, 0.11514782140147872, 0.28119144309312105]","[0.26332756131887436, 0.284832501783967, 0.20730586163699627, 0.244534095749259]","[0.4636015295982361, 0.45019155740737915, 0.038314174860715866, 0.04789271950721741]",0.0
"{""run_name"": ""fedheart_exp_paper_hetagg_gdro"", ""seed"": 42, ""run_dir"": ""runs/fedheart_cv_lam0.3/GroupDRO_s42_f2"", ""use_fedheart"": true, ""num_classes"": 2, ""stratified_batching"": true, ""train_frac"": 0.8, ""group_max_train_samples"": [null, null, 20, 25], ""true_hetero_input_dim"": true, ""feature_mask"": [[0, 1, 2, 3, 5, 6, 7, 8, 9, 10], [0, 1, 2, 3, 5, 6, 11, 12], [0, 1, 2, 4, 5, 7, 11, 12], [0, 1, 2, 4, 5, 6, 8, 9, 10]], ""batch_size"": 64, ""num_workers"": 0, ""epochs"": 100, ""early_stopping_patience"": 30, ""lr"": 0.001, ""weight_decay"": 0.0001, ""optimizer"": ""adam"", ""grad_clip"": 1.0, ""lr_scheduler"": ""cosine"", ""lr_min"": 1e-05, ""latent_dim"": 64, ""head_hidden"": 32, ""groups"": [{""name"": ""cleveland"", ""encoder"": ""mlp_tabular_ln"", ""input_dim"": 10, ""hidden_dim"": 64, ""dropout"": 0.1}, {""name"": ""hungarian"", ""encoder"": ""mlp_tabular_ln"", ""input_dim"": 8, ""hidden_dim"": 64, ""dropout"": 0.1}, {""name"": ""switzerland"", ""encoder"": ""mlp_tabular_ln"", ""input_dim"": 8, ""hidden_dim"": 64, ""dropout"": 0.1}, {""name"": ""va_long_beach"", ""encoder"": ""mlp_tabular_ln"", ""input_dim"": 9, ""hidden_dim"": 64, ""dropout"": 0.1}], ""anchor_eps"": 0.0001, ""sep_samples_per_class"": 4, ""sep_method"": ""classifier"", ""sep_margin"": 1.0, ""lambda_fit"": 0.001, ""lambda_sep"": 0.001, ""groupdro_enabled"": true, ""groupdro_eta"": 1.0, ""groupdro_gamma"": 0.9, ""groupdro_update_mode"": ""softmax"", ""groupdro_objective"": ""weighted"", ""groupdro_kl_lambda"": 0.0, ""groupdro_uniform_init"": true, ""log_interval"": 20, ""save_every"": 10, ""impute_missing"": true, ""common_encoder"": false, ""use_regret"": false, ""data_split_seed"": 1002}","{""num_groups"": 4, ""num_classes"": 2, ""train_total"": 522, ""test_total"": 185, ""train_group_counts"": [242, 235, 20, 25], ""test_group_counts"": [61, 59, 25, 40], ""train_class_counts"": [289, 233], ""test_class_counts"": [83, 102], ""train_group_class_counts"": [[131, 111], [150, 85], [2, 18], [6, 19]], ""test_group_class_counts"": [[33, 28], [38, 21], [2, 23], [10, 30]], ""group_proportions"": [0.46360153256704983, 0.4501915708812261, 0.038314176245210725, 0.04789272030651341]}","{""num_groups"": 4, ""eta"": 1.0, ""update_mode"": ""softmax"", ""robust_objective"": ""weighted"", ""gamma"": 0.9, ""kl_lambda"": 0.0, ""initial_pi"": [0.4636015295982361, 0.45019155740737915, 0.038314174860715866, 0.04789271950721741]}",2026-09-14T00:20:42.471518,14,0.30336914397776127,0.833984375,0.001,0.7891891891891892,0.7840025006946374,0.7,0.8983050847457628,"[0.7377049180327869, 0.8983050847457628, 0.8, 0.7]","[0.5738970860991566, 0.37720524289219054, 0.6430289566982538, 0.7360673657269217]","[0.7710843373493976, 0.803921568627451]","[[0.7878787878787878, 0.6785714285714286], [0.9736842105263158, 0.7619047619047619], [0.0, 0.8695652173913043], [0.1, 0.9]]","[61, 59, 25, 40]",0.7871744196336392,"[0.7342047930283225, 0.8835526315789474, 0.4444444444444445, 0.48051948051948057]",0.4444444444444445,0.7360673657269217,"[0.22272257506847382, 0.3454990088939667, 0.18245138227939606, 0.24932707846164703]","[0.3730670139193535, 0.4340650103986263, 0.029498259827960283, 0.22602943412493914]","[0.275343744084239, 0.2919456586241722, 0.19456491991877556, 0.23814567178487778]","[0.4636015295982361, 0.45019155740737915, 0.038314174860715866, 0.04789271950721741]",0.0
"{""run_name"": ""fedheart_exp_paper_hetagg_gdro"", ""seed"": 42, ""run_dir"": ""runs/fedheart_cv_lam0.3/GroupDRO_s42_f2"", ""use_fedheart"": true, ""num_classes"": 2, ""stratified_batching"": true, ""train_frac"": 0.8, ""group_max_train_samples"": [null, null, 20, 25], ""true_hetero_input_dim"": true, ""feature_mask"": [[0, 1, 2, 3, 5, 6, 7, 8, 9, 10], [0, 1, 2, 3, 5, 6, 11, 12], [0, 1, 2, 4, 5, 7, 11, 12], [0, 1, 2, 4, 5, 6, 8, 9, 10]], ""batch_size"": 64, ""num_workers"": 0, ""epochs"": 100, ""early_stopping_patience"": 30, ""lr"": 0.001, ""weight_decay"": 0.0001, ""optimizer"": ""adam"", ""grad_clip"": 1.0, ""lr_scheduler"": ""cosine"", ""lr_min"": 1e-05, ""latent_dim"": 64, ""head_hidden"": 32, ""groups"": [{""name"": ""cleveland"", ""encoder"": ""mlp_tabular_ln"", ""input_dim"": 10, ""hidden_dim"": 64, ""dropout"": 0.1}, {""name"": ""hungarian"", ""encoder"": ""mlp_tabular_ln"", ""input_dim"": 8, ""hidden_dim"": 64, ""dropout"": 0.1}, {""name"": ""switzerland"", ""encoder"": ""mlp_tabular_ln"", ""input_dim"": 8, ""hidden_dim"": 64, ""dropout"": 0.1}, {""name"": ""va_long_beach"", ""encoder"": ""mlp_tabular_ln"", ""input_dim"": 9, ""hidden_dim"": 64, ""dropout"": 0.1}], ""anchor_eps"": 0.0001, ""sep_samples_per_class"": 4, ""sep_method"": ""classifier"", ""sep_margin"": 1.0, ""lambda_fit"": 0.001, ""lambda_sep"": 0.001, ""groupdro_enabled"": true, ""groupdro_eta"": 1.0, ""groupdro_gamma"": 0.9, ""groupdro_update_mode"": ""softmax"", ""groupdro_objective"": ""weighted"", ""groupdro_kl_lambda"": 0.0, ""groupdro_uniform_init"": true, ""log_interval"": 20, ""save_every"": 10, ""impute_missing"": true, ""common_encoder"": false, ""use_regret"": false, ""data_split_seed"": 1002}","{""num_groups"": 4, ""num_classes"": 2, ""train_total"": 522, ""test_total"": 185, ""train_group_counts"": [242, 235, 20, 25], ""test_group_counts"": [61, 59, 25, 40], ""train_class_counts"": [289, 233], ""test_class_counts"": [83, 102], ""train_group_class_counts"": [[131, 111], [150, 85], [2, 18], [6, 19]], ""test_group_class_counts"": [[33, 28], [38, 21], [2, 23], [10, 30]], ""group_proportions"": [0.46360153256704983, 0.4501915708812261, 0.038314176245210725, 0.04789272030651341]}","{""num_groups"": 4, ""eta"": 1.0, ""update_mode"": ""softmax"", ""robust_objective"": ""weighted"", ""gamma"": 0.9, ""kl_lambda"": 0.0, ""initial_pi"": [0.4636015295982361, 0.45019155740737915, 0.038314174860715866, 0.04789271950721741]}",2026-09-14T00:20:42.471518,15,0.30525605380535126,0.85546875,0.001,0.7837837837837838,0.7777525006946374,0.675,0.8983050847457628,"[0.7377049180327869, 0.8983050847457628, 0.8, 0.675]","[0.5814884007664123, 0.37807971917850486, 0.7029992096708156, 0.7584633053280413]","[0.7710843373493976, 0.7941176470588235]","[[0.7878787878787878, 0.6785714285714286], [0.9736842105263158, 0.7619047619047619], [0.0, 0.8695652173913043], [0.1, 0.8666666666666667]]","[61, 59, 25, 40]",0.781942479962282,"[0.7342047930283225, 0.8835526315789474, 0.4444444444444445, 0.4666666666666667]",0.4444444444444445,0.7584633053280413,"[0.22564132511615753, 0.34497544169425964, 0.18873773515224457, 0.24064546823501587]","[0.33515005372464657, 0.4068602565675974, 0.09405072292429395, 0.28869869420304894]","[0.2607199102640152, 0.28185135312378407, 0.20707540772855282, 0.2503533437848091]","[0.4636015295982361, 0.45019155740737915, 0.038314174860715866, 0.04789271950721741]",0.0
"{""run_name"": ""fedheart_exp_paper_hetagg_gdro"", ""seed"": 42, ""run_dir"": ""runs/fedheart_cv_lam0.3/GroupDRO_s42_f2"", ""use_fedheart"": true, ""num_classes"": 2, ""stratified_batching"": true, ""train_frac"": 0.8, ""group_max_train_samples"": [null, null, 20, 25], ""true_hetero_input_dim"": true, ""feature_mask"": [[0, 1, 2, 3, 5, 6, 7, 8, 9, 10], [0, 1, 2, 3, 5, 6, 11, 12], [0, 1, 2, 4, 5, 7, 11, 12], [0, 1, 2, 4, 5, 6, 8, 9, 10]], ""batch_size"": 64, ""num_workers"": 0, ""epochs"": 100, ""early_stopping_patience"": 30, ""lr"": 0.001, ""weight_decay"": 0.0001, ""optimizer"": ""adam"", ""grad_clip"": 1.0, ""lr_scheduler"": ""cosine"", ""lr_min"": 1e-05, ""latent_dim"": 64, ""head_hidden"": 32, ""groups"": [{""name"": ""cleveland"", ""encoder"": ""mlp_tabular_ln"", ""input_dim"": 10, ""hidden_dim"": 64, ""dropout"": 0.1}, {""name"": ""hungarian"", ""encoder"": ""mlp_tabular_ln"", ""input_dim"": 8, ""hidden_dim"": 64, ""dropout"": 0.1}, {""name"": ""switzerland"", ""encoder"": ""mlp_tabular_ln"", ""input_dim"": 8, ""hidden_dim"": 64, ""dropout"": 0.1}, {""name"": ""va_long_beach"", ""encoder"": ""mlp_tabular_ln"", ""input_dim"": 9, ""hidden_dim"": 64, ""dropout"": 0.1}], ""anchor_eps"": 0.0001, ""sep_samples_per_class"": 4, ""sep_method"": ""classifier"", ""sep_margin"": 1.0, ""lambda_fit"": 0.001, ""lambda_sep"": 0.001, ""groupdro_enabled"": true, ""groupdro_eta"": 1.0, ""groupdro_gamma"": 0.9, ""groupdro_update_mode"": ""softmax"", ""groupdro_objective"": ""weighted"", ""groupdro_kl_lambda"": 0.0, ""groupdro_uniform_init"": true, ""log_interval"": 20, ""save_every"": 10, ""impute_missing"": true, ""common_encoder"": false, ""use_regret"": false, ""data_split_seed"": 1002}","{""num_groups"": 4, ""num_classes"": 2, ""train_total"": 522, ""test_total"": 185, ""train_group_counts"": [242, 235, 20, 25], ""test_group_counts"": [61, 59, 25, 40], ""train_class_counts"": [289, 233], ""test_class_counts"": [83, 102], ""train_group_class_counts"": [[131, 111], [150, 85], [2, 18], [6, 19]], ""test_group_class_counts"": [[33, 28], [38, 21], [2, 23], [10, 30]], ""group_proportions"": [0.46360153256704983, 0.4501915708812261, 0.038314176245210725, 0.04789272030651341]}","{""num_groups"": 4, ""eta"": 1.0, ""update_mode"": ""softmax"", ""robust_objective"": ""weighted"", ""gamma"": 0.9, ""kl_lambda"": 0.0, ""initial_pi"": [0.4636015295982361, 0.45019155740737915, 0.038314174860715866, 0.04789271950721741]}",2026-09-14T00:20:42.471518,16,0.29065196216106415,0.849609375,0.001,0.772972972972973,0.7635152125590442,0.675,0.8813559322033898,"[0.7377049180327869, 0.8813559322033898, 0.76, 0.675]","[0.6057450413917664, 0.3733518191502761, 0.7695673219836316, 0.8016816728573758]","[0.7710843373493976, 0.7745098039215687]","[[0.7878787878787878, 0.6785714285714286], [0.9473684210526315, 0.7619047619047619], [0.0, 0.8260869565217391], [0.2, 0.8333333333333334]]","[61, 59, 25, 40]",0.7714705882352941,"[0.7342047930283225, 0.8659526127880559, 0.4318181818181818, 0.5144724556489263]",0.4318181818181818,0.8016816728573758,"[0.2424161732196808, 0.33009541034698486, 0.18658994138240814, 0.24089843034744263]","[0.31031827442348003, 0.43531911447644234, 0.04232818070158828, 0.22709939046762884]","[0.2614396810531616, 0.2968049217015505, 0.19966793805360794, 0.2420874610543251]","[0.4636015295982361, 0.45019155740737915, 0.038314174860715866, 0.04789271950721741]",0.0
"{""run_name"": ""fedheart_exp_paper_hetagg_gdro"", ""seed"": 42, ""run_dir"": ""runs/fedheart_cv_lam0.3/GroupDRO_s42_f2"", ""use_fedheart"": true, ""num_classes"": 2, ""stratified_batching"": true, ""train_frac"": 0.8, ""group_max_train_samples"": [null, null, 20, 25], ""true_hetero_input_dim"": true, ""feature_mask"": [[0, 1, 2, 3, 5, 6, 7, 8, 9, 10], [0, 1, 2, 3, 5, 6, 11, 12], [0, 1, 2, 4, 5, 7, 11, 12], [0, 1, 2, 4, 5, 6, 8, 9, 10]], ""batch_size"": 64, ""num_workers"": 0, ""epochs"": 100, ""early_stopping_patience"": 30, ""lr"": 0.001, ""weight_decay"": 0.0001, ""optimizer"": ""adam"", ""grad_clip"": 1.0, ""lr_scheduler"": ""cosine"", ""lr_min"": 1e-05, ""latent_dim"": 64, ""head_hidden"": 32, ""groups"": [{""name"": ""cleveland"", ""encoder"": ""mlp_tabular_ln"", ""input_dim"": 10, ""hidden_dim"": 64, ""dropout"": 0.1}, {""name"": ""hungarian"", ""encoder"": ""mlp_tabular_ln"", ""input_dim"": 8, ""hidden_dim"": 64, ""dropout"": 0.1}, {""name"": ""switzerland"", ""encoder"": ""mlp_tabular_ln"", ""input_dim"": 8, ""hidden_dim"": 64, ""dropout"": 0.1}, {""name"": ""va_long_beach"", ""encoder"": ""mlp_tabular_ln"", ""input_dim"": 9, ""hidden_dim"": 64, ""dropout"": 0.1}], ""anchor_eps"": 0.0001, ""sep_samples_per_class"": 4, ""sep_method"": ""classifier"", ""sep_margin"": 1.0, ""lambda_fit"": 0.001, ""lambda_sep"": 0.001, ""groupdro_enabled"": true, ""groupdro_eta"": 1.0, ""groupdro_gamma"": 0.9, ""groupdro_update_mode"": ""softmax"", ""groupdro_objective"": ""weighted"", ""groupdro_kl_lambda"": 0.0, ""groupdro_uniform_init"": true, ""log_interval"": 20, ""save_every"": 10, ""impute_missing"": true, ""common_encoder"": false, ""use_regret"": false, ""data_split_seed"": 1002}","{""num_groups"": 4, ""num_classes"": 2, ""train_total"": 522, ""test_total"": 185, ""train_group_counts"": [242, 235, 20, 25], ""test_group_counts"": [61, 59, 25, 40], ""train_class_counts"": [289, 233], ""test_class_counts"": [83, 102], ""train_group_class_counts"": [[131, 111], [150, 85], [2, 18], [6, 19]], ""test_group_class_counts"": [[33, 28], [38, 21], [2, 23], [10, 30]], ""group_proportions"": [0.46360153256704983, 0.4501915708812261, 0.038314176245210725, 0.04789272030651341]}","{""num_groups"": 4, ""eta"": 1.0, ""update_mode"": ""softmax"", ""robust_objective"": ""weighted"", ""gamma"": 0.9, ""kl_lambda"": 0.0, ""initial_pi"": [0.4636015295982361, 0.45019155740737915, 0.038314174860715866, 0.04789271950721741]}",2026-09-14T00:20:42.471518,17,0.2994827628135681,0.84765625,0.001,0.7675675675675676,0.7594168519033064,0.675,0.8813559322033898,"[0.7213114754098361, 0.8813559322033898, 0.76, 0.675]","[0.6364105974140837, 0.3839528831511231, 0.8140310063853394, 0.8370809686253778]","[0.7590361445783133, 0.7745098039215687]","[[0.7575757575757576, 0.6785714285714286], [0.9473684210526315, 0.7619047619047619], [0.0, 0.8260869565217391], [0.2, 0.8333333333333334]]","[61, 59, 25, 40]",0.7658158909594042,"[0.7185888738127544, 0.8659526127880559, 0.4318181818181818, 0.5144724556489263]",0.4318181818181818,0.8370809686253778,"[0.24890010058879852, 0.28132566809654236, 0.2205793261528015, 0.24919493496418]","[0.30677254125475883, 0.41857984848320484, 0.03487309861520771, 0.3282438477908727]","[0.2548217661678791, 0.28561559319496155, 0.19528144784271717, 0.2642812021076679]","[0.4636015295982361, 0.45019155740737915, 0.038314174860715866, 0.04789271950721741]",0.0
"{""run_name"": ""fedheart_exp_paper_hetagg_gdro"", ""seed"": 42, ""run_dir"": ""runs/fedheart_cv_lam0.3/GroupDRO_s42_f2"", ""use_fedheart"": true, ""num_classes"": 2, ""stratified_batching"": true, ""train_frac"": 0.8, ""group_max_train_samples"": [null, null, 20, 25], ""true_hetero_input_dim"": true, ""feature_mask"": [[0, 1, 2, 3, 5, 6, 7, 8, 9, 10], [0, 1, 2, 3, 5, 6, 11, 12], [0, 1, 2, 4, 5, 7, 11, 12], [0, 1, 2, 4, 5, 6, 8, 9, 10]], ""batch_size"": 64, ""num_workers"": 0, ""epochs"": 100, ""early_stopping_patience"": 30, ""lr"": 0.001, ""weight_decay"": 0.0001, ""optimizer"": ""adam"", ""grad_clip"": 1.0, ""lr_scheduler"": ""cosine"", ""lr_min"": 1e-05, ""latent_dim"": 64, ""head_hidden"": 32, ""groups"": [{""name"": ""cleveland"", ""encoder"": ""mlp_tabular_ln"", ""input_dim"": 10, ""hidden_dim"": 64, ""dropout"": 0.1}, {""name"": ""hungarian"", ""encoder"": ""mlp_tabular_ln"", ""input_dim"": 8, ""hidden_dim"": 64, ""dropout"": 0.1}, {""name"": ""switzerland"", ""encoder"": ""mlp_tabular_ln"", ""input_dim"": 8, ""hidden_dim"": 64, ""dropout"": 0.1}, {""name"": ""va_long_beach"", ""encoder"": ""mlp_tabular_ln"", ""input_dim"": 9, ""hidden_dim"": 64, ""dropout"": 0.1}], ""anchor_eps"": 0.0001, ""sep_samples_per_class"": 4, ""sep_method"": ""classifier"", ""sep_margin"": 1.0, ""lambda_fit"": 0.001, ""lambda_sep"": 0.001, ""groupdro_enabled"": true, ""groupdro_eta"": 1.0, ""groupdro_gamma"": 0.9, ""groupdro_update_mode"": ""softmax"", ""groupdro_objective"": ""weighted"", ""groupdro_kl_lambda"": 0.0, ""groupdro_uniform_init"": true, ""log_interval"": 20, ""save_every"": 10, ""impute_missing"": true, ""common_encoder"": false, ""use_regret"": false, ""data_split_seed"": 1002}","{""num_groups"": 4, ""num_classes"": 2, ""train_total"": 522, ""test_total"": 185, ""train_group_counts"": [242, 235, 20, 25], ""test_group_counts"": [61, 59, 25, 40], ""train_class_counts"": [289, 233], ""test_class_counts"": [83, 102], ""train_group_class_counts"": [[131, 111], [150, 85], [2, 18], [6, 19]], ""test_group_class_counts"": [[33, 28], [38, 21], [2, 23], [10, 30]], ""group_proportions"": [0.46360153256704983, 0.4501915708812261, 0.038314176245210725, 0.04789272030651341]}","{""num_groups"": 4, ""eta"": 1.0, ""update_mode"": ""softmax"", ""robust_objective"": ""weighted"", ""gamma"": 0.9, ""kl_lambda"": 0.0, ""initial_pi"": [0.4636015295982361, 0.45019155740737915, 0.038314174860715866, 0.04789271950721741]}",2026-09-14T00:20:42.471518,18,0.26320492289960384,0.857421875,0.001,0.7621621621621621,0.753305779383162,0.65,0.8983050847457628,"[0.7049180327868853, 0.8983050847457628, 0.76, 0.65]","[0.650515088509982, 0.3864721899252322, 0.884994807515759, 0.8714093886548653]","[0.7469879518072289, 0.7745098039215687]","[[0.7272727272727273, 0.6785714285714286], [0.9736842105263158, 0.7619047619047619], [0.0, 0.8260869565217391], [0.1, 0.8333333333333334]]","[61, 59, 25, 40]",0.7601367279585101,"[0.702922077922078, 0.8835526315789474, 0.4318181818181818, 0.453125]",0.4318181818181818,0.884994807515759,"[0.26355689764022827, 0.3483140170574188, 0.19017228484153748, 0.19795683026313782]","[0.29549438413232565, 0.42454303801059723, 0.045292631766642444, 0.17084237514063716]","[0.2627460304647684, 0.30045025050640106, 0.20424101129174232, 0.23256271705031395]","[0.4636015295982361, 0.45019155740737915, 0.038314174860715866, 0.04789271950721741]",0.0
"{""run_name"": ""fedheart_exp_paper_hetagg_gdro"", ""seed"": 42, ""run_dir"": ""runs/fedheart_cv_lam0.3/GroupDRO_s42_f2"", ""use_fedheart"": true, ""num_classes"": 2, ""stratified_batching"": true, ""train_frac"": 0.8, ""group_max_train_samples"": [null, null, 20, 25], ""true_hetero_input_dim"": true, ""feature_mask"": [[0, 1, 2, 3, 5, 6, 7, 8, 9, 10], [0, 1, 2, 3, 5, 6, 11, 12], [0, 1, 2, 4, 5, 7, 11, 12], [0, 1, 2, 4, 5, 6, 8, 9, 10]], ""batch_size"": 64, ""num_workers"": 0, ""epochs"": 100, ""early_stopping_patience"": 30, ""lr"": 0.001, ""weight_decay"": 0.0001, ""optimizer"": ""adam"", ""grad_clip"": 1.0, ""lr_scheduler"": ""cosine"", ""lr_min"": 1e-05, ""latent_dim"": 64, ""head_hidden"": 32, ""groups"": [{""name"": ""cleveland"", ""encoder"": ""mlp_tabular_ln"", ""input_dim"": 10, ""hidden_dim"": 64, ""dropout"": 0.1}, {""name"": ""hungarian"", ""encoder"": ""mlp_tabular_ln"", ""input_dim"": 8, ""hidden_dim"": 64, ""dropout"": 0.1}, {""name"": ""switzerland"", ""encoder"": ""mlp_tabular_ln"", ""input_dim"": 8, ""hidden_dim"": 64, ""dropout"": 0.1}, {""name"": ""va_long_beach"", ""encoder"": ""mlp_tabular_ln"", ""input_dim"": 9, ""hidden_dim"": 64, ""dropout"": 0.1}], ""anchor_eps"": 0.0001, ""sep_samples_per_class"": 4, ""sep_method"": ""classifier"", ""sep_margin"": 1.0, ""lambda_fit"": 0.001, ""lambda_sep"": 0.001, ""groupdro_enabled"": true, ""groupdro_eta"": 1.0, ""groupdro_gamma"": 0.9, ""groupdro_update_mode"": ""softmax"", ""groupdro_objective"": ""weighted"", ""groupdro_kl_lambda"": 0.0, ""groupdro_uniform_init"": true, ""log_interval"": 20, ""save_every"": 10, ""impute_missing"": true, ""common_encoder"": false, ""use_regret"": false, ""data_split_seed"": 1002}","{""num_groups"": 4, ""num_classes"": 2, ""train_total"": 522, ""test_total"": 185, ""train_group_counts"": [242, 235, 20, 25], ""test_group_counts"": [61, 59, 25, 40], ""train_class_counts"": [289, 233], ""test_class_counts"": [83, 102], ""train_group_class_counts"": [[131, 111], [150, 85], [2, 18], [6, 19]], ""test_group_class_counts"": [[33, 28], [38, 21], [2, 23], [10, 30]], ""group_proportions"": [0.46360153256704983, 0.4501915708812261, 0.038314176245210725, 0.04789272030651341]}","{""num_groups"": 4, ""eta"": 1.0, ""update_mode"": ""softmax"", ""robust_objective"": ""weighted"", ""gamma"": 0.9, ""kl_lambda"": 0.0, ""initial_pi"": [0.4636015295982361, 0.45019155740737915, 0.038314174860715866, 0.04789271950721741]}",2026-09-14T00:20:42.471518,19,0.26385113410651684,0.861328125,0.001,0.7621621621621621,0.7553184912475688,0.675,0.8813559322033898,"[0.7049180327868853, 0.8813559322033898, 0.76, 0.675]","[0.660959322967368, 0.37844822735730876, 0.9894802263373276, 0.9398348548798822]","[0.7349397590361446, 0.7843137254901961]","[[0.7272727272727273, 0.6785714285714286], [0.9473684210526315, 0.7619047619047619], [0.0, 0.8260869565217391], [0.1, 0.8666666666666667]]","[61, 59, 25, 40]",0.7596267422631703,"[0.702922077922078, 0.8659526127880559, 0.4318181818181818, 0.4666666666666667]",0.4318181818181818,0.9894802263373276,"[0.28564080595970154, 0.3079759478569031, 0.19604644179344177, 0.21033672988414764]","[0.30835041403770447, 0.3995949402451515, 0.03196646157539362, 0.17258680576924235]","[0.2678970880806446, 0.29384011402726173, 0.20314885303378105, 0.23511392623186111]","[0.4636015295982361, 0.45019155740737915, 0.038314174860715866, 0.04789271950721741]",0.0
"{""run_name"": ""fedheart_exp_paper_hetagg_gdro"", ""seed"": 42, ""run_dir"": ""runs/fedheart_cv_lam0.3/GroupDRO_s42_f2"", ""use_fedheart"": true, ""num_classes"": 2, ""stratified_batching"": true, ""train_frac"": 0.8, ""group_max_train_samples"": [null, null, 20, 25], ""true_hetero_input_dim"": true, ""feature_mask"": [[0, 1, 2, 3, 5, 6, 7, 8, 9, 10], [0, 1, 2, 3, 5, 6, 11, 12], [0, 1, 2, 4, 5, 7, 11, 12], [0, 1, 2, 4, 5, 6, 8, 9, 10]], ""batch_size"": 64, ""num_workers"": 0, ""epochs"": 100, ""early_stopping_patience"": 30, ""lr"": 0.001, ""weight_decay"": 0.0001, ""optimizer"": ""adam"", ""grad_clip"": 1.0, ""lr_scheduler"": ""cosine"", ""lr_min"": 1e-05, ""latent_dim"": 64, ""head_hidden"": 32, ""groups"": [{""name"": ""cleveland"", ""encoder"": ""mlp_tabular_ln"", ""input_dim"": 10, ""hidden_dim"": 64, ""dropout"": 0.1}, {""name"": ""hungarian"", ""encoder"": ""mlp_tabular_ln"", ""input_dim"": 8, ""hidden_dim"": 64, ""dropout"": 0.1}, {""name"": ""switzerland"", ""encoder"": ""mlp_tabular_ln"", ""input_dim"": 8, ""hidden_dim"": 64, ""dropout"": 0.1}, {""name"": ""va_long_beach"", ""encoder"": ""mlp_tabular_ln"", ""input_dim"": 9, ""hidden_dim"": 64, ""dropout"": 0.1}], ""anchor_eps"": 0.0001, ""sep_samples_per_class"": 4, ""sep_method"": ""classifier"", ""sep_margin"": 1.0, ""lambda_fit"": 0.001, ""lambda_sep"": 0.001, ""groupdro_enabled"": true, ""groupdro_eta"": 1.0, ""groupdro_gamma"": 0.9, ""groupdro_update_mode"": ""softmax"", ""groupdro_objective"": ""weighted"", ""groupdro_kl_lambda"": 0.0, ""groupdro_uniform_init"": true, ""log_interval"": 20, ""save_every"": 10, ""impute_missing"": true, ""common_encoder"": false, ""use_regret"": false, ""data_split_seed"": 1002}","{""num_groups"": 4, ""num_classes"": 2, ""train_total"": 522, ""test_total"": 185, ""train_group_counts"": [242, 235, 20, 25], ""test_group_counts"": [61, 59, 25, 40], ""train_class_counts"": [289, 233], ""test_class_counts"": [83, 102], ""train_group_class_counts"": [[131, 111], [150, 85], [2, 18], [6, 19]], ""test_group_class_counts"": [[33, 28], [38, 21], [2, 23], [10, 30]], ""group_proportions"": [0.46360153256704983, 0.4501915708812261, 0.038314176245210725, 0.04789272030651341]}","{""num_groups"": 4, ""eta"": 1.0, ""update_mode"": ""softmax"", ""robust_objective"": ""weighted"", ""gamma"": 0.9, ""kl_lambda"": 0.0, ""initial_pi"": [0.4636015295982361, 0.45019155740737915, 0.038314174860715866, 0.04789271950721741]}",2026-09-14T00:20:42.471518,20,0.2602051980793476,0.861328125,0.001,0.7675675675675676,0.7617074187274243,0.6885245901639344,0.8983050847457628,"[0.6885245901639344, 0.8983050847457628, 0.76, 0.7]","[0.6849346466660194, 0.3806091047097313, 1.0391941135044909, 1.0017050095644664]","[0.7590361445783133, 0.7745098039215687]","[[0.7575757575757576, 0.6071428571428571], [0.9736842105263158, 0.7619047619047619], [0.0, 0.8260869565217391], [0.1, 0.9]]","[61, 59, 25, 40]",0.7658158909594042,"[0.6830735575608422, 0.8835526315789474, 0.4318181818181818, 0.48051948051948057]",0.4318181818181818,1.0391941135044909,"[0.27476197481155396, 0.3268469572067261, 0.1905401349067688, 0.20785096287727356]","[0.3203249927610159, 0.4042883515357971, 0.04348673242293444, 0.14601273456355557]","[0.27107633650302887, 0.2947773337364197, 0.20531785115599632, 0.22882849164307117]","[0.4636015295982361, 0.45019155740737915, 0.038314174860715866, 0.04789271950721741]",0.0
"{""run_name"": ""fedheart_exp_paper_hetagg_gdro"", ""seed"": 42, ""run_dir"": ""runs/fedheart_cv_lam0.3/GroupDRO_s42_f2"", ""use_fedheart"": true, ""num_classes"": 2, ""stratified_batching"": true, ""train_frac"": 0.8, ""group_max_train_samples"": [null, null, 20, 25], ""true_hetero_input_dim"": true, ""feature_mask"": [[0, 1, 2, 3, 5, 6, 7, 8, 9, 10], [0, 1, 2, 3, 5, 6, 11, 12], [0, 1, 2, 4, 5, 7, 11, 12], [0, 1, 2, 4, 5, 6, 8, 9, 10]], ""batch_size"": 64, ""num_workers"": 0, ""epochs"": 100, ""early_stopping_patience"": 30, ""lr"": 0.001, ""weight_decay"": 0.0001, ""optimizer"": ""adam"", ""grad_clip"": 1.0, ""lr_scheduler"": ""cosine"", ""lr_min"": 1e-05, ""latent_dim"": 64, ""head_hidden"": 32, ""groups"": [{""name"": ""cleveland"", ""encoder"": ""mlp_tabular_ln"", ""input_dim"": 10, ""hidden_dim"": 64, ""dropout"": 0.1}, {""name"": ""hungarian"", ""encoder"": ""mlp_tabular_ln"", ""input_dim"": 8, ""hidden_dim"": 64, ""dropout"": 0.1}, {""name"": ""switzerland"", ""encoder"": ""mlp_tabular_ln"", ""input_dim"": 8, ""hidden_dim"": 64, ""dropout"": 0.1}, {""name"": ""va_long_beach"", ""encoder"": ""mlp_tabular_ln"", ""input_dim"": 9, ""hidden_dim"": 64, ""dropout"": 0.1}], ""anchor_eps"": 0.0001, ""sep_samples_per_class"": 4, ""sep_method"": ""classifier"", ""sep_margin"": 1.0, ""lambda_fit"": 0.001, ""lambda_sep"": 0.001, ""groupdro_enabled"": true, ""groupdro_eta"": 1.0, ""groupdro_gamma"": 0.9, ""groupdro_update_mode"": ""softmax"", ""groupdro_objective"": ""weighted"", ""groupdro_kl_lambda"": 0.0, ""groupdro_uniform_init"": true, ""log_interval"": 20, ""save_every"": 10, ""impute_missing"": true, ""common_encoder"": false, ""use_regret"": false, ""data_split_seed"": 1002}","{""num_groups"": 4, ""num_classes"": 2, ""train_total"": 522, ""test_total"": 185, ""train_group_counts"": [242, 235, 20, 25], ""test_group_counts"": [61, 59, 25, 40], ""train_class_counts"": [289, 233], ""test_class_counts"": [83, 102], ""train_group_class_counts"": [[131, 111], [150, 85], [2, 18], [6, 19]], ""test_group_class_counts"": [[33, 28], [38, 21], [2, 23], [10, 30]], ""group_proportions"": [0.46360153256704983, 0.4501915708812261, 0.038314176245210725, 0.04789272030651341]}","{""num_groups"": 4, ""eta"": 1.0, ""update_mode"": ""softmax"", ""robust_objective"": ""weighted"", ""gamma"": 0.9, ""kl_lambda"": 0.0, ""initial_pi"": [0.4636015295982361, 0.45019155740737915, 0.038314174860715866, 0.04789271950721741]}",2026-09-14T00:20:42.471518,21,0.2544975373893976,0.86328125,0.001,0.7675675675675676,0.7617074187274243,0.6885245901639344,0.8983050847457628,"[0.6885245901639344, 0.8983050847457628, 0.76, 0.7]","[0.6759854725134544, 0.3896475670448804, 1.0367922862048726, 1.0973135509862915]","[0.7349397590361446, 0.7941176470588235]","[[0.696969696969697, 0.6785714285714286], [0.9736842105263158, 0.7619047619047619], [0.0, 0.8260869565217391], [0.1, 0.9]]","[61, 59, 25, 40]",0.7648189209164818,"[0.6871794871794872, 0.8835526315789474, 0.4318181818181818, 0.48051948051948057]",0.4318181818181818,1.0973135509862915,"[0.2388431429862976, 0.27288538217544556, 0.19383330643177032, 0.2944382131099701]","[0.2726796604692936, 0.41550954803824425, 0.012240820325132518, 0.16529023012844846]","[0.2612804193049669, 0.3015105277299881, 0.20137125067412853, 0.23583780974149704]","[0.4636015295982361, 0.45019155740737915, 0.038314174860715866, 0.04789271950721741]",0.0
"{""run_name"": ""fedheart_exp_paper_hetagg_gdro"", ""seed"": 42, ""run_dir"": ""runs/fedheart_cv_lam0.3/GroupDRO_s42_f2"", ""use_fedheart"": true, ""num_classes"": 2, ""stratified_batching"": true, ""train_frac"": 0.8, ""group_max_train_samples"": [null, null, 20, 25], ""true_hetero_input_dim"": true, ""feature_mask"": [[0, 1, 2, 3, 5, 6, 7, 8, 9, 10], [0, 1, 2, 3, 5, 6, 11, 12], [0, 1, 2, 4, 5, 7, 11, 12], [0, 1, 2, 4, 5, 6, 8, 9, 10]], ""batch_size"": 64, ""num_workers"": 0, ""epochs"": 100, ""early_stopping_patience"": 30, ""lr"": 0.001, ""weight_decay"": 0.0001, ""optimizer"": ""adam"", ""grad_clip"": 1.0, ""lr_scheduler"": ""cosine"", ""lr_min"": 1e-05, ""latent_dim"": 64, ""head_hidden"": 32, ""groups"": [{""name"": ""cleveland"", ""encoder"": ""mlp_tabular_ln"", ""input_dim"": 10, ""hidden_dim"": 64, ""dropout"": 0.1}, {""name"": ""hungarian"", ""encoder"": ""mlp_tabular_ln"", ""input_dim"": 8, ""hidden_dim"": 64, ""dropout"": 0.1}, {""name"": ""switzerland"", ""encoder"": ""mlp_tabular_ln"", ""input_dim"": 8, ""hidden_dim"": 64, ""dropout"": 0.1}, {""name"": ""va_long_beach"", ""encoder"": ""mlp_tabular_ln"", ""input_dim"": 9, ""hidden_dim"": 64, ""dropout"": 0.1}], ""anchor_eps"": 0.0001, ""sep_samples_per_class"": 4, ""sep_method"": ""classifier"", ""sep_margin"": 1.0, ""lambda_fit"": 0.001, ""lambda_sep"": 0.001, ""groupdro_enabled"": true, ""groupdro_eta"": 1.0, ""groupdro_gamma"": 0.9, ""groupdro_update_mode"": ""softmax"", ""groupdro_objective"": ""weighted"", ""groupdro_kl_lambda"": 0.0, ""groupdro_uniform_init"": true, ""log_interval"": 20, ""save_every"": 10, ""impute_missing"": true, ""common_encoder"": false, ""use_regret"": false, ""data_split_seed"": 1002}","{""num_groups"": 4, ""num_classes"": 2, ""train_total"": 522, ""test_total"": 185, ""train_group_counts"": [242, 235, 20, 25], ""test_group_counts"": [61, 59, 25, 40], ""train_class_counts"": [289, 233], ""test_class_counts"": [83, 102], ""train_group_class_counts"": [[131, 111], [150, 85], [2, 18], [6, 19]], ""test_group_class_counts"": [[33, 28], [38, 21], [2, 23], [10, 30]], ""group_proportions"": [0.46360153256704983, 0.4501915708812261, 0.038314176245210725, 0.04789272030651341]}","{""num_groups"": 4, ""eta"": 1.0, ""update_mode"": ""softmax"", ""robust_objective"": ""weighted"", ""gamma"": 0.9, ""kl_lambda"": 0.0, ""initial_pi"": [0.4636015295982361, 0.45019155740737915, 0.038314174860715866, 0.04789271950721741]}",2026-09-14T00:20:42.471518,22,0.26600541546940804,0.859375,0.001,0.7675675675675676,0.7617074187274243,0.6885245901639344,0.8983050847457628,"[0.6885245901639344, 0.8983050847457628, 0.76, 0.7]","[0.6807719196620412, 0.4008466688663525, 1.071457605708856, 1.1190572385239648]","[0.7469879518072289, 0.7843137254901961]","[[0.7272727272727273, 0.6428571428571429], [0.9736842105263158, 0.7619047619047619], [0.0, 0.8260869565217391], [0.1, 0.9]]","[61, 59, 25, 40]",0.765346154980679,"[0.6854816824966079, 0.8835526315789474, 0.4318181818181818, 0.48051948051948057]",0.4318181818181818,1.1190572385239648,"[0.24618664383888245, 0.29103338718414307, 0.19104816019535065, 0.27173176407814026]","[0.29981562681496143, 0.430181035771966, 0.02483870362266316, 0.17295566701795906]","[0.2649169694632292, 0.30059895664453506, 0.20059379935264587, 0.23389027081429958]","[0.4636015295982361, 0.45019155740737915, 0.038314174860715866, 0.04789271950721741]",0.0
"{""run_name"": ""fedheart_exp_paper_hetagg_gdro"", ""seed"": 42, ""run_dir"": ""runs/fedheart_cv_lam0.3/GroupDRO_s42_f2"", ""use_fedheart"": true, ""num_classes"": 2, ""stratified_batching"": true, ""train_frac"": 0.8, ""group_max_train_samples"": [null, null, 20, 25], ""true_hetero_input_dim"": true, ""feature_mask"": [[0, 1, 2, 3, 5, 6, 7, 8, 9, 10], [0, 1, 2, 3, 5, 6, 11, 12], [0, 1, 2, 4, 5, 7, 11, 12], [0, 1, 2, 4, 5, 6, 8, 9, 10]], ""batch_size"": 64, ""num_workers"": 0, ""epochs"": 100, ""early_stopping_patience"": 30, ""lr"": 0.001, ""weight_decay"": 0.0001, ""optimizer"": ""adam"", ""grad_clip"": 1.0, ""lr_scheduler"": ""cosine"", ""lr_min"": 1e-05, ""latent_dim"": 64, ""head_hidden"": 32, ""groups"": [{""name"": ""cleveland"", ""encoder"": ""mlp_tabular_ln"", ""input_dim"": 10, ""hidden_dim"": 64, ""dropout"": 0.1}, {""name"": ""hungarian"", ""encoder"": ""mlp_tabular_ln"", ""input_dim"": 8, ""hidden_dim"": 64, ""dropout"": 0.1}, {""name"": ""switzerland"", ""encoder"": ""mlp_tabular_ln"", ""input_dim"": 8, ""hidden_dim"": 64, ""dropout"": 0.1}, {""name"": ""va_long_beach"", ""encoder"": ""mlp_tabular_ln"", ""input_dim"": 9, ""hidden_dim"": 64, ""dropout"": 0.1}], ""anchor_eps"": 0.0001, ""sep_samples_per_class"": 4, ""sep_method"": ""classifier"", ""sep_margin"": 1.0, ""lambda_fit"": 0.001, ""lambda_sep"": 0.001, ""groupdro_enabled"": true, ""groupdro_eta"": 1.0, ""groupdro_gamma"": 0.9, ""groupdro_update_mode"": ""softmax"", ""groupdro_objective"": ""weighted"", ""groupdro_kl_lambda"": 0.0, ""groupdro_uniform_init"": true, ""log_interval"": 20, ""save_every"": 10, ""impute_missing"": true, ""common_encoder"": false, ""use_regret"": false, ""data_split_seed"": 1002}","{""num_groups"": 4, ""num_classes"": 2, ""train_total"": 522, ""test_total"": 185, ""train_group_counts"": [242, 235, 20, 25], ""test_group_counts"": [61, 59, 25, 40], ""train_class_counts"": [289, 233], ""test_class_counts"": [83, 102], ""train_group_class_counts"": [[131, 111], [150, 85], [2, 18], [6, 19]], ""test_group_class_counts"": [[33, 28], [38, 21], [2, 23], [10, 30]], ""group_proportions"": [0.46360153256704983, 0.4501915708812261, 0.038314176245210725, 0.04789272030651341]}","{""num_groups"": 4, ""eta"": 1.0, ""update_mode"": ""softmax"", ""robust_objective"": ""weighted"", ""gamma"": 0.9, ""kl_lambda"": 0.0, ""initial_pi"": [0.4636015295982361, 0.45019155740737915, 0.038314174860715866, 0.04789271950721741]}",2026-09-14T00:20:42.471518,23,0.2599036954343319,0.857421875,0.001,0.7621621621621621,0.757470130591831,0.6885245901639344,0.8813559322033898,"[0.6885245901639344, 0.8813559322033898, 0.76, 0.7]","[0.6968900369304675, 0.4203688320624879, 1.1223531590284255, 1.153966197337286]","[0.7349397590361446, 0.7843137254901961]","[[0.7272727272727273, 0.6428571428571429], [0.9473684210526315, 0.7619047619047619], [0.0, 0.8260869565217391], [0.1, 0.9]]","[61, 59, 25, 40]",0.7596267422631703,"[0.6854816824966079, 0.8659526127880559, 0.4318181818181818, 0.48051948051948057]",0.4318181818181818,1.153966197337286,"[0.2666133642196655, 0.28806304931640625, 0.21742764115333557, 0.22789597511291504]","[0.28883681632578373, 0.42016127333045006, 0.0307486546535074, 0.1680496936896816]","[0.26267280988395214, 0.2992688752710819, 0.20241154171526432, 0.23564676381647587]","[0.4636015295982361, 0.45019155740737915, 0.038314174860715866, 0.04789271950721741]",0.0
"{""run_name"": ""fedheart_exp_paper_hetagg_gdro"", ""seed"": 42, ""run_dir"": ""runs/fedheart_cv_lam0.3/GroupDRO_s42_f2"", ""use_fedheart"": true, ""num_classes"": 2, ""stratified_batching"": true, ""train_frac"": 0.8, ""group_max_train_samples"": [null, null, 20, 25], ""true_hetero_input_dim"": true, ""feature_mask"": [[0, 1, 2, 3, 5, 6, 7, 8, 9, 10], [0, 1, 2, 3, 5, 6, 11, 12], [0, 1, 2, 4, 5, 7, 11, 12], [0, 1, 2, 4, 5, 6, 8, 9, 10]], ""batch_size"": 64, ""num_workers"": 0, ""epochs"": 100, ""early_stopping_patience"": 30, ""lr"": 0.001, ""weight_decay"": 0.0001, ""optimizer"": ""adam"", ""grad_clip"": 1.0, ""lr_scheduler"": ""cosine"", ""lr_min"": 1e-05, ""latent_dim"": 64, ""head_hidden"": 32, ""groups"": [{""name"": ""cleveland"", ""encoder"": ""mlp_tabular_ln"", ""input_dim"": 10, ""hidden_dim"": 64, ""dropout"": 0.1}, {""name"": ""hungarian"", ""encoder"": ""mlp_tabular_ln"", ""input_dim"": 8, ""hidden_dim"": 64, ""dropout"": 0.1}, {""name"": ""switzerland"", ""encoder"": ""mlp_tabular_ln"", ""input_dim"": 8, ""hidden_dim"": 64, ""dropout"": 0.1}, {""name"": ""va_long_beach"", ""encoder"": ""mlp_tabular_ln"", ""input_dim"": 9, ""hidden_dim"": 64, ""dropout"": 0.1}], ""anchor_eps"": 0.0001, ""sep_samples_per_class"": 4, ""sep_method"": ""classifier"", ""sep_margin"": 1.0, ""lambda_fit"": 0.001, ""lambda_sep"": 0.001, ""groupdro_enabled"": true, ""groupdro_eta"": 1.0, ""groupdro_gamma"": 0.9, ""groupdro_update_mode"": ""softmax"", ""groupdro_objective"": ""weighted"", ""groupdro_kl_lambda"": 0.0, ""groupdro_uniform_init"": true, ""log_interval"": 20, ""save_every"": 10, ""impute_missing"": true, ""common_encoder"": false, ""use_regret"": false, ""data_split_seed"": 1002}","{""num_groups"": 4, ""num_classes"": 2, ""train_total"": 522, ""test_total"": 185, ""train_group_counts"": [242, 235, 20, 25], ""test_group_counts"": [61, 59, 25, 40], ""train_class_counts"": [289, 233], ""test_class_counts"": [83, 102], ""train_group_class_counts"": [[131, 111], [150, 85], [2, 18], [6, 19]], ""test_group_class_counts"": [[33, 28], [38, 21], [2, 23], [10, 30]], ""group_proportions"": [0.46360153256704983, 0.4501915708812261, 0.038314176245210725, 0.04789272030651341]}","{""num_groups"": 4, ""eta"": 1.0, ""update_mode"": ""softmax"", ""robust_objective"": ""weighted"", ""gamma"": 0.9, ""kl_lambda"": 0.0, ""initial_pi"": [0.4636015295982361, 0.45019155740737915, 0.038314174860715866, 0.04789271950721741]}",2026-09-14T00:20:42.471518,24,0.23826916329562664,0.875,0.001,0.745945945945946,0.7387201305918311,0.625,0.8813559322033898,"[0.6885245901639344, 0.8813559322033898, 0.76, 0.625]","[0.7244751839784019, 0.40709817799408055, 1.2062279836846574, 1.1484475329241832]","[0.7228915662650602, 0.7647058823529411]","[[0.696969696969697, 0.6785714285714286], [0.9473684210526315, 0.7619047619047619], [0.0, 0.8260869565217391], [0.1, 0.8]]","[61, 59, 25, 40]",0.7435178903277189,"[0.6871794871794872, 0.8659526127880559, 0.4318181818181818, 0.4397759103641457]",0.4318181818181818,1.2062279836846574,"[0.25054407119750977, 0.3410528302192688, 0.20392176508903503, 0.204481303691864]","[0.26724560745060444, 0.38974342308938503, 0.00448523502336684, 0.162029403494671]","[0.2626815717667341, 0.2979851085692644, 0.2017413228750229, 0.23759197816252708]","[0.4636015295982361, 0.45019155740737915, 0.038314174860715866, 0.04789271950721741]",0.0
"{""run_name"": ""fedheart_exp_paper_hetagg_gdro"", ""seed"": 42, ""run_dir"": ""runs/fedheart_cv_lam0.3/GroupDRO_s42_f2"", ""use_fedheart"": true, ""num_classes"": 2, ""stratified_batching"": true, ""train_frac"": 0.8, ""group_max_train_samples"": [null, null, 20, 25], ""true_hetero_input_dim"": true, ""feature_mask"": [[0, 1, 2, 3, 5, 6, 7, 8, 9, 10], [0, 1, 2, 3, 5, 6, 11, 12], [0, 1, 2, 4, 5, 7, 11, 12], [0, 1, 2, 4, 5, 6, 8, 9, 10]], ""batch_size"": 64, ""num_workers"": 0, ""epochs"": 100, ""early_stopping_patience"": 30, ""lr"": 0.001, ""weight_decay"": 0.0001, ""optimizer"": ""adam"", ""grad_clip"": 1.0, ""lr_scheduler"": ""cosine"", ""lr_min"": 1e-05, ""latent_dim"": 64, ""head_hidden"": 32, ""groups"": [{""name"": ""cleveland"", ""encoder"": ""mlp_tabular_ln"", ""input_dim"": 10, ""hidden_dim"": 64, ""dropout"": 0.1}, {""name"": ""hungarian"", ""encoder"": ""mlp_tabular_ln"", ""input_dim"": 8, ""hidden_dim"": 64, ""dropout"": 0.1}, {""name"": ""switzerland"", ""encoder"": ""mlp_tabular_ln"", ""input_dim"": 8, ""hidden_dim"": 64, ""dropout"": 0.1}, {""name"": ""va_long_beach"", ""encoder"": ""mlp_tabular_ln"", ""input_dim"": 9, ""hidden_dim"": 64, ""dropout"": 0.1}], ""anchor_eps"": 0.0001, ""sep_samples_per_class"": 4, ""sep_method"": ""classifier"", ""sep_margin"": 1.0, ""lambda_fit"": 0.001, ""lambda_sep"": 0.001, ""groupdro_enabled"": true, ""groupdro_eta"": 1.0, ""groupdro_gamma"": 0.9, ""groupdro_update_mode"": ""softmax"", ""groupdro_objective"": ""weighted"", ""groupdro_kl_lambda"": 0.0, ""groupdro_uniform_init"": true, ""log_interval"": 20, ""save_every"": 10, ""impute_missing"": true, ""common_encoder"": false, ""use_regret"": false, ""data_split_seed"": 1002}","{""num_groups"": 4, ""num_classes"": 2, ""train_total"": 522, ""test_total"": 185, ""train_group_counts"": [242, 235, 20, 25], ""test_group_counts"": [61, 59, 25, 40], ""train_class_counts"": [289, 233], ""test_class_counts"": [83, 102], ""train_group_class_counts"": [[131, 111], [150, 85], [2, 18], [6, 19]], ""test_group_class_counts"": [[33, 28], [38, 21], [2, 23], [10, 30]], ""group_proportions"": [0.46360153256704983, 0.4501915708812261, 0.038314176245210725, 0.04789272030651341]}","{""num_groups"": 4, ""eta"": 1.0, ""update_mode"": ""softmax"", ""robust_objective"": ""weighted"", ""gamma"": 0.9, ""kl_lambda"": 0.0, ""initial_pi"": [0.4636015295982361, 0.45019155740737915, 0.038314174860715866, 0.04789271950721741]}",2026-09-14T00:20:42.471518,25,0.24041889794170856,0.87109375,0.001,0.7567567567567568,0.7490684912475688,0.65,0.8813559322033898,"[0.7049180327868853, 0.8813559322033898, 0.76, 0.65]","[0.7473282996683427, 0.4067990687020691, 1.2868296660172929, 1.1812183051770262]","[0.7349397590361446, 0.7745098039215687]","[[0.7272727272727273, 0.6785714285714286], [0.9473684210526315, 0.7619047619047619], [0.0, 0.8260869565217391], [0.1, 0.8333333333333334]]","[61, 59, 25, 40]",0.754432022654199,"[0.702922077922078, 0.8659526127880559, 0.4318181818181818, 0.453125]",0.4318181818181818,1.2868296660172929,"[0.23665139079093933, 0.288753867149353, 0.1956145316362381, 0.2789802551269531]","[0.2859065532684326, 0.3840995095670223, 0.015295349311600148, 0.14297230390366167]","[0.26751205138862133, 0.2945762984454632, 0.2038406152278185, 0.23407104425132275]","[0.4636015295982361, 0.45019155740737915, 0.038314174860715866, 0.04789271950721741]",0.0
"{""run_name"": ""fedheart_exp_paper_hetagg_gdro"", ""seed"": 42, ""run_dir"": ""runs/fedheart_cv_lam0.3/GroupDRO_s42_f2"", ""use_fedheart"": true, ""num_classes"": 2, ""stratified_batching"": true, ""train_frac"": 0.8, ""group_max_train_samples"": [null, null, 20, 25], ""true_hetero_input_dim"": true, ""feature_mask"": [[0, 1, 2, 3, 5, 6, 7, 8, 9, 10], [0, 1, 2, 3, 5, 6, 11, 12], [0, 1, 2, 4, 5, 7, 11, 12], [0, 1, 2, 4, 5, 6, 8, 9, 10]], ""batch_size"": 64, ""num_workers"": 0, ""epochs"": 100, ""early_stopping_patience"": 30, ""lr"": 0.001, ""weight_decay"": 0.0001, ""optimizer"": ""adam"", ""grad_clip"": 1.0, ""lr_scheduler"": ""cosine"", ""lr_min"": 1e-05, ""latent_dim"": 64, ""head_hidden"": 32, ""groups"": [{""name"": ""cleveland"", ""encoder"": ""mlp_tabular_ln"", ""input_dim"": 10, ""hidden_dim"": 64, ""dropout"": 0.1}, {""name"": ""hungarian"", ""encoder"": ""mlp_tabular_ln"", ""input_dim"": 8, ""hidden_dim"": 64, ""dropout"": 0.1}, {""name"": ""switzerland"", ""encoder"": ""mlp_tabular_ln"", ""input_dim"": 8, ""hidden_dim"": 64, ""dropout"": 0.1}, {""name"": ""va_long_beach"", ""encoder"": ""mlp_tabular_ln"", ""input_dim"": 9, ""hidden_dim"": 64, ""dropout"": 0.1}], ""anchor_eps"": 0.0001, ""sep_samples_per_class"": 4, ""sep_method"": ""classifier"", ""sep_margin"": 1.0, ""lambda_fit"": 0.001, ""lambda_sep"": 0.001, ""groupdro_enabled"": true, ""groupdro_eta"": 1.0, ""groupdro_gamma"": 0.9, ""groupdro_update_mode"": ""softmax"", ""groupdro_objective"": ""weighted"", ""groupdro_kl_lambda"": 0.0, ""groupdro_uniform_init"": true, ""log_interval"": 20, ""save_every"": 10, ""impute_missing"": true, ""common_encoder"": false, ""use_regret"": false, ""data_split_seed"": 1002}","{""num_groups"": 4, ""num_classes"": 2, ""train_total"": 522, ""test_total"": 185, ""train_group_counts"": [242, 235, 20, 25], ""test_group_counts"": [61, 59, 25, 40], ""train_class_counts"": [289, 233], ""test_class_counts"": [83, 102], ""train_group_class_counts"": [[131, 111], [150, 85], [2, 18], [6, 19]], ""test_group_class_counts"": [[33, 28], [38, 21], [2, 23], [10, 30]], ""group_proportions"": [0.46360153256704983, 0.4501915708812261, 0.038314176245210725, 0.04789272030651341]}","{""num_groups"": 4, ""eta"": 1.0, ""update_mode"": ""softmax"", ""robust_objective"": ""weighted"", ""gamma"": 0.9, ""kl_lambda"": 0.0, ""initial_pi"": [0.4636015295982361, 0.45019155740737915, 0.038314174860715866, 0.04789271950721741]}",2026-09-14T00:20:42.471518,26,0.24664434418082237,0.857421875,0.001,0.7567567567567568,0.7512201305918311,0.675,0.8813559322033898,"[0.6885245901639344, 0.8813559322033898, 0.76, 0.675]","[0.7435969302190284, 0.40496359402077053, 1.3487720477522815, 1.265160239292527]","[0.7349397590361446, 0.7745098039215687]","[[0.7272727272727273, 0.6428571428571429], [0.9473684210526315, 0.7619047619047619], [0.0, 0.8260869565217391], [0.1, 0.8666666666666667]]","[61, 59, 25, 40]",0.754432022654199,"[0.6854816824966079, 0.8659526127880559, 0.4318181818181818, 0.4666666666666667]",0.4318181818181818,1.3487720477522815,"[0.2486456036567688, 0.3226451873779297, 0.20199443399906158, 0.2267148196697235]","[0.2711661830544472, 0.4132925420999527, 0.09600532432159525, 0.10165121359750628]","[0.26148041151463985, 0.2993888556957245, 0.21966770850121975, 0.21946301497519016]","[0.4636015295982361, 0.45019155740737915, 0.038314174860715866, 0.04789271950721741]",0.0
"{""run_name"": ""fedheart_exp_paper_hetagg_gdro"", ""seed"": 42, ""run_dir"": ""runs/fedheart_cv_lam0.3/GroupDRO_s42_f2"", ""use_fedheart"": true, ""num_classes"": 2, ""stratified_batching"": true, ""train_frac"": 0.8, ""group_max_train_samples"": [null, null, 20, 25], ""true_hetero_input_dim"": true, ""feature_mask"": [[0, 1, 2, 3, 5, 6, 7, 8, 9, 10], [0, 1, 2, 3, 5, 6, 11, 12], [0, 1, 2, 4, 5, 7, 11, 12], [0, 1, 2, 4, 5, 6, 8, 9, 10]], ""batch_size"": 64, ""num_workers"": 0, ""epochs"": 100, ""early_stopping_patience"": 30, ""lr"": 0.001, ""weight_decay"": 0.0001, ""optimizer"": ""adam"", ""grad_clip"": 1.0, ""lr_scheduler"": ""cosine"", ""lr_min"": 1e-05, ""latent_dim"": 64, ""head_hidden"": 32, ""groups"": [{""name"": ""cleveland"", ""encoder"": ""mlp_tabular_ln"", ""input_dim"": 10, ""hidden_dim"": 64, ""dropout"": 0.1}, {""name"": ""hungarian"", ""encoder"": ""mlp_tabular_ln"", ""input_dim"": 8, ""hidden_dim"": 64, ""dropout"": 0.1}, {""name"": ""switzerland"", ""encoder"": ""mlp_tabular_ln"", ""input_dim"": 8, ""hidden_dim"": 64, ""dropout"": 0.1}, {""name"": ""va_long_beach"", ""encoder"": ""mlp_tabular_ln"", ""input_dim"": 9, ""hidden_dim"": 64, ""dropout"": 0.1}], ""anchor_eps"": 0.0001, ""sep_samples_per_class"": 4, ""sep_method"": ""classifier"", ""sep_margin"": 1.0, ""lambda_fit"": 0.001, ""lambda_sep"": 0.001, ""groupdro_enabled"": true, ""groupdro_eta"": 1.0, ""groupdro_gamma"": 0.9, ""groupdro_update_mode"": ""softmax"", ""groupdro_objective"": ""weighted"", ""groupdro_kl_lambda"": 0.0, ""groupdro_uniform_init"": true, ""log_interval"": 20, ""save_every"": 10, ""impute_missing"": true, ""common_encoder"": false, ""use_regret"": false, ""data_split_seed"": 1002}","{""num_groups"": 4, ""num_classes"": 2, ""train_total"": 522, ""test_total"": 185, ""train_group_counts"": [242, 235, 20, 25], ""test_group_counts"": [61, 59, 25, 40], ""train_class_counts"": [289, 233], ""test_class_counts"": [83, 102], ""train_group_class_counts"": [[131, 111], [150, 85], [2, 18], [6, 19]], ""test_group_class_counts"": [[33, 28], [38, 21], [2, 23], [10, 30]], ""group_proportions"": [0.46360153256704983, 0.4501915708812261, 0.038314176245210725, 0.04789272030651341]}","{""num_groups"": 4, ""eta"": 1.0, ""update_mode"": ""softmax"", ""robust_objective"": ""weighted"", ""gamma"": 0.9, ""kl_lambda"": 0.0, ""initial_pi"": [0.4636015295982361, 0.45019155740737915, 0.038314174860715866, 0.04789271950721741]}",2026-09-14T00:20:42.471518,27,0.23318563401699066,0.859375,0.001,0.7513513513513513,0.7491344818005001,0.6721311475409836,0.864406779661017,"[0.6721311475409836, 0.864406779661017, 0.76, 0.7]","[0.7529773281402428, 0.4070163952833894, 1.4327462985081365, 1.3048422670439321]","[0.7228915662650602, 0.7745098039215687]","[[0.7272727272727273, 0.6071428571428571], [0.9210526315789473, 0.7619047619047619], [0.0, 0.8260869565217391], [0.1, 0.9]]","[61, 59, 25, 40]",0.7487006850933144,"[0.667755991285403, 0.8487179487179488, 0.4318181818181818, 0.48051948051948057]",0.4318181818181818,1.4327462985081365,"[0.2836686670780182, 0.27939942479133606, 0.21852770447731018, 0.2184041440486908]","[0.2651351746171713, 0.3703540936112404, 0.013175659849366639, 0.16605068159697112]","[0.263981556519866, 0.2915803901851177, 0.2047750260680914, 0.2396630086004734]","[0.4636015295982361, 0.45019155740737915, 0.038314174860715866, 0.04789271950721741]",0.0
"{""run_name"": ""fedheart_exp_paper_hetagg_gdro"", ""seed"": 42, ""run_dir"": ""runs/fedheart_cv_lam0.3/GroupDRO_s42_f2"", ""use_fedheart"": true, ""num_classes"": 2, ""stratified_batching"": true, ""train_frac"": 0.8, ""group_max_train_samples"": [null, null, 20, 25], ""true_hetero_input_dim"": true, ""feature_mask"": [[0, 1, 2, 3, 5, 6, 7, 8, 9, 10], [0, 1, 2, 3, 5, 6, 11, 12], [0, 1, 2, 4, 5, 7, 11, 12], [0, 1, 2, 4, 5, 6, 8, 9, 10]], ""batch_size"": 64, ""num_workers"": 0, ""epochs"": 100, ""early_stopping_patience"": 30, ""lr"": 0.001, ""weight_decay"": 0.0001, ""optimizer"": ""adam"", ""grad_clip"": 1.0, ""lr_scheduler"": ""cosine"", ""lr_min"": 1e-05, ""latent_dim"": 64, ""head_hidden"": 32, ""groups"": [{""name"": ""cleveland"", ""encoder"": ""mlp_tabular_ln"", ""input_dim"": 10, ""hidden_dim"": 64, ""dropout"": 0.1}, {""name"": ""hungarian"", ""encoder"": ""mlp_tabular_ln"", ""input_dim"": 8, ""hidden_dim"": 64, ""dropout"": 0.1}, {""name"": ""switzerland"", ""encoder"": ""mlp_tabular_ln"", ""input_dim"": 8, ""hidden_dim"": 64, ""dropout"": 0.1}, {""name"": ""va_long_beach"", ""encoder"": ""mlp_tabular_ln"", ""input_dim"": 9, ""hidden_dim"": 64, ""dropout"": 0.1}], ""anchor_eps"": 0.0001, ""sep_samples_per_class"": 4, ""sep_method"": ""classifier"", ""sep_margin"": 1.0, ""lambda_fit"": 0.001, ""lambda_sep"": 0.001, ""groupdro_enabled"": true, ""groupdro_eta"": 1.0, ""groupdro_gamma"": 0.9, ""groupdro_update_mode"": ""softmax"", ""groupdro_objective"": ""weighted"", ""groupdro_kl_lambda"": 0.0, ""groupdro_uniform_init"": true, ""log_interval"": 20, ""save_every"": 10, ""impute_missing"": true, ""common_encoder"": false, ""use_regret"": false, ""data_split_seed"": 1002}","{""num_groups"": 4, ""num_classes"": 2, ""train_total"": 522, ""test_total"": 185, ""train_group_counts"": [242, 235, 20, 25], ""test_group_counts"": [61, 59, 25, 40], ""train_class_counts"": [289, 233], ""test_class_counts"": [83, 102], ""train_group_class_counts"": [[131, 111], [150, 85], [2, 18], [6, 19]], ""test_group_class_counts"": [[33, 28], [38, 21], [2, 23], [10, 30]], ""group_proportions"": [0.46360153256704983, 0.4501915708812261, 0.038314176245210725, 0.04789272030651341]}","{""num_groups"": 4, ""eta"": 1.0, ""update_mode"": ""softmax"", ""robust_objective"": ""weighted"", ""gamma"": 0.9, ""kl_lambda"": 0.0, ""initial_pi"": [0.4636015295982361, 0.45019155740737915, 0.038314174860715866, 0.04789271950721741]}",2026-09-14T00:20:42.471518,28,0.23169607669115067,0.869140625,0.001,0.745945945945946,0.7450361211447625,0.6557377049180327,0.864406779661017,"[0.6557377049180327, 0.864406779661017, 0.76, 0.7]","[0.7593282687222035, 0.41482950460118384, 1.4275536740348616, 1.3157335566269466]","[0.7108433734939759, 0.7745098039215687]","[[0.696969696969697, 0.6071428571428571], [0.9210526315789473, 0.7619047619047619], [0.0, 0.8260869565217391], [0.1, 0.9]]","[61, 59, 25, 40]",0.7429416112342941,"[0.6523744911804614, 0.8487179487179488, 0.4318181818181818, 0.48051948051948057]",0.4318181818181818,1.4275536740348616,"[0.2496141642332077, 0.3128189146518707, 0.21856535971164703, 0.21900151669979095]","[0.28641320019960403, 0.37624049559235573, 0.051626411852339515, 0.09171734220217331]","[0.26920570991933346, 0.2955999244004488, 0.21332389116287231, 0.22187046334147453]","[0.4636015295982361, 0.45019155740737915, 0.038314174860715866, 0.04789271950721741]",0.0
"{""run_name"": ""fedheart_exp_paper_hetagg_gdro"", ""seed"": 42, ""run_dir"": ""runs/fedheart_cv_lam0.3/GroupDRO_s42_f2"", ""use_fedheart"": true, ""num_classes"": 2, ""stratified_batching"": true, ""train_frac"": 0.8, ""group_max_train_samples"": [null, null, 20, 25], ""true_hetero_input_dim"": true, ""feature_mask"": [[0, 1, 2, 3, 5, 6, 7, 8, 9, 10], [0, 1, 2, 3, 5, 6, 11, 12], [0, 1, 2, 4, 5, 7, 11, 12], [0, 1, 2, 4, 5, 6, 8, 9, 10]], ""batch_size"": 64, ""num_workers"": 0, ""epochs"": 100, ""early_stopping_patience"": 30, ""lr"": 0.001, ""weight_decay"": 0.0001, ""optimizer"": ""adam"", ""grad_clip"": 1.0, ""lr_scheduler"": ""cosine"", ""lr_min"": 1e-05, ""latent_dim"": 64, ""head_hidden"": 32, ""groups"": [{""name"": ""cleveland"", ""encoder"": ""mlp_tabular_ln"", ""input_dim"": 10, ""hidden_dim"": 64, ""dropout"": 0.1}, {""name"": ""hungarian"", ""encoder"": ""mlp_tabular_ln"", ""input_dim"": 8, ""hidden_dim"": 64, ""dropout"": 0.1}, {""name"": ""switzerland"", ""encoder"": ""mlp_tabular_ln"", ""input_dim"": 8, ""hidden_dim"": 64, ""dropout"": 0.1}, {""name"": ""va_long_beach"", ""encoder"": ""mlp_tabular_ln"", ""input_dim"": 9, ""hidden_dim"": 64, ""dropout"": 0.1}], ""anchor_eps"": 0.0001, ""sep_samples_per_class"": 4, ""sep_method"": ""classifier"", ""sep_margin"": 1.0, ""lambda_fit"": 0.001, ""lambda_sep"": 0.001, ""groupdro_enabled"": true, ""groupdro_eta"": 1.0, ""groupdro_gamma"": 0.9, ""groupdro_update_mode"": ""softmax"", ""groupdro_objective"": ""weighted"", ""groupdro_kl_lambda"": 0.0, ""groupdro_uniform_init"": true, ""log_interval"": 20, ""save_every"": 10, ""impute_missing"": true, ""common_encoder"": false, ""use_regret"": false, ""data_split_seed"": 1002}","{""num_groups"": 4, ""num_classes"": 2, ""train_total"": 522, ""test_total"": 185, ""train_group_counts"": [242, 235, 20, 25], ""test_group_counts"": [61, 59, 25, 40], ""train_class_counts"": [289, 233], ""test_class_counts"": [83, 102], ""train_group_class_counts"": [[131, 111], [150, 85], [2, 18], [6, 19]], ""test_group_class_counts"": [[33, 28], [38, 21], [2, 23], [10, 30]], ""group_proportions"": [0.46360153256704983, 0.4501915708812261, 0.038314176245210725, 0.04789272030651341]}","{""num_groups"": 4, ""eta"": 1.0, ""update_mode"": ""softmax"", ""robust_objective"": ""weighted"", ""gamma"": 0.9, ""kl_lambda"": 0.0, ""initial_pi"": [0.4636015295982361, 0.45019155740737915, 0.038314174860715866, 0.04789271950721741]}",2026-09-14T00:20:42.471518,29,0.21457460708916187,0.869140625,0.001,0.7675675675675676,0.7617074187274243,0.6885245901639344,0.8983050847457628,"[0.6885245901639344, 0.8983050847457628, 0.76, 0.7]","[0.7870562058152081, 0.4307254867576915, 1.433816689873347, 1.3597057683131424]","[0.7469879518072289, 0.7843137254901961]","[[0.7272727272727273, 0.6428571428571429], [0.9736842105263158, 0.7619047619047619], [0.0, 0.8260869565217391], [0.1, 0.9]]","[61, 59, 25, 40]",0.765346154980679,"[0.6854816824966079, 0.8835526315789474, 0.4318181818181818, 0.48051948051948057]",0.4318181818181818,1.433816689873347,"[0.23286399245262146, 0.24423697590827942, 0.18063852190971375, 0.342260479927063]","[0.23814467154443264, 0.35220781713724136, 0.0033231971592613263, 0.13398921545012854]","[0.26142588071525097, 0.29346634820103645, 0.20686370693147182, 0.23824407905340195]","[0.4636015295982361, 0.45019155740737915, 0.038314174860715866, 0.04789271950721741]",0.0
"{""run_name"": ""fedheart_exp_paper_hetagg_gdro"", ""seed"": 42, ""run_dir"": ""runs/fedheart_cv_lam0.3/GroupDRO_s42_f2"", ""use_fedheart"": true, ""num_classes"": 2, ""stratified_batching"": true, ""train_frac"": 0.8, ""group_max_train_samples"": [null, null, 20, 25], ""true_hetero_input_dim"": true, ""feature_mask"": [[0, 1, 2, 3, 5, 6, 7, 8, 9, 10], [0, 1, 2, 3, 5, 6, 11, 12], [0, 1, 2, 4, 5, 7, 11, 12], [0, 1, 2, 4, 5, 6, 8, 9, 10]], ""batch_size"": 64, ""num_workers"": 0, ""epochs"": 100, ""early_stopping_patience"": 30, ""lr"": 0.001, ""weight_decay"": 0.0001, ""optimizer"": ""adam"", ""grad_clip"": 1.0, ""lr_scheduler"": ""cosine"", ""lr_min"": 1e-05, ""latent_dim"": 64, ""head_hidden"": 32, ""groups"": [{""name"": ""cleveland"", ""encoder"": ""mlp_tabular_ln"", ""input_dim"": 10, ""hidden_dim"": 64, ""dropout"": 0.1}, {""name"": ""hungarian"", ""encoder"": ""mlp_tabular_ln"", ""input_dim"": 8, ""hidden_dim"": 64, ""dropout"": 0.1}, {""name"": ""switzerland"", ""encoder"": ""mlp_tabular_ln"", ""input_dim"": 8, ""hidden_dim"": 64, ""dropout"": 0.1}, {""name"": ""va_long_beach"", ""encoder"": ""mlp_tabular_ln"", ""input_dim"": 9, ""hidden_dim"": 64, ""dropout"": 0.1}], ""anchor_eps"": 0.0001, ""sep_samples_per_class"": 4, ""sep_method"": ""classifier"", ""sep_margin"": 1.0, ""lambda_fit"": 0.001, ""lambda_sep"": 0.001, ""groupdro_enabled"": true, ""groupdro_eta"": 1.0, ""groupdro_gamma"": 0.9, ""groupdro_update_mode"": ""softmax"", ""groupdro_objective"": ""weighted"", ""groupdro_kl_lambda"": 0.0, ""groupdro_uniform_init"": true, ""log_interval"": 20, ""save_every"": 10, ""impute_missing"": true, ""common_encoder"": false, ""use_regret"": false, ""data_split_seed"": 1002}","{""num_groups"": 4, ""num_classes"": 2, ""train_total"": 522, ""test_total"": 185, ""train_group_counts"": [242, 235, 20, 25], ""test_group_counts"": [61, 59, 25, 40], ""train_class_counts"": [289, 233], ""test_class_counts"": [83, 102], ""train_group_class_counts"": [[131, 111], [150, 85], [2, 18], [6, 19]], ""test_group_class_counts"": [[33, 28], [38, 21], [2, 23], [10, 30]], ""group_proportions"": [0.46360153256704983, 0.4501915708812261, 0.038314176245210725, 0.04789272030651341]}","{""num_groups"": 4, ""eta"": 1.0, ""update_mode"": ""softmax"", ""robust_objective"": ""weighted"", ""gamma"": 0.9, ""kl_lambda"": 0.0, ""initial_pi"": [0.4636015295982361, 0.45019155740737915, 0.038314174860715866, 0.04789271950721741]}",2026-09-14T00:20:42.471518,30,0.221962234005332,0.8515625,0.001,0.7513513513513513,0.7467049874965268,0.675,0.8305084745762712,"[0.7213114754098361, 0.8305084745762712, 0.76, 0.675]","[0.8032244081584141, 0.4496795415081147, 1.4405360357343306, 1.3400726667285199]","[0.7228915662650602, 0.7745098039215687]","[[0.7878787878787878, 0.6428571428571429], [0.868421052631579, 0.7619047619047619], [0.0, 0.8260869565217391], [0.1, 0.8666666666666667]]","[61, 59, 25, 40]",0.7487006850933144,"[0.7164342357123326, 0.8151629072681704, 0.4318181818181818, 0.4666666666666667]",0.4318181818181818,1.4405360357343306,"[0.2609858810901642, 0.24830517172813416, 0.19594646990299225, 0.2947624921798706]","[0.24092749878764153, 0.3752986490726471, 0.0036695800941970447, 0.17743878049077466]","[0.25692186690866947, 0.29522657580673695, 0.20226195082068443, 0.24558959156274796]","[0.4636015295982361, 0.45019155740737915, 0.038314174860715866, 0.04789271950721741]",0.0
"{""run_name"": ""fedheart_exp_paper_hetagg_gdro"", ""seed"": 42, ""run_dir"": ""runs/fedheart_cv_lam0.3/GroupDRO_s42_f2"", ""use_fedheart"": true, ""num_classes"": 2, ""stratified_batching"": true, ""train_frac"": 0.8, ""group_max_train_samples"": [null, null, 20, 25], ""true_hetero_input_dim"": true, ""feature_mask"": [[0, 1, 2, 3, 5, 6, 7, 8, 9, 10], [0, 1, 2, 3, 5, 6, 11, 12], [0, 1, 2, 4, 5, 7, 11, 12], [0, 1, 2, 4, 5, 6, 8, 9, 10]], ""batch_size"": 64, ""num_workers"": 0, ""epochs"": 100, ""early_stopping_patience"": 30, ""lr"": 0.001, ""weight_decay"": 0.0001, ""optimizer"": ""adam"", ""grad_clip"": 1.0, ""lr_scheduler"": ""cosine"", ""lr_min"": 1e-05, ""latent_dim"": 64, ""head_hidden"": 32, ""groups"": [{""name"": ""cleveland"", ""encoder"": ""mlp_tabular_ln"", ""input_dim"": 10, ""hidden_dim"": 64, ""dropout"": 0.1}, {""name"": ""hungarian"", ""encoder"": ""mlp_tabular_ln"", ""input_dim"": 8, ""hidden_dim"": 64, ""dropout"": 0.1}, {""name"": ""switzerland"", ""encoder"": ""mlp_tabular_ln"", ""input_dim"": 8, ""hidden_dim"": 64, ""dropout"": 0.1}, {""name"": ""va_long_beach"", ""encoder"": ""mlp_tabular_ln"", ""input_dim"": 9, ""hidden_dim"": 64, ""dropout"": 0.1}], ""anchor_eps"": 0.0001, ""sep_samples_per_class"": 4, ""sep_method"": ""classifier"", ""sep_margin"": 1.0, ""lambda_fit"": 0.001, ""lambda_sep"": 0.001, ""groupdro_enabled"": true, ""groupdro_eta"": 1.0, ""groupdro_gamma"": 0.9, ""groupdro_update_mode"": ""softmax"", ""groupdro_objective"": ""weighted"", ""groupdro_kl_lambda"": 0.0, ""groupdro_uniform_init"": true, ""log_interval"": 20, ""save_every"": 10, ""impute_missing"": true, ""common_encoder"": false, ""use_regret"": false, ""data_split_seed"": 1002}","{""num_groups"": 4, ""num_classes"": 2, ""train_total"": 522, ""test_total"": 185, ""train_group_counts"": [242, 235, 20, 25], ""test_group_counts"": [61, 59, 25, 40], ""train_class_counts"": [289, 233], ""test_class_counts"": [83, 102], ""train_group_class_counts"": [[131, 111], [150, 85], [2, 18], [6, 19]], ""test_group_class_counts"": [[33, 28], [38, 21], [2, 23], [10, 30]], ""group_proportions"": [0.46360153256704983, 0.4501915708812261, 0.038314176245210725, 0.04789272030651341]}","{""num_groups"": 4, ""eta"": 1.0, ""update_mode"": ""softmax"", ""robust_objective"": ""weighted"", ""gamma"": 0.9, ""kl_lambda"": 0.0, ""initial_pi"": [0.4636015295982361, 0.45019155740737915, 0.038314174860715866, 0.04789271950721741]}",2026-09-14T00:20:42.471518,31,0.2199754174798727,0.87890625,0.001,0.745945945945946,0.7427455543206446,0.675,0.847457627118644,"[0.6885245901639344, 0.847457627118644, 0.76, 0.675]","[0.8039697112771301, 0.44638880052982627, 1.4586036381889427, 1.3784631370210263]","[0.7108433734939759, 0.7745098039215687]","[[0.7272727272727273, 0.6428571428571429], [0.8947368421052632, 0.7619047619047619], [0.0, 0.8260869565217391], [0.1, 0.8666666666666667]]","[61, 59, 25, 40]",0.7429416112342941,"[0.6854816824966079, 0.831802343997466, 0.4318181818181818, 0.4666666666666667]",0.4318181818181818,1.4586036381889427,"[0.2786473333835602, 0.296086847782135, 0.21148864924907684, 0.21377716958522797]","[0.21570709347724915, 0.35489901900291443, 0.003178929764203531, 0.19673058699117973]","[0.25307956524193287, 0.2906566858291626, 0.20436597429215908, 0.25189777463674545]","[0.4636015295982361, 0.45019155740737915, 0.038314174860715866, 0.04789271950721741]",0.0
