config,dataset_info,groupdro_config,start_time,epoch,train_loss,train_acc,learning_rate,test_overall_acc,test_balanced_acc,test_worst_group_acc,test_best_group_acc,test_per_group_acc,test_per_group_loss,test_per_class_acc,test_per_group_per_class_acc,test_per_group_counts,test_overall_macro_f1,test_per_group_f1,test_worst_group_f1,test_worst_group_loss,val_overall_acc,val_balanced_acc,val_worst_group_acc,val_best_group_acc,val_per_group_acc,val_per_group_loss,val_per_class_acc,val_per_group_per_class_acc,val_per_group_counts,val_overall_macro_f1,val_per_group_f1,val_worst_group_f1,val_worst_group_loss,groupdro_weights,train_per_group_loss,groupdro_weights_mean,groupdro_pi,groupdro_kl_penalty
"{""run_name"": ""fedheart_exp_paper_hetagg_gdro"", ""seed"": 55, ""run_dir"": ""runs/fedheart_uncapped/Ours_Regret_s55_f0"", ""use_fedheart"": true, ""num_classes"": 2, ""stratified_batching"": true, ""train_frac"": 0.8, ""group_max_train_samples"": null, ""true_hetero_input_dim"": true, ""feature_mask"": [[0, 1, 2, 3, 5, 6, 7, 8, 9, 10], [0, 1, 2, 3, 5, 6, 11, 12], [0, 1, 2, 4, 5, 7, 11, 12], [0, 1, 2, 4, 5, 6, 8, 9, 10]], ""batch_size"": 64, ""num_workers"": 0, ""epochs"": 100, ""early_stopping_patience"": 30, ""lr"": 0.001, ""weight_decay"": 0.0001, ""optimizer"": ""adam"", ""grad_clip"": 1.0, ""lr_scheduler"": ""cosine"", ""lr_min"": 1e-05, ""latent_dim"": 64, ""head_hidden"": 32, ""groups"": [{""name"": ""cleveland"", ""encoder"": ""mlp_tabular_ln"", ""input_dim"": 10, ""hidden_dim"": 64, ""dropout"": 0.1}, {""name"": ""hungarian"", ""encoder"": ""mlp_tabular_ln"", ""input_dim"": 8, ""hidden_dim"": 64, ""dropout"": 0.1}, {""name"": ""switzerland"", ""encoder"": ""mlp_tabular_ln"", ""input_dim"": 8, ""hidden_dim"": 64, ""dropout"": 0.1}, {""name"": ""va_long_beach"", ""encoder"": ""mlp_tabular_ln"", ""input_dim"": 9, ""hidden_dim"": 64, ""dropout"": 0.1}], ""anchor_eps"": 0.0001, ""sep_samples_per_class"": 4, ""sep_method"": ""classifier"", ""sep_margin"": 1.0, ""lambda_fit"": 0.1, ""lambda_sep"": 0.1, ""groupdro_enabled"": true, ""groupdro_eta"": 0.02, ""groupdro_gamma"": 0.9, ""groupdro_update_mode"": ""exp"", ""groupdro_objective"": ""weighted"", ""groupdro_kl_lambda"": 0.0, ""groupdro_uniform_init"": false, ""log_interval"": 20, ""save_every"": 10, ""groupdro_ema_decay"": 0.9, ""groupdro_update_every"": 1, ""dro_signal"": ""val"", ""val_frac"": 0.15, ""impute_missing"": true, ""common_encoder"": false, ""use_regret"": true, ""optimal_losses"": [0.468332, 0.498132, 0.341179, 0.597641], ""data_split_seed"": 1000}","{""num_groups"": 4, ""num_classes"": 2, ""train_total"": 623, ""test_total"": 185, ""train_group_counts"": [205, 199, 83, 136], ""test_group_counts"": [61, 59, 25, 40], ""train_class_counts"": [278, 345], ""test_class_counts"": [83, 102], ""train_group_class_counts"": [[111, 94], [127, 72], [5, 78], [35, 101]], ""test_group_class_counts"": [[33, 28], [38, 21], [2, 23], [10, 30]], ""group_proportions"": [0.3290529695024077, 0.31942215088282505, 0.1332263242375602, 0.21829855537720708], ""val_group_counts"": [37, 36, 15, 24], ""val_total"": 112}","{""num_groups"": 4, ""eta"": 0.02, ""update_mode"": ""exp"", ""robust_objective"": ""weighted"", ""gamma"": 0.9, ""kl_lambda"": 0.0, ""initial_pi"": [0.32905295491218567, 0.3194221556186676, 0.13322632014751434, 0.2182985544204712]}",2026-09-16T04:21:10.904969,1,3.3347227573394775,0.5451388888888888,0.001,0.6486486486486487,0.6611284384551265,0.6101694915254238,0.72,"[0.639344262295082, 0.6101694915254238, 0.72, 0.675]","[0.6706964832837464, 0.6756370906102456, 0.6547620844841003, 0.651005157828331]","[0.7951807228915663, 0.5294117647058824]","[[0.9090909090909091, 0.32142857142857145], [0.868421052631579, 0.14285714285714285], [0.5, 0.7391304347826086], [0.2, 0.8333333333333334]]","[61, 59, 25, 40]",0.6471641090343593,"[0.5908536585365854, 0.47423479271600155, 0.5257452574525746, 0.5144724556489263]",0.47423479271600155,0.6756370906102456,0.6785714285714286,0.6558558558558558,0.5333333333333333,0.7567567567567568,"[0.7567567567567568, 0.6666666666666666, 0.5333333333333333, 0.6666666666666666]","[0.6596256325373778, 0.6693101781937811, 0.6760127067565918, 0.6611171364784241]","[0.88, 0.5161290322580645]","[[0.9, 0.5882352941176471], [1.0, 0.07692307692307693], [0.0, 0.5714285714285714], [0.5, 0.7222222222222222]]","[37, 36, 15, 24]",0.6748387096774193,"[0.7448275862068965, 0.4679802955665025, 0.34782608695652173, 0.5966386554621849]",0.34782608695652173,0.6760127067565918,"[0.3290629982948303, 0.3194190561771393, 0.13326863944530487, 0.21824941039085388]","[0.700879262553321, 0.6795258455806308, 0.7244007587432861, 0.681401875283983]","[0.32905295491218567, 0.3194221556186676, 0.13322632014751434, 0.2182985544204712]","[0.32905295491218567, 0.3194221556186676, 0.13322632014751434, 0.2182985544204712]",0.0
"{""run_name"": ""fedheart_exp_paper_hetagg_gdro"", ""seed"": 55, ""run_dir"": ""runs/fedheart_uncapped/Ours_Regret_s55_f0"", ""use_fedheart"": true, ""num_classes"": 2, ""stratified_batching"": true, ""train_frac"": 0.8, ""group_max_train_samples"": null, ""true_hetero_input_dim"": true, ""feature_mask"": [[0, 1, 2, 3, 5, 6, 7, 8, 9, 10], [0, 1, 2, 3, 5, 6, 11, 12], [0, 1, 2, 4, 5, 7, 11, 12], [0, 1, 2, 4, 5, 6, 8, 9, 10]], ""batch_size"": 64, ""num_workers"": 0, ""epochs"": 100, ""early_stopping_patience"": 30, ""lr"": 0.001, ""weight_decay"": 0.0001, ""optimizer"": ""adam"", ""grad_clip"": 1.0, ""lr_scheduler"": ""cosine"", ""lr_min"": 1e-05, ""latent_dim"": 64, ""head_hidden"": 32, ""groups"": [{""name"": ""cleveland"", ""encoder"": ""mlp_tabular_ln"", ""input_dim"": 10, ""hidden_dim"": 64, ""dropout"": 0.1}, {""name"": ""hungarian"", ""encoder"": ""mlp_tabular_ln"", ""input_dim"": 8, ""hidden_dim"": 64, ""dropout"": 0.1}, {""name"": ""switzerland"", ""encoder"": ""mlp_tabular_ln"", ""input_dim"": 8, ""hidden_dim"": 64, ""dropout"": 0.1}, {""name"": ""va_long_beach"", ""encoder"": ""mlp_tabular_ln"", ""input_dim"": 9, ""hidden_dim"": 64, ""dropout"": 0.1}], ""anchor_eps"": 0.0001, ""sep_samples_per_class"": 4, ""sep_method"": ""classifier"", ""sep_margin"": 1.0, ""lambda_fit"": 0.1, ""lambda_sep"": 0.1, ""groupdro_enabled"": true, ""groupdro_eta"": 0.02, ""groupdro_gamma"": 0.9, ""groupdro_update_mode"": ""exp"", ""groupdro_objective"": ""weighted"", ""groupdro_kl_lambda"": 0.0, ""groupdro_uniform_init"": false, ""log_interval"": 20, ""save_every"": 10, ""groupdro_ema_decay"": 0.9, ""groupdro_update_every"": 1, ""dro_signal"": ""val"", ""val_frac"": 0.15, ""impute_missing"": true, ""common_encoder"": false, ""use_regret"": true, ""optimal_losses"": [0.468332, 0.498132, 0.341179, 0.597641], ""data_split_seed"": 1000}","{""num_groups"": 4, ""num_classes"": 2, ""train_total"": 623, ""test_total"": 185, ""train_group_counts"": [205, 199, 83, 136], ""test_group_counts"": [61, 59, 25, 40], ""train_class_counts"": [278, 345], ""test_class_counts"": [83, 102], ""train_group_class_counts"": [[111, 94], [127, 72], [5, 78], [35, 101]], ""test_group_class_counts"": [[33, 28], [38, 21], [2, 23], [10, 30]], ""group_proportions"": [0.3290529695024077, 0.31942215088282505, 0.1332263242375602, 0.21829855537720708], ""val_group_counts"": [37, 36, 15, 24], ""val_total"": 112}","{""num_groups"": 4, ""eta"": 0.02, ""update_mode"": ""exp"", ""robust_objective"": ""weighted"", ""gamma"": 0.9, ""kl_lambda"": 0.0, ""initial_pi"": [0.32905295491218567, 0.3194221556186676, 0.13322632014751434, 0.2182985544204712]}",2026-09-16T04:21:10.904969,2,2.075534462928772,0.6458333333333334,0.001,0.6918918918918919,0.7179386635176438,0.6557377049180327,0.88,"[0.6557377049180327, 0.6610169491525424, 0.88, 0.675]","[0.663145688713574, 0.6740241252769859, 0.6211131656169891, 0.6420833870768548]","[0.7108433734939759, 0.6764705882352942]","[[0.7878787878787878, 0.5], [0.7894736842105263, 0.42857142857142855], [0.5, 0.9130434782608695], [0.2, 0.8333333333333334]]","[61, 59, 25, 40]",0.690989010989011,"[0.6418786692759295, 0.611842105263158, 0.6666666666666666, 0.5144724556489263]",0.5144724556489263,0.6740241252769859,0.7410714285714286,0.7603978978978979,0.7027027027027027,0.8666666666666667,"[0.7027027027027027, 0.7222222222222222, 0.8666666666666667, 0.75]","[0.6587107052674165, 0.6559386741783884, 0.6470679998397827, 0.6452346866329511]","[0.8, 0.6935483870967742]","[[0.7, 0.7058823529411765], [0.9565217391304348, 0.3076923076923077], [0.0, 0.9285714285714286], [0.6666666666666666, 0.7777777777777778]]","[37, 36, 15, 24]",0.7408855205424811,"[0.7018315018315018, 0.6296296296296297, 0.4642857142857143, 0.6974789915966387]",0.4642857142857143,0.6587107052674165,"[0.3290891647338867, 0.31941208243370056, 0.13334447145462036, 0.21815425157546997]","[0.6680092083083259, 0.6450182133250766, 0.6496420237753127, 0.6588418086369833]","[0.3290629982948303, 0.3194190561771393, 0.13326863944530487, 0.21824941039085388]","[0.32905295491218567, 0.3194221556186676, 0.13322632014751434, 0.2182985544204712]",0.0
"{""run_name"": ""fedheart_exp_paper_hetagg_gdro"", ""seed"": 55, ""run_dir"": ""runs/fedheart_uncapped/Ours_Regret_s55_f0"", ""use_fedheart"": true, ""num_classes"": 2, ""stratified_batching"": true, ""train_frac"": 0.8, ""group_max_train_samples"": null, ""true_hetero_input_dim"": true, ""feature_mask"": [[0, 1, 2, 3, 5, 6, 7, 8, 9, 10], [0, 1, 2, 3, 5, 6, 11, 12], [0, 1, 2, 4, 5, 7, 11, 12], [0, 1, 2, 4, 5, 6, 8, 9, 10]], ""batch_size"": 64, ""num_workers"": 0, ""epochs"": 100, ""early_stopping_patience"": 30, ""lr"": 0.001, ""weight_decay"": 0.0001, ""optimizer"": ""adam"", ""grad_clip"": 1.0, ""lr_scheduler"": ""cosine"", ""lr_min"": 1e-05, ""latent_dim"": 64, ""head_hidden"": 32, ""groups"": [{""name"": ""cleveland"", ""encoder"": ""mlp_tabular_ln"", ""input_dim"": 10, ""hidden_dim"": 64, ""dropout"": 0.1}, {""name"": ""hungarian"", ""encoder"": ""mlp_tabular_ln"", ""input_dim"": 8, ""hidden_dim"": 64, ""dropout"": 0.1}, {""name"": ""switzerland"", ""encoder"": ""mlp_tabular_ln"", ""input_dim"": 8, ""hidden_dim"": 64, ""dropout"": 0.1}, {""name"": ""va_long_beach"", ""encoder"": ""mlp_tabular_ln"", ""input_dim"": 9, ""hidden_dim"": 64, ""dropout"": 0.1}], ""anchor_eps"": 0.0001, ""sep_samples_per_class"": 4, ""sep_method"": ""classifier"", ""sep_margin"": 1.0, ""lambda_fit"": 0.1, ""lambda_sep"": 0.1, ""groupdro_enabled"": true, ""groupdro_eta"": 0.02, ""groupdro_gamma"": 0.9, ""groupdro_update_mode"": ""exp"", ""groupdro_objective"": ""weighted"", ""groupdro_kl_lambda"": 0.0, ""groupdro_uniform_init"": false, ""log_interval"": 20, ""save_every"": 10, ""groupdro_ema_decay"": 0.9, ""groupdro_update_every"": 1, ""dro_signal"": ""val"", ""val_frac"": 0.15, ""impute_missing"": true, ""common_encoder"": false, ""use_regret"": true, ""optimal_losses"": [0.468332, 0.498132, 0.341179, 0.597641], ""data_split_seed"": 1000}","{""num_groups"": 4, ""num_classes"": 2, ""train_total"": 623, ""test_total"": 185, ""train_group_counts"": [205, 199, 83, 136], ""test_group_counts"": [61, 59, 25, 40], ""train_class_counts"": [278, 345], ""test_class_counts"": [83, 102], ""train_group_class_counts"": [[111, 94], [127, 72], [5, 78], [35, 101]], ""test_group_class_counts"": [[33, 28], [38, 21], [2, 23], [10, 30]], ""group_proportions"": [0.3290529695024077, 0.31942215088282505, 0.1332263242375602, 0.21829855537720708], ""val_group_counts"": [37, 36, 15, 24], ""val_total"": 112}","{""num_groups"": 4, ""eta"": 0.02, ""update_mode"": ""exp"", ""robust_objective"": ""weighted"", ""gamma"": 0.9, ""kl_lambda"": 0.0, ""initial_pi"": [0.32905295491218567, 0.3194221556186676, 0.13322632014751434, 0.2182985544204712]}",2026-09-16T04:21:10.904969,3,1.5325737926695082,0.6475694444444444,0.001,0.7243243243243244,0.7505821061405946,0.6610169491525424,0.92,"[0.7213114754098361, 0.6610169491525424, 0.92, 0.7]","[0.6547704255971752, 0.6626370720944162, 0.5828009819984437, 0.6329417318105698]","[0.7349397590361446, 0.7156862745098039]","[[0.8484848484848485, 0.5714285714285714], [0.7894736842105263, 0.42857142857142855], [0.0, 1.0], [0.3, 0.8333333333333334]]","[61, 59, 25, 40]",0.723159531703882,"[0.7100922560805143, 0.611842105263158, 0.4791666666666667, 0.5698924731182795]",0.4791666666666667,0.6626370720944162,0.7857142857142857,0.804466966966967,0.75,0.9333333333333333,"[0.7567567567567568, 0.7777777777777778, 0.9333333333333333, 0.75]","[0.6545237600803375, 0.6386050432920456, 0.6084644695123037, 0.6309991627931595]","[0.8, 0.7741935483870968]","[[0.75, 0.7647058823529411], [0.9130434782608695, 0.5384615384615384], [0.0, 1.0], [0.6666666666666666, 0.7777777777777778]]","[37, 36, 15, 24]",0.7846153846153845,"[0.756043956043956, 0.7381818181818182, 0.4827586206896552, 0.6974789915966387]",0.4827586206896552,0.6545237600803375,"[0.3291371464729309, 0.3194003403186798, 0.13344430923461914, 0.21801818907260895]","[0.669081469376882, 0.6722364359431796, 0.6300498776965671, 0.648194882604811]","[0.3290891647338867, 0.31941208243370056, 0.13334447145462036, 0.21815425157546997]","[0.32905295491218567, 0.3194221556186676, 0.13322632014751434, 0.2182985544204712]",0.0
"{""run_name"": ""fedheart_exp_paper_hetagg_gdro"", ""seed"": 55, ""run_dir"": ""runs/fedheart_uncapped/Ours_Regret_s55_f0"", ""use_fedheart"": true, ""num_classes"": 2, ""stratified_batching"": true, ""train_frac"": 0.8, ""group_max_train_samples"": null, ""true_hetero_input_dim"": true, ""feature_mask"": [[0, 1, 2, 3, 5, 6, 7, 8, 9, 10], [0, 1, 2, 3, 5, 6, 11, 12], [0, 1, 2, 4, 5, 7, 11, 12], [0, 1, 2, 4, 5, 6, 8, 9, 10]], ""batch_size"": 64, ""num_workers"": 0, ""epochs"": 100, ""early_stopping_patience"": 30, ""lr"": 0.001, ""weight_decay"": 0.0001, ""optimizer"": ""adam"", ""grad_clip"": 1.0, ""lr_scheduler"": ""cosine"", ""lr_min"": 1e-05, ""latent_dim"": 64, ""head_hidden"": 32, ""groups"": [{""name"": ""cleveland"", ""encoder"": ""mlp_tabular_ln"", ""input_dim"": 10, ""hidden_dim"": 64, ""dropout"": 0.1}, {""name"": ""hungarian"", ""encoder"": ""mlp_tabular_ln"", ""input_dim"": 8, ""hidden_dim"": 64, ""dropout"": 0.1}, {""name"": ""switzerland"", ""encoder"": ""mlp_tabular_ln"", ""input_dim"": 8, ""hidden_dim"": 64, ""dropout"": 0.1}, {""name"": ""va_long_beach"", ""encoder"": ""mlp_tabular_ln"", ""input_dim"": 9, ""hidden_dim"": 64, ""dropout"": 0.1}], ""anchor_eps"": 0.0001, ""sep_samples_per_class"": 4, ""sep_method"": ""classifier"", ""sep_margin"": 1.0, ""lambda_fit"": 0.1, ""lambda_sep"": 0.1, ""groupdro_enabled"": true, ""groupdro_eta"": 0.02, ""groupdro_gamma"": 0.9, ""groupdro_update_mode"": ""exp"", ""groupdro_objective"": ""weighted"", ""groupdro_kl_lambda"": 0.0, ""groupdro_uniform_init"": false, ""log_interval"": 20, ""save_every"": 10, ""groupdro_ema_decay"": 0.9, ""groupdro_update_every"": 1, ""dro_signal"": ""val"", ""val_frac"": 0.15, ""impute_missing"": true, ""common_encoder"": false, ""use_regret"": true, ""optimal_losses"": [0.468332, 0.498132, 0.341179, 0.597641], ""data_split_seed"": 1000}","{""num_groups"": 4, ""num_classes"": 2, ""train_total"": 623, ""test_total"": 185, ""train_group_counts"": [205, 199, 83, 136], ""test_group_counts"": [61, 59, 25, 40], ""train_class_counts"": [278, 345], ""test_class_counts"": [83, 102], ""train_group_class_counts"": [[111, 94], [127, 72], [5, 78], [35, 101]], ""test_group_class_counts"": [[33, 28], [38, 21], [2, 23], [10, 30]], ""group_proportions"": [0.3290529695024077, 0.31942215088282505, 0.1332263242375602, 0.21829855537720708], ""val_group_counts"": [37, 36, 15, 24], ""val_total"": 112}","{""num_groups"": 4, ""eta"": 0.02, ""update_mode"": ""exp"", ""robust_objective"": ""weighted"", ""gamma"": 0.9, ""kl_lambda"": 0.0, ""initial_pi"": [0.32905295491218567, 0.3194221556186676, 0.13322632014751434, 0.2182985544204712]}",2026-09-16T04:21:10.904969,4,1.2348298629124959,0.7152777777777778,0.001,0.745945945945946,0.767392331203112,0.7,0.92,"[0.7377049180327869, 0.711864406779661, 0.92, 0.7]","[0.634530600465712, 0.6460842187121764, 0.5163191640377045, 0.6076804094016552]","[0.7469879518072289, 0.7450980392156863]","[[0.8484848484848485, 0.6071428571428571], [0.868421052631579, 0.42857142857142855], [0.0, 1.0], [0.1, 0.9]]","[61, 59, 25, 40]",0.7444826471538982,"[0.7288888888888889, 0.6547332185886403, 0.4791666666666667, 0.48051948051948057]",0.4791666666666667,0.6460842187121764,0.7946428571428571,0.8042792792792792,0.6666666666666666,0.9333333333333333,"[0.7837837837837838, 0.8333333333333334, 0.9333333333333333, 0.6666666666666666]","[0.6353891226085456, 0.6164321228861809, 0.5406279563903809, 0.596370833615462]","[0.76, 0.8225806451612904]","[[0.75, 0.8235294117647058], [0.9565217391304348, 0.6153846153846154], [0.0, 1.0], [0.16666666666666666, 0.8333333333333334]]","[37, 36, 15, 24]",0.7918383838383838,"[0.783625730994152, 0.8036363636363637, 0.4827586206896552, 0.49473684210526314]",0.4827586206896552,0.6353891226085456,"[0.32921186089515686, 0.31938913464546204, 0.13355565071105957, 0.21784329414367676]","[0.6605814231766595, 0.6443599661191305, 0.5585308273633321, 0.6295573512713114]","[0.3291371464729309, 0.3194003403186798, 0.13344430923461914, 0.21801818907260895]","[0.32905295491218567, 0.3194221556186676, 0.13322632014751434, 0.2182985544204712]",0.0
"{""run_name"": ""fedheart_exp_paper_hetagg_gdro"", ""seed"": 55, ""run_dir"": ""runs/fedheart_uncapped/Ours_Regret_s55_f0"", ""use_fedheart"": true, ""num_classes"": 2, ""stratified_batching"": true, ""train_frac"": 0.8, ""group_max_train_samples"": null, ""true_hetero_input_dim"": true, ""feature_mask"": [[0, 1, 2, 3, 5, 6, 7, 8, 9, 10], [0, 1, 2, 3, 5, 6, 11, 12], [0, 1, 2, 4, 5, 7, 11, 12], [0, 1, 2, 4, 5, 6, 8, 9, 10]], ""batch_size"": 64, ""num_workers"": 0, ""epochs"": 100, ""early_stopping_patience"": 30, ""lr"": 0.001, ""weight_decay"": 0.0001, ""optimizer"": ""adam"", ""grad_clip"": 1.0, ""lr_scheduler"": ""cosine"", ""lr_min"": 1e-05, ""latent_dim"": 64, ""head_hidden"": 32, ""groups"": [{""name"": ""cleveland"", ""encoder"": ""mlp_tabular_ln"", ""input_dim"": 10, ""hidden_dim"": 64, ""dropout"": 0.1}, {""name"": ""hungarian"", ""encoder"": ""mlp_tabular_ln"", ""input_dim"": 8, ""hidden_dim"": 64, ""dropout"": 0.1}, {""name"": ""switzerland"", ""encoder"": ""mlp_tabular_ln"", ""input_dim"": 8, ""hidden_dim"": 64, ""dropout"": 0.1}, {""name"": ""va_long_beach"", ""encoder"": ""mlp_tabular_ln"", ""input_dim"": 9, ""hidden_dim"": 64, ""dropout"": 0.1}], ""anchor_eps"": 0.0001, ""sep_samples_per_class"": 4, ""sep_method"": ""classifier"", ""sep_margin"": 1.0, ""lambda_fit"": 0.1, ""lambda_sep"": 0.1, ""groupdro_enabled"": true, ""groupdro_eta"": 0.02, ""groupdro_gamma"": 0.9, ""groupdro_update_mode"": ""exp"", ""groupdro_objective"": ""weighted"", ""groupdro_kl_lambda"": 0.0, ""groupdro_uniform_init"": false, ""log_interval"": 20, ""save_every"": 10, ""groupdro_ema_decay"": 0.9, ""groupdro_update_every"": 1, ""dro_signal"": ""val"", ""val_frac"": 0.15, ""impute_missing"": true, ""common_encoder"": false, ""use_regret"": true, ""optimal_losses"": [0.468332, 0.498132, 0.341179, 0.597641], ""data_split_seed"": 1000}","{""num_groups"": 4, ""num_classes"": 2, ""train_total"": 623, ""test_total"": 185, ""train_group_counts"": [205, 199, 83, 136], ""test_group_counts"": [61, 59, 25, 40], ""train_class_counts"": [278, 345], ""test_class_counts"": [83, 102], ""train_group_class_counts"": [[111, 94], [127, 72], [5, 78], [35, 101]], ""test_group_class_counts"": [[33, 28], [38, 21], [2, 23], [10, 30]], ""group_proportions"": [0.3290529695024077, 0.31942215088282505, 0.1332263242375602, 0.21829855537720708], ""val_group_counts"": [37, 36, 15, 24], ""val_total"": 112}","{""num_groups"": 4, ""eta"": 0.02, ""update_mode"": ""exp"", ""robust_objective"": ""weighted"", ""gamma"": 0.9, ""kl_lambda"": 0.0, ""initial_pi"": [0.32905295491218567, 0.3194221556186676, 0.13322632014751434, 0.2182985544204712]}",2026-09-16T04:21:10.904969,5,1.0543660587734647,0.7760416666666666,0.001,0.7513513513513513,0.7714906918588497,0.7,0.92,"[0.7540983606557377, 0.711864406779661, 0.92, 0.7]","[0.6028346341164386, 0.6399418342921693, 0.42460098505020144, 0.5837658427655696]","[0.6987951807228916, 0.7941176470588235]","[[0.8181818181818182, 0.6785714285714286], [0.8157894736842105, 0.5238095238095238], [0.0, 1.0], [0.0, 0.9333333333333333]]","[61, 59, 25, 40]",0.7474477682811016,"[0.7497949138638228, 0.6744563453424214, 0.4791666666666667, 0.4117647058823529]",0.4117647058823529,0.6399418342921693,0.8125,0.8251126126126126,0.75,0.9333333333333333,"[0.7837837837837838, 0.8333333333333334, 0.9333333333333333, 0.75]","[0.5980285317511171, 0.599807427989112, 0.44493003288904825, 0.5560867264866829]","[0.74, 0.8709677419354839]","[[0.75, 0.8235294117647058], [0.9130434782608695, 0.6923076923076923], [0.0, 1.0], [0.16666666666666666, 0.9444444444444444]]","[37, 36, 15, 24]",0.808078335373317,"[0.783625730994152, 0.8125, 0.4827586206896552, 0.55]",0.4827586206896552,0.599807427989112,"[0.3293117880821228, 0.3193928599357605, 0.13366226851940155, 0.21763306856155396]","[0.6179629630512662, 0.63008052110672, 0.48862724834018284, 0.5961574779616462]","[0.32921186089515686, 0.31938913464546204, 0.13355565071105957, 0.21784329414367676]","[0.32905295491218567, 0.3194221556186676, 0.13322632014751434, 0.2182985544204712]",0.0
"{""run_name"": ""fedheart_exp_paper_hetagg_gdro"", ""seed"": 55, ""run_dir"": ""runs/fedheart_uncapped/Ours_Regret_s55_f0"", ""use_fedheart"": true, ""num_classes"": 2, ""stratified_batching"": true, ""train_frac"": 0.8, ""group_max_train_samples"": null, ""true_hetero_input_dim"": true, ""feature_mask"": [[0, 1, 2, 3, 5, 6, 7, 8, 9, 10], [0, 1, 2, 3, 5, 6, 11, 12], [0, 1, 2, 4, 5, 7, 11, 12], [0, 1, 2, 4, 5, 6, 8, 9, 10]], ""batch_size"": 64, ""num_workers"": 0, ""epochs"": 100, ""early_stopping_patience"": 30, ""lr"": 0.001, ""weight_decay"": 0.0001, ""optimizer"": ""adam"", ""grad_clip"": 1.0, ""lr_scheduler"": ""cosine"", ""lr_min"": 1e-05, ""latent_dim"": 64, ""head_hidden"": 32, ""groups"": [{""name"": ""cleveland"", ""encoder"": ""mlp_tabular_ln"", ""input_dim"": 10, ""hidden_dim"": 64, ""dropout"": 0.1}, {""name"": ""hungarian"", ""encoder"": ""mlp_tabular_ln"", ""input_dim"": 8, ""hidden_dim"": 64, ""dropout"": 0.1}, {""name"": ""switzerland"", ""encoder"": ""mlp_tabular_ln"", ""input_dim"": 8, ""hidden_dim"": 64, ""dropout"": 0.1}, {""name"": ""va_long_beach"", ""encoder"": ""mlp_tabular_ln"", ""input_dim"": 9, ""hidden_dim"": 64, ""dropout"": 0.1}], ""anchor_eps"": 0.0001, ""sep_samples_per_class"": 4, ""sep_method"": ""classifier"", ""sep_margin"": 1.0, ""lambda_fit"": 0.1, ""lambda_sep"": 0.1, ""groupdro_enabled"": true, ""groupdro_eta"": 0.02, ""groupdro_gamma"": 0.9, ""groupdro_update_mode"": ""exp"", ""groupdro_objective"": ""weighted"", ""groupdro_kl_lambda"": 0.0, ""groupdro_uniform_init"": false, ""log_interval"": 20, ""save_every"": 10, ""groupdro_ema_decay"": 0.9, ""groupdro_update_every"": 1, ""dro_signal"": ""val"", ""val_frac"": 0.15, ""impute_missing"": true, ""common_encoder"": false, ""use_regret"": true, ""optimal_losses"": [0.468332, 0.498132, 0.341179, 0.597641], ""data_split_seed"": 1000}","{""num_groups"": 4, ""num_classes"": 2, ""train_total"": 623, ""test_total"": 185, ""train_group_counts"": [205, 199, 83, 136], ""test_group_counts"": [61, 59, 25, 40], ""train_class_counts"": [278, 345], ""test_class_counts"": [83, 102], ""train_group_class_counts"": [[111, 94], [127, 72], [5, 78], [35, 101]], ""test_group_class_counts"": [[33, 28], [38, 21], [2, 23], [10, 30]], ""group_proportions"": [0.3290529695024077, 0.31942215088282505, 0.1332263242375602, 0.21829855537720708], ""val_group_counts"": [37, 36, 15, 24], ""val_total"": 112}","{""num_groups"": 4, ""eta"": 0.02, ""update_mode"": ""exp"", ""robust_objective"": ""weighted"", ""gamma"": 0.9, ""kl_lambda"": 0.0, ""initial_pi"": [0.32905295491218567, 0.3194221556186676, 0.13322632014751434, 0.2182985544204712]}",2026-09-16T04:21:10.904969,6,0.9537255499098036,0.7708333333333334,0.001,0.7783783783783784,0.7922603500972493,0.7,0.92,"[0.8032786885245902, 0.7457627118644068, 0.92, 0.7]","[0.5695654407876437, 0.620937331753262, 0.37019748747348785, 0.5687916234135628]","[0.7349397590361446, 0.8137254901960784]","[[0.8484848484848485, 0.75], [0.868421052631579, 0.5238095238095238], [0.0, 1.0], [0.0, 0.9333333333333333]]","[61, 59, 25, 40]",0.775199312409235,"[0.8006535947712419, 0.7047047047047047, 0.4791666666666667, 0.4117647058823529]",0.4117647058823529,0.620937331753262,0.8214285714285714,0.8355292792792792,0.7837837837837838,0.9333333333333333,"[0.7837837837837838, 0.8333333333333334, 0.9333333333333333, 0.7916666666666666]","[0.5552409371814212, 0.5635999333527353, 0.38557644983132683, 0.5255864498515924]","[0.74, 0.8870967741935484]","[[0.75, 0.8235294117647058], [0.9130434782608695, 0.6923076923076923], [0.0, 1.0], [0.16666666666666666, 1.0]]","[37, 36, 15, 24]",0.8166939443535188,"[0.783625730994152, 0.8125, 0.4827586206896552, 0.5818815331010454]",0.4827586206896552,0.5635999333527353,"[0.32943016290664673, 0.3194100856781006, 0.13375847041606903, 0.21740128099918365]","[0.6201634671952989, 0.6195721957418654, 0.399842682811949, 0.5518699089686075]","[0.3293117880821228, 0.3193928599357605, 0.13366226851940155, 0.21763306856155396]","[0.32905295491218567, 0.3194221556186676, 0.13322632014751434, 0.2182985544204712]",0.0
"{""run_name"": ""fedheart_exp_paper_hetagg_gdro"", ""seed"": 55, ""run_dir"": ""runs/fedheart_uncapped/Ours_Regret_s55_f0"", ""use_fedheart"": true, ""num_classes"": 2, ""stratified_batching"": true, ""train_frac"": 0.8, ""group_max_train_samples"": null, ""true_hetero_input_dim"": true, ""feature_mask"": [[0, 1, 2, 3, 5, 6, 7, 8, 9, 10], [0, 1, 2, 3, 5, 6, 11, 12], [0, 1, 2, 4, 5, 7, 11, 12], [0, 1, 2, 4, 5, 6, 8, 9, 10]], ""batch_size"": 64, ""num_workers"": 0, ""epochs"": 100, ""early_stopping_patience"": 30, ""lr"": 0.001, ""weight_decay"": 0.0001, ""optimizer"": ""adam"", ""grad_clip"": 1.0, ""lr_scheduler"": ""cosine"", ""lr_min"": 1e-05, ""latent_dim"": 64, ""head_hidden"": 32, ""groups"": [{""name"": ""cleveland"", ""encoder"": ""mlp_tabular_ln"", ""input_dim"": 10, ""hidden_dim"": 64, ""dropout"": 0.1}, {""name"": ""hungarian"", ""encoder"": ""mlp_tabular_ln"", ""input_dim"": 8, ""hidden_dim"": 64, ""dropout"": 0.1}, {""name"": ""switzerland"", ""encoder"": ""mlp_tabular_ln"", ""input_dim"": 8, ""hidden_dim"": 64, ""dropout"": 0.1}, {""name"": ""va_long_beach"", ""encoder"": ""mlp_tabular_ln"", ""input_dim"": 9, ""hidden_dim"": 64, ""dropout"": 0.1}], ""anchor_eps"": 0.0001, ""sep_samples_per_class"": 4, ""sep_method"": ""classifier"", ""sep_margin"": 1.0, ""lambda_fit"": 0.1, ""lambda_sep"": 0.1, ""groupdro_enabled"": true, ""groupdro_eta"": 0.02, ""groupdro_gamma"": 0.9, ""groupdro_update_mode"": ""exp"", ""groupdro_objective"": ""weighted"", ""groupdro_kl_lambda"": 0.0, ""groupdro_uniform_init"": false, ""log_interval"": 20, ""save_every"": 10, ""groupdro_ema_decay"": 0.9, ""groupdro_update_every"": 1, ""dro_signal"": ""val"", ""val_frac"": 0.15, ""impute_missing"": true, ""common_encoder"": false, ""use_regret"": true, ""optimal_losses"": [0.468332, 0.498132, 0.341179, 0.597641], ""data_split_seed"": 1000}","{""num_groups"": 4, ""num_classes"": 2, ""train_total"": 623, ""test_total"": 185, ""train_group_counts"": [205, 199, 83, 136], ""test_group_counts"": [61, 59, 25, 40], ""train_class_counts"": [278, 345], ""test_class_counts"": [83, 102], ""train_group_class_counts"": [[111, 94], [127, 72], [5, 78], [35, 101]], ""test_group_class_counts"": [[33, 28], [38, 21], [2, 23], [10, 30]], ""group_proportions"": [0.3290529695024077, 0.31942215088282505, 0.1332263242375602, 0.21829855537720708], ""val_group_counts"": [37, 36, 15, 24], ""val_total"": 112}","{""num_groups"": 4, ""eta"": 0.02, ""update_mode"": ""exp"", ""robust_objective"": ""weighted"", ""gamma"": 0.9, ""kl_lambda"": 0.0, ""initial_pi"": [0.32905295491218567, 0.3194221556186676, 0.13322632014751434, 0.2182985544204712]}",2026-09-16T04:21:10.904969,7,0.8470766213205125,0.7934027777777778,0.001,0.772972972972973,0.7862882050569603,0.675,0.92,"[0.7704918032786885, 0.7796610169491526, 0.92, 0.675]","[0.5343700837893565, 0.5937004958168935, 0.34363133847713473, 0.5620539125055075]","[0.7831325301204819, 0.7647058823529411]","[[0.9393939393939394, 0.5714285714285714], [0.8947368421052632, 0.5714285714285714], [0.0, 1.0], [0.0, 0.9]]","[61, 59, 25, 40]",0.7718463706835801,"[0.755720823798627, 0.7440774107440773, 0.4791666666666667, 0.4029850746268656]",0.4029850746268656,0.5937004958168935,0.8214285714285714,0.8320570570570571,0.75,0.9333333333333333,"[0.7837837837837838, 0.8611111111111112, 0.9333333333333333, 0.75]","[0.5081285802093712, 0.5084513227144877, 0.3526382833719254, 0.4929819889366627]","[0.78, 0.8548387096774194]","[[0.8, 0.7647058823529411], [0.9565217391304348, 0.6923076923076923], [0.0, 1.0], [0.16666666666666666, 0.9444444444444444]]","[37, 36, 15, 24]",0.81859410430839,"[0.7823529411764707, 0.8402839396628217, 0.4827586206896552, 0.55]",0.4827586206896552,0.5084513227144877,"[0.3295510411262512, 0.31942060589790344, 0.133843332529068, 0.21718499064445496]","[0.5646083421177335, 0.5710263947645823, 0.3544940882258945, 0.5159639219443003]","[0.32943016290664673, 0.3194100856781006, 0.13375847041606903, 0.21740128099918365]","[0.32905295491218567, 0.3194221556186676, 0.13322632014751434, 0.2182985544204712]",0.0
"{""run_name"": ""fedheart_exp_paper_hetagg_gdro"", ""seed"": 55, ""run_dir"": ""runs/fedheart_uncapped/Ours_Regret_s55_f0"", ""use_fedheart"": true, ""num_classes"": 2, ""stratified_batching"": true, ""train_frac"": 0.8, ""group_max_train_samples"": null, ""true_hetero_input_dim"": true, ""feature_mask"": [[0, 1, 2, 3, 5, 6, 7, 8, 9, 10], [0, 1, 2, 3, 5, 6, 11, 12], [0, 1, 2, 4, 5, 7, 11, 12], [0, 1, 2, 4, 5, 6, 8, 9, 10]], ""batch_size"": 64, ""num_workers"": 0, ""epochs"": 100, ""early_stopping_patience"": 30, ""lr"": 0.001, ""weight_decay"": 0.0001, ""optimizer"": ""adam"", ""grad_clip"": 1.0, ""lr_scheduler"": ""cosine"", ""lr_min"": 1e-05, ""latent_dim"": 64, ""head_hidden"": 32, ""groups"": [{""name"": ""cleveland"", ""encoder"": ""mlp_tabular_ln"", ""input_dim"": 10, ""hidden_dim"": 64, ""dropout"": 0.1}, {""name"": ""hungarian"", ""encoder"": ""mlp_tabular_ln"", ""input_dim"": 8, ""hidden_dim"": 64, ""dropout"": 0.1}, {""name"": ""switzerland"", ""encoder"": ""mlp_tabular_ln"", ""input_dim"": 8, ""hidden_dim"": 64, ""dropout"": 0.1}, {""name"": ""va_long_beach"", ""encoder"": ""mlp_tabular_ln"", ""input_dim"": 9, ""hidden_dim"": 64, ""dropout"": 0.1}], ""anchor_eps"": 0.0001, ""sep_samples_per_class"": 4, ""sep_method"": ""classifier"", ""sep_margin"": 1.0, ""lambda_fit"": 0.1, ""lambda_sep"": 0.1, ""groupdro_enabled"": true, ""groupdro_eta"": 0.02, ""groupdro_gamma"": 0.9, ""groupdro_update_mode"": ""exp"", ""groupdro_objective"": ""weighted"", ""groupdro_kl_lambda"": 0.0, ""groupdro_uniform_init"": false, ""log_interval"": 20, ""save_every"": 10, ""groupdro_ema_decay"": 0.9, ""groupdro_update_every"": 1, ""dro_signal"": ""val"", ""val_frac"": 0.15, ""impute_missing"": true, ""common_encoder"": false, ""use_regret"": true, ""optimal_losses"": [0.468332, 0.498132, 0.341179, 0.597641], ""data_split_seed"": 1000}","{""num_groups"": 4, ""num_classes"": 2, ""train_total"": 623, ""test_total"": 185, ""train_group_counts"": [205, 199, 83, 136], ""test_group_counts"": [61, 59, 25, 40], ""train_class_counts"": [278, 345], ""test_class_counts"": [83, 102], ""train_group_class_counts"": [[111, 94], [127, 72], [5, 78], [35, 101]], ""test_group_class_counts"": [[33, 28], [38, 21], [2, 23], [10, 30]], ""group_proportions"": [0.3290529695024077, 0.31942215088282505, 0.1332263242375602, 0.21829855537720708], ""val_group_counts"": [37, 36, 15, 24], ""val_total"": 112}","{""num_groups"": 4, ""eta"": 0.02, ""update_mode"": ""exp"", ""robust_objective"": ""weighted"", ""gamma"": 0.9, ""kl_lambda"": 0.0, ""initial_pi"": [0.32905295491218567, 0.3194221556186676, 0.13322632014751434, 0.2182985544204712]}",2026-09-16T04:21:10.904969,8,0.8002820677227445,0.7795138888888888,0.001,0.7837837837837838,0.7946238538482913,0.675,0.92,"[0.7868852459016393, 0.7966101694915254, 0.92, 0.675]","[0.5009878534274023, 0.5728998671648866, 0.3167892426252365, 0.5626365002244711]","[0.7469879518072289, 0.8137254901960784]","[[0.8484848484848485, 0.7142857142857143], [0.8947368421052632, 0.6190476190476191], [0.0, 1.0], [0.0, 0.9]]","[61, 59, 25, 40]",0.7809614018470281,"[0.7831555920153132, 0.7671052631578947, 0.4791666666666667, 0.4029850746268656]",0.4029850746268656,0.5728998671648866,0.8214285714285714,0.8320570570570571,0.75,0.9333333333333333,"[0.7837837837837838, 0.8611111111111112, 0.9333333333333333, 0.75]","[0.4755235040510023, 0.4556829204989804, 0.31546959082285564, 0.4734779465943575]","[0.74, 0.8870967741935484]","[[0.7, 0.8823529411764706], [0.9565217391304348, 0.6923076923076923], [0.0, 1.0], [0.16666666666666666, 0.9444444444444444]]","[37, 36, 15, 24]",0.8166939443535188,"[0.7836257309941519, 0.8402839396628217, 0.4827586206896552, 0.55]",0.4827586206896552,0.4755235040510023,"[0.3296741843223572, 0.3194122314453125, 0.13391675055027008, 0.21699683368206024]","[0.546540144417021, 0.5478723380300734, 0.32928934858904946, 0.5431857804457346]","[0.3295510411262512, 0.31942060589790344, 0.133843332529068, 0.21718499064445496]","[0.32905295491218567, 0.3194221556186676, 0.13322632014751434, 0.2182985544204712]",0.0
"{""run_name"": ""fedheart_exp_paper_hetagg_gdro"", ""seed"": 55, ""run_dir"": ""runs/fedheart_uncapped/Ours_Regret_s55_f0"", ""use_fedheart"": true, ""num_classes"": 2, ""stratified_batching"": true, ""train_frac"": 0.8, ""group_max_train_samples"": null, ""true_hetero_input_dim"": true, ""feature_mask"": [[0, 1, 2, 3, 5, 6, 7, 8, 9, 10], [0, 1, 2, 3, 5, 6, 11, 12], [0, 1, 2, 4, 5, 7, 11, 12], [0, 1, 2, 4, 5, 6, 8, 9, 10]], ""batch_size"": 64, ""num_workers"": 0, ""epochs"": 100, ""early_stopping_patience"": 30, ""lr"": 0.001, ""weight_decay"": 0.0001, ""optimizer"": ""adam"", ""grad_clip"": 1.0, ""lr_scheduler"": ""cosine"", ""lr_min"": 1e-05, ""latent_dim"": 64, ""head_hidden"": 32, ""groups"": [{""name"": ""cleveland"", ""encoder"": ""mlp_tabular_ln"", ""input_dim"": 10, ""hidden_dim"": 64, ""dropout"": 0.1}, {""name"": ""hungarian"", ""encoder"": ""mlp_tabular_ln"", ""input_dim"": 8, ""hidden_dim"": 64, ""dropout"": 0.1}, {""name"": ""switzerland"", ""encoder"": ""mlp_tabular_ln"", ""input_dim"": 8, ""hidden_dim"": 64, ""dropout"": 0.1}, {""name"": ""va_long_beach"", ""encoder"": ""mlp_tabular_ln"", ""input_dim"": 9, ""hidden_dim"": 64, ""dropout"": 0.1}], ""anchor_eps"": 0.0001, ""sep_samples_per_class"": 4, ""sep_method"": ""classifier"", ""sep_margin"": 1.0, ""lambda_fit"": 0.1, ""lambda_sep"": 0.1, ""groupdro_enabled"": true, ""groupdro_eta"": 0.02, ""groupdro_gamma"": 0.9, ""groupdro_update_mode"": ""exp"", ""groupdro_objective"": ""weighted"", ""groupdro_kl_lambda"": 0.0, ""groupdro_uniform_init"": false, ""log_interval"": 20, ""save_every"": 10, ""groupdro_ema_decay"": 0.9, ""groupdro_update_every"": 1, ""dro_signal"": ""val"", ""val_frac"": 0.15, ""impute_missing"": true, ""common_encoder"": false, ""use_regret"": true, ""optimal_losses"": [0.468332, 0.498132, 0.341179, 0.597641], ""data_split_seed"": 1000}","{""num_groups"": 4, ""num_classes"": 2, ""train_total"": 623, ""test_total"": 185, ""train_group_counts"": [205, 199, 83, 136], ""test_group_counts"": [61, 59, 25, 40], ""train_class_counts"": [278, 345], ""test_class_counts"": [83, 102], ""train_group_class_counts"": [[111, 94], [127, 72], [5, 78], [35, 101]], ""test_group_class_counts"": [[33, 28], [38, 21], [2, 23], [10, 30]], ""group_proportions"": [0.3290529695024077, 0.31942215088282505, 0.1332263242375602, 0.21829855537720708], ""val_group_counts"": [37, 36, 15, 24], ""val_total"": 112}","{""num_groups"": 4, ""eta"": 0.02, ""update_mode"": ""exp"", ""robust_objective"": ""weighted"", ""gamma"": 0.9, ""kl_lambda"": 0.0, ""initial_pi"": [0.32905295491218567, 0.3194221556186676, 0.13322632014751434, 0.2182985544204712]}",2026-09-16T04:21:10.904969,9,0.7440844509336684,0.8038194444444444,0.001,0.7621621621621621,0.7778136287857739,0.675,0.92,"[0.7704918032786885, 0.7457627118644068, 0.92, 0.675]","[0.48704133170549985, 0.5554517474720033, 0.29732882052659987, 0.566769927367568]","[0.7710843373493976, 0.7549019607843137]","[[0.9090909090909091, 0.6071428571428571], [0.8947368421052632, 0.47619047619047616], [0.0, 1.0], [0.0, 0.9]]","[61, 59, 25, 40]",0.7609819121447028,"[0.759572072072072, 0.6953528399311532, 0.4791666666666667, 0.4029850746268656]",0.4029850746268656,0.566769927367568,0.8392857142857143,0.8455705705705706,0.75,0.9333333333333333,"[0.8378378378378378, 0.8611111111111112, 0.9333333333333333, 0.75]","[0.4296887279362292, 0.43926482399304706, 0.28942258606354393, 0.46195392683148384]","[0.82, 0.8548387096774194]","[[0.85, 0.8235294117647058], [1.0, 0.6153846153846154], [0.0, 1.0], [0.16666666666666666, 0.9444444444444444]]","[37, 36, 15, 24]",0.8374193548387097,"[0.8367647058823529, 0.8319327731092437, 0.4827586206896552, 0.55]",0.4827586206896552,0.46195392683148384,"[0.3297848701477051, 0.3193916082382202, 0.13397929072380066, 0.21684426069259644]","[0.515159676472346, 0.5269093579716153, 0.2426298956076304, 0.5189996096822951]","[0.3296741843223572, 0.3194122314453125, 0.13391675055027008, 0.21699683368206024]","[0.32905295491218567, 0.3194221556186676, 0.13322632014751434, 0.2182985544204712]",0.0
"{""run_name"": ""fedheart_exp_paper_hetagg_gdro"", ""seed"": 55, ""run_dir"": ""runs/fedheart_uncapped/Ours_Regret_s55_f0"", ""use_fedheart"": true, ""num_classes"": 2, ""stratified_batching"": true, ""train_frac"": 0.8, ""group_max_train_samples"": null, ""true_hetero_input_dim"": true, ""feature_mask"": [[0, 1, 2, 3, 5, 6, 7, 8, 9, 10], [0, 1, 2, 3, 5, 6, 11, 12], [0, 1, 2, 4, 5, 7, 11, 12], [0, 1, 2, 4, 5, 6, 8, 9, 10]], ""batch_size"": 64, ""num_workers"": 0, ""epochs"": 100, ""early_stopping_patience"": 30, ""lr"": 0.001, ""weight_decay"": 0.0001, ""optimizer"": ""adam"", ""grad_clip"": 1.0, ""lr_scheduler"": ""cosine"", ""lr_min"": 1e-05, ""latent_dim"": 64, ""head_hidden"": 32, ""groups"": [{""name"": ""cleveland"", ""encoder"": ""mlp_tabular_ln"", ""input_dim"": 10, ""hidden_dim"": 64, ""dropout"": 0.1}, {""name"": ""hungarian"", ""encoder"": ""mlp_tabular_ln"", ""input_dim"": 8, ""hidden_dim"": 64, ""dropout"": 0.1}, {""name"": ""switzerland"", ""encoder"": ""mlp_tabular_ln"", ""input_dim"": 8, ""hidden_dim"": 64, ""dropout"": 0.1}, {""name"": ""va_long_beach"", ""encoder"": ""mlp_tabular_ln"", ""input_dim"": 9, ""hidden_dim"": 64, ""dropout"": 0.1}], ""anchor_eps"": 0.0001, ""sep_samples_per_class"": 4, ""sep_method"": ""classifier"", ""sep_margin"": 1.0, ""lambda_fit"": 0.1, ""lambda_sep"": 0.1, ""groupdro_enabled"": true, ""groupdro_eta"": 0.02, ""groupdro_gamma"": 0.9, ""groupdro_update_mode"": ""exp"", ""groupdro_objective"": ""weighted"", ""groupdro_kl_lambda"": 0.0, ""groupdro_uniform_init"": false, ""log_interval"": 20, ""save_every"": 10, ""groupdro_ema_decay"": 0.9, ""groupdro_update_every"": 1, ""dro_signal"": ""val"", ""val_frac"": 0.15, ""impute_missing"": true, ""common_encoder"": false, ""use_regret"": true, ""optimal_losses"": [0.468332, 0.498132, 0.341179, 0.597641], ""data_split_seed"": 1000}","{""num_groups"": 4, ""num_classes"": 2, ""train_total"": 623, ""test_total"": 185, ""train_group_counts"": [205, 199, 83, 136], ""test_group_counts"": [61, 59, 25, 40], ""train_class_counts"": [278, 345], ""test_class_counts"": [83, 102], ""train_group_class_counts"": [[111, 94], [127, 72], [5, 78], [35, 101]], ""test_group_class_counts"": [[33, 28], [38, 21], [2, 23], [10, 30]], ""group_proportions"": [0.3290529695024077, 0.31942215088282505, 0.1332263242375602, 0.21829855537720708], ""val_group_counts"": [37, 36, 15, 24], ""val_total"": 112}","{""num_groups"": 4, ""eta"": 0.02, ""update_mode"": ""exp"", ""robust_objective"": ""weighted"", ""gamma"": 0.9, ""kl_lambda"": 0.0, ""initial_pi"": [0.32905295491218567, 0.3194221556186676, 0.13322632014751434, 0.2182985544204712]}",2026-09-16T04:21:10.904969,10,0.6677606172031827,0.8194444444444444,0.001,0.7621621621621621,0.7756619894415115,0.65,0.92,"[0.7868852459016393, 0.7457627118644068, 0.92, 0.65]","[0.4668920895115274, 0.5590671026858233, 0.29853379517793655, 0.57653600089252]","[0.7831325301204819, 0.7450980392156863]","[[0.9090909090909091, 0.6428571428571429], [0.8947368421052632, 0.47619047619047616], [0.0, 1.0], [0.1, 0.8333333333333334]]","[61, 59, 25, 40]",0.7613183204316208,"[0.7783058428850993, 0.6953528399311532, 0.4791666666666667, 0.453125]",0.453125,0.57653600089252,0.8392857142857143,0.8453828828828829,0.75,0.9333333333333333,"[0.8648648648648649, 0.8333333333333334, 0.9333333333333333, 0.75]","[0.4029626034804293, 0.4184243496921327, 0.28950920403003694, 0.4425791837275028]","[0.84, 0.8387096774193549]","[[0.85, 0.8823529411764706], [0.9565217391304348, 0.6153846153846154], [0.0, 1.0], [0.5, 0.8333333333333334]]","[37, 36, 15, 24]",0.8379942140790742,"[0.8644688644688645, 0.8036363636363637, 0.4827586206896552, 0.6666666666666667]",0.4827586206896552,0.4425791837275028,"[0.3298768997192383, 0.3193565309047699, 0.13403616845607758, 0.21673037111759186]","[0.47125706407758927, 0.48497458299001056, 0.2558954821692573, 0.49160563945770264]","[0.3297848701477051, 0.3193916082382202, 0.13397929072380066, 0.21684426069259644]","[0.32905295491218567, 0.3194221556186676, 0.13322632014751434, 0.2182985544204712]",0.0
"{""run_name"": ""fedheart_exp_paper_hetagg_gdro"", ""seed"": 55, ""run_dir"": ""runs/fedheart_uncapped/Ours_Regret_s55_f0"", ""use_fedheart"": true, ""num_classes"": 2, ""stratified_batching"": true, ""train_frac"": 0.8, ""group_max_train_samples"": null, ""true_hetero_input_dim"": true, ""feature_mask"": [[0, 1, 2, 3, 5, 6, 7, 8, 9, 10], [0, 1, 2, 3, 5, 6, 11, 12], [0, 1, 2, 4, 5, 7, 11, 12], [0, 1, 2, 4, 5, 6, 8, 9, 10]], ""batch_size"": 64, ""num_workers"": 0, ""epochs"": 100, ""early_stopping_patience"": 30, ""lr"": 0.001, ""weight_decay"": 0.0001, ""optimizer"": ""adam"", ""grad_clip"": 1.0, ""lr_scheduler"": ""cosine"", ""lr_min"": 1e-05, ""latent_dim"": 64, ""head_hidden"": 32, ""groups"": [{""name"": ""cleveland"", ""encoder"": ""mlp_tabular_ln"", ""input_dim"": 10, ""hidden_dim"": 64, ""dropout"": 0.1}, {""name"": ""hungarian"", ""encoder"": ""mlp_tabular_ln"", ""input_dim"": 8, ""hidden_dim"": 64, ""dropout"": 0.1}, {""name"": ""switzerland"", ""encoder"": ""mlp_tabular_ln"", ""input_dim"": 8, ""hidden_dim"": 64, ""dropout"": 0.1}, {""name"": ""va_long_beach"", ""encoder"": ""mlp_tabular_ln"", ""input_dim"": 9, ""hidden_dim"": 64, ""dropout"": 0.1}], ""anchor_eps"": 0.0001, ""sep_samples_per_class"": 4, ""sep_method"": ""classifier"", ""sep_margin"": 1.0, ""lambda_fit"": 0.1, ""lambda_sep"": 0.1, ""groupdro_enabled"": true, ""groupdro_eta"": 0.02, ""groupdro_gamma"": 0.9, ""groupdro_update_mode"": ""exp"", ""groupdro_objective"": ""weighted"", ""groupdro_kl_lambda"": 0.0, ""groupdro_uniform_init"": false, ""log_interval"": 20, ""save_every"": 10, ""groupdro_ema_decay"": 0.9, ""groupdro_update_every"": 1, ""dro_signal"": ""val"", ""val_frac"": 0.15, ""impute_missing"": true, ""common_encoder"": false, ""use_regret"": true, ""optimal_losses"": [0.468332, 0.498132, 0.341179, 0.597641], ""data_split_seed"": 1000}","{""num_groups"": 4, ""num_classes"": 2, ""train_total"": 623, ""test_total"": 185, ""train_group_counts"": [205, 199, 83, 136], ""test_group_counts"": [61, 59, 25, 40], ""train_class_counts"": [278, 345], ""test_class_counts"": [83, 102], ""train_group_class_counts"": [[111, 94], [127, 72], [5, 78], [35, 101]], ""test_group_class_counts"": [[33, 28], [38, 21], [2, 23], [10, 30]], ""group_proportions"": [0.3290529695024077, 0.31942215088282505, 0.1332263242375602, 0.21829855537720708], ""val_group_counts"": [37, 36, 15, 24], ""val_total"": 112}","{""num_groups"": 4, ""eta"": 0.02, ""update_mode"": ""exp"", ""robust_objective"": ""weighted"", ""gamma"": 0.9, ""kl_lambda"": 0.0, ""initial_pi"": [0.32905295491218567, 0.3194221556186676, 0.13322632014751434, 0.2182985544204712]}",2026-09-16T04:21:10.904969,11,0.6411108904414706,0.8350694444444444,0.001,0.7621621621621621,0.7756619894415115,0.65,0.92,"[0.7868852459016393, 0.7457627118644068, 0.92, 0.65]","[0.4593929879245211, 0.5539737052078975, 0.2932679796218872, 0.5875155624002218]","[0.7831325301204819, 0.7450980392156863]","[[0.9090909090909091, 0.6428571428571429], [0.8947368421052632, 0.47619047619047616], [0.0, 1.0], [0.1, 0.8333333333333334]]","[61, 59, 25, 40]",0.7613183204316208,"[0.7783058428850993, 0.6953528399311532, 0.4791666666666667, 0.453125]",0.453125,0.5875155624002218,0.8482142857142857,0.8523273273273273,0.75,0.9333333333333333,"[0.8648648648648649, 0.8611111111111112, 0.9333333333333333, 0.75]","[0.3731972224809028, 0.4033977341734701, 0.2755796752870083, 0.4211835730820894]","[0.84, 0.8548387096774194]","[[0.85, 0.8823529411764706], [1.0, 0.6153846153846154], [0.0, 1.0], [0.3333333333333333, 0.8888888888888888]]","[37, 36, 15, 24]",0.8467358931015052,"[0.8644688644688645, 0.8319327731092437, 0.4827586206896552, 0.6210526315789474]",0.4827586206896552,0.4211835730820894,"[0.32994344830513, 0.31930944323539734, 0.1340886801481247, 0.21665844321250916]","[0.44449030690722996, 0.4744759930504693, 0.25477178063657546, 0.5047304696506925]","[0.3298768997192383, 0.3193565309047699, 0.13403616845607758, 0.21673037111759186]","[0.32905295491218567, 0.3194221556186676, 0.13322632014751434, 0.2182985544204712]",0.0
"{""run_name"": ""fedheart_exp_paper_hetagg_gdro"", ""seed"": 55, ""run_dir"": ""runs/fedheart_uncapped/Ours_Regret_s55_f0"", ""use_fedheart"": true, ""num_classes"": 2, ""stratified_batching"": true, ""train_frac"": 0.8, ""group_max_train_samples"": null, ""true_hetero_input_dim"": true, ""feature_mask"": [[0, 1, 2, 3, 5, 6, 7, 8, 9, 10], [0, 1, 2, 3, 5, 6, 11, 12], [0, 1, 2, 4, 5, 7, 11, 12], [0, 1, 2, 4, 5, 6, 8, 9, 10]], ""batch_size"": 64, ""num_workers"": 0, ""epochs"": 100, ""early_stopping_patience"": 30, ""lr"": 0.001, ""weight_decay"": 0.0001, ""optimizer"": ""adam"", ""grad_clip"": 1.0, ""lr_scheduler"": ""cosine"", ""lr_min"": 1e-05, ""latent_dim"": 64, ""head_hidden"": 32, ""groups"": [{""name"": ""cleveland"", ""encoder"": ""mlp_tabular_ln"", ""input_dim"": 10, ""hidden_dim"": 64, ""dropout"": 0.1}, {""name"": ""hungarian"", ""encoder"": ""mlp_tabular_ln"", ""input_dim"": 8, ""hidden_dim"": 64, ""dropout"": 0.1}, {""name"": ""switzerland"", ""encoder"": ""mlp_tabular_ln"", ""input_dim"": 8, ""hidden_dim"": 64, ""dropout"": 0.1}, {""name"": ""va_long_beach"", ""encoder"": ""mlp_tabular_ln"", ""input_dim"": 9, ""hidden_dim"": 64, ""dropout"": 0.1}], ""anchor_eps"": 0.0001, ""sep_samples_per_class"": 4, ""sep_method"": ""classifier"", ""sep_margin"": 1.0, ""lambda_fit"": 0.1, ""lambda_sep"": 0.1, ""groupdro_enabled"": true, ""groupdro_eta"": 0.02, ""groupdro_gamma"": 0.9, ""groupdro_update_mode"": ""exp"", ""groupdro_objective"": ""weighted"", ""groupdro_kl_lambda"": 0.0, ""groupdro_uniform_init"": false, ""log_interval"": 20, ""save_every"": 10, ""groupdro_ema_decay"": 0.9, ""groupdro_update_every"": 1, ""dro_signal"": ""val"", ""val_frac"": 0.15, ""impute_missing"": true, ""common_encoder"": false, ""use_regret"": true, ""optimal_losses"": [0.468332, 0.498132, 0.341179, 0.597641], ""data_split_seed"": 1000}","{""num_groups"": 4, ""num_classes"": 2, ""train_total"": 623, ""test_total"": 185, ""train_group_counts"": [205, 199, 83, 136], ""test_group_counts"": [61, 59, 25, 40], ""train_class_counts"": [278, 345], ""test_class_counts"": [83, 102], ""train_group_class_counts"": [[111, 94], [127, 72], [5, 78], [35, 101]], ""test_group_class_counts"": [[33, 28], [38, 21], [2, 23], [10, 30]], ""group_proportions"": [0.3290529695024077, 0.31942215088282505, 0.1332263242375602, 0.21829855537720708], ""val_group_counts"": [37, 36, 15, 24], ""val_total"": 112}","{""num_groups"": 4, ""eta"": 0.02, ""update_mode"": ""exp"", ""robust_objective"": ""weighted"", ""gamma"": 0.9, ""kl_lambda"": 0.0, ""initial_pi"": [0.32905295491218567, 0.3194221556186676, 0.13322632014751434, 0.2182985544204712]}",2026-09-16T04:21:10.904969,12,0.5790937476687961,0.8385416666666666,0.001,0.7783783783783784,0.7922603500972493,0.7,0.92,"[0.8032786885245902, 0.7457627118644068, 0.92, 0.7]","[0.45025241491003115, 0.5527823290834992, 0.3069589242339134, 0.6034339759498835]","[0.8072289156626506, 0.7549019607843137]","[[0.9090909090909091, 0.6785714285714286], [0.8947368421052632, 0.47619047619047616], [0.0, 1.0], [0.3, 0.8333333333333334]]","[61, 59, 25, 40]",0.7777289377289377,"[0.7966666666666666, 0.6953528399311532, 0.4791666666666667, 0.5698924731182795]",0.4791666666666667,0.6034339759498835,0.8303571428571429,0.8349662162162163,0.7083333333333334,0.9333333333333333,"[0.8648648648648649, 0.8333333333333334, 0.9333333333333333, 0.7083333333333334]","[0.37314719888004094, 0.39021549508389497, 0.2889359238247077, 0.4441343005746603]","[0.86, 0.8064516129032258]","[[0.85, 0.8823529411764706], [0.9565217391304348, 0.6153846153846154], [0.0, 1.0], [0.6666666666666666, 0.7222222222222222]]","[37, 36, 15, 24]",0.8296918767507002,"[0.8644688644688645, 0.8036363636363637, 0.4827586206896552, 0.6606060606060605]",0.4827586206896552,0.4441343005746603,"[0.32998335361480713, 0.3192554712295532, 0.13413934409618378, 0.21662183105945587]","[0.4148496521843804, 0.45303473869959515, 0.24719602862993875, 0.46847397420141434]","[0.32994344830513, 0.31930944323539734, 0.1340886801481247, 0.21665844321250916]","[0.32905295491218567, 0.3194221556186676, 0.13322632014751434, 0.2182985544204712]",0.0
"{""run_name"": ""fedheart_exp_paper_hetagg_gdro"", ""seed"": 55, ""run_dir"": ""runs/fedheart_uncapped/Ours_Regret_s55_f0"", ""use_fedheart"": true, ""num_classes"": 2, ""stratified_batching"": true, ""train_frac"": 0.8, ""group_max_train_samples"": null, ""true_hetero_input_dim"": true, ""feature_mask"": [[0, 1, 2, 3, 5, 6, 7, 8, 9, 10], [0, 1, 2, 3, 5, 6, 11, 12], [0, 1, 2, 4, 5, 7, 11, 12], [0, 1, 2, 4, 5, 6, 8, 9, 10]], ""batch_size"": 64, ""num_workers"": 0, ""epochs"": 100, ""early_stopping_patience"": 30, ""lr"": 0.001, ""weight_decay"": 0.0001, ""optimizer"": ""adam"", ""grad_clip"": 1.0, ""lr_scheduler"": ""cosine"", ""lr_min"": 1e-05, ""latent_dim"": 64, ""head_hidden"": 32, ""groups"": [{""name"": ""cleveland"", ""encoder"": ""mlp_tabular_ln"", ""input_dim"": 10, ""hidden_dim"": 64, ""dropout"": 0.1}, {""name"": ""hungarian"", ""encoder"": ""mlp_tabular_ln"", ""input_dim"": 8, ""hidden_dim"": 64, ""dropout"": 0.1}, {""name"": ""switzerland"", ""encoder"": ""mlp_tabular_ln"", ""input_dim"": 8, ""hidden_dim"": 64, ""dropout"": 0.1}, {""name"": ""va_long_beach"", ""encoder"": ""mlp_tabular_ln"", ""input_dim"": 9, ""hidden_dim"": 64, ""dropout"": 0.1}], ""anchor_eps"": 0.0001, ""sep_samples_per_class"": 4, ""sep_method"": ""classifier"", ""sep_margin"": 1.0, ""lambda_fit"": 0.1, ""lambda_sep"": 0.1, ""groupdro_enabled"": true, ""groupdro_eta"": 0.02, ""groupdro_gamma"": 0.9, ""groupdro_update_mode"": ""exp"", ""groupdro_objective"": ""weighted"", ""groupdro_kl_lambda"": 0.0, ""groupdro_uniform_init"": false, ""log_interval"": 20, ""save_every"": 10, ""groupdro_ema_decay"": 0.9, ""groupdro_update_every"": 1, ""dro_signal"": ""val"", ""val_frac"": 0.15, ""impute_missing"": true, ""common_encoder"": false, ""use_regret"": true, ""optimal_losses"": [0.468332, 0.498132, 0.341179, 0.597641], ""data_split_seed"": 1000}","{""num_groups"": 4, ""num_classes"": 2, ""train_total"": 623, ""test_total"": 185, ""train_group_counts"": [205, 199, 83, 136], ""test_group_counts"": [61, 59, 25, 40], ""train_class_counts"": [278, 345], ""test_class_counts"": [83, 102], ""train_group_class_counts"": [[111, 94], [127, 72], [5, 78], [35, 101]], ""test_group_class_counts"": [[33, 28], [38, 21], [2, 23], [10, 30]], ""group_proportions"": [0.3290529695024077, 0.31942215088282505, 0.1332263242375602, 0.21829855537720708], ""val_group_counts"": [37, 36, 15, 24], ""val_total"": 112}","{""num_groups"": 4, ""eta"": 0.02, ""update_mode"": ""exp"", ""robust_objective"": ""weighted"", ""gamma"": 0.9, ""kl_lambda"": 0.0, ""initial_pi"": [0.32905295491218567, 0.3194221556186676, 0.13322632014751434, 0.2182985544204712]}",2026-09-16T04:21:10.904969,13,0.5536471505959829,0.8211805555555556,0.001,0.7675675675675676,0.7839247013059183,0.7,0.92,"[0.7868852459016393, 0.7288135593220338, 0.92, 0.7]","[0.4651029387824848, 0.5604748415239786, 0.299153171479702, 0.6072656702250242]","[0.8072289156626506, 0.7352941176470589]","[[0.9090909090909091, 0.6428571428571429], [0.8947368421052632, 0.42857142857142855], [0.0, 1.0], [0.3, 0.8333333333333334]]","[61, 59, 25, 40]",0.7671321097157577,"[0.7783058428850993, 0.669467787114846, 0.4791666666666667, 0.5698924731182795]",0.4791666666666667,0.6072656702250242,0.8571428571428571,0.8590840840840841,0.75,0.9333333333333333,"[0.8918918918918919, 0.8611111111111112, 0.9333333333333333, 0.75]","[0.34795630078863454, 0.39220238590819967, 0.2700973454862833, 0.4338979401315252]","[0.9, 0.8225806451612904]","[[0.9, 0.8823529411764706], [1.0, 0.6153846153846154], [0.0, 1.0], [0.6666666666666666, 0.7777777777777778]]","[37, 36, 15, 24]",0.8567316917173009,"[0.8911764705882352, 0.8319327731092437, 0.4827586206896552, 0.6974789915966387]",0.4827586206896552,0.4338979401315252,"[0.3299722969532013, 0.3192383348941803, 0.13417910039424896, 0.21661020815372467]","[0.4617132842540741, 0.4313039514753554, 0.1990255568590429, 0.45036858320236206]","[0.32998335361480713, 0.3192554712295532, 0.13413934409618378, 0.21662183105945587]","[0.32905295491218567, 0.3194221556186676, 0.13322632014751434, 0.2182985544204712]",0.0
"{""run_name"": ""fedheart_exp_paper_hetagg_gdro"", ""seed"": 55, ""run_dir"": ""runs/fedheart_uncapped/Ours_Regret_s55_f0"", ""use_fedheart"": true, ""num_classes"": 2, ""stratified_batching"": true, ""train_frac"": 0.8, ""group_max_train_samples"": null, ""true_hetero_input_dim"": true, ""feature_mask"": [[0, 1, 2, 3, 5, 6, 7, 8, 9, 10], [0, 1, 2, 3, 5, 6, 11, 12], [0, 1, 2, 4, 5, 7, 11, 12], [0, 1, 2, 4, 5, 6, 8, 9, 10]], ""batch_size"": 64, ""num_workers"": 0, ""epochs"": 100, ""early_stopping_patience"": 30, ""lr"": 0.001, ""weight_decay"": 0.0001, ""optimizer"": ""adam"", ""grad_clip"": 1.0, ""lr_scheduler"": ""cosine"", ""lr_min"": 1e-05, ""latent_dim"": 64, ""head_hidden"": 32, ""groups"": [{""name"": ""cleveland"", ""encoder"": ""mlp_tabular_ln"", ""input_dim"": 10, ""hidden_dim"": 64, ""dropout"": 0.1}, {""name"": ""hungarian"", ""encoder"": ""mlp_tabular_ln"", ""input_dim"": 8, ""hidden_dim"": 64, ""dropout"": 0.1}, {""name"": ""switzerland"", ""encoder"": ""mlp_tabular_ln"", ""input_dim"": 8, ""hidden_dim"": 64, ""dropout"": 0.1}, {""name"": ""va_long_beach"", ""encoder"": ""mlp_tabular_ln"", ""input_dim"": 9, ""hidden_dim"": 64, ""dropout"": 0.1}], ""anchor_eps"": 0.0001, ""sep_samples_per_class"": 4, ""sep_method"": ""classifier"", ""sep_margin"": 1.0, ""lambda_fit"": 0.1, ""lambda_sep"": 0.1, ""groupdro_enabled"": true, ""groupdro_eta"": 0.02, ""groupdro_gamma"": 0.9, ""groupdro_update_mode"": ""exp"", ""groupdro_objective"": ""weighted"", ""groupdro_kl_lambda"": 0.0, ""groupdro_uniform_init"": false, ""log_interval"": 20, ""save_every"": 10, ""groupdro_ema_decay"": 0.9, ""groupdro_update_every"": 1, ""dro_signal"": ""val"", ""val_frac"": 0.15, ""impute_missing"": true, ""common_encoder"": false, ""use_regret"": true, ""optimal_losses"": [0.468332, 0.498132, 0.341179, 0.597641], ""data_split_seed"": 1000}","{""num_groups"": 4, ""num_classes"": 2, ""train_total"": 623, ""test_total"": 185, ""train_group_counts"": [205, 199, 83, 136], ""test_group_counts"": [61, 59, 25, 40], ""train_class_counts"": [278, 345], ""test_class_counts"": [83, 102], ""train_group_class_counts"": [[111, 94], [127, 72], [5, 78], [35, 101]], ""test_group_class_counts"": [[33, 28], [38, 21], [2, 23], [10, 30]], ""group_proportions"": [0.3290529695024077, 0.31942215088282505, 0.1332263242375602, 0.21829855537720708], ""val_group_counts"": [37, 36, 15, 24], ""val_total"": 112}","{""num_groups"": 4, ""eta"": 0.02, ""update_mode"": ""exp"", ""robust_objective"": ""weighted"", ""gamma"": 0.9, ""kl_lambda"": 0.0, ""initial_pi"": [0.32905295491218567, 0.3194221556186676, 0.13322632014751434, 0.2182985544204712]}",2026-09-16T04:21:10.904969,14,0.5273279878828261,0.828125,0.001,0.7783783783783784,0.7925382050569603,0.7,0.92,"[0.7704918032786885, 0.7796610169491526, 0.92, 0.7]","[0.46632759373818267, 0.5588597081033355, 0.2980906117707491, 0.6281448420137167]","[0.7831325301204819, 0.7745098039215687]","[[0.8484848484848485, 0.6785714285714286], [0.8947368421052632, 0.5714285714285714], [0.0, 1.0], [0.3, 0.8333333333333334]]","[61, 59, 25, 40]",0.777101883687443,"[0.7653846153846154, 0.7440774107440773, 0.4791666666666667, 0.5698924731182795]",0.4791666666666667,0.6281448420137167,0.8125,0.8214527027027028,0.7083333333333334,0.9333333333333333,"[0.8108108108108109, 0.8333333333333334, 0.9333333333333333, 0.7083333333333334]","[0.40952841751277447, 0.38903807455466854, 0.2611320808529854, 0.43576345064987737]","[0.82, 0.8064516129032258]","[[0.75, 0.8823529411764706], [0.9565217391304348, 0.6153846153846154], [0.0, 1.0], [0.6666666666666666, 0.7222222222222222]]","[37, 36, 15, 24]",0.8112813929230522,"[0.8108108108108107, 0.8036363636363637, 0.4827586206896552, 0.6606060606060605]",0.4827586206896552,0.43576345064987737,"[0.3299654424190521, 0.31923171877861023, 0.13419708609580994, 0.21660570800304413]","[0.399476064576043, 0.4709550506538815, 0.20352331838674015, 0.4351092858446969]","[0.3299722969532013, 0.3192383348941803, 0.13417910039424896, 0.21661020815372467]","[0.32905295491218567, 0.3194221556186676, 0.13322632014751434, 0.2182985544204712]",0.0
"{""run_name"": ""fedheart_exp_paper_hetagg_gdro"", ""seed"": 55, ""run_dir"": ""runs/fedheart_uncapped/Ours_Regret_s55_f0"", ""use_fedheart"": true, ""num_classes"": 2, ""stratified_batching"": true, ""train_frac"": 0.8, ""group_max_train_samples"": null, ""true_hetero_input_dim"": true, ""feature_mask"": [[0, 1, 2, 3, 5, 6, 7, 8, 9, 10], [0, 1, 2, 3, 5, 6, 11, 12], [0, 1, 2, 4, 5, 7, 11, 12], [0, 1, 2, 4, 5, 6, 8, 9, 10]], ""batch_size"": 64, ""num_workers"": 0, ""epochs"": 100, ""early_stopping_patience"": 30, ""lr"": 0.001, ""weight_decay"": 0.0001, ""optimizer"": ""adam"", ""grad_clip"": 1.0, ""lr_scheduler"": ""cosine"", ""lr_min"": 1e-05, ""latent_dim"": 64, ""head_hidden"": 32, ""groups"": [{""name"": ""cleveland"", ""encoder"": ""mlp_tabular_ln"", ""input_dim"": 10, ""hidden_dim"": 64, ""dropout"": 0.1}, {""name"": ""hungarian"", ""encoder"": ""mlp_tabular_ln"", ""input_dim"": 8, ""hidden_dim"": 64, ""dropout"": 0.1}, {""name"": ""switzerland"", ""encoder"": ""mlp_tabular_ln"", ""input_dim"": 8, ""hidden_dim"": 64, ""dropout"": 0.1}, {""name"": ""va_long_beach"", ""encoder"": ""mlp_tabular_ln"", ""input_dim"": 9, ""hidden_dim"": 64, ""dropout"": 0.1}], ""anchor_eps"": 0.0001, ""sep_samples_per_class"": 4, ""sep_method"": ""classifier"", ""sep_margin"": 1.0, ""lambda_fit"": 0.1, ""lambda_sep"": 0.1, ""groupdro_enabled"": true, ""groupdro_eta"": 0.02, ""groupdro_gamma"": 0.9, ""groupdro_update_mode"": ""exp"", ""groupdro_objective"": ""weighted"", ""groupdro_kl_lambda"": 0.0, ""groupdro_uniform_init"": false, ""log_interval"": 20, ""save_every"": 10, ""groupdro_ema_decay"": 0.9, ""groupdro_update_every"": 1, ""dro_signal"": ""val"", ""val_frac"": 0.15, ""impute_missing"": true, ""common_encoder"": false, ""use_regret"": true, ""optimal_losses"": [0.468332, 0.498132, 0.341179, 0.597641], ""data_split_seed"": 1000}","{""num_groups"": 4, ""num_classes"": 2, ""train_total"": 623, ""test_total"": 185, ""train_group_counts"": [205, 199, 83, 136], ""test_group_counts"": [61, 59, 25, 40], ""train_class_counts"": [278, 345], ""test_class_counts"": [83, 102], ""train_group_class_counts"": [[111, 94], [127, 72], [5, 78], [35, 101]], ""test_group_class_counts"": [[33, 28], [38, 21], [2, 23], [10, 30]], ""group_proportions"": [0.3290529695024077, 0.31942215088282505, 0.1332263242375602, 0.21829855537720708], ""val_group_counts"": [37, 36, 15, 24], ""val_total"": 112}","{""num_groups"": 4, ""eta"": 0.02, ""update_mode"": ""exp"", ""robust_objective"": ""weighted"", ""gamma"": 0.9, ""kl_lambda"": 0.0, ""initial_pi"": [0.32905295491218567, 0.3194221556186676, 0.13322632014751434, 0.2182985544204712]}",2026-09-16T04:21:10.904969,15,0.5229699148072137,0.8454861111111112,0.001,0.7675675675675676,0.7839247013059183,0.7,0.92,"[0.7868852459016393, 0.7288135593220338, 0.92, 0.7]","[0.4863334144847315, 0.5637120652501866, 0.3013437652587891, 0.6490794593468309]","[0.8072289156626506, 0.7352941176470589]","[[0.9090909090909091, 0.6428571428571429], [0.8947368421052632, 0.42857142857142855], [0.0, 1.0], [0.3, 0.8333333333333334]]","[61, 59, 25, 40]",0.7671321097157577,"[0.7783058428850993, 0.669467787114846, 0.4791666666666667, 0.5698924731182795]",0.4791666666666667,0.6490794593468309,0.8482142857142857,0.8484797297297297,0.7083333333333334,0.9333333333333333,"[0.918918918918919, 0.8333333333333334, 0.9333333333333333, 0.7083333333333334]","[0.34244977088796125, 0.42612508384303915, 0.26539212837815285, 0.4374060872942209]","[0.92, 0.7903225806451613]","[[1.0, 0.8235294117647058], [1.0, 0.5384615384615384], [0.0, 1.0], [0.5, 0.7777777777777778]]","[37, 36, 15, 24]",0.8481053051455922,"[0.9167291822955739, 0.7923076923076924, 0.4827586206896552, 0.6307692307692307]",0.4827586206896552,0.4374060872942209,"[0.3299654722213745, 0.3192317485809326, 0.13419710099697113, 0.21660572290420532]","[0.42344706257184345, 0.45459069477187264, 0.1965756027234925, 0.4493684371312459]","[0.3299654424190521, 0.31923171877861023, 0.13419708609580994, 0.21660570800304413]","[0.32905295491218567, 0.3194221556186676, 0.13322632014751434, 0.2182985544204712]",0.0
"{""run_name"": ""fedheart_exp_paper_hetagg_gdro"", ""seed"": 55, ""run_dir"": ""runs/fedheart_uncapped/Ours_Regret_s55_f0"", ""use_fedheart"": true, ""num_classes"": 2, ""stratified_batching"": true, ""train_frac"": 0.8, ""group_max_train_samples"": null, ""true_hetero_input_dim"": true, ""feature_mask"": [[0, 1, 2, 3, 5, 6, 7, 8, 9, 10], [0, 1, 2, 3, 5, 6, 11, 12], [0, 1, 2, 4, 5, 7, 11, 12], [0, 1, 2, 4, 5, 6, 8, 9, 10]], ""batch_size"": 64, ""num_workers"": 0, ""epochs"": 100, ""early_stopping_patience"": 30, ""lr"": 0.001, ""weight_decay"": 0.0001, ""optimizer"": ""adam"", ""grad_clip"": 1.0, ""lr_scheduler"": ""cosine"", ""lr_min"": 1e-05, ""latent_dim"": 64, ""head_hidden"": 32, ""groups"": [{""name"": ""cleveland"", ""encoder"": ""mlp_tabular_ln"", ""input_dim"": 10, ""hidden_dim"": 64, ""dropout"": 0.1}, {""name"": ""hungarian"", ""encoder"": ""mlp_tabular_ln"", ""input_dim"": 8, ""hidden_dim"": 64, ""dropout"": 0.1}, {""name"": ""switzerland"", ""encoder"": ""mlp_tabular_ln"", ""input_dim"": 8, ""hidden_dim"": 64, ""dropout"": 0.1}, {""name"": ""va_long_beach"", ""encoder"": ""mlp_tabular_ln"", ""input_dim"": 9, ""hidden_dim"": 64, ""dropout"": 0.1}], ""anchor_eps"": 0.0001, ""sep_samples_per_class"": 4, ""sep_method"": ""classifier"", ""sep_margin"": 1.0, ""lambda_fit"": 0.1, ""lambda_sep"": 0.1, ""groupdro_enabled"": true, ""groupdro_eta"": 0.02, ""groupdro_gamma"": 0.9, ""groupdro_update_mode"": ""exp"", ""groupdro_objective"": ""weighted"", ""groupdro_kl_lambda"": 0.0, ""groupdro_uniform_init"": false, ""log_interval"": 20, ""save_every"": 10, ""groupdro_ema_decay"": 0.9, ""groupdro_update_every"": 1, ""dro_signal"": ""val"", ""val_frac"": 0.15, ""impute_missing"": true, ""common_encoder"": false, ""use_regret"": true, ""optimal_losses"": [0.468332, 0.498132, 0.341179, 0.597641], ""data_split_seed"": 1000}","{""num_groups"": 4, ""num_classes"": 2, ""train_total"": 623, ""test_total"": 185, ""train_group_counts"": [205, 199, 83, 136], ""test_group_counts"": [61, 59, 25, 40], ""train_class_counts"": [278, 345], ""test_class_counts"": [83, 102], ""train_group_class_counts"": [[111, 94], [127, 72], [5, 78], [35, 101]], ""test_group_class_counts"": [[33, 28], [38, 21], [2, 23], [10, 30]], ""group_proportions"": [0.3290529695024077, 0.31942215088282505, 0.1332263242375602, 0.21829855537720708], ""val_group_counts"": [37, 36, 15, 24], ""val_total"": 112}","{""num_groups"": 4, ""eta"": 0.02, ""update_mode"": ""exp"", ""robust_objective"": ""weighted"", ""gamma"": 0.9, ""kl_lambda"": 0.0, ""initial_pi"": [0.32905295491218567, 0.3194221556186676, 0.13322632014751434, 0.2182985544204712]}",2026-09-16T04:21:10.904969,16,0.5053384006023407,0.8263888888888888,0.001,0.7837837837837838,0.7966365657126979,0.7,0.92,"[0.7868852459016393, 0.7796610169491526, 0.92, 0.7]","[0.4792384508783456, 0.562897048322326, 0.30751921370625496, 0.6765115845017136]","[0.7951807228915663, 0.7745098039215687]","[[0.8787878787878788, 0.6785714285714286], [0.8947368421052632, 0.5714285714285714], [0.0, 1.0], [0.3, 0.8333333333333334]]","[61, 59, 25, 40]",0.7827108292224572,"[0.7809997238331954, 0.7440774107440773, 0.4791666666666667, 0.5698924731182795]",0.4791666666666667,0.6765115845017136,0.8125,0.821265015015015,0.7083333333333334,0.9333333333333333,"[0.8378378378378378, 0.8055555555555556, 0.9333333333333333, 0.7083333333333334]","[0.3633232125257318, 0.3996431455533538, 0.2684004484365384, 0.4379179640673101]","[0.82, 0.8064516129032258]","[[0.8, 0.8823529411764706], [0.9130434782608695, 0.6153846153846154], [0.0, 1.0], [0.6666666666666666, 0.7222222222222222]]","[37, 36, 15, 24]",0.8112813929230522,"[0.8377192982456141, 0.7763975155279503, 0.4827586206896552, 0.6606060606060605]",0.4827586206896552,0.4379179640673101,"[0.3299654722213745, 0.3192317485809326, 0.13419710099697113, 0.21660572290420532]","[0.4046943849987454, 0.4780496292644077, 0.20253669139411715, 0.4263821840286255]","[0.3299654722213745, 0.3192317485809326, 0.13419710099697113, 0.21660572290420532]","[0.32905295491218567, 0.3194221556186676, 0.13322632014751434, 0.2182985544204712]",0.0
"{""run_name"": ""fedheart_exp_paper_hetagg_gdro"", ""seed"": 55, ""run_dir"": ""runs/fedheart_uncapped/Ours_Regret_s55_f0"", ""use_fedheart"": true, ""num_classes"": 2, ""stratified_batching"": true, ""train_frac"": 0.8, ""group_max_train_samples"": null, ""true_hetero_input_dim"": true, ""feature_mask"": [[0, 1, 2, 3, 5, 6, 7, 8, 9, 10], [0, 1, 2, 3, 5, 6, 11, 12], [0, 1, 2, 4, 5, 7, 11, 12], [0, 1, 2, 4, 5, 6, 8, 9, 10]], ""batch_size"": 64, ""num_workers"": 0, ""epochs"": 100, ""early_stopping_patience"": 30, ""lr"": 0.001, ""weight_decay"": 0.0001, ""optimizer"": ""adam"", ""grad_clip"": 1.0, ""lr_scheduler"": ""cosine"", ""lr_min"": 1e-05, ""latent_dim"": 64, ""head_hidden"": 32, ""groups"": [{""name"": ""cleveland"", ""encoder"": ""mlp_tabular_ln"", ""input_dim"": 10, ""hidden_dim"": 64, ""dropout"": 0.1}, {""name"": ""hungarian"", ""encoder"": ""mlp_tabular_ln"", ""input_dim"": 8, ""hidden_dim"": 64, ""dropout"": 0.1}, {""name"": ""switzerland"", ""encoder"": ""mlp_tabular_ln"", ""input_dim"": 8, ""hidden_dim"": 64, ""dropout"": 0.1}, {""name"": ""va_long_beach"", ""encoder"": ""mlp_tabular_ln"", ""input_dim"": 9, ""hidden_dim"": 64, ""dropout"": 0.1}], ""anchor_eps"": 0.0001, ""sep_samples_per_class"": 4, ""sep_method"": ""classifier"", ""sep_margin"": 1.0, ""lambda_fit"": 0.1, ""lambda_sep"": 0.1, ""groupdro_enabled"": true, ""groupdro_eta"": 0.02, ""groupdro_gamma"": 0.9, ""groupdro_update_mode"": ""exp"", ""groupdro_objective"": ""weighted"", ""groupdro_kl_lambda"": 0.0, ""groupdro_uniform_init"": false, ""log_interval"": 20, ""save_every"": 10, ""groupdro_ema_decay"": 0.9, ""groupdro_update_every"": 1, ""dro_signal"": ""val"", ""val_frac"": 0.15, ""impute_missing"": true, ""common_encoder"": false, ""use_regret"": true, ""optimal_losses"": [0.468332, 0.498132, 0.341179, 0.597641], ""data_split_seed"": 1000}","{""num_groups"": 4, ""num_classes"": 2, ""train_total"": 623, ""test_total"": 185, ""train_group_counts"": [205, 199, 83, 136], ""test_group_counts"": [61, 59, 25, 40], ""train_class_counts"": [278, 345], ""test_class_counts"": [83, 102], ""train_group_class_counts"": [[111, 94], [127, 72], [5, 78], [35, 101]], ""test_group_class_counts"": [[33, 28], [38, 21], [2, 23], [10, 30]], ""group_proportions"": [0.3290529695024077, 0.31942215088282505, 0.1332263242375602, 0.21829855537720708], ""val_group_counts"": [37, 36, 15, 24], ""val_total"": 112}","{""num_groups"": 4, ""eta"": 0.02, ""update_mode"": ""exp"", ""robust_objective"": ""weighted"", ""gamma"": 0.9, ""kl_lambda"": 0.0, ""initial_pi"": [0.32905295491218567, 0.3194221556186676, 0.13322632014751434, 0.2182985544204712]}",2026-09-16T04:21:10.904969,17,0.4841610723071628,0.8298611111111112,0.001,0.7621621621621621,0.7778136287857739,0.675,0.92,"[0.7704918032786885, 0.7457627118644068, 0.92, 0.675]","[0.5241862259133429, 0.569368052722539, 0.3151378405094147, 0.6963845627382398]","[0.7831325301204819, 0.7450980392156863]","[[0.9090909090909091, 0.6071428571428571], [0.8947368421052632, 0.47619047619047616], [0.0, 1.0], [0.1, 0.8666666666666667]]","[61, 59, 25, 40]",0.7613183204316208,"[0.759572072072072, 0.6953528399311532, 0.4791666666666667, 0.4666666666666667]",0.4666666666666667,0.6963845627382398,0.8571428571428571,0.8552364864864865,0.7083333333333334,0.9459459459459459,"[0.9459459459459459, 0.8333333333333334, 0.9333333333333333, 0.7083333333333334]","[0.3166778687186338, 0.4326288554196556, 0.28288576900959017, 0.4102501976303756]","[0.88, 0.8387096774193549]","[[1.0, 0.8823529411764706], [1.0, 0.5384615384615384], [0.0, 1.0], [0.16666666666666666, 0.8888888888888888]]","[37, 36, 15, 24]",0.8564102564102564,"[0.9449404761904762, 0.7923076923076924, 0.4827586206896552, 0.5213675213675213]",0.4827586206896552,0.4326288554196556,"[0.3299654722213745, 0.3192317485809326, 0.13419710099697113, 0.21660572290420532]","[0.40448398225837284, 0.43351690140035415, 0.21525676217344072, 0.40375260677602554]","[0.3299654722213745, 0.3192317485809326, 0.13419710099697113, 0.21660572290420532]","[0.32905295491218567, 0.3194221556186676, 0.13322632014751434, 0.2182985544204712]",0.0
"{""run_name"": ""fedheart_exp_paper_hetagg_gdro"", ""seed"": 55, ""run_dir"": ""runs/fedheart_uncapped/Ours_Regret_s55_f0"", ""use_fedheart"": true, ""num_classes"": 2, ""stratified_batching"": true, ""train_frac"": 0.8, ""group_max_train_samples"": null, ""true_hetero_input_dim"": true, ""feature_mask"": [[0, 1, 2, 3, 5, 6, 7, 8, 9, 10], [0, 1, 2, 3, 5, 6, 11, 12], [0, 1, 2, 4, 5, 7, 11, 12], [0, 1, 2, 4, 5, 6, 8, 9, 10]], ""batch_size"": 64, ""num_workers"": 0, ""epochs"": 100, ""early_stopping_patience"": 30, ""lr"": 0.001, ""weight_decay"": 0.0001, ""optimizer"": ""adam"", ""grad_clip"": 1.0, ""lr_scheduler"": ""cosine"", ""lr_min"": 1e-05, ""latent_dim"": 64, ""head_hidden"": 32, ""groups"": [{""name"": ""cleveland"", ""encoder"": ""mlp_tabular_ln"", ""input_dim"": 10, ""hidden_dim"": 64, ""dropout"": 0.1}, {""name"": ""hungarian"", ""encoder"": ""mlp_tabular_ln"", ""input_dim"": 8, ""hidden_dim"": 64, ""dropout"": 0.1}, {""name"": ""switzerland"", ""encoder"": ""mlp_tabular_ln"", ""input_dim"": 8, ""hidden_dim"": 64, ""dropout"": 0.1}, {""name"": ""va_long_beach"", ""encoder"": ""mlp_tabular_ln"", ""input_dim"": 9, ""hidden_dim"": 64, ""dropout"": 0.1}], ""anchor_eps"": 0.0001, ""sep_samples_per_class"": 4, ""sep_method"": ""classifier"", ""sep_margin"": 1.0, ""lambda_fit"": 0.1, ""lambda_sep"": 0.1, ""groupdro_enabled"": true, ""groupdro_eta"": 0.02, ""groupdro_gamma"": 0.9, ""groupdro_update_mode"": ""exp"", ""groupdro_objective"": ""weighted"", ""groupdro_kl_lambda"": 0.0, ""groupdro_uniform_init"": false, ""log_interval"": 20, ""save_every"": 10, ""groupdro_ema_decay"": 0.9, ""groupdro_update_every"": 1, ""dro_signal"": ""val"", ""val_frac"": 0.15, ""impute_missing"": true, ""common_encoder"": false, ""use_regret"": true, ""optimal_losses"": [0.468332, 0.498132, 0.341179, 0.597641], ""data_split_seed"": 1000}","{""num_groups"": 4, ""num_classes"": 2, ""train_total"": 623, ""test_total"": 185, ""train_group_counts"": [205, 199, 83, 136], ""test_group_counts"": [61, 59, 25, 40], ""train_class_counts"": [278, 345], ""test_class_counts"": [83, 102], ""train_group_class_counts"": [[111, 94], [127, 72], [5, 78], [35, 101]], ""test_group_class_counts"": [[33, 28], [38, 21], [2, 23], [10, 30]], ""group_proportions"": [0.3290529695024077, 0.31942215088282505, 0.1332263242375602, 0.21829855537720708], ""val_group_counts"": [37, 36, 15, 24], ""val_total"": 112}","{""num_groups"": 4, ""eta"": 0.02, ""update_mode"": ""exp"", ""robust_objective"": ""weighted"", ""gamma"": 0.9, ""kl_lambda"": 0.0, ""initial_pi"": [0.32905295491218567, 0.3194221556186676, 0.13322632014751434, 0.2182985544204712]}",2026-09-16T04:21:10.904969,18,0.47543789280785453,0.8402777777777778,0.001,0.7891891891891892,0.802886565712698,0.725,0.92,"[0.7868852459016393, 0.7796610169491526, 0.92, 0.725]","[0.4988374716800744, 0.5581546592510352, 0.33168183580040933, 0.6779397663660347]","[0.7831325301204819, 0.7941176470588235]","[[0.8484848484848485, 0.7142857142857143], [0.8947368421052632, 0.5714285714285714], [0.0, 1.0], [0.3, 0.8666666666666667]]","[61, 59, 25, 40]",0.7876004592422503,"[0.7831555920153132, 0.7440774107440773, 0.4791666666666667, 0.5891690009337067]",0.4791666666666667,0.6779397663660347,0.8035714285714286,0.8108483483483484,0.6666666666666666,0.9333333333333333,"[0.8378378378378378, 0.8055555555555556, 0.9333333333333333, 0.6666666666666666]","[0.3693584736335922, 0.39277645324667293, 0.2993396314481894, 0.44856830888117355]","[0.8, 0.8064516129032258]","[[0.8, 0.8823529411764706], [0.9130434782608695, 0.6153846153846154], [0.0, 1.0], [0.5, 0.7222222222222222]]","[37, 36, 15, 24]",0.8019929283188685,"[0.8377192982456141, 0.7763975155279503, 0.4827586206896552, 0.5966386554621849]",0.4827586206896552,0.44856830888117355,"[0.3299654722213745, 0.3192317485809326, 0.13419710099697113, 0.21660572290420532]","[0.40247275597519344, 0.42133916748894584, 0.18857472265760103, 0.4676584055026372]","[0.3299654722213745, 0.3192317485809326, 0.13419710099697113, 0.21660572290420532]","[0.32905295491218567, 0.3194221556186676, 0.13322632014751434, 0.2182985544204712]",0.0
"{""run_name"": ""fedheart_exp_paper_hetagg_gdro"", ""seed"": 55, ""run_dir"": ""runs/fedheart_uncapped/Ours_Regret_s55_f0"", ""use_fedheart"": true, ""num_classes"": 2, ""stratified_batching"": true, ""train_frac"": 0.8, ""group_max_train_samples"": null, ""true_hetero_input_dim"": true, ""feature_mask"": [[0, 1, 2, 3, 5, 6, 7, 8, 9, 10], [0, 1, 2, 3, 5, 6, 11, 12], [0, 1, 2, 4, 5, 7, 11, 12], [0, 1, 2, 4, 5, 6, 8, 9, 10]], ""batch_size"": 64, ""num_workers"": 0, ""epochs"": 100, ""early_stopping_patience"": 30, ""lr"": 0.001, ""weight_decay"": 0.0001, ""optimizer"": ""adam"", ""grad_clip"": 1.0, ""lr_scheduler"": ""cosine"", ""lr_min"": 1e-05, ""latent_dim"": 64, ""head_hidden"": 32, ""groups"": [{""name"": ""cleveland"", ""encoder"": ""mlp_tabular_ln"", ""input_dim"": 10, ""hidden_dim"": 64, ""dropout"": 0.1}, {""name"": ""hungarian"", ""encoder"": ""mlp_tabular_ln"", ""input_dim"": 8, ""hidden_dim"": 64, ""dropout"": 0.1}, {""name"": ""switzerland"", ""encoder"": ""mlp_tabular_ln"", ""input_dim"": 8, ""hidden_dim"": 64, ""dropout"": 0.1}, {""name"": ""va_long_beach"", ""encoder"": ""mlp_tabular_ln"", ""input_dim"": 9, ""hidden_dim"": 64, ""dropout"": 0.1}], ""anchor_eps"": 0.0001, ""sep_samples_per_class"": 4, ""sep_method"": ""classifier"", ""sep_margin"": 1.0, ""lambda_fit"": 0.1, ""lambda_sep"": 0.1, ""groupdro_enabled"": true, ""groupdro_eta"": 0.02, ""groupdro_gamma"": 0.9, ""groupdro_update_mode"": ""exp"", ""groupdro_objective"": ""weighted"", ""groupdro_kl_lambda"": 0.0, ""groupdro_uniform_init"": false, ""log_interval"": 20, ""save_every"": 10, ""groupdro_ema_decay"": 0.9, ""groupdro_update_every"": 1, ""dro_signal"": ""val"", ""val_frac"": 0.15, ""impute_missing"": true, ""common_encoder"": false, ""use_regret"": true, ""optimal_losses"": [0.468332, 0.498132, 0.341179, 0.597641], ""data_split_seed"": 1000}","{""num_groups"": 4, ""num_classes"": 2, ""train_total"": 623, ""test_total"": 185, ""train_group_counts"": [205, 199, 83, 136], ""test_group_counts"": [61, 59, 25, 40], ""train_class_counts"": [278, 345], ""test_class_counts"": [83, 102], ""train_group_class_counts"": [[111, 94], [127, 72], [5, 78], [35, 101]], ""test_group_class_counts"": [[33, 28], [38, 21], [2, 23], [10, 30]], ""group_proportions"": [0.3290529695024077, 0.31942215088282505, 0.1332263242375602, 0.21829855537720708], ""val_group_counts"": [37, 36, 15, 24], ""val_total"": 112}","{""num_groups"": 4, ""eta"": 0.02, ""update_mode"": ""exp"", ""robust_objective"": ""weighted"", ""gamma"": 0.9, ""kl_lambda"": 0.0, ""initial_pi"": [0.32905295491218567, 0.3194221556186676, 0.13322632014751434, 0.2182985544204712]}",2026-09-16T04:21:10.904969,19,0.48172858026292587,0.8263888888888888,0.001,0.7783783783783784,0.794550916921367,0.725,0.92,"[0.7704918032786885, 0.7627118644067796, 0.92, 0.725]","[0.518166710393595, 0.568647064268589, 0.34615234419703483, 0.6794833995401859]","[0.7951807228915663, 0.7647058823529411]","[[0.8787878787878788, 0.6428571428571429], [0.8947368421052632, 0.5238095238095238], [0.0, 1.0], [0.3, 0.8666666666666667]]","[61, 59, 25, 40]",0.7774419764678266,"[0.7627777777777778, 0.7201897018970189, 0.4791666666666667, 0.5891690009337067]",0.4791666666666667,0.6794833995401859,0.8303571428571429,0.8349662162162163,0.7083333333333334,0.9333333333333333,"[0.8648648648648649, 0.8333333333333334, 0.9333333333333333, 0.7083333333333334]","[0.3203051683769838, 0.3930670888059669, 0.31167860391239327, 0.46561649317542714]","[0.86, 0.8064516129032258]","[[0.85, 0.8823529411764706], [0.9565217391304348, 0.6153846153846154], [0.0, 1.0], [0.6666666666666666, 0.7222222222222222]]","[37, 36, 15, 24]",0.8296918767507002,"[0.8644688644688645, 0.8036363636363637, 0.4827586206896552, 0.6606060606060605]",0.4827586206896552,0.46561649317542714,"[0.3299654722213745, 0.3192317485809326, 0.13419710099697113, 0.21660572290420532]","[0.3909282551871406, 0.46967657075987923, 0.20614957147174412, 0.46158526672257316]","[0.3299654722213745, 0.3192317485809326, 0.13419710099697113, 0.21660572290420532]","[0.32905295491218567, 0.3194221556186676, 0.13322632014751434, 0.2182985544204712]",0.0
"{""run_name"": ""fedheart_exp_paper_hetagg_gdro"", ""seed"": 55, ""run_dir"": ""runs/fedheart_uncapped/Ours_Regret_s55_f0"", ""use_fedheart"": true, ""num_classes"": 2, ""stratified_batching"": true, ""train_frac"": 0.8, ""group_max_train_samples"": null, ""true_hetero_input_dim"": true, ""feature_mask"": [[0, 1, 2, 3, 5, 6, 7, 8, 9, 10], [0, 1, 2, 3, 5, 6, 11, 12], [0, 1, 2, 4, 5, 7, 11, 12], [0, 1, 2, 4, 5, 6, 8, 9, 10]], ""batch_size"": 64, ""num_workers"": 0, ""epochs"": 100, ""early_stopping_patience"": 30, ""lr"": 0.001, ""weight_decay"": 0.0001, ""optimizer"": ""adam"", ""grad_clip"": 1.0, ""lr_scheduler"": ""cosine"", ""lr_min"": 1e-05, ""latent_dim"": 64, ""head_hidden"": 32, ""groups"": [{""name"": ""cleveland"", ""encoder"": ""mlp_tabular_ln"", ""input_dim"": 10, ""hidden_dim"": 64, ""dropout"": 0.1}, {""name"": ""hungarian"", ""encoder"": ""mlp_tabular_ln"", ""input_dim"": 8, ""hidden_dim"": 64, ""dropout"": 0.1}, {""name"": ""switzerland"", ""encoder"": ""mlp_tabular_ln"", ""input_dim"": 8, ""hidden_dim"": 64, ""dropout"": 0.1}, {""name"": ""va_long_beach"", ""encoder"": ""mlp_tabular_ln"", ""input_dim"": 9, ""hidden_dim"": 64, ""dropout"": 0.1}], ""anchor_eps"": 0.0001, ""sep_samples_per_class"": 4, ""sep_method"": ""classifier"", ""sep_margin"": 1.0, ""lambda_fit"": 0.1, ""lambda_sep"": 0.1, ""groupdro_enabled"": true, ""groupdro_eta"": 0.02, ""groupdro_gamma"": 0.9, ""groupdro_update_mode"": ""exp"", ""groupdro_objective"": ""weighted"", ""groupdro_kl_lambda"": 0.0, ""groupdro_uniform_init"": false, ""log_interval"": 20, ""save_every"": 10, ""groupdro_ema_decay"": 0.9, ""groupdro_update_every"": 1, ""dro_signal"": ""val"", ""val_frac"": 0.15, ""impute_missing"": true, ""common_encoder"": false, ""use_regret"": true, ""optimal_losses"": [0.468332, 0.498132, 0.341179, 0.597641], ""data_split_seed"": 1000}","{""num_groups"": 4, ""num_classes"": 2, ""train_total"": 623, ""test_total"": 185, ""train_group_counts"": [205, 199, 83, 136], ""test_group_counts"": [61, 59, 25, 40], ""train_class_counts"": [278, 345], ""test_class_counts"": [83, 102], ""train_group_class_counts"": [[111, 94], [127, 72], [5, 78], [35, 101]], ""test_group_class_counts"": [[33, 28], [38, 21], [2, 23], [10, 30]], ""group_proportions"": [0.3290529695024077, 0.31942215088282505, 0.1332263242375602, 0.21829855537720708], ""val_group_counts"": [37, 36, 15, 24], ""val_total"": 112}","{""num_groups"": 4, ""eta"": 0.02, ""update_mode"": ""exp"", ""robust_objective"": ""weighted"", ""gamma"": 0.9, ""kl_lambda"": 0.0, ""initial_pi"": [0.32905295491218567, 0.3194221556186676, 0.13322632014751434, 0.2182985544204712]}",2026-09-16T04:21:10.904969,20,0.42302056153615314,0.8541666666666666,0.001,0.7675675675675676,0.7840636287857738,0.7,0.92,"[0.7704918032786885, 0.7457627118644068, 0.92, 0.7]","[0.5122780444741738, 0.5882172358490653, 0.34908930949866773, 0.6905201164074242]","[0.7710843373493976, 0.7647058823529411]","[[0.8787878787878788, 0.6428571428571429], [0.8947368421052632, 0.47619047619047616], [0.0, 1.0], [0.1, 0.9]]","[61, 59, 25, 40]",0.7662288048429282,"[0.7627777777777778, 0.6953528399311532, 0.4791666666666667, 0.48051948051948057]",0.4791666666666667,0.6905201164074242,0.8303571428571429,0.8349662162162163,0.7083333333333334,0.9333333333333333,"[0.8648648648648649, 0.8333333333333334, 0.9333333333333333, 0.7083333333333334]","[0.3261206810538833, 0.4141151906094617, 0.30518817038585744, 0.4447130754900475]","[0.82, 0.8387096774193549]","[[0.85, 0.8823529411764706], [1.0, 0.5384615384615384], [0.0, 1.0], [0.16666666666666666, 0.8888888888888888]]","[37, 36, 15, 24]",0.8287048217016824,"[0.8644688644688645, 0.7923076923076924, 0.4827586206896552, 0.5213675213675213]",0.4827586206896552,0.4447130754900475,"[0.3299654722213745, 0.3192317485809326, 0.13419710099697113, 0.21660572290420532]","[0.36569094989034867, 0.3773533089293374, 0.15216315330730545, 0.45188673006163704]","[0.3299654722213745, 0.3192317485809326, 0.13419710099697113, 0.21660572290420532]","[0.32905295491218567, 0.3194221556186676, 0.13322632014751434, 0.2182985544204712]",0.0
"{""run_name"": ""fedheart_exp_paper_hetagg_gdro"", ""seed"": 55, ""run_dir"": ""runs/fedheart_uncapped/Ours_Regret_s55_f0"", ""use_fedheart"": true, ""num_classes"": 2, ""stratified_batching"": true, ""train_frac"": 0.8, ""group_max_train_samples"": null, ""true_hetero_input_dim"": true, ""feature_mask"": [[0, 1, 2, 3, 5, 6, 7, 8, 9, 10], [0, 1, 2, 3, 5, 6, 11, 12], [0, 1, 2, 4, 5, 7, 11, 12], [0, 1, 2, 4, 5, 6, 8, 9, 10]], ""batch_size"": 64, ""num_workers"": 0, ""epochs"": 100, ""early_stopping_patience"": 30, ""lr"": 0.001, ""weight_decay"": 0.0001, ""optimizer"": ""adam"", ""grad_clip"": 1.0, ""lr_scheduler"": ""cosine"", ""lr_min"": 1e-05, ""latent_dim"": 64, ""head_hidden"": 32, ""groups"": [{""name"": ""cleveland"", ""encoder"": ""mlp_tabular_ln"", ""input_dim"": 10, ""hidden_dim"": 64, ""dropout"": 0.1}, {""name"": ""hungarian"", ""encoder"": ""mlp_tabular_ln"", ""input_dim"": 8, ""hidden_dim"": 64, ""dropout"": 0.1}, {""name"": ""switzerland"", ""encoder"": ""mlp_tabular_ln"", ""input_dim"": 8, ""hidden_dim"": 64, ""dropout"": 0.1}, {""name"": ""va_long_beach"", ""encoder"": ""mlp_tabular_ln"", ""input_dim"": 9, ""hidden_dim"": 64, ""dropout"": 0.1}], ""anchor_eps"": 0.0001, ""sep_samples_per_class"": 4, ""sep_method"": ""classifier"", ""sep_margin"": 1.0, ""lambda_fit"": 0.1, ""lambda_sep"": 0.1, ""groupdro_enabled"": true, ""groupdro_eta"": 0.02, ""groupdro_gamma"": 0.9, ""groupdro_update_mode"": ""exp"", ""groupdro_objective"": ""weighted"", ""groupdro_kl_lambda"": 0.0, ""groupdro_uniform_init"": false, ""log_interval"": 20, ""save_every"": 10, ""groupdro_ema_decay"": 0.9, ""groupdro_update_every"": 1, ""dro_signal"": ""val"", ""val_frac"": 0.15, ""impute_missing"": true, ""common_encoder"": false, ""use_regret"": true, ""optimal_losses"": [0.468332, 0.498132, 0.341179, 0.597641], ""data_split_seed"": 1000}","{""num_groups"": 4, ""num_classes"": 2, ""train_total"": 623, ""test_total"": 185, ""train_group_counts"": [205, 199, 83, 136], ""test_group_counts"": [61, 59, 25, 40], ""train_class_counts"": [278, 345], ""test_class_counts"": [83, 102], ""train_group_class_counts"": [[111, 94], [127, 72], [5, 78], [35, 101]], ""test_group_class_counts"": [[33, 28], [38, 21], [2, 23], [10, 30]], ""group_proportions"": [0.3290529695024077, 0.31942215088282505, 0.1332263242375602, 0.21829855537720708], ""val_group_counts"": [37, 36, 15, 24], ""val_total"": 112}","{""num_groups"": 4, ""eta"": 0.02, ""update_mode"": ""exp"", ""robust_objective"": ""weighted"", ""gamma"": 0.9, ""kl_lambda"": 0.0, ""initial_pi"": [0.32905295491218567, 0.3194221556186676, 0.13322632014751434, 0.2182985544204712]}",2026-09-16T04:21:10.904969,21,0.43079182836744523,0.8368055555555556,0.001,0.7837837837837838,0.7987882050569602,0.725,0.92,"[0.7704918032786885, 0.7796610169491526, 0.92, 0.725]","[0.5102676083410128, 0.5789630980688637, 0.35394005209207535, 0.6910539105534553]","[0.7951807228915663, 0.7745098039215687]","[[0.8787878787878788, 0.6428571428571429], [0.8947368421052632, 0.5714285714285714], [0.0, 1.0], [0.3, 0.8666666666666667]]","[61, 59, 25, 40]",0.7827108292224572,"[0.7627777777777778, 0.7440774107440773, 0.4791666666666667, 0.5891690009337067]",0.4791666666666667,0.6910539105534553,0.8035714285714286,0.8071884384384385,0.625,0.9333333333333333,"[0.8648648648648649, 0.8055555555555556, 0.9333333333333333, 0.625]","[0.3299571120155019, 0.40413790894672275, 0.3030841150010625, 0.44434345327317715]","[0.82, 0.7903225806451613]","[[0.85, 0.8823529411764706], [0.9565217391304348, 0.5384615384615384], [0.0, 1.0], [0.3333333333333333, 0.7222222222222222]]","[37, 36, 15, 24]",0.8025641025641026,"[0.8644688644688645, 0.7647058823529411, 0.4827586206896552, 0.5252747252747252]",0.4827586206896552,0.44434345327317715,"[0.3299654722213745, 0.3192317485809326, 0.13419710099697113, 0.21660572290420532]","[0.36261044442653656, 0.44754941595925224, 0.16806186901198494, 0.4044870369964176]","[0.3299654722213745, 0.3192317485809326, 0.13419710099697113, 0.21660572290420532]","[0.32905295491218567, 0.3194221556186676, 0.13322632014751434, 0.2182985544204712]",0.0
"{""run_name"": ""fedheart_exp_paper_hetagg_gdro"", ""seed"": 55, ""run_dir"": ""runs/fedheart_uncapped/Ours_Regret_s55_f0"", ""use_fedheart"": true, ""num_classes"": 2, ""stratified_batching"": true, ""train_frac"": 0.8, ""group_max_train_samples"": null, ""true_hetero_input_dim"": true, ""feature_mask"": [[0, 1, 2, 3, 5, 6, 7, 8, 9, 10], [0, 1, 2, 3, 5, 6, 11, 12], [0, 1, 2, 4, 5, 7, 11, 12], [0, 1, 2, 4, 5, 6, 8, 9, 10]], ""batch_size"": 64, ""num_workers"": 0, ""epochs"": 100, ""early_stopping_patience"": 30, ""lr"": 0.001, ""weight_decay"": 0.0001, ""optimizer"": ""adam"", ""grad_clip"": 1.0, ""lr_scheduler"": ""cosine"", ""lr_min"": 1e-05, ""latent_dim"": 64, ""head_hidden"": 32, ""groups"": [{""name"": ""cleveland"", ""encoder"": ""mlp_tabular_ln"", ""input_dim"": 10, ""hidden_dim"": 64, ""dropout"": 0.1}, {""name"": ""hungarian"", ""encoder"": ""mlp_tabular_ln"", ""input_dim"": 8, ""hidden_dim"": 64, ""dropout"": 0.1}, {""name"": ""switzerland"", ""encoder"": ""mlp_tabular_ln"", ""input_dim"": 8, ""hidden_dim"": 64, ""dropout"": 0.1}, {""name"": ""va_long_beach"", ""encoder"": ""mlp_tabular_ln"", ""input_dim"": 9, ""hidden_dim"": 64, ""dropout"": 0.1}], ""anchor_eps"": 0.0001, ""sep_samples_per_class"": 4, ""sep_method"": ""classifier"", ""sep_margin"": 1.0, ""lambda_fit"": 0.1, ""lambda_sep"": 0.1, ""groupdro_enabled"": true, ""groupdro_eta"": 0.02, ""groupdro_gamma"": 0.9, ""groupdro_update_mode"": ""exp"", ""groupdro_objective"": ""weighted"", ""groupdro_kl_lambda"": 0.0, ""groupdro_uniform_init"": false, ""log_interval"": 20, ""save_every"": 10, ""groupdro_ema_decay"": 0.9, ""groupdro_update_every"": 1, ""dro_signal"": ""val"", ""val_frac"": 0.15, ""impute_missing"": true, ""common_encoder"": false, ""use_regret"": true, ""optimal_losses"": [0.468332, 0.498132, 0.341179, 0.597641], ""data_split_seed"": 1000}","{""num_groups"": 4, ""num_classes"": 2, ""train_total"": 623, ""test_total"": 185, ""train_group_counts"": [205, 199, 83, 136], ""test_group_counts"": [61, 59, 25, 40], ""train_class_counts"": [278, 345], ""test_class_counts"": [83, 102], ""train_group_class_counts"": [[111, 94], [127, 72], [5, 78], [35, 101]], ""test_group_class_counts"": [[33, 28], [38, 21], [2, 23], [10, 30]], ""group_proportions"": [0.3290529695024077, 0.31942215088282505, 0.1332263242375602, 0.21829855537720708], ""val_group_counts"": [37, 36, 15, 24], ""val_total"": 112}","{""num_groups"": 4, ""eta"": 0.02, ""update_mode"": ""exp"", ""robust_objective"": ""weighted"", ""gamma"": 0.9, ""kl_lambda"": 0.0, ""initial_pi"": [0.32905295491218567, 0.3194221556186676, 0.13322632014751434, 0.2182985544204712]}",2026-09-16T04:21:10.904969,22,0.4044170015388065,0.8524305555555556,0.001,0.7675675675675676,0.7820509169213671,0.675,0.92,"[0.7704918032786885, 0.7627118644067796, 0.92, 0.675]","[0.5395475767369642, 0.5758155241798041, 0.36973661594092844, 0.7171572126448155]","[0.8072289156626506, 0.7352941176470589]","[[0.9090909090909091, 0.6071428571428571], [0.8947368421052632, 0.5238095238095238], [0.0, 1.0], [0.3, 0.8]]","[61, 59, 25, 40]",0.7671321097157577,"[0.759572072072072, 0.7201897018970189, 0.4791666666666667, 0.551337359792925]",0.4791666666666667,0.7171572126448155,0.8482142857142857,0.8448198198198198,0.6666666666666666,0.9459459459459459,"[0.9459459459459459, 0.8333333333333334, 0.9333333333333333, 0.6666666666666666]","[0.31142021207189235, 0.42055672293321955, 0.3143191337275008, 0.4429464638233185]","[0.92, 0.7903225806451613]","[[1.0, 0.8823529411764706], [1.0, 0.5384615384615384], [0.0, 1.0], [0.5, 0.7222222222222222]]","[37, 36, 15, 24]",0.8481053051455922,"[0.9449404761904762, 0.7923076923076924, 0.4827586206896552, 0.5966386554621849]",0.4827586206896552,0.4429464638233185,"[0.3299654722213745, 0.3192317485809326, 0.13419710099697113, 0.21660572290420532]","[0.37015635437435573, 0.39319948355356854, 0.17574122672279677, 0.413786714275678]","[0.3299654722213745, 0.3192317485809326, 0.13419710099697113, 0.21660572290420532]","[0.32905295491218567, 0.3194221556186676, 0.13322632014751434, 0.2182985544204712]",0.0
"{""run_name"": ""fedheart_exp_paper_hetagg_gdro"", ""seed"": 55, ""run_dir"": ""runs/fedheart_uncapped/Ours_Regret_s55_f0"", ""use_fedheart"": true, ""num_classes"": 2, ""stratified_batching"": true, ""train_frac"": 0.8, ""group_max_train_samples"": null, ""true_hetero_input_dim"": true, ""feature_mask"": [[0, 1, 2, 3, 5, 6, 7, 8, 9, 10], [0, 1, 2, 3, 5, 6, 11, 12], [0, 1, 2, 4, 5, 7, 11, 12], [0, 1, 2, 4, 5, 6, 8, 9, 10]], ""batch_size"": 64, ""num_workers"": 0, ""epochs"": 100, ""early_stopping_patience"": 30, ""lr"": 0.001, ""weight_decay"": 0.0001, ""optimizer"": ""adam"", ""grad_clip"": 1.0, ""lr_scheduler"": ""cosine"", ""lr_min"": 1e-05, ""latent_dim"": 64, ""head_hidden"": 32, ""groups"": [{""name"": ""cleveland"", ""encoder"": ""mlp_tabular_ln"", ""input_dim"": 10, ""hidden_dim"": 64, ""dropout"": 0.1}, {""name"": ""hungarian"", ""encoder"": ""mlp_tabular_ln"", ""input_dim"": 8, ""hidden_dim"": 64, ""dropout"": 0.1}, {""name"": ""switzerland"", ""encoder"": ""mlp_tabular_ln"", ""input_dim"": 8, ""hidden_dim"": 64, ""dropout"": 0.1}, {""name"": ""va_long_beach"", ""encoder"": ""mlp_tabular_ln"", ""input_dim"": 9, ""hidden_dim"": 64, ""dropout"": 0.1}], ""anchor_eps"": 0.0001, ""sep_samples_per_class"": 4, ""sep_method"": ""classifier"", ""sep_margin"": 1.0, ""lambda_fit"": 0.1, ""lambda_sep"": 0.1, ""groupdro_enabled"": true, ""groupdro_eta"": 0.02, ""groupdro_gamma"": 0.9, ""groupdro_update_mode"": ""exp"", ""groupdro_objective"": ""weighted"", ""groupdro_kl_lambda"": 0.0, ""groupdro_uniform_init"": false, ""log_interval"": 20, ""save_every"": 10, ""groupdro_ema_decay"": 0.9, ""groupdro_update_every"": 1, ""dro_signal"": ""val"", ""val_frac"": 0.15, ""impute_missing"": true, ""common_encoder"": false, ""use_regret"": true, ""optimal_losses"": [0.468332, 0.498132, 0.341179, 0.597641], ""data_split_seed"": 1000}","{""num_groups"": 4, ""num_classes"": 2, ""train_total"": 623, ""test_total"": 185, ""train_group_counts"": [205, 199, 83, 136], ""test_group_counts"": [61, 59, 25, 40], ""train_class_counts"": [278, 345], ""test_class_counts"": [83, 102], ""train_group_class_counts"": [[111, 94], [127, 72], [5, 78], [35, 101]], ""test_group_class_counts"": [[33, 28], [38, 21], [2, 23], [10, 30]], ""group_proportions"": [0.3290529695024077, 0.31942215088282505, 0.1332263242375602, 0.21829855537720708], ""val_group_counts"": [37, 36, 15, 24], ""val_total"": 112}","{""num_groups"": 4, ""eta"": 0.02, ""update_mode"": ""exp"", ""robust_objective"": ""weighted"", ""gamma"": 0.9, ""kl_lambda"": 0.0, ""initial_pi"": [0.32905295491218567, 0.3194221556186676, 0.13322632014751434, 0.2182985544204712]}",2026-09-16T04:21:10.904969,23,0.39120906591415405,0.8524305555555556,0.001,0.7675675675675676,0.7840636287857738,0.7,0.92,"[0.7704918032786885, 0.7457627118644068, 0.92, 0.7]","[0.528834974889445, 0.5911173534784782, 0.3671942337602377, 0.7124421934597194]","[0.7710843373493976, 0.7647058823529411]","[[0.8787878787878788, 0.6428571428571429], [0.868421052631579, 0.5238095238095238], [0.0, 1.0], [0.2, 0.8666666666666667]]","[61, 59, 25, 40]",0.7662288048429282,"[0.7627777777777778, 0.7047047047047047, 0.4791666666666667, 0.53125]",0.4791666666666667,0.7124421934597194,0.8214285714285714,0.8280217717717718,0.7083333333333334,0.9333333333333333,"[0.8648648648648649, 0.8055555555555556, 0.9333333333333333, 0.7083333333333334]","[0.34287467941239075, 0.4386700823282202, 0.31584400292485953, 0.445919547850887]","[0.84, 0.8064516129032258]","[[0.85, 0.8823529411764706], [0.9565217391304348, 0.5384615384615384], [0.0, 1.0], [0.5, 0.7777777777777778]]","[37, 36, 15, 24]",0.8205128205128205,"[0.8644688644688645, 0.7647058823529411, 0.4827586206896552, 0.6307692307692307]",0.4827586206896552,0.445919547850887,"[0.3299654722213745, 0.3192317485809326, 0.13419710099697113, 0.21660572290420532]","[0.35875870618555283, 0.3785628196265962, 0.18196919560432434, 0.411050612727801]","[0.3299654722213745, 0.3192317485809326, 0.13419710099697113, 0.21660572290420532]","[0.32905295491218567, 0.3194221556186676, 0.13322632014751434, 0.2182985544204712]",0.0
"{""run_name"": ""fedheart_exp_paper_hetagg_gdro"", ""seed"": 55, ""run_dir"": ""runs/fedheart_uncapped/Ours_Regret_s55_f0"", ""use_fedheart"": true, ""num_classes"": 2, ""stratified_batching"": true, ""train_frac"": 0.8, ""group_max_train_samples"": null, ""true_hetero_input_dim"": true, ""feature_mask"": [[0, 1, 2, 3, 5, 6, 7, 8, 9, 10], [0, 1, 2, 3, 5, 6, 11, 12], [0, 1, 2, 4, 5, 7, 11, 12], [0, 1, 2, 4, 5, 6, 8, 9, 10]], ""batch_size"": 64, ""num_workers"": 0, ""epochs"": 100, ""early_stopping_patience"": 30, ""lr"": 0.001, ""weight_decay"": 0.0001, ""optimizer"": ""adam"", ""grad_clip"": 1.0, ""lr_scheduler"": ""cosine"", ""lr_min"": 1e-05, ""latent_dim"": 64, ""head_hidden"": 32, ""groups"": [{""name"": ""cleveland"", ""encoder"": ""mlp_tabular_ln"", ""input_dim"": 10, ""hidden_dim"": 64, ""dropout"": 0.1}, {""name"": ""hungarian"", ""encoder"": ""mlp_tabular_ln"", ""input_dim"": 8, ""hidden_dim"": 64, ""dropout"": 0.1}, {""name"": ""switzerland"", ""encoder"": ""mlp_tabular_ln"", ""input_dim"": 8, ""hidden_dim"": 64, ""dropout"": 0.1}, {""name"": ""va_long_beach"", ""encoder"": ""mlp_tabular_ln"", ""input_dim"": 9, ""hidden_dim"": 64, ""dropout"": 0.1}], ""anchor_eps"": 0.0001, ""sep_samples_per_class"": 4, ""sep_method"": ""classifier"", ""sep_margin"": 1.0, ""lambda_fit"": 0.1, ""lambda_sep"": 0.1, ""groupdro_enabled"": true, ""groupdro_eta"": 0.02, ""groupdro_gamma"": 0.9, ""groupdro_update_mode"": ""exp"", ""groupdro_objective"": ""weighted"", ""groupdro_kl_lambda"": 0.0, ""groupdro_uniform_init"": false, ""log_interval"": 20, ""save_every"": 10, ""groupdro_ema_decay"": 0.9, ""groupdro_update_every"": 1, ""dro_signal"": ""val"", ""val_frac"": 0.15, ""impute_missing"": true, ""common_encoder"": false, ""use_regret"": true, ""optimal_losses"": [0.468332, 0.498132, 0.341179, 0.597641], ""data_split_seed"": 1000}","{""num_groups"": 4, ""num_classes"": 2, ""train_total"": 623, ""test_total"": 185, ""train_group_counts"": [205, 199, 83, 136], ""test_group_counts"": [61, 59, 25, 40], ""train_class_counts"": [278, 345], ""test_class_counts"": [83, 102], ""train_group_class_counts"": [[111, 94], [127, 72], [5, 78], [35, 101]], ""test_group_class_counts"": [[33, 28], [38, 21], [2, 23], [10, 30]], ""group_proportions"": [0.3290529695024077, 0.31942215088282505, 0.1332263242375602, 0.21829855537720708], ""val_group_counts"": [37, 36, 15, 24], ""val_total"": 112}","{""num_groups"": 4, ""eta"": 0.02, ""update_mode"": ""exp"", ""robust_objective"": ""weighted"", ""gamma"": 0.9, ""kl_lambda"": 0.0, ""initial_pi"": [0.32905295491218567, 0.3194221556186676, 0.13322632014751434, 0.2182985544204712]}",2026-09-16T04:21:10.904969,24,0.3857940054602093,0.8732638888888888,0.001,0.7621621621621621,0.7799652681300361,0.7,0.92,"[0.7540983606557377, 0.7457627118644068, 0.92, 0.7]","[0.5353899280937602, 0.5944809390200396, 0.3816668966412544, 0.7328080840408802]","[0.7831325301204819, 0.7450980392156863]","[[0.8787878787878788, 0.6071428571428571], [0.868421052631579, 0.5238095238095238], [0.0, 1.0], [0.3, 0.8333333333333334]]","[61, 59, 25, 40]",0.7613183204316208,"[0.7441990494828068, 0.7047047047047047, 0.4791666666666667, 0.5698924731182795]",0.4791666666666667,0.7328080840408802,0.8392857142857143,0.8451951951951953,0.75,0.9333333333333333,"[0.8918918918918919, 0.8055555555555556, 0.9333333333333333, 0.75]","[0.3363755063682392, 0.4428109683924251, 0.32596267024055126, 0.46155769579733413]","[0.9, 0.7903225806451613]","[[0.9, 0.8823529411764706], [0.9565217391304348, 0.5384615384615384], [0.0, 1.0], [0.8333333333333334, 0.7222222222222222]]","[37, 36, 15, 24]",0.8390804597701149,"[0.8911764705882352, 0.7647058823529411, 0.4827586206896552, 0.71875]",0.4827586206896552,0.46155769579733413,"[0.3299654722213745, 0.3192317485809326, 0.13419710099697113, 0.21660572290420532]","[0.305200580921438, 0.4333160983191596, 0.1648787090347873, 0.4188532100783454]","[0.3299654722213745, 0.3192317485809326, 0.13419710099697113, 0.21660572290420532]","[0.32905295491218567, 0.3194221556186676, 0.13322632014751434, 0.2182985544204712]",0.0
"{""run_name"": ""fedheart_exp_paper_hetagg_gdro"", ""seed"": 55, ""run_dir"": ""runs/fedheart_uncapped/Ours_Regret_s55_f0"", ""use_fedheart"": true, ""num_classes"": 2, ""stratified_batching"": true, ""train_frac"": 0.8, ""group_max_train_samples"": null, ""true_hetero_input_dim"": true, ""feature_mask"": [[0, 1, 2, 3, 5, 6, 7, 8, 9, 10], [0, 1, 2, 3, 5, 6, 11, 12], [0, 1, 2, 4, 5, 7, 11, 12], [0, 1, 2, 4, 5, 6, 8, 9, 10]], ""batch_size"": 64, ""num_workers"": 0, ""epochs"": 100, ""early_stopping_patience"": 30, ""lr"": 0.001, ""weight_decay"": 0.0001, ""optimizer"": ""adam"", ""grad_clip"": 1.0, ""lr_scheduler"": ""cosine"", ""lr_min"": 1e-05, ""latent_dim"": 64, ""head_hidden"": 32, ""groups"": [{""name"": ""cleveland"", ""encoder"": ""mlp_tabular_ln"", ""input_dim"": 10, ""hidden_dim"": 64, ""dropout"": 0.1}, {""name"": ""hungarian"", ""encoder"": ""mlp_tabular_ln"", ""input_dim"": 8, ""hidden_dim"": 64, ""dropout"": 0.1}, {""name"": ""switzerland"", ""encoder"": ""mlp_tabular_ln"", ""input_dim"": 8, ""hidden_dim"": 64, ""dropout"": 0.1}, {""name"": ""va_long_beach"", ""encoder"": ""mlp_tabular_ln"", ""input_dim"": 9, ""hidden_dim"": 64, ""dropout"": 0.1}], ""anchor_eps"": 0.0001, ""sep_samples_per_class"": 4, ""sep_method"": ""classifier"", ""sep_margin"": 1.0, ""lambda_fit"": 0.1, ""lambda_sep"": 0.1, ""groupdro_enabled"": true, ""groupdro_eta"": 0.02, ""groupdro_gamma"": 0.9, ""groupdro_update_mode"": ""exp"", ""groupdro_objective"": ""weighted"", ""groupdro_kl_lambda"": 0.0, ""groupdro_uniform_init"": false, ""log_interval"": 20, ""save_every"": 10, ""groupdro_ema_decay"": 0.9, ""groupdro_update_every"": 1, ""dro_signal"": ""val"", ""val_frac"": 0.15, ""impute_missing"": true, ""common_encoder"": false, ""use_regret"": true, ""optimal_losses"": [0.468332, 0.498132, 0.341179, 0.597641], ""data_split_seed"": 1000}","{""num_groups"": 4, ""num_classes"": 2, ""train_total"": 623, ""test_total"": 185, ""train_group_counts"": [205, 199, 83, 136], ""test_group_counts"": [61, 59, 25, 40], ""train_class_counts"": [278, 345], ""test_class_counts"": [83, 102], ""train_group_class_counts"": [[111, 94], [127, 72], [5, 78], [35, 101]], ""test_group_class_counts"": [[33, 28], [38, 21], [2, 23], [10, 30]], ""group_proportions"": [0.3290529695024077, 0.31942215088282505, 0.1332263242375602, 0.21829855537720708], ""val_group_counts"": [37, 36, 15, 24], ""val_total"": 112}","{""num_groups"": 4, ""eta"": 0.02, ""update_mode"": ""exp"", ""robust_objective"": ""weighted"", ""gamma"": 0.9, ""kl_lambda"": 0.0, ""initial_pi"": [0.32905295491218567, 0.3194221556186676, 0.13322632014751434, 0.2182985544204712]}",2026-09-16T04:21:10.904969,25,0.3837963177098168,0.8489583333333334,0.001,0.7567567567567568,0.7737152681300361,0.675,0.92,"[0.7540983606557377, 0.7457627118644068, 0.92, 0.675]","[0.5778363886838932, 0.5974715831926314, 0.39088346969336274, 0.7563149038702249]","[0.7469879518072289, 0.7647058823529411]","[[0.8787878787878788, 0.6071428571428571], [0.8421052631578947, 0.5714285714285714], [0.0, 1.0], [0.1, 0.8666666666666667]]","[61, 59, 25, 40]",0.754923606817981,"[0.7441990494828068, 0.7127555988315482, 0.4791666666666667, 0.4666666666666667]",0.4666666666666667,0.7563149038702249,0.8482142857142857,0.8517642642642642,0.75,0.9459459459459459,"[0.9459459459459459, 0.7777777777777778, 0.9333333333333333, 0.75]","[0.31898663656131643, 0.4258207227103412, 0.33337138754626117, 0.43639573144416016]","[0.88, 0.8225806451612904]","[[1.0, 0.8823529411764706], [0.9130434782608695, 0.5384615384615384], [0.0, 1.0], [0.5, 0.8333333333333334]]","[37, 36, 15, 24]",0.8476190476190476,"[0.9449404761904762, 0.7381818181818182, 0.4827586206896552, 0.6666666666666667]",0.4827586206896552,0.43639573144416016,"[0.3299654722213745, 0.3192317485809326, 0.13419710099697113, 0.21660572290420532]","[0.34140241973929936, 0.3964935375584496, 0.2057056555317508, 0.3818935892648167]","[0.3299654722213745, 0.3192317485809326, 0.13419710099697113, 0.21660572290420532]","[0.32905295491218567, 0.3194221556186676, 0.13322632014751434, 0.2182985544204712]",0.0
"{""run_name"": ""fedheart_exp_paper_hetagg_gdro"", ""seed"": 55, ""run_dir"": ""runs/fedheart_uncapped/Ours_Regret_s55_f0"", ""use_fedheart"": true, ""num_classes"": 2, ""stratified_batching"": true, ""train_frac"": 0.8, ""group_max_train_samples"": null, ""true_hetero_input_dim"": true, ""feature_mask"": [[0, 1, 2, 3, 5, 6, 7, 8, 9, 10], [0, 1, 2, 3, 5, 6, 11, 12], [0, 1, 2, 4, 5, 7, 11, 12], [0, 1, 2, 4, 5, 6, 8, 9, 10]], ""batch_size"": 64, ""num_workers"": 0, ""epochs"": 100, ""early_stopping_patience"": 30, ""lr"": 0.001, ""weight_decay"": 0.0001, ""optimizer"": ""adam"", ""grad_clip"": 1.0, ""lr_scheduler"": ""cosine"", ""lr_min"": 1e-05, ""latent_dim"": 64, ""head_hidden"": 32, ""groups"": [{""name"": ""cleveland"", ""encoder"": ""mlp_tabular_ln"", ""input_dim"": 10, ""hidden_dim"": 64, ""dropout"": 0.1}, {""name"": ""hungarian"", ""encoder"": ""mlp_tabular_ln"", ""input_dim"": 8, ""hidden_dim"": 64, ""dropout"": 0.1}, {""name"": ""switzerland"", ""encoder"": ""mlp_tabular_ln"", ""input_dim"": 8, ""hidden_dim"": 64, ""dropout"": 0.1}, {""name"": ""va_long_beach"", ""encoder"": ""mlp_tabular_ln"", ""input_dim"": 9, ""hidden_dim"": 64, ""dropout"": 0.1}], ""anchor_eps"": 0.0001, ""sep_samples_per_class"": 4, ""sep_method"": ""classifier"", ""sep_margin"": 1.0, ""lambda_fit"": 0.1, ""lambda_sep"": 0.1, ""groupdro_enabled"": true, ""groupdro_eta"": 0.02, ""groupdro_gamma"": 0.9, ""groupdro_update_mode"": ""exp"", ""groupdro_objective"": ""weighted"", ""groupdro_kl_lambda"": 0.0, ""groupdro_uniform_init"": false, ""log_interval"": 20, ""save_every"": 10, ""groupdro_ema_decay"": 0.9, ""groupdro_update_every"": 1, ""dro_signal"": ""val"", ""val_frac"": 0.15, ""impute_missing"": true, ""common_encoder"": false, ""use_regret"": true, ""optimal_losses"": [0.468332, 0.498132, 0.341179, 0.597641], ""data_split_seed"": 1000}","{""num_groups"": 4, ""num_classes"": 2, ""train_total"": 623, ""test_total"": 185, ""train_group_counts"": [205, 199, 83, 136], ""test_group_counts"": [61, 59, 25, 40], ""train_class_counts"": [278, 345], ""test_class_counts"": [83, 102], ""train_group_class_counts"": [[111, 94], [127, 72], [5, 78], [35, 101]], ""test_group_class_counts"": [[33, 28], [38, 21], [2, 23], [10, 30]], ""group_proportions"": [0.3290529695024077, 0.31942215088282505, 0.1332263242375602, 0.21829855537720708], ""val_group_counts"": [37, 36, 15, 24], ""val_total"": 112}","{""num_groups"": 4, ""eta"": 0.02, ""update_mode"": ""exp"", ""robust_objective"": ""weighted"", ""gamma"": 0.9, ""kl_lambda"": 0.0, ""initial_pi"": [0.32905295491218567, 0.3194221556186676, 0.13322632014751434, 0.2182985544204712]}",2026-09-16T04:21:10.904969,26,0.37505735953648883,0.8541666666666666,0.001,0.7675675675675676,0.7820509169213671,0.675,0.92,"[0.7704918032786885, 0.7627118644067796, 0.92, 0.675]","[0.5415149776448236, 0.6038625330616862, 0.4110054863244295, 0.7533291929401458]","[0.7710843373493976, 0.7647058823529411]","[[0.8787878787878788, 0.6428571428571429], [0.8947368421052632, 0.5238095238095238], [0.0, 1.0], [0.1, 0.8666666666666667]]","[61, 59, 25, 40]",0.7662288048429282,"[0.7627777777777778, 0.7201897018970189, 0.4791666666666667, 0.4666666666666667]",0.4666666666666667,0.7533291929401458,0.8303571428571429,0.8349662162162163,0.7083333333333334,0.9333333333333333,"[0.8648648648648649, 0.8333333333333334, 0.9333333333333333, 0.7083333333333334]","[0.34499924423525463, 0.43831527791917324, 0.3366971286634604, 0.4374293022168179]","[0.86, 0.8064516129032258]","[[0.85, 0.8823529411764706], [1.0, 0.5384615384615384], [0.0, 1.0], [0.5, 0.7777777777777778]]","[37, 36, 15, 24]",0.8296918767507002,"[0.8644688644688645, 0.7923076923076924, 0.4827586206896552, 0.6307692307692307]",0.4827586206896552,0.43831527791917324,"[0.3299654722213745, 0.3192317485809326, 0.13419710099697113, 0.21660572290420532]","[0.35809675852457684, 0.41507453057501054, 0.16350425117545658, 0.3565619538227717]","[0.3299654722213745, 0.3192317485809326, 0.13419710099697113, 0.21660572290420532]","[0.32905295491218567, 0.3194221556186676, 0.13322632014751434, 0.2182985544204712]",0.0
"{""run_name"": ""fedheart_exp_paper_hetagg_gdro"", ""seed"": 55, ""run_dir"": ""runs/fedheart_uncapped/Ours_Regret_s55_f0"", ""use_fedheart"": true, ""num_classes"": 2, ""stratified_batching"": true, ""train_frac"": 0.8, ""group_max_train_samples"": null, ""true_hetero_input_dim"": true, ""feature_mask"": [[0, 1, 2, 3, 5, 6, 7, 8, 9, 10], [0, 1, 2, 3, 5, 6, 11, 12], [0, 1, 2, 4, 5, 7, 11, 12], [0, 1, 2, 4, 5, 6, 8, 9, 10]], ""batch_size"": 64, ""num_workers"": 0, ""epochs"": 100, ""early_stopping_patience"": 30, ""lr"": 0.001, ""weight_decay"": 0.0001, ""optimizer"": ""adam"", ""grad_clip"": 1.0, ""lr_scheduler"": ""cosine"", ""lr_min"": 1e-05, ""latent_dim"": 64, ""head_hidden"": 32, ""groups"": [{""name"": ""cleveland"", ""encoder"": ""mlp_tabular_ln"", ""input_dim"": 10, ""hidden_dim"": 64, ""dropout"": 0.1}, {""name"": ""hungarian"", ""encoder"": ""mlp_tabular_ln"", ""input_dim"": 8, ""hidden_dim"": 64, ""dropout"": 0.1}, {""name"": ""switzerland"", ""encoder"": ""mlp_tabular_ln"", ""input_dim"": 8, ""hidden_dim"": 64, ""dropout"": 0.1}, {""name"": ""va_long_beach"", ""encoder"": ""mlp_tabular_ln"", ""input_dim"": 9, ""hidden_dim"": 64, ""dropout"": 0.1}], ""anchor_eps"": 0.0001, ""sep_samples_per_class"": 4, ""sep_method"": ""classifier"", ""sep_margin"": 1.0, ""lambda_fit"": 0.1, ""lambda_sep"": 0.1, ""groupdro_enabled"": true, ""groupdro_eta"": 0.02, ""groupdro_gamma"": 0.9, ""groupdro_update_mode"": ""exp"", ""groupdro_objective"": ""weighted"", ""groupdro_kl_lambda"": 0.0, ""groupdro_uniform_init"": false, ""log_interval"": 20, ""save_every"": 10, ""groupdro_ema_decay"": 0.9, ""groupdro_update_every"": 1, ""dro_signal"": ""val"", ""val_frac"": 0.15, ""impute_missing"": true, ""common_encoder"": false, ""use_regret"": true, ""optimal_losses"": [0.468332, 0.498132, 0.341179, 0.597641], ""data_split_seed"": 1000}","{""num_groups"": 4, ""num_classes"": 2, ""train_total"": 623, ""test_total"": 185, ""train_group_counts"": [205, 199, 83, 136], ""test_group_counts"": [61, 59, 25, 40], ""train_class_counts"": [278, 345], ""test_class_counts"": [83, 102], ""train_group_class_counts"": [[111, 94], [127, 72], [5, 78], [35, 101]], ""test_group_class_counts"": [[33, 28], [38, 21], [2, 23], [10, 30]], ""group_proportions"": [0.3290529695024077, 0.31942215088282505, 0.1332263242375602, 0.21829855537720708], ""val_group_counts"": [37, 36, 15, 24], ""val_total"": 112}","{""num_groups"": 4, ""eta"": 0.02, ""update_mode"": ""exp"", ""robust_objective"": ""weighted"", ""gamma"": 0.9, ""kl_lambda"": 0.0, ""initial_pi"": [0.32905295491218567, 0.3194221556186676, 0.13322632014751434, 0.2182985544204712]}",2026-09-16T04:21:10.904969,27,0.37028373612297905,0.859375,0.001,0.7621621621621621,0.7779525562656293,0.675,0.92,"[0.7540983606557377, 0.7627118644067796, 0.92, 0.675]","[0.5263322632775077, 0.5908955929927149, 0.4277181244827807, 0.7483696370385587]","[0.7590361445783133, 0.7647058823529411]","[[0.8787878787878788, 0.6071428571428571], [0.868421052631579, 0.5714285714285714], [0.0, 1.0], [0.1, 0.8666666666666667]]","[61, 59, 25, 40]",0.7605882352941176,"[0.7441990494828068, 0.7282894736842105, 0.4791666666666667, 0.4666666666666667]",0.4666666666666667,0.7483696370385587,0.8214285714285714,0.8278340840840841,0.7083333333333334,0.9333333333333333,"[0.8918918918918919, 0.7777777777777778, 0.9333333333333333, 0.7083333333333334]","[0.33028678067431255, 0.4202960664406419, 0.346223495186617, 0.43525684469689924]","[0.84, 0.8064516129032258]","[[0.9, 0.8823529411764706], [0.9130434782608695, 0.5384615384615384], [0.0, 1.0], [0.5, 0.7777777777777778]]","[37, 36, 15, 24]",0.8205128205128205,"[0.8911764705882352, 0.7381818181818182, 0.4827586206896552, 0.6307692307692307]",0.4827586206896552,0.43525684469689924,"[0.3299654722213745, 0.3192317485809326, 0.13419710099697113, 0.21660572290420532]","[0.3668379220697615, 0.39492931630876327, 0.1099239153166612, 0.38535647425386643]","[0.3299654722213745, 0.3192317485809326, 0.13419710099697113, 0.21660572290420532]","[0.32905295491218567, 0.3194221556186676, 0.13322632014751434, 0.2182985544204712]",0.0
"{""run_name"": ""fedheart_exp_paper_hetagg_gdro"", ""seed"": 55, ""run_dir"": ""runs/fedheart_uncapped/Ours_Regret_s55_f0"", ""use_fedheart"": true, ""num_classes"": 2, ""stratified_batching"": true, ""train_frac"": 0.8, ""group_max_train_samples"": null, ""true_hetero_input_dim"": true, ""feature_mask"": [[0, 1, 2, 3, 5, 6, 7, 8, 9, 10], [0, 1, 2, 3, 5, 6, 11, 12], [0, 1, 2, 4, 5, 7, 11, 12], [0, 1, 2, 4, 5, 6, 8, 9, 10]], ""batch_size"": 64, ""num_workers"": 0, ""epochs"": 100, ""early_stopping_patience"": 30, ""lr"": 0.001, ""weight_decay"": 0.0001, ""optimizer"": ""adam"", ""grad_clip"": 1.0, ""lr_scheduler"": ""cosine"", ""lr_min"": 1e-05, ""latent_dim"": 64, ""head_hidden"": 32, ""groups"": [{""name"": ""cleveland"", ""encoder"": ""mlp_tabular_ln"", ""input_dim"": 10, ""hidden_dim"": 64, ""dropout"": 0.1}, {""name"": ""hungarian"", ""encoder"": ""mlp_tabular_ln"", ""input_dim"": 8, ""hidden_dim"": 64, ""dropout"": 0.1}, {""name"": ""switzerland"", ""encoder"": ""mlp_tabular_ln"", ""input_dim"": 8, ""hidden_dim"": 64, ""dropout"": 0.1}, {""name"": ""va_long_beach"", ""encoder"": ""mlp_tabular_ln"", ""input_dim"": 9, ""hidden_dim"": 64, ""dropout"": 0.1}], ""anchor_eps"": 0.0001, ""sep_samples_per_class"": 4, ""sep_method"": ""classifier"", ""sep_margin"": 1.0, ""lambda_fit"": 0.1, ""lambda_sep"": 0.1, ""groupdro_enabled"": true, ""groupdro_eta"": 0.02, ""groupdro_gamma"": 0.9, ""groupdro_update_mode"": ""exp"", ""groupdro_objective"": ""weighted"", ""groupdro_kl_lambda"": 0.0, ""groupdro_uniform_init"": false, ""log_interval"": 20, ""save_every"": 10, ""groupdro_ema_decay"": 0.9, ""groupdro_update_every"": 1, ""dro_signal"": ""val"", ""val_frac"": 0.15, ""impute_missing"": true, ""common_encoder"": false, ""use_regret"": true, ""optimal_losses"": [0.468332, 0.498132, 0.341179, 0.597641], ""data_split_seed"": 1000}","{""num_groups"": 4, ""num_classes"": 2, ""train_total"": 623, ""test_total"": 185, ""train_group_counts"": [205, 199, 83, 136], ""test_group_counts"": [61, 59, 25, 40], ""train_class_counts"": [278, 345], ""test_class_counts"": [83, 102], ""train_group_class_counts"": [[111, 94], [127, 72], [5, 78], [35, 101]], ""test_group_class_counts"": [[33, 28], [38, 21], [2, 23], [10, 30]], ""group_proportions"": [0.3290529695024077, 0.31942215088282505, 0.1332263242375602, 0.21829855537720708], ""val_group_counts"": [37, 36, 15, 24], ""val_total"": 112}","{""num_groups"": 4, ""eta"": 0.02, ""update_mode"": ""exp"", ""robust_objective"": ""weighted"", ""gamma"": 0.9, ""kl_lambda"": 0.0, ""initial_pi"": [0.32905295491218567, 0.3194221556186676, 0.13322632014751434, 0.2182985544204712]}",2026-09-16T04:21:10.904969,28,0.3504650923940871,0.8611111111111112,0.001,0.7675675675675676,0.7821898444012225,0.675,0.92,"[0.7540983606557377, 0.7796610169491526, 0.92, 0.675]","[0.5276910714331831, 0.5981344963439693, 0.4144187256321311, 0.7348939557559788]","[0.7710843373493976, 0.7647058823529411]","[[0.8787878787878788, 0.6071428571428571], [0.8947368421052632, 0.5714285714285714], [0.0, 1.0], [0.1, 0.8666666666666667]]","[61, 59, 25, 40]",0.7662288048429282,"[0.7441990494828068, 0.7440774107440773, 0.4791666666666667, 0.4666666666666667]",0.4666666666666667,0.7348939557559788,0.8392857142857143,0.8451951951951953,0.75,0.9333333333333333,"[0.8918918918918919, 0.8055555555555556, 0.9333333333333333, 0.75]","[0.3179918357196289, 0.4206947927466697, 0.33805286002655827, 0.4289486000003914]","[0.84, 0.8387096774193549]","[[0.9, 0.8823529411764706], [0.9130434782608695, 0.6153846153846154], [0.0, 1.0], [0.5, 0.8333333333333334]]","[37, 36, 15, 24]",0.8379942140790742,"[0.8911764705882352, 0.7763975155279503, 0.4827586206896552, 0.6666666666666667]",0.4827586206896552,0.4289486000003914,"[0.3299654722213745, 0.3192317485809326, 0.13419710099697113, 0.21660572290420532]","[0.30217064751519096, 0.38491100238429177, 0.13188287574383947, 0.4176060954729716]","[0.3299654722213745, 0.3192317485809326, 0.13419710099697113, 0.21660572290420532]","[0.32905295491218567, 0.3194221556186676, 0.13322632014751434, 0.2182985544204712]",0.0
"{""run_name"": ""fedheart_exp_paper_hetagg_gdro"", ""seed"": 55, ""run_dir"": ""runs/fedheart_uncapped/Ours_Regret_s55_f0"", ""use_fedheart"": true, ""num_classes"": 2, ""stratified_batching"": true, ""train_frac"": 0.8, ""group_max_train_samples"": null, ""true_hetero_input_dim"": true, ""feature_mask"": [[0, 1, 2, 3, 5, 6, 7, 8, 9, 10], [0, 1, 2, 3, 5, 6, 11, 12], [0, 1, 2, 4, 5, 7, 11, 12], [0, 1, 2, 4, 5, 6, 8, 9, 10]], ""batch_size"": 64, ""num_workers"": 0, ""epochs"": 100, ""early_stopping_patience"": 30, ""lr"": 0.001, ""weight_decay"": 0.0001, ""optimizer"": ""adam"", ""grad_clip"": 1.0, ""lr_scheduler"": ""cosine"", ""lr_min"": 1e-05, ""latent_dim"": 64, ""head_hidden"": 32, ""groups"": [{""name"": ""cleveland"", ""encoder"": ""mlp_tabular_ln"", ""input_dim"": 10, ""hidden_dim"": 64, ""dropout"": 0.1}, {""name"": ""hungarian"", ""encoder"": ""mlp_tabular_ln"", ""input_dim"": 8, ""hidden_dim"": 64, ""dropout"": 0.1}, {""name"": ""switzerland"", ""encoder"": ""mlp_tabular_ln"", ""input_dim"": 8, ""hidden_dim"": 64, ""dropout"": 0.1}, {""name"": ""va_long_beach"", ""encoder"": ""mlp_tabular_ln"", ""input_dim"": 9, ""hidden_dim"": 64, ""dropout"": 0.1}], ""anchor_eps"": 0.0001, ""sep_samples_per_class"": 4, ""sep_method"": ""classifier"", ""sep_margin"": 1.0, ""lambda_fit"": 0.1, ""lambda_sep"": 0.1, ""groupdro_enabled"": true, ""groupdro_eta"": 0.02, ""groupdro_gamma"": 0.9, ""groupdro_update_mode"": ""exp"", ""groupdro_objective"": ""weighted"", ""groupdro_kl_lambda"": 0.0, ""groupdro_uniform_init"": false, ""log_interval"": 20, ""save_every"": 10, ""groupdro_ema_decay"": 0.9, ""groupdro_update_every"": 1, ""dro_signal"": ""val"", ""val_frac"": 0.15, ""impute_missing"": true, ""common_encoder"": false, ""use_regret"": true, ""optimal_losses"": [0.468332, 0.498132, 0.341179, 0.597641], ""data_split_seed"": 1000}","{""num_groups"": 4, ""num_classes"": 2, ""train_total"": 623, ""test_total"": 185, ""train_group_counts"": [205, 199, 83, 136], ""test_group_counts"": [61, 59, 25, 40], ""train_class_counts"": [278, 345], ""test_class_counts"": [83, 102], ""train_group_class_counts"": [[111, 94], [127, 72], [5, 78], [35, 101]], ""test_group_class_counts"": [[33, 28], [38, 21], [2, 23], [10, 30]], ""group_proportions"": [0.3290529695024077, 0.31942215088282505, 0.1332263242375602, 0.21829855537720708], ""val_group_counts"": [37, 36, 15, 24], ""val_total"": 112}","{""num_groups"": 4, ""eta"": 0.02, ""update_mode"": ""exp"", ""robust_objective"": ""weighted"", ""gamma"": 0.9, ""kl_lambda"": 0.0, ""initial_pi"": [0.32905295491218567, 0.3194221556186676, 0.13322632014751434, 0.2182985544204712]}",2026-09-16T04:21:10.904969,29,0.32523616982830894,0.8767361111111112,0.001,0.7675675675675676,0.7842025562656293,0.7,0.92,"[0.7540983606557377, 0.7627118644067796, 0.92, 0.7]","[0.5638058945712191, 0.6065308218190478, 0.4213489876687527, 0.7286425872705877]","[0.7831325301204819, 0.7549019607843137]","[[0.8787878787878788, 0.6071428571428571], [0.8947368421052632, 0.5238095238095238], [0.0, 1.0], [0.2, 0.8666666666666667]]","[61, 59, 25, 40]",0.7665854875150376,"[0.7441990494828068, 0.7201897018970189, 0.4791666666666667, 0.53125]",0.4791666666666667,0.7286425872705877,0.8214285714285714,0.8280217717717718,0.7083333333333334,0.9333333333333333,"[0.8648648648648649, 0.8055555555555556, 0.9333333333333333, 0.7083333333333334]","[0.32519942397453094, 0.4623445675501393, 0.3466063216639062, 0.43707041380306083]","[0.82, 0.8225806451612904]","[[0.85, 0.8823529411764706], [0.9565217391304348, 0.5384615384615384], [0.0, 1.0], [0.3333333333333333, 0.8333333333333334]]","[37, 36, 15, 24]",0.8199935711989714,"[0.8644688644688645, 0.7647058823529411, 0.4827586206896552, 0.5872235872235873]",0.4827586206896552,0.4623445675501393,"[0.3299654722213745, 0.3192317485809326, 0.13419710099697113, 0.21660572290420532]","[0.2625513556930754, 0.3883259610997306, 0.1180671780473656, 0.3898092756668727]","[0.3299654722213745, 0.3192317485809326, 0.13419710099697113, 0.21660572290420532]","[0.32905295491218567, 0.3194221556186676, 0.13322632014751434, 0.2182985544204712]",0.0
"{""run_name"": ""fedheart_exp_paper_hetagg_gdro"", ""seed"": 55, ""run_dir"": ""runs/fedheart_uncapped/Ours_Regret_s55_f0"", ""use_fedheart"": true, ""num_classes"": 2, ""stratified_batching"": true, ""train_frac"": 0.8, ""group_max_train_samples"": null, ""true_hetero_input_dim"": true, ""feature_mask"": [[0, 1, 2, 3, 5, 6, 7, 8, 9, 10], [0, 1, 2, 3, 5, 6, 11, 12], [0, 1, 2, 4, 5, 7, 11, 12], [0, 1, 2, 4, 5, 6, 8, 9, 10]], ""batch_size"": 64, ""num_workers"": 0, ""epochs"": 100, ""early_stopping_patience"": 30, ""lr"": 0.001, ""weight_decay"": 0.0001, ""optimizer"": ""adam"", ""grad_clip"": 1.0, ""lr_scheduler"": ""cosine"", ""lr_min"": 1e-05, ""latent_dim"": 64, ""head_hidden"": 32, ""groups"": [{""name"": ""cleveland"", ""encoder"": ""mlp_tabular_ln"", ""input_dim"": 10, ""hidden_dim"": 64, ""dropout"": 0.1}, {""name"": ""hungarian"", ""encoder"": ""mlp_tabular_ln"", ""input_dim"": 8, ""hidden_dim"": 64, ""dropout"": 0.1}, {""name"": ""switzerland"", ""encoder"": ""mlp_tabular_ln"", ""input_dim"": 8, ""hidden_dim"": 64, ""dropout"": 0.1}, {""name"": ""va_long_beach"", ""encoder"": ""mlp_tabular_ln"", ""input_dim"": 9, ""hidden_dim"": 64, ""dropout"": 0.1}], ""anchor_eps"": 0.0001, ""sep_samples_per_class"": 4, ""sep_method"": ""classifier"", ""sep_margin"": 1.0, ""lambda_fit"": 0.1, ""lambda_sep"": 0.1, ""groupdro_enabled"": true, ""groupdro_eta"": 0.02, ""groupdro_gamma"": 0.9, ""groupdro_update_mode"": ""exp"", ""groupdro_objective"": ""weighted"", ""groupdro_kl_lambda"": 0.0, ""groupdro_uniform_init"": false, ""log_interval"": 20, ""save_every"": 10, ""groupdro_ema_decay"": 0.9, ""groupdro_update_every"": 1, ""dro_signal"": ""val"", ""val_frac"": 0.15, ""impute_missing"": true, ""common_encoder"": false, ""use_regret"": true, ""optimal_losses"": [0.468332, 0.498132, 0.341179, 0.597641], ""data_split_seed"": 1000}","{""num_groups"": 4, ""num_classes"": 2, ""train_total"": 623, ""test_total"": 185, ""train_group_counts"": [205, 199, 83, 136], ""test_group_counts"": [61, 59, 25, 40], ""train_class_counts"": [278, 345], ""test_class_counts"": [83, 102], ""train_group_class_counts"": [[111, 94], [127, 72], [5, 78], [35, 101]], ""test_group_class_counts"": [[33, 28], [38, 21], [2, 23], [10, 30]], ""group_proportions"": [0.3290529695024077, 0.31942215088282505, 0.1332263242375602, 0.21829855537720708], ""val_group_counts"": [37, 36, 15, 24], ""val_total"": 112}","{""num_groups"": 4, ""eta"": 0.02, ""update_mode"": ""exp"", ""robust_objective"": ""weighted"", ""gamma"": 0.9, ""kl_lambda"": 0.0, ""initial_pi"": [0.32905295491218567, 0.3194221556186676, 0.13322632014751434, 0.2182985544204712]}",2026-09-16T04:21:10.904969,30,0.33154605825742084,0.8697916666666666,0.001,0.7675675675675676,0.7820509169213671,0.675,0.92,"[0.7704918032786885, 0.7627118644067796, 0.92, 0.675]","[0.6216722699340249, 0.5962168800849783, 0.4340882565267384, 0.7836502601159736]","[0.7710843373493976, 0.7647058823529411]","[[0.9090909090909091, 0.6071428571428571], [0.868421052631579, 0.5714285714285714], [0.0, 1.0], [0.1, 0.8666666666666667]]","[61, 59, 25, 40]",0.7662288048429282,"[0.759572072072072, 0.7282894736842105, 0.4791666666666667, 0.4666666666666667]",0.4666666666666667,0.7836502601159736,0.8303571428571429,0.8345908408408409,0.7083333333333334,0.9333333333333333,"[0.918918918918919, 0.7777777777777778, 0.9333333333333333, 0.7083333333333334]","[0.29716686665307024, 0.45526420951096547, 0.3476667426526546, 0.4308608561599006]","[0.84, 0.8225806451612904]","[[0.95, 0.8823529411764706], [0.9130434782608695, 0.5384615384615384], [0.0, 1.0], [0.3333333333333333, 0.8333333333333334]]","[37, 36, 15, 24]",0.8292545935970472,"[0.917960088691796, 0.7381818181818182, 0.4827586206896552, 0.5872235872235873]",0.4827586206896552,0.45526420951096547,"[0.3299654722213745, 0.3192317485809326, 0.13419710099697113, 0.21660572290420532]","[0.2640563084019555, 0.38786869910028243, 0.15596073700322044, 0.40565207766162026]","[0.3299654722213745, 0.3192317485809326, 0.13419710099697113, 0.21660572290420532]","[0.32905295491218567, 0.3194221556186676, 0.13322632014751434, 0.2182985544204712]",0.0
"{""run_name"": ""fedheart_exp_paper_hetagg_gdro"", ""seed"": 55, ""run_dir"": ""runs/fedheart_uncapped/Ours_Regret_s55_f0"", ""use_fedheart"": true, ""num_classes"": 2, ""stratified_batching"": true, ""train_frac"": 0.8, ""group_max_train_samples"": null, ""true_hetero_input_dim"": true, ""feature_mask"": [[0, 1, 2, 3, 5, 6, 7, 8, 9, 10], [0, 1, 2, 3, 5, 6, 11, 12], [0, 1, 2, 4, 5, 7, 11, 12], [0, 1, 2, 4, 5, 6, 8, 9, 10]], ""batch_size"": 64, ""num_workers"": 0, ""epochs"": 100, ""early_stopping_patience"": 30, ""lr"": 0.001, ""weight_decay"": 0.0001, ""optimizer"": ""adam"", ""grad_clip"": 1.0, ""lr_scheduler"": ""cosine"", ""lr_min"": 1e-05, ""latent_dim"": 64, ""head_hidden"": 32, ""groups"": [{""name"": ""cleveland"", ""encoder"": ""mlp_tabular_ln"", ""input_dim"": 10, ""hidden_dim"": 64, ""dropout"": 0.1}, {""name"": ""hungarian"", ""encoder"": ""mlp_tabular_ln"", ""input_dim"": 8, ""hidden_dim"": 64, ""dropout"": 0.1}, {""name"": ""switzerland"", ""encoder"": ""mlp_tabular_ln"", ""input_dim"": 8, ""hidden_dim"": 64, ""dropout"": 0.1}, {""name"": ""va_long_beach"", ""encoder"": ""mlp_tabular_ln"", ""input_dim"": 9, ""hidden_dim"": 64, ""dropout"": 0.1}], ""anchor_eps"": 0.0001, ""sep_samples_per_class"": 4, ""sep_method"": ""classifier"", ""sep_margin"": 1.0, ""lambda_fit"": 0.1, ""lambda_sep"": 0.1, ""groupdro_enabled"": true, ""groupdro_eta"": 0.02, ""groupdro_gamma"": 0.9, ""groupdro_update_mode"": ""exp"", ""groupdro_objective"": ""weighted"", ""groupdro_kl_lambda"": 0.0, ""groupdro_uniform_init"": false, ""log_interval"": 20, ""save_every"": 10, ""groupdro_ema_decay"": 0.9, ""groupdro_update_every"": 1, ""dro_signal"": ""val"", ""val_frac"": 0.15, ""impute_missing"": true, ""common_encoder"": false, ""use_regret"": true, ""optimal_losses"": [0.468332, 0.498132, 0.341179, 0.597641], ""data_split_seed"": 1000}","{""num_groups"": 4, ""num_classes"": 2, ""train_total"": 623, ""test_total"": 185, ""train_group_counts"": [205, 199, 83, 136], ""test_group_counts"": [61, 59, 25, 40], ""train_class_counts"": [278, 345], ""test_class_counts"": [83, 102], ""train_group_class_counts"": [[111, 94], [127, 72], [5, 78], [35, 101]], ""test_group_class_counts"": [[33, 28], [38, 21], [2, 23], [10, 30]], ""group_proportions"": [0.3290529695024077, 0.31942215088282505, 0.1332263242375602, 0.21829855537720708], ""val_group_counts"": [37, 36, 15, 24], ""val_total"": 112}","{""num_groups"": 4, ""eta"": 0.02, ""update_mode"": ""exp"", ""robust_objective"": ""weighted"", ""gamma"": 0.9, ""kl_lambda"": 0.0, ""initial_pi"": [0.32905295491218567, 0.3194221556186676, 0.13322632014751434, 0.2182985544204712]}",2026-09-16T04:21:10.904969,31,0.3234481182363298,0.8645833333333334,0.001,0.772972972972973,0.7883009169213671,0.7,0.92,"[0.7704918032786885, 0.7627118644067796, 0.92, 0.7]","[0.5567565801320598, 0.6089953565338658, 0.42526546634733675, 0.7848374245688319]","[0.7831325301204819, 0.7647058823529411]","[[0.8484848484848485, 0.6785714285714286], [0.868421052631579, 0.5714285714285714], [0.0, 1.0], [0.4, 0.8]]","[61, 59, 25, 40]",0.7718463706835801,"[0.7653846153846154, 0.7282894736842105, 0.4791666666666667, 0.6000000000000001]",0.4791666666666667,0.7848374245688319,0.8125,0.8247372372372372,0.75,0.9333333333333333,"[0.8378378378378378, 0.7777777777777778, 0.9333333333333333, 0.75]","[0.3362480890119096, 0.46929204112125766, 0.33490571680789194, 0.5007299355541667]","[0.84, 0.7903225806451613]","[[0.8, 0.8823529411764706], [0.9130434782608695, 0.5384615384615384], [0.0, 1.0], [0.8333333333333334, 0.7222222222222222]]","[37, 36, 15, 24]",0.811764705882353,"[0.8377192982456141, 0.7381818181818182, 0.4827586206896552, 0.71875]",0.4827586206896552,0.5007299355541667,"[0.3299654722213745, 0.3192317485809326, 0.13419710099697113, 0.21660572290420532]","[0.30752218928602004, 0.3555762751234902, 0.11650854473312695, 0.3814290463924408]","[0.3299654722213745, 0.3192317485809326, 0.13419710099697113, 0.21660572290420532]","[0.32905295491218567, 0.3194221556186676, 0.13322632014751434, 0.2182985544204712]",0.0
"{""run_name"": ""fedheart_exp_paper_hetagg_gdro"", ""seed"": 55, ""run_dir"": ""runs/fedheart_uncapped/Ours_Regret_s55_f0"", ""use_fedheart"": true, ""num_classes"": 2, ""stratified_batching"": true, ""train_frac"": 0.8, ""group_max_train_samples"": null, ""true_hetero_input_dim"": true, ""feature_mask"": [[0, 1, 2, 3, 5, 6, 7, 8, 9, 10], [0, 1, 2, 3, 5, 6, 11, 12], [0, 1, 2, 4, 5, 7, 11, 12], [0, 1, 2, 4, 5, 6, 8, 9, 10]], ""batch_size"": 64, ""num_workers"": 0, ""epochs"": 100, ""early_stopping_patience"": 30, ""lr"": 0.001, ""weight_decay"": 0.0001, ""optimizer"": ""adam"", ""grad_clip"": 1.0, ""lr_scheduler"": ""cosine"", ""lr_min"": 1e-05, ""latent_dim"": 64, ""head_hidden"": 32, ""groups"": [{""name"": ""cleveland"", ""encoder"": ""mlp_tabular_ln"", ""input_dim"": 10, ""hidden_dim"": 64, ""dropout"": 0.1}, {""name"": ""hungarian"", ""encoder"": ""mlp_tabular_ln"", ""input_dim"": 8, ""hidden_dim"": 64, ""dropout"": 0.1}, {""name"": ""switzerland"", ""encoder"": ""mlp_tabular_ln"", ""input_dim"": 8, ""hidden_dim"": 64, ""dropout"": 0.1}, {""name"": ""va_long_beach"", ""encoder"": ""mlp_tabular_ln"", ""input_dim"": 9, ""hidden_dim"": 64, ""dropout"": 0.1}], ""anchor_eps"": 0.0001, ""sep_samples_per_class"": 4, ""sep_method"": ""classifier"", ""sep_margin"": 1.0, ""lambda_fit"": 0.1, ""lambda_sep"": 0.1, ""groupdro_enabled"": true, ""groupdro_eta"": 0.02, ""groupdro_gamma"": 0.9, ""groupdro_update_mode"": ""exp"", ""groupdro_objective"": ""weighted"", ""groupdro_kl_lambda"": 0.0, ""groupdro_uniform_init"": false, ""log_interval"": 20, ""save_every"": 10, ""groupdro_ema_decay"": 0.9, ""groupdro_update_every"": 1, ""dro_signal"": ""val"", ""val_frac"": 0.15, ""impute_missing"": true, ""common_encoder"": false, ""use_regret"": true, ""optimal_losses"": [0.468332, 0.498132, 0.341179, 0.597641], ""data_split_seed"": 1000}","{""num_groups"": 4, ""num_classes"": 2, ""train_total"": 623, ""test_total"": 185, ""train_group_counts"": [205, 199, 83, 136], ""test_group_counts"": [61, 59, 25, 40], ""train_class_counts"": [278, 345], ""test_class_counts"": [83, 102], ""train_group_class_counts"": [[111, 94], [127, 72], [5, 78], [35, 101]], ""test_group_class_counts"": [[33, 28], [38, 21], [2, 23], [10, 30]], ""group_proportions"": [0.3290529695024077, 0.31942215088282505, 0.1332263242375602, 0.21829855537720708], ""val_group_counts"": [37, 36, 15, 24], ""val_total"": 112}","{""num_groups"": 4, ""eta"": 0.02, ""update_mode"": ""exp"", ""robust_objective"": ""weighted"", ""gamma"": 0.9, ""kl_lambda"": 0.0, ""initial_pi"": [0.32905295491218567, 0.3194221556186676, 0.13322632014751434, 0.2182985544204712]}",2026-09-16T04:21:10.904969,32,0.35352881418334114,0.8472222222222222,0.001,0.745945945945946,0.7652406918588497,0.675,0.92,"[0.7540983606557377, 0.711864406779661, 0.92, 0.675]","[0.5743300179172246, 0.6181249817580743, 0.42631259992718695, 0.8049283221364021]","[0.7228915662650602, 0.7647058823529411]","[[0.8787878787878788, 0.6071428571428571], [0.7894736842105263, 0.5714285714285714], [0.0, 1.0], [0.1, 0.8666666666666667]]","[61, 59, 25, 40]",0.7435178903277189,"[0.7441990494828068, 0.6822933164396578, 0.4791666666666667, 0.4666666666666667]",0.4666666666666667,0.8049283221364021,0.8392857142857143,0.8450075075075075,0.75,0.9333333333333333,"[0.918918918918919, 0.7777777777777778, 0.9333333333333333, 0.75]","[0.3065664053743554, 0.47676343879558974, 0.334131410655876, 0.44528580162053305]","[0.86, 0.8225806451612904]","[[0.95, 0.8823529411764706], [0.9130434782608695, 0.5384615384615384], [0.0, 1.0], [0.5, 0.8333333333333334]]","[37, 36, 15, 24]",0.8384615384615386,"[0.917960088691796, 0.7381818181818182, 0.4827586206896552, 0.6666666666666667]",0.4827586206896552,0.47676343879558974,"[0.3299654722213745, 0.3192317485809326, 0.13419710099697113, 0.21660572290420532]","[0.3562563889556461, 0.3915889064470927, 0.09232766470975345, 0.3993937820196152]","[0.3299654722213745, 0.3192317485809326, 0.13419710099697113, 0.21660572290420532]","[0.32905295491218567, 0.3194221556186676, 0.13322632014751434, 0.2182985544204712]",0.0
"{""run_name"": ""fedheart_exp_paper_hetagg_gdro"", ""seed"": 55, ""run_dir"": ""runs/fedheart_uncapped/Ours_Regret_s55_f0"", ""use_fedheart"": true, ""num_classes"": 2, ""stratified_batching"": true, ""train_frac"": 0.8, ""group_max_train_samples"": null, ""true_hetero_input_dim"": true, ""feature_mask"": [[0, 1, 2, 3, 5, 6, 7, 8, 9, 10], [0, 1, 2, 3, 5, 6, 11, 12], [0, 1, 2, 4, 5, 7, 11, 12], [0, 1, 2, 4, 5, 6, 8, 9, 10]], ""batch_size"": 64, ""num_workers"": 0, ""epochs"": 100, ""early_stopping_patience"": 30, ""lr"": 0.001, ""weight_decay"": 0.0001, ""optimizer"": ""adam"", ""grad_clip"": 1.0, ""lr_scheduler"": ""cosine"", ""lr_min"": 1e-05, ""latent_dim"": 64, ""head_hidden"": 32, ""groups"": [{""name"": ""cleveland"", ""encoder"": ""mlp_tabular_ln"", ""input_dim"": 10, ""hidden_dim"": 64, ""dropout"": 0.1}, {""name"": ""hungarian"", ""encoder"": ""mlp_tabular_ln"", ""input_dim"": 8, ""hidden_dim"": 64, ""dropout"": 0.1}, {""name"": ""switzerland"", ""encoder"": ""mlp_tabular_ln"", ""input_dim"": 8, ""hidden_dim"": 64, ""dropout"": 0.1}, {""name"": ""va_long_beach"", ""encoder"": ""mlp_tabular_ln"", ""input_dim"": 9, ""hidden_dim"": 64, ""dropout"": 0.1}], ""anchor_eps"": 0.0001, ""sep_samples_per_class"": 4, ""sep_method"": ""classifier"", ""sep_margin"": 1.0, ""lambda_fit"": 0.1, ""lambda_sep"": 0.1, ""groupdro_enabled"": true, ""groupdro_eta"": 0.02, ""groupdro_gamma"": 0.9, ""groupdro_update_mode"": ""exp"", ""groupdro_objective"": ""weighted"", ""groupdro_kl_lambda"": 0.0, ""groupdro_uniform_init"": false, ""log_interval"": 20, ""save_every"": 10, ""groupdro_ema_decay"": 0.9, ""groupdro_update_every"": 1, ""dro_signal"": ""val"", ""val_frac"": 0.15, ""impute_missing"": true, ""common_encoder"": false, ""use_regret"": true, ""optimal_losses"": [0.468332, 0.498132, 0.341179, 0.597641], ""data_split_seed"": 1000}","{""num_groups"": 4, ""num_classes"": 2, ""train_total"": 623, ""test_total"": 185, ""train_group_counts"": [205, 199, 83, 136], ""test_group_counts"": [61, 59, 25, 40], ""train_class_counts"": [278, 345], ""test_class_counts"": [83, 102], ""train_group_class_counts"": [[111, 94], [127, 72], [5, 78], [35, 101]], ""test_group_class_counts"": [[33, 28], [38, 21], [2, 23], [10, 30]], ""group_proportions"": [0.3290529695024077, 0.31942215088282505, 0.1332263242375602, 0.21829855537720708], ""val_group_counts"": [37, 36, 15, 24], ""val_total"": 112}","{""num_groups"": 4, ""eta"": 0.02, ""update_mode"": ""exp"", ""robust_objective"": ""weighted"", ""gamma"": 0.9, ""kl_lambda"": 0.0, ""initial_pi"": [0.32905295491218567, 0.3194221556186676, 0.13322632014751434, 0.2182985544204712]}",2026-09-16T04:21:10.904969,33,0.3083837512466643,0.890625,0.001,0.7513513513513513,0.7674652681300361,0.65,0.92,"[0.7540983606557377, 0.7457627118644068, 0.92, 0.65]","[0.5514801453730305, 0.6362836523833921, 0.43709969023242595, 0.8034727785270661]","[0.7590361445783133, 0.7450980392156863]","[[0.8787878787878788, 0.6071428571428571], [0.868421052631579, 0.5238095238095238], [0.0, 1.0], [0.1, 0.8333333333333334]]","[61, 59, 25, 40]",0.7501174536058257,"[0.7441990494828068, 0.7047047047047047, 0.4791666666666667, 0.453125]",0.453125,0.8034727785270661,0.8303571428571429,0.8382507507507507,0.75,0.9333333333333333,"[0.8918918918918919, 0.7777777777777778, 0.9333333333333333, 0.75]","[0.3168462931832953, 0.4910739515390661, 0.35162029170120757, 0.45534193647714954]","[0.84, 0.8225806451612904]","[[0.9, 0.8823529411764706], [0.9130434782608695, 0.5384615384615384], [0.0, 1.0], [0.5, 0.8333333333333334]]","[37, 36, 15, 24]",0.8292545935970472,"[0.8911764705882352, 0.7381818181818182, 0.4827586206896552, 0.6666666666666667]",0.4827586206896552,0.4910739515390661,"[0.3299654722213745, 0.3192317485809326, 0.13419710099697113, 0.21660572290420532]","[0.2893389446867837, 0.32090822027789223, 0.1413051982720693, 0.40079271379444337]","[0.3299654722213745, 0.3192317485809326, 0.13419710099697113, 0.21660572290420532]","[0.32905295491218567, 0.3194221556186676, 0.13322632014751434, 0.2182985544204712]",0.0
"{""run_name"": ""fedheart_exp_paper_hetagg_gdro"", ""seed"": 55, ""run_dir"": ""runs/fedheart_uncapped/Ours_Regret_s55_f0"", ""use_fedheart"": true, ""num_classes"": 2, ""stratified_batching"": true, ""train_frac"": 0.8, ""group_max_train_samples"": null, ""true_hetero_input_dim"": true, ""feature_mask"": [[0, 1, 2, 3, 5, 6, 7, 8, 9, 10], [0, 1, 2, 3, 5, 6, 11, 12], [0, 1, 2, 4, 5, 7, 11, 12], [0, 1, 2, 4, 5, 6, 8, 9, 10]], ""batch_size"": 64, ""num_workers"": 0, ""epochs"": 100, ""early_stopping_patience"": 30, ""lr"": 0.001, ""weight_decay"": 0.0001, ""optimizer"": ""adam"", ""grad_clip"": 1.0, ""lr_scheduler"": ""cosine"", ""lr_min"": 1e-05, ""latent_dim"": 64, ""head_hidden"": 32, ""groups"": [{""name"": ""cleveland"", ""encoder"": ""mlp_tabular_ln"", ""input_dim"": 10, ""hidden_dim"": 64, ""dropout"": 0.1}, {""name"": ""hungarian"", ""encoder"": ""mlp_tabular_ln"", ""input_dim"": 8, ""hidden_dim"": 64, ""dropout"": 0.1}, {""name"": ""switzerland"", ""encoder"": ""mlp_tabular_ln"", ""input_dim"": 8, ""hidden_dim"": 64, ""dropout"": 0.1}, {""name"": ""va_long_beach"", ""encoder"": ""mlp_tabular_ln"", ""input_dim"": 9, ""hidden_dim"": 64, ""dropout"": 0.1}], ""anchor_eps"": 0.0001, ""sep_samples_per_class"": 4, ""sep_method"": ""classifier"", ""sep_margin"": 1.0, ""lambda_fit"": 0.1, ""lambda_sep"": 0.1, ""groupdro_enabled"": true, ""groupdro_eta"": 0.02, ""groupdro_gamma"": 0.9, ""groupdro_update_mode"": ""exp"", ""groupdro_objective"": ""weighted"", ""groupdro_kl_lambda"": 0.0, ""groupdro_uniform_init"": false, ""log_interval"": 20, ""save_every"": 10, ""groupdro_ema_decay"": 0.9, ""groupdro_update_every"": 1, ""dro_signal"": ""val"", ""val_frac"": 0.15, ""impute_missing"": true, ""common_encoder"": false, ""use_regret"": true, ""optimal_losses"": [0.468332, 0.498132, 0.341179, 0.597641], ""data_split_seed"": 1000}","{""num_groups"": 4, ""num_classes"": 2, ""train_total"": 623, ""test_total"": 185, ""train_group_counts"": [205, 199, 83, 136], ""test_group_counts"": [61, 59, 25, 40], ""train_class_counts"": [278, 345], ""test_class_counts"": [83, 102], ""train_group_class_counts"": [[111, 94], [127, 72], [5, 78], [35, 101]], ""test_group_class_counts"": [[33, 28], [38, 21], [2, 23], [10, 30]], ""group_proportions"": [0.3290529695024077, 0.31942215088282505, 0.1332263242375602, 0.21829855537720708], ""val_group_counts"": [37, 36, 15, 24], ""val_total"": 112}","{""num_groups"": 4, ""eta"": 0.02, ""update_mode"": ""exp"", ""robust_objective"": ""weighted"", ""gamma"": 0.9, ""kl_lambda"": 0.0, ""initial_pi"": [0.32905295491218567, 0.3194221556186676, 0.13322632014751434, 0.2182985544204712]}",2026-09-16T04:21:10.904969,34,0.2897624803913964,0.8784722222222222,0.001,0.7513513513513513,0.7694779799944429,0.675,0.92,"[0.7540983606557377, 0.7288135593220338, 0.92, 0.675]","[0.5560962311526547, 0.6323752041779838, 0.4625341745465994, 0.8065911540295929]","[0.7710843373493976, 0.7352941176470589]","[[0.8787878787878788, 0.6071428571428571], [0.8421052631578947, 0.5238095238095238], [0.0, 1.0], [0.3, 0.8]]","[61, 59, 25, 40]",0.7504691531785128,"[0.7441990494828068, 0.6894736842105263, 0.4791666666666667, 0.551337359792925]",0.4791666666666667,0.8065911540295929,0.8392857142857143,0.8450075075075075,0.75,0.9333333333333333,"[0.918918918918919, 0.7777777777777778, 0.9333333333333333, 0.75]","[0.3155740494336429, 0.48936012625280356, 0.3833721285375456, 0.4818438133224845]","[0.88, 0.8064516129032258]","[[0.95, 0.8823529411764706], [0.9130434782608695, 0.5384615384615384], [0.0, 1.0], [0.6666666666666666, 0.7777777777777778]]","[37, 36, 15, 24]",0.8388231531819634,"[0.917960088691796, 0.7381818181818182, 0.4827586206896552, 0.6974789915966387]",0.4827586206896552,0.48936012625280356,"[0.3299654722213745, 0.3192317485809326, 0.13419710099697113, 0.21660572290420532]","[0.28392244544294143, 0.32000648147530025, 0.10842113403810395, 0.37883611271778744]","[0.3299654722213745, 0.3192317485809326, 0.13419710099697113, 0.21660572290420532]","[0.32905295491218567, 0.3194221556186676, 0.13322632014751434, 0.2182985544204712]",0.0
"{""run_name"": ""fedheart_exp_paper_hetagg_gdro"", ""seed"": 55, ""run_dir"": ""runs/fedheart_uncapped/Ours_Regret_s55_f0"", ""use_fedheart"": true, ""num_classes"": 2, ""stratified_batching"": true, ""train_frac"": 0.8, ""group_max_train_samples"": null, ""true_hetero_input_dim"": true, ""feature_mask"": [[0, 1, 2, 3, 5, 6, 7, 8, 9, 10], [0, 1, 2, 3, 5, 6, 11, 12], [0, 1, 2, 4, 5, 7, 11, 12], [0, 1, 2, 4, 5, 6, 8, 9, 10]], ""batch_size"": 64, ""num_workers"": 0, ""epochs"": 100, ""early_stopping_patience"": 30, ""lr"": 0.001, ""weight_decay"": 0.0001, ""optimizer"": ""adam"", ""grad_clip"": 1.0, ""lr_scheduler"": ""cosine"", ""lr_min"": 1e-05, ""latent_dim"": 64, ""head_hidden"": 32, ""groups"": [{""name"": ""cleveland"", ""encoder"": ""mlp_tabular_ln"", ""input_dim"": 10, ""hidden_dim"": 64, ""dropout"": 0.1}, {""name"": ""hungarian"", ""encoder"": ""mlp_tabular_ln"", ""input_dim"": 8, ""hidden_dim"": 64, ""dropout"": 0.1}, {""name"": ""switzerland"", ""encoder"": ""mlp_tabular_ln"", ""input_dim"": 8, ""hidden_dim"": 64, ""dropout"": 0.1}, {""name"": ""va_long_beach"", ""encoder"": ""mlp_tabular_ln"", ""input_dim"": 9, ""hidden_dim"": 64, ""dropout"": 0.1}], ""anchor_eps"": 0.0001, ""sep_samples_per_class"": 4, ""sep_method"": ""classifier"", ""sep_margin"": 1.0, ""lambda_fit"": 0.1, ""lambda_sep"": 0.1, ""groupdro_enabled"": true, ""groupdro_eta"": 0.02, ""groupdro_gamma"": 0.9, ""groupdro_update_mode"": ""exp"", ""groupdro_objective"": ""weighted"", ""groupdro_kl_lambda"": 0.0, ""groupdro_uniform_init"": false, ""log_interval"": 20, ""save_every"": 10, ""groupdro_ema_decay"": 0.9, ""groupdro_update_every"": 1, ""dro_signal"": ""val"", ""val_frac"": 0.15, ""impute_missing"": true, ""common_encoder"": false, ""use_regret"": true, ""optimal_losses"": [0.468332, 0.498132, 0.341179, 0.597641], ""data_split_seed"": 1000}","{""num_groups"": 4, ""num_classes"": 2, ""train_total"": 623, ""test_total"": 185, ""train_group_counts"": [205, 199, 83, 136], ""test_group_counts"": [61, 59, 25, 40], ""train_class_counts"": [278, 345], ""test_class_counts"": [83, 102], ""train_group_class_counts"": [[111, 94], [127, 72], [5, 78], [35, 101]], ""test_group_class_counts"": [[33, 28], [38, 21], [2, 23], [10, 30]], ""group_proportions"": [0.3290529695024077, 0.31942215088282505, 0.1332263242375602, 0.21829855537720708], ""val_group_counts"": [37, 36, 15, 24], ""val_total"": 112}","{""num_groups"": 4, ""eta"": 0.02, ""update_mode"": ""exp"", ""robust_objective"": ""weighted"", ""gamma"": 0.9, ""kl_lambda"": 0.0, ""initial_pi"": [0.32905295491218567, 0.3194221556186676, 0.13322632014751434, 0.2182985544204712]}",2026-09-16T04:21:10.904969,35,0.3216154244210985,0.8489583333333334,0.001,0.7621621621621621,0.7796874131703251,0.7,0.92,"[0.7868852459016393, 0.711864406779661, 0.92, 0.7]","[0.6340527123405186, 0.6476334364042949, 0.48498291687108575, 0.8223858999554068]","[0.7710843373493976, 0.7549019607843137]","[[0.9393939393939394, 0.6071428571428571], [0.8157894736842105, 0.5238095238095238], [0.0, 1.0], [0.2, 0.8666666666666667]]","[61, 59, 25, 40]",0.7609819121447028,"[0.7750354609929078, 0.6744563453424214, 0.4791666666666667, 0.53125]",0.4791666666666667,0.8223858999554068,0.8482142857142857,0.8517642642642642,0.75,0.9459459459459459,"[0.9459459459459459, 0.7777777777777778, 0.9333333333333333, 0.75]","[0.3093923414881165, 0.5047699782428228, 0.4049890453927219, 0.43149541271850467]","[0.88, 0.8225806451612904]","[[1.0, 0.8823529411764706], [0.9130434782608695, 0.5384615384615384], [0.0, 1.0], [0.5, 0.8333333333333334]]","[37, 36, 15, 24]",0.8476190476190476,"[0.9449404761904762, 0.7381818181818182, 0.4827586206896552, 0.6666666666666667]",0.4827586206896552,0.5047699782428228,"[0.3299621641635895, 0.31922855973243713, 0.13420575857162476, 0.21660354733467102]","[0.33275193803840214, 0.3574424650934007, 0.1662772987037897, 0.3685046061873436]","[0.3299654722213745, 0.3192317485809326, 0.13419710099697113, 0.21660572290420532]","[0.32905295491218567, 0.3194221556186676, 0.13322632014751434, 0.2182985544204712]",0.0
"{""run_name"": ""fedheart_exp_paper_hetagg_gdro"", ""seed"": 55, ""run_dir"": ""runs/fedheart_uncapped/Ours_Regret_s55_f0"", ""use_fedheart"": true, ""num_classes"": 2, ""stratified_batching"": true, ""train_frac"": 0.8, ""group_max_train_samples"": null, ""true_hetero_input_dim"": true, ""feature_mask"": [[0, 1, 2, 3, 5, 6, 7, 8, 9, 10], [0, 1, 2, 3, 5, 6, 11, 12], [0, 1, 2, 4, 5, 7, 11, 12], [0, 1, 2, 4, 5, 6, 8, 9, 10]], ""batch_size"": 64, ""num_workers"": 0, ""epochs"": 100, ""early_stopping_patience"": 30, ""lr"": 0.001, ""weight_decay"": 0.0001, ""optimizer"": ""adam"", ""grad_clip"": 1.0, ""lr_scheduler"": ""cosine"", ""lr_min"": 1e-05, ""latent_dim"": 64, ""head_hidden"": 32, ""groups"": [{""name"": ""cleveland"", ""encoder"": ""mlp_tabular_ln"", ""input_dim"": 10, ""hidden_dim"": 64, ""dropout"": 0.1}, {""name"": ""hungarian"", ""encoder"": ""mlp_tabular_ln"", ""input_dim"": 8, ""hidden_dim"": 64, ""dropout"": 0.1}, {""name"": ""switzerland"", ""encoder"": ""mlp_tabular_ln"", ""input_dim"": 8, ""hidden_dim"": 64, ""dropout"": 0.1}, {""name"": ""va_long_beach"", ""encoder"": ""mlp_tabular_ln"", ""input_dim"": 9, ""hidden_dim"": 64, ""dropout"": 0.1}], ""anchor_eps"": 0.0001, ""sep_samples_per_class"": 4, ""sep_method"": ""classifier"", ""sep_margin"": 1.0, ""lambda_fit"": 0.1, ""lambda_sep"": 0.1, ""groupdro_enabled"": true, ""groupdro_eta"": 0.02, ""groupdro_gamma"": 0.9, ""groupdro_update_mode"": ""exp"", ""groupdro_objective"": ""weighted"", ""groupdro_kl_lambda"": 0.0, ""groupdro_uniform_init"": false, ""log_interval"": 20, ""save_every"": 10, ""groupdro_ema_decay"": 0.9, ""groupdro_update_every"": 1, ""dro_signal"": ""val"", ""val_frac"": 0.15, ""impute_missing"": true, ""common_encoder"": false, ""use_regret"": true, ""optimal_losses"": [0.468332, 0.498132, 0.341179, 0.597641], ""data_split_seed"": 1000}","{""num_groups"": 4, ""num_classes"": 2, ""train_total"": 623, ""test_total"": 185, ""train_group_counts"": [205, 199, 83, 136], ""test_group_counts"": [61, 59, 25, 40], ""train_class_counts"": [278, 345], ""test_class_counts"": [83, 102], ""train_group_class_counts"": [[111, 94], [127, 72], [5, 78], [35, 101]], ""test_group_class_counts"": [[33, 28], [38, 21], [2, 23], [10, 30]], ""group_proportions"": [0.3290529695024077, 0.31942215088282505, 0.1332263242375602, 0.21829855537720708], ""val_group_counts"": [37, 36, 15, 24], ""val_total"": 112}","{""num_groups"": 4, ""eta"": 0.02, ""update_mode"": ""exp"", ""robust_objective"": ""weighted"", ""gamma"": 0.9, ""kl_lambda"": 0.0, ""initial_pi"": [0.32905295491218567, 0.3194221556186676, 0.13322632014751434, 0.2182985544204712]}",2026-09-16T04:21:10.904969,36,0.2873260560962889,0.875,0.001,0.7621621621621621,0.7798263406501806,0.7,0.92,"[0.7704918032786885, 0.7288135593220338, 0.92, 0.7]","[0.5365508164805894, 0.6494848939069247, 0.45796750983223317, 0.8153893742710352]","[0.7590361445783133, 0.7647058823529411]","[[0.8787878787878788, 0.6428571428571429], [0.8421052631578947, 0.5238095238095238], [0.0, 1.0], [0.2, 0.8666666666666667]]","[61, 59, 25, 40]",0.7605882352941176,"[0.7627777777777778, 0.6894736842105263, 0.4791666666666667, 0.53125]",0.4791666666666667,0.8153893742710352,0.8214285714285714,0.8351539039039039,0.7777777777777778,0.9333333333333333,"[0.8378378378378378, 0.7777777777777778, 0.9333333333333333, 0.7916666666666666]","[0.3298249406161139, 0.5068636446829058, 0.3917704857420176, 0.4389332451391965]","[0.82, 0.8225806451612904]","[[0.8, 0.8823529411764706], [0.9130434782608695, 0.5384615384615384], [0.0, 1.0], [0.6666666666666666, 0.8333333333333334]]","[37, 36, 15, 24]",0.8199935711989714,"[0.8377192982456141, 0.7381818181818182, 0.4827586206896552, 0.7362637362637362]",0.4827586206896552,0.5068636446829058,"[0.32995468378067017, 0.3192213177680969, 0.13422530889511108, 0.21659864485263824]","[0.2639903583460384, 0.32769768602318233, 0.12318733965771066, 0.3826210598150889]","[0.3299621641635895, 0.31922855973243713, 0.13420575857162476, 0.21660354733467102]","[0.32905295491218567, 0.3194221556186676, 0.13322632014751434, 0.2182985544204712]",0.0
"{""run_name"": ""fedheart_exp_paper_hetagg_gdro"", ""seed"": 55, ""run_dir"": ""runs/fedheart_uncapped/Ours_Regret_s55_f0"", ""use_fedheart"": true, ""num_classes"": 2, ""stratified_batching"": true, ""train_frac"": 0.8, ""group_max_train_samples"": null, ""true_hetero_input_dim"": true, ""feature_mask"": [[0, 1, 2, 3, 5, 6, 7, 8, 9, 10], [0, 1, 2, 3, 5, 6, 11, 12], [0, 1, 2, 4, 5, 7, 11, 12], [0, 1, 2, 4, 5, 6, 8, 9, 10]], ""batch_size"": 64, ""num_workers"": 0, ""epochs"": 100, ""early_stopping_patience"": 30, ""lr"": 0.001, ""weight_decay"": 0.0001, ""optimizer"": ""adam"", ""grad_clip"": 1.0, ""lr_scheduler"": ""cosine"", ""lr_min"": 1e-05, ""latent_dim"": 64, ""head_hidden"": 32, ""groups"": [{""name"": ""cleveland"", ""encoder"": ""mlp_tabular_ln"", ""input_dim"": 10, ""hidden_dim"": 64, ""dropout"": 0.1}, {""name"": ""hungarian"", ""encoder"": ""mlp_tabular_ln"", ""input_dim"": 8, ""hidden_dim"": 64, ""dropout"": 0.1}, {""name"": ""switzerland"", ""encoder"": ""mlp_tabular_ln"", ""input_dim"": 8, ""hidden_dim"": 64, ""dropout"": 0.1}, {""name"": ""va_long_beach"", ""encoder"": ""mlp_tabular_ln"", ""input_dim"": 9, ""hidden_dim"": 64, ""dropout"": 0.1}], ""anchor_eps"": 0.0001, ""sep_samples_per_class"": 4, ""sep_method"": ""classifier"", ""sep_margin"": 1.0, ""lambda_fit"": 0.1, ""lambda_sep"": 0.1, ""groupdro_enabled"": true, ""groupdro_eta"": 0.02, ""groupdro_gamma"": 0.9, ""groupdro_update_mode"": ""exp"", ""groupdro_objective"": ""weighted"", ""groupdro_kl_lambda"": 0.0, ""groupdro_uniform_init"": false, ""log_interval"": 20, ""save_every"": 10, ""groupdro_ema_decay"": 0.9, ""groupdro_update_every"": 1, ""dro_signal"": ""val"", ""val_frac"": 0.15, ""impute_missing"": true, ""common_encoder"": false, ""use_regret"": true, ""optimal_losses"": [0.468332, 0.498132, 0.341179, 0.597641], ""data_split_seed"": 1000}","{""num_groups"": 4, ""num_classes"": 2, ""train_total"": 623, ""test_total"": 185, ""train_group_counts"": [205, 199, 83, 136], ""test_group_counts"": [61, 59, 25, 40], ""train_class_counts"": [278, 345], ""test_class_counts"": [83, 102], ""train_group_class_counts"": [[111, 94], [127, 72], [5, 78], [35, 101]], ""test_group_class_counts"": [[33, 28], [38, 21], [2, 23], [10, 30]], ""group_proportions"": [0.3290529695024077, 0.31942215088282505, 0.1332263242375602, 0.21829855537720708], ""val_group_counts"": [37, 36, 15, 24], ""val_total"": 112}","{""num_groups"": 4, ""eta"": 0.02, ""update_mode"": ""exp"", ""robust_objective"": ""weighted"", ""gamma"": 0.9, ""kl_lambda"": 0.0, ""initial_pi"": [0.32905295491218567, 0.3194221556186676, 0.13322632014751434, 0.2182985544204712]}",2026-09-16T04:21:10.904969,37,0.3115868833329942,0.8628472222222222,0.001,0.7567567567567568,0.7735763406501805,0.675,0.92,"[0.7704918032786885, 0.7288135593220338, 0.92, 0.675]","[0.5969563910210902, 0.6342380418899959, 0.4506145085021853, 0.8079113061772659]","[0.7710843373493976, 0.7450980392156863]","[[0.9090909090909091, 0.6071428571428571], [0.8421052631578947, 0.5238095238095238], [0.0, 1.0], [0.2, 0.8333333333333334]]","[61, 59, 25, 40]",0.7557289985622488,"[0.759572072072072, 0.6894736842105263, 0.4791666666666667, 0.5144724556489263]",0.4791666666666667,0.8079113061772659,0.8303571428571429,0.8382507507507507,0.75,0.9333333333333333,"[0.8918918918918919, 0.7777777777777778, 0.9333333333333333, 0.75]","[0.29772968112642095, 0.5330098712713354, 0.3929448008071631, 0.44367770400519174]","[0.84, 0.8225806451612904]","[[0.9, 0.8823529411764706], [0.9130434782608695, 0.5384615384615384], [0.0, 1.0], [0.5, 0.8333333333333334]]","[37, 36, 15, 24]",0.8292545935970472,"[0.8911764705882352, 0.7381818181818182, 0.4827586206896552, 0.6666666666666667]",0.4827586206896552,0.5330098712713354,"[0.32994338870048523, 0.319210410118103, 0.13425494730472565, 0.2165912389755249]","[0.2807757837904824, 0.36191585494412315, 0.17831360093421406, 0.39291062619951034]","[0.32995468378067017, 0.3192213177680969, 0.13422530889511108, 0.21659864485263824]","[0.32905295491218567, 0.3194221556186676, 0.13322632014751434, 0.2182985544204712]",0.0
"{""run_name"": ""fedheart_exp_paper_hetagg_gdro"", ""seed"": 55, ""run_dir"": ""runs/fedheart_uncapped/Ours_Regret_s55_f0"", ""use_fedheart"": true, ""num_classes"": 2, ""stratified_batching"": true, ""train_frac"": 0.8, ""group_max_train_samples"": null, ""true_hetero_input_dim"": true, ""feature_mask"": [[0, 1, 2, 3, 5, 6, 7, 8, 9, 10], [0, 1, 2, 3, 5, 6, 11, 12], [0, 1, 2, 4, 5, 7, 11, 12], [0, 1, 2, 4, 5, 6, 8, 9, 10]], ""batch_size"": 64, ""num_workers"": 0, ""epochs"": 100, ""early_stopping_patience"": 30, ""lr"": 0.001, ""weight_decay"": 0.0001, ""optimizer"": ""adam"", ""grad_clip"": 1.0, ""lr_scheduler"": ""cosine"", ""lr_min"": 1e-05, ""latent_dim"": 64, ""head_hidden"": 32, ""groups"": [{""name"": ""cleveland"", ""encoder"": ""mlp_tabular_ln"", ""input_dim"": 10, ""hidden_dim"": 64, ""dropout"": 0.1}, {""name"": ""hungarian"", ""encoder"": ""mlp_tabular_ln"", ""input_dim"": 8, ""hidden_dim"": 64, ""dropout"": 0.1}, {""name"": ""switzerland"", ""encoder"": ""mlp_tabular_ln"", ""input_dim"": 8, ""hidden_dim"": 64, ""dropout"": 0.1}, {""name"": ""va_long_beach"", ""encoder"": ""mlp_tabular_ln"", ""input_dim"": 9, ""hidden_dim"": 64, ""dropout"": 0.1}], ""anchor_eps"": 0.0001, ""sep_samples_per_class"": 4, ""sep_method"": ""classifier"", ""sep_margin"": 1.0, ""lambda_fit"": 0.1, ""lambda_sep"": 0.1, ""groupdro_enabled"": true, ""groupdro_eta"": 0.02, ""groupdro_gamma"": 0.9, ""groupdro_update_mode"": ""exp"", ""groupdro_objective"": ""weighted"", ""groupdro_kl_lambda"": 0.0, ""groupdro_uniform_init"": false, ""log_interval"": 20, ""save_every"": 10, ""groupdro_ema_decay"": 0.9, ""groupdro_update_every"": 1, ""dro_signal"": ""val"", ""val_frac"": 0.15, ""impute_missing"": true, ""common_encoder"": false, ""use_regret"": true, ""optimal_losses"": [0.468332, 0.498132, 0.341179, 0.597641], ""data_split_seed"": 1000}","{""num_groups"": 4, ""num_classes"": 2, ""train_total"": 623, ""test_total"": 185, ""train_group_counts"": [205, 199, 83, 136], ""test_group_counts"": [61, 59, 25, 40], ""train_class_counts"": [278, 345], ""test_class_counts"": [83, 102], ""train_group_class_counts"": [[111, 94], [127, 72], [5, 78], [35, 101]], ""test_group_class_counts"": [[33, 28], [38, 21], [2, 23], [10, 30]], ""group_proportions"": [0.3290529695024077, 0.31942215088282505, 0.1332263242375602, 0.21829855537720708], ""val_group_counts"": [37, 36, 15, 24], ""val_total"": 112}","{""num_groups"": 4, ""eta"": 0.02, ""update_mode"": ""exp"", ""robust_objective"": ""weighted"", ""gamma"": 0.9, ""kl_lambda"": 0.0, ""initial_pi"": [0.32905295491218567, 0.3194221556186676, 0.13322632014751434, 0.2182985544204712]}",2026-09-16T04:21:10.904969,38,0.2866380463043849,0.8628472222222222,0.001,0.7675675675675676,0.7839247013059183,0.7,0.92,"[0.7868852459016393, 0.7288135593220338, 0.92, 0.7]","[0.6369476349886934, 0.6296654963092405, 0.4713446516729891, 0.78922363165766]","[0.7590361445783133, 0.7745098039215687]","[[0.9393939393939394, 0.6071428571428571], [0.7894736842105263, 0.6190476190476191], [0.0, 1.0], [0.2, 0.8666666666666667]]","[61, 59, 25, 40]",0.7658158909594042,"[0.7750354609929078, 0.7042606516290727, 0.4791666666666667, 0.53125]",0.4791666666666667,0.78922363165766,0.8392857142857143,0.8413475975975976,0.7083333333333334,0.9459459459459459,"[0.9459459459459459, 0.7777777777777778, 0.9333333333333333, 0.7083333333333334]","[0.29168688051553593, 0.5203017753859361, 0.39111135716860496, 0.4581662272103131]","[0.88, 0.8064516129032258]","[[1.0, 0.8823529411764706], [0.9130434782608695, 0.5384615384615384], [0.0, 1.0], [0.5, 0.7777777777777778]]","[37, 36, 15, 24]",0.8388231531819634,"[0.9449404761904762, 0.7381818181818182, 0.4827586206896552, 0.6307692307692307]",0.4827586206896552,0.5203017753859361,"[0.32992878556251526, 0.31919628381729126, 0.13429322838783264, 0.21658165752887726]","[0.26748499108685386, 0.32779253356986576, 0.09891173678139846, 0.41386565897199845]","[0.32994338870048523, 0.319210410118103, 0.13425494730472565, 0.2165912389755249]","[0.32905295491218567, 0.3194221556186676, 0.13322632014751434, 0.2182985544204712]",0.0
"{""run_name"": ""fedheart_exp_paper_hetagg_gdro"", ""seed"": 55, ""run_dir"": ""runs/fedheart_uncapped/Ours_Regret_s55_f0"", ""use_fedheart"": true, ""num_classes"": 2, ""stratified_batching"": true, ""train_frac"": 0.8, ""group_max_train_samples"": null, ""true_hetero_input_dim"": true, ""feature_mask"": [[0, 1, 2, 3, 5, 6, 7, 8, 9, 10], [0, 1, 2, 3, 5, 6, 11, 12], [0, 1, 2, 4, 5, 7, 11, 12], [0, 1, 2, 4, 5, 6, 8, 9, 10]], ""batch_size"": 64, ""num_workers"": 0, ""epochs"": 100, ""early_stopping_patience"": 30, ""lr"": 0.001, ""weight_decay"": 0.0001, ""optimizer"": ""adam"", ""grad_clip"": 1.0, ""lr_scheduler"": ""cosine"", ""lr_min"": 1e-05, ""latent_dim"": 64, ""head_hidden"": 32, ""groups"": [{""name"": ""cleveland"", ""encoder"": ""mlp_tabular_ln"", ""input_dim"": 10, ""hidden_dim"": 64, ""dropout"": 0.1}, {""name"": ""hungarian"", ""encoder"": ""mlp_tabular_ln"", ""input_dim"": 8, ""hidden_dim"": 64, ""dropout"": 0.1}, {""name"": ""switzerland"", ""encoder"": ""mlp_tabular_ln"", ""input_dim"": 8, ""hidden_dim"": 64, ""dropout"": 0.1}, {""name"": ""va_long_beach"", ""encoder"": ""mlp_tabular_ln"", ""input_dim"": 9, ""hidden_dim"": 64, ""dropout"": 0.1}], ""anchor_eps"": 0.0001, ""sep_samples_per_class"": 4, ""sep_method"": ""classifier"", ""sep_margin"": 1.0, ""lambda_fit"": 0.1, ""lambda_sep"": 0.1, ""groupdro_enabled"": true, ""groupdro_eta"": 0.02, ""groupdro_gamma"": 0.9, ""groupdro_update_mode"": ""exp"", ""groupdro_objective"": ""weighted"", ""groupdro_kl_lambda"": 0.0, ""groupdro_uniform_init"": false, ""log_interval"": 20, ""save_every"": 10, ""groupdro_ema_decay"": 0.9, ""groupdro_update_every"": 1, ""dro_signal"": ""val"", ""val_frac"": 0.15, ""impute_missing"": true, ""common_encoder"": false, ""use_regret"": true, ""optimal_losses"": [0.468332, 0.498132, 0.341179, 0.597641], ""data_split_seed"": 1000}","{""num_groups"": 4, ""num_classes"": 2, ""train_total"": 623, ""test_total"": 185, ""train_group_counts"": [205, 199, 83, 136], ""test_group_counts"": [61, 59, 25, 40], ""train_class_counts"": [278, 345], ""test_class_counts"": [83, 102], ""train_group_class_counts"": [[111, 94], [127, 72], [5, 78], [35, 101]], ""test_group_class_counts"": [[33, 28], [38, 21], [2, 23], [10, 30]], ""group_proportions"": [0.3290529695024077, 0.31942215088282505, 0.1332263242375602, 0.21829855537720708], ""val_group_counts"": [37, 36, 15, 24], ""val_total"": 112}","{""num_groups"": 4, ""eta"": 0.02, ""update_mode"": ""exp"", ""robust_objective"": ""weighted"", ""gamma"": 0.9, ""kl_lambda"": 0.0, ""initial_pi"": [0.32905295491218567, 0.3194221556186676, 0.13322632014751434, 0.2182985544204712]}",2026-09-16T04:21:10.904969,39,0.3161886003282335,0.84375,0.001,0.7675675675675676,0.7842025562656293,0.7,0.92,"[0.7540983606557377, 0.7627118644067796, 0.92, 0.7]","[0.5814768420646853, 0.6346415253671802, 0.47151581486687066, 0.7755644743330776]","[0.7831325301204819, 0.7549019607843137]","[[0.8787878787878788, 0.6071428571428571], [0.8947368421052632, 0.5238095238095238], [0.0, 1.0], [0.2, 0.8666666666666667]]","[61, 59, 25, 40]",0.7665854875150376,"[0.7441990494828068, 0.7201897018970189, 0.4791666666666667, 0.53125]",0.4791666666666667,0.7755644743330776,0.8303571428571429,0.8382507507507507,0.75,0.9333333333333333,"[0.8918918918918919, 0.7777777777777778, 0.9333333333333333, 0.75]","[0.31771662792920863, 0.52686837175861, 0.3747684242669493, 0.4795381836593151]","[0.86, 0.8064516129032258]","[[0.9, 0.8823529411764706], [0.9130434782608695, 0.5384615384615384], [0.0, 1.0], [0.6666666666666666, 0.7777777777777778]]","[37, 36, 15, 24]",0.8296918767507002,"[0.8911764705882352, 0.7381818181818182, 0.4827586206896552, 0.6974789915966387]",0.4827586206896552,0.52686837175861,"[0.3299126625061035, 0.3191806972026825, 0.1343355029821396, 0.21657107770442963]","[0.3084676042199135, 0.36014605561892193, 0.10671140750249226, 0.4285408589575026]","[0.32992878556251526, 0.31919628381729126, 0.13429322838783264, 0.21658165752887726]","[0.32905295491218567, 0.3194221556186676, 0.13322632014751434, 0.2182985544204712]",0.0
"{""run_name"": ""fedheart_exp_paper_hetagg_gdro"", ""seed"": 55, ""run_dir"": ""runs/fedheart_uncapped/Ours_Regret_s55_f0"", ""use_fedheart"": true, ""num_classes"": 2, ""stratified_batching"": true, ""train_frac"": 0.8, ""group_max_train_samples"": null, ""true_hetero_input_dim"": true, ""feature_mask"": [[0, 1, 2, 3, 5, 6, 7, 8, 9, 10], [0, 1, 2, 3, 5, 6, 11, 12], [0, 1, 2, 4, 5, 7, 11, 12], [0, 1, 2, 4, 5, 6, 8, 9, 10]], ""batch_size"": 64, ""num_workers"": 0, ""epochs"": 100, ""early_stopping_patience"": 30, ""lr"": 0.001, ""weight_decay"": 0.0001, ""optimizer"": ""adam"", ""grad_clip"": 1.0, ""lr_scheduler"": ""cosine"", ""lr_min"": 1e-05, ""latent_dim"": 64, ""head_hidden"": 32, ""groups"": [{""name"": ""cleveland"", ""encoder"": ""mlp_tabular_ln"", ""input_dim"": 10, ""hidden_dim"": 64, ""dropout"": 0.1}, {""name"": ""hungarian"", ""encoder"": ""mlp_tabular_ln"", ""input_dim"": 8, ""hidden_dim"": 64, ""dropout"": 0.1}, {""name"": ""switzerland"", ""encoder"": ""mlp_tabular_ln"", ""input_dim"": 8, ""hidden_dim"": 64, ""dropout"": 0.1}, {""name"": ""va_long_beach"", ""encoder"": ""mlp_tabular_ln"", ""input_dim"": 9, ""hidden_dim"": 64, ""dropout"": 0.1}], ""anchor_eps"": 0.0001, ""sep_samples_per_class"": 4, ""sep_method"": ""classifier"", ""sep_margin"": 1.0, ""lambda_fit"": 0.1, ""lambda_sep"": 0.1, ""groupdro_enabled"": true, ""groupdro_eta"": 0.02, ""groupdro_gamma"": 0.9, ""groupdro_update_mode"": ""exp"", ""groupdro_objective"": ""weighted"", ""groupdro_kl_lambda"": 0.0, ""groupdro_uniform_init"": false, ""log_interval"": 20, ""save_every"": 10, ""groupdro_ema_decay"": 0.9, ""groupdro_update_every"": 1, ""dro_signal"": ""val"", ""val_frac"": 0.15, ""impute_missing"": true, ""common_encoder"": false, ""use_regret"": true, ""optimal_losses"": [0.468332, 0.498132, 0.341179, 0.597641], ""data_split_seed"": 1000}","{""num_groups"": 4, ""num_classes"": 2, ""train_total"": 623, ""test_total"": 185, ""train_group_counts"": [205, 199, 83, 136], ""test_group_counts"": [61, 59, 25, 40], ""train_class_counts"": [278, 345], ""test_class_counts"": [83, 102], ""train_group_class_counts"": [[111, 94], [127, 72], [5, 78], [35, 101]], ""test_group_class_counts"": [[33, 28], [38, 21], [2, 23], [10, 30]], ""group_proportions"": [0.3290529695024077, 0.31942215088282505, 0.1332263242375602, 0.21829855537720708], ""val_group_counts"": [37, 36, 15, 24], ""val_total"": 112}","{""num_groups"": 4, ""eta"": 0.02, ""update_mode"": ""exp"", ""robust_objective"": ""weighted"", ""gamma"": 0.9, ""kl_lambda"": 0.0, ""initial_pi"": [0.32905295491218567, 0.3194221556186676, 0.13322632014751434, 0.2182985544204712]}",2026-09-16T04:21:10.904969,40,0.29404016335805255,0.8767361111111112,0.001,0.7513513513513513,0.7693390525145873,0.675,0.92,"[0.7704918032786885, 0.711864406779661, 0.92, 0.675]","[0.6166831200568341, 0.6261750311132962, 0.4483077603764832, 0.7864657845813781]","[0.7469879518072289, 0.7549019607843137]","[[0.9090909090909091, 0.6071428571428571], [0.8157894736842105, 0.5238095238095238], [0.0, 1.0], [0.1, 0.8666666666666667]]","[61, 59, 25, 40]",0.7497058823529412,"[0.759572072072072, 0.6744563453424214, 0.4791666666666667, 0.4666666666666667]",0.4666666666666667,0.7864657845813781,0.8392857142857143,0.8413475975975976,0.7083333333333334,0.9459459459459459,"[0.9459459459459459, 0.7777777777777778, 0.9333333333333333, 0.7083333333333334]","[0.2907459247555282, 0.5034125341464661, 0.35927993880274395, 0.43212617421522737]","[0.88, 0.8064516129032258]","[[1.0, 0.8823529411764706], [0.9130434782608695, 0.5384615384615384], [0.0, 1.0], [0.5, 0.7777777777777778]]","[37, 36, 15, 24]",0.8388231531819634,"[0.9449404761904762, 0.7381818181818182, 0.4827586206896552, 0.6307692307692307]",0.4827586206896552,0.5034125341464661,"[0.32989656925201416, 0.3191651403903961, 0.13437777757644653, 0.2165605127811432]","[0.22615878283977509, 0.4043212566110823, 0.10783837259643608, 0.41283421218395233]","[0.3299126625061035, 0.3191806972026825, 0.1343355029821396, 0.21657107770442963]","[0.32905295491218567, 0.3194221556186676, 0.13322632014751434, 0.2182985544204712]",0.0
"{""run_name"": ""fedheart_exp_paper_hetagg_gdro"", ""seed"": 55, ""run_dir"": ""runs/fedheart_uncapped/Ours_Regret_s55_f0"", ""use_fedheart"": true, ""num_classes"": 2, ""stratified_batching"": true, ""train_frac"": 0.8, ""group_max_train_samples"": null, ""true_hetero_input_dim"": true, ""feature_mask"": [[0, 1, 2, 3, 5, 6, 7, 8, 9, 10], [0, 1, 2, 3, 5, 6, 11, 12], [0, 1, 2, 4, 5, 7, 11, 12], [0, 1, 2, 4, 5, 6, 8, 9, 10]], ""batch_size"": 64, ""num_workers"": 0, ""epochs"": 100, ""early_stopping_patience"": 30, ""lr"": 0.001, ""weight_decay"": 0.0001, ""optimizer"": ""adam"", ""grad_clip"": 1.0, ""lr_scheduler"": ""cosine"", ""lr_min"": 1e-05, ""latent_dim"": 64, ""head_hidden"": 32, ""groups"": [{""name"": ""cleveland"", ""encoder"": ""mlp_tabular_ln"", ""input_dim"": 10, ""hidden_dim"": 64, ""dropout"": 0.1}, {""name"": ""hungarian"", ""encoder"": ""mlp_tabular_ln"", ""input_dim"": 8, ""hidden_dim"": 64, ""dropout"": 0.1}, {""name"": ""switzerland"", ""encoder"": ""mlp_tabular_ln"", ""input_dim"": 8, ""hidden_dim"": 64, ""dropout"": 0.1}, {""name"": ""va_long_beach"", ""encoder"": ""mlp_tabular_ln"", ""input_dim"": 9, ""hidden_dim"": 64, ""dropout"": 0.1}], ""anchor_eps"": 0.0001, ""sep_samples_per_class"": 4, ""sep_method"": ""classifier"", ""sep_margin"": 1.0, ""lambda_fit"": 0.1, ""lambda_sep"": 0.1, ""groupdro_enabled"": true, ""groupdro_eta"": 0.02, ""groupdro_gamma"": 0.9, ""groupdro_update_mode"": ""exp"", ""groupdro_objective"": ""weighted"", ""groupdro_kl_lambda"": 0.0, ""groupdro_uniform_init"": false, ""log_interval"": 20, ""save_every"": 10, ""groupdro_ema_decay"": 0.9, ""groupdro_update_every"": 1, ""dro_signal"": ""val"", ""val_frac"": 0.15, ""impute_missing"": true, ""common_encoder"": false, ""use_regret"": true, ""optimal_losses"": [0.468332, 0.498132, 0.341179, 0.597641], ""data_split_seed"": 1000}","{""num_groups"": 4, ""num_classes"": 2, ""train_total"": 623, ""test_total"": 185, ""train_group_counts"": [205, 199, 83, 136], ""test_group_counts"": [61, 59, 25, 40], ""train_class_counts"": [278, 345], ""test_class_counts"": [83, 102], ""train_group_class_counts"": [[111, 94], [127, 72], [5, 78], [35, 101]], ""test_group_class_counts"": [[33, 28], [38, 21], [2, 23], [10, 30]], ""group_proportions"": [0.3290529695024077, 0.31942215088282505, 0.1332263242375602, 0.21829855537720708], ""val_group_counts"": [37, 36, 15, 24], ""val_total"": 112}","{""num_groups"": 4, ""eta"": 0.02, ""update_mode"": ""exp"", ""robust_objective"": ""weighted"", ""gamma"": 0.9, ""kl_lambda"": 0.0, ""initial_pi"": [0.32905295491218567, 0.3194221556186676, 0.13322632014751434, 0.2182985544204712]}",2026-09-16T04:21:10.904969,41,0.2700972921318478,0.8715277777777778,0.001,0.7567567567567568,0.7755890525145874,0.7,0.92,"[0.7704918032786885, 0.711864406779661, 0.92, 0.7]","[0.6192611365762279, 0.6345040720682276, 0.46488585086539386, 0.8060241673607379]","[0.7228915662650602, 0.7843137254901961]","[[0.8787878787878788, 0.6428571428571429], [0.7631578947368421, 0.6190476190476191], [0.0, 1.0], [0.2, 0.8666666666666667]]","[61, 59, 25, 40]",0.753880266075388,"[0.7627777777777778, 0.6889922480620156, 0.4791666666666667, 0.53125]",0.4791666666666667,0.8060241673607379,0.8392857142857143,0.8450075075075075,0.75,0.9333333333333333,"[0.918918918918919, 0.7777777777777778, 0.9333333333333333, 0.75]","[0.29139620976245684, 0.4953790102671418, 0.3848079789740344, 0.43542417565671104]","[0.88, 0.8064516129032258]","[[0.95, 0.8823529411764706], [0.9130434782608695, 0.5384615384615384], [0.0, 1.0], [0.6666666666666666, 0.7777777777777778]]","[37, 36, 15, 24]",0.8388231531819634,"[0.917960088691796, 0.7381818181818182, 0.4827586206896552, 0.6974789915966387]",0.4827586206896552,0.4953790102671418,"[0.32987821102142334, 0.31914737820625305, 0.13442598283290863, 0.21654845774173737]","[0.262163167198499, 0.3378974364863502, 0.0976532685259978, 0.3473282787534926]","[0.32989656925201416, 0.3191651403903961, 0.13437777757644653, 0.2165605127811432]","[0.32905295491218567, 0.3194221556186676, 0.13322632014751434, 0.2182985544204712]",0.0
"{""run_name"": ""fedheart_exp_paper_hetagg_gdro"", ""seed"": 55, ""run_dir"": ""runs/fedheart_uncapped/Ours_Regret_s55_f0"", ""use_fedheart"": true, ""num_classes"": 2, ""stratified_batching"": true, ""train_frac"": 0.8, ""group_max_train_samples"": null, ""true_hetero_input_dim"": true, ""feature_mask"": [[0, 1, 2, 3, 5, 6, 7, 8, 9, 10], [0, 1, 2, 3, 5, 6, 11, 12], [0, 1, 2, 4, 5, 7, 11, 12], [0, 1, 2, 4, 5, 6, 8, 9, 10]], ""batch_size"": 64, ""num_workers"": 0, ""epochs"": 100, ""early_stopping_patience"": 30, ""lr"": 0.001, ""weight_decay"": 0.0001, ""optimizer"": ""adam"", ""grad_clip"": 1.0, ""lr_scheduler"": ""cosine"", ""lr_min"": 1e-05, ""latent_dim"": 64, ""head_hidden"": 32, ""groups"": [{""name"": ""cleveland"", ""encoder"": ""mlp_tabular_ln"", ""input_dim"": 10, ""hidden_dim"": 64, ""dropout"": 0.1}, {""name"": ""hungarian"", ""encoder"": ""mlp_tabular_ln"", ""input_dim"": 8, ""hidden_dim"": 64, ""dropout"": 0.1}, {""name"": ""switzerland"", ""encoder"": ""mlp_tabular_ln"", ""input_dim"": 8, ""hidden_dim"": 64, ""dropout"": 0.1}, {""name"": ""va_long_beach"", ""encoder"": ""mlp_tabular_ln"", ""input_dim"": 9, ""hidden_dim"": 64, ""dropout"": 0.1}], ""anchor_eps"": 0.0001, ""sep_samples_per_class"": 4, ""sep_method"": ""classifier"", ""sep_margin"": 1.0, ""lambda_fit"": 0.1, ""lambda_sep"": 0.1, ""groupdro_enabled"": true, ""groupdro_eta"": 0.02, ""groupdro_gamma"": 0.9, ""groupdro_update_mode"": ""exp"", ""groupdro_objective"": ""weighted"", ""groupdro_kl_lambda"": 0.0, ""groupdro_uniform_init"": false, ""log_interval"": 20, ""save_every"": 10, ""groupdro_ema_decay"": 0.9, ""groupdro_update_every"": 1, ""dro_signal"": ""val"", ""val_frac"": 0.15, ""impute_missing"": true, ""common_encoder"": false, ""use_regret"": true, ""optimal_losses"": [0.468332, 0.498132, 0.341179, 0.597641], ""data_split_seed"": 1000}","{""num_groups"": 4, ""num_classes"": 2, ""train_total"": 623, ""test_total"": 185, ""train_group_counts"": [205, 199, 83, 136], ""test_group_counts"": [61, 59, 25, 40], ""train_class_counts"": [278, 345], ""test_class_counts"": [83, 102], ""train_group_class_counts"": [[111, 94], [127, 72], [5, 78], [35, 101]], ""test_group_class_counts"": [[33, 28], [38, 21], [2, 23], [10, 30]], ""group_proportions"": [0.3290529695024077, 0.31942215088282505, 0.1332263242375602, 0.21829855537720708], ""val_group_counts"": [37, 36, 15, 24], ""val_total"": 112}","{""num_groups"": 4, ""eta"": 0.02, ""update_mode"": ""exp"", ""robust_objective"": ""weighted"", ""gamma"": 0.9, ""kl_lambda"": 0.0, ""initial_pi"": [0.32905295491218567, 0.3194221556186676, 0.13322632014751434, 0.2182985544204712]}",2026-09-16T04:21:10.904969,42,0.27409913142522174,0.8802083333333334,0.001,0.772972972972973,0.7862882050569603,0.675,0.92,"[0.7704918032786885, 0.7796610169491526, 0.92, 0.675]","[0.6493382740758176, 0.6556493283281009, 0.4743692779913545, 0.8274408868979662]","[0.7951807228915663, 0.7549019607843137]","[[0.9090909090909091, 0.6071428571428571], [0.8947368421052632, 0.5714285714285714], [0.0, 1.0], [0.2, 0.8333333333333334]]","[61, 59, 25, 40]",0.7721674876847291,"[0.759572072072072, 0.7440774107440773, 0.4791666666666667, 0.5144724556489263]",0.4791666666666667,0.8274408868979662,0.8482142857142857,0.8517642642642642,0.75,0.9459459459459459,"[0.9459459459459459, 0.7777777777777778, 0.9333333333333333, 0.75]","[0.28170714762087007, 0.5225361875879267, 0.40215555868732433, 0.43090350995771587]","[0.9, 0.8064516129032258]","[[1.0, 0.8823529411764706], [0.9130434782608695, 0.5384615384615384], [0.0, 1.0], [0.6666666666666666, 0.7777777777777778]]","[37, 36, 15, 24]",0.8479111750139787,"[0.9449404761904762, 0.7381818181818182, 0.4827586206896552, 0.6974789915966387]",0.4827586206896552,0.5225361875879267,"[0.329856276512146, 0.319126158952713, 0.13448357582092285, 0.21653404831886292]","[0.28693133261468673, 0.3143814388248656, 0.0845425942291816, 0.37130413701136905]","[0.32987821102142334, 0.31914737820625305, 0.13442598283290863, 0.21654845774173737]","[0.32905295491218567, 0.3194221556186676, 0.13322632014751434, 0.2182985544204712]",0.0
"{""run_name"": ""fedheart_exp_paper_hetagg_gdro"", ""seed"": 55, ""run_dir"": ""runs/fedheart_uncapped/Ours_Regret_s55_f0"", ""use_fedheart"": true, ""num_classes"": 2, ""stratified_batching"": true, ""train_frac"": 0.8, ""group_max_train_samples"": null, ""true_hetero_input_dim"": true, ""feature_mask"": [[0, 1, 2, 3, 5, 6, 7, 8, 9, 10], [0, 1, 2, 3, 5, 6, 11, 12], [0, 1, 2, 4, 5, 7, 11, 12], [0, 1, 2, 4, 5, 6, 8, 9, 10]], ""batch_size"": 64, ""num_workers"": 0, ""epochs"": 100, ""early_stopping_patience"": 30, ""lr"": 0.001, ""weight_decay"": 0.0001, ""optimizer"": ""adam"", ""grad_clip"": 1.0, ""lr_scheduler"": ""cosine"", ""lr_min"": 1e-05, ""latent_dim"": 64, ""head_hidden"": 32, ""groups"": [{""name"": ""cleveland"", ""encoder"": ""mlp_tabular_ln"", ""input_dim"": 10, ""hidden_dim"": 64, ""dropout"": 0.1}, {""name"": ""hungarian"", ""encoder"": ""mlp_tabular_ln"", ""input_dim"": 8, ""hidden_dim"": 64, ""dropout"": 0.1}, {""name"": ""switzerland"", ""encoder"": ""mlp_tabular_ln"", ""input_dim"": 8, ""hidden_dim"": 64, ""dropout"": 0.1}, {""name"": ""va_long_beach"", ""encoder"": ""mlp_tabular_ln"", ""input_dim"": 9, ""hidden_dim"": 64, ""dropout"": 0.1}], ""anchor_eps"": 0.0001, ""sep_samples_per_class"": 4, ""sep_method"": ""classifier"", ""sep_margin"": 1.0, ""lambda_fit"": 0.1, ""lambda_sep"": 0.1, ""groupdro_enabled"": true, ""groupdro_eta"": 0.02, ""groupdro_gamma"": 0.9, ""groupdro_update_mode"": ""exp"", ""groupdro_objective"": ""weighted"", ""groupdro_kl_lambda"": 0.0, ""groupdro_uniform_init"": false, ""log_interval"": 20, ""save_every"": 10, ""groupdro_ema_decay"": 0.9, ""groupdro_update_every"": 1, ""dro_signal"": ""val"", ""val_frac"": 0.15, ""impute_missing"": true, ""common_encoder"": false, ""use_regret"": true, ""optimal_losses"": [0.468332, 0.498132, 0.341179, 0.597641], ""data_split_seed"": 1000}","{""num_groups"": 4, ""num_classes"": 2, ""train_total"": 623, ""test_total"": 185, ""train_group_counts"": [205, 199, 83, 136], ""test_group_counts"": [61, 59, 25, 40], ""train_class_counts"": [278, 345], ""test_class_counts"": [83, 102], ""train_group_class_counts"": [[111, 94], [127, 72], [5, 78], [35, 101]], ""test_group_class_counts"": [[33, 28], [38, 21], [2, 23], [10, 30]], ""group_proportions"": [0.3290529695024077, 0.31942215088282505, 0.1332263242375602, 0.21829855537720708], ""val_group_counts"": [37, 36, 15, 24], ""val_total"": 112}","{""num_groups"": 4, ""eta"": 0.02, ""update_mode"": ""exp"", ""robust_objective"": ""weighted"", ""gamma"": 0.9, ""kl_lambda"": 0.0, ""initial_pi"": [0.32905295491218567, 0.3194221556186676, 0.13322632014751434, 0.2182985544204712]}",2026-09-16T04:21:10.904969,43,0.2601275112893846,0.8836805555555556,0.001,0.7675675675675676,0.7840636287857738,0.7,0.92,"[0.7704918032786885, 0.7457627118644068, 0.92, 0.7]","[0.6069267426529655, 0.6687612214157264, 0.5018779880553484, 0.8248879330698401]","[0.7469879518072289, 0.7843137254901961]","[[0.9090909090909091, 0.6071428571428571], [0.7894736842105263, 0.6666666666666666], [0.0, 1.0], [0.2, 0.8666666666666667]]","[61, 59, 25, 40]",0.765346154980679,"[0.759572072072072, 0.7255813953488373, 0.4791666666666667, 0.53125]",0.4791666666666667,0.8248879330698401,0.8392857142857143,0.8484797297297297,0.75,0.9333333333333333,"[0.918918918918919, 0.75, 0.9333333333333333, 0.7916666666666666]","[0.28799196836425345, 0.5177667980703214, 0.41032603695833436, 0.43425750786749023]","[0.86, 0.8225806451612904]","[[0.95, 0.8823529411764706], [0.8695652173913043, 0.5384615384615384], [0.0, 1.0], [0.6666666666666666, 0.8333333333333334]]","[37, 36, 15, 24]",0.8384615384615386,"[0.917960088691796, 0.712511091393079, 0.4827586206896552, 0.7362637362637362]",0.4827586206896552,0.5177667980703214,"[0.3298303782939911, 0.31910109519958496, 0.134551540017128, 0.21651704609394073]","[0.25012899272971684, 0.36332818700207603, 0.10590790315634674, 0.3071906301710341]","[0.329856276512146, 0.319126158952713, 0.13448357582092285, 0.21653404831886292]","[0.32905295491218567, 0.3194221556186676, 0.13322632014751434, 0.2182985544204712]",0.0
"{""run_name"": ""fedheart_exp_paper_hetagg_gdro"", ""seed"": 55, ""run_dir"": ""runs/fedheart_uncapped/Ours_Regret_s55_f0"", ""use_fedheart"": true, ""num_classes"": 2, ""stratified_batching"": true, ""train_frac"": 0.8, ""group_max_train_samples"": null, ""true_hetero_input_dim"": true, ""feature_mask"": [[0, 1, 2, 3, 5, 6, 7, 8, 9, 10], [0, 1, 2, 3, 5, 6, 11, 12], [0, 1, 2, 4, 5, 7, 11, 12], [0, 1, 2, 4, 5, 6, 8, 9, 10]], ""batch_size"": 64, ""num_workers"": 0, ""epochs"": 100, ""early_stopping_patience"": 30, ""lr"": 0.001, ""weight_decay"": 0.0001, ""optimizer"": ""adam"", ""grad_clip"": 1.0, ""lr_scheduler"": ""cosine"", ""lr_min"": 1e-05, ""latent_dim"": 64, ""head_hidden"": 32, ""groups"": [{""name"": ""cleveland"", ""encoder"": ""mlp_tabular_ln"", ""input_dim"": 10, ""hidden_dim"": 64, ""dropout"": 0.1}, {""name"": ""hungarian"", ""encoder"": ""mlp_tabular_ln"", ""input_dim"": 8, ""hidden_dim"": 64, ""dropout"": 0.1}, {""name"": ""switzerland"", ""encoder"": ""mlp_tabular_ln"", ""input_dim"": 8, ""hidden_dim"": 64, ""dropout"": 0.1}, {""name"": ""va_long_beach"", ""encoder"": ""mlp_tabular_ln"", ""input_dim"": 9, ""hidden_dim"": 64, ""dropout"": 0.1}], ""anchor_eps"": 0.0001, ""sep_samples_per_class"": 4, ""sep_method"": ""classifier"", ""sep_margin"": 1.0, ""lambda_fit"": 0.1, ""lambda_sep"": 0.1, ""groupdro_enabled"": true, ""groupdro_eta"": 0.02, ""groupdro_gamma"": 0.9, ""groupdro_update_mode"": ""exp"", ""groupdro_objective"": ""weighted"", ""groupdro_kl_lambda"": 0.0, ""groupdro_uniform_init"": false, ""log_interval"": 20, ""save_every"": 10, ""groupdro_ema_decay"": 0.9, ""groupdro_update_every"": 1, ""dro_signal"": ""val"", ""val_frac"": 0.15, ""impute_missing"": true, ""common_encoder"": false, ""use_regret"": true, ""optimal_losses"": [0.468332, 0.498132, 0.341179, 0.597641], ""data_split_seed"": 1000}","{""num_groups"": 4, ""num_classes"": 2, ""train_total"": 623, ""test_total"": 185, ""train_group_counts"": [205, 199, 83, 136], ""test_group_counts"": [61, 59, 25, 40], ""train_class_counts"": [278, 345], ""test_class_counts"": [83, 102], ""train_group_class_counts"": [[111, 94], [127, 72], [5, 78], [35, 101]], ""test_group_class_counts"": [[33, 28], [38, 21], [2, 23], [10, 30]], ""group_proportions"": [0.3290529695024077, 0.31942215088282505, 0.1332263242375602, 0.21829855537720708], ""val_group_counts"": [37, 36, 15, 24], ""val_total"": 112}","{""num_groups"": 4, ""eta"": 0.02, ""update_mode"": ""exp"", ""robust_objective"": ""weighted"", ""gamma"": 0.9, ""kl_lambda"": 0.0, ""initial_pi"": [0.32905295491218567, 0.3194221556186676, 0.13322632014751434, 0.2182985544204712]}",2026-09-16T04:21:10.904969,44,0.2485501335726844,0.8958333333333334,0.001,0.772972972972973,0.7883009169213671,0.7,0.92,"[0.7704918032786885, 0.7627118644067796, 0.92, 0.7]","[0.6227329122704133, 0.6499705344154421, 0.494246690319851, 0.8239213813794777]","[0.7831325301204819, 0.7647058823529411]","[[0.9090909090909091, 0.6071428571428571], [0.868421052631579, 0.5714285714285714], [0.0, 1.0], [0.2, 0.8666666666666667]]","[61, 59, 25, 40]",0.7718463706835801,"[0.759572072072072, 0.7282894736842105, 0.4791666666666667, 0.53125]",0.4791666666666667,0.8239213813794777,0.8392857142857143,0.8450075075075075,0.75,0.9333333333333333,"[0.918918918918919, 0.7777777777777778, 0.9333333333333333, 0.75]","[0.2875113709062036, 0.5435878700938903, 0.41242708697294195, 0.4308569128625095]","[0.86, 0.8225806451612904]","[[0.95, 0.8823529411764706], [0.9130434782608695, 0.5384615384615384], [0.0, 1.0], [0.5, 0.8333333333333334]]","[37, 36, 15, 24]",0.8384615384615386,"[0.917960088691796, 0.7381818181818182, 0.4827586206896552, 0.6666666666666667]",0.4827586206896552,0.5435878700938903,"[0.32980069518089294, 0.3190723657608032, 0.13462930917739868, 0.21649755537509918]","[0.2478041367398368, 0.3306472880972756, 0.07769585576736265, 0.308567742506663]","[0.3298303782939911, 0.31910109519958496, 0.134551540017128, 0.21651704609394073]","[0.32905295491218567, 0.3194221556186676, 0.13322632014751434, 0.2182985544204712]",0.0
"{""run_name"": ""fedheart_exp_paper_hetagg_gdro"", ""seed"": 55, ""run_dir"": ""runs/fedheart_uncapped/Ours_Regret_s55_f0"", ""use_fedheart"": true, ""num_classes"": 2, ""stratified_batching"": true, ""train_frac"": 0.8, ""group_max_train_samples"": null, ""true_hetero_input_dim"": true, ""feature_mask"": [[0, 1, 2, 3, 5, 6, 7, 8, 9, 10], [0, 1, 2, 3, 5, 6, 11, 12], [0, 1, 2, 4, 5, 7, 11, 12], [0, 1, 2, 4, 5, 6, 8, 9, 10]], ""batch_size"": 64, ""num_workers"": 0, ""epochs"": 100, ""early_stopping_patience"": 30, ""lr"": 0.001, ""weight_decay"": 0.0001, ""optimizer"": ""adam"", ""grad_clip"": 1.0, ""lr_scheduler"": ""cosine"", ""lr_min"": 1e-05, ""latent_dim"": 64, ""head_hidden"": 32, ""groups"": [{""name"": ""cleveland"", ""encoder"": ""mlp_tabular_ln"", ""input_dim"": 10, ""hidden_dim"": 64, ""dropout"": 0.1}, {""name"": ""hungarian"", ""encoder"": ""mlp_tabular_ln"", ""input_dim"": 8, ""hidden_dim"": 64, ""dropout"": 0.1}, {""name"": ""switzerland"", ""encoder"": ""mlp_tabular_ln"", ""input_dim"": 8, ""hidden_dim"": 64, ""dropout"": 0.1}, {""name"": ""va_long_beach"", ""encoder"": ""mlp_tabular_ln"", ""input_dim"": 9, ""hidden_dim"": 64, ""dropout"": 0.1}], ""anchor_eps"": 0.0001, ""sep_samples_per_class"": 4, ""sep_method"": ""classifier"", ""sep_margin"": 1.0, ""lambda_fit"": 0.1, ""lambda_sep"": 0.1, ""groupdro_enabled"": true, ""groupdro_eta"": 0.02, ""groupdro_gamma"": 0.9, ""groupdro_update_mode"": ""exp"", ""groupdro_objective"": ""weighted"", ""groupdro_kl_lambda"": 0.0, ""groupdro_uniform_init"": false, ""log_interval"": 20, ""save_every"": 10, ""groupdro_ema_decay"": 0.9, ""groupdro_update_every"": 1, ""dro_signal"": ""val"", ""val_frac"": 0.15, ""impute_missing"": true, ""common_encoder"": false, ""use_regret"": true, ""optimal_losses"": [0.468332, 0.498132, 0.341179, 0.597641], ""data_split_seed"": 1000}","{""num_groups"": 4, ""num_classes"": 2, ""train_total"": 623, ""test_total"": 185, ""train_group_counts"": [205, 199, 83, 136], ""test_group_counts"": [61, 59, 25, 40], ""train_class_counts"": [278, 345], ""test_class_counts"": [83, 102], ""train_group_class_counts"": [[111, 94], [127, 72], [5, 78], [35, 101]], ""test_group_class_counts"": [[33, 28], [38, 21], [2, 23], [10, 30]], ""group_proportions"": [0.3290529695024077, 0.31942215088282505, 0.1332263242375602, 0.21829855537720708], ""val_group_counts"": [37, 36, 15, 24], ""val_total"": 112}","{""num_groups"": 4, ""eta"": 0.02, ""update_mode"": ""exp"", ""robust_objective"": ""weighted"", ""gamma"": 0.9, ""kl_lambda"": 0.0, ""initial_pi"": [0.32905295491218567, 0.3194221556186676, 0.13322632014751434, 0.2182985544204712]}",2026-09-16T04:21:10.904969,45,0.26594913999239606,0.8802083333333334,0.001,0.7621621621621621,0.7798263406501806,0.7,0.92,"[0.7704918032786885, 0.7288135593220338, 0.92, 0.7]","[0.6299040057852895, 0.6590864031686116, 0.5104896978288889, 0.8201489767525345]","[0.7469879518072289, 0.7745098039215687]","[[0.9090909090909091, 0.6071428571428571], [0.7631578947368421, 0.6666666666666666], [0.0, 1.0], [0.3, 0.8333333333333334]]","[61, 59, 25, 40]",0.7601367279585101,"[0.759572072072072, 0.7100737100737101, 0.4791666666666667, 0.5698924731182795]",0.4791666666666667,0.8201489767525345,0.8482142857142857,0.8554241741741742,0.7777777777777778,0.9333333333333333,"[0.918918918918919, 0.7777777777777778, 0.9333333333333333, 0.7916666666666666]","[0.28921979382898455, 0.5459062340410633, 0.41259903816971927, 0.4484232648586233]","[0.88, 0.8225806451612904]","[[0.95, 0.8823529411764706], [0.9130434782608695, 0.5384615384615384], [0.0, 1.0], [0.6666666666666666, 0.8333333333333334]]","[37, 36, 15, 24]",0.8476190476190476,"[0.917960088691796, 0.7381818181818182, 0.4827586206896552, 0.7362637362637362]",0.4827586206896552,0.5459062340410633,"[0.3297610282897949, 0.31905418634414673, 0.1347132921218872, 0.21647152304649353]","[0.22509593102667066, 0.3509928865565194, 0.09615176978210609, 0.40159139699406093]","[0.32980069518089294, 0.3190723657608032, 0.13462930917739868, 0.21649755537509918]","[0.32905295491218567, 0.3194221556186676, 0.13322632014751434, 0.2182985544204712]",0.0
"{""run_name"": ""fedheart_exp_paper_hetagg_gdro"", ""seed"": 55, ""run_dir"": ""runs/fedheart_uncapped/Ours_Regret_s55_f0"", ""use_fedheart"": true, ""num_classes"": 2, ""stratified_batching"": true, ""train_frac"": 0.8, ""group_max_train_samples"": null, ""true_hetero_input_dim"": true, ""feature_mask"": [[0, 1, 2, 3, 5, 6, 7, 8, 9, 10], [0, 1, 2, 3, 5, 6, 11, 12], [0, 1, 2, 4, 5, 7, 11, 12], [0, 1, 2, 4, 5, 6, 8, 9, 10]], ""batch_size"": 64, ""num_workers"": 0, ""epochs"": 100, ""early_stopping_patience"": 30, ""lr"": 0.001, ""weight_decay"": 0.0001, ""optimizer"": ""adam"", ""grad_clip"": 1.0, ""lr_scheduler"": ""cosine"", ""lr_min"": 1e-05, ""latent_dim"": 64, ""head_hidden"": 32, ""groups"": [{""name"": ""cleveland"", ""encoder"": ""mlp_tabular_ln"", ""input_dim"": 10, ""hidden_dim"": 64, ""dropout"": 0.1}, {""name"": ""hungarian"", ""encoder"": ""mlp_tabular_ln"", ""input_dim"": 8, ""hidden_dim"": 64, ""dropout"": 0.1}, {""name"": ""switzerland"", ""encoder"": ""mlp_tabular_ln"", ""input_dim"": 8, ""hidden_dim"": 64, ""dropout"": 0.1}, {""name"": ""va_long_beach"", ""encoder"": ""mlp_tabular_ln"", ""input_dim"": 9, ""hidden_dim"": 64, ""dropout"": 0.1}], ""anchor_eps"": 0.0001, ""sep_samples_per_class"": 4, ""sep_method"": ""classifier"", ""sep_margin"": 1.0, ""lambda_fit"": 0.1, ""lambda_sep"": 0.1, ""groupdro_enabled"": true, ""groupdro_eta"": 0.02, ""groupdro_gamma"": 0.9, ""groupdro_update_mode"": ""exp"", ""groupdro_objective"": ""weighted"", ""groupdro_kl_lambda"": 0.0, ""groupdro_uniform_init"": false, ""log_interval"": 20, ""save_every"": 10, ""groupdro_ema_decay"": 0.9, ""groupdro_update_every"": 1, ""dro_signal"": ""val"", ""val_frac"": 0.15, ""impute_missing"": true, ""common_encoder"": false, ""use_regret"": true, ""optimal_losses"": [0.468332, 0.498132, 0.341179, 0.597641], ""data_split_seed"": 1000}","{""num_groups"": 4, ""num_classes"": 2, ""train_total"": 623, ""test_total"": 185, ""train_group_counts"": [205, 199, 83, 136], ""test_group_counts"": [61, 59, 25, 40], ""train_class_counts"": [278, 345], ""test_class_counts"": [83, 102], ""train_group_class_counts"": [[111, 94], [127, 72], [5, 78], [35, 101]], ""test_group_class_counts"": [[33, 28], [38, 21], [2, 23], [10, 30]], ""group_proportions"": [0.3290529695024077, 0.31942215088282505, 0.1332263242375602, 0.21829855537720708], ""val_group_counts"": [37, 36, 15, 24], ""val_total"": 112}","{""num_groups"": 4, ""eta"": 0.02, ""update_mode"": ""exp"", ""robust_objective"": ""weighted"", ""gamma"": 0.9, ""kl_lambda"": 0.0, ""initial_pi"": [0.32905295491218567, 0.3194221556186676, 0.13322632014751434, 0.2182985544204712]}",2026-09-16T04:21:10.904969,46,0.26819347010718453,0.8784722222222222,0.001,0.7405405405405405,0.7630161155876632,0.6779661016949152,0.92,"[0.7540983606557377, 0.6779661016949152, 0.92, 0.7]","[0.6198887760974238, 0.6508968158356719, 0.5143011665530502, 0.8226763864746317]","[0.7228915662650602, 0.7549019607843137]","[[0.8787878787878788, 0.6071428571428571], [0.7631578947368421, 0.5238095238095238], [0.0, 1.0], [0.2, 0.8666666666666667]]","[61, 59, 25, 40]",0.7383309759547383,"[0.7441990494828068, 0.6449160595502059, 0.4791666666666667, 0.53125]",0.4791666666666667,0.8226763864746317,0.8392857142857143,0.8486674174174174,0.7777777777777778,0.9333333333333333,"[0.8918918918918919, 0.7777777777777778, 0.9333333333333333, 0.7916666666666666]","[0.31043951906031, 0.5595078466511849, 0.3990400452244406, 0.40846030771111447]","[0.84, 0.8387096774193549]","[[0.9, 0.8823529411764706], [0.9130434782608695, 0.5384615384615384], [0.0, 1.0], [0.5, 0.8888888888888888]]","[37, 36, 15, 24]",0.8379942140790742,"[0.8911764705882352, 0.7381818181818182, 0.4827586206896552, 0.7051597051597052]",0.4827586206896552,0.5595078466511849,"[0.32970723509788513, 0.31905949115753174, 0.1347971111536026, 0.2164362072944641]","[0.2538907693492042, 0.3653257207738029, 0.0996199647585551, 0.35772644314501023]","[0.3297610282897949, 0.31905418634414673, 0.1347132921218872, 0.21647152304649353]","[0.32905295491218567, 0.3194221556186676, 0.13322632014751434, 0.2182985544204712]",0.0
"{""run_name"": ""fedheart_exp_paper_hetagg_gdro"", ""seed"": 55, ""run_dir"": ""runs/fedheart_uncapped/Ours_Regret_s55_f0"", ""use_fedheart"": true, ""num_classes"": 2, ""stratified_batching"": true, ""train_frac"": 0.8, ""group_max_train_samples"": null, ""true_hetero_input_dim"": true, ""feature_mask"": [[0, 1, 2, 3, 5, 6, 7, 8, 9, 10], [0, 1, 2, 3, 5, 6, 11, 12], [0, 1, 2, 4, 5, 7, 11, 12], [0, 1, 2, 4, 5, 6, 8, 9, 10]], ""batch_size"": 64, ""num_workers"": 0, ""epochs"": 100, ""early_stopping_patience"": 30, ""lr"": 0.001, ""weight_decay"": 0.0001, ""optimizer"": ""adam"", ""grad_clip"": 1.0, ""lr_scheduler"": ""cosine"", ""lr_min"": 1e-05, ""latent_dim"": 64, ""head_hidden"": 32, ""groups"": [{""name"": ""cleveland"", ""encoder"": ""mlp_tabular_ln"", ""input_dim"": 10, ""hidden_dim"": 64, ""dropout"": 0.1}, {""name"": ""hungarian"", ""encoder"": ""mlp_tabular_ln"", ""input_dim"": 8, ""hidden_dim"": 64, ""dropout"": 0.1}, {""name"": ""switzerland"", ""encoder"": ""mlp_tabular_ln"", ""input_dim"": 8, ""hidden_dim"": 64, ""dropout"": 0.1}, {""name"": ""va_long_beach"", ""encoder"": ""mlp_tabular_ln"", ""input_dim"": 9, ""hidden_dim"": 64, ""dropout"": 0.1}], ""anchor_eps"": 0.0001, ""sep_samples_per_class"": 4, ""sep_method"": ""classifier"", ""sep_margin"": 1.0, ""lambda_fit"": 0.1, ""lambda_sep"": 0.1, ""groupdro_enabled"": true, ""groupdro_eta"": 0.02, ""groupdro_gamma"": 0.9, ""groupdro_update_mode"": ""exp"", ""groupdro_objective"": ""weighted"", ""groupdro_kl_lambda"": 0.0, ""groupdro_uniform_init"": false, ""log_interval"": 20, ""save_every"": 10, ""groupdro_ema_decay"": 0.9, ""groupdro_update_every"": 1, ""dro_signal"": ""val"", ""val_frac"": 0.15, ""impute_missing"": true, ""common_encoder"": false, ""use_regret"": true, ""optimal_losses"": [0.468332, 0.498132, 0.341179, 0.597641], ""data_split_seed"": 1000}","{""num_groups"": 4, ""num_classes"": 2, ""train_total"": 623, ""test_total"": 185, ""train_group_counts"": [205, 199, 83, 136], ""test_group_counts"": [61, 59, 25, 40], ""train_class_counts"": [278, 345], ""test_class_counts"": [83, 102], ""train_group_class_counts"": [[111, 94], [127, 72], [5, 78], [35, 101]], ""test_group_class_counts"": [[33, 28], [38, 21], [2, 23], [10, 30]], ""group_proportions"": [0.3290529695024077, 0.31942215088282505, 0.1332263242375602, 0.21829855537720708], ""val_group_counts"": [37, 36, 15, 24], ""val_total"": 112}","{""num_groups"": 4, ""eta"": 0.02, ""update_mode"": ""exp"", ""robust_objective"": ""weighted"", ""gamma"": 0.9, ""kl_lambda"": 0.0, ""initial_pi"": [0.32905295491218567, 0.3194221556186676, 0.13322632014751434, 0.2182985544204712]}",2026-09-16T04:21:10.904969,47,0.23905743989679548,0.9027777777777778,0.001,0.7567567567567568,0.7754501250347319,0.6949152542372882,0.92,"[0.7868852459016393, 0.6949152542372882, 0.92, 0.7]","[0.6382813339472794, 0.6655032547364422, 0.5136642680782825, 0.8266155270393938]","[0.7469879518072289, 0.7647058823529411]","[[0.9393939393939394, 0.6071428571428571], [0.7631578947368421, 0.5714285714285714], [0.0, 1.0], [0.2, 0.8666666666666667]]","[61, 59, 25, 40]",0.754923606817981,"[0.7750354609929078, 0.6672932330827068, 0.4791666666666667, 0.53125]",0.4791666666666667,0.8266155270393938,0.8482142857142857,0.8554241741741742,0.7777777777777778,0.9333333333333333,"[0.918918918918919, 0.7777777777777778, 0.9333333333333333, 0.7916666666666666]","[0.2950997209881206, 0.5597727760258648, 0.39007999139527477, 0.4206143367725114]","[0.88, 0.8225806451612904]","[[0.95, 0.8823529411764706], [0.9130434782608695, 0.5384615384615384], [0.0, 1.0], [0.6666666666666666, 0.8333333333333334]]","[37, 36, 15, 24]",0.8476190476190476,"[0.917960088691796, 0.7381818181818182, 0.4827586206896552, 0.7362637362637362]",0.4827586206896552,0.5597727760258648,"[0.3296414911746979, 0.31908679008483887, 0.13487869501113892, 0.21639305353164673]","[0.2503765672445297, 0.2913619925578435, 0.061581193986866206, 0.3561951600843006]","[0.32970723509788513, 0.31905949115753174, 0.1347971111536026, 0.2164362072944641]","[0.32905295491218567, 0.3194221556186676, 0.13322632014751434, 0.2182985544204712]",0.0
"{""run_name"": ""fedheart_exp_paper_hetagg_gdro"", ""seed"": 55, ""run_dir"": ""runs/fedheart_uncapped/Ours_Regret_s55_f0"", ""use_fedheart"": true, ""num_classes"": 2, ""stratified_batching"": true, ""train_frac"": 0.8, ""group_max_train_samples"": null, ""true_hetero_input_dim"": true, ""feature_mask"": [[0, 1, 2, 3, 5, 6, 7, 8, 9, 10], [0, 1, 2, 3, 5, 6, 11, 12], [0, 1, 2, 4, 5, 7, 11, 12], [0, 1, 2, 4, 5, 6, 8, 9, 10]], ""batch_size"": 64, ""num_workers"": 0, ""epochs"": 100, ""early_stopping_patience"": 30, ""lr"": 0.001, ""weight_decay"": 0.0001, ""optimizer"": ""adam"", ""grad_clip"": 1.0, ""lr_scheduler"": ""cosine"", ""lr_min"": 1e-05, ""latent_dim"": 64, ""head_hidden"": 32, ""groups"": [{""name"": ""cleveland"", ""encoder"": ""mlp_tabular_ln"", ""input_dim"": 10, ""hidden_dim"": 64, ""dropout"": 0.1}, {""name"": ""hungarian"", ""encoder"": ""mlp_tabular_ln"", ""input_dim"": 8, ""hidden_dim"": 64, ""dropout"": 0.1}, {""name"": ""switzerland"", ""encoder"": ""mlp_tabular_ln"", ""input_dim"": 8, ""hidden_dim"": 64, ""dropout"": 0.1}, {""name"": ""va_long_beach"", ""encoder"": ""mlp_tabular_ln"", ""input_dim"": 9, ""hidden_dim"": 64, ""dropout"": 0.1}], ""anchor_eps"": 0.0001, ""sep_samples_per_class"": 4, ""sep_method"": ""classifier"", ""sep_margin"": 1.0, ""lambda_fit"": 0.1, ""lambda_sep"": 0.1, ""groupdro_enabled"": true, ""groupdro_eta"": 0.02, ""groupdro_gamma"": 0.9, ""groupdro_update_mode"": ""exp"", ""groupdro_objective"": ""weighted"", ""groupdro_kl_lambda"": 0.0, ""groupdro_uniform_init"": false, ""log_interval"": 20, ""save_every"": 10, ""groupdro_ema_decay"": 0.9, ""groupdro_update_every"": 1, ""dro_signal"": ""val"", ""val_frac"": 0.15, ""impute_missing"": true, ""common_encoder"": false, ""use_regret"": true, ""optimal_losses"": [0.468332, 0.498132, 0.341179, 0.597641], ""data_split_seed"": 1000}","{""num_groups"": 4, ""num_classes"": 2, ""train_total"": 623, ""test_total"": 185, ""train_group_counts"": [205, 199, 83, 136], ""test_group_counts"": [61, 59, 25, 40], ""train_class_counts"": [278, 345], ""test_class_counts"": [83, 102], ""train_group_class_counts"": [[111, 94], [127, 72], [5, 78], [35, 101]], ""test_group_class_counts"": [[33, 28], [38, 21], [2, 23], [10, 30]], ""group_proportions"": [0.3290529695024077, 0.31942215088282505, 0.1332263242375602, 0.21829855537720708], ""val_group_counts"": [37, 36, 15, 24], ""val_total"": 112}","{""num_groups"": 4, ""eta"": 0.02, ""update_mode"": ""exp"", ""robust_objective"": ""weighted"", ""gamma"": 0.9, ""kl_lambda"": 0.0, ""initial_pi"": [0.32905295491218567, 0.3194221556186676, 0.13322632014751434, 0.2182985544204712]}",2026-09-16T04:21:10.904969,48,0.2508708205487993,0.8819444444444444,0.001,0.7621621621621621,0.7796874131703251,0.7,0.92,"[0.7868852459016393, 0.711864406779661, 0.92, 0.7]","[0.6435078535358743, 0.6798858382439209, 0.5241749163763597, 0.8582602956099435]","[0.7469879518072289, 0.7745098039215687]","[[0.9393939393939394, 0.6071428571428571], [0.7631578947368421, 0.6190476190476191], [0.0, 1.0], [0.2, 0.8666666666666667]]","[61, 59, 25, 40]",0.7601367279585101,"[0.7750354609929078, 0.6889922480620156, 0.4791666666666667, 0.53125]",0.4791666666666667,0.8582602956099435,0.8482142857142857,0.8517642642642642,0.75,0.9459459459459459,"[0.9459459459459459, 0.7777777777777778, 0.9333333333333333, 0.75]","[0.2908407564879068, 0.5510389753617346, 0.3925774447154254, 0.4086796600992481]","[0.9, 0.8064516129032258]","[[1.0, 0.8823529411764706], [0.9130434782608695, 0.5384615384615384], [0.0, 1.0], [0.6666666666666666, 0.7777777777777778]]","[37, 36, 15, 24]",0.8479111750139787,"[0.9449404761904762, 0.7381818181818182, 0.4827586206896552, 0.6974789915966387]",0.4827586206896552,0.5510389753617346,"[0.3295665979385376, 0.31912991404533386, 0.13495959341526031, 0.21634389460086823]","[0.257931686937809, 0.3780127763748169, 0.06244109395063586, 0.27903980430629516]","[0.3296414911746979, 0.31908679008483887, 0.13487869501113892, 0.21639305353164673]","[0.32905295491218567, 0.3194221556186676, 0.13322632014751434, 0.2182985544204712]",0.0
