config,dataset_info,groupdro_config,start_time,epoch,train_loss,train_acc,learning_rate,test_overall_acc,test_balanced_acc,test_worst_group_acc,test_best_group_acc,test_per_group_acc,test_per_group_loss,test_per_class_acc,test_per_group_per_class_acc,test_per_group_counts,test_overall_macro_f1,test_per_group_f1,test_worst_group_f1,test_worst_group_loss,val_overall_acc,val_balanced_acc,val_worst_group_acc,val_best_group_acc,val_per_group_acc,val_per_group_loss,val_per_class_acc,val_per_group_per_class_acc,val_per_group_counts,val_overall_macro_f1,val_per_group_f1,val_worst_group_f1,val_worst_group_loss,groupdro_weights,train_per_group_loss,groupdro_weights_mean,groupdro_pi,groupdro_kl_penalty
"{""run_name"": ""fedheart_exp_paper_hetagg_gdro"", ""seed"": 7, ""run_dir"": ""runs/sweep_fedheart/Ours_Regret_c2_s7_f1"", ""use_fedheart"": true, ""num_classes"": 2, ""stratified_batching"": true, ""train_frac"": 0.8, ""group_max_train_samples"": [null, null, 20, 25], ""true_hetero_input_dim"": true, ""feature_mask"": [[0, 1, 2, 3, 5, 6, 7, 8, 9, 10], [0, 1, 2, 3, 5, 6, 11, 12], [0, 1, 2, 4, 5, 7, 11, 12], [0, 1, 2, 4, 5, 6, 8, 9, 10]], ""batch_size"": 64, ""num_workers"": 0, ""epochs"": 100, ""early_stopping_patience"": 30, ""lr"": 0.001, ""weight_decay"": 0.0001, ""optimizer"": ""adam"", ""grad_clip"": 1.0, ""lr_scheduler"": ""cosine"", ""lr_min"": 1e-05, ""latent_dim"": 64, ""head_hidden"": 32, ""groups"": [{""name"": ""cleveland"", ""encoder"": ""mlp_tabular_ln"", ""input_dim"": 10, ""hidden_dim"": 64, ""dropout"": 0.1}, {""name"": ""hungarian"", ""encoder"": ""mlp_tabular_ln"", ""input_dim"": 8, ""hidden_dim"": 64, ""dropout"": 0.1}, {""name"": ""switzerland"", ""encoder"": ""mlp_tabular_ln"", ""input_dim"": 8, ""hidden_dim"": 64, ""dropout"": 0.1}, {""name"": ""va_long_beach"", ""encoder"": ""mlp_tabular_ln"", ""input_dim"": 9, ""hidden_dim"": 64, ""dropout"": 0.1}], ""anchor_eps"": 0.0001, ""sep_samples_per_class"": 4, ""sep_method"": ""classifier"", ""sep_margin"": 1.0, ""lambda_fit"": 0.01, ""lambda_sep"": 0.01, ""groupdro_enabled"": true, ""groupdro_eta"": 2.0, ""groupdro_gamma"": 0.9, ""groupdro_update_mode"": ""softmax"", ""groupdro_objective"": ""weighted"", ""groupdro_kl_lambda"": 0.0, ""groupdro_uniform_init"": true, ""log_interval"": 20, ""save_every"": 10, ""val_frac"": 0.2, ""common_encoder"": false, ""use_regret"": true, ""optimal_losses"": [0.49934679966136675, 0.5924033531758973, 0.4240419712328326, 1.4799922526387188], ""data_split_seed"": 1001}","{""num_groups"": 4, ""num_classes"": 2, ""train_total"": 404, ""test_total"": 150, ""train_group_counts"": [193, 166, 20, 25], ""test_group_counts"": [61, 53, 10, 26], ""train_class_counts"": [215, 189], ""test_class_counts"": [72, 78], ""train_group_class_counts"": [[104, 89], [104, 62], [1, 19], [6, 19]], ""test_group_class_counts"": [[33, 28], [33, 20], [0, 10], [6, 20]], ""group_proportions"": [0.4777227722772277, 0.41089108910891087, 0.04950495049504951, 0.06188118811881188], ""val_group_counts"": [49, 42, 8, 21], ""val_total"": 120}","{""num_groups"": 4, ""eta"": 2.0, ""update_mode"": ""softmax"", ""robust_objective"": ""weighted"", ""gamma"": 0.9, ""kl_lambda"": 0.0, ""initial_pi"": [0.47772276401519775, 0.4108910858631134, 0.049504950642585754, 0.06188118830323219]}",2026-09-15T04:52:08.492433,1,0.9681927959124247,0.546875,0.001,0.66,0.72225427680887,0.5573770491803278,1.0,"[0.5573770491803278, 0.7547169811320755, 1.0, 0.5769230769230769]","[0.6813024595135548, 0.652700700849857, 0.35685745179653167, 0.6786668140154618]","[0.7361111111111112, 0.5897435897435898]","[[0.5454545454545454, 0.5714285714285714], [0.9393939393939394, 0.45], [null, 1.0], [0.6666666666666666, 0.55]]","[61, 53, 10, 26]",0.6592579395127166,"[0.5569007263922517, 0.7036559139784946, 0.5, 0.543859649122807]",0.5,0.6813024595135548,0.6416666666666667,0.701530612244898,0.5238095238095238,1.0,"[0.5918367346938775, 0.6904761904761905, 1.0, 0.5238095238095238]","[0.6853655102301617, 0.6603611707687378, 0.33584344387054443, 0.6883444757688613]","[0.7241379310344828, 0.5645161290322581]","[[0.5925925925925926, 0.5909090909090909], [0.9230769230769231, 0.3125], [null, 1.0], [0.4, 0.5625]]","[49, 42, 8, 21]",0.6404431746916591,"[0.5903010033444815, 0.6108339272986458, 0.5, 0.4642857142857143]",0.4642857142857143,0.6883444757688613,"[0.28134918212890625, 0.22745272517204285, 0.2959458529949188, 0.1952521800994873]","[0.6944591601689657, 0.680047353108724, 0.5248507559299469, 0.7270166476567587]","[0.3000970383485158, 0.24210440119107565, 0.2547349656621615, 0.20306357244650522]","[0.47772276401519775, 0.4108910858631134, 0.049504950642585754, 0.06188118830323219]",0.0
"{""run_name"": ""fedheart_exp_paper_hetagg_gdro"", ""seed"": 7, ""run_dir"": ""runs/sweep_fedheart/Ours_Regret_c2_s7_f1"", ""use_fedheart"": true, ""num_classes"": 2, ""stratified_batching"": true, ""train_frac"": 0.8, ""group_max_train_samples"": [null, null, 20, 25], ""true_hetero_input_dim"": true, ""feature_mask"": [[0, 1, 2, 3, 5, 6, 7, 8, 9, 10], [0, 1, 2, 3, 5, 6, 11, 12], [0, 1, 2, 4, 5, 7, 11, 12], [0, 1, 2, 4, 5, 6, 8, 9, 10]], ""batch_size"": 64, ""num_workers"": 0, ""epochs"": 100, ""early_stopping_patience"": 30, ""lr"": 0.001, ""weight_decay"": 0.0001, ""optimizer"": ""adam"", ""grad_clip"": 1.0, ""lr_scheduler"": ""cosine"", ""lr_min"": 1e-05, ""latent_dim"": 64, ""head_hidden"": 32, ""groups"": [{""name"": ""cleveland"", ""encoder"": ""mlp_tabular_ln"", ""input_dim"": 10, ""hidden_dim"": 64, ""dropout"": 0.1}, {""name"": ""hungarian"", ""encoder"": ""mlp_tabular_ln"", ""input_dim"": 8, ""hidden_dim"": 64, ""dropout"": 0.1}, {""name"": ""switzerland"", ""encoder"": ""mlp_tabular_ln"", ""input_dim"": 8, ""hidden_dim"": 64, ""dropout"": 0.1}, {""name"": ""va_long_beach"", ""encoder"": ""mlp_tabular_ln"", ""input_dim"": 9, ""hidden_dim"": 64, ""dropout"": 0.1}], ""anchor_eps"": 0.0001, ""sep_samples_per_class"": 4, ""sep_method"": ""classifier"", ""sep_margin"": 1.0, ""lambda_fit"": 0.01, ""lambda_sep"": 0.01, ""groupdro_enabled"": true, ""groupdro_eta"": 2.0, ""groupdro_gamma"": 0.9, ""groupdro_update_mode"": ""softmax"", ""groupdro_objective"": ""weighted"", ""groupdro_kl_lambda"": 0.0, ""groupdro_uniform_init"": true, ""log_interval"": 20, ""save_every"": 10, ""val_frac"": 0.2, ""common_encoder"": false, ""use_regret"": true, ""optimal_losses"": [0.49934679966136675, 0.5924033531758973, 0.4240419712328326, 1.4799922526387188], ""data_split_seed"": 1001}","{""num_groups"": 4, ""num_classes"": 2, ""train_total"": 404, ""test_total"": 150, ""train_group_counts"": [193, 166, 20, 25], ""test_group_counts"": [61, 53, 10, 26], ""train_class_counts"": [215, 189], ""test_class_counts"": [72, 78], ""train_group_class_counts"": [[104, 89], [104, 62], [1, 19], [6, 19]], ""test_group_class_counts"": [[33, 28], [33, 20], [0, 10], [6, 20]], ""group_proportions"": [0.4777227722772277, 0.41089108910891087, 0.04950495049504951, 0.06188118811881188], ""val_group_counts"": [49, 42, 8, 21], ""val_total"": 120}","{""num_groups"": 4, ""eta"": 2.0, ""update_mode"": ""softmax"", ""robust_objective"": ""weighted"", ""gamma"": 0.9, ""kl_lambda"": 0.0, ""initial_pi"": [0.47772276401519775, 0.4108910858631134, 0.049504950642585754, 0.06188118830323219]}",2026-09-15T04:52:08.492433,2,0.7987654606501261,0.6770833333333334,0.001,0.7933333333333333,0.8434592781174903,0.7540983606557377,1.0,"[0.7540983606557377, 0.7735849056603774, 1.0, 0.8461538461538461]","[0.6599690650330216, 0.636257845275807, 0.1912325918674469, 0.5905332118272781]","[0.8055555555555556, 0.782051282051282]","[[0.8181818181818182, 0.6785714285714286], [0.8787878787878788, 0.6], [null, 1.0], [0.3333333333333333, 1.0]]","[61, 53, 10, 26]",0.793250633586768,"[0.7497949138638228, 0.7476190476190475, 0.5, 0.7045454545454546]",0.5,0.6599690650330216,0.7166666666666667,0.7746598639455782,0.6904761904761905,1.0,"[0.6938775510204082, 0.6904761904761905, 1.0, 0.7142857142857143]","[0.6617954276045974, 0.6499255242801848, 0.18325753696262836, 0.6132387135710035]","[0.7241379310344828, 0.7096774193548387]","[[0.7037037037037037, 0.6818181818181818], [0.8846153846153846, 0.375], [null, 1.0], [0.0, 0.9375]]","[49, 42, 8, 21]",0.7165879410947485,"[0.6918238993710691, 0.6298305084745763, 0.5, 0.4166666666666667]",0.4166666666666667,0.6617954276045974,"[0.28719380497932434, 0.26521870493888855, 0.23373503983020782, 0.21385245025157928]","[0.6690608461697897, 0.6582591036955515, 0.33622440447409946, 0.6338134706020355]","[0.30795834958553314, 0.2502809738119443, 0.22253722449143729, 0.21922345956166586]","[0.47772276401519775, 0.4108910858631134, 0.049504950642585754, 0.06188118830323219]",0.0
"{""run_name"": ""fedheart_exp_paper_hetagg_gdro"", ""seed"": 7, ""run_dir"": ""runs/sweep_fedheart/Ours_Regret_c2_s7_f1"", ""use_fedheart"": true, ""num_classes"": 2, ""stratified_batching"": true, ""train_frac"": 0.8, ""group_max_train_samples"": [null, null, 20, 25], ""true_hetero_input_dim"": true, ""feature_mask"": [[0, 1, 2, 3, 5, 6, 7, 8, 9, 10], [0, 1, 2, 3, 5, 6, 11, 12], [0, 1, 2, 4, 5, 7, 11, 12], [0, 1, 2, 4, 5, 6, 8, 9, 10]], ""batch_size"": 64, ""num_workers"": 0, ""epochs"": 100, ""early_stopping_patience"": 30, ""lr"": 0.001, ""weight_decay"": 0.0001, ""optimizer"": ""adam"", ""grad_clip"": 1.0, ""lr_scheduler"": ""cosine"", ""lr_min"": 1e-05, ""latent_dim"": 64, ""head_hidden"": 32, ""groups"": [{""name"": ""cleveland"", ""encoder"": ""mlp_tabular_ln"", ""input_dim"": 10, ""hidden_dim"": 64, ""dropout"": 0.1}, {""name"": ""hungarian"", ""encoder"": ""mlp_tabular_ln"", ""input_dim"": 8, ""hidden_dim"": 64, ""dropout"": 0.1}, {""name"": ""switzerland"", ""encoder"": ""mlp_tabular_ln"", ""input_dim"": 8, ""hidden_dim"": 64, ""dropout"": 0.1}, {""name"": ""va_long_beach"", ""encoder"": ""mlp_tabular_ln"", ""input_dim"": 9, ""hidden_dim"": 64, ""dropout"": 0.1}], ""anchor_eps"": 0.0001, ""sep_samples_per_class"": 4, ""sep_method"": ""classifier"", ""sep_margin"": 1.0, ""lambda_fit"": 0.01, ""lambda_sep"": 0.01, ""groupdro_enabled"": true, ""groupdro_eta"": 2.0, ""groupdro_gamma"": 0.9, ""groupdro_update_mode"": ""softmax"", ""groupdro_objective"": ""weighted"", ""groupdro_kl_lambda"": 0.0, ""groupdro_uniform_init"": true, ""log_interval"": 20, ""save_every"": 10, ""val_frac"": 0.2, ""common_encoder"": false, ""use_regret"": true, ""optimal_losses"": [0.49934679966136675, 0.5924033531758973, 0.4240419712328326, 1.4799922526387188], ""data_split_seed"": 1001}","{""num_groups"": 4, ""num_classes"": 2, ""train_total"": 404, ""test_total"": 150, ""train_group_counts"": [193, 166, 20, 25], ""test_group_counts"": [61, 53, 10, 26], ""train_class_counts"": [215, 189], ""test_class_counts"": [72, 78], ""train_group_class_counts"": [[104, 89], [104, 62], [1, 19], [6, 19]], ""test_group_class_counts"": [[33, 28], [33, 20], [0, 10], [6, 20]], ""group_proportions"": [0.4777227722772277, 0.41089108910891087, 0.04950495049504951, 0.06188118811881188], ""val_group_counts"": [49, 42, 8, 21], ""val_total"": 120}","{""num_groups"": 4, ""eta"": 2.0, ""update_mode"": ""softmax"", ""robust_objective"": ""weighted"", ""gamma"": 0.9, ""kl_lambda"": 0.0, ""initial_pi"": [0.47772276401519775, 0.4108910858631134, 0.049504950642585754, 0.06188118830323219]}",2026-09-15T04:52:08.492433,3,0.7016410827636719,0.7135416666666666,0.001,0.8066666666666666,0.8461389754693188,0.7735849056603774,1.0,"[0.8032786885245902, 0.7735849056603774, 1.0, 0.8076923076923077]","[0.6304111153375908, 0.6203669208400654, 0.11286768019199371, 0.5270997939201502]","[0.7777777777777778, 0.8333333333333334]","[[0.8181818181818182, 0.7857142857142857], [0.8484848484848485, 0.65], [null, 1.0], [0.16666666666666666, 1.0]]","[61, 53, 10, 26]",0.8059681520139168,"[0.801948051948052, 0.7538699690402477, 0.5, 0.5873015873015873]",0.5,0.6304111153375908,0.7583333333333333,0.8086734693877551,0.7346938775510204,1.0,"[0.7346938775510204, 0.7380952380952381, 1.0, 0.7619047619047619]","[0.633090541679032, 0.6367251085383552, 0.10765268094837666, 0.5733881507601056]","[0.7068965517241379, 0.8064516129032258]","[[0.6666666666666666, 0.8181818181818182], [0.8846153846153846, 0.5], [null, 1.0], [0.0, 1.0]]","[49, 42, 8, 21]",0.7569662685941756,"[0.7346938775510203, 0.6998050682261209, 0.5, 0.4324324324324324]",0.4324324324324324,0.6367251085383552,"[0.30965685844421387, 0.24538324773311615, 0.22247996926307678, 0.22247996926307678]","[0.648417741060257, 0.6437388559182485, 0.2485902706782023, 0.5839144786198934]","[0.2962812582651774, 0.24379157523314157, 0.23999748875697455, 0.21992967774470648]","[0.47772276401519775, 0.4108910858631134, 0.049504950642585754, 0.06188118830323219]",0.0
"{""run_name"": ""fedheart_exp_paper_hetagg_gdro"", ""seed"": 7, ""run_dir"": ""runs/sweep_fedheart/Ours_Regret_c2_s7_f1"", ""use_fedheart"": true, ""num_classes"": 2, ""stratified_batching"": true, ""train_frac"": 0.8, ""group_max_train_samples"": [null, null, 20, 25], ""true_hetero_input_dim"": true, ""feature_mask"": [[0, 1, 2, 3, 5, 6, 7, 8, 9, 10], [0, 1, 2, 3, 5, 6, 11, 12], [0, 1, 2, 4, 5, 7, 11, 12], [0, 1, 2, 4, 5, 6, 8, 9, 10]], ""batch_size"": 64, ""num_workers"": 0, ""epochs"": 100, ""early_stopping_patience"": 30, ""lr"": 0.001, ""weight_decay"": 0.0001, ""optimizer"": ""adam"", ""grad_clip"": 1.0, ""lr_scheduler"": ""cosine"", ""lr_min"": 1e-05, ""latent_dim"": 64, ""head_hidden"": 32, ""groups"": [{""name"": ""cleveland"", ""encoder"": ""mlp_tabular_ln"", ""input_dim"": 10, ""hidden_dim"": 64, ""dropout"": 0.1}, {""name"": ""hungarian"", ""encoder"": ""mlp_tabular_ln"", ""input_dim"": 8, ""hidden_dim"": 64, ""dropout"": 0.1}, {""name"": ""switzerland"", ""encoder"": ""mlp_tabular_ln"", ""input_dim"": 8, ""hidden_dim"": 64, ""dropout"": 0.1}, {""name"": ""va_long_beach"", ""encoder"": ""mlp_tabular_ln"", ""input_dim"": 9, ""hidden_dim"": 64, ""dropout"": 0.1}], ""anchor_eps"": 0.0001, ""sep_samples_per_class"": 4, ""sep_method"": ""classifier"", ""sep_margin"": 1.0, ""lambda_fit"": 0.01, ""lambda_sep"": 0.01, ""groupdro_enabled"": true, ""groupdro_eta"": 2.0, ""groupdro_gamma"": 0.9, ""groupdro_update_mode"": ""softmax"", ""groupdro_objective"": ""weighted"", ""groupdro_kl_lambda"": 0.0, ""groupdro_uniform_init"": true, ""log_interval"": 20, ""save_every"": 10, ""val_frac"": 0.2, ""common_encoder"": false, ""use_regret"": true, ""optimal_losses"": [0.49934679966136675, 0.5924033531758973, 0.4240419712328326, 1.4799922526387188], ""data_split_seed"": 1001}","{""num_groups"": 4, ""num_classes"": 2, ""train_total"": 404, ""test_total"": 150, ""train_group_counts"": [193, 166, 20, 25], ""test_group_counts"": [61, 53, 10, 26], ""train_class_counts"": [215, 189], ""test_class_counts"": [72, 78], ""train_group_class_counts"": [[104, 89], [104, 62], [1, 19], [6, 19]], ""test_group_class_counts"": [[33, 28], [33, 20], [0, 10], [6, 20]], ""group_proportions"": [0.4777227722772277, 0.41089108910891087, 0.04950495049504951, 0.06188118811881188], ""val_group_counts"": [49, 42, 8, 21], ""val_total"": 120}","{""num_groups"": 4, ""eta"": 2.0, ""update_mode"": ""softmax"", ""robust_objective"": ""weighted"", ""gamma"": 0.9, ""kl_lambda"": 0.0, ""initial_pi"": [0.47772276401519775, 0.4108910858631134, 0.049504950642585754, 0.06188118830323219]}",2026-09-15T04:52:08.492433,4,0.6471214393774668,0.7578125,0.001,0.7933333333333333,0.8367050132051679,0.7358490566037735,1.0,"[0.8032786885245902, 0.7358490566037735, 1.0, 0.8076923076923077]","[0.5944838133014616, 0.6063900775504563, 0.06691406667232513, 0.4975338171307857]","[0.7777777777777778, 0.8076923076923077]","[[0.8181818181818182, 0.7857142857142857], [0.8484848484848485, 0.55], [null, 1.0], [0.16666666666666666, 1.0]]","[61, 53, 10, 26]",0.79288227695871,"[0.801948051948052, 0.7055555555555557, 0.5, 0.5873015873015873]",0.5,0.6063900775504563,0.775,0.8197278911564625,0.7551020408163265,1.0,"[0.7551020408163265, 0.7619047619047619, 1.0, 0.7619047619047619]","[0.6037195464786218, 0.62187141534828, 0.06375743169337511, 0.5737826121704919]","[0.7241379310344828, 0.8225806451612904]","[[0.6666666666666666, 0.8636363636363636], [0.9230769230769231, 0.5], [null, 1.0], [0.0, 1.0]]","[49, 42, 8, 21]",0.7737272155876807,"[0.755, 0.7214854111405835, 0.5, 0.4324324324324324]",0.4324324324324324,0.62187141534828,"[0.21742571890354156, 0.21108819544315338, 0.3894573748111725, 0.18202869594097137]","[0.6232840617497762, 0.6287232836087545, 0.21488661194841066, 0.5257289508978525]","[0.28462033222119015, 0.23788349827130637, 0.2560338079929352, 0.22146236151456833]","[0.47772276401519775, 0.4108910858631134, 0.049504950642585754, 0.06188118830323219]",0.0
"{""run_name"": ""fedheart_exp_paper_hetagg_gdro"", ""seed"": 7, ""run_dir"": ""runs/sweep_fedheart/Ours_Regret_c2_s7_f1"", ""use_fedheart"": true, ""num_classes"": 2, ""stratified_batching"": true, ""train_frac"": 0.8, ""group_max_train_samples"": [null, null, 20, 25], ""true_hetero_input_dim"": true, ""feature_mask"": [[0, 1, 2, 3, 5, 6, 7, 8, 9, 10], [0, 1, 2, 3, 5, 6, 11, 12], [0, 1, 2, 4, 5, 7, 11, 12], [0, 1, 2, 4, 5, 6, 8, 9, 10]], ""batch_size"": 64, ""num_workers"": 0, ""epochs"": 100, ""early_stopping_patience"": 30, ""lr"": 0.001, ""weight_decay"": 0.0001, ""optimizer"": ""adam"", ""grad_clip"": 1.0, ""lr_scheduler"": ""cosine"", ""lr_min"": 1e-05, ""latent_dim"": 64, ""head_hidden"": 32, ""groups"": [{""name"": ""cleveland"", ""encoder"": ""mlp_tabular_ln"", ""input_dim"": 10, ""hidden_dim"": 64, ""dropout"": 0.1}, {""name"": ""hungarian"", ""encoder"": ""mlp_tabular_ln"", ""input_dim"": 8, ""hidden_dim"": 64, ""dropout"": 0.1}, {""name"": ""switzerland"", ""encoder"": ""mlp_tabular_ln"", ""input_dim"": 8, ""hidden_dim"": 64, ""dropout"": 0.1}, {""name"": ""va_long_beach"", ""encoder"": ""mlp_tabular_ln"", ""input_dim"": 9, ""hidden_dim"": 64, ""dropout"": 0.1}], ""anchor_eps"": 0.0001, ""sep_samples_per_class"": 4, ""sep_method"": ""classifier"", ""sep_margin"": 1.0, ""lambda_fit"": 0.01, ""lambda_sep"": 0.01, ""groupdro_enabled"": true, ""groupdro_eta"": 2.0, ""groupdro_gamma"": 0.9, ""groupdro_update_mode"": ""softmax"", ""groupdro_objective"": ""weighted"", ""groupdro_kl_lambda"": 0.0, ""groupdro_uniform_init"": true, ""log_interval"": 20, ""save_every"": 10, ""val_frac"": 0.2, ""common_encoder"": false, ""use_regret"": true, ""optimal_losses"": [0.49934679966136675, 0.5924033531758973, 0.4240419712328326, 1.4799922526387188], ""data_split_seed"": 1001}","{""num_groups"": 4, ""num_classes"": 2, ""train_total"": 404, ""test_total"": 150, ""train_group_counts"": [193, 166, 20, 25], ""test_group_counts"": [61, 53, 10, 26], ""train_class_counts"": [215, 189], ""test_class_counts"": [72, 78], ""train_group_class_counts"": [[104, 89], [104, 62], [1, 19], [6, 19]], ""test_group_class_counts"": [[33, 28], [33, 20], [0, 10], [6, 20]], ""group_proportions"": [0.4777227722772277, 0.41089108910891087, 0.04950495049504951, 0.06188118811881188], ""val_group_counts"": [49, 42, 8, 21], ""val_total"": 120}","{""num_groups"": 4, ""eta"": 2.0, ""update_mode"": ""softmax"", ""robust_objective"": ""weighted"", ""gamma"": 0.9, ""kl_lambda"": 0.0, ""initial_pi"": [0.47772276401519775, 0.4108910858631134, 0.049504950642585754, 0.06188118830323219]}",2026-09-15T04:52:08.492433,5,0.5734761208295822,0.7864583333333334,0.001,0.8133333333333334,0.8502373361250566,0.7735849056603774,1.0,"[0.819672131147541, 0.7735849056603774, 1.0, 0.8076923076923077]","[0.5622145474934187, 0.5934853199517952, 0.04917873945087194, 0.49091274520525563]","[0.8055555555555556, 0.8205128205128205]","[[0.8181818181818182, 0.8214285714285714], [0.9090909090909091, 0.55], [null, 1.0], [0.16666666666666666, 1.0]]","[61, 53, 10, 26]",0.813034188034188,"[0.81889338731444, 0.7401960784313725, 0.5, 0.5873015873015873]",0.5,0.5934853199517952,0.7583333333333333,0.8018707482993197,0.7142857142857143,1.0,"[0.7551020408163265, 0.7380952380952381, 1.0, 0.7142857142857143]","[0.5773570872083003, 0.6055593895060676, 0.047341140918433666, 0.5987905512253443]","[0.7241379310344828, 0.7903225806451613]","[[0.6666666666666666, 0.8636363636363636], [0.9230769230769231, 0.4375], [null, 1.0], [0.0, 0.9375]]","[49, 42, 8, 21]",0.757508187582747,"[0.755, 0.6867796610169492, 0.5, 0.4166666666666667]",0.4166666666666667,0.6055593895060676,"[0.2694343328475952, 0.2635074257850647, 0.23352915048599243, 0.23352915048599243]","[0.5957476794719696, 0.6163244148095449, 0.19607279247914752, 0.46408747136592865]","[0.27205698440472287, 0.23515072713295618, 0.2697777176896731, 0.22301457077264786]","[0.47772276401519775, 0.4108910858631134, 0.049504950642585754, 0.06188118830323219]",0.0
"{""run_name"": ""fedheart_exp_paper_hetagg_gdro"", ""seed"": 7, ""run_dir"": ""runs/sweep_fedheart/Ours_Regret_c2_s7_f1"", ""use_fedheart"": true, ""num_classes"": 2, ""stratified_batching"": true, ""train_frac"": 0.8, ""group_max_train_samples"": [null, null, 20, 25], ""true_hetero_input_dim"": true, ""feature_mask"": [[0, 1, 2, 3, 5, 6, 7, 8, 9, 10], [0, 1, 2, 3, 5, 6, 11, 12], [0, 1, 2, 4, 5, 7, 11, 12], [0, 1, 2, 4, 5, 6, 8, 9, 10]], ""batch_size"": 64, ""num_workers"": 0, ""epochs"": 100, ""early_stopping_patience"": 30, ""lr"": 0.001, ""weight_decay"": 0.0001, ""optimizer"": ""adam"", ""grad_clip"": 1.0, ""lr_scheduler"": ""cosine"", ""lr_min"": 1e-05, ""latent_dim"": 64, ""head_hidden"": 32, ""groups"": [{""name"": ""cleveland"", ""encoder"": ""mlp_tabular_ln"", ""input_dim"": 10, ""hidden_dim"": 64, ""dropout"": 0.1}, {""name"": ""hungarian"", ""encoder"": ""mlp_tabular_ln"", ""input_dim"": 8, ""hidden_dim"": 64, ""dropout"": 0.1}, {""name"": ""switzerland"", ""encoder"": ""mlp_tabular_ln"", ""input_dim"": 8, ""hidden_dim"": 64, ""dropout"": 0.1}, {""name"": ""va_long_beach"", ""encoder"": ""mlp_tabular_ln"", ""input_dim"": 9, ""hidden_dim"": 64, ""dropout"": 0.1}], ""anchor_eps"": 0.0001, ""sep_samples_per_class"": 4, ""sep_method"": ""classifier"", ""sep_margin"": 1.0, ""lambda_fit"": 0.01, ""lambda_sep"": 0.01, ""groupdro_enabled"": true, ""groupdro_eta"": 2.0, ""groupdro_gamma"": 0.9, ""groupdro_update_mode"": ""softmax"", ""groupdro_objective"": ""weighted"", ""groupdro_kl_lambda"": 0.0, ""groupdro_uniform_init"": true, ""log_interval"": 20, ""save_every"": 10, ""val_frac"": 0.2, ""common_encoder"": false, ""use_regret"": true, ""optimal_losses"": [0.49934679966136675, 0.5924033531758973, 0.4240419712328326, 1.4799922526387188], ""data_split_seed"": 1001}","{""num_groups"": 4, ""num_classes"": 2, ""train_total"": 404, ""test_total"": 150, ""train_group_counts"": [193, 166, 20, 25], ""test_group_counts"": [61, 53, 10, 26], ""train_class_counts"": [215, 189], ""test_class_counts"": [72, 78], ""train_group_class_counts"": [[104, 89], [104, 62], [1, 19], [6, 19]], ""test_group_class_counts"": [[33, 28], [33, 20], [0, 10], [6, 20]], ""group_proportions"": [0.4777227722772277, 0.41089108910891087, 0.04950495049504951, 0.06188118811881188], ""val_group_counts"": [49, 42, 8, 21], ""val_total"": 120}","{""num_groups"": 4, ""eta"": 2.0, ""update_mode"": ""softmax"", ""robust_objective"": ""weighted"", ""gamma"": 0.9, ""kl_lambda"": 0.0, ""initial_pi"": [0.47772276401519775, 0.4108910858631134, 0.049504950642585754, 0.06188118830323219]}",2026-09-15T04:52:08.492433,6,0.5413885911305746,0.78125,0.001,0.8133333333333334,0.8502373361250566,0.7735849056603774,1.0,"[0.819672131147541, 0.7735849056603774, 1.0, 0.8076923076923077]","[0.5366410085412322, 0.5788970010460548, 0.049993242137134075, 0.4937328997139747]","[0.8194444444444444, 0.8076923076923077]","[[0.8181818181818182, 0.8214285714285714], [0.9393939393939394, 0.5], [null, 1.0], [0.16666666666666666, 1.0]]","[61, 53, 10, 26]",0.813200498132005,"[0.81889338731444, 0.7314189189189189, 0.5, 0.5873015873015873]",0.5,0.5788970010460548,0.7666666666666667,0.8069727891156463,0.7142857142857143,1.0,"[0.7755102040816326, 0.7380952380952381, 1.0, 0.7142857142857143]","[0.5525645431207151, 0.5899449444952465, 0.04925294569693506, 0.6321130813587279]","[0.7241379310344828, 0.8064516129032258]","[[0.6666666666666666, 0.9090909090909091], [0.9230769230769231, 0.4375], [null, 1.0], [0.0, 0.9375]]","[49, 42, 8, 21]",0.765625,"[0.7751355861493534, 0.6867796610169492, 0.5, 0.4166666666666667]",0.4166666666666667,0.6321130813587279,"[0.2776111960411072, 0.2446490228176117, 0.23886990547180176, 0.23886990547180176]","[0.5682636499404907, 0.6002627313137054, 0.20973075677951178, 0.38189276307821274]","[0.2597016269961993, 0.23456860333681107, 0.2795284266273181, 0.22620135049025217]","[0.47772276401519775, 0.4108910858631134, 0.049504950642585754, 0.06188118830323219]",0.0
"{""run_name"": ""fedheart_exp_paper_hetagg_gdro"", ""seed"": 7, ""run_dir"": ""runs/sweep_fedheart/Ours_Regret_c2_s7_f1"", ""use_fedheart"": true, ""num_classes"": 2, ""stratified_batching"": true, ""train_frac"": 0.8, ""group_max_train_samples"": [null, null, 20, 25], ""true_hetero_input_dim"": true, ""feature_mask"": [[0, 1, 2, 3, 5, 6, 7, 8, 9, 10], [0, 1, 2, 3, 5, 6, 11, 12], [0, 1, 2, 4, 5, 7, 11, 12], [0, 1, 2, 4, 5, 6, 8, 9, 10]], ""batch_size"": 64, ""num_workers"": 0, ""epochs"": 100, ""early_stopping_patience"": 30, ""lr"": 0.001, ""weight_decay"": 0.0001, ""optimizer"": ""adam"", ""grad_clip"": 1.0, ""lr_scheduler"": ""cosine"", ""lr_min"": 1e-05, ""latent_dim"": 64, ""head_hidden"": 32, ""groups"": [{""name"": ""cleveland"", ""encoder"": ""mlp_tabular_ln"", ""input_dim"": 10, ""hidden_dim"": 64, ""dropout"": 0.1}, {""name"": ""hungarian"", ""encoder"": ""mlp_tabular_ln"", ""input_dim"": 8, ""hidden_dim"": 64, ""dropout"": 0.1}, {""name"": ""switzerland"", ""encoder"": ""mlp_tabular_ln"", ""input_dim"": 8, ""hidden_dim"": 64, ""dropout"": 0.1}, {""name"": ""va_long_beach"", ""encoder"": ""mlp_tabular_ln"", ""input_dim"": 9, ""hidden_dim"": 64, ""dropout"": 0.1}], ""anchor_eps"": 0.0001, ""sep_samples_per_class"": 4, ""sep_method"": ""classifier"", ""sep_margin"": 1.0, ""lambda_fit"": 0.01, ""lambda_sep"": 0.01, ""groupdro_enabled"": true, ""groupdro_eta"": 2.0, ""groupdro_gamma"": 0.9, ""groupdro_update_mode"": ""softmax"", ""groupdro_objective"": ""weighted"", ""groupdro_kl_lambda"": 0.0, ""groupdro_uniform_init"": true, ""log_interval"": 20, ""save_every"": 10, ""val_frac"": 0.2, ""common_encoder"": false, ""use_regret"": true, ""optimal_losses"": [0.49934679966136675, 0.5924033531758973, 0.4240419712328326, 1.4799922526387188], ""data_split_seed"": 1001}","{""num_groups"": 4, ""num_classes"": 2, ""train_total"": 404, ""test_total"": 150, ""train_group_counts"": [193, 166, 20, 25], ""test_group_counts"": [61, 53, 10, 26], ""train_class_counts"": [215, 189], ""test_class_counts"": [72, 78], ""train_group_class_counts"": [[104, 89], [104, 62], [1, 19], [6, 19]], ""test_group_class_counts"": [[33, 28], [33, 20], [0, 10], [6, 20]], ""group_proportions"": [0.4777227722772277, 0.41089108910891087, 0.04950495049504951, 0.06188118811881188], ""val_group_counts"": [49, 42, 8, 21], ""val_total"": 120}","{""num_groups"": 4, ""eta"": 2.0, ""update_mode"": ""softmax"", ""robust_objective"": ""weighted"", ""gamma"": 0.9, ""kl_lambda"": 0.0, ""initial_pi"": [0.47772276401519775, 0.4108910858631134, 0.049504950642585754, 0.06188118830323219]}",2026-09-15T04:52:08.492433,7,0.4998723814884822,0.7890625,0.001,0.8133333333333334,0.8502373361250566,0.7735849056603774,1.0,"[0.819672131147541, 0.7735849056603774, 1.0, 0.8076923076923077]","[0.5138627984484688, 0.5598844509079771, 0.04955100826919079, 0.5021984751981038]","[0.8333333333333334, 0.7948717948717948]","[[0.8181818181818182, 0.8214285714285714], [0.9393939393939394, 0.5], [null, 1.0], [0.3333333333333333, 0.95]]","[61, 53, 10, 26]",0.8133001422475107,"[0.81889338731444, 0.7314189189189189, 0.5, 0.6640826873385013]",0.5,0.5598844509079771,0.7666666666666667,0.8069727891156463,0.7142857142857143,1.0,"[0.7755102040816326, 0.7380952380952381, 1.0, 0.7142857142857143]","[0.5307562351226807, 0.5696961006947926, 0.04950679745525122, 0.6636053181829906]","[0.7241379310344828, 0.8064516129032258]","[[0.6666666666666666, 0.9090909090909091], [0.9230769230769231, 0.4375], [null, 1.0], [0.0, 0.9375]]","[49, 42, 8, 21]",0.765625,"[0.7751355861493534, 0.6867796610169492, 0.5, 0.4166666666666667]",0.4166666666666667,0.6636053181829906,"[0.25, 0.25, 0.25, 0.25]","[0.5340102314949036, 0.5562549829483032, 0.14212656781698266, 0.3553388975560665]","[0.2583917851249377, 0.23893789450327554, 0.2637324233849843, 0.23893789450327554]","[0.47772276401519775, 0.4108910858631134, 0.049504950642585754, 0.06188118830323219]",0.0
"{""run_name"": ""fedheart_exp_paper_hetagg_gdro"", ""seed"": 7, ""run_dir"": ""runs/sweep_fedheart/Ours_Regret_c2_s7_f1"", ""use_fedheart"": true, ""num_classes"": 2, ""stratified_batching"": true, ""train_frac"": 0.8, ""group_max_train_samples"": [null, null, 20, 25], ""true_hetero_input_dim"": true, ""feature_mask"": [[0, 1, 2, 3, 5, 6, 7, 8, 9, 10], [0, 1, 2, 3, 5, 6, 11, 12], [0, 1, 2, 4, 5, 7, 11, 12], [0, 1, 2, 4, 5, 6, 8, 9, 10]], ""batch_size"": 64, ""num_workers"": 0, ""epochs"": 100, ""early_stopping_patience"": 30, ""lr"": 0.001, ""weight_decay"": 0.0001, ""optimizer"": ""adam"", ""grad_clip"": 1.0, ""lr_scheduler"": ""cosine"", ""lr_min"": 1e-05, ""latent_dim"": 64, ""head_hidden"": 32, ""groups"": [{""name"": ""cleveland"", ""encoder"": ""mlp_tabular_ln"", ""input_dim"": 10, ""hidden_dim"": 64, ""dropout"": 0.1}, {""name"": ""hungarian"", ""encoder"": ""mlp_tabular_ln"", ""input_dim"": 8, ""hidden_dim"": 64, ""dropout"": 0.1}, {""name"": ""switzerland"", ""encoder"": ""mlp_tabular_ln"", ""input_dim"": 8, ""hidden_dim"": 64, ""dropout"": 0.1}, {""name"": ""va_long_beach"", ""encoder"": ""mlp_tabular_ln"", ""input_dim"": 9, ""hidden_dim"": 64, ""dropout"": 0.1}], ""anchor_eps"": 0.0001, ""sep_samples_per_class"": 4, ""sep_method"": ""classifier"", ""sep_margin"": 1.0, ""lambda_fit"": 0.01, ""lambda_sep"": 0.01, ""groupdro_enabled"": true, ""groupdro_eta"": 2.0, ""groupdro_gamma"": 0.9, ""groupdro_update_mode"": ""softmax"", ""groupdro_objective"": ""weighted"", ""groupdro_kl_lambda"": 0.0, ""groupdro_uniform_init"": true, ""log_interval"": 20, ""save_every"": 10, ""val_frac"": 0.2, ""common_encoder"": false, ""use_regret"": true, ""optimal_losses"": [0.49934679966136675, 0.5924033531758973, 0.4240419712328326, 1.4799922526387188], ""data_split_seed"": 1001}","{""num_groups"": 4, ""num_classes"": 2, ""train_total"": 404, ""test_total"": 150, ""train_group_counts"": [193, 166, 20, 25], ""test_group_counts"": [61, 53, 10, 26], ""train_class_counts"": [215, 189], ""test_class_counts"": [72, 78], ""train_group_class_counts"": [[104, 89], [104, 62], [1, 19], [6, 19]], ""test_group_class_counts"": [[33, 28], [33, 20], [0, 10], [6, 20]], ""group_proportions"": [0.4777227722772277, 0.41089108910891087, 0.04950495049504951, 0.06188118811881188], ""val_group_counts"": [49, 42, 8, 21], ""val_total"": 120}","{""num_groups"": 4, ""eta"": 2.0, ""update_mode"": ""softmax"", ""robust_objective"": ""weighted"", ""gamma"": 0.9, ""kl_lambda"": 0.0, ""initial_pi"": [0.47772276401519775, 0.4108910858631134, 0.049504950642585754, 0.06188118830323219]}",2026-09-15T04:52:08.492433,8,0.4712517708539963,0.8046875,0.001,0.8133333333333334,0.8453389326417474,0.7692307692307693,1.0,"[0.819672131147541, 0.7924528301886793, 1.0, 0.7692307692307693]","[0.4930040618923844, 0.54393732828914, 0.04833421185612678, 0.5181663683973826]","[0.8333333333333334, 0.7948717948717948]","[[0.8181818181818182, 0.8214285714285714], [0.9393939393939394, 0.55], [null, 1.0], [0.3333333333333333, 0.9]]","[61, 53, 10, 26]",0.8133001422475107,"[0.81889338731444, 0.7579908675799087, 0.5, 0.6285714285714286]",0.5,0.54393732828914,0.7583333333333333,0.7950680272108843,0.6666666666666666,1.0,"[0.7755102040816326, 0.7380952380952381, 1.0, 0.6666666666666666]","[0.5108487864538115, 0.5535723751499539, 0.049013889161869884, 0.6997493798179286]","[0.7241379310344828, 0.7903225806451613]","[[0.6666666666666666, 0.9090909090909091], [0.9230769230769231, 0.4375], [null, 1.0], [0.0, 0.875]]","[49, 42, 8, 21]",0.757508187582747,"[0.7751355861493534, 0.6867796610169492, 0.5, 0.39999999999999997]",0.39999999999999997,0.6997493798179286,"[0.28622084856033325, 0.2379263937473297, 0.2379263937473297, 0.2379263937473297]","[0.5095996508995692, 0.5614144106705984, 0.05149641788254181, 0.3485095774134]","[0.25600331276655197, 0.2540820588668187, 0.24495731542507806, 0.24495731542507806]","[0.47772276401519775, 0.4108910858631134, 0.049504950642585754, 0.06188118830323219]",0.0
"{""run_name"": ""fedheart_exp_paper_hetagg_gdro"", ""seed"": 7, ""run_dir"": ""runs/sweep_fedheart/Ours_Regret_c2_s7_f1"", ""use_fedheart"": true, ""num_classes"": 2, ""stratified_batching"": true, ""train_frac"": 0.8, ""group_max_train_samples"": [null, null, 20, 25], ""true_hetero_input_dim"": true, ""feature_mask"": [[0, 1, 2, 3, 5, 6, 7, 8, 9, 10], [0, 1, 2, 3, 5, 6, 11, 12], [0, 1, 2, 4, 5, 7, 11, 12], [0, 1, 2, 4, 5, 6, 8, 9, 10]], ""batch_size"": 64, ""num_workers"": 0, ""epochs"": 100, ""early_stopping_patience"": 30, ""lr"": 0.001, ""weight_decay"": 0.0001, ""optimizer"": ""adam"", ""grad_clip"": 1.0, ""lr_scheduler"": ""cosine"", ""lr_min"": 1e-05, ""latent_dim"": 64, ""head_hidden"": 32, ""groups"": [{""name"": ""cleveland"", ""encoder"": ""mlp_tabular_ln"", ""input_dim"": 10, ""hidden_dim"": 64, ""dropout"": 0.1}, {""name"": ""hungarian"", ""encoder"": ""mlp_tabular_ln"", ""input_dim"": 8, ""hidden_dim"": 64, ""dropout"": 0.1}, {""name"": ""switzerland"", ""encoder"": ""mlp_tabular_ln"", ""input_dim"": 8, ""hidden_dim"": 64, ""dropout"": 0.1}, {""name"": ""va_long_beach"", ""encoder"": ""mlp_tabular_ln"", ""input_dim"": 9, ""hidden_dim"": 64, ""dropout"": 0.1}], ""anchor_eps"": 0.0001, ""sep_samples_per_class"": 4, ""sep_method"": ""classifier"", ""sep_margin"": 1.0, ""lambda_fit"": 0.01, ""lambda_sep"": 0.01, ""groupdro_enabled"": true, ""groupdro_eta"": 2.0, ""groupdro_gamma"": 0.9, ""groupdro_update_mode"": ""softmax"", ""groupdro_objective"": ""weighted"", ""groupdro_kl_lambda"": 0.0, ""groupdro_uniform_init"": true, ""log_interval"": 20, ""save_every"": 10, ""val_frac"": 0.2, ""common_encoder"": false, ""use_regret"": true, ""optimal_losses"": [0.49934679966136675, 0.5924033531758973, 0.4240419712328326, 1.4799922526387188], ""data_split_seed"": 1001}","{""num_groups"": 4, ""num_classes"": 2, ""train_total"": 404, ""test_total"": 150, ""train_group_counts"": [193, 166, 20, 25], ""test_group_counts"": [61, 53, 10, 26], ""train_class_counts"": [215, 189], ""test_class_counts"": [72, 78], ""train_group_class_counts"": [[104, 89], [104, 62], [1, 19], [6, 19]], ""test_group_class_counts"": [[33, 28], [33, 20], [0, 10], [6, 20]], ""group_proportions"": [0.4777227722772277, 0.41089108910891087, 0.04950495049504951, 0.06188118811881188], ""val_group_counts"": [49, 42, 8, 21], ""val_total"": 120}","{""num_groups"": 4, ""eta"": 2.0, ""update_mode"": ""softmax"", ""robust_objective"": ""weighted"", ""gamma"": 0.9, ""kl_lambda"": 0.0, ""initial_pi"": [0.47772276401519775, 0.4108910858631134, 0.049504950642585754, 0.06188118830323219]}",2026-09-15T04:52:08.492433,9,0.46513254443804425,0.8307291666666666,0.001,0.8,0.8365235908539342,0.7692307692307693,1.0,"[0.8032786885245902, 0.7735849056603774, 1.0, 0.7692307692307693]","[0.4732111802355188, 0.5286572859534677, 0.04727587308734656, 0.5411838735095583]","[0.8333333333333334, 0.7692307692307693]","[[0.8181818181818182, 0.7857142857142857], [0.9393939393939394, 0.5], [null, 1.0], [0.3333333333333333, 0.9]]","[61, 53, 10, 26]",0.8,"[0.801948051948052, 0.7314189189189189, 0.5, 0.6285714285714286]",0.5,0.5411838735095583,0.7666666666666667,0.8069727891156463,0.7142857142857143,1.0,"[0.7755102040816326, 0.7380952380952381, 1.0, 0.7142857142857143]","[0.49150574937158703, 0.5396657458373478, 0.04897341295145452, 0.7619682581474384]","[0.7241379310344828, 0.8064516129032258]","[[0.6666666666666666, 0.9090909090909091], [0.9230769230769231, 0.4375], [null, 1.0], [0.0, 0.9375]]","[49, 42, 8, 21]",0.765625,"[0.7751355861493534, 0.6867796610169492, 0.5, 0.4166666666666667]",0.4166666666666667,0.7619682581474384,"[0.25, 0.25, 0.25, 0.25]","[0.4956531325976054, 0.5236470351616541, 0.15448061050847173, 0.35811956971883774]","[0.2522969643274943, 0.24022400130828223, 0.2672550231218338, 0.24022400130828223]","[0.47772276401519775, 0.4108910858631134, 0.049504950642585754, 0.06188118830323219]",0.0
"{""run_name"": ""fedheart_exp_paper_hetagg_gdro"", ""seed"": 7, ""run_dir"": ""runs/sweep_fedheart/Ours_Regret_c2_s7_f1"", ""use_fedheart"": true, ""num_classes"": 2, ""stratified_batching"": true, ""train_frac"": 0.8, ""group_max_train_samples"": [null, null, 20, 25], ""true_hetero_input_dim"": true, ""feature_mask"": [[0, 1, 2, 3, 5, 6, 7, 8, 9, 10], [0, 1, 2, 3, 5, 6, 11, 12], [0, 1, 2, 4, 5, 7, 11, 12], [0, 1, 2, 4, 5, 6, 8, 9, 10]], ""batch_size"": 64, ""num_workers"": 0, ""epochs"": 100, ""early_stopping_patience"": 30, ""lr"": 0.001, ""weight_decay"": 0.0001, ""optimizer"": ""adam"", ""grad_clip"": 1.0, ""lr_scheduler"": ""cosine"", ""lr_min"": 1e-05, ""latent_dim"": 64, ""head_hidden"": 32, ""groups"": [{""name"": ""cleveland"", ""encoder"": ""mlp_tabular_ln"", ""input_dim"": 10, ""hidden_dim"": 64, ""dropout"": 0.1}, {""name"": ""hungarian"", ""encoder"": ""mlp_tabular_ln"", ""input_dim"": 8, ""hidden_dim"": 64, ""dropout"": 0.1}, {""name"": ""switzerland"", ""encoder"": ""mlp_tabular_ln"", ""input_dim"": 8, ""hidden_dim"": 64, ""dropout"": 0.1}, {""name"": ""va_long_beach"", ""encoder"": ""mlp_tabular_ln"", ""input_dim"": 9, ""hidden_dim"": 64, ""dropout"": 0.1}], ""anchor_eps"": 0.0001, ""sep_samples_per_class"": 4, ""sep_method"": ""classifier"", ""sep_margin"": 1.0, ""lambda_fit"": 0.01, ""lambda_sep"": 0.01, ""groupdro_enabled"": true, ""groupdro_eta"": 2.0, ""groupdro_gamma"": 0.9, ""groupdro_update_mode"": ""softmax"", ""groupdro_objective"": ""weighted"", ""groupdro_kl_lambda"": 0.0, ""groupdro_uniform_init"": true, ""log_interval"": 20, ""save_every"": 10, ""val_frac"": 0.2, ""common_encoder"": false, ""use_regret"": true, ""optimal_losses"": [0.49934679966136675, 0.5924033531758973, 0.4240419712328326, 1.4799922526387188], ""data_split_seed"": 1001}","{""num_groups"": 4, ""num_classes"": 2, ""train_total"": 404, ""test_total"": 150, ""train_group_counts"": [193, 166, 20, 25], ""test_group_counts"": [61, 53, 10, 26], ""train_class_counts"": [215, 189], ""test_class_counts"": [72, 78], ""train_group_class_counts"": [[104, 89], [104, 62], [1, 19], [6, 19]], ""test_group_class_counts"": [[33, 28], [33, 20], [0, 10], [6, 20]], ""group_proportions"": [0.4777227722772277, 0.41089108910891087, 0.04950495049504951, 0.06188118811881188], ""val_group_counts"": [49, 42, 8, 21], ""val_total"": 120}","{""num_groups"": 4, ""eta"": 2.0, ""update_mode"": ""softmax"", ""robust_objective"": ""weighted"", ""gamma"": 0.9, ""kl_lambda"": 0.0, ""initial_pi"": [0.47772276401519775, 0.4108910858631134, 0.049504950642585754, 0.06188118830323219]}",2026-09-15T04:52:08.492433,10,0.45529188712437946,0.8125,0.001,0.8066666666666666,0.8461389754693188,0.7735849056603774,1.0,"[0.8032786885245902, 0.7735849056603774, 1.0, 0.8076923076923077]","[0.4616076990229184, 0.5139203271213567, 0.05164934089407325, 0.5683307098224759]","[0.8194444444444444, 0.7948717948717948]","[[0.8181818181818182, 0.7857142857142857], [0.9090909090909091, 0.55], [null, 1.0], [0.3333333333333333, 0.95]]","[61, 53, 10, 26]",0.8065893023876216,"[0.801948051948052, 0.7401960784313725, 0.5, 0.6640826873385013]",0.5,0.5683307098224759,0.7666666666666667,0.8069727891156463,0.7142857142857143,1.0,"[0.7755102040816326, 0.7380952380952381, 1.0, 0.7142857142857143]","[0.4778224506548473, 0.5260765658957618, 0.05587973911315203, 0.8321003344442163]","[0.7241379310344828, 0.8064516129032258]","[[0.6666666666666666, 0.9090909090909091], [0.9230769230769231, 0.4375], [null, 1.0], [0.0, 0.9375]]","[49, 42, 8, 21]",0.765625,"[0.7751355861493534, 0.6867796610169492, 0.5, 0.4166666666666667]",0.4166666666666667,0.8321003344442163,"[0.2803959846496582, 0.23986801505088806, 0.23986801505088806, 0.23986801505088806]","[0.47684446970621747, 0.5044068743785223, 0.15656471035132805, 0.3553052420417468]","[0.2532669057448705, 0.24181006848812103, 0.2631129672129949, 0.24181006848812103]","[0.47772276401519775, 0.4108910858631134, 0.049504950642585754, 0.06188118830323219]",0.0
"{""run_name"": ""fedheart_exp_paper_hetagg_gdro"", ""seed"": 7, ""run_dir"": ""runs/sweep_fedheart/Ours_Regret_c2_s7_f1"", ""use_fedheart"": true, ""num_classes"": 2, ""stratified_batching"": true, ""train_frac"": 0.8, ""group_max_train_samples"": [null, null, 20, 25], ""true_hetero_input_dim"": true, ""feature_mask"": [[0, 1, 2, 3, 5, 6, 7, 8, 9, 10], [0, 1, 2, 3, 5, 6, 11, 12], [0, 1, 2, 4, 5, 7, 11, 12], [0, 1, 2, 4, 5, 6, 8, 9, 10]], ""batch_size"": 64, ""num_workers"": 0, ""epochs"": 100, ""early_stopping_patience"": 30, ""lr"": 0.001, ""weight_decay"": 0.0001, ""optimizer"": ""adam"", ""grad_clip"": 1.0, ""lr_scheduler"": ""cosine"", ""lr_min"": 1e-05, ""latent_dim"": 64, ""head_hidden"": 32, ""groups"": [{""name"": ""cleveland"", ""encoder"": ""mlp_tabular_ln"", ""input_dim"": 10, ""hidden_dim"": 64, ""dropout"": 0.1}, {""name"": ""hungarian"", ""encoder"": ""mlp_tabular_ln"", ""input_dim"": 8, ""hidden_dim"": 64, ""dropout"": 0.1}, {""name"": ""switzerland"", ""encoder"": ""mlp_tabular_ln"", ""input_dim"": 8, ""hidden_dim"": 64, ""dropout"": 0.1}, {""name"": ""va_long_beach"", ""encoder"": ""mlp_tabular_ln"", ""input_dim"": 9, ""hidden_dim"": 64, ""dropout"": 0.1}], ""anchor_eps"": 0.0001, ""sep_samples_per_class"": 4, ""sep_method"": ""classifier"", ""sep_margin"": 1.0, ""lambda_fit"": 0.01, ""lambda_sep"": 0.01, ""groupdro_enabled"": true, ""groupdro_eta"": 2.0, ""groupdro_gamma"": 0.9, ""groupdro_update_mode"": ""softmax"", ""groupdro_objective"": ""weighted"", ""groupdro_kl_lambda"": 0.0, ""groupdro_uniform_init"": true, ""log_interval"": 20, ""save_every"": 10, ""val_frac"": 0.2, ""common_encoder"": false, ""use_regret"": true, ""optimal_losses"": [0.49934679966136675, 0.5924033531758973, 0.4240419712328326, 1.4799922526387188], ""data_split_seed"": 1001}","{""num_groups"": 4, ""num_classes"": 2, ""train_total"": 404, ""test_total"": 150, ""train_group_counts"": [193, 166, 20, 25], ""test_group_counts"": [61, 53, 10, 26], ""train_class_counts"": [215, 189], ""test_class_counts"": [72, 78], ""train_group_class_counts"": [[104, 89], [104, 62], [1, 19], [6, 19]], ""test_group_class_counts"": [[33, 28], [33, 20], [0, 10], [6, 20]], ""group_proportions"": [0.4777227722772277, 0.41089108910891087, 0.04950495049504951, 0.06188118811881188], ""val_group_counts"": [49, 42, 8, 21], ""val_total"": 120}","{""num_groups"": 4, ""eta"": 2.0, ""update_mode"": ""softmax"", ""robust_objective"": ""weighted"", ""gamma"": 0.9, ""kl_lambda"": 0.0, ""initial_pi"": [0.47772276401519775, 0.4108910858631134, 0.049504950642585754, 0.06188118830323219]}",2026-09-15T04:52:08.492433,11,0.4312036484479904,0.8125,0.001,0.8,0.8414219943372434,0.7547169811320755,1.0,"[0.8032786885245902, 0.7547169811320755, 1.0, 0.8076923076923077]","[0.4595159378940942, 0.506564016330917, 0.04952395306900144, 0.6053830317866343]","[0.8055555555555556, 0.7948717948717948]","[[0.8181818181818182, 0.7857142857142857], [0.8787878787878788, 0.55], [null, 1.0], [0.3333333333333333, 0.95]]","[61, 53, 10, 26]",0.7998576765700054,"[0.801948051948052, 0.7227364185110664, 0.5, 0.6640826873385013]",0.5,0.6053830317866343,0.7666666666666667,0.8069727891156463,0.7142857142857143,1.0,"[0.7755102040816326, 0.7380952380952381, 1.0, 0.7142857142857143]","[0.47055352737708966, 0.5189136358953658, 0.05505344772245735, 0.9102530007561048]","[0.7241379310344828, 0.8064516129032258]","[[0.6666666666666666, 0.9090909090909091], [0.9230769230769231, 0.4375], [null, 1.0], [0.0, 0.9375]]","[49, 42, 8, 21]",0.765625,"[0.7751355861493534, 0.6867796610169492, 0.5, 0.4166666666666667]",0.4166666666666667,0.9102530007561048,"[0.24641896784305573, 0.24641896784305573, 0.26074302196502686, 0.24641896784305573]","[0.4821946124235789, 0.5122025460004807, 0.09125495158756773, 0.27905082950989407]","[0.24751379837592444, 0.25865592310825986, 0.2481088067094485, 0.24572146435578665]","[0.47772276401519775, 0.4108910858631134, 0.049504950642585754, 0.06188118830323219]",0.0
"{""run_name"": ""fedheart_exp_paper_hetagg_gdro"", ""seed"": 7, ""run_dir"": ""runs/sweep_fedheart/Ours_Regret_c2_s7_f1"", ""use_fedheart"": true, ""num_classes"": 2, ""stratified_batching"": true, ""train_frac"": 0.8, ""group_max_train_samples"": [null, null, 20, 25], ""true_hetero_input_dim"": true, ""feature_mask"": [[0, 1, 2, 3, 5, 6, 7, 8, 9, 10], [0, 1, 2, 3, 5, 6, 11, 12], [0, 1, 2, 4, 5, 7, 11, 12], [0, 1, 2, 4, 5, 6, 8, 9, 10]], ""batch_size"": 64, ""num_workers"": 0, ""epochs"": 100, ""early_stopping_patience"": 30, ""lr"": 0.001, ""weight_decay"": 0.0001, ""optimizer"": ""adam"", ""grad_clip"": 1.0, ""lr_scheduler"": ""cosine"", ""lr_min"": 1e-05, ""latent_dim"": 64, ""head_hidden"": 32, ""groups"": [{""name"": ""cleveland"", ""encoder"": ""mlp_tabular_ln"", ""input_dim"": 10, ""hidden_dim"": 64, ""dropout"": 0.1}, {""name"": ""hungarian"", ""encoder"": ""mlp_tabular_ln"", ""input_dim"": 8, ""hidden_dim"": 64, ""dropout"": 0.1}, {""name"": ""switzerland"", ""encoder"": ""mlp_tabular_ln"", ""input_dim"": 8, ""hidden_dim"": 64, ""dropout"": 0.1}, {""name"": ""va_long_beach"", ""encoder"": ""mlp_tabular_ln"", ""input_dim"": 9, ""hidden_dim"": 64, ""dropout"": 0.1}], ""anchor_eps"": 0.0001, ""sep_samples_per_class"": 4, ""sep_method"": ""classifier"", ""sep_margin"": 1.0, ""lambda_fit"": 0.01, ""lambda_sep"": 0.01, ""groupdro_enabled"": true, ""groupdro_eta"": 2.0, ""groupdro_gamma"": 0.9, ""groupdro_update_mode"": ""softmax"", ""groupdro_objective"": ""weighted"", ""groupdro_kl_lambda"": 0.0, ""groupdro_uniform_init"": true, ""log_interval"": 20, ""save_every"": 10, ""val_frac"": 0.2, ""common_encoder"": false, ""use_regret"": true, ""optimal_losses"": [0.49934679966136675, 0.5924033531758973, 0.4240419712328326, 1.4799922526387188], ""data_split_seed"": 1001}","{""num_groups"": 4, ""num_classes"": 2, ""train_total"": 404, ""test_total"": 150, ""train_group_counts"": [193, 166, 20, 25], ""test_group_counts"": [61, 53, 10, 26], ""train_class_counts"": [215, 189], ""test_class_counts"": [72, 78], ""train_group_class_counts"": [[104, 89], [104, 62], [1, 19], [6, 19]], ""test_group_class_counts"": [[33, 28], [33, 20], [0, 10], [6, 20]], ""group_proportions"": [0.4777227722772277, 0.41089108910891087, 0.04950495049504951, 0.06188118811881188], ""val_group_counts"": [49, 42, 8, 21], ""val_total"": 120}","{""num_groups"": 4, ""eta"": 2.0, ""update_mode"": ""softmax"", ""robust_objective"": ""weighted"", ""gamma"": 0.9, ""kl_lambda"": 0.0, ""initial_pi"": [0.47772276401519775, 0.4108910858631134, 0.049504950642585754, 0.06188118830323219]}",2026-09-15T04:52:08.492433,12,0.3874349594116211,0.8072916666666666,0.001,0.7866666666666666,0.8270896285897833,0.7358490566037735,1.0,"[0.8032786885245902, 0.7358490566037735, 1.0, 0.7692307692307693]","[0.4569823149530614, 0.5022521626274541, 0.05348501848056912, 0.6410212564783601]","[0.7777777777777778, 0.7948717948717948]","[[0.8181818181818182, 0.7857142857142857], [0.8181818181818182, 0.6], [null, 1.0], [0.3333333333333333, 0.9]]","[61, 53, 10, 26]",0.7863247863247863,"[0.801948051948052, 0.7128482972136223, 0.5, 0.6285714285714286]",0.5,0.6410212564783601,0.7666666666666667,0.8001700680272109,0.6666666666666666,1.0,"[0.7959183673469388, 0.7380952380952381, 1.0, 0.6666666666666666]","[0.4632251043708957, 0.5101110488176346, 0.06163051538169384, 0.9728848872085413]","[0.7241379310344828, 0.8064516129032258]","[[0.6666666666666666, 0.9545454545454546], [0.9230769230769231, 0.4375], [null, 1.0], [0.0, 0.875]]","[49, 42, 8, 21]",0.765625,"[0.7951505016722409, 0.6867796610169492, 0.5, 0.39999999999999997]",0.39999999999999997,0.9728848872085413,"[0.2412005066871643, 0.27639853954315186, 0.2412005066871643, 0.2412005066871643]","[0.4687171330054601, 0.4856425126393636, 0.12877132184803486, 0.15950370704134306]","[0.251998429497083, 0.25029072413841885, 0.2564467464884122, 0.24126408994197845]","[0.47772276401519775, 0.4108910858631134, 0.049504950642585754, 0.06188118830323219]",0.0
"{""run_name"": ""fedheart_exp_paper_hetagg_gdro"", ""seed"": 7, ""run_dir"": ""runs/sweep_fedheart/Ours_Regret_c2_s7_f1"", ""use_fedheart"": true, ""num_classes"": 2, ""stratified_batching"": true, ""train_frac"": 0.8, ""group_max_train_samples"": [null, null, 20, 25], ""true_hetero_input_dim"": true, ""feature_mask"": [[0, 1, 2, 3, 5, 6, 7, 8, 9, 10], [0, 1, 2, 3, 5, 6, 11, 12], [0, 1, 2, 4, 5, 7, 11, 12], [0, 1, 2, 4, 5, 6, 8, 9, 10]], ""batch_size"": 64, ""num_workers"": 0, ""epochs"": 100, ""early_stopping_patience"": 30, ""lr"": 0.001, ""weight_decay"": 0.0001, ""optimizer"": ""adam"", ""grad_clip"": 1.0, ""lr_scheduler"": ""cosine"", ""lr_min"": 1e-05, ""latent_dim"": 64, ""head_hidden"": 32, ""groups"": [{""name"": ""cleveland"", ""encoder"": ""mlp_tabular_ln"", ""input_dim"": 10, ""hidden_dim"": 64, ""dropout"": 0.1}, {""name"": ""hungarian"", ""encoder"": ""mlp_tabular_ln"", ""input_dim"": 8, ""hidden_dim"": 64, ""dropout"": 0.1}, {""name"": ""switzerland"", ""encoder"": ""mlp_tabular_ln"", ""input_dim"": 8, ""hidden_dim"": 64, ""dropout"": 0.1}, {""name"": ""va_long_beach"", ""encoder"": ""mlp_tabular_ln"", ""input_dim"": 9, ""hidden_dim"": 64, ""dropout"": 0.1}], ""anchor_eps"": 0.0001, ""sep_samples_per_class"": 4, ""sep_method"": ""classifier"", ""sep_margin"": 1.0, ""lambda_fit"": 0.01, ""lambda_sep"": 0.01, ""groupdro_enabled"": true, ""groupdro_eta"": 2.0, ""groupdro_gamma"": 0.9, ""groupdro_update_mode"": ""softmax"", ""groupdro_objective"": ""weighted"", ""groupdro_kl_lambda"": 0.0, ""groupdro_uniform_init"": true, ""log_interval"": 20, ""save_every"": 10, ""val_frac"": 0.2, ""common_encoder"": false, ""use_regret"": true, ""optimal_losses"": [0.49934679966136675, 0.5924033531758973, 0.4240419712328326, 1.4799922526387188], ""data_split_seed"": 1001}","{""num_groups"": 4, ""num_classes"": 2, ""train_total"": 404, ""test_total"": 150, ""train_group_counts"": [193, 166, 20, 25], ""test_group_counts"": [61, 53, 10, 26], ""train_class_counts"": [215, 189], ""test_class_counts"": [72, 78], ""train_group_class_counts"": [[104, 89], [104, 62], [1, 19], [6, 19]], ""test_group_class_counts"": [[33, 28], [33, 20], [0, 10], [6, 20]], ""group_proportions"": [0.4777227722772277, 0.41089108910891087, 0.04950495049504951, 0.06188118811881188], ""val_group_counts"": [49, 42, 8, 21], ""val_total"": 120}","{""num_groups"": 4, ""eta"": 2.0, ""update_mode"": ""softmax"", ""robust_objective"": ""weighted"", ""gamma"": 0.9, ""kl_lambda"": 0.0, ""initial_pi"": [0.47772276401519775, 0.4108910858631134, 0.049504950642585754, 0.06188118830323219]}",2026-09-15T04:52:08.492433,13,0.3765023748079936,0.8125,0.001,0.8066666666666666,0.8406219515096719,0.7692307692307693,1.0,"[0.819672131147541, 0.7735849056603774, 1.0, 0.7692307692307693]","[0.44845904202246273, 0.5016099016340274, 0.06758818812668324, 0.6857907424071947]","[0.8472222222222222, 0.7692307692307693]","[[0.8484848484848485, 0.7857142857142857], [0.9393939393939394, 0.5], [null, 1.0], [0.3333333333333333, 0.9]]","[61, 53, 10, 26]",0.806658073692164,"[0.817910447761194, 0.7314189189189189, 0.5, 0.6285714285714286]",0.5,0.6857907424071947,0.7666666666666667,0.8001700680272109,0.6666666666666666,1.0,"[0.7959183673469388, 0.7380952380952381, 1.0, 0.6666666666666666]","[0.4480318700780674, 0.5105184384045147, 0.08042166428640485, 1.058134107650923]","[0.7413793103448276, 0.7903225806451613]","[[0.7037037037037037, 0.9090909090909091], [0.9230769230769231, 0.4375], [null, 1.0], [0.0, 0.875]]","[49, 42, 8, 21]",0.7660818713450293,"[0.7958333333333334, 0.6867796610169492, 0.5, 0.39999999999999997]",0.39999999999999997,1.058134107650923,"[0.2538002133369446, 0.248733252286911, 0.248733252286911, 0.248733252286911]","[0.46564530332883197, 0.49153367678324383, 0.06141489433745543, 0.18067501857876778]","[0.25501493612925213, 0.24832835545142493, 0.24832835545142493, 0.24832835545142493]","[0.47772276401519775, 0.4108910858631134, 0.049504950642585754, 0.06188118830323219]",0.0
"{""run_name"": ""fedheart_exp_paper_hetagg_gdro"", ""seed"": 7, ""run_dir"": ""runs/sweep_fedheart/Ours_Regret_c2_s7_f1"", ""use_fedheart"": true, ""num_classes"": 2, ""stratified_batching"": true, ""train_frac"": 0.8, ""group_max_train_samples"": [null, null, 20, 25], ""true_hetero_input_dim"": true, ""feature_mask"": [[0, 1, 2, 3, 5, 6, 7, 8, 9, 10], [0, 1, 2, 3, 5, 6, 11, 12], [0, 1, 2, 4, 5, 7, 11, 12], [0, 1, 2, 4, 5, 6, 8, 9, 10]], ""batch_size"": 64, ""num_workers"": 0, ""epochs"": 100, ""early_stopping_patience"": 30, ""lr"": 0.001, ""weight_decay"": 0.0001, ""optimizer"": ""adam"", ""grad_clip"": 1.0, ""lr_scheduler"": ""cosine"", ""lr_min"": 1e-05, ""latent_dim"": 64, ""head_hidden"": 32, ""groups"": [{""name"": ""cleveland"", ""encoder"": ""mlp_tabular_ln"", ""input_dim"": 10, ""hidden_dim"": 64, ""dropout"": 0.1}, {""name"": ""hungarian"", ""encoder"": ""mlp_tabular_ln"", ""input_dim"": 8, ""hidden_dim"": 64, ""dropout"": 0.1}, {""name"": ""switzerland"", ""encoder"": ""mlp_tabular_ln"", ""input_dim"": 8, ""hidden_dim"": 64, ""dropout"": 0.1}, {""name"": ""va_long_beach"", ""encoder"": ""mlp_tabular_ln"", ""input_dim"": 9, ""hidden_dim"": 64, ""dropout"": 0.1}], ""anchor_eps"": 0.0001, ""sep_samples_per_class"": 4, ""sep_method"": ""classifier"", ""sep_margin"": 1.0, ""lambda_fit"": 0.01, ""lambda_sep"": 0.01, ""groupdro_enabled"": true, ""groupdro_eta"": 2.0, ""groupdro_gamma"": 0.9, ""groupdro_update_mode"": ""softmax"", ""groupdro_objective"": ""weighted"", ""groupdro_kl_lambda"": 0.0, ""groupdro_uniform_init"": true, ""log_interval"": 20, ""save_every"": 10, ""val_frac"": 0.2, ""common_encoder"": false, ""use_regret"": true, ""optimal_losses"": [0.49934679966136675, 0.5924033531758973, 0.4240419712328326, 1.4799922526387188], ""data_split_seed"": 1001}","{""num_groups"": 4, ""num_classes"": 2, ""train_total"": 404, ""test_total"": 150, ""train_group_counts"": [193, 166, 20, 25], ""test_group_counts"": [61, 53, 10, 26], ""train_class_counts"": [215, 189], ""test_class_counts"": [72, 78], ""train_group_class_counts"": [[104, 89], [104, 62], [1, 19], [6, 19]], ""test_group_class_counts"": [[33, 28], [33, 20], [0, 10], [6, 20]], ""group_proportions"": [0.4777227722772277, 0.41089108910891087, 0.04950495049504951, 0.06188118811881188], ""val_group_counts"": [49, 42, 8, 21], ""val_total"": 120}","{""num_groups"": 4, ""eta"": 2.0, ""update_mode"": ""softmax"", ""robust_objective"": ""weighted"", ""gamma"": 0.9, ""kl_lambda"": 0.0, ""initial_pi"": [0.47772276401519775, 0.4108910858631134, 0.049504950642585754, 0.06188118830323219]}",2026-09-15T04:52:08.492433,14,0.3500329206387202,0.828125,0.001,0.8066666666666666,0.8406219515096719,0.7692307692307693,1.0,"[0.819672131147541, 0.7735849056603774, 1.0, 0.7692307692307693]","[0.44472908985907916, 0.5037657281137863, 0.06436632815748453, 0.7379546232270793]","[0.8472222222222222, 0.7692307692307693]","[[0.8484848484848485, 0.7857142857142857], [0.9393939393939394, 0.5], [null, 1.0], [0.3333333333333333, 0.9]]","[61, 53, 10, 26]",0.806658073692164,"[0.817910447761194, 0.7314189189189189, 0.5, 0.6285714285714286]",0.5,0.7379546232270793,0.775,0.8052721088435374,0.6666666666666666,1.0,"[0.8163265306122449, 0.7380952380952381, 1.0, 0.6666666666666666]","[0.43853732213682056, 0.5125559619849637, 0.07957742863800377, 1.1545647326524235]","[0.7586206896551724, 0.7903225806451613]","[[0.7407407407407407, 0.9090909090909091], [0.9230769230769231, 0.4375], [null, 1.0], [0.0, 0.875]]","[49, 42, 8, 21]",0.7746086956521738,"[0.8163265306122449, 0.6867796610169492, 0.5, 0.39999999999999997]",0.39999999999999997,1.1545647326524235,"[0.25, 0.25, 0.25, 0.25]","[0.438603272040685, 0.47220316032568616, 0.06921305771296223, 0.13449274189770222]","[0.25500114013751346, 0.25048214197158813, 0.24725835770368576, 0.24725835770368576]","[0.47772276401519775, 0.4108910858631134, 0.049504950642585754, 0.06188118830323219]",0.0
"{""run_name"": ""fedheart_exp_paper_hetagg_gdro"", ""seed"": 7, ""run_dir"": ""runs/sweep_fedheart/Ours_Regret_c2_s7_f1"", ""use_fedheart"": true, ""num_classes"": 2, ""stratified_batching"": true, ""train_frac"": 0.8, ""group_max_train_samples"": [null, null, 20, 25], ""true_hetero_input_dim"": true, ""feature_mask"": [[0, 1, 2, 3, 5, 6, 7, 8, 9, 10], [0, 1, 2, 3, 5, 6, 11, 12], [0, 1, 2, 4, 5, 7, 11, 12], [0, 1, 2, 4, 5, 6, 8, 9, 10]], ""batch_size"": 64, ""num_workers"": 0, ""epochs"": 100, ""early_stopping_patience"": 30, ""lr"": 0.001, ""weight_decay"": 0.0001, ""optimizer"": ""adam"", ""grad_clip"": 1.0, ""lr_scheduler"": ""cosine"", ""lr_min"": 1e-05, ""latent_dim"": 64, ""head_hidden"": 32, ""groups"": [{""name"": ""cleveland"", ""encoder"": ""mlp_tabular_ln"", ""input_dim"": 10, ""hidden_dim"": 64, ""dropout"": 0.1}, {""name"": ""hungarian"", ""encoder"": ""mlp_tabular_ln"", ""input_dim"": 8, ""hidden_dim"": 64, ""dropout"": 0.1}, {""name"": ""switzerland"", ""encoder"": ""mlp_tabular_ln"", ""input_dim"": 8, ""hidden_dim"": 64, ""dropout"": 0.1}, {""name"": ""va_long_beach"", ""encoder"": ""mlp_tabular_ln"", ""input_dim"": 9, ""hidden_dim"": 64, ""dropout"": 0.1}], ""anchor_eps"": 0.0001, ""sep_samples_per_class"": 4, ""sep_method"": ""classifier"", ""sep_margin"": 1.0, ""lambda_fit"": 0.01, ""lambda_sep"": 0.01, ""groupdro_enabled"": true, ""groupdro_eta"": 2.0, ""groupdro_gamma"": 0.9, ""groupdro_update_mode"": ""softmax"", ""groupdro_objective"": ""weighted"", ""groupdro_kl_lambda"": 0.0, ""groupdro_uniform_init"": true, ""log_interval"": 20, ""save_every"": 10, ""val_frac"": 0.2, ""common_encoder"": false, ""use_regret"": true, ""optimal_losses"": [0.49934679966136675, 0.5924033531758973, 0.4240419712328326, 1.4799922526387188], ""data_split_seed"": 1001}","{""num_groups"": 4, ""num_classes"": 2, ""train_total"": 404, ""test_total"": 150, ""train_group_counts"": [193, 166, 20, 25], ""test_group_counts"": [61, 53, 10, 26], ""train_class_counts"": [215, 189], ""test_class_counts"": [72, 78], ""train_group_class_counts"": [[104, 89], [104, 62], [1, 19], [6, 19]], ""test_group_class_counts"": [[33, 28], [33, 20], [0, 10], [6, 20]], ""group_proportions"": [0.4777227722772277, 0.41089108910891087, 0.04950495049504951, 0.06188118811881188], ""val_group_counts"": [49, 42, 8, 21], ""val_total"": 120}","{""num_groups"": 4, ""eta"": 2.0, ""update_mode"": ""softmax"", ""robust_objective"": ""weighted"", ""gamma"": 0.9, ""kl_lambda"": 0.0, ""initial_pi"": [0.47772276401519775, 0.4108910858631134, 0.049504950642585754, 0.06188118830323219]}",2026-09-15T04:52:08.492433,15,0.33498374621073407,0.84375,0.001,0.8133333333333334,0.8502373361250566,0.7735849056603774,1.0,"[0.819672131147541, 0.7735849056603774, 1.0, 0.8076923076923077]","[0.44297889461282824, 0.4957681454296382, 0.04635357707738876, 0.7910900470585778]","[0.8194444444444444, 0.8076923076923077]","[[0.8484848484848485, 0.7857142857142857], [0.8787878787878788, 0.6], [null, 1.0], [0.3333333333333333, 0.95]]","[61, 53, 10, 26]",0.813200498132005,"[0.817910447761194, 0.7476190476190475, 0.5, 0.6640826873385013]",0.5,0.7910900470585778,0.775,0.8061224489795918,0.6666666666666666,1.0,"[0.7959183673469388, 0.7619047619047619, 1.0, 0.6666666666666666]","[0.43064448290637564, 0.4999452598747753, 0.060933342028874904, 1.2535352981316723]","[0.7586206896551724, 0.7903225806451613]","[[0.7407407407407407, 0.8636363636363636], [0.9230769230769231, 0.5], [null, 1.0], [0.0, 0.875]]","[49, 42, 8, 21]",0.7746086956521738,"[0.7958333333333333, 0.7214854111405835, 0.5, 0.39999999999999997]",0.39999999999999997,1.2535352981316723,"[0.25, 0.25, 0.25, 0.25]","[0.4187869777282079, 0.44581426680088043, 0.09330561795892815, 0.11475661071017385]","[0.24980121105909348, 0.25059635440508526, 0.24980121105909348, 0.24980121105909348]","[0.47772276401519775, 0.4108910858631134, 0.049504950642585754, 0.06188118830323219]",0.0
"{""run_name"": ""fedheart_exp_paper_hetagg_gdro"", ""seed"": 7, ""run_dir"": ""runs/sweep_fedheart/Ours_Regret_c2_s7_f1"", ""use_fedheart"": true, ""num_classes"": 2, ""stratified_batching"": true, ""train_frac"": 0.8, ""group_max_train_samples"": [null, null, 20, 25], ""true_hetero_input_dim"": true, ""feature_mask"": [[0, 1, 2, 3, 5, 6, 7, 8, 9, 10], [0, 1, 2, 3, 5, 6, 11, 12], [0, 1, 2, 4, 5, 7, 11, 12], [0, 1, 2, 4, 5, 6, 8, 9, 10]], ""batch_size"": 64, ""num_workers"": 0, ""epochs"": 100, ""early_stopping_patience"": 30, ""lr"": 0.001, ""weight_decay"": 0.0001, ""optimizer"": ""adam"", ""grad_clip"": 1.0, ""lr_scheduler"": ""cosine"", ""lr_min"": 1e-05, ""latent_dim"": 64, ""head_hidden"": 32, ""groups"": [{""name"": ""cleveland"", ""encoder"": ""mlp_tabular_ln"", ""input_dim"": 10, ""hidden_dim"": 64, ""dropout"": 0.1}, {""name"": ""hungarian"", ""encoder"": ""mlp_tabular_ln"", ""input_dim"": 8, ""hidden_dim"": 64, ""dropout"": 0.1}, {""name"": ""switzerland"", ""encoder"": ""mlp_tabular_ln"", ""input_dim"": 8, ""hidden_dim"": 64, ""dropout"": 0.1}, {""name"": ""va_long_beach"", ""encoder"": ""mlp_tabular_ln"", ""input_dim"": 9, ""hidden_dim"": 64, ""dropout"": 0.1}], ""anchor_eps"": 0.0001, ""sep_samples_per_class"": 4, ""sep_method"": ""classifier"", ""sep_margin"": 1.0, ""lambda_fit"": 0.01, ""lambda_sep"": 0.01, ""groupdro_enabled"": true, ""groupdro_eta"": 2.0, ""groupdro_gamma"": 0.9, ""groupdro_update_mode"": ""softmax"", ""groupdro_objective"": ""weighted"", ""groupdro_kl_lambda"": 0.0, ""groupdro_uniform_init"": true, ""log_interval"": 20, ""save_every"": 10, ""val_frac"": 0.2, ""common_encoder"": false, ""use_regret"": true, ""optimal_losses"": [0.49934679966136675, 0.5924033531758973, 0.4240419712328326, 1.4799922526387188], ""data_split_seed"": 1001}","{""num_groups"": 4, ""num_classes"": 2, ""train_total"": 404, ""test_total"": 150, ""train_group_counts"": [193, 166, 20, 25], ""test_group_counts"": [61, 53, 10, 26], ""train_class_counts"": [215, 189], ""test_class_counts"": [72, 78], ""train_group_class_counts"": [[104, 89], [104, 62], [1, 19], [6, 19]], ""test_group_class_counts"": [[33, 28], [33, 20], [0, 10], [6, 20]], ""group_proportions"": [0.4777227722772277, 0.41089108910891087, 0.04950495049504951, 0.06188118811881188], ""val_group_counts"": [49, 42, 8, 21], ""val_total"": 120}","{""num_groups"": 4, ""eta"": 2.0, ""update_mode"": ""softmax"", ""robust_objective"": ""weighted"", ""gamma"": 0.9, ""kl_lambda"": 0.0, ""initial_pi"": [0.47772276401519775, 0.4108910858631134, 0.049504950642585754, 0.06188118830323219]}",2026-09-15T04:52:08.492433,16,0.32885828614234924,0.8463541666666666,0.001,0.82,0.854954317257132,0.7924528301886793,1.0,"[0.819672131147541, 0.7924528301886793, 1.0, 0.8076923076923077]","[0.4432922228560096, 0.4941805061304344, 0.03393209394998849, 0.8474188629502001]","[0.8333333333333334, 0.8076923076923077]","[[0.8484848484848485, 0.7857142857142857], [0.9090909090909091, 0.6], [null, 1.0], [0.3333333333333333, 0.95]]","[61, 53, 10, 26]",0.8199279711884755,"[0.817910447761194, 0.7653923541247485, 0.5, 0.6640826873385013]",0.5,0.8474188629502001,0.7916666666666666,0.8231292517006803,0.7142857142857143,1.0,"[0.8163265306122449, 0.7619047619047619, 1.0, 0.7142857142857143]","[0.42498707573632805, 0.5035369761642956, 0.04630325915059075, 1.3490771174242364]","[0.7586206896551724, 0.8225806451612904]","[[0.7407407407407407, 0.9090909090909091], [0.9230769230769231, 0.5], [null, 1.0], [0.0, 0.9375]]","[49, 42, 8, 21]",0.7909553341230576,"[0.8163265306122449, 0.7214854111405835, 0.5, 0.4166666666666667]",0.4166666666666667,1.3490771174242364,"[0.2602108418941498, 0.24659641087055206, 0.24659641087055206, 0.24659641087055206]","[0.40113260845343274, 0.4396296441555023, 0.11750292576228578, 0.09606522632141908]","[0.2511625861128171, 0.24889351427555084, 0.2510504101713498, 0.24889351427555084]","[0.47772276401519775, 0.4108910858631134, 0.049504950642585754, 0.06188118830323219]",0.0
"{""run_name"": ""fedheart_exp_paper_hetagg_gdro"", ""seed"": 7, ""run_dir"": ""runs/sweep_fedheart/Ours_Regret_c2_s7_f1"", ""use_fedheart"": true, ""num_classes"": 2, ""stratified_batching"": true, ""train_frac"": 0.8, ""group_max_train_samples"": [null, null, 20, 25], ""true_hetero_input_dim"": true, ""feature_mask"": [[0, 1, 2, 3, 5, 6, 7, 8, 9, 10], [0, 1, 2, 3, 5, 6, 11, 12], [0, 1, 2, 4, 5, 7, 11, 12], [0, 1, 2, 4, 5, 6, 8, 9, 10]], ""batch_size"": 64, ""num_workers"": 0, ""epochs"": 100, ""early_stopping_patience"": 30, ""lr"": 0.001, ""weight_decay"": 0.0001, ""optimizer"": ""adam"", ""grad_clip"": 1.0, ""lr_scheduler"": ""cosine"", ""lr_min"": 1e-05, ""latent_dim"": 64, ""head_hidden"": 32, ""groups"": [{""name"": ""cleveland"", ""encoder"": ""mlp_tabular_ln"", ""input_dim"": 10, ""hidden_dim"": 64, ""dropout"": 0.1}, {""name"": ""hungarian"", ""encoder"": ""mlp_tabular_ln"", ""input_dim"": 8, ""hidden_dim"": 64, ""dropout"": 0.1}, {""name"": ""switzerland"", ""encoder"": ""mlp_tabular_ln"", ""input_dim"": 8, ""hidden_dim"": 64, ""dropout"": 0.1}, {""name"": ""va_long_beach"", ""encoder"": ""mlp_tabular_ln"", ""input_dim"": 9, ""hidden_dim"": 64, ""dropout"": 0.1}], ""anchor_eps"": 0.0001, ""sep_samples_per_class"": 4, ""sep_method"": ""classifier"", ""sep_margin"": 1.0, ""lambda_fit"": 0.01, ""lambda_sep"": 0.01, ""groupdro_enabled"": true, ""groupdro_eta"": 2.0, ""groupdro_gamma"": 0.9, ""groupdro_update_mode"": ""softmax"", ""groupdro_objective"": ""weighted"", ""groupdro_kl_lambda"": 0.0, ""groupdro_uniform_init"": true, ""log_interval"": 20, ""save_every"": 10, ""val_frac"": 0.2, ""common_encoder"": false, ""use_regret"": true, ""optimal_losses"": [0.49934679966136675, 0.5924033531758973, 0.4240419712328326, 1.4799922526387188], ""data_split_seed"": 1001}","{""num_groups"": 4, ""num_classes"": 2, ""train_total"": 404, ""test_total"": 150, ""train_group_counts"": [193, 166, 20, 25], ""test_group_counts"": [61, 53, 10, 26], ""train_class_counts"": [215, 189], ""test_class_counts"": [72, 78], ""train_group_class_counts"": [[104, 89], [104, 62], [1, 19], [6, 19]], ""test_group_class_counts"": [[33, 28], [33, 20], [0, 10], [6, 20]], ""group_proportions"": [0.4777227722772277, 0.41089108910891087, 0.04950495049504951, 0.06188118811881188], ""val_group_counts"": [49, 42, 8, 21], ""val_total"": 120}","{""num_groups"": 4, ""eta"": 2.0, ""update_mode"": ""softmax"", ""robust_objective"": ""weighted"", ""gamma"": 0.9, ""kl_lambda"": 0.0, ""initial_pi"": [0.47772276401519775, 0.4108910858631134, 0.049504950642585754, 0.06188118830323219]}",2026-09-15T04:52:08.492433,17,0.33565934002399445,0.859375,0.001,0.8133333333333334,0.8508559566013942,0.7924528301886793,1.0,"[0.8032786885245902, 0.7924528301886793, 1.0, 0.8076923076923077]","[0.44063123602603305, 0.489363219167264, 0.030166730866767466, 0.8786829143556623]","[0.8055555555555556, 0.8205128205128205]","[[0.8181818181818182, 0.7857142857142857], [0.8787878787878788, 0.65], [null, 1.0], [0.3333333333333333, 0.95]]","[61, 53, 10, 26]",0.813034188034188,"[0.801948051948052, 0.7716412064238152, 0.5, 0.6640826873385013]",0.5,0.8786829143556623,0.7833333333333333,0.8112244897959183,0.6666666666666666,1.0,"[0.8163265306122449, 0.7619047619047619, 1.0, 0.6666666666666666]","[0.4183967583337609, 0.48805810723985943, 0.04246966665959917, 1.402579806817119]","[0.7758620689655172, 0.7903225806451613]","[[0.7777777777777778, 0.8636363636363636], [0.9230769230769231, 0.5], [null, 1.0], [0.0, 0.875]]","[49, 42, 8, 21]",0.7830923248053394,"[0.8160200250312892, 0.7214854111405835, 0.5, 0.39999999999999997]",0.39999999999999997,1.402579806817119,"[0.25, 0.25, 0.25, 0.25]","[0.39560262362162274, 0.4551221430301666, 0.10355587936161707, 0.13090824397901693]","[0.2495031456152598, 0.2495031456152598, 0.25149057308832806, 0.2495031456152598]","[0.47772276401519775, 0.4108910858631134, 0.049504950642585754, 0.06188118830323219]",0.0
"{""run_name"": ""fedheart_exp_paper_hetagg_gdro"", ""seed"": 7, ""run_dir"": ""runs/sweep_fedheart/Ours_Regret_c2_s7_f1"", ""use_fedheart"": true, ""num_classes"": 2, ""stratified_batching"": true, ""train_frac"": 0.8, ""group_max_train_samples"": [null, null, 20, 25], ""true_hetero_input_dim"": true, ""feature_mask"": [[0, 1, 2, 3, 5, 6, 7, 8, 9, 10], [0, 1, 2, 3, 5, 6, 11, 12], [0, 1, 2, 4, 5, 7, 11, 12], [0, 1, 2, 4, 5, 6, 8, 9, 10]], ""batch_size"": 64, ""num_workers"": 0, ""epochs"": 100, ""early_stopping_patience"": 30, ""lr"": 0.001, ""weight_decay"": 0.0001, ""optimizer"": ""adam"", ""grad_clip"": 1.0, ""lr_scheduler"": ""cosine"", ""lr_min"": 1e-05, ""latent_dim"": 64, ""head_hidden"": 32, ""groups"": [{""name"": ""cleveland"", ""encoder"": ""mlp_tabular_ln"", ""input_dim"": 10, ""hidden_dim"": 64, ""dropout"": 0.1}, {""name"": ""hungarian"", ""encoder"": ""mlp_tabular_ln"", ""input_dim"": 8, ""hidden_dim"": 64, ""dropout"": 0.1}, {""name"": ""switzerland"", ""encoder"": ""mlp_tabular_ln"", ""input_dim"": 8, ""hidden_dim"": 64, ""dropout"": 0.1}, {""name"": ""va_long_beach"", ""encoder"": ""mlp_tabular_ln"", ""input_dim"": 9, ""hidden_dim"": 64, ""dropout"": 0.1}], ""anchor_eps"": 0.0001, ""sep_samples_per_class"": 4, ""sep_method"": ""classifier"", ""sep_margin"": 1.0, ""lambda_fit"": 0.01, ""lambda_sep"": 0.01, ""groupdro_enabled"": true, ""groupdro_eta"": 2.0, ""groupdro_gamma"": 0.9, ""groupdro_update_mode"": ""softmax"", ""groupdro_objective"": ""weighted"", ""groupdro_kl_lambda"": 0.0, ""groupdro_uniform_init"": true, ""log_interval"": 20, ""save_every"": 10, ""val_frac"": 0.2, ""common_encoder"": false, ""use_regret"": true, ""optimal_losses"": [0.49934679966136675, 0.5924033531758973, 0.4240419712328326, 1.4799922526387188], ""data_split_seed"": 1001}","{""num_groups"": 4, ""num_classes"": 2, ""train_total"": 404, ""test_total"": 150, ""train_group_counts"": [193, 166, 20, 25], ""test_group_counts"": [61, 53, 10, 26], ""train_class_counts"": [215, 189], ""test_class_counts"": [72, 78], ""train_group_class_counts"": [[104, 89], [104, 62], [1, 19], [6, 19]], ""test_group_class_counts"": [[33, 28], [33, 20], [0, 10], [6, 20]], ""group_proportions"": [0.4777227722772277, 0.41089108910891087, 0.04950495049504951, 0.06188118811881188], ""val_group_counts"": [49, 42, 8, 21], ""val_total"": 120}","{""num_groups"": 4, ""eta"": 2.0, ""update_mode"": ""softmax"", ""robust_objective"": ""weighted"", ""gamma"": 0.9, ""kl_lambda"": 0.0, ""initial_pi"": [0.47772276401519775, 0.4108910858631134, 0.049504950642585754, 0.06188118830323219]}",2026-09-15T04:52:08.492433,18,0.3049972628553708,0.8489583333333334,0.001,0.7933333333333333,0.8281454471912251,0.7307692307692307,1.0,"[0.7704918032786885, 0.8113207547169812, 1.0, 0.7307692307692307]","[0.45129522174352504, 0.49309588631369033, 0.02244747309014201, 0.9078865649957711]","[0.8055555555555556, 0.782051282051282]","[[0.7575757575757576, 0.7857142857142857], [0.9393939393939394, 0.6], [null, 1.0], [0.3333333333333333, 0.85]]","[61, 53, 10, 26]",0.793250633586768,"[0.7699353448275861, 0.7834967320261438, 0.5, 0.5964523281596452]",0.5,0.9078865649957711,0.775,0.7993197278911565,0.6190476190476191,1.0,"[0.8163265306122449, 0.7619047619047619, 1.0, 0.6190476190476191]","[0.43317683200751034, 0.4942896380310967, 0.03292220248840749, 1.4493079077995692]","[0.7586206896551724, 0.7903225806451613]","[[0.7407407407407407, 0.9090909090909091], [0.9230769230769231, 0.5], [null, 1.0], [0.0, 0.8125]]","[49, 42, 8, 21]",0.7746086956521738,"[0.8163265306122449, 0.7214854111405835, 0.5, 0.38235294117647056]",0.38235294117647056,1.4493079077995692,"[0.25, 0.25, 0.25, 0.25]","[0.3801226069529851, 0.42883580923080444, 0.10734406299889088, 0.06055094526770214]","[0.24945981055498123, 0.2516205807526906, 0.24945981055498123, 0.24945981055498123]","[0.47772276401519775, 0.4108910858631134, 0.049504950642585754, 0.06188118830323219]",0.0
"{""run_name"": ""fedheart_exp_paper_hetagg_gdro"", ""seed"": 7, ""run_dir"": ""runs/sweep_fedheart/Ours_Regret_c2_s7_f1"", ""use_fedheart"": true, ""num_classes"": 2, ""stratified_batching"": true, ""train_frac"": 0.8, ""group_max_train_samples"": [null, null, 20, 25], ""true_hetero_input_dim"": true, ""feature_mask"": [[0, 1, 2, 3, 5, 6, 7, 8, 9, 10], [0, 1, 2, 3, 5, 6, 11, 12], [0, 1, 2, 4, 5, 7, 11, 12], [0, 1, 2, 4, 5, 6, 8, 9, 10]], ""batch_size"": 64, ""num_workers"": 0, ""epochs"": 100, ""early_stopping_patience"": 30, ""lr"": 0.001, ""weight_decay"": 0.0001, ""optimizer"": ""adam"", ""grad_clip"": 1.0, ""lr_scheduler"": ""cosine"", ""lr_min"": 1e-05, ""latent_dim"": 64, ""head_hidden"": 32, ""groups"": [{""name"": ""cleveland"", ""encoder"": ""mlp_tabular_ln"", ""input_dim"": 10, ""hidden_dim"": 64, ""dropout"": 0.1}, {""name"": ""hungarian"", ""encoder"": ""mlp_tabular_ln"", ""input_dim"": 8, ""hidden_dim"": 64, ""dropout"": 0.1}, {""name"": ""switzerland"", ""encoder"": ""mlp_tabular_ln"", ""input_dim"": 8, ""hidden_dim"": 64, ""dropout"": 0.1}, {""name"": ""va_long_beach"", ""encoder"": ""mlp_tabular_ln"", ""input_dim"": 9, ""hidden_dim"": 64, ""dropout"": 0.1}], ""anchor_eps"": 0.0001, ""sep_samples_per_class"": 4, ""sep_method"": ""classifier"", ""sep_margin"": 1.0, ""lambda_fit"": 0.01, ""lambda_sep"": 0.01, ""groupdro_enabled"": true, ""groupdro_eta"": 2.0, ""groupdro_gamma"": 0.9, ""groupdro_update_mode"": ""softmax"", ""groupdro_objective"": ""weighted"", ""groupdro_kl_lambda"": 0.0, ""groupdro_uniform_init"": true, ""log_interval"": 20, ""save_every"": 10, ""val_frac"": 0.2, ""common_encoder"": false, ""use_regret"": true, ""optimal_losses"": [0.49934679966136675, 0.5924033531758973, 0.4240419712328326, 1.4799922526387188], ""data_split_seed"": 1001}","{""num_groups"": 4, ""num_classes"": 2, ""train_total"": 404, ""test_total"": 150, ""train_group_counts"": [193, 166, 20, 25], ""test_group_counts"": [61, 53, 10, 26], ""train_class_counts"": [215, 189], ""test_class_counts"": [72, 78], ""train_group_class_counts"": [[104, 89], [104, 62], [1, 19], [6, 19]], ""test_group_class_counts"": [[33, 28], [33, 20], [0, 10], [6, 20]], ""group_proportions"": [0.4777227722772277, 0.41089108910891087, 0.04950495049504951, 0.06188118811881188], ""val_group_counts"": [49, 42, 8, 21], ""val_total"": 120}","{""num_groups"": 4, ""eta"": 2.0, ""update_mode"": ""softmax"", ""robust_objective"": ""weighted"", ""gamma"": 0.9, ""kl_lambda"": 0.0, ""initial_pi"": [0.47772276401519775, 0.4108910858631134, 0.049504950642585754, 0.06188118830323219]}",2026-09-15T04:52:08.492433,19,0.2947726597388585,0.8359375,0.001,0.78,0.8180928644507364,0.7307692307692307,1.0,"[0.7868852459016393, 0.7547169811320755, 1.0, 0.7307692307692307]","[0.4463423762287273, 0.5080762587065967, 0.020450198533944787, 0.9333931074741906]","[0.8194444444444444, 0.7435897435897436]","[[0.7878787878787878, 0.7857142857142857], [0.9393939393939394, 0.45], [null, 1.0], [0.3333333333333333, 0.85]]","[61, 53, 10, 26]",0.779990221787635,"[0.7859649122807018, 0.7036559139784946, 0.5, 0.5964523281596452]",0.5,0.9333931074741906,0.7916666666666666,0.8163265306122449,0.6666666666666666,1.0,"[0.8367346938775511, 0.7619047619047619, 1.0, 0.6666666666666666]","[0.42435627385061614, 0.5054184179753065, 0.03184869117103517, 1.5052204527836737]","[0.7931034482758621, 0.7903225806451613]","[[0.7777777777777778, 0.9090909090909091], [0.9615384615384616, 0.4375], [null, 1.0], [0.0, 0.875]]","[49, 42, 8, 21]",0.7915363769022306,"[0.8366666666666667, 0.7083333333333333, 0.5, 0.39999999999999997]",0.39999999999999997,1.5052204527836737,"[0.25, 0.25, 0.25, 0.25]","[0.3903671056032181, 0.44995259245236713, 0.01648016570834443, 0.09336854393283527]","[0.25, 0.25, 0.25, 0.25]","[0.47772276401519775, 0.4108910858631134, 0.049504950642585754, 0.06188118830323219]",0.0
"{""run_name"": ""fedheart_exp_paper_hetagg_gdro"", ""seed"": 7, ""run_dir"": ""runs/sweep_fedheart/Ours_Regret_c2_s7_f1"", ""use_fedheart"": true, ""num_classes"": 2, ""stratified_batching"": true, ""train_frac"": 0.8, ""group_max_train_samples"": [null, null, 20, 25], ""true_hetero_input_dim"": true, ""feature_mask"": [[0, 1, 2, 3, 5, 6, 7, 8, 9, 10], [0, 1, 2, 3, 5, 6, 11, 12], [0, 1, 2, 4, 5, 7, 11, 12], [0, 1, 2, 4, 5, 6, 8, 9, 10]], ""batch_size"": 64, ""num_workers"": 0, ""epochs"": 100, ""early_stopping_patience"": 30, ""lr"": 0.001, ""weight_decay"": 0.0001, ""optimizer"": ""adam"", ""grad_clip"": 1.0, ""lr_scheduler"": ""cosine"", ""lr_min"": 1e-05, ""latent_dim"": 64, ""head_hidden"": 32, ""groups"": [{""name"": ""cleveland"", ""encoder"": ""mlp_tabular_ln"", ""input_dim"": 10, ""hidden_dim"": 64, ""dropout"": 0.1}, {""name"": ""hungarian"", ""encoder"": ""mlp_tabular_ln"", ""input_dim"": 8, ""hidden_dim"": 64, ""dropout"": 0.1}, {""name"": ""switzerland"", ""encoder"": ""mlp_tabular_ln"", ""input_dim"": 8, ""hidden_dim"": 64, ""dropout"": 0.1}, {""name"": ""va_long_beach"", ""encoder"": ""mlp_tabular_ln"", ""input_dim"": 9, ""hidden_dim"": 64, ""dropout"": 0.1}], ""anchor_eps"": 0.0001, ""sep_samples_per_class"": 4, ""sep_method"": ""classifier"", ""sep_margin"": 1.0, ""lambda_fit"": 0.01, ""lambda_sep"": 0.01, ""groupdro_enabled"": true, ""groupdro_eta"": 2.0, ""groupdro_gamma"": 0.9, ""groupdro_update_mode"": ""softmax"", ""groupdro_objective"": ""weighted"", ""groupdro_kl_lambda"": 0.0, ""groupdro_uniform_init"": true, ""log_interval"": 20, ""save_every"": 10, ""val_frac"": 0.2, ""common_encoder"": false, ""use_regret"": true, ""optimal_losses"": [0.49934679966136675, 0.5924033531758973, 0.4240419712328326, 1.4799922526387188], ""data_split_seed"": 1001}","{""num_groups"": 4, ""num_classes"": 2, ""train_total"": 404, ""test_total"": 150, ""train_group_counts"": [193, 166, 20, 25], ""test_group_counts"": [61, 53, 10, 26], ""train_class_counts"": [215, 189], ""test_class_counts"": [72, 78], ""train_group_class_counts"": [[104, 89], [104, 62], [1, 19], [6, 19]], ""test_group_class_counts"": [[33, 28], [33, 20], [0, 10], [6, 20]], ""group_proportions"": [0.4777227722772277, 0.41089108910891087, 0.04950495049504951, 0.06188118811881188], ""val_group_counts"": [49, 42, 8, 21], ""val_total"": 120}","{""num_groups"": 4, ""eta"": 2.0, ""update_mode"": ""softmax"", ""robust_objective"": ""weighted"", ""gamma"": 0.9, ""kl_lambda"": 0.0, ""initial_pi"": [0.47772276401519775, 0.4108910858631134, 0.049504950642585754, 0.06188118830323219]}",2026-09-15T04:52:08.492433,20,0.2843840916951497,0.8541666666666666,0.001,0.7933333333333333,0.8275268267148873,0.7307692307692307,1.0,"[0.7868852459016393, 0.7924528301886793, 1.0, 0.7307692307692307]","[0.4466153324016782, 0.496044950946322, 0.018230932019650935, 0.9681545027952569]","[0.8194444444444444, 0.7692307692307693]","[[0.7878787878787878, 0.7857142857142857], [0.9393939393939394, 0.55], [null, 1.0], [0.3333333333333333, 0.85]]","[61, 53, 10, 26]",0.7933241477398996,"[0.7859649122807018, 0.7579908675799087, 0.5, 0.5964523281596452]",0.5,0.9681545027952569,0.7916666666666666,0.8163265306122449,0.6666666666666666,1.0,"[0.8367346938775511, 0.7619047619047619, 1.0, 0.6666666666666666]","[0.41623477223424277, 0.4930047621684415, 0.02987414918607101, 1.5644319075952462]","[0.7758620689655172, 0.8064516129032258]","[[0.7777777777777778, 0.9090909090909091], [0.9230769230769231, 0.5], [null, 1.0], [0.0, 0.875]]","[49, 42, 8, 21]",0.791304347826087,"[0.8366666666666667, 0.7214854111405835, 0.5, 0.39999999999999997]",0.39999999999999997,1.5644319075952462,"[0.25, 0.25, 0.25, 0.25]","[0.370900218685468, 0.43647217750549316, 0.05586661033642789, 0.05338982120156288]","[0.2498498037457466, 0.25045057634512585, 0.2498498037457466, 0.2498498037457466]","[0.47772276401519775, 0.4108910858631134, 0.049504950642585754, 0.06188118830323219]",0.0
"{""run_name"": ""fedheart_exp_paper_hetagg_gdro"", ""seed"": 7, ""run_dir"": ""runs/sweep_fedheart/Ours_Regret_c2_s7_f1"", ""use_fedheart"": true, ""num_classes"": 2, ""stratified_batching"": true, ""train_frac"": 0.8, ""group_max_train_samples"": [null, null, 20, 25], ""true_hetero_input_dim"": true, ""feature_mask"": [[0, 1, 2, 3, 5, 6, 7, 8, 9, 10], [0, 1, 2, 3, 5, 6, 11, 12], [0, 1, 2, 4, 5, 7, 11, 12], [0, 1, 2, 4, 5, 6, 8, 9, 10]], ""batch_size"": 64, ""num_workers"": 0, ""epochs"": 100, ""early_stopping_patience"": 30, ""lr"": 0.001, ""weight_decay"": 0.0001, ""optimizer"": ""adam"", ""grad_clip"": 1.0, ""lr_scheduler"": ""cosine"", ""lr_min"": 1e-05, ""latent_dim"": 64, ""head_hidden"": 32, ""groups"": [{""name"": ""cleveland"", ""encoder"": ""mlp_tabular_ln"", ""input_dim"": 10, ""hidden_dim"": 64, ""dropout"": 0.1}, {""name"": ""hungarian"", ""encoder"": ""mlp_tabular_ln"", ""input_dim"": 8, ""hidden_dim"": 64, ""dropout"": 0.1}, {""name"": ""switzerland"", ""encoder"": ""mlp_tabular_ln"", ""input_dim"": 8, ""hidden_dim"": 64, ""dropout"": 0.1}, {""name"": ""va_long_beach"", ""encoder"": ""mlp_tabular_ln"", ""input_dim"": 9, ""hidden_dim"": 64, ""dropout"": 0.1}], ""anchor_eps"": 0.0001, ""sep_samples_per_class"": 4, ""sep_method"": ""classifier"", ""sep_margin"": 1.0, ""lambda_fit"": 0.01, ""lambda_sep"": 0.01, ""groupdro_enabled"": true, ""groupdro_eta"": 2.0, ""groupdro_gamma"": 0.9, ""groupdro_update_mode"": ""softmax"", ""groupdro_objective"": ""weighted"", ""groupdro_kl_lambda"": 0.0, ""groupdro_uniform_init"": true, ""log_interval"": 20, ""save_every"": 10, ""val_frac"": 0.2, ""common_encoder"": false, ""use_regret"": true, ""optimal_losses"": [0.49934679966136675, 0.5924033531758973, 0.4240419712328326, 1.4799922526387188], ""data_split_seed"": 1001}","{""num_groups"": 4, ""num_classes"": 2, ""train_total"": 404, ""test_total"": 150, ""train_group_counts"": [193, 166, 20, 25], ""test_group_counts"": [61, 53, 10, 26], ""train_class_counts"": [215, 189], ""test_class_counts"": [72, 78], ""train_group_class_counts"": [[104, 89], [104, 62], [1, 19], [6, 19]], ""test_group_class_counts"": [[33, 28], [33, 20], [0, 10], [6, 20]], ""group_proportions"": [0.4777227722772277, 0.41089108910891087, 0.04950495049504951, 0.06188118811881188], ""val_group_counts"": [49, 42, 8, 21], ""val_total"": 120}","{""num_groups"": 4, ""eta"": 2.0, ""update_mode"": ""softmax"", ""robust_objective"": ""weighted"", ""gamma"": 0.9, ""kl_lambda"": 0.0, ""initial_pi"": [0.47772276401519775, 0.4108910858631134, 0.049504950642585754, 0.06188118830323219]}",2026-09-15T04:52:08.492433,21,0.2740372171004613,0.84375,0.001,0.8,0.8322438078469628,0.7307692307692307,1.0,"[0.7868852459016393, 0.8113207547169812, 1.0, 0.7307692307692307]","[0.4459440501742676, 0.4926226349934092, 0.019306771107949317, 0.9974097812978121]","[0.8055555555555556, 0.7948717948717948]","[[0.7878787878787878, 0.7857142857142857], [0.9090909090909091, 0.65], [null, 1.0], [0.3333333333333333, 0.85]]","[61, 53, 10, 26]",0.7998576765700054,"[0.7859649122807018, 0.7896825396825398, 0.5, 0.5964523281596452]",0.5,0.9974097812978121,0.7833333333333333,0.804421768707483,0.6190476190476191,1.0,"[0.8367346938775511, 0.7619047619047619, 1.0, 0.6190476190476191]","[0.41510304386670493, 0.48278275850628105, 0.03308907404425554, 1.60124607438532]","[0.7758620689655172, 0.7903225806451613]","[[0.7777777777777778, 0.9090909090909091], [0.9230769230769231, 0.5], [null, 1.0], [0.0, 0.8125]]","[49, 42, 8, 21]",0.7830923248053394,"[0.8366666666666667, 0.7214854111405835, 0.5, 0.38235294117647056]",0.38235294117647056,1.60124607438532,"[0.25, 0.25, 0.25, 0.25]","[0.3939190258582433, 0.41071834166844684, 0.054756772122345865, 0.03383909096010029]","[0.25, 0.25, 0.25, 0.25]","[0.47772276401519775, 0.4108910858631134, 0.049504950642585754, 0.06188118830323219]",0.0
"{""run_name"": ""fedheart_exp_paper_hetagg_gdro"", ""seed"": 7, ""run_dir"": ""runs/sweep_fedheart/Ours_Regret_c2_s7_f1"", ""use_fedheart"": true, ""num_classes"": 2, ""stratified_batching"": true, ""train_frac"": 0.8, ""group_max_train_samples"": [null, null, 20, 25], ""true_hetero_input_dim"": true, ""feature_mask"": [[0, 1, 2, 3, 5, 6, 7, 8, 9, 10], [0, 1, 2, 3, 5, 6, 11, 12], [0, 1, 2, 4, 5, 7, 11, 12], [0, 1, 2, 4, 5, 6, 8, 9, 10]], ""batch_size"": 64, ""num_workers"": 0, ""epochs"": 100, ""early_stopping_patience"": 30, ""lr"": 0.001, ""weight_decay"": 0.0001, ""optimizer"": ""adam"", ""grad_clip"": 1.0, ""lr_scheduler"": ""cosine"", ""lr_min"": 1e-05, ""latent_dim"": 64, ""head_hidden"": 32, ""groups"": [{""name"": ""cleveland"", ""encoder"": ""mlp_tabular_ln"", ""input_dim"": 10, ""hidden_dim"": 64, ""dropout"": 0.1}, {""name"": ""hungarian"", ""encoder"": ""mlp_tabular_ln"", ""input_dim"": 8, ""hidden_dim"": 64, ""dropout"": 0.1}, {""name"": ""switzerland"", ""encoder"": ""mlp_tabular_ln"", ""input_dim"": 8, ""hidden_dim"": 64, ""dropout"": 0.1}, {""name"": ""va_long_beach"", ""encoder"": ""mlp_tabular_ln"", ""input_dim"": 9, ""hidden_dim"": 64, ""dropout"": 0.1}], ""anchor_eps"": 0.0001, ""sep_samples_per_class"": 4, ""sep_method"": ""classifier"", ""sep_margin"": 1.0, ""lambda_fit"": 0.01, ""lambda_sep"": 0.01, ""groupdro_enabled"": true, ""groupdro_eta"": 2.0, ""groupdro_gamma"": 0.9, ""groupdro_update_mode"": ""softmax"", ""groupdro_objective"": ""weighted"", ""groupdro_kl_lambda"": 0.0, ""groupdro_uniform_init"": true, ""log_interval"": 20, ""save_every"": 10, ""val_frac"": 0.2, ""common_encoder"": false, ""use_regret"": true, ""optimal_losses"": [0.49934679966136675, 0.5924033531758973, 0.4240419712328326, 1.4799922526387188], ""data_split_seed"": 1001}","{""num_groups"": 4, ""num_classes"": 2, ""train_total"": 404, ""test_total"": 150, ""train_group_counts"": [193, 166, 20, 25], ""test_group_counts"": [61, 53, 10, 26], ""train_class_counts"": [215, 189], ""test_class_counts"": [72, 78], ""train_group_class_counts"": [[104, 89], [104, 62], [1, 19], [6, 19]], ""test_group_class_counts"": [[33, 28], [33, 20], [0, 10], [6, 20]], ""group_proportions"": [0.4777227722772277, 0.41089108910891087, 0.04950495049504951, 0.06188118811881188], ""val_group_counts"": [49, 42, 8, 21], ""val_total"": 120}","{""num_groups"": 4, ""eta"": 2.0, ""update_mode"": ""softmax"", ""robust_objective"": ""weighted"", ""gamma"": 0.9, ""kl_lambda"": 0.0, ""initial_pi"": [0.47772276401519775, 0.4108910858631134, 0.049504950642585754, 0.06188118830323219]}",2026-09-15T04:52:08.492433,22,0.25851639608542126,0.8567708333333334,0.001,0.7866666666666666,0.8234284660591497,0.7307692307692307,1.0,"[0.7704918032786885, 0.7924528301886793, 1.0, 0.7307692307692307]","[0.4496523674394264, 0.49728014017894584, 0.02407838006038219, 1.0362039092041624]","[0.7916666666666666, 0.782051282051282]","[[0.7575757575757576, 0.7857142857142857], [0.9090909090909091, 0.6], [null, 1.0], [0.3333333333333333, 0.85]]","[61, 53, 10, 26]",0.7865148550080057,"[0.7699353448275861, 0.7653923541247485, 0.5, 0.5964523281596452]",0.5,1.0362039092041624,0.7833333333333333,0.804421768707483,0.6190476190476191,1.0,"[0.8367346938775511, 0.7619047619047619, 1.0, 0.6190476190476191]","[0.42071329623612824, 0.4847160717028947, 0.04300985165173188, 1.6508631433437888]","[0.7758620689655172, 0.7903225806451613]","[[0.7777777777777778, 0.9090909090909091], [0.9230769230769231, 0.5], [null, 1.0], [0.0, 0.8125]]","[49, 42, 8, 21]",0.7830923248053394,"[0.8366666666666667, 0.7214854111405835, 0.5, 0.38235294117647056]",0.38235294117647056,1.6508631433437888,"[0.25, 0.25, 0.25, 0.25]","[0.3350499818722407, 0.45288001994291943, 0.013791742288352301, 0.03428913652896881]","[0.24856207768122354, 0.25431378185749054, 0.24856207768122354, 0.24856207768122354]","[0.47772276401519775, 0.4108910858631134, 0.049504950642585754, 0.06188118830323219]",0.0
"{""run_name"": ""fedheart_exp_paper_hetagg_gdro"", ""seed"": 7, ""run_dir"": ""runs/sweep_fedheart/Ours_Regret_c2_s7_f1"", ""use_fedheart"": true, ""num_classes"": 2, ""stratified_batching"": true, ""train_frac"": 0.8, ""group_max_train_samples"": [null, null, 20, 25], ""true_hetero_input_dim"": true, ""feature_mask"": [[0, 1, 2, 3, 5, 6, 7, 8, 9, 10], [0, 1, 2, 3, 5, 6, 11, 12], [0, 1, 2, 4, 5, 7, 11, 12], [0, 1, 2, 4, 5, 6, 8, 9, 10]], ""batch_size"": 64, ""num_workers"": 0, ""epochs"": 100, ""early_stopping_patience"": 30, ""lr"": 0.001, ""weight_decay"": 0.0001, ""optimizer"": ""adam"", ""grad_clip"": 1.0, ""lr_scheduler"": ""cosine"", ""lr_min"": 1e-05, ""latent_dim"": 64, ""head_hidden"": 32, ""groups"": [{""name"": ""cleveland"", ""encoder"": ""mlp_tabular_ln"", ""input_dim"": 10, ""hidden_dim"": 64, ""dropout"": 0.1}, {""name"": ""hungarian"", ""encoder"": ""mlp_tabular_ln"", ""input_dim"": 8, ""hidden_dim"": 64, ""dropout"": 0.1}, {""name"": ""switzerland"", ""encoder"": ""mlp_tabular_ln"", ""input_dim"": 8, ""hidden_dim"": 64, ""dropout"": 0.1}, {""name"": ""va_long_beach"", ""encoder"": ""mlp_tabular_ln"", ""input_dim"": 9, ""hidden_dim"": 64, ""dropout"": 0.1}], ""anchor_eps"": 0.0001, ""sep_samples_per_class"": 4, ""sep_method"": ""classifier"", ""sep_margin"": 1.0, ""lambda_fit"": 0.01, ""lambda_sep"": 0.01, ""groupdro_enabled"": true, ""groupdro_eta"": 2.0, ""groupdro_gamma"": 0.9, ""groupdro_update_mode"": ""softmax"", ""groupdro_objective"": ""weighted"", ""groupdro_kl_lambda"": 0.0, ""groupdro_uniform_init"": true, ""log_interval"": 20, ""save_every"": 10, ""val_frac"": 0.2, ""common_encoder"": false, ""use_regret"": true, ""optimal_losses"": [0.49934679966136675, 0.5924033531758973, 0.4240419712328326, 1.4799922526387188], ""data_split_seed"": 1001}","{""num_groups"": 4, ""num_classes"": 2, ""train_total"": 404, ""test_total"": 150, ""train_group_counts"": [193, 166, 20, 25], ""test_group_counts"": [61, 53, 10, 26], ""train_class_counts"": [215, 189], ""test_class_counts"": [72, 78], ""train_group_class_counts"": [[104, 89], [104, 62], [1, 19], [6, 19]], ""test_group_class_counts"": [[33, 28], [33, 20], [0, 10], [6, 20]], ""group_proportions"": [0.4777227722772277, 0.41089108910891087, 0.04950495049504951, 0.06188118811881188], ""val_group_counts"": [49, 42, 8, 21], ""val_total"": 120}","{""num_groups"": 4, ""eta"": 2.0, ""update_mode"": ""softmax"", ""robust_objective"": ""weighted"", ""gamma"": 0.9, ""kl_lambda"": 0.0, ""initial_pi"": [0.47772276401519775, 0.4108910858631134, 0.049504950642585754, 0.06188118830323219]}",2026-09-15T04:52:08.492433,23,0.2585230420033137,0.8567708333333334,0.001,0.78,0.8187114849270741,0.7307692307692307,1.0,"[0.7704918032786885, 0.7735849056603774, 1.0, 0.7307692307692307]","[0.45724695554522216, 0.510385838952267, 0.024617077456787227, 1.0640729279615557]","[0.7916666666666666, 0.7692307692307693]","[[0.7575757575757576, 0.7857142857142857], [0.9090909090909091, 0.55], [null, 1.0], [0.3333333333333333, 0.85]]","[61, 53, 10, 26]",0.7799119647859143,"[0.7699353448275861, 0.7401960784313725, 0.5, 0.5964523281596452]",0.5,1.0640729279615557,0.8,0.8154761904761905,0.6190476190476191,1.0,"[0.8571428571428571, 0.7857142857142857, 1.0, 0.6190476190476191]","[0.4211357318397079, 0.49542899766848203, 0.0459774881019257, 1.6897366901061364]","[0.8103448275862069, 0.7903225806451613]","[[0.8148148148148148, 0.9090909090909091], [0.9615384615384616, 0.5], [null, 1.0], [0.0, 0.8125]]","[49, 42, 8, 21]",0.7999444290080577,"[0.8569044639132248, 0.7437288135593221, 0.5, 0.38235294117647056]",0.38235294117647056,1.6897366901061364,"[0.25, 0.25, 0.25, 0.25]","[0.3543727844953537, 0.3815746307373047, 0.08636204366727422, 0.028949485858902335]","[0.25, 0.25, 0.25, 0.25]","[0.47772276401519775, 0.4108910858631134, 0.049504950642585754, 0.06188118830323219]",0.0
"{""run_name"": ""fedheart_exp_paper_hetagg_gdro"", ""seed"": 7, ""run_dir"": ""runs/sweep_fedheart/Ours_Regret_c2_s7_f1"", ""use_fedheart"": true, ""num_classes"": 2, ""stratified_batching"": true, ""train_frac"": 0.8, ""group_max_train_samples"": [null, null, 20, 25], ""true_hetero_input_dim"": true, ""feature_mask"": [[0, 1, 2, 3, 5, 6, 7, 8, 9, 10], [0, 1, 2, 3, 5, 6, 11, 12], [0, 1, 2, 4, 5, 7, 11, 12], [0, 1, 2, 4, 5, 6, 8, 9, 10]], ""batch_size"": 64, ""num_workers"": 0, ""epochs"": 100, ""early_stopping_patience"": 30, ""lr"": 0.001, ""weight_decay"": 0.0001, ""optimizer"": ""adam"", ""grad_clip"": 1.0, ""lr_scheduler"": ""cosine"", ""lr_min"": 1e-05, ""latent_dim"": 64, ""head_hidden"": 32, ""groups"": [{""name"": ""cleveland"", ""encoder"": ""mlp_tabular_ln"", ""input_dim"": 10, ""hidden_dim"": 64, ""dropout"": 0.1}, {""name"": ""hungarian"", ""encoder"": ""mlp_tabular_ln"", ""input_dim"": 8, ""hidden_dim"": 64, ""dropout"": 0.1}, {""name"": ""switzerland"", ""encoder"": ""mlp_tabular_ln"", ""input_dim"": 8, ""hidden_dim"": 64, ""dropout"": 0.1}, {""name"": ""va_long_beach"", ""encoder"": ""mlp_tabular_ln"", ""input_dim"": 9, ""hidden_dim"": 64, ""dropout"": 0.1}], ""anchor_eps"": 0.0001, ""sep_samples_per_class"": 4, ""sep_method"": ""classifier"", ""sep_margin"": 1.0, ""lambda_fit"": 0.01, ""lambda_sep"": 0.01, ""groupdro_enabled"": true, ""groupdro_eta"": 2.0, ""groupdro_gamma"": 0.9, ""groupdro_update_mode"": ""softmax"", ""groupdro_objective"": ""weighted"", ""groupdro_kl_lambda"": 0.0, ""groupdro_uniform_init"": true, ""log_interval"": 20, ""save_every"": 10, ""val_frac"": 0.2, ""common_encoder"": false, ""use_regret"": true, ""optimal_losses"": [0.49934679966136675, 0.5924033531758973, 0.4240419712328326, 1.4799922526387188], ""data_split_seed"": 1001}","{""num_groups"": 4, ""num_classes"": 2, ""train_total"": 404, ""test_total"": 150, ""train_group_counts"": [193, 166, 20, 25], ""test_group_counts"": [61, 53, 10, 26], ""train_class_counts"": [215, 189], ""test_class_counts"": [72, 78], ""train_group_class_counts"": [[104, 89], [104, 62], [1, 19], [6, 19]], ""test_group_class_counts"": [[33, 28], [33, 20], [0, 10], [6, 20]], ""group_proportions"": [0.4777227722772277, 0.41089108910891087, 0.04950495049504951, 0.06188118811881188], ""val_group_counts"": [49, 42, 8, 21], ""val_total"": 120}","{""num_groups"": 4, ""eta"": 2.0, ""update_mode"": ""softmax"", ""robust_objective"": ""weighted"", ""gamma"": 0.9, ""kl_lambda"": 0.0, ""initial_pi"": [0.47772276401519775, 0.4108910858631134, 0.049504950642585754, 0.06188118830323219]}",2026-09-15T04:52:08.492433,24,0.2561135912934939,0.8671875,0.001,0.78,0.8187114849270741,0.7307692307692307,1.0,"[0.7704918032786885, 0.7735849056603774, 1.0, 0.7307692307692307]","[0.476750589113255, 0.5223132078799436, 0.016009741555899383, 1.089732656108726]","[0.8055555555555556, 0.7564102564102564]","[[0.7575757575757576, 0.7857142857142857], [0.9393939393939394, 0.5], [null, 1.0], [0.3333333333333333, 0.85]]","[61, 53, 10, 26]",0.779990221787635,"[0.7699353448275861, 0.7314189189189189, 0.5, 0.5964523281596452]",0.5,1.089732656108726,0.7833333333333333,0.8112244897959183,0.6666666666666666,1.0,"[0.8163265306122449, 0.7619047619047619, 1.0, 0.6666666666666666]","[0.4439470270762638, 0.5077004799441922, 0.029109468596288934, 1.727952562375105]","[0.7931034482758621, 0.7741935483870968]","[[0.7777777777777778, 0.8636363636363636], [0.9615384615384616, 0.4375], [null, 1.0], [0.0, 0.875]]","[49, 42, 8, 21]",0.783273131425396,"[0.8160200250312892, 0.7083333333333333, 0.5, 0.39999999999999997]",0.39999999999999997,1.727952562375105,"[0.29399964213371277, 0.23533345758914948, 0.23533345758914948, 0.23533345758914948]","[0.33554818481206894, 0.42444294194380444, 0.06262446943825732, 0.02382542584867527]","[0.25733327368895215, 0.24755557626485825, 0.24755557626485825, 0.24755557626485825]","[0.47772276401519775, 0.4108910858631134, 0.049504950642585754, 0.06188118830323219]",0.0
"{""run_name"": ""fedheart_exp_paper_hetagg_gdro"", ""seed"": 7, ""run_dir"": ""runs/sweep_fedheart/Ours_Regret_c2_s7_f1"", ""use_fedheart"": true, ""num_classes"": 2, ""stratified_batching"": true, ""train_frac"": 0.8, ""group_max_train_samples"": [null, null, 20, 25], ""true_hetero_input_dim"": true, ""feature_mask"": [[0, 1, 2, 3, 5, 6, 7, 8, 9, 10], [0, 1, 2, 3, 5, 6, 11, 12], [0, 1, 2, 4, 5, 7, 11, 12], [0, 1, 2, 4, 5, 6, 8, 9, 10]], ""batch_size"": 64, ""num_workers"": 0, ""epochs"": 100, ""early_stopping_patience"": 30, ""lr"": 0.001, ""weight_decay"": 0.0001, ""optimizer"": ""adam"", ""grad_clip"": 1.0, ""lr_scheduler"": ""cosine"", ""lr_min"": 1e-05, ""latent_dim"": 64, ""head_hidden"": 32, ""groups"": [{""name"": ""cleveland"", ""encoder"": ""mlp_tabular_ln"", ""input_dim"": 10, ""hidden_dim"": 64, ""dropout"": 0.1}, {""name"": ""hungarian"", ""encoder"": ""mlp_tabular_ln"", ""input_dim"": 8, ""hidden_dim"": 64, ""dropout"": 0.1}, {""name"": ""switzerland"", ""encoder"": ""mlp_tabular_ln"", ""input_dim"": 8, ""hidden_dim"": 64, ""dropout"": 0.1}, {""name"": ""va_long_beach"", ""encoder"": ""mlp_tabular_ln"", ""input_dim"": 9, ""hidden_dim"": 64, ""dropout"": 0.1}], ""anchor_eps"": 0.0001, ""sep_samples_per_class"": 4, ""sep_method"": ""classifier"", ""sep_margin"": 1.0, ""lambda_fit"": 0.01, ""lambda_sep"": 0.01, ""groupdro_enabled"": true, ""groupdro_eta"": 2.0, ""groupdro_gamma"": 0.9, ""groupdro_update_mode"": ""softmax"", ""groupdro_objective"": ""weighted"", ""groupdro_kl_lambda"": 0.0, ""groupdro_uniform_init"": true, ""log_interval"": 20, ""save_every"": 10, ""val_frac"": 0.2, ""common_encoder"": false, ""use_regret"": true, ""optimal_losses"": [0.49934679966136675, 0.5924033531758973, 0.4240419712328326, 1.4799922526387188], ""data_split_seed"": 1001}","{""num_groups"": 4, ""num_classes"": 2, ""train_total"": 404, ""test_total"": 150, ""train_group_counts"": [193, 166, 20, 25], ""test_group_counts"": [61, 53, 10, 26], ""train_class_counts"": [215, 189], ""test_class_counts"": [72, 78], ""train_group_class_counts"": [[104, 89], [104, 62], [1, 19], [6, 19]], ""test_group_class_counts"": [[33, 28], [33, 20], [0, 10], [6, 20]], ""group_proportions"": [0.4777227722772277, 0.41089108910891087, 0.04950495049504951, 0.06188118811881188], ""val_group_counts"": [49, 42, 8, 21], ""val_total"": 120}","{""num_groups"": 4, ""eta"": 2.0, ""update_mode"": ""softmax"", ""robust_objective"": ""weighted"", ""gamma"": 0.9, ""kl_lambda"": 0.0, ""initial_pi"": [0.47772276401519775, 0.4108910858631134, 0.049504950642585754, 0.06188118830323219]}",2026-09-15T04:52:08.492433,25,0.24629894892374674,0.8489583333333334,0.001,0.7866666666666666,0.8234284660591497,0.7307692307692307,1.0,"[0.7704918032786885, 0.7924528301886793, 1.0, 0.7307692307692307]","[0.4607386662334692, 0.5066314972234223, 0.010128726507537067, 1.093009501461683]","[0.7916666666666666, 0.782051282051282]","[[0.7575757575757576, 0.7857142857142857], [0.9090909090909091, 0.6], [null, 1.0], [0.3333333333333333, 0.85]]","[61, 53, 10, 26]",0.7865148550080057,"[0.7699353448275861, 0.7653923541247485, 0.5, 0.5964523281596452]",0.5,1.093009501461683,0.7833333333333333,0.8112244897959183,0.6666666666666666,1.0,"[0.8163265306122449, 0.7619047619047619, 1.0, 0.6666666666666666]","[0.4316135972966345, 0.47719936569531757, 0.017040642036590725, 1.743274639143021]","[0.7931034482758621, 0.7741935483870968]","[[0.8148148148148148, 0.8181818181818182], [0.9230769230769231, 0.5], [null, 1.0], [0.0, 0.875]]","[49, 42, 8, 21]",0.783273131425396,"[0.8150943396226416, 0.7214854111405835, 0.5, 0.39999999999999997]",0.39999999999999997,1.743274639143021,"[0.25, 0.25, 0.25, 0.25]","[0.35099906971057254, 0.4248573382695516, 0.010445424316761395, 0.020418086322024465]","[0.25469843049844104, 0.24843385567267737, 0.24843385567267737, 0.24843385567267737]","[0.47772276401519775, 0.4108910858631134, 0.049504950642585754, 0.06188118830323219]",0.0
"{""run_name"": ""fedheart_exp_paper_hetagg_gdro"", ""seed"": 7, ""run_dir"": ""runs/sweep_fedheart/Ours_Regret_c2_s7_f1"", ""use_fedheart"": true, ""num_classes"": 2, ""stratified_batching"": true, ""train_frac"": 0.8, ""group_max_train_samples"": [null, null, 20, 25], ""true_hetero_input_dim"": true, ""feature_mask"": [[0, 1, 2, 3, 5, 6, 7, 8, 9, 10], [0, 1, 2, 3, 5, 6, 11, 12], [0, 1, 2, 4, 5, 7, 11, 12], [0, 1, 2, 4, 5, 6, 8, 9, 10]], ""batch_size"": 64, ""num_workers"": 0, ""epochs"": 100, ""early_stopping_patience"": 30, ""lr"": 0.001, ""weight_decay"": 0.0001, ""optimizer"": ""adam"", ""grad_clip"": 1.0, ""lr_scheduler"": ""cosine"", ""lr_min"": 1e-05, ""latent_dim"": 64, ""head_hidden"": 32, ""groups"": [{""name"": ""cleveland"", ""encoder"": ""mlp_tabular_ln"", ""input_dim"": 10, ""hidden_dim"": 64, ""dropout"": 0.1}, {""name"": ""hungarian"", ""encoder"": ""mlp_tabular_ln"", ""input_dim"": 8, ""hidden_dim"": 64, ""dropout"": 0.1}, {""name"": ""switzerland"", ""encoder"": ""mlp_tabular_ln"", ""input_dim"": 8, ""hidden_dim"": 64, ""dropout"": 0.1}, {""name"": ""va_long_beach"", ""encoder"": ""mlp_tabular_ln"", ""input_dim"": 9, ""hidden_dim"": 64, ""dropout"": 0.1}], ""anchor_eps"": 0.0001, ""sep_samples_per_class"": 4, ""sep_method"": ""classifier"", ""sep_margin"": 1.0, ""lambda_fit"": 0.01, ""lambda_sep"": 0.01, ""groupdro_enabled"": true, ""groupdro_eta"": 2.0, ""groupdro_gamma"": 0.9, ""groupdro_update_mode"": ""softmax"", ""groupdro_objective"": ""weighted"", ""groupdro_kl_lambda"": 0.0, ""groupdro_uniform_init"": true, ""log_interval"": 20, ""save_every"": 10, ""val_frac"": 0.2, ""common_encoder"": false, ""use_regret"": true, ""optimal_losses"": [0.49934679966136675, 0.5924033531758973, 0.4240419712328326, 1.4799922526387188], ""data_split_seed"": 1001}","{""num_groups"": 4, ""num_classes"": 2, ""train_total"": 404, ""test_total"": 150, ""train_group_counts"": [193, 166, 20, 25], ""test_group_counts"": [61, 53, 10, 26], ""train_class_counts"": [215, 189], ""test_class_counts"": [72, 78], ""train_group_class_counts"": [[104, 89], [104, 62], [1, 19], [6, 19]], ""test_group_class_counts"": [[33, 28], [33, 20], [0, 10], [6, 20]], ""group_proportions"": [0.4777227722772277, 0.41089108910891087, 0.04950495049504951, 0.06188118811881188], ""val_group_counts"": [49, 42, 8, 21], ""val_total"": 120}","{""num_groups"": 4, ""eta"": 2.0, ""update_mode"": ""softmax"", ""robust_objective"": ""weighted"", ""gamma"": 0.9, ""kl_lambda"": 0.0, ""initial_pi"": [0.47772276401519775, 0.4108910858631134, 0.049504950642585754, 0.06188118830323219]}",2026-09-15T04:52:08.492433,26,0.25313202291727066,0.8619791666666666,0.001,0.8,0.8377608318066098,0.7692307692307693,1.0,"[0.7704918032786885, 0.8113207547169812, 1.0, 0.7692307692307693]","[0.4628131850698932, 0.509686766473471, 0.007681684126146138, 1.1026313972140018]","[0.7916666666666666, 0.8076923076923077]","[[0.7575757575757576, 0.7857142857142857], [0.9090909090909091, 0.65], [null, 1.0], [0.3333333333333333, 0.9]]","[61, 53, 10, 26]",0.7996794871794872,"[0.7699353448275861, 0.7896825396825398, 0.5, 0.6285714285714286]",0.5,1.1026313972140018,0.7833333333333333,0.8112244897959183,0.6666666666666666,1.0,"[0.8163265306122449, 0.7619047619047619, 1.0, 0.6666666666666666]","[0.44115281144955326, 0.4885416850447655, 0.012295728185563348, 1.7613666787302853]","[0.7758620689655172, 0.7903225806451613]","[[0.7777777777777778, 0.8636363636363636], [0.9230769230769231, 0.5], [null, 1.0], [0.0, 0.875]]","[49, 42, 8, 21]",0.7830923248053394,"[0.8160200250312892, 0.7214854111405835, 0.5, 0.39999999999999997]",0.39999999999999997,1.7613666787302853,"[0.25, 0.25, 0.25, 0.25]","[0.32923561334609985, 0.4207327912251155, 0.06627280012859653, 0.03431701489413778]","[0.2500246961911519, 0.24999176462491354, 0.24999176462491354, 0.24999176462491354]","[0.47772276401519775, 0.4108910858631134, 0.049504950642585754, 0.06188118830323219]",0.0
"{""run_name"": ""fedheart_exp_paper_hetagg_gdro"", ""seed"": 7, ""run_dir"": ""runs/sweep_fedheart/Ours_Regret_c2_s7_f1"", ""use_fedheart"": true, ""num_classes"": 2, ""stratified_batching"": true, ""train_frac"": 0.8, ""group_max_train_samples"": [null, null, 20, 25], ""true_hetero_input_dim"": true, ""feature_mask"": [[0, 1, 2, 3, 5, 6, 7, 8, 9, 10], [0, 1, 2, 3, 5, 6, 11, 12], [0, 1, 2, 4, 5, 7, 11, 12], [0, 1, 2, 4, 5, 6, 8, 9, 10]], ""batch_size"": 64, ""num_workers"": 0, ""epochs"": 100, ""early_stopping_patience"": 30, ""lr"": 0.001, ""weight_decay"": 0.0001, ""optimizer"": ""adam"", ""grad_clip"": 1.0, ""lr_scheduler"": ""cosine"", ""lr_min"": 1e-05, ""latent_dim"": 64, ""head_hidden"": 32, ""groups"": [{""name"": ""cleveland"", ""encoder"": ""mlp_tabular_ln"", ""input_dim"": 10, ""hidden_dim"": 64, ""dropout"": 0.1}, {""name"": ""hungarian"", ""encoder"": ""mlp_tabular_ln"", ""input_dim"": 8, ""hidden_dim"": 64, ""dropout"": 0.1}, {""name"": ""switzerland"", ""encoder"": ""mlp_tabular_ln"", ""input_dim"": 8, ""hidden_dim"": 64, ""dropout"": 0.1}, {""name"": ""va_long_beach"", ""encoder"": ""mlp_tabular_ln"", ""input_dim"": 9, ""hidden_dim"": 64, ""dropout"": 0.1}], ""anchor_eps"": 0.0001, ""sep_samples_per_class"": 4, ""sep_method"": ""classifier"", ""sep_margin"": 1.0, ""lambda_fit"": 0.01, ""lambda_sep"": 0.01, ""groupdro_enabled"": true, ""groupdro_eta"": 2.0, ""groupdro_gamma"": 0.9, ""groupdro_update_mode"": ""softmax"", ""groupdro_objective"": ""weighted"", ""groupdro_kl_lambda"": 0.0, ""groupdro_uniform_init"": true, ""log_interval"": 20, ""save_every"": 10, ""val_frac"": 0.2, ""common_encoder"": false, ""use_regret"": true, ""optimal_losses"": [0.49934679966136675, 0.5924033531758973, 0.4240419712328326, 1.4799922526387188], ""data_split_seed"": 1001}","{""num_groups"": 4, ""num_classes"": 2, ""train_total"": 404, ""test_total"": 150, ""train_group_counts"": [193, 166, 20, 25], ""test_group_counts"": [61, 53, 10, 26], ""train_class_counts"": [215, 189], ""test_class_counts"": [72, 78], ""train_group_class_counts"": [[104, 89], [104, 62], [1, 19], [6, 19]], ""test_group_class_counts"": [[33, 28], [33, 20], [0, 10], [6, 20]], ""group_proportions"": [0.4777227722772277, 0.41089108910891087, 0.04950495049504951, 0.06188118811881188], ""val_group_counts"": [49, 42, 8, 21], ""val_total"": 120}","{""num_groups"": 4, ""eta"": 2.0, ""update_mode"": ""softmax"", ""robust_objective"": ""weighted"", ""gamma"": 0.9, ""kl_lambda"": 0.0, ""initial_pi"": [0.47772276401519775, 0.4108910858631134, 0.049504950642585754, 0.06188118830323219]}",2026-09-15T04:52:08.492433,27,0.2231051648656527,0.875,0.001,0.8,0.8328624283233006,0.7307692307692307,1.0,"[0.7704918032786885, 0.8301886792452831, 1.0, 0.7307692307692307]","[0.4760662138492602, 0.5173359867888239, 0.008565527992323041, 1.095587090799549]","[0.7916666666666666, 0.8076923076923077]","[[0.7272727272727273, 0.8214285714285714], [0.9393939393939394, 0.65], [null, 1.0], [0.3333333333333333, 0.85]]","[61, 53, 10, 26]",0.7996794871794872,"[0.7704301075268817, 0.8080482897384306, 0.5, 0.5964523281596452]",0.5,1.095587090799549,0.775,0.8061224489795918,0.6666666666666666,1.0,"[0.7959183673469388, 0.7619047619047619, 1.0, 0.6666666666666666]","[0.4535285975708037, 0.48413652722679434, 0.014118282866547816, 1.7512470899798376]","[0.7413793103448276, 0.8064516129032258]","[[0.7037037037037037, 0.9090909090909091], [0.9230769230769231, 0.5], [null, 1.0], [0.0, 0.875]]","[49, 42, 8, 21]",0.7742317608529021,"[0.7958333333333334, 0.7214854111405835, 0.5, 0.39999999999999997]",0.39999999999999997,1.7512470899798376,"[0.25, 0.25, 0.25, 0.25]","[0.3027068426211675, 0.3966182718674342, 0.01446163647051435, 0.01003608877848213]","[0.25, 0.25, 0.25, 0.25]","[0.47772276401519775, 0.4108910858631134, 0.049504950642585754, 0.06188118830323219]",0.0
"{""run_name"": ""fedheart_exp_paper_hetagg_gdro"", ""seed"": 7, ""run_dir"": ""runs/sweep_fedheart/Ours_Regret_c2_s7_f1"", ""use_fedheart"": true, ""num_classes"": 2, ""stratified_batching"": true, ""train_frac"": 0.8, ""group_max_train_samples"": [null, null, 20, 25], ""true_hetero_input_dim"": true, ""feature_mask"": [[0, 1, 2, 3, 5, 6, 7, 8, 9, 10], [0, 1, 2, 3, 5, 6, 11, 12], [0, 1, 2, 4, 5, 7, 11, 12], [0, 1, 2, 4, 5, 6, 8, 9, 10]], ""batch_size"": 64, ""num_workers"": 0, ""epochs"": 100, ""early_stopping_patience"": 30, ""lr"": 0.001, ""weight_decay"": 0.0001, ""optimizer"": ""adam"", ""grad_clip"": 1.0, ""lr_scheduler"": ""cosine"", ""lr_min"": 1e-05, ""latent_dim"": 64, ""head_hidden"": 32, ""groups"": [{""name"": ""cleveland"", ""encoder"": ""mlp_tabular_ln"", ""input_dim"": 10, ""hidden_dim"": 64, ""dropout"": 0.1}, {""name"": ""hungarian"", ""encoder"": ""mlp_tabular_ln"", ""input_dim"": 8, ""hidden_dim"": 64, ""dropout"": 0.1}, {""name"": ""switzerland"", ""encoder"": ""mlp_tabular_ln"", ""input_dim"": 8, ""hidden_dim"": 64, ""dropout"": 0.1}, {""name"": ""va_long_beach"", ""encoder"": ""mlp_tabular_ln"", ""input_dim"": 9, ""hidden_dim"": 64, ""dropout"": 0.1}], ""anchor_eps"": 0.0001, ""sep_samples_per_class"": 4, ""sep_method"": ""classifier"", ""sep_margin"": 1.0, ""lambda_fit"": 0.01, ""lambda_sep"": 0.01, ""groupdro_enabled"": true, ""groupdro_eta"": 2.0, ""groupdro_gamma"": 0.9, ""groupdro_update_mode"": ""softmax"", ""groupdro_objective"": ""weighted"", ""groupdro_kl_lambda"": 0.0, ""groupdro_uniform_init"": true, ""log_interval"": 20, ""save_every"": 10, ""val_frac"": 0.2, ""common_encoder"": false, ""use_regret"": true, ""optimal_losses"": [0.49934679966136675, 0.5924033531758973, 0.4240419712328326, 1.4799922526387188], ""data_split_seed"": 1001}","{""num_groups"": 4, ""num_classes"": 2, ""train_total"": 404, ""test_total"": 150, ""train_group_counts"": [193, 166, 20, 25], ""test_group_counts"": [61, 53, 10, 26], ""train_class_counts"": [215, 189], ""test_class_counts"": [72, 78], ""train_group_class_counts"": [[104, 89], [104, 62], [1, 19], [6, 19]], ""test_group_class_counts"": [[33, 28], [33, 20], [0, 10], [6, 20]], ""group_proportions"": [0.4777227722772277, 0.41089108910891087, 0.04950495049504951, 0.06188118811881188], ""val_group_counts"": [49, 42, 8, 21], ""val_total"": 120}","{""num_groups"": 4, ""eta"": 2.0, ""update_mode"": ""softmax"", ""robust_objective"": ""weighted"", ""gamma"": 0.9, ""kl_lambda"": 0.0, ""initial_pi"": [0.47772276401519775, 0.4108910858631134, 0.049504950642585754, 0.06188118830323219]}",2026-09-15T04:52:08.492433,28,0.2446509376168251,0.8619791666666666,0.001,0.7866666666666666,0.8234284660591497,0.7307692307692307,1.0,"[0.7704918032786885, 0.7924528301886793, 1.0, 0.7307692307692307]","[0.4697576127030322, 0.5304309656175802, 0.0069938664557412265, 1.0961221491821702]","[0.8194444444444444, 0.7564102564102564]","[[0.7575757575757576, 0.7857142857142857], [0.9696969696969697, 0.5], [null, 1.0], [0.3333333333333333, 0.85]]","[61, 53, 10, 26]",0.7866666666666666,"[0.7699353448275861, 0.749247311827957, 0.5, 0.5964523281596452]",0.5,1.0961221491821702,0.7916666666666666,0.8180272108843537,0.6666666666666666,1.0,"[0.7959183673469388, 0.8095238095238095, 1.0, 0.6666666666666666]","[0.4515499387278545, 0.5018228484938542, 0.011284155523753725, 1.751648955013869]","[0.7931034482758621, 0.7903225806451613]","[[0.7407407407407407, 0.8636363636363636], [1.0, 0.5], [null, 1.0], [0.0, 0.875]]","[49, 42, 8, 21]",0.7915363769022306,"[0.7958333333333333, 0.7666666666666666, 0.5, 0.39999999999999997]",0.39999999999999997,1.751648955013869,"[0.25, 0.25, 0.25, 0.25]","[0.3557567050059636, 0.37791478633880615, 0.07642587848628561, 0.01242225201955686]","[0.24973233540852866, 0.25080300370852154, 0.24973233540852866, 0.24973233540852866]","[0.47772276401519775, 0.4108910858631134, 0.049504950642585754, 0.06188118830323219]",0.0
"{""run_name"": ""fedheart_exp_paper_hetagg_gdro"", ""seed"": 7, ""run_dir"": ""runs/sweep_fedheart/Ours_Regret_c2_s7_f1"", ""use_fedheart"": true, ""num_classes"": 2, ""stratified_batching"": true, ""train_frac"": 0.8, ""group_max_train_samples"": [null, null, 20, 25], ""true_hetero_input_dim"": true, ""feature_mask"": [[0, 1, 2, 3, 5, 6, 7, 8, 9, 10], [0, 1, 2, 3, 5, 6, 11, 12], [0, 1, 2, 4, 5, 7, 11, 12], [0, 1, 2, 4, 5, 6, 8, 9, 10]], ""batch_size"": 64, ""num_workers"": 0, ""epochs"": 100, ""early_stopping_patience"": 30, ""lr"": 0.001, ""weight_decay"": 0.0001, ""optimizer"": ""adam"", ""grad_clip"": 1.0, ""lr_scheduler"": ""cosine"", ""lr_min"": 1e-05, ""latent_dim"": 64, ""head_hidden"": 32, ""groups"": [{""name"": ""cleveland"", ""encoder"": ""mlp_tabular_ln"", ""input_dim"": 10, ""hidden_dim"": 64, ""dropout"": 0.1}, {""name"": ""hungarian"", ""encoder"": ""mlp_tabular_ln"", ""input_dim"": 8, ""hidden_dim"": 64, ""dropout"": 0.1}, {""name"": ""switzerland"", ""encoder"": ""mlp_tabular_ln"", ""input_dim"": 8, ""hidden_dim"": 64, ""dropout"": 0.1}, {""name"": ""va_long_beach"", ""encoder"": ""mlp_tabular_ln"", ""input_dim"": 9, ""hidden_dim"": 64, ""dropout"": 0.1}], ""anchor_eps"": 0.0001, ""sep_samples_per_class"": 4, ""sep_method"": ""classifier"", ""sep_margin"": 1.0, ""lambda_fit"": 0.01, ""lambda_sep"": 0.01, ""groupdro_enabled"": true, ""groupdro_eta"": 2.0, ""groupdro_gamma"": 0.9, ""groupdro_update_mode"": ""softmax"", ""groupdro_objective"": ""weighted"", ""groupdro_kl_lambda"": 0.0, ""groupdro_uniform_init"": true, ""log_interval"": 20, ""save_every"": 10, ""val_frac"": 0.2, ""common_encoder"": false, ""use_regret"": true, ""optimal_losses"": [0.49934679966136675, 0.5924033531758973, 0.4240419712328326, 1.4799922526387188], ""data_split_seed"": 1001}","{""num_groups"": 4, ""num_classes"": 2, ""train_total"": 404, ""test_total"": 150, ""train_group_counts"": [193, 166, 20, 25], ""test_group_counts"": [61, 53, 10, 26], ""train_class_counts"": [215, 189], ""test_class_counts"": [72, 78], ""train_group_class_counts"": [[104, 89], [104, 62], [1, 19], [6, 19]], ""test_group_class_counts"": [[33, 28], [33, 20], [0, 10], [6, 20]], ""group_proportions"": [0.4777227722772277, 0.41089108910891087, 0.04950495049504951, 0.06188118811881188], ""val_group_counts"": [49, 42, 8, 21], ""val_total"": 120}","{""num_groups"": 4, ""eta"": 2.0, ""update_mode"": ""softmax"", ""robust_objective"": ""weighted"", ""gamma"": 0.9, ""kl_lambda"": 0.0, ""initial_pi"": [0.47772276401519775, 0.4108910858631134, 0.049504950642585754, 0.06188118830323219]}",2026-09-15T04:52:08.492433,29,0.22820449620485306,0.8567708333333334,0.001,0.7933333333333333,0.8287640676675628,0.7307692307692307,1.0,"[0.7540983606557377, 0.8301886792452831, 1.0, 0.7307692307692307]","[0.46158900933309654, 0.5249069845479615, 0.010708354692906142, 1.0932620481561082]","[0.8055555555555556, 0.782051282051282]","[[0.7575757575757576, 0.75], [0.9393939393939394, 0.65], [null, 1.0], [0.3333333333333333, 0.85]]","[61, 53, 10, 26]",0.793250633586768,"[0.7530364372469636, 0.8080482897384306, 0.5, 0.5964523281596452]",0.5,1.0932620481561082,0.7833333333333333,0.8120748299319728,0.6666666666666666,1.0,"[0.7959183673469388, 0.7857142857142857, 1.0, 0.6666666666666666]","[0.4428864419840428, 0.4922608801030687, 0.01959450021968223, 1.7459492937168328]","[0.7931034482758621, 0.7741935483870968]","[[0.7777777777777778, 0.8181818181818182], [0.9615384615384616, 0.5], [null, 1.0], [0.0, 0.875]]","[49, 42, 8, 21]",0.783273131425396,"[0.7951505016722408, 0.7437288135593221, 0.5, 0.39999999999999997]",0.39999999999999997,1.7459492937168328,"[0.25, 0.25, 0.25, 0.25]","[0.34517605354388553, 0.37122758477926254, 0.03861759441012206, 0.014316181865675995]","[0.25, 0.25, 0.25, 0.25]","[0.47772276401519775, 0.4108910858631134, 0.049504950642585754, 0.06188118830323219]",0.0
"{""run_name"": ""fedheart_exp_paper_hetagg_gdro"", ""seed"": 7, ""run_dir"": ""runs/sweep_fedheart/Ours_Regret_c2_s7_f1"", ""use_fedheart"": true, ""num_classes"": 2, ""stratified_batching"": true, ""train_frac"": 0.8, ""group_max_train_samples"": [null, null, 20, 25], ""true_hetero_input_dim"": true, ""feature_mask"": [[0, 1, 2, 3, 5, 6, 7, 8, 9, 10], [0, 1, 2, 3, 5, 6, 11, 12], [0, 1, 2, 4, 5, 7, 11, 12], [0, 1, 2, 4, 5, 6, 8, 9, 10]], ""batch_size"": 64, ""num_workers"": 0, ""epochs"": 100, ""early_stopping_patience"": 30, ""lr"": 0.001, ""weight_decay"": 0.0001, ""optimizer"": ""adam"", ""grad_clip"": 1.0, ""lr_scheduler"": ""cosine"", ""lr_min"": 1e-05, ""latent_dim"": 64, ""head_hidden"": 32, ""groups"": [{""name"": ""cleveland"", ""encoder"": ""mlp_tabular_ln"", ""input_dim"": 10, ""hidden_dim"": 64, ""dropout"": 0.1}, {""name"": ""hungarian"", ""encoder"": ""mlp_tabular_ln"", ""input_dim"": 8, ""hidden_dim"": 64, ""dropout"": 0.1}, {""name"": ""switzerland"", ""encoder"": ""mlp_tabular_ln"", ""input_dim"": 8, ""hidden_dim"": 64, ""dropout"": 0.1}, {""name"": ""va_long_beach"", ""encoder"": ""mlp_tabular_ln"", ""input_dim"": 9, ""hidden_dim"": 64, ""dropout"": 0.1}], ""anchor_eps"": 0.0001, ""sep_samples_per_class"": 4, ""sep_method"": ""classifier"", ""sep_margin"": 1.0, ""lambda_fit"": 0.01, ""lambda_sep"": 0.01, ""groupdro_enabled"": true, ""groupdro_eta"": 2.0, ""groupdro_gamma"": 0.9, ""groupdro_update_mode"": ""softmax"", ""groupdro_objective"": ""weighted"", ""groupdro_kl_lambda"": 0.0, ""groupdro_uniform_init"": true, ""log_interval"": 20, ""save_every"": 10, ""val_frac"": 0.2, ""common_encoder"": false, ""use_regret"": true, ""optimal_losses"": [0.49934679966136675, 0.5924033531758973, 0.4240419712328326, 1.4799922526387188], ""data_split_seed"": 1001}","{""num_groups"": 4, ""num_classes"": 2, ""train_total"": 404, ""test_total"": 150, ""train_group_counts"": [193, 166, 20, 25], ""test_group_counts"": [61, 53, 10, 26], ""train_class_counts"": [215, 189], ""test_class_counts"": [72, 78], ""train_group_class_counts"": [[104, 89], [104, 62], [1, 19], [6, 19]], ""test_group_class_counts"": [[33, 28], [33, 20], [0, 10], [6, 20]], ""group_proportions"": [0.4777227722772277, 0.41089108910891087, 0.04950495049504951, 0.06188118811881188], ""val_group_counts"": [49, 42, 8, 21], ""val_total"": 120}","{""num_groups"": 4, ""eta"": 2.0, ""update_mode"": ""softmax"", ""robust_objective"": ""weighted"", ""gamma"": 0.9, ""kl_lambda"": 0.0, ""initial_pi"": [0.47772276401519775, 0.4108910858631134, 0.049504950642585754, 0.06188118830323219]}",2026-09-15T04:52:08.492433,30,0.2192426174879074,0.8645833333333334,0.001,0.7933333333333333,0.8281454471912251,0.7307692307692307,1.0,"[0.7704918032786885, 0.8113207547169812, 1.0, 0.7307692307692307]","[0.4685939916516425, 0.5245499988350103, 0.01290334144141525, 1.0977866321291703]","[0.7916666666666666, 0.7948717948717948]","[[0.7575757575757576, 0.7857142857142857], [0.9090909090909091, 0.65], [null, 1.0], [0.3333333333333333, 0.85]]","[61, 53, 10, 26]",0.7931034482758621,"[0.7699353448275861, 0.7896825396825398, 0.5, 0.5964523281596452]",0.5,1.0977866321291703,0.7666666666666667,0.8010204081632653,0.6666666666666666,1.0,"[0.7755102040816326, 0.7619047619047619, 1.0, 0.6666666666666666]","[0.4642015306697208, 0.4875192456834373, 0.025663741951575503, 1.7497541240161463]","[0.7586206896551724, 0.7741935483870968]","[[0.7407407407407407, 0.8181818181818182], [0.9230769230769231, 0.5], [null, 1.0], [0.0, 0.875]]","[49, 42, 8, 21]",0.7664071190211346,"[0.7751355861493534, 0.7214854111405835, 0.5, 0.39999999999999997]",0.39999999999999997,1.7497541240161463,"[0.25, 0.25, 0.25, 0.25]","[0.325744425257047, 0.37845167020956677, 0.02858503731355692, 0.008682021871209145]","[0.25, 0.25, 0.25, 0.25]","[0.47772276401519775, 0.4108910858631134, 0.049504950642585754, 0.06188118830323219]",0.0
"{""run_name"": ""fedheart_exp_paper_hetagg_gdro"", ""seed"": 7, ""run_dir"": ""runs/sweep_fedheart/Ours_Regret_c2_s7_f1"", ""use_fedheart"": true, ""num_classes"": 2, ""stratified_batching"": true, ""train_frac"": 0.8, ""group_max_train_samples"": [null, null, 20, 25], ""true_hetero_input_dim"": true, ""feature_mask"": [[0, 1, 2, 3, 5, 6, 7, 8, 9, 10], [0, 1, 2, 3, 5, 6, 11, 12], [0, 1, 2, 4, 5, 7, 11, 12], [0, 1, 2, 4, 5, 6, 8, 9, 10]], ""batch_size"": 64, ""num_workers"": 0, ""epochs"": 100, ""early_stopping_patience"": 30, ""lr"": 0.001, ""weight_decay"": 0.0001, ""optimizer"": ""adam"", ""grad_clip"": 1.0, ""lr_scheduler"": ""cosine"", ""lr_min"": 1e-05, ""latent_dim"": 64, ""head_hidden"": 32, ""groups"": [{""name"": ""cleveland"", ""encoder"": ""mlp_tabular_ln"", ""input_dim"": 10, ""hidden_dim"": 64, ""dropout"": 0.1}, {""name"": ""hungarian"", ""encoder"": ""mlp_tabular_ln"", ""input_dim"": 8, ""hidden_dim"": 64, ""dropout"": 0.1}, {""name"": ""switzerland"", ""encoder"": ""mlp_tabular_ln"", ""input_dim"": 8, ""hidden_dim"": 64, ""dropout"": 0.1}, {""name"": ""va_long_beach"", ""encoder"": ""mlp_tabular_ln"", ""input_dim"": 9, ""hidden_dim"": 64, ""dropout"": 0.1}], ""anchor_eps"": 0.0001, ""sep_samples_per_class"": 4, ""sep_method"": ""classifier"", ""sep_margin"": 1.0, ""lambda_fit"": 0.01, ""lambda_sep"": 0.01, ""groupdro_enabled"": true, ""groupdro_eta"": 2.0, ""groupdro_gamma"": 0.9, ""groupdro_update_mode"": ""softmax"", ""groupdro_objective"": ""weighted"", ""groupdro_kl_lambda"": 0.0, ""groupdro_uniform_init"": true, ""log_interval"": 20, ""save_every"": 10, ""val_frac"": 0.2, ""common_encoder"": false, ""use_regret"": true, ""optimal_losses"": [0.49934679966136675, 0.5924033531758973, 0.4240419712328326, 1.4799922526387188], ""data_split_seed"": 1001}","{""num_groups"": 4, ""num_classes"": 2, ""train_total"": 404, ""test_total"": 150, ""train_group_counts"": [193, 166, 20, 25], ""test_group_counts"": [61, 53, 10, 26], ""train_class_counts"": [215, 189], ""test_class_counts"": [72, 78], ""train_group_class_counts"": [[104, 89], [104, 62], [1, 19], [6, 19]], ""test_group_class_counts"": [[33, 28], [33, 20], [0, 10], [6, 20]], ""group_proportions"": [0.4777227722772277, 0.41089108910891087, 0.04950495049504951, 0.06188118811881188], ""val_group_counts"": [49, 42, 8, 21], ""val_total"": 120}","{""num_groups"": 4, ""eta"": 2.0, ""update_mode"": ""softmax"", ""robust_objective"": ""weighted"", ""gamma"": 0.9, ""kl_lambda"": 0.0, ""initial_pi"": [0.47772276401519775, 0.4108910858631134, 0.049504950642585754, 0.06188118830323219]}",2026-09-15T04:52:08.492433,31,0.21817390124003092,0.8880208333333334,0.001,0.8066666666666666,0.8363421685027005,0.7307692307692307,1.0,"[0.8032786885245902, 0.8113207547169812, 1.0, 0.7307692307692307]","[0.47370038831942396, 0.5343108595753053, 0.01590587878599763, 1.111041758292301]","[0.8055555555555556, 0.8076923076923077]","[[0.7575757575757576, 0.8571428571428571], [0.9393939393939394, 0.6], [null, 1.0], [0.3333333333333333, 0.85]]","[61, 53, 10, 26]",0.806451612903226,"[0.8032258064516129, 0.7834967320261438, 0.5, 0.5964523281596452]",0.5,1.111041758292301,0.7666666666666667,0.8010204081632653,0.6666666666666666,1.0,"[0.7755102040816326, 0.7619047619047619, 1.0, 0.6666666666666666]","[0.4793401526059119, 0.5153065871092535, 0.03448102922993712, 1.7747739455302334]","[0.7413793103448276, 0.7903225806451613]","[[0.7037037037037037, 0.8636363636363636], [0.9230769230769231, 0.5], [null, 1.0], [0.0, 0.875]]","[49, 42, 8, 21]",0.7660818713450293,"[0.7755102040816326, 0.7214854111405835, 0.5, 0.39999999999999997]",0.39999999999999997,1.7747739455302334,"[0.25, 0.25, 0.25, 0.25]","[0.3195088605086009, 0.37077559034029645, 0.03310934052569792, 0.015139770500051478]","[0.25, 0.25, 0.25, 0.25]","[0.47772276401519775, 0.4108910858631134, 0.049504950642585754, 0.06188118830323219]",0.0
"{""run_name"": ""fedheart_exp_paper_hetagg_gdro"", ""seed"": 7, ""run_dir"": ""runs/sweep_fedheart/Ours_Regret_c2_s7_f1"", ""use_fedheart"": true, ""num_classes"": 2, ""stratified_batching"": true, ""train_frac"": 0.8, ""group_max_train_samples"": [null, null, 20, 25], ""true_hetero_input_dim"": true, ""feature_mask"": [[0, 1, 2, 3, 5, 6, 7, 8, 9, 10], [0, 1, 2, 3, 5, 6, 11, 12], [0, 1, 2, 4, 5, 7, 11, 12], [0, 1, 2, 4, 5, 6, 8, 9, 10]], ""batch_size"": 64, ""num_workers"": 0, ""epochs"": 100, ""early_stopping_patience"": 30, ""lr"": 0.001, ""weight_decay"": 0.0001, ""optimizer"": ""adam"", ""grad_clip"": 1.0, ""lr_scheduler"": ""cosine"", ""lr_min"": 1e-05, ""latent_dim"": 64, ""head_hidden"": 32, ""groups"": [{""name"": ""cleveland"", ""encoder"": ""mlp_tabular_ln"", ""input_dim"": 10, ""hidden_dim"": 64, ""dropout"": 0.1}, {""name"": ""hungarian"", ""encoder"": ""mlp_tabular_ln"", ""input_dim"": 8, ""hidden_dim"": 64, ""dropout"": 0.1}, {""name"": ""switzerland"", ""encoder"": ""mlp_tabular_ln"", ""input_dim"": 8, ""hidden_dim"": 64, ""dropout"": 0.1}, {""name"": ""va_long_beach"", ""encoder"": ""mlp_tabular_ln"", ""input_dim"": 9, ""hidden_dim"": 64, ""dropout"": 0.1}], ""anchor_eps"": 0.0001, ""sep_samples_per_class"": 4, ""sep_method"": ""classifier"", ""sep_margin"": 1.0, ""lambda_fit"": 0.01, ""lambda_sep"": 0.01, ""groupdro_enabled"": true, ""groupdro_eta"": 2.0, ""groupdro_gamma"": 0.9, ""groupdro_update_mode"": ""softmax"", ""groupdro_objective"": ""weighted"", ""groupdro_kl_lambda"": 0.0, ""groupdro_uniform_init"": true, ""log_interval"": 20, ""save_every"": 10, ""val_frac"": 0.2, ""common_encoder"": false, ""use_regret"": true, ""optimal_losses"": [0.49934679966136675, 0.5924033531758973, 0.4240419712328326, 1.4799922526387188], ""data_split_seed"": 1001}","{""num_groups"": 4, ""num_classes"": 2, ""train_total"": 404, ""test_total"": 150, ""train_group_counts"": [193, 166, 20, 25], ""test_group_counts"": [61, 53, 10, 26], ""train_class_counts"": [215, 189], ""test_class_counts"": [72, 78], ""train_group_class_counts"": [[104, 89], [104, 62], [1, 19], [6, 19]], ""test_group_class_counts"": [[33, 28], [33, 20], [0, 10], [6, 20]], ""group_proportions"": [0.4777227722772277, 0.41089108910891087, 0.04950495049504951, 0.06188118811881188], ""val_group_counts"": [49, 42, 8, 21], ""val_total"": 120}","{""num_groups"": 4, ""eta"": 2.0, ""update_mode"": ""softmax"", ""robust_objective"": ""weighted"", ""gamma"": 0.9, ""kl_lambda"": 0.0, ""initial_pi"": [0.47772276401519775, 0.4108910858631134, 0.049504950642585754, 0.06188118830323219]}",2026-09-15T04:52:08.492433,32,0.23040334383646646,0.8515625,0.001,0.8133333333333334,0.8404405291584383,0.7307692307692307,1.0,"[0.819672131147541, 0.8113207547169812, 1.0, 0.7307692307692307]","[0.500920777247272, 0.5333926414121997, 0.012581279408186674, 1.1486538496800887]","[0.8055555555555556, 0.8205128205128205]","[[0.7575757575757576, 0.8928571428571429], [0.9393939393939394, 0.6], [null, 1.0], [0.3333333333333333, 0.85]]","[61, 53, 10, 26]",0.813034188034188,"[0.819672131147541, 0.7834967320261438, 0.5, 0.5964523281596452]",0.5,1.1486538496800887,0.775,0.8061224489795918,0.6666666666666666,1.0,"[0.7959183673469388, 0.7619047619047619, 1.0, 0.6666666666666666]","[0.5139634890614876, 0.5136032199398393, 0.027897482563275844, 1.8409462071666938]","[0.7413793103448276, 0.8064516129032258]","[[0.7037037037037037, 0.9090909090909091], [0.9230769230769231, 0.5], [null, 1.0], [0.0, 0.875]]","[49, 42, 8, 21]",0.7742317608529021,"[0.7958333333333334, 0.7214854111405835, 0.5, 0.39999999999999997]",0.39999999999999997,1.8409462071666938,"[0.246963232755661, 0.246963232755661, 0.25911033153533936, 0.246963232755661]","[0.30545931061108905, 0.369754691918691, 0.07771567274661113, 0.04063978915413221]","[0.2494938721259435, 0.2494938721259435, 0.2515183885892232, 0.2494938721259435]","[0.47772276401519775, 0.4108910858631134, 0.049504950642585754, 0.06188118830323219]",0.0
"{""run_name"": ""fedheart_exp_paper_hetagg_gdro"", ""seed"": 7, ""run_dir"": ""runs/sweep_fedheart/Ours_Regret_c2_s7_f1"", ""use_fedheart"": true, ""num_classes"": 2, ""stratified_batching"": true, ""train_frac"": 0.8, ""group_max_train_samples"": [null, null, 20, 25], ""true_hetero_input_dim"": true, ""feature_mask"": [[0, 1, 2, 3, 5, 6, 7, 8, 9, 10], [0, 1, 2, 3, 5, 6, 11, 12], [0, 1, 2, 4, 5, 7, 11, 12], [0, 1, 2, 4, 5, 6, 8, 9, 10]], ""batch_size"": 64, ""num_workers"": 0, ""epochs"": 100, ""early_stopping_patience"": 30, ""lr"": 0.001, ""weight_decay"": 0.0001, ""optimizer"": ""adam"", ""grad_clip"": 1.0, ""lr_scheduler"": ""cosine"", ""lr_min"": 1e-05, ""latent_dim"": 64, ""head_hidden"": 32, ""groups"": [{""name"": ""cleveland"", ""encoder"": ""mlp_tabular_ln"", ""input_dim"": 10, ""hidden_dim"": 64, ""dropout"": 0.1}, {""name"": ""hungarian"", ""encoder"": ""mlp_tabular_ln"", ""input_dim"": 8, ""hidden_dim"": 64, ""dropout"": 0.1}, {""name"": ""switzerland"", ""encoder"": ""mlp_tabular_ln"", ""input_dim"": 8, ""hidden_dim"": 64, ""dropout"": 0.1}, {""name"": ""va_long_beach"", ""encoder"": ""mlp_tabular_ln"", ""input_dim"": 9, ""hidden_dim"": 64, ""dropout"": 0.1}], ""anchor_eps"": 0.0001, ""sep_samples_per_class"": 4, ""sep_method"": ""classifier"", ""sep_margin"": 1.0, ""lambda_fit"": 0.01, ""lambda_sep"": 0.01, ""groupdro_enabled"": true, ""groupdro_eta"": 2.0, ""groupdro_gamma"": 0.9, ""groupdro_update_mode"": ""softmax"", ""groupdro_objective"": ""weighted"", ""groupdro_kl_lambda"": 0.0, ""groupdro_uniform_init"": true, ""log_interval"": 20, ""save_every"": 10, ""val_frac"": 0.2, ""common_encoder"": false, ""use_regret"": true, ""optimal_losses"": [0.49934679966136675, 0.5924033531758973, 0.4240419712328326, 1.4799922526387188], ""data_split_seed"": 1001}","{""num_groups"": 4, ""num_classes"": 2, ""train_total"": 404, ""test_total"": 150, ""train_group_counts"": [193, 166, 20, 25], ""test_group_counts"": [61, 53, 10, 26], ""train_class_counts"": [215, 189], ""test_class_counts"": [72, 78], ""train_group_class_counts"": [[104, 89], [104, 62], [1, 19], [6, 19]], ""test_group_class_counts"": [[33, 28], [33, 20], [0, 10], [6, 20]], ""group_proportions"": [0.4777227722772277, 0.41089108910891087, 0.04950495049504951, 0.06188118811881188], ""val_group_counts"": [49, 42, 8, 21], ""val_total"": 120}","{""num_groups"": 4, ""eta"": 2.0, ""update_mode"": ""softmax"", ""robust_objective"": ""weighted"", ""gamma"": 0.9, ""kl_lambda"": 0.0, ""initial_pi"": [0.47772276401519775, 0.4108910858631134, 0.049504950642585754, 0.06188118830323219]}",2026-09-15T04:52:08.492433,33,0.22545739014943442,0.8645833333333334,0.001,0.78,0.8180928644507364,0.7307692307692307,1.0,"[0.7868852459016393, 0.7547169811320755, 1.0, 0.7307692307692307]","[0.48292953091994173, 0.5366242929660486, 0.005396016919985413, 1.1806027366860339]","[0.75, 0.8076923076923077]","[[0.7575757575757576, 0.8214285714285714], [0.8181818181818182, 0.65], [null, 1.0], [0.3333333333333333, 0.85]]","[61, 53, 10, 26]",0.779205138498595,"[0.7866559052999732, 0.7363184079601991, 0.5, 0.5964523281596452]",0.5,1.1806027366860339,0.775,0.8069727891156462,0.6666666666666666,1.0,"[0.7755102040816326, 0.7857142857142857, 1.0, 0.6666666666666666]","[0.4885852571424781, 0.4806801569869831, 0.010891570011153817, 1.8896335438351213]","[0.7413793103448276, 0.8064516129032258]","[[0.7037037037037037, 0.8636363636363636], [0.9230769230769231, 0.5625], [null, 1.0], [0.0, 0.875]]","[49, 42, 8, 21]",0.7742317608529021,"[0.7755102040816326, 0.7543859649122806, 0.5, 0.39999999999999997]",0.39999999999999997,1.8896335438351213,"[0.25, 0.25, 0.25, 0.25]","[0.3112979556123416, 0.41295965015888214, 0.03982488001929596, 0.01040807191748172]","[0.2496955320239067, 0.25091340641180676, 0.2496955320239067, 0.2496955320239067]","[0.47772276401519775, 0.4108910858631134, 0.049504950642585754, 0.06188118830323219]",0.0
"{""run_name"": ""fedheart_exp_paper_hetagg_gdro"", ""seed"": 7, ""run_dir"": ""runs/sweep_fedheart/Ours_Regret_c2_s7_f1"", ""use_fedheart"": true, ""num_classes"": 2, ""stratified_batching"": true, ""train_frac"": 0.8, ""group_max_train_samples"": [null, null, 20, 25], ""true_hetero_input_dim"": true, ""feature_mask"": [[0, 1, 2, 3, 5, 6, 7, 8, 9, 10], [0, 1, 2, 3, 5, 6, 11, 12], [0, 1, 2, 4, 5, 7, 11, 12], [0, 1, 2, 4, 5, 6, 8, 9, 10]], ""batch_size"": 64, ""num_workers"": 0, ""epochs"": 100, ""early_stopping_patience"": 30, ""lr"": 0.001, ""weight_decay"": 0.0001, ""optimizer"": ""adam"", ""grad_clip"": 1.0, ""lr_scheduler"": ""cosine"", ""lr_min"": 1e-05, ""latent_dim"": 64, ""head_hidden"": 32, ""groups"": [{""name"": ""cleveland"", ""encoder"": ""mlp_tabular_ln"", ""input_dim"": 10, ""hidden_dim"": 64, ""dropout"": 0.1}, {""name"": ""hungarian"", ""encoder"": ""mlp_tabular_ln"", ""input_dim"": 8, ""hidden_dim"": 64, ""dropout"": 0.1}, {""name"": ""switzerland"", ""encoder"": ""mlp_tabular_ln"", ""input_dim"": 8, ""hidden_dim"": 64, ""dropout"": 0.1}, {""name"": ""va_long_beach"", ""encoder"": ""mlp_tabular_ln"", ""input_dim"": 9, ""hidden_dim"": 64, ""dropout"": 0.1}], ""anchor_eps"": 0.0001, ""sep_samples_per_class"": 4, ""sep_method"": ""classifier"", ""sep_margin"": 1.0, ""lambda_fit"": 0.01, ""lambda_sep"": 0.01, ""groupdro_enabled"": true, ""groupdro_eta"": 2.0, ""groupdro_gamma"": 0.9, ""groupdro_update_mode"": ""softmax"", ""groupdro_objective"": ""weighted"", ""groupdro_kl_lambda"": 0.0, ""groupdro_uniform_init"": true, ""log_interval"": 20, ""save_every"": 10, ""val_frac"": 0.2, ""common_encoder"": false, ""use_regret"": true, ""optimal_losses"": [0.49934679966136675, 0.5924033531758973, 0.4240419712328326, 1.4799922526387188], ""data_split_seed"": 1001}","{""num_groups"": 4, ""num_classes"": 2, ""train_total"": 404, ""test_total"": 150, ""train_group_counts"": [193, 166, 20, 25], ""test_group_counts"": [61, 53, 10, 26], ""train_class_counts"": [215, 189], ""test_class_counts"": [72, 78], ""train_group_class_counts"": [[104, 89], [104, 62], [1, 19], [6, 19]], ""test_group_class_counts"": [[33, 28], [33, 20], [0, 10], [6, 20]], ""group_proportions"": [0.4777227722772277, 0.41089108910891087, 0.04950495049504951, 0.06188118811881188], ""val_group_counts"": [49, 42, 8, 21], ""val_total"": 120}","{""num_groups"": 4, ""eta"": 2.0, ""update_mode"": ""softmax"", ""robust_objective"": ""weighted"", ""gamma"": 0.9, ""kl_lambda"": 0.0, ""initial_pi"": [0.47772276401519775, 0.4108910858631134, 0.049504950642585754, 0.06188118830323219]}",2026-09-15T04:52:08.492433,34,0.2152762015660604,0.859375,0.001,0.78,0.8193301054034119,0.7307692307692307,1.0,"[0.7540983606557377, 0.7924528301886793, 1.0, 0.7307692307692307]","[0.47016986712935516, 0.5397486287116442, 0.003498955408576876, 1.202467438954045]","[0.8055555555555556, 0.7564102564102564]","[[0.7575757575757576, 0.75], [0.9393939393939394, 0.55], [null, 1.0], [0.3333333333333333, 0.85]]","[61, 53, 10, 26]",0.779990221787635,"[0.7530364372469636, 0.7579908675799087, 0.5, 0.5964523281596452]",0.5,1.202467438954045,0.7583333333333333,0.7959183673469388,0.6666666666666666,1.0,"[0.7551020408163265, 0.7619047619047619, 1.0, 0.6666666666666666]","[0.48346091860107016, 0.5050846785750418, 0.006651339739619289, 1.9278399656011191]","[0.7413793103448276, 0.7741935483870968]","[[0.7037037037037037, 0.8181818181818182], [0.9230769230769231, 0.5], [null, 1.0], [0.0, 0.875]]","[49, 42, 8, 21]",0.7579130434782609,"[0.7550000000000001, 0.7214854111405835, 0.5, 0.39999999999999997]",0.39999999999999997,1.9278399656011191,"[0.25, 0.25, 0.25, 0.25]","[0.3215520530939102, 0.37500618398189545, 0.025413279159693047, 0.012334204938573142]","[0.25, 0.25, 0.25, 0.25]","[0.47772276401519775, 0.4108910858631134, 0.049504950642585754, 0.06188118830323219]",0.0
"{""run_name"": ""fedheart_exp_paper_hetagg_gdro"", ""seed"": 7, ""run_dir"": ""runs/sweep_fedheart/Ours_Regret_c2_s7_f1"", ""use_fedheart"": true, ""num_classes"": 2, ""stratified_batching"": true, ""train_frac"": 0.8, ""group_max_train_samples"": [null, null, 20, 25], ""true_hetero_input_dim"": true, ""feature_mask"": [[0, 1, 2, 3, 5, 6, 7, 8, 9, 10], [0, 1, 2, 3, 5, 6, 11, 12], [0, 1, 2, 4, 5, 7, 11, 12], [0, 1, 2, 4, 5, 6, 8, 9, 10]], ""batch_size"": 64, ""num_workers"": 0, ""epochs"": 100, ""early_stopping_patience"": 30, ""lr"": 0.001, ""weight_decay"": 0.0001, ""optimizer"": ""adam"", ""grad_clip"": 1.0, ""lr_scheduler"": ""cosine"", ""lr_min"": 1e-05, ""latent_dim"": 64, ""head_hidden"": 32, ""groups"": [{""name"": ""cleveland"", ""encoder"": ""mlp_tabular_ln"", ""input_dim"": 10, ""hidden_dim"": 64, ""dropout"": 0.1}, {""name"": ""hungarian"", ""encoder"": ""mlp_tabular_ln"", ""input_dim"": 8, ""hidden_dim"": 64, ""dropout"": 0.1}, {""name"": ""switzerland"", ""encoder"": ""mlp_tabular_ln"", ""input_dim"": 8, ""hidden_dim"": 64, ""dropout"": 0.1}, {""name"": ""va_long_beach"", ""encoder"": ""mlp_tabular_ln"", ""input_dim"": 9, ""hidden_dim"": 64, ""dropout"": 0.1}], ""anchor_eps"": 0.0001, ""sep_samples_per_class"": 4, ""sep_method"": ""classifier"", ""sep_margin"": 1.0, ""lambda_fit"": 0.01, ""lambda_sep"": 0.01, ""groupdro_enabled"": true, ""groupdro_eta"": 2.0, ""groupdro_gamma"": 0.9, ""groupdro_update_mode"": ""softmax"", ""groupdro_objective"": ""weighted"", ""groupdro_kl_lambda"": 0.0, ""groupdro_uniform_init"": true, ""log_interval"": 20, ""save_every"": 10, ""val_frac"": 0.2, ""common_encoder"": false, ""use_regret"": true, ""optimal_losses"": [0.49934679966136675, 0.5924033531758973, 0.4240419712328326, 1.4799922526387188], ""data_split_seed"": 1001}","{""num_groups"": 4, ""num_classes"": 2, ""train_total"": 404, ""test_total"": 150, ""train_group_counts"": [193, 166, 20, 25], ""test_group_counts"": [61, 53, 10, 26], ""train_class_counts"": [215, 189], ""test_class_counts"": [72, 78], ""train_group_class_counts"": [[104, 89], [104, 62], [1, 19], [6, 19]], ""test_group_class_counts"": [[33, 28], [33, 20], [0, 10], [6, 20]], ""group_proportions"": [0.4777227722772277, 0.41089108910891087, 0.04950495049504951, 0.06188118811881188], ""val_group_counts"": [49, 42, 8, 21], ""val_total"": 120}","{""num_groups"": 4, ""eta"": 2.0, ""update_mode"": ""softmax"", ""robust_objective"": ""weighted"", ""gamma"": 0.9, ""kl_lambda"": 0.0, ""initial_pi"": [0.47772276401519775, 0.4108910858631134, 0.049504950642585754, 0.06188118830323219]}",2026-09-15T04:52:08.492433,35,0.22856692721446356,0.859375,0.001,0.7866666666666666,0.8228098455828119,0.7307692307692307,1.0,"[0.7868852459016393, 0.7735849056603774, 1.0, 0.7307692307692307]","[0.4781439043276134, 0.5651536968554247, 0.0028209723299369217, 1.2026305776011073]","[0.8055555555555556, 0.7692307692307693]","[[0.7575757575757576, 0.8214285714285714], [0.9393939393939394, 0.5], [null, 1.0], [0.3333333333333333, 0.85]]","[61, 53, 10, 26]",0.786628733997155,"[0.7866559052999732, 0.7314189189189189, 0.5, 0.5964523281596452]",0.5,1.2026305776011073,0.7666666666666667,0.8018707482993197,0.6666666666666666,1.0,"[0.7551020408163265, 0.7857142857142857, 1.0, 0.6666666666666666]","[0.5026463414352311, 0.5291527103677037, 0.00526342706871219, 1.9319042551491985]","[0.7758620689655172, 0.7580645161290323]","[[0.7037037037037037, 0.8181818181818182], [1.0, 0.4375], [null, 1.0], [0.0, 0.875]]","[49, 42, 8, 21]",0.766601833842734,"[0.7550000000000001, 0.7305773342836779, 0.5, 0.39999999999999997]",0.39999999999999997,1.9319042551491985,"[0.25, 0.25, 0.25, 0.25]","[0.30901407698790234, 0.4071607788403829, 0.015302072938842079, 0.056172989192418754]","[0.25, 0.25, 0.25, 0.25]","[0.47772276401519775, 0.4108910858631134, 0.049504950642585754, 0.06188118830323219]",0.0
"{""run_name"": ""fedheart_exp_paper_hetagg_gdro"", ""seed"": 7, ""run_dir"": ""runs/sweep_fedheart/Ours_Regret_c2_s7_f1"", ""use_fedheart"": true, ""num_classes"": 2, ""stratified_batching"": true, ""train_frac"": 0.8, ""group_max_train_samples"": [null, null, 20, 25], ""true_hetero_input_dim"": true, ""feature_mask"": [[0, 1, 2, 3, 5, 6, 7, 8, 9, 10], [0, 1, 2, 3, 5, 6, 11, 12], [0, 1, 2, 4, 5, 7, 11, 12], [0, 1, 2, 4, 5, 6, 8, 9, 10]], ""batch_size"": 64, ""num_workers"": 0, ""epochs"": 100, ""early_stopping_patience"": 30, ""lr"": 0.001, ""weight_decay"": 0.0001, ""optimizer"": ""adam"", ""grad_clip"": 1.0, ""lr_scheduler"": ""cosine"", ""lr_min"": 1e-05, ""latent_dim"": 64, ""head_hidden"": 32, ""groups"": [{""name"": ""cleveland"", ""encoder"": ""mlp_tabular_ln"", ""input_dim"": 10, ""hidden_dim"": 64, ""dropout"": 0.1}, {""name"": ""hungarian"", ""encoder"": ""mlp_tabular_ln"", ""input_dim"": 8, ""hidden_dim"": 64, ""dropout"": 0.1}, {""name"": ""switzerland"", ""encoder"": ""mlp_tabular_ln"", ""input_dim"": 8, ""hidden_dim"": 64, ""dropout"": 0.1}, {""name"": ""va_long_beach"", ""encoder"": ""mlp_tabular_ln"", ""input_dim"": 9, ""hidden_dim"": 64, ""dropout"": 0.1}], ""anchor_eps"": 0.0001, ""sep_samples_per_class"": 4, ""sep_method"": ""classifier"", ""sep_margin"": 1.0, ""lambda_fit"": 0.01, ""lambda_sep"": 0.01, ""groupdro_enabled"": true, ""groupdro_eta"": 2.0, ""groupdro_gamma"": 0.9, ""groupdro_update_mode"": ""softmax"", ""groupdro_objective"": ""weighted"", ""groupdro_kl_lambda"": 0.0, ""groupdro_uniform_init"": true, ""log_interval"": 20, ""save_every"": 10, ""val_frac"": 0.2, ""common_encoder"": false, ""use_regret"": true, ""optimal_losses"": [0.49934679966136675, 0.5924033531758973, 0.4240419712328326, 1.4799922526387188], ""data_split_seed"": 1001}","{""num_groups"": 4, ""num_classes"": 2, ""train_total"": 404, ""test_total"": 150, ""train_group_counts"": [193, 166, 20, 25], ""test_group_counts"": [61, 53, 10, 26], ""train_class_counts"": [215, 189], ""test_class_counts"": [72, 78], ""train_group_class_counts"": [[104, 89], [104, 62], [1, 19], [6, 19]], ""test_group_class_counts"": [[33, 28], [33, 20], [0, 10], [6, 20]], ""group_proportions"": [0.4777227722772277, 0.41089108910891087, 0.04950495049504951, 0.06188118811881188], ""val_group_counts"": [49, 42, 8, 21], ""val_total"": 120}","{""num_groups"": 4, ""eta"": 2.0, ""update_mode"": ""softmax"", ""robust_objective"": ""weighted"", ""gamma"": 0.9, ""kl_lambda"": 0.0, ""initial_pi"": [0.47772276401519775, 0.4108910858631134, 0.049504950642585754, 0.06188118830323219]}",2026-09-15T04:52:08.492433,36,0.19464952995379767,0.8932291666666666,0.001,0.7733333333333333,0.8146131242713365,0.7307692307692307,1.0,"[0.7540983606557377, 0.7735849056603774, 1.0, 0.7307692307692307]","[0.4884595124692213, 0.5399844032835286, 0.0026771191507577894, 1.218733473802366]","[0.8055555555555556, 0.7435897435897436]","[[0.7878787878787878, 0.7142857142857143], [0.9090909090909091, 0.55], [null, 1.0], [0.3333333333333333, 0.85]]","[61, 53, 10, 26]",0.7733333333333334,"[0.7516960651289009, 0.7401960784313725, 0.5, 0.5964523281596452]",0.5,1.218733473802366,0.7833333333333333,0.8188775510204082,0.7142857142857143,1.0,"[0.7755102040816326, 0.7857142857142857, 1.0, 0.7142857142857143]","[0.5083784012656126, 0.4850951654038259, 0.005127732139953878, 1.9482102777928092]","[0.7758620689655172, 0.7903225806451613]","[[0.7407407407407407, 0.8181818181818182], [0.9615384615384616, 0.5], [null, 1.0], [0.0, 0.9375]]","[49, 42, 8, 21]",0.7830923248053394,"[0.7751355861493534, 0.7437288135593221, 0.5, 0.4166666666666667]",0.4166666666666667,1.9482102777928092,"[0.25, 0.25, 0.25, 0.25]","[0.2735567291577657, 0.35749005277951557, 0.0029002712690271437, 0.02287418071258192]","[0.25, 0.25, 0.25, 0.25]","[0.47772276401519775, 0.4108910858631134, 0.049504950642585754, 0.06188118830323219]",0.0
"{""run_name"": ""fedheart_exp_paper_hetagg_gdro"", ""seed"": 7, ""run_dir"": ""runs/sweep_fedheart/Ours_Regret_c2_s7_f1"", ""use_fedheart"": true, ""num_classes"": 2, ""stratified_batching"": true, ""train_frac"": 0.8, ""group_max_train_samples"": [null, null, 20, 25], ""true_hetero_input_dim"": true, ""feature_mask"": [[0, 1, 2, 3, 5, 6, 7, 8, 9, 10], [0, 1, 2, 3, 5, 6, 11, 12], [0, 1, 2, 4, 5, 7, 11, 12], [0, 1, 2, 4, 5, 6, 8, 9, 10]], ""batch_size"": 64, ""num_workers"": 0, ""epochs"": 100, ""early_stopping_patience"": 30, ""lr"": 0.001, ""weight_decay"": 0.0001, ""optimizer"": ""adam"", ""grad_clip"": 1.0, ""lr_scheduler"": ""cosine"", ""lr_min"": 1e-05, ""latent_dim"": 64, ""head_hidden"": 32, ""groups"": [{""name"": ""cleveland"", ""encoder"": ""mlp_tabular_ln"", ""input_dim"": 10, ""hidden_dim"": 64, ""dropout"": 0.1}, {""name"": ""hungarian"", ""encoder"": ""mlp_tabular_ln"", ""input_dim"": 8, ""hidden_dim"": 64, ""dropout"": 0.1}, {""name"": ""switzerland"", ""encoder"": ""mlp_tabular_ln"", ""input_dim"": 8, ""hidden_dim"": 64, ""dropout"": 0.1}, {""name"": ""va_long_beach"", ""encoder"": ""mlp_tabular_ln"", ""input_dim"": 9, ""hidden_dim"": 64, ""dropout"": 0.1}], ""anchor_eps"": 0.0001, ""sep_samples_per_class"": 4, ""sep_method"": ""classifier"", ""sep_margin"": 1.0, ""lambda_fit"": 0.01, ""lambda_sep"": 0.01, ""groupdro_enabled"": true, ""groupdro_eta"": 2.0, ""groupdro_gamma"": 0.9, ""groupdro_update_mode"": ""softmax"", ""groupdro_objective"": ""weighted"", ""groupdro_kl_lambda"": 0.0, ""groupdro_uniform_init"": true, ""log_interval"": 20, ""save_every"": 10, ""val_frac"": 0.2, ""common_encoder"": false, ""use_regret"": true, ""optimal_losses"": [0.49934679966136675, 0.5924033531758973, 0.4240419712328326, 1.4799922526387188], ""data_split_seed"": 1001}","{""num_groups"": 4, ""num_classes"": 2, ""train_total"": 404, ""test_total"": 150, ""train_group_counts"": [193, 166, 20, 25], ""test_group_counts"": [61, 53, 10, 26], ""train_class_counts"": [215, 189], ""test_class_counts"": [72, 78], ""train_group_class_counts"": [[104, 89], [104, 62], [1, 19], [6, 19]], ""test_group_class_counts"": [[33, 28], [33, 20], [0, 10], [6, 20]], ""group_proportions"": [0.4777227722772277, 0.41089108910891087, 0.04950495049504951, 0.06188118811881188], ""val_group_counts"": [49, 42, 8, 21], ""val_total"": 120}","{""num_groups"": 4, ""eta"": 2.0, ""update_mode"": ""softmax"", ""robust_objective"": ""weighted"", ""gamma"": 0.9, ""kl_lambda"": 0.0, ""initial_pi"": [0.47772276401519775, 0.4108910858631134, 0.049504950642585754, 0.06188118830323219]}",2026-09-15T04:52:08.492433,37,0.20747738579909006,0.8776041666666666,0.001,0.7666666666666667,0.809896143139261,0.7307692307692307,1.0,"[0.7540983606557377, 0.7547169811320755, 1.0, 0.7307692307692307]","[0.49663907101713733, 0.5424001526333532, 0.0026751686003990472, 1.2200228394179318]","[0.7638888888888888, 0.7692307692307693]","[[0.7575757575757576, 0.75], [0.8484848484848485, 0.6], [null, 1.0], [0.3333333333333333, 0.85]]","[61, 53, 10, 26]",0.7664071190211346,"[0.7530364372469636, 0.7301214257735996, 0.5, 0.5964523281596452]",0.5,1.2200228394179318,0.7916666666666666,0.8248299319727891,0.7142857142857143,1.0,"[0.7755102040816326, 0.8095238095238095, 1.0, 0.7142857142857143]","[0.5156792939678595, 0.47043338750622105, 0.005235654763964703, 1.9189310518212594]","[0.7758620689655172, 0.8064516129032258]","[[0.7407407407407407, 0.8181818181818182], [0.9615384615384616, 0.5625], [null, 1.0], [0.0, 0.9375]]","[49, 42, 8, 21]",0.791304347826087,"[0.7751355861493534, 0.7771883289124668, 0.5, 0.4166666666666667]",0.4166666666666667,1.9189310518212594,"[0.25, 0.25, 0.25, 0.25]","[0.29827889303366345, 0.346311683456103, 0.019888692719784256, 0.04721868577568481]","[0.25, 0.25, 0.25, 0.25]","[0.47772276401519775, 0.4108910858631134, 0.049504950642585754, 0.06188118830323219]",0.0
"{""run_name"": ""fedheart_exp_paper_hetagg_gdro"", ""seed"": 7, ""run_dir"": ""runs/sweep_fedheart/Ours_Regret_c2_s7_f1"", ""use_fedheart"": true, ""num_classes"": 2, ""stratified_batching"": true, ""train_frac"": 0.8, ""group_max_train_samples"": [null, null, 20, 25], ""true_hetero_input_dim"": true, ""feature_mask"": [[0, 1, 2, 3, 5, 6, 7, 8, 9, 10], [0, 1, 2, 3, 5, 6, 11, 12], [0, 1, 2, 4, 5, 7, 11, 12], [0, 1, 2, 4, 5, 6, 8, 9, 10]], ""batch_size"": 64, ""num_workers"": 0, ""epochs"": 100, ""early_stopping_patience"": 30, ""lr"": 0.001, ""weight_decay"": 0.0001, ""optimizer"": ""adam"", ""grad_clip"": 1.0, ""lr_scheduler"": ""cosine"", ""lr_min"": 1e-05, ""latent_dim"": 64, ""head_hidden"": 32, ""groups"": [{""name"": ""cleveland"", ""encoder"": ""mlp_tabular_ln"", ""input_dim"": 10, ""hidden_dim"": 64, ""dropout"": 0.1}, {""name"": ""hungarian"", ""encoder"": ""mlp_tabular_ln"", ""input_dim"": 8, ""hidden_dim"": 64, ""dropout"": 0.1}, {""name"": ""switzerland"", ""encoder"": ""mlp_tabular_ln"", ""input_dim"": 8, ""hidden_dim"": 64, ""dropout"": 0.1}, {""name"": ""va_long_beach"", ""encoder"": ""mlp_tabular_ln"", ""input_dim"": 9, ""hidden_dim"": 64, ""dropout"": 0.1}], ""anchor_eps"": 0.0001, ""sep_samples_per_class"": 4, ""sep_method"": ""classifier"", ""sep_margin"": 1.0, ""lambda_fit"": 0.01, ""lambda_sep"": 0.01, ""groupdro_enabled"": true, ""groupdro_eta"": 2.0, ""groupdro_gamma"": 0.9, ""groupdro_update_mode"": ""softmax"", ""groupdro_objective"": ""weighted"", ""groupdro_kl_lambda"": 0.0, ""groupdro_uniform_init"": true, ""log_interval"": 20, ""save_every"": 10, ""val_frac"": 0.2, ""common_encoder"": false, ""use_regret"": true, ""optimal_losses"": [0.49934679966136675, 0.5924033531758973, 0.4240419712328326, 1.4799922526387188], ""data_split_seed"": 1001}","{""num_groups"": 4, ""num_classes"": 2, ""train_total"": 404, ""test_total"": 150, ""train_group_counts"": [193, 166, 20, 25], ""test_group_counts"": [61, 53, 10, 26], ""train_class_counts"": [215, 189], ""test_class_counts"": [72, 78], ""train_group_class_counts"": [[104, 89], [104, 62], [1, 19], [6, 19]], ""test_group_class_counts"": [[33, 28], [33, 20], [0, 10], [6, 20]], ""group_proportions"": [0.4777227722772277, 0.41089108910891087, 0.04950495049504951, 0.06188118811881188], ""val_group_counts"": [49, 42, 8, 21], ""val_total"": 120}","{""num_groups"": 4, ""eta"": 2.0, ""update_mode"": ""softmax"", ""robust_objective"": ""weighted"", ""gamma"": 0.9, ""kl_lambda"": 0.0, ""initial_pi"": [0.47772276401519775, 0.4108910858631134, 0.049504950642585754, 0.06188118830323219]}",2026-09-15T04:52:08.492433,38,0.2089893122514089,0.8723958333333334,0.001,0.7666666666666667,0.809896143139261,0.7307692307692307,1.0,"[0.7540983606557377, 0.7547169811320755, 1.0, 0.7307692307692307]","[0.4973137973746682, 0.5424813226497961, 0.003528404131066054, 1.2042421739153304]","[0.7638888888888888, 0.7692307692307693]","[[0.7575757575757576, 0.75], [0.8484848484848485, 0.6], [null, 1.0], [0.3333333333333333, 0.85]]","[61, 53, 10, 26]",0.7664071190211346,"[0.7530364372469636, 0.7301214257735996, 0.5, 0.5964523281596452]",0.5,1.2042421739153304,0.7833333333333333,0.8188775510204082,0.7142857142857143,1.0,"[0.7755102040816326, 0.7857142857142857, 1.0, 0.7142857142857143]","[0.5070888501668007, 0.48325361322522875, 0.00758546245197067, 1.8743813178984314]","[0.7758620689655172, 0.7903225806451613]","[[0.7407407407407407, 0.8181818181818182], [0.9615384615384616, 0.5], [null, 1.0], [0.0, 0.9375]]","[49, 42, 8, 21]",0.7830923248053394,"[0.7751355861493534, 0.7437288135593221, 0.5, 0.4166666666666667]",0.4166666666666667,1.8743813178984314,"[0.25, 0.25, 0.25, 0.25]","[0.2554399023453395, 0.3872603476047516, 0.052930338764175154, 0.02515458969476943]","[0.25, 0.25, 0.25, 0.25]","[0.47772276401519775, 0.4108910858631134, 0.049504950642585754, 0.06188118830323219]",0.0
"{""run_name"": ""fedheart_exp_paper_hetagg_gdro"", ""seed"": 7, ""run_dir"": ""runs/sweep_fedheart/Ours_Regret_c2_s7_f1"", ""use_fedheart"": true, ""num_classes"": 2, ""stratified_batching"": true, ""train_frac"": 0.8, ""group_max_train_samples"": [null, null, 20, 25], ""true_hetero_input_dim"": true, ""feature_mask"": [[0, 1, 2, 3, 5, 6, 7, 8, 9, 10], [0, 1, 2, 3, 5, 6, 11, 12], [0, 1, 2, 4, 5, 7, 11, 12], [0, 1, 2, 4, 5, 6, 8, 9, 10]], ""batch_size"": 64, ""num_workers"": 0, ""epochs"": 100, ""early_stopping_patience"": 30, ""lr"": 0.001, ""weight_decay"": 0.0001, ""optimizer"": ""adam"", ""grad_clip"": 1.0, ""lr_scheduler"": ""cosine"", ""lr_min"": 1e-05, ""latent_dim"": 64, ""head_hidden"": 32, ""groups"": [{""name"": ""cleveland"", ""encoder"": ""mlp_tabular_ln"", ""input_dim"": 10, ""hidden_dim"": 64, ""dropout"": 0.1}, {""name"": ""hungarian"", ""encoder"": ""mlp_tabular_ln"", ""input_dim"": 8, ""hidden_dim"": 64, ""dropout"": 0.1}, {""name"": ""switzerland"", ""encoder"": ""mlp_tabular_ln"", ""input_dim"": 8, ""hidden_dim"": 64, ""dropout"": 0.1}, {""name"": ""va_long_beach"", ""encoder"": ""mlp_tabular_ln"", ""input_dim"": 9, ""hidden_dim"": 64, ""dropout"": 0.1}], ""anchor_eps"": 0.0001, ""sep_samples_per_class"": 4, ""sep_method"": ""classifier"", ""sep_margin"": 1.0, ""lambda_fit"": 0.01, ""lambda_sep"": 0.01, ""groupdro_enabled"": true, ""groupdro_eta"": 2.0, ""groupdro_gamma"": 0.9, ""groupdro_update_mode"": ""softmax"", ""groupdro_objective"": ""weighted"", ""groupdro_kl_lambda"": 0.0, ""groupdro_uniform_init"": true, ""log_interval"": 20, ""save_every"": 10, ""val_frac"": 0.2, ""common_encoder"": false, ""use_regret"": true, ""optimal_losses"": [0.49934679966136675, 0.5924033531758973, 0.4240419712328326, 1.4799922526387188], ""data_split_seed"": 1001}","{""num_groups"": 4, ""num_classes"": 2, ""train_total"": 404, ""test_total"": 150, ""train_group_counts"": [193, 166, 20, 25], ""test_group_counts"": [61, 53, 10, 26], ""train_class_counts"": [215, 189], ""test_class_counts"": [72, 78], ""train_group_class_counts"": [[104, 89], [104, 62], [1, 19], [6, 19]], ""test_group_class_counts"": [[33, 28], [33, 20], [0, 10], [6, 20]], ""group_proportions"": [0.4777227722772277, 0.41089108910891087, 0.04950495049504951, 0.06188118811881188], ""val_group_counts"": [49, 42, 8, 21], ""val_total"": 120}","{""num_groups"": 4, ""eta"": 2.0, ""update_mode"": ""softmax"", ""robust_objective"": ""weighted"", ""gamma"": 0.9, ""kl_lambda"": 0.0, ""initial_pi"": [0.47772276401519775, 0.4108910858631134, 0.049504950642585754, 0.06188118830323219]}",2026-09-15T04:52:08.492433,39,0.20431468139092127,0.8776041666666666,0.001,0.7866666666666666,0.8234284660591497,0.7307692307692307,1.0,"[0.7704918032786885, 0.7924528301886793, 1.0, 0.7307692307692307]","[0.5129071357201969, 0.5524101075979898, 0.0043205470778048035, 1.2186875950868012]","[0.8194444444444444, 0.7564102564102564]","[[0.7878787878787878, 0.75], [0.9393939393939394, 0.55], [null, 1.0], [0.3333333333333333, 0.85]]","[61, 53, 10, 26]",0.7866666666666666,"[0.7689393939393939, 0.7579908675799087, 0.5, 0.5964523281596452]",0.5,1.2186875950868012,0.7583333333333333,0.7899659863945578,0.6190476190476191,1.0,"[0.7551020408163265, 0.7857142857142857, 1.0, 0.6190476190476191]","[0.4992771427128084, 0.5219398488822792, 0.009789089242985938, 1.850326191631168]","[0.7758620689655172, 0.7419354838709677]","[[0.7407407407407407, 0.7727272727272727], [0.9615384615384616, 0.5], [null, 1.0], [0.0, 0.8125]]","[49, 42, 8, 21]",0.7583165497604001,"[0.754180602006689, 0.7437288135593221, 0.5, 0.38235294117647056]",0.38235294117647056,1.850326191631168,"[0.25, 0.25, 0.25, 0.25]","[0.29824188351631165, 0.32640696316957474, 0.03575329727997693, 0.04301591729745269]","[0.25, 0.25, 0.25, 0.25]","[0.47772276401519775, 0.4108910858631134, 0.049504950642585754, 0.06188118830323219]",0.0
"{""run_name"": ""fedheart_exp_paper_hetagg_gdro"", ""seed"": 7, ""run_dir"": ""runs/sweep_fedheart/Ours_Regret_c2_s7_f1"", ""use_fedheart"": true, ""num_classes"": 2, ""stratified_batching"": true, ""train_frac"": 0.8, ""group_max_train_samples"": [null, null, 20, 25], ""true_hetero_input_dim"": true, ""feature_mask"": [[0, 1, 2, 3, 5, 6, 7, 8, 9, 10], [0, 1, 2, 3, 5, 6, 11, 12], [0, 1, 2, 4, 5, 7, 11, 12], [0, 1, 2, 4, 5, 6, 8, 9, 10]], ""batch_size"": 64, ""num_workers"": 0, ""epochs"": 100, ""early_stopping_patience"": 30, ""lr"": 0.001, ""weight_decay"": 0.0001, ""optimizer"": ""adam"", ""grad_clip"": 1.0, ""lr_scheduler"": ""cosine"", ""lr_min"": 1e-05, ""latent_dim"": 64, ""head_hidden"": 32, ""groups"": [{""name"": ""cleveland"", ""encoder"": ""mlp_tabular_ln"", ""input_dim"": 10, ""hidden_dim"": 64, ""dropout"": 0.1}, {""name"": ""hungarian"", ""encoder"": ""mlp_tabular_ln"", ""input_dim"": 8, ""hidden_dim"": 64, ""dropout"": 0.1}, {""name"": ""switzerland"", ""encoder"": ""mlp_tabular_ln"", ""input_dim"": 8, ""hidden_dim"": 64, ""dropout"": 0.1}, {""name"": ""va_long_beach"", ""encoder"": ""mlp_tabular_ln"", ""input_dim"": 9, ""hidden_dim"": 64, ""dropout"": 0.1}], ""anchor_eps"": 0.0001, ""sep_samples_per_class"": 4, ""sep_method"": ""classifier"", ""sep_margin"": 1.0, ""lambda_fit"": 0.01, ""lambda_sep"": 0.01, ""groupdro_enabled"": true, ""groupdro_eta"": 2.0, ""groupdro_gamma"": 0.9, ""groupdro_update_mode"": ""softmax"", ""groupdro_objective"": ""weighted"", ""groupdro_kl_lambda"": 0.0, ""groupdro_uniform_init"": true, ""log_interval"": 20, ""save_every"": 10, ""val_frac"": 0.2, ""common_encoder"": false, ""use_regret"": true, ""optimal_losses"": [0.49934679966136675, 0.5924033531758973, 0.4240419712328326, 1.4799922526387188], ""data_split_seed"": 1001}","{""num_groups"": 4, ""num_classes"": 2, ""train_total"": 404, ""test_total"": 150, ""train_group_counts"": [193, 166, 20, 25], ""test_group_counts"": [61, 53, 10, 26], ""train_class_counts"": [215, 189], ""test_class_counts"": [72, 78], ""train_group_class_counts"": [[104, 89], [104, 62], [1, 19], [6, 19]], ""test_group_class_counts"": [[33, 28], [33, 20], [0, 10], [6, 20]], ""group_proportions"": [0.4777227722772277, 0.41089108910891087, 0.04950495049504951, 0.06188118811881188], ""val_group_counts"": [49, 42, 8, 21], ""val_total"": 120}","{""num_groups"": 4, ""eta"": 2.0, ""update_mode"": ""softmax"", ""robust_objective"": ""weighted"", ""gamma"": 0.9, ""kl_lambda"": 0.0, ""initial_pi"": [0.47772276401519775, 0.4108910858631134, 0.049504950642585754, 0.06188118830323219]}",2026-09-15T04:52:08.492433,40,0.19019120434919992,0.8776041666666666,0.001,0.7733333333333333,0.8201301482309834,0.7377049180327869,1.0,"[0.7377049180327869, 0.7735849056603774, 1.0, 0.7692307692307693]","[0.5240718534933861, 0.5744598782357743, 0.004635996243450791, 1.242070837729513]","[0.8055555555555556, 0.7435897435897436]","[[0.7272727272727273, 0.75], [0.9393939393939394, 0.5], [null, 1.0], [0.5, 0.85]]","[61, 53, 10, 26]",0.7733333333333334,"[0.7370689655172413, 0.7314189189189189, 0.5, 0.675]",0.5,1.242070837729513,0.7583333333333333,0.7899659863945578,0.6190476190476191,1.0,"[0.7551020408163265, 0.7857142857142857, 1.0, 0.6190476190476191]","[0.49839418331085117, 0.5543562680083726, 0.010933341858617496, 1.8824582285929605]","[0.7758620689655172, 0.7419354838709677]","[[0.7407407407407407, 0.7727272727272727], [0.9615384615384616, 0.5], [null, 1.0], [0.0, 0.8125]]","[49, 42, 8, 21]",0.7583165497604001,"[0.754180602006689, 0.7437288135593221, 0.5, 0.38235294117647056]",0.38235294117647056,1.8824582285929605,"[0.25, 0.25, 0.25, 0.25]","[0.2781507099668185, 0.3458440527319908, 0.013089389792488268, 0.011623514195283255]","[0.25, 0.25, 0.25, 0.25]","[0.47772276401519775, 0.4108910858631134, 0.049504950642585754, 0.06188118830323219]",0.0
"{""run_name"": ""fedheart_exp_paper_hetagg_gdro"", ""seed"": 7, ""run_dir"": ""runs/sweep_fedheart/Ours_Regret_c2_s7_f1"", ""use_fedheart"": true, ""num_classes"": 2, ""stratified_batching"": true, ""train_frac"": 0.8, ""group_max_train_samples"": [null, null, 20, 25], ""true_hetero_input_dim"": true, ""feature_mask"": [[0, 1, 2, 3, 5, 6, 7, 8, 9, 10], [0, 1, 2, 3, 5, 6, 11, 12], [0, 1, 2, 4, 5, 7, 11, 12], [0, 1, 2, 4, 5, 6, 8, 9, 10]], ""batch_size"": 64, ""num_workers"": 0, ""epochs"": 100, ""early_stopping_patience"": 30, ""lr"": 0.001, ""weight_decay"": 0.0001, ""optimizer"": ""adam"", ""grad_clip"": 1.0, ""lr_scheduler"": ""cosine"", ""lr_min"": 1e-05, ""latent_dim"": 64, ""head_hidden"": 32, ""groups"": [{""name"": ""cleveland"", ""encoder"": ""mlp_tabular_ln"", ""input_dim"": 10, ""hidden_dim"": 64, ""dropout"": 0.1}, {""name"": ""hungarian"", ""encoder"": ""mlp_tabular_ln"", ""input_dim"": 8, ""hidden_dim"": 64, ""dropout"": 0.1}, {""name"": ""switzerland"", ""encoder"": ""mlp_tabular_ln"", ""input_dim"": 8, ""hidden_dim"": 64, ""dropout"": 0.1}, {""name"": ""va_long_beach"", ""encoder"": ""mlp_tabular_ln"", ""input_dim"": 9, ""hidden_dim"": 64, ""dropout"": 0.1}], ""anchor_eps"": 0.0001, ""sep_samples_per_class"": 4, ""sep_method"": ""classifier"", ""sep_margin"": 1.0, ""lambda_fit"": 0.01, ""lambda_sep"": 0.01, ""groupdro_enabled"": true, ""groupdro_eta"": 2.0, ""groupdro_gamma"": 0.9, ""groupdro_update_mode"": ""softmax"", ""groupdro_objective"": ""weighted"", ""groupdro_kl_lambda"": 0.0, ""groupdro_uniform_init"": true, ""log_interval"": 20, ""save_every"": 10, ""val_frac"": 0.2, ""common_encoder"": false, ""use_regret"": true, ""optimal_losses"": [0.49934679966136675, 0.5924033531758973, 0.4240419712328326, 1.4799922526387188], ""data_split_seed"": 1001}","{""num_groups"": 4, ""num_classes"": 2, ""train_total"": 404, ""test_total"": 150, ""train_group_counts"": [193, 166, 20, 25], ""test_group_counts"": [61, 53, 10, 26], ""train_class_counts"": [215, 189], ""test_class_counts"": [72, 78], ""train_group_class_counts"": [[104, 89], [104, 62], [1, 19], [6, 19]], ""test_group_class_counts"": [[33, 28], [33, 20], [0, 10], [6, 20]], ""group_proportions"": [0.4777227722772277, 0.41089108910891087, 0.04950495049504951, 0.06188118811881188], ""val_group_counts"": [49, 42, 8, 21], ""val_total"": 120}","{""num_groups"": 4, ""eta"": 2.0, ""update_mode"": ""softmax"", ""robust_objective"": ""weighted"", ""gamma"": 0.9, ""kl_lambda"": 0.0, ""initial_pi"": [0.47772276401519775, 0.4108910858631134, 0.049504950642585754, 0.06188118830323219]}",2026-09-15T04:52:08.492433,41,0.1877117728193601,0.8880208333333334,0.001,0.78,0.8187114849270741,0.7307692307692307,1.0,"[0.7704918032786885, 0.7735849056603774, 1.0, 0.7307692307692307]","[0.5317056081486774, 0.563509953823292, 0.004564949357882142, 1.2494782047043163]","[0.7777777777777778, 0.782051282051282]","[[0.7272727272727273, 0.8214285714285714], [0.9090909090909091, 0.55], [null, 1.0], [0.3333333333333333, 0.85]]","[61, 53, 10, 26]",0.7797552836484983,"[0.7704301075268817, 0.7401960784313725, 0.5, 0.5964523281596452]",0.5,1.2494782047043163,0.7666666666666667,0.8018707482993197,0.6666666666666666,1.0,"[0.7551020408163265, 0.7857142857142857, 1.0, 0.6666666666666666]","[0.527750102441986, 0.5167806962105844, 0.011082617129432037, 1.9158418963419361]","[0.7586206896551724, 0.7741935483870968]","[[0.7037037037037037, 0.8181818181818182], [0.9615384615384616, 0.5], [null, 1.0], [0.0, 0.875]]","[49, 42, 8, 21]",0.7664071190211346,"[0.7550000000000001, 0.7437288135593221, 0.5, 0.39999999999999997]",0.39999999999999997,1.9158418963419361,"[0.25, 0.25, 0.25, 0.25]","[0.26919754097859067, 0.3567356864611308, 0.00870891623587037, 0.010439581470564008]","[0.25, 0.25, 0.25, 0.25]","[0.47772276401519775, 0.4108910858631134, 0.049504950642585754, 0.06188118830323219]",0.0
"{""run_name"": ""fedheart_exp_paper_hetagg_gdro"", ""seed"": 7, ""run_dir"": ""runs/sweep_fedheart/Ours_Regret_c2_s7_f1"", ""use_fedheart"": true, ""num_classes"": 2, ""stratified_batching"": true, ""train_frac"": 0.8, ""group_max_train_samples"": [null, null, 20, 25], ""true_hetero_input_dim"": true, ""feature_mask"": [[0, 1, 2, 3, 5, 6, 7, 8, 9, 10], [0, 1, 2, 3, 5, 6, 11, 12], [0, 1, 2, 4, 5, 7, 11, 12], [0, 1, 2, 4, 5, 6, 8, 9, 10]], ""batch_size"": 64, ""num_workers"": 0, ""epochs"": 100, ""early_stopping_patience"": 30, ""lr"": 0.001, ""weight_decay"": 0.0001, ""optimizer"": ""adam"", ""grad_clip"": 1.0, ""lr_scheduler"": ""cosine"", ""lr_min"": 1e-05, ""latent_dim"": 64, ""head_hidden"": 32, ""groups"": [{""name"": ""cleveland"", ""encoder"": ""mlp_tabular_ln"", ""input_dim"": 10, ""hidden_dim"": 64, ""dropout"": 0.1}, {""name"": ""hungarian"", ""encoder"": ""mlp_tabular_ln"", ""input_dim"": 8, ""hidden_dim"": 64, ""dropout"": 0.1}, {""name"": ""switzerland"", ""encoder"": ""mlp_tabular_ln"", ""input_dim"": 8, ""hidden_dim"": 64, ""dropout"": 0.1}, {""name"": ""va_long_beach"", ""encoder"": ""mlp_tabular_ln"", ""input_dim"": 9, ""hidden_dim"": 64, ""dropout"": 0.1}], ""anchor_eps"": 0.0001, ""sep_samples_per_class"": 4, ""sep_method"": ""classifier"", ""sep_margin"": 1.0, ""lambda_fit"": 0.01, ""lambda_sep"": 0.01, ""groupdro_enabled"": true, ""groupdro_eta"": 2.0, ""groupdro_gamma"": 0.9, ""groupdro_update_mode"": ""softmax"", ""groupdro_objective"": ""weighted"", ""groupdro_kl_lambda"": 0.0, ""groupdro_uniform_init"": true, ""log_interval"": 20, ""save_every"": 10, ""val_frac"": 0.2, ""common_encoder"": false, ""use_regret"": true, ""optimal_losses"": [0.49934679966136675, 0.5924033531758973, 0.4240419712328326, 1.4799922526387188], ""data_split_seed"": 1001}","{""num_groups"": 4, ""num_classes"": 2, ""train_total"": 404, ""test_total"": 150, ""train_group_counts"": [193, 166, 20, 25], ""test_group_counts"": [61, 53, 10, 26], ""train_class_counts"": [215, 189], ""test_class_counts"": [72, 78], ""train_group_class_counts"": [[104, 89], [104, 62], [1, 19], [6, 19]], ""test_group_class_counts"": [[33, 28], [33, 20], [0, 10], [6, 20]], ""group_proportions"": [0.4777227722772277, 0.41089108910891087, 0.04950495049504951, 0.06188118811881188], ""val_group_counts"": [49, 42, 8, 21], ""val_total"": 120}","{""num_groups"": 4, ""eta"": 2.0, ""update_mode"": ""softmax"", ""robust_objective"": ""weighted"", ""gamma"": 0.9, ""kl_lambda"": 0.0, ""initial_pi"": [0.47772276401519775, 0.4108910858631134, 0.049504950642585754, 0.06188118830323219]}",2026-09-15T04:52:08.492433,42,0.18114174902439117,0.8828125,0.001,0.78,0.8187114849270741,0.7307692307692307,1.0,"[0.7704918032786885, 0.7735849056603774, 1.0, 0.7307692307692307]","[0.5343174900569511, 0.5588239354591044, 0.0034061914193443954, 1.257644853027299]","[0.7777777777777778, 0.782051282051282]","[[0.7272727272727273, 0.8214285714285714], [0.9090909090909091, 0.55], [null, 1.0], [0.3333333333333333, 0.85]]","[61, 53, 10, 26]",0.7797552836484983,"[0.7704301075268817, 0.7401960784313725, 0.5, 0.5964523281596452]",0.5,1.257644853027299,0.7666666666666667,0.8018707482993197,0.6666666666666666,1.0,"[0.7551020408163265, 0.7857142857142857, 1.0, 0.6666666666666666]","[0.5387126208777179, 0.4910930216844593, 0.00797576469994965, 1.9459920969564424]","[0.7586206896551724, 0.7741935483870968]","[[0.7037037037037037, 0.8181818181818182], [0.9615384615384616, 0.5], [null, 1.0], [0.0, 0.875]]","[49, 42, 8, 21]",0.7664071190211346,"[0.7550000000000001, 0.7437288135593221, 0.5, 0.39999999999999997]",0.39999999999999997,1.9459920969564424,"[0.25, 0.25, 0.25, 0.25]","[0.2596752966443698, 0.33982207377751666, 0.014552564098266885, 0.006504694484950353]","[0.25, 0.25, 0.25, 0.25]","[0.47772276401519775, 0.4108910858631134, 0.049504950642585754, 0.06188118830323219]",0.0
"{""run_name"": ""fedheart_exp_paper_hetagg_gdro"", ""seed"": 7, ""run_dir"": ""runs/sweep_fedheart/Ours_Regret_c2_s7_f1"", ""use_fedheart"": true, ""num_classes"": 2, ""stratified_batching"": true, ""train_frac"": 0.8, ""group_max_train_samples"": [null, null, 20, 25], ""true_hetero_input_dim"": true, ""feature_mask"": [[0, 1, 2, 3, 5, 6, 7, 8, 9, 10], [0, 1, 2, 3, 5, 6, 11, 12], [0, 1, 2, 4, 5, 7, 11, 12], [0, 1, 2, 4, 5, 6, 8, 9, 10]], ""batch_size"": 64, ""num_workers"": 0, ""epochs"": 100, ""early_stopping_patience"": 30, ""lr"": 0.001, ""weight_decay"": 0.0001, ""optimizer"": ""adam"", ""grad_clip"": 1.0, ""lr_scheduler"": ""cosine"", ""lr_min"": 1e-05, ""latent_dim"": 64, ""head_hidden"": 32, ""groups"": [{""name"": ""cleveland"", ""encoder"": ""mlp_tabular_ln"", ""input_dim"": 10, ""hidden_dim"": 64, ""dropout"": 0.1}, {""name"": ""hungarian"", ""encoder"": ""mlp_tabular_ln"", ""input_dim"": 8, ""hidden_dim"": 64, ""dropout"": 0.1}, {""name"": ""switzerland"", ""encoder"": ""mlp_tabular_ln"", ""input_dim"": 8, ""hidden_dim"": 64, ""dropout"": 0.1}, {""name"": ""va_long_beach"", ""encoder"": ""mlp_tabular_ln"", ""input_dim"": 9, ""hidden_dim"": 64, ""dropout"": 0.1}], ""anchor_eps"": 0.0001, ""sep_samples_per_class"": 4, ""sep_method"": ""classifier"", ""sep_margin"": 1.0, ""lambda_fit"": 0.01, ""lambda_sep"": 0.01, ""groupdro_enabled"": true, ""groupdro_eta"": 2.0, ""groupdro_gamma"": 0.9, ""groupdro_update_mode"": ""softmax"", ""groupdro_objective"": ""weighted"", ""groupdro_kl_lambda"": 0.0, ""groupdro_uniform_init"": true, ""log_interval"": 20, ""save_every"": 10, ""val_frac"": 0.2, ""common_encoder"": false, ""use_regret"": true, ""optimal_losses"": [0.49934679966136675, 0.5924033531758973, 0.4240419712328326, 1.4799922526387188], ""data_split_seed"": 1001}","{""num_groups"": 4, ""num_classes"": 2, ""train_total"": 404, ""test_total"": 150, ""train_group_counts"": [193, 166, 20, 25], ""test_group_counts"": [61, 53, 10, 26], ""train_class_counts"": [215, 189], ""test_class_counts"": [72, 78], ""train_group_class_counts"": [[104, 89], [104, 62], [1, 19], [6, 19]], ""test_group_class_counts"": [[33, 28], [33, 20], [0, 10], [6, 20]], ""group_proportions"": [0.4777227722772277, 0.41089108910891087, 0.04950495049504951, 0.06188118811881188], ""val_group_counts"": [49, 42, 8, 21], ""val_total"": 120}","{""num_groups"": 4, ""eta"": 2.0, ""update_mode"": ""softmax"", ""robust_objective"": ""weighted"", ""gamma"": 0.9, ""kl_lambda"": 0.0, ""initial_pi"": [0.47772276401519775, 0.4108910858631134, 0.049504950642585754, 0.06188118830323219]}",2026-09-15T04:52:08.492433,43,0.1734212264418602,0.8802083333333334,0.001,0.7866666666666666,0.8228098455828119,0.7307692307692307,1.0,"[0.7868852459016393, 0.7735849056603774, 1.0, 0.7307692307692307]","[0.520088957156986, 0.5665817844839591, 0.0027728918008506297, 1.2673532560076217]","[0.7916666666666666, 0.782051282051282]","[[0.7575757575757576, 0.8214285714285714], [0.9090909090909091, 0.55], [null, 1.0], [0.3333333333333333, 0.85]]","[61, 53, 10, 26]",0.7865148550080057,"[0.7866559052999732, 0.7401960784313725, 0.5, 0.5964523281596452]",0.5,1.2673532560076217,0.7666666666666667,0.8018707482993197,0.6666666666666666,1.0,"[0.7551020408163265, 0.7857142857142857, 1.0, 0.6666666666666666]","[0.5301153595863405, 0.5076995013459098, 0.006292732876318041, 1.983124681102622]","[0.7586206896551724, 0.7741935483870968]","[[0.7037037037037037, 0.8181818181818182], [0.9615384615384616, 0.5], [null, 1.0], [0.0, 0.875]]","[49, 42, 8, 21]",0.7664071190211346,"[0.7550000000000001, 0.7437288135593221, 0.5, 0.39999999999999997]",0.39999999999999997,1.983124681102622,"[0.25, 0.25, 0.25, 0.25]","[0.23376619815826416, 0.33398202806711197, 0.009614399896236137, 0.014045982427584628]","[0.25, 0.25, 0.25, 0.25]","[0.47772276401519775, 0.4108910858631134, 0.049504950642585754, 0.06188118830323219]",0.0
"{""run_name"": ""fedheart_exp_paper_hetagg_gdro"", ""seed"": 7, ""run_dir"": ""runs/sweep_fedheart/Ours_Regret_c2_s7_f1"", ""use_fedheart"": true, ""num_classes"": 2, ""stratified_batching"": true, ""train_frac"": 0.8, ""group_max_train_samples"": [null, null, 20, 25], ""true_hetero_input_dim"": true, ""feature_mask"": [[0, 1, 2, 3, 5, 6, 7, 8, 9, 10], [0, 1, 2, 3, 5, 6, 11, 12], [0, 1, 2, 4, 5, 7, 11, 12], [0, 1, 2, 4, 5, 6, 8, 9, 10]], ""batch_size"": 64, ""num_workers"": 0, ""epochs"": 100, ""early_stopping_patience"": 30, ""lr"": 0.001, ""weight_decay"": 0.0001, ""optimizer"": ""adam"", ""grad_clip"": 1.0, ""lr_scheduler"": ""cosine"", ""lr_min"": 1e-05, ""latent_dim"": 64, ""head_hidden"": 32, ""groups"": [{""name"": ""cleveland"", ""encoder"": ""mlp_tabular_ln"", ""input_dim"": 10, ""hidden_dim"": 64, ""dropout"": 0.1}, {""name"": ""hungarian"", ""encoder"": ""mlp_tabular_ln"", ""input_dim"": 8, ""hidden_dim"": 64, ""dropout"": 0.1}, {""name"": ""switzerland"", ""encoder"": ""mlp_tabular_ln"", ""input_dim"": 8, ""hidden_dim"": 64, ""dropout"": 0.1}, {""name"": ""va_long_beach"", ""encoder"": ""mlp_tabular_ln"", ""input_dim"": 9, ""hidden_dim"": 64, ""dropout"": 0.1}], ""anchor_eps"": 0.0001, ""sep_samples_per_class"": 4, ""sep_method"": ""classifier"", ""sep_margin"": 1.0, ""lambda_fit"": 0.01, ""lambda_sep"": 0.01, ""groupdro_enabled"": true, ""groupdro_eta"": 2.0, ""groupdro_gamma"": 0.9, ""groupdro_update_mode"": ""softmax"", ""groupdro_objective"": ""weighted"", ""groupdro_kl_lambda"": 0.0, ""groupdro_uniform_init"": true, ""log_interval"": 20, ""save_every"": 10, ""val_frac"": 0.2, ""common_encoder"": false, ""use_regret"": true, ""optimal_losses"": [0.49934679966136675, 0.5924033531758973, 0.4240419712328326, 1.4799922526387188], ""data_split_seed"": 1001}","{""num_groups"": 4, ""num_classes"": 2, ""train_total"": 404, ""test_total"": 150, ""train_group_counts"": [193, 166, 20, 25], ""test_group_counts"": [61, 53, 10, 26], ""train_class_counts"": [215, 189], ""test_class_counts"": [72, 78], ""train_group_class_counts"": [[104, 89], [104, 62], [1, 19], [6, 19]], ""test_group_class_counts"": [[33, 28], [33, 20], [0, 10], [6, 20]], ""group_proportions"": [0.4777227722772277, 0.41089108910891087, 0.04950495049504951, 0.06188118811881188], ""val_group_counts"": [49, 42, 8, 21], ""val_total"": 120}","{""num_groups"": 4, ""eta"": 2.0, ""update_mode"": ""softmax"", ""robust_objective"": ""weighted"", ""gamma"": 0.9, ""kl_lambda"": 0.0, ""initial_pi"": [0.47772276401519775, 0.4108910858631134, 0.049504950642585754, 0.06188118830323219]}",2026-09-15T04:52:08.492433,44,0.1794862151145935,0.890625,0.001,0.7866666666666666,0.8228098455828119,0.7307692307692307,1.0,"[0.7868852459016393, 0.7735849056603774, 1.0, 0.7307692307692307]","[0.5153235376461364, 0.5831710301111188, 0.002308806689688936, 1.2783704607014583]","[0.7916666666666666, 0.782051282051282]","[[0.7575757575757576, 0.8214285714285714], [0.9090909090909091, 0.55], [null, 1.0], [0.3333333333333333, 0.85]]","[61, 53, 10, 26]",0.7865148550080057,"[0.7866559052999732, 0.7401960784313725, 0.5, 0.5964523281596452]",0.5,1.2783704607014583,0.775,0.8069727891156462,0.6666666666666666,1.0,"[0.7755102040816326, 0.7857142857142857, 1.0, 0.6666666666666666]","[0.5326524081601932, 0.531265396081532, 0.005054185112385312, 2.031163144659894]","[0.7758620689655172, 0.7741935483870968]","[[0.7407407407407407, 0.8181818181818182], [0.9615384615384616, 0.5], [null, 1.0], [0.0, 0.875]]","[49, 42, 8, 21]",0.7748592870544091,"[0.7751355861493534, 0.7437288135593221, 0.5, 0.39999999999999997]",0.39999999999999997,2.031163144659894,"[0.25, 0.25, 0.25, 0.25]","[0.25108157594998676, 0.3523865689833959, 0.010094750051697096, 0.0032831539089481034]","[0.25, 0.25, 0.25, 0.25]","[0.47772276401519775, 0.4108910858631134, 0.049504950642585754, 0.06188118830323219]",0.0
"{""run_name"": ""fedheart_exp_paper_hetagg_gdro"", ""seed"": 7, ""run_dir"": ""runs/sweep_fedheart/Ours_Regret_c2_s7_f1"", ""use_fedheart"": true, ""num_classes"": 2, ""stratified_batching"": true, ""train_frac"": 0.8, ""group_max_train_samples"": [null, null, 20, 25], ""true_hetero_input_dim"": true, ""feature_mask"": [[0, 1, 2, 3, 5, 6, 7, 8, 9, 10], [0, 1, 2, 3, 5, 6, 11, 12], [0, 1, 2, 4, 5, 7, 11, 12], [0, 1, 2, 4, 5, 6, 8, 9, 10]], ""batch_size"": 64, ""num_workers"": 0, ""epochs"": 100, ""early_stopping_patience"": 30, ""lr"": 0.001, ""weight_decay"": 0.0001, ""optimizer"": ""adam"", ""grad_clip"": 1.0, ""lr_scheduler"": ""cosine"", ""lr_min"": 1e-05, ""latent_dim"": 64, ""head_hidden"": 32, ""groups"": [{""name"": ""cleveland"", ""encoder"": ""mlp_tabular_ln"", ""input_dim"": 10, ""hidden_dim"": 64, ""dropout"": 0.1}, {""name"": ""hungarian"", ""encoder"": ""mlp_tabular_ln"", ""input_dim"": 8, ""hidden_dim"": 64, ""dropout"": 0.1}, {""name"": ""switzerland"", ""encoder"": ""mlp_tabular_ln"", ""input_dim"": 8, ""hidden_dim"": 64, ""dropout"": 0.1}, {""name"": ""va_long_beach"", ""encoder"": ""mlp_tabular_ln"", ""input_dim"": 9, ""hidden_dim"": 64, ""dropout"": 0.1}], ""anchor_eps"": 0.0001, ""sep_samples_per_class"": 4, ""sep_method"": ""classifier"", ""sep_margin"": 1.0, ""lambda_fit"": 0.01, ""lambda_sep"": 0.01, ""groupdro_enabled"": true, ""groupdro_eta"": 2.0, ""groupdro_gamma"": 0.9, ""groupdro_update_mode"": ""softmax"", ""groupdro_objective"": ""weighted"", ""groupdro_kl_lambda"": 0.0, ""groupdro_uniform_init"": true, ""log_interval"": 20, ""save_every"": 10, ""val_frac"": 0.2, ""common_encoder"": false, ""use_regret"": true, ""optimal_losses"": [0.49934679966136675, 0.5924033531758973, 0.4240419712328326, 1.4799922526387188], ""data_split_seed"": 1001}","{""num_groups"": 4, ""num_classes"": 2, ""train_total"": 404, ""test_total"": 150, ""train_group_counts"": [193, 166, 20, 25], ""test_group_counts"": [61, 53, 10, 26], ""train_class_counts"": [215, 189], ""test_class_counts"": [72, 78], ""train_group_class_counts"": [[104, 89], [104, 62], [1, 19], [6, 19]], ""test_group_class_counts"": [[33, 28], [33, 20], [0, 10], [6, 20]], ""group_proportions"": [0.4777227722772277, 0.41089108910891087, 0.04950495049504951, 0.06188118811881188], ""val_group_counts"": [49, 42, 8, 21], ""val_total"": 120}","{""num_groups"": 4, ""eta"": 2.0, ""update_mode"": ""softmax"", ""robust_objective"": ""weighted"", ""gamma"": 0.9, ""kl_lambda"": 0.0, ""initial_pi"": [0.47772276401519775, 0.4108910858631134, 0.049504950642585754, 0.06188118830323219]}",2026-09-15T04:52:08.492433,45,0.16332929705580077,0.8984375,0.001,0.78,0.8180928644507364,0.7307692307692307,1.0,"[0.7868852459016393, 0.7547169811320755, 1.0, 0.7307692307692307]","[0.523641089859159, 0.5832269193235574, 0.002522601542295888, 1.2815068645069494]","[0.7777777777777778, 0.782051282051282]","[[0.7575757575757576, 0.8214285714285714], [0.8787878787878788, 0.55], [null, 1.0], [0.3333333333333333, 0.85]]","[61, 53, 10, 26]",0.7797552836484983,"[0.7866559052999732, 0.7227364185110664, 0.5, 0.5964523281596452]",0.5,1.2815068645069494,0.775,0.8069727891156462,0.6666666666666666,1.0,"[0.7755102040816326, 0.7857142857142857, 1.0, 0.6666666666666666]","[0.5426581179704137, 0.5232157503875593, 0.005651795359881362, 2.051403267556452]","[0.7758620689655172, 0.7741935483870968]","[[0.7407407407407407, 0.8181818181818182], [0.9615384615384616, 0.5], [null, 1.0], [0.0, 0.875]]","[49, 42, 8, 21]",0.7748592870544091,"[0.7751355861493534, 0.7437288135593221, 0.5, 0.39999999999999997]",0.39999999999999997,2.051403267556452,"[0.25, 0.25, 0.25, 0.25]","[0.21890518814325333, 0.3253075107932091, 0.0069934862840455025, 0.0022635537413104125]","[0.25, 0.25, 0.25, 0.25]","[0.47772276401519775, 0.4108910858631134, 0.049504950642585754, 0.06188118830323219]",0.0
"{""run_name"": ""fedheart_exp_paper_hetagg_gdro"", ""seed"": 7, ""run_dir"": ""runs/sweep_fedheart/Ours_Regret_c2_s7_f1"", ""use_fedheart"": true, ""num_classes"": 2, ""stratified_batching"": true, ""train_frac"": 0.8, ""group_max_train_samples"": [null, null, 20, 25], ""true_hetero_input_dim"": true, ""feature_mask"": [[0, 1, 2, 3, 5, 6, 7, 8, 9, 10], [0, 1, 2, 3, 5, 6, 11, 12], [0, 1, 2, 4, 5, 7, 11, 12], [0, 1, 2, 4, 5, 6, 8, 9, 10]], ""batch_size"": 64, ""num_workers"": 0, ""epochs"": 100, ""early_stopping_patience"": 30, ""lr"": 0.001, ""weight_decay"": 0.0001, ""optimizer"": ""adam"", ""grad_clip"": 1.0, ""lr_scheduler"": ""cosine"", ""lr_min"": 1e-05, ""latent_dim"": 64, ""head_hidden"": 32, ""groups"": [{""name"": ""cleveland"", ""encoder"": ""mlp_tabular_ln"", ""input_dim"": 10, ""hidden_dim"": 64, ""dropout"": 0.1}, {""name"": ""hungarian"", ""encoder"": ""mlp_tabular_ln"", ""input_dim"": 8, ""hidden_dim"": 64, ""dropout"": 0.1}, {""name"": ""switzerland"", ""encoder"": ""mlp_tabular_ln"", ""input_dim"": 8, ""hidden_dim"": 64, ""dropout"": 0.1}, {""name"": ""va_long_beach"", ""encoder"": ""mlp_tabular_ln"", ""input_dim"": 9, ""hidden_dim"": 64, ""dropout"": 0.1}], ""anchor_eps"": 0.0001, ""sep_samples_per_class"": 4, ""sep_method"": ""classifier"", ""sep_margin"": 1.0, ""lambda_fit"": 0.01, ""lambda_sep"": 0.01, ""groupdro_enabled"": true, ""groupdro_eta"": 2.0, ""groupdro_gamma"": 0.9, ""groupdro_update_mode"": ""softmax"", ""groupdro_objective"": ""weighted"", ""groupdro_kl_lambda"": 0.0, ""groupdro_uniform_init"": true, ""log_interval"": 20, ""save_every"": 10, ""val_frac"": 0.2, ""common_encoder"": false, ""use_regret"": true, ""optimal_losses"": [0.49934679966136675, 0.5924033531758973, 0.4240419712328326, 1.4799922526387188], ""data_split_seed"": 1001}","{""num_groups"": 4, ""num_classes"": 2, ""train_total"": 404, ""test_total"": 150, ""train_group_counts"": [193, 166, 20, 25], ""test_group_counts"": [61, 53, 10, 26], ""train_class_counts"": [215, 189], ""test_class_counts"": [72, 78], ""train_group_class_counts"": [[104, 89], [104, 62], [1, 19], [6, 19]], ""test_group_class_counts"": [[33, 28], [33, 20], [0, 10], [6, 20]], ""group_proportions"": [0.4777227722772277, 0.41089108910891087, 0.04950495049504951, 0.06188118811881188], ""val_group_counts"": [49, 42, 8, 21], ""val_total"": 120}","{""num_groups"": 4, ""eta"": 2.0, ""update_mode"": ""softmax"", ""robust_objective"": ""weighted"", ""gamma"": 0.9, ""kl_lambda"": 0.0, ""initial_pi"": [0.47772276401519775, 0.4108910858631134, 0.049504950642585754, 0.06188118830323219]}",2026-09-15T04:52:08.492433,46,0.19386092573404312,0.8776041666666666,0.001,0.78,0.8187114849270741,0.7307692307692307,1.0,"[0.7704918032786885, 0.7735849056603774, 1.0, 0.7307692307692307]","[0.5332267899982265, 0.5887025989644792, 0.002827898267423734, 1.2800882500445228]","[0.7638888888888888, 0.7948717948717948]","[[0.7272727272727273, 0.8214285714285714], [0.8787878787878788, 0.6], [null, 1.0], [0.3333333333333333, 0.85]]","[61, 53, 10, 26]",0.7795198432141106,"[0.7704301075268817, 0.7476190476190475, 0.5, 0.5964523281596452]",0.5,1.2800882500445228,0.7666666666666667,0.8018707482993197,0.6666666666666666,1.0,"[0.7551020408163265, 0.7857142857142857, 1.0, 0.6666666666666666]","[0.560795880877888, 0.5203400227418613, 0.00648375130185741, 2.0562930313497505]","[0.7586206896551724, 0.7741935483870968]","[[0.7037037037037037, 0.8181818181818182], [0.9615384615384616, 0.5], [null, 1.0], [0.0, 0.875]]","[49, 42, 8, 21]",0.7664071190211346,"[0.7550000000000001, 0.7437288135593221, 0.5, 0.39999999999999997]",0.39999999999999997,2.0562930313497505,"[0.2556859254837036, 0.24810469150543213, 0.24810469150543213, 0.24810469150543213]","[0.3119291538993518, 0.35783659666776657, 0.0037463520420715213, 0.00267396547133103]","[0.25094765424728394, 0.24968411525090536, 0.24968411525090536, 0.24968411525090536]","[0.47772276401519775, 0.4108910858631134, 0.049504950642585754, 0.06188118830323219]",0.0
