config,dataset_info,groupdro_config,start_time,epoch,train_loss,train_acc,learning_rate,test_overall_acc,test_balanced_acc,test_worst_group_acc,test_best_group_acc,test_per_group_acc,test_per_group_loss,test_per_class_acc,test_per_group_per_class_acc,test_per_group_counts,test_overall_macro_f1,test_per_group_f1,test_worst_group_f1,test_worst_group_loss,groupdro_weights,train_per_group_loss,groupdro_weights_mean,groupdro_pi,groupdro_kl_penalty
"{""run_name"": ""fedheart_exp_paper_hetagg_gdro"", ""seed"": 1337, ""run_dir"": ""runs/fedheart_cv_lam0.3/Shared_Anchors_s1337_f0"", ""use_fedheart"": true, ""num_classes"": 2, ""stratified_batching"": true, ""train_frac"": 0.8, ""group_max_train_samples"": [null, null, 20, 25], ""true_hetero_input_dim"": true, ""feature_mask"": [[0, 1, 2, 3, 5, 6, 7, 8, 9, 10], [0, 1, 2, 3, 5, 6, 11, 12], [0, 1, 2, 4, 5, 7, 11, 12], [0, 1, 2, 4, 5, 6, 8, 9, 10]], ""batch_size"": 64, ""num_workers"": 0, ""epochs"": 100, ""early_stopping_patience"": 30, ""lr"": 0.001, ""weight_decay"": 0.0001, ""optimizer"": ""adam"", ""grad_clip"": 1.0, ""lr_scheduler"": ""cosine"", ""lr_min"": 1e-05, ""latent_dim"": 64, ""head_hidden"": 32, ""groups"": [{""name"": ""cleveland"", ""encoder"": ""mlp_tabular_ln"", ""input_dim"": 13, ""hidden_dim"": 64, ""dropout"": 0.1}, {""name"": ""hungarian"", ""encoder"": ""mlp_tabular_ln"", ""input_dim"": 13, ""hidden_dim"": 64, ""dropout"": 0.1}, {""name"": ""switzerland"", ""encoder"": ""mlp_tabular_ln"", ""input_dim"": 13, ""hidden_dim"": 64, ""dropout"": 0.1}, {""name"": ""va_long_beach"", ""encoder"": ""mlp_tabular_ln"", ""input_dim"": 13, ""hidden_dim"": 64, ""dropout"": 0.1}], ""anchor_eps"": 0.0001, ""sep_samples_per_class"": 4, ""sep_method"": ""classifier"", ""sep_margin"": 1.0, ""lambda_fit"": 0.3, ""lambda_sep"": 0.3, ""groupdro_enabled"": false, ""groupdro_eta"": 1.0, ""groupdro_gamma"": 0.9, ""groupdro_update_mode"": ""softmax"", ""groupdro_objective"": ""weighted"", ""groupdro_kl_lambda"": 0.0, ""groupdro_uniform_init"": true, ""log_interval"": 20, ""save_every"": 10, ""impute_missing"": true, ""common_encoder"": true, ""use_regret"": false, ""data_split_seed"": 1000}","{""num_groups"": 4, ""num_classes"": 2, ""train_total"": 522, ""test_total"": 185, ""train_group_counts"": [242, 235, 20, 25], ""test_group_counts"": [61, 59, 25, 40], ""train_class_counts"": [290, 232], ""test_class_counts"": [83, 102], ""train_group_class_counts"": [[131, 111], [150, 85], [2, 18], [7, 18]], ""test_group_class_counts"": [[33, 28], [38, 21], [2, 23], [10, 30]], ""group_proportions"": [0.46360153256704983, 0.4501915708812261, 0.038314176245210725, 0.04789272030651341]}",,2026-09-14T00:18:52.063254,1,10.257100760936737,0.583984375,0.001,0.5405405405405406,0.4755800222283968,0.2,0.7457627118644068,"[0.6065573770491803, 0.7457627118644068, 0.2, 0.35]","[0.6616770473660015, 0.6442775857650628, 0.7579154562950134, 0.7192875981330872]","[0.927710843373494, 0.22549019607843138]","[[0.9090909090909091, 0.25], [0.9473684210526315, 0.38095238095238093], [1.0, 0.13043478260869565], [0.9, 0.16666666666666666]]","[61, 59, 25, 40]",0.49774825130154265,"[0.5413533834586466, 0.671857619577308, 0.19871794871794873, 0.3434343434343434]",0.19871794871794873,0.7579154562950134,,"[NaN, NaN, NaN, NaN]",,,
"{""run_name"": ""fedheart_exp_paper_hetagg_gdro"", ""seed"": 1337, ""run_dir"": ""runs/fedheart_cv_lam0.3/Shared_Anchors_s1337_f0"", ""use_fedheart"": true, ""num_classes"": 2, ""stratified_batching"": true, ""train_frac"": 0.8, ""group_max_train_samples"": [null, null, 20, 25], ""true_hetero_input_dim"": true, ""feature_mask"": [[0, 1, 2, 3, 5, 6, 7, 8, 9, 10], [0, 1, 2, 3, 5, 6, 11, 12], [0, 1, 2, 4, 5, 7, 11, 12], [0, 1, 2, 4, 5, 6, 8, 9, 10]], ""batch_size"": 64, ""num_workers"": 0, ""epochs"": 100, ""early_stopping_patience"": 30, ""lr"": 0.001, ""weight_decay"": 0.0001, ""optimizer"": ""adam"", ""grad_clip"": 1.0, ""lr_scheduler"": ""cosine"", ""lr_min"": 1e-05, ""latent_dim"": 64, ""head_hidden"": 32, ""groups"": [{""name"": ""cleveland"", ""encoder"": ""mlp_tabular_ln"", ""input_dim"": 13, ""hidden_dim"": 64, ""dropout"": 0.1}, {""name"": ""hungarian"", ""encoder"": ""mlp_tabular_ln"", ""input_dim"": 13, ""hidden_dim"": 64, ""dropout"": 0.1}, {""name"": ""switzerland"", ""encoder"": ""mlp_tabular_ln"", ""input_dim"": 13, ""hidden_dim"": 64, ""dropout"": 0.1}, {""name"": ""va_long_beach"", ""encoder"": ""mlp_tabular_ln"", ""input_dim"": 13, ""hidden_dim"": 64, ""dropout"": 0.1}], ""anchor_eps"": 0.0001, ""sep_samples_per_class"": 4, ""sep_method"": ""classifier"", ""sep_margin"": 1.0, ""lambda_fit"": 0.3, ""lambda_sep"": 0.3, ""groupdro_enabled"": false, ""groupdro_eta"": 1.0, ""groupdro_gamma"": 0.9, ""groupdro_update_mode"": ""softmax"", ""groupdro_objective"": ""weighted"", ""groupdro_kl_lambda"": 0.0, ""groupdro_uniform_init"": true, ""log_interval"": 20, ""save_every"": 10, ""impute_missing"": true, ""common_encoder"": true, ""use_regret"": false, ""data_split_seed"": 1000}","{""num_groups"": 4, ""num_classes"": 2, ""train_total"": 522, ""test_total"": 185, ""train_group_counts"": [242, 235, 20, 25], ""test_group_counts"": [61, 59, 25, 40], ""train_class_counts"": [290, 232], ""test_class_counts"": [83, 102], ""train_group_class_counts"": [[131, 111], [150, 85], [2, 18], [7, 18]], ""test_group_class_counts"": [[33, 28], [38, 21], [2, 23], [10, 30]], ""group_proportions"": [0.46360153256704983, 0.4501915708812261, 0.038314176245210725, 0.04789272030651341]}",,2026-09-14T00:18:52.063254,2,6.030552446842194,0.6484375,0.001,0.6270270270270271,0.5644099055293137,0.28,0.8305084745762712,"[0.6721311475409836, 0.8305084745762712, 0.28, 0.475]","[0.6577021450292869, 0.6423047114226778, 0.7344753456115722, 0.7001455381512642]","[0.891566265060241, 0.4117647058823529]","[[0.8484848484848485, 0.4642857142857143], [0.9473684210526315, 0.6190476190476191], [0.5, 0.2608695652173913], [0.9, 0.3333333333333333]]","[61, 59, 25, 40]",0.6155236288063612,"[0.6510297482837529, 0.8001355013550135, 0.25, 0.47467166979362097]",0.25,0.7344753456115722,,"[NaN, NaN, NaN, NaN]",,,
"{""run_name"": ""fedheart_exp_paper_hetagg_gdro"", ""seed"": 1337, ""run_dir"": ""runs/fedheart_cv_lam0.3/Shared_Anchors_s1337_f0"", ""use_fedheart"": true, ""num_classes"": 2, ""stratified_batching"": true, ""train_frac"": 0.8, ""group_max_train_samples"": [null, null, 20, 25], ""true_hetero_input_dim"": true, ""feature_mask"": [[0, 1, 2, 3, 5, 6, 7, 8, 9, 10], [0, 1, 2, 3, 5, 6, 11, 12], [0, 1, 2, 4, 5, 7, 11, 12], [0, 1, 2, 4, 5, 6, 8, 9, 10]], ""batch_size"": 64, ""num_workers"": 0, ""epochs"": 100, ""early_stopping_patience"": 30, ""lr"": 0.001, ""weight_decay"": 0.0001, ""optimizer"": ""adam"", ""grad_clip"": 1.0, ""lr_scheduler"": ""cosine"", ""lr_min"": 1e-05, ""latent_dim"": 64, ""head_hidden"": 32, ""groups"": [{""name"": ""cleveland"", ""encoder"": ""mlp_tabular_ln"", ""input_dim"": 13, ""hidden_dim"": 64, ""dropout"": 0.1}, {""name"": ""hungarian"", ""encoder"": ""mlp_tabular_ln"", ""input_dim"": 13, ""hidden_dim"": 64, ""dropout"": 0.1}, {""name"": ""switzerland"", ""encoder"": ""mlp_tabular_ln"", ""input_dim"": 13, ""hidden_dim"": 64, ""dropout"": 0.1}, {""name"": ""va_long_beach"", ""encoder"": ""mlp_tabular_ln"", ""input_dim"": 13, ""hidden_dim"": 64, ""dropout"": 0.1}], ""anchor_eps"": 0.0001, ""sep_samples_per_class"": 4, ""sep_method"": ""classifier"", ""sep_margin"": 1.0, ""lambda_fit"": 0.3, ""lambda_sep"": 0.3, ""groupdro_enabled"": false, ""groupdro_eta"": 1.0, ""groupdro_gamma"": 0.9, ""groupdro_update_mode"": ""softmax"", ""groupdro_objective"": ""weighted"", ""groupdro_kl_lambda"": 0.0, ""groupdro_uniform_init"": true, ""log_interval"": 20, ""save_every"": 10, ""impute_missing"": true, ""common_encoder"": true, ""use_regret"": false, ""data_split_seed"": 1000}","{""num_groups"": 4, ""num_classes"": 2, ""train_total"": 522, ""test_total"": 185, ""train_group_counts"": [242, 235, 20, 25], ""test_group_counts"": [61, 59, 25, 40], ""train_class_counts"": [290, 232], ""test_class_counts"": [83, 102], ""train_group_class_counts"": [[131, 111], [150, 85], [2, 18], [7, 18]], ""test_group_class_counts"": [[33, 28], [38, 21], [2, 23], [10, 30]], ""group_proportions"": [0.46360153256704983, 0.4501915708812261, 0.038314176245210725, 0.04789272030651341]}",,2026-09-14T00:18:52.063254,3,3.8109734654426575,0.63671875,0.001,0.6324324324324324,0.580033689913865,0.36,0.7966101694915254,"[0.6885245901639344, 0.7966101694915254, 0.36, 0.475]","[0.6570315458735482, 0.6479032544766442, 0.7083101654052735, 0.6957250460982323]","[0.8554216867469879, 0.45098039215686275]","[[0.8181818181818182, 0.5357142857142857], [0.8947368421052632, 0.6190476190476191], [0.5, 0.34782608695652173], [0.9, 0.3333333333333333]]","[61, 59, 25, 40]",0.6255952380952381,"[0.675985462678222, 0.7671052631578947, 0.3055555555555556, 0.47467166979362097]",0.3055555555555556,0.7083101654052735,,"[NaN, NaN, NaN, NaN]",,,
"{""run_name"": ""fedheart_exp_paper_hetagg_gdro"", ""seed"": 1337, ""run_dir"": ""runs/fedheart_cv_lam0.3/Shared_Anchors_s1337_f0"", ""use_fedheart"": true, ""num_classes"": 2, ""stratified_batching"": true, ""train_frac"": 0.8, ""group_max_train_samples"": [null, null, 20, 25], ""true_hetero_input_dim"": true, ""feature_mask"": [[0, 1, 2, 3, 5, 6, 7, 8, 9, 10], [0, 1, 2, 3, 5, 6, 11, 12], [0, 1, 2, 4, 5, 7, 11, 12], [0, 1, 2, 4, 5, 6, 8, 9, 10]], ""batch_size"": 64, ""num_workers"": 0, ""epochs"": 100, ""early_stopping_patience"": 30, ""lr"": 0.001, ""weight_decay"": 0.0001, ""optimizer"": ""adam"", ""grad_clip"": 1.0, ""lr_scheduler"": ""cosine"", ""lr_min"": 1e-05, ""latent_dim"": 64, ""head_hidden"": 32, ""groups"": [{""name"": ""cleveland"", ""encoder"": ""mlp_tabular_ln"", ""input_dim"": 13, ""hidden_dim"": 64, ""dropout"": 0.1}, {""name"": ""hungarian"", ""encoder"": ""mlp_tabular_ln"", ""input_dim"": 13, ""hidden_dim"": 64, ""dropout"": 0.1}, {""name"": ""switzerland"", ""encoder"": ""mlp_tabular_ln"", ""input_dim"": 13, ""hidden_dim"": 64, ""dropout"": 0.1}, {""name"": ""va_long_beach"", ""encoder"": ""mlp_tabular_ln"", ""input_dim"": 13, ""hidden_dim"": 64, ""dropout"": 0.1}], ""anchor_eps"": 0.0001, ""sep_samples_per_class"": 4, ""sep_method"": ""classifier"", ""sep_margin"": 1.0, ""lambda_fit"": 0.3, ""lambda_sep"": 0.3, ""groupdro_enabled"": false, ""groupdro_eta"": 1.0, ""groupdro_gamma"": 0.9, ""groupdro_update_mode"": ""softmax"", ""groupdro_objective"": ""weighted"", ""groupdro_kl_lambda"": 0.0, ""groupdro_uniform_init"": true, ""log_interval"": 20, ""save_every"": 10, ""impute_missing"": true, ""common_encoder"": true, ""use_regret"": false, ""data_split_seed"": 1000}","{""num_groups"": 4, ""num_classes"": 2, ""train_total"": 522, ""test_total"": 185, ""train_group_counts"": [242, 235, 20, 25], ""test_group_counts"": [61, 59, 25, 40], ""train_class_counts"": [290, 232], ""test_class_counts"": [83, 102], ""train_group_class_counts"": [[131, 111], [150, 85], [2, 18], [7, 18]], ""test_group_class_counts"": [[33, 28], [38, 21], [2, 23], [10, 30]], ""group_proportions"": [0.46360153256704983, 0.4501915708812261, 0.038314176245210725, 0.04789272030651341]}",,2026-09-14T00:18:52.063254,4,2.6787463426589966,0.62890625,0.001,0.5945945945945946,0.5423218255070853,0.36,0.7457627118644068,"[0.6885245901639344, 0.7457627118644068, 0.36, 0.375]","[0.6572312043338525, 0.6450249173883664, 0.7211455535888672, 0.7122730419039727]","[0.9397590361445783, 0.3137254901960784]","[[0.9393939393939394, 0.39285714285714285], [0.9210526315789473, 0.42857142857142855], [1.0, 0.30434782608695654], [1.0, 0.16666666666666666]]","[61, 59, 25, 40]",0.5678781650004672,"[0.6510087323095453, 0.6844919786096255, 0.3333333333333333, 0.3650793650793651]",0.3333333333333333,0.7211455535888672,,"[NaN, NaN, NaN, NaN]",,,
"{""run_name"": ""fedheart_exp_paper_hetagg_gdro"", ""seed"": 1337, ""run_dir"": ""runs/fedheart_cv_lam0.3/Shared_Anchors_s1337_f0"", ""use_fedheart"": true, ""num_classes"": 2, ""stratified_batching"": true, ""train_frac"": 0.8, ""group_max_train_samples"": [null, null, 20, 25], ""true_hetero_input_dim"": true, ""feature_mask"": [[0, 1, 2, 3, 5, 6, 7, 8, 9, 10], [0, 1, 2, 3, 5, 6, 11, 12], [0, 1, 2, 4, 5, 7, 11, 12], [0, 1, 2, 4, 5, 6, 8, 9, 10]], ""batch_size"": 64, ""num_workers"": 0, ""epochs"": 100, ""early_stopping_patience"": 30, ""lr"": 0.001, ""weight_decay"": 0.0001, ""optimizer"": ""adam"", ""grad_clip"": 1.0, ""lr_scheduler"": ""cosine"", ""lr_min"": 1e-05, ""latent_dim"": 64, ""head_hidden"": 32, ""groups"": [{""name"": ""cleveland"", ""encoder"": ""mlp_tabular_ln"", ""input_dim"": 13, ""hidden_dim"": 64, ""dropout"": 0.1}, {""name"": ""hungarian"", ""encoder"": ""mlp_tabular_ln"", ""input_dim"": 13, ""hidden_dim"": 64, ""dropout"": 0.1}, {""name"": ""switzerland"", ""encoder"": ""mlp_tabular_ln"", ""input_dim"": 13, ""hidden_dim"": 64, ""dropout"": 0.1}, {""name"": ""va_long_beach"", ""encoder"": ""mlp_tabular_ln"", ""input_dim"": 13, ""hidden_dim"": 64, ""dropout"": 0.1}], ""anchor_eps"": 0.0001, ""sep_samples_per_class"": 4, ""sep_method"": ""classifier"", ""sep_margin"": 1.0, ""lambda_fit"": 0.3, ""lambda_sep"": 0.3, ""groupdro_enabled"": false, ""groupdro_eta"": 1.0, ""groupdro_gamma"": 0.9, ""groupdro_update_mode"": ""softmax"", ""groupdro_objective"": ""weighted"", ""groupdro_kl_lambda"": 0.0, ""groupdro_uniform_init"": true, ""log_interval"": 20, ""save_every"": 10, ""impute_missing"": true, ""common_encoder"": true, ""use_regret"": false, ""data_split_seed"": 1000}","{""num_groups"": 4, ""num_classes"": 2, ""train_total"": 522, ""test_total"": 185, ""train_group_counts"": [242, 235, 20, 25], ""test_group_counts"": [61, 59, 25, 40], ""train_class_counts"": [290, 232], ""test_class_counts"": [83, 102], ""train_group_class_counts"": [[131, 111], [150, 85], [2, 18], [7, 18]], ""test_group_class_counts"": [[33, 28], [38, 21], [2, 23], [10, 30]], ""group_proportions"": [0.46360153256704983, 0.4501915708812261, 0.038314176245210725, 0.04789272030651341]}",,2026-09-14T00:18:52.063254,5,1.99619622528553,0.654296875,0.001,0.5459459459459459,0.48676160044456795,0.28,0.6949152542372882,"[0.6721311475409836, 0.6949152542372882, 0.28, 0.3]","[0.6502557221006174, 0.6331865716788728, 0.7422210645675659, 0.7268340140581131]","[0.963855421686747, 0.20588235294117646]","[[1.0, 0.2857142857142857], [0.9210526315789473, 0.2857142857142857], [1.0, 0.21739130434782608], [1.0, 0.06666666666666667]]","[61, 59, 25, 40]",0.49453551912568305,"[0.6059431524547804, 0.5977272727272727, 0.26948051948051943, 0.27083333333333337]",0.26948051948051943,0.7422210645675659,,"[NaN, NaN, NaN, NaN]",,,
"{""run_name"": ""fedheart_exp_paper_hetagg_gdro"", ""seed"": 1337, ""run_dir"": ""runs/fedheart_cv_lam0.3/Shared_Anchors_s1337_f0"", ""use_fedheart"": true, ""num_classes"": 2, ""stratified_batching"": true, ""train_frac"": 0.8, ""group_max_train_samples"": [null, null, 20, 25], ""true_hetero_input_dim"": true, ""feature_mask"": [[0, 1, 2, 3, 5, 6, 7, 8, 9, 10], [0, 1, 2, 3, 5, 6, 11, 12], [0, 1, 2, 4, 5, 7, 11, 12], [0, 1, 2, 4, 5, 6, 8, 9, 10]], ""batch_size"": 64, ""num_workers"": 0, ""epochs"": 100, ""early_stopping_patience"": 30, ""lr"": 0.001, ""weight_decay"": 0.0001, ""optimizer"": ""adam"", ""grad_clip"": 1.0, ""lr_scheduler"": ""cosine"", ""lr_min"": 1e-05, ""latent_dim"": 64, ""head_hidden"": 32, ""groups"": [{""name"": ""cleveland"", ""encoder"": ""mlp_tabular_ln"", ""input_dim"": 13, ""hidden_dim"": 64, ""dropout"": 0.1}, {""name"": ""hungarian"", ""encoder"": ""mlp_tabular_ln"", ""input_dim"": 13, ""hidden_dim"": 64, ""dropout"": 0.1}, {""name"": ""switzerland"", ""encoder"": ""mlp_tabular_ln"", ""input_dim"": 13, ""hidden_dim"": 64, ""dropout"": 0.1}, {""name"": ""va_long_beach"", ""encoder"": ""mlp_tabular_ln"", ""input_dim"": 13, ""hidden_dim"": 64, ""dropout"": 0.1}], ""anchor_eps"": 0.0001, ""sep_samples_per_class"": 4, ""sep_method"": ""classifier"", ""sep_margin"": 1.0, ""lambda_fit"": 0.3, ""lambda_sep"": 0.3, ""groupdro_enabled"": false, ""groupdro_eta"": 1.0, ""groupdro_gamma"": 0.9, ""groupdro_update_mode"": ""softmax"", ""groupdro_objective"": ""weighted"", ""groupdro_kl_lambda"": 0.0, ""groupdro_uniform_init"": true, ""log_interval"": 20, ""save_every"": 10, ""impute_missing"": true, ""common_encoder"": true, ""use_regret"": false, ""data_split_seed"": 1000}","{""num_groups"": 4, ""num_classes"": 2, ""train_total"": 522, ""test_total"": 185, ""train_group_counts"": [242, 235, 20, 25], ""test_group_counts"": [61, 59, 25, 40], ""train_class_counts"": [290, 232], ""test_class_counts"": [83, 102], ""train_group_class_counts"": [[131, 111], [150, 85], [2, 18], [7, 18]], ""test_group_class_counts"": [[33, 28], [38, 21], [2, 23], [10, 30]], ""group_proportions"": [0.46360153256704983, 0.4501915708812261, 0.038314176245210725, 0.04789272030651341]}",,2026-09-14T00:18:52.063254,6,1.6392744779586792,0.658203125,0.001,0.6486486486486487,0.591636565712698,0.4,0.7868852459016393,"[0.7868852459016393, 0.7796610169491526, 0.4, 0.4]","[0.6362395965662159, 0.6208841093515945, 0.7289355802536011, 0.7181580781936645]","[0.963855421686747, 0.39215686274509803]","[[1.0, 0.5357142857142857], [0.9210526315789473, 0.5238095238095238], [1.0, 0.34782608695652173], [1.0, 0.2]]","[61, 59, 25, 40]",0.6314176245210728,"[0.7665587282896673, 0.7359724612736662, 0.3633276740237691, 0.3939393939393939]",0.3633276740237691,0.7289355802536011,,"[NaN, NaN, NaN, NaN]",,,
"{""run_name"": ""fedheart_exp_paper_hetagg_gdro"", ""seed"": 1337, ""run_dir"": ""runs/fedheart_cv_lam0.3/Shared_Anchors_s1337_f0"", ""use_fedheart"": true, ""num_classes"": 2, ""stratified_batching"": true, ""train_frac"": 0.8, ""group_max_train_samples"": [null, null, 20, 25], ""true_hetero_input_dim"": true, ""feature_mask"": [[0, 1, 2, 3, 5, 6, 7, 8, 9, 10], [0, 1, 2, 3, 5, 6, 11, 12], [0, 1, 2, 4, 5, 7, 11, 12], [0, 1, 2, 4, 5, 6, 8, 9, 10]], ""batch_size"": 64, ""num_workers"": 0, ""epochs"": 100, ""early_stopping_patience"": 30, ""lr"": 0.001, ""weight_decay"": 0.0001, ""optimizer"": ""adam"", ""grad_clip"": 1.0, ""lr_scheduler"": ""cosine"", ""lr_min"": 1e-05, ""latent_dim"": 64, ""head_hidden"": 32, ""groups"": [{""name"": ""cleveland"", ""encoder"": ""mlp_tabular_ln"", ""input_dim"": 13, ""hidden_dim"": 64, ""dropout"": 0.1}, {""name"": ""hungarian"", ""encoder"": ""mlp_tabular_ln"", ""input_dim"": 13, ""hidden_dim"": 64, ""dropout"": 0.1}, {""name"": ""switzerland"", ""encoder"": ""mlp_tabular_ln"", ""input_dim"": 13, ""hidden_dim"": 64, ""dropout"": 0.1}, {""name"": ""va_long_beach"", ""encoder"": ""mlp_tabular_ln"", ""input_dim"": 13, ""hidden_dim"": 64, ""dropout"": 0.1}], ""anchor_eps"": 0.0001, ""sep_samples_per_class"": 4, ""sep_method"": ""classifier"", ""sep_margin"": 1.0, ""lambda_fit"": 0.3, ""lambda_sep"": 0.3, ""groupdro_enabled"": false, ""groupdro_eta"": 1.0, ""groupdro_gamma"": 0.9, ""groupdro_update_mode"": ""softmax"", ""groupdro_objective"": ""weighted"", ""groupdro_kl_lambda"": 0.0, ""groupdro_uniform_init"": true, ""log_interval"": 20, ""save_every"": 10, ""impute_missing"": true, ""common_encoder"": true, ""use_regret"": false, ""data_split_seed"": 1000}","{""num_groups"": 4, ""num_classes"": 2, ""train_total"": 522, ""test_total"": 185, ""train_group_counts"": [242, 235, 20, 25], ""test_group_counts"": [61, 59, 25, 40], ""train_class_counts"": [290, 232], ""test_class_counts"": [83, 102], ""train_group_class_counts"": [[131, 111], [150, 85], [2, 18], [7, 18]], ""test_group_class_counts"": [[33, 28], [38, 21], [2, 23], [10, 30]], ""group_proportions"": [0.46360153256704983, 0.4501915708812261, 0.038314176245210725, 0.04789272030651341]}",,2026-09-14T00:18:52.063254,7,1.3946599960327148,0.685546875,0.001,0.6594594594594595,0.607886565712698,0.425,0.7868852459016393,"[0.7868852459016393, 0.7796610169491526, 0.44, 0.425]","[0.6131802142643538, 0.5943892598152161, 0.7442664277553558, 0.7206215709447861]","[0.927710843373494, 0.4411764705882353]","[[0.9393939393939394, 0.6071428571428571], [0.9210526315789473, 0.5238095238095238], [0.5, 0.43478260869565216], [1.0, 0.23333333333333334]]","[61, 59, 25, 40]",0.6489563567362429,"[0.7750354609929078, 0.7359724612736662, 0.35661764705882354, 0.42174732872407295]",0.35661764705882354,0.7442664277553558,,"[NaN, NaN, NaN, NaN]",,,
"{""run_name"": ""fedheart_exp_paper_hetagg_gdro"", ""seed"": 1337, ""run_dir"": ""runs/fedheart_cv_lam0.3/Shared_Anchors_s1337_f0"", ""use_fedheart"": true, ""num_classes"": 2, ""stratified_batching"": true, ""train_frac"": 0.8, ""group_max_train_samples"": [null, null, 20, 25], ""true_hetero_input_dim"": true, ""feature_mask"": [[0, 1, 2, 3, 5, 6, 7, 8, 9, 10], [0, 1, 2, 3, 5, 6, 11, 12], [0, 1, 2, 4, 5, 7, 11, 12], [0, 1, 2, 4, 5, 6, 8, 9, 10]], ""batch_size"": 64, ""num_workers"": 0, ""epochs"": 100, ""early_stopping_patience"": 30, ""lr"": 0.001, ""weight_decay"": 0.0001, ""optimizer"": ""adam"", ""grad_clip"": 1.0, ""lr_scheduler"": ""cosine"", ""lr_min"": 1e-05, ""latent_dim"": 64, ""head_hidden"": 32, ""groups"": [{""name"": ""cleveland"", ""encoder"": ""mlp_tabular_ln"", ""input_dim"": 13, ""hidden_dim"": 64, ""dropout"": 0.1}, {""name"": ""hungarian"", ""encoder"": ""mlp_tabular_ln"", ""input_dim"": 13, ""hidden_dim"": 64, ""dropout"": 0.1}, {""name"": ""switzerland"", ""encoder"": ""mlp_tabular_ln"", ""input_dim"": 13, ""hidden_dim"": 64, ""dropout"": 0.1}, {""name"": ""va_long_beach"", ""encoder"": ""mlp_tabular_ln"", ""input_dim"": 13, ""hidden_dim"": 64, ""dropout"": 0.1}], ""anchor_eps"": 0.0001, ""sep_samples_per_class"": 4, ""sep_method"": ""classifier"", ""sep_margin"": 1.0, ""lambda_fit"": 0.3, ""lambda_sep"": 0.3, ""groupdro_enabled"": false, ""groupdro_eta"": 1.0, ""groupdro_gamma"": 0.9, ""groupdro_update_mode"": ""softmax"", ""groupdro_objective"": ""weighted"", ""groupdro_kl_lambda"": 0.0, ""groupdro_uniform_init"": true, ""log_interval"": 20, ""save_every"": 10, ""impute_missing"": true, ""common_encoder"": true, ""use_regret"": false, ""data_split_seed"": 1000}","{""num_groups"": 4, ""num_classes"": 2, ""train_total"": 522, ""test_total"": 185, ""train_group_counts"": [242, 235, 20, 25], ""test_group_counts"": [61, 59, 25, 40], ""train_class_counts"": [290, 232], ""test_class_counts"": [83, 102], ""train_group_class_counts"": [[131, 111], [150, 85], [2, 18], [7, 18]], ""test_group_class_counts"": [[33, 28], [38, 21], [2, 23], [10, 30]], ""group_proportions"": [0.46360153256704983, 0.4501915708812261, 0.038314176245210725, 0.04789272030651341]}",,2026-09-14T00:18:52.063254,8,1.211523324251175,0.716796875,0.001,0.6918918918918919,0.6487222145040289,0.475,0.8032786885245902,"[0.8032786885245902, 0.7966101694915254, 0.52, 0.475]","[0.5827175105204347, 0.5673599409855018, 0.7292471408843995, 0.7045371599495411]","[0.9156626506024096, 0.5098039215686274]","[[0.9393939393939394, 0.6428571428571429], [0.9210526315789473, 0.5714285714285714], [0.5, 0.5217391304347826], [0.9, 0.3333333333333333]]","[61, 59, 25, 40]",0.6866177300959909,"[0.7939189189189189, 0.7601626016260162, 0.40476190476190477, 0.47467166979362097]",0.40476190476190477,0.7292471408843995,,"[NaN, NaN, NaN, NaN]",,,
"{""run_name"": ""fedheart_exp_paper_hetagg_gdro"", ""seed"": 1337, ""run_dir"": ""runs/fedheart_cv_lam0.3/Shared_Anchors_s1337_f0"", ""use_fedheart"": true, ""num_classes"": 2, ""stratified_batching"": true, ""train_frac"": 0.8, ""group_max_train_samples"": [null, null, 20, 25], ""true_hetero_input_dim"": true, ""feature_mask"": [[0, 1, 2, 3, 5, 6, 7, 8, 9, 10], [0, 1, 2, 3, 5, 6, 11, 12], [0, 1, 2, 4, 5, 7, 11, 12], [0, 1, 2, 4, 5, 6, 8, 9, 10]], ""batch_size"": 64, ""num_workers"": 0, ""epochs"": 100, ""early_stopping_patience"": 30, ""lr"": 0.001, ""weight_decay"": 0.0001, ""optimizer"": ""adam"", ""grad_clip"": 1.0, ""lr_scheduler"": ""cosine"", ""lr_min"": 1e-05, ""latent_dim"": 64, ""head_hidden"": 32, ""groups"": [{""name"": ""cleveland"", ""encoder"": ""mlp_tabular_ln"", ""input_dim"": 13, ""hidden_dim"": 64, ""dropout"": 0.1}, {""name"": ""hungarian"", ""encoder"": ""mlp_tabular_ln"", ""input_dim"": 13, ""hidden_dim"": 64, ""dropout"": 0.1}, {""name"": ""switzerland"", ""encoder"": ""mlp_tabular_ln"", ""input_dim"": 13, ""hidden_dim"": 64, ""dropout"": 0.1}, {""name"": ""va_long_beach"", ""encoder"": ""mlp_tabular_ln"", ""input_dim"": 13, ""hidden_dim"": 64, ""dropout"": 0.1}], ""anchor_eps"": 0.0001, ""sep_samples_per_class"": 4, ""sep_method"": ""classifier"", ""sep_margin"": 1.0, ""lambda_fit"": 0.3, ""lambda_sep"": 0.3, ""groupdro_enabled"": false, ""groupdro_eta"": 1.0, ""groupdro_gamma"": 0.9, ""groupdro_update_mode"": ""softmax"", ""groupdro_objective"": ""weighted"", ""groupdro_kl_lambda"": 0.0, ""groupdro_uniform_init"": true, ""log_interval"": 20, ""save_every"": 10, ""impute_missing"": true, ""common_encoder"": true, ""use_regret"": false, ""data_split_seed"": 1000}","{""num_groups"": 4, ""num_classes"": 2, ""train_total"": 522, ""test_total"": 185, ""train_group_counts"": [242, 235, 20, 25], ""test_group_counts"": [61, 59, 25, 40], ""train_class_counts"": [290, 232], ""test_class_counts"": [83, 102], ""train_group_class_counts"": [[131, 111], [150, 85], [2, 18], [7, 18]], ""test_group_class_counts"": [[33, 28], [38, 21], [2, 23], [10, 30]], ""group_proportions"": [0.46360153256704983, 0.4501915708812261, 0.038314176245210725, 0.04789272030651341]}",,2026-09-14T00:18:52.063254,9,1.0568914636969566,0.7265625,0.001,0.6972972972972973,0.6571238538482912,0.52,0.7966101694915254,"[0.7868852459016393, 0.7966101694915254, 0.52, 0.525]","[0.5498164730970977, 0.5298517114025051, 0.7516341841220856, 0.7136074922978878]","[0.9156626506024096, 0.5196078431372549]","[[0.9393939393939394, 0.6071428571428571], [0.9210526315789473, 0.5714285714285714], [0.5, 0.5217391304347826], [0.9, 0.4]]","[61, 59, 25, 40]",0.6925451092117759,"[0.7750354609929078, 0.7601626016260162, 0.40476190476190477, 0.5223130106851037]",0.40476190476190477,0.7516341841220856,,"[NaN, NaN, NaN, NaN]",,,
"{""run_name"": ""fedheart_exp_paper_hetagg_gdro"", ""seed"": 1337, ""run_dir"": ""runs/fedheart_cv_lam0.3/Shared_Anchors_s1337_f0"", ""use_fedheart"": true, ""num_classes"": 2, ""stratified_batching"": true, ""train_frac"": 0.8, ""group_max_train_samples"": [null, null, 20, 25], ""true_hetero_input_dim"": true, ""feature_mask"": [[0, 1, 2, 3, 5, 6, 7, 8, 9, 10], [0, 1, 2, 3, 5, 6, 11, 12], [0, 1, 2, 4, 5, 7, 11, 12], [0, 1, 2, 4, 5, 6, 8, 9, 10]], ""batch_size"": 64, ""num_workers"": 0, ""epochs"": 100, ""early_stopping_patience"": 30, ""lr"": 0.001, ""weight_decay"": 0.0001, ""optimizer"": ""adam"", ""grad_clip"": 1.0, ""lr_scheduler"": ""cosine"", ""lr_min"": 1e-05, ""latent_dim"": 64, ""head_hidden"": 32, ""groups"": [{""name"": ""cleveland"", ""encoder"": ""mlp_tabular_ln"", ""input_dim"": 13, ""hidden_dim"": 64, ""dropout"": 0.1}, {""name"": ""hungarian"", ""encoder"": ""mlp_tabular_ln"", ""input_dim"": 13, ""hidden_dim"": 64, ""dropout"": 0.1}, {""name"": ""switzerland"", ""encoder"": ""mlp_tabular_ln"", ""input_dim"": 13, ""hidden_dim"": 64, ""dropout"": 0.1}, {""name"": ""va_long_beach"", ""encoder"": ""mlp_tabular_ln"", ""input_dim"": 13, ""hidden_dim"": 64, ""dropout"": 0.1}], ""anchor_eps"": 0.0001, ""sep_samples_per_class"": 4, ""sep_method"": ""classifier"", ""sep_margin"": 1.0, ""lambda_fit"": 0.3, ""lambda_sep"": 0.3, ""groupdro_enabled"": false, ""groupdro_eta"": 1.0, ""groupdro_gamma"": 0.9, ""groupdro_update_mode"": ""softmax"", ""groupdro_objective"": ""weighted"", ""groupdro_kl_lambda"": 0.0, ""groupdro_uniform_init"": true, ""log_interval"": 20, ""save_every"": 10, ""impute_missing"": true, ""common_encoder"": true, ""use_regret"": false, ""data_split_seed"": 1000}","{""num_groups"": 4, ""num_classes"": 2, ""train_total"": 522, ""test_total"": 185, ""train_group_counts"": [242, 235, 20, 25], ""test_group_counts"": [61, 59, 25, 40], ""train_class_counts"": [290, 232], ""test_class_counts"": [83, 102], ""train_group_class_counts"": [[131, 111], [150, 85], [2, 18], [7, 18]], ""test_group_class_counts"": [[33, 28], [38, 21], [2, 23], [10, 30]], ""group_proportions"": [0.46360153256704983, 0.4501915708812261, 0.038314176245210725, 0.04789272030651341]}",,2026-09-14T00:18:52.063254,10,0.9139895886182785,0.7578125,0.001,0.7297297297297297,0.686295151430953,0.52,0.8305084745762712,"[0.819672131147541, 0.8305084745762712, 0.52, 0.575]","[0.515881141189669, 0.5018472951852669, 0.7360073471069336, 0.6952226378023625]","[0.9156626506024096, 0.5784313725490197]","[[0.9393939393939394, 0.6785714285714286], [0.9210526315789473, 0.6666666666666666], [0.5, 0.5217391304347826], [0.9, 0.4666666666666667]]","[61, 59, 25, 40]",0.7274280999528524,"[0.8124126362873918, 0.8059210526315789, 0.40476190476190477, 0.5682539682539683]",0.40476190476190477,0.7360073471069336,,"[NaN, NaN, NaN, NaN]",,,
"{""run_name"": ""fedheart_exp_paper_hetagg_gdro"", ""seed"": 1337, ""run_dir"": ""runs/fedheart_cv_lam0.3/Shared_Anchors_s1337_f0"", ""use_fedheart"": true, ""num_classes"": 2, ""stratified_batching"": true, ""train_frac"": 0.8, ""group_max_train_samples"": [null, null, 20, 25], ""true_hetero_input_dim"": true, ""feature_mask"": [[0, 1, 2, 3, 5, 6, 7, 8, 9, 10], [0, 1, 2, 3, 5, 6, 11, 12], [0, 1, 2, 4, 5, 7, 11, 12], [0, 1, 2, 4, 5, 6, 8, 9, 10]], ""batch_size"": 64, ""num_workers"": 0, ""epochs"": 100, ""early_stopping_patience"": 30, ""lr"": 0.001, ""weight_decay"": 0.0001, ""optimizer"": ""adam"", ""grad_clip"": 1.0, ""lr_scheduler"": ""cosine"", ""lr_min"": 1e-05, ""latent_dim"": 64, ""head_hidden"": 32, ""groups"": [{""name"": ""cleveland"", ""encoder"": ""mlp_tabular_ln"", ""input_dim"": 13, ""hidden_dim"": 64, ""dropout"": 0.1}, {""name"": ""hungarian"", ""encoder"": ""mlp_tabular_ln"", ""input_dim"": 13, ""hidden_dim"": 64, ""dropout"": 0.1}, {""name"": ""switzerland"", ""encoder"": ""mlp_tabular_ln"", ""input_dim"": 13, ""hidden_dim"": 64, ""dropout"": 0.1}, {""name"": ""va_long_beach"", ""encoder"": ""mlp_tabular_ln"", ""input_dim"": 13, ""hidden_dim"": 64, ""dropout"": 0.1}], ""anchor_eps"": 0.0001, ""sep_samples_per_class"": 4, ""sep_method"": ""classifier"", ""sep_margin"": 1.0, ""lambda_fit"": 0.3, ""lambda_sep"": 0.3, ""groupdro_enabled"": false, ""groupdro_eta"": 1.0, ""groupdro_gamma"": 0.9, ""groupdro_update_mode"": ""softmax"", ""groupdro_objective"": ""weighted"", ""groupdro_kl_lambda"": 0.0, ""groupdro_uniform_init"": true, ""log_interval"": 20, ""save_every"": 10, ""impute_missing"": true, ""common_encoder"": true, ""use_regret"": false, ""data_split_seed"": 1000}","{""num_groups"": 4, ""num_classes"": 2, ""train_total"": 522, ""test_total"": 185, ""train_group_counts"": [242, 235, 20, 25], ""test_group_counts"": [61, 59, 25, 40], ""train_class_counts"": [290, 232], ""test_class_counts"": [83, 102], ""train_group_class_counts"": [[131, 111], [150, 85], [2, 18], [7, 18]], ""test_group_class_counts"": [[33, 28], [38, 21], [2, 23], [10, 30]], ""group_proportions"": [0.46360153256704983, 0.4501915708812261, 0.038314176245210725, 0.04789272030651341]}",,2026-09-14T00:18:52.063254,11,0.8482787981629372,0.765625,0.001,0.7081081081081081,0.6674722145040289,0.52,0.8032786885245902,"[0.8032786885245902, 0.7966101694915254, 0.52, 0.55]","[0.4974485127652278, 0.4763144613322565, 0.7817201918363571, 0.7216314949095249]","[0.9156626506024096, 0.5392156862745098]","[[0.9393939393939394, 0.6428571428571429], [0.9210526315789473, 0.5714285714285714], [0.5, 0.5217391304347826], [0.9, 0.43333333333333335]]","[61, 59, 25, 40]",0.704297892493488,"[0.7939189189189189, 0.7601626016260162, 0.40476190476190477, 0.5454545454545454]",0.40476190476190477,0.7817201918363571,,"[NaN, NaN, NaN, NaN]",,,
"{""run_name"": ""fedheart_exp_paper_hetagg_gdro"", ""seed"": 1337, ""run_dir"": ""runs/fedheart_cv_lam0.3/Shared_Anchors_s1337_f0"", ""use_fedheart"": true, ""num_classes"": 2, ""stratified_batching"": true, ""train_frac"": 0.8, ""group_max_train_samples"": [null, null, 20, 25], ""true_hetero_input_dim"": true, ""feature_mask"": [[0, 1, 2, 3, 5, 6, 7, 8, 9, 10], [0, 1, 2, 3, 5, 6, 11, 12], [0, 1, 2, 4, 5, 7, 11, 12], [0, 1, 2, 4, 5, 6, 8, 9, 10]], ""batch_size"": 64, ""num_workers"": 0, ""epochs"": 100, ""early_stopping_patience"": 30, ""lr"": 0.001, ""weight_decay"": 0.0001, ""optimizer"": ""adam"", ""grad_clip"": 1.0, ""lr_scheduler"": ""cosine"", ""lr_min"": 1e-05, ""latent_dim"": 64, ""head_hidden"": 32, ""groups"": [{""name"": ""cleveland"", ""encoder"": ""mlp_tabular_ln"", ""input_dim"": 13, ""hidden_dim"": 64, ""dropout"": 0.1}, {""name"": ""hungarian"", ""encoder"": ""mlp_tabular_ln"", ""input_dim"": 13, ""hidden_dim"": 64, ""dropout"": 0.1}, {""name"": ""switzerland"", ""encoder"": ""mlp_tabular_ln"", ""input_dim"": 13, ""hidden_dim"": 64, ""dropout"": 0.1}, {""name"": ""va_long_beach"", ""encoder"": ""mlp_tabular_ln"", ""input_dim"": 13, ""hidden_dim"": 64, ""dropout"": 0.1}], ""anchor_eps"": 0.0001, ""sep_samples_per_class"": 4, ""sep_method"": ""classifier"", ""sep_margin"": 1.0, ""lambda_fit"": 0.3, ""lambda_sep"": 0.3, ""groupdro_enabled"": false, ""groupdro_eta"": 1.0, ""groupdro_gamma"": 0.9, ""groupdro_update_mode"": ""softmax"", ""groupdro_objective"": ""weighted"", ""groupdro_kl_lambda"": 0.0, ""groupdro_uniform_init"": true, ""log_interval"": 20, ""save_every"": 10, ""impute_missing"": true, ""common_encoder"": true, ""use_regret"": false, ""data_split_seed"": 1000}","{""num_groups"": 4, ""num_classes"": 2, ""train_total"": 522, ""test_total"": 185, ""train_group_counts"": [242, 235, 20, 25], ""test_group_counts"": [61, 59, 25, 40], ""train_class_counts"": [290, 232], ""test_class_counts"": [83, 102], ""train_group_class_counts"": [[131, 111], [150, 85], [2, 18], [7, 18]], ""test_group_class_counts"": [[33, 28], [38, 21], [2, 23], [10, 30]], ""group_proportions"": [0.46360153256704983, 0.4501915708812261, 0.038314176245210725, 0.04789272030651341]}",,2026-09-14T00:18:52.063254,12,0.7350265234708786,0.7734375,0.001,0.7297297297297297,0.686295151430953,0.52,0.8305084745762712,"[0.819672131147541, 0.8305084745762712, 0.52, 0.575]","[0.4657352414043223, 0.45888372599068333, 0.7339555221796036, 0.6853952199220658]","[0.9036144578313253, 0.5882352941176471]","[[0.9393939393939394, 0.6785714285714286], [0.9210526315789473, 0.6666666666666666], [0.5, 0.5217391304347826], [0.8, 0.5]]","[61, 59, 25, 40]",0.7279411764705882,"[0.8124126362873918, 0.8059210526315789, 0.40476190476190477, 0.5615731785944552]",0.40476190476190477,0.7339555221796036,,"[NaN, NaN, NaN, NaN]",,,
"{""run_name"": ""fedheart_exp_paper_hetagg_gdro"", ""seed"": 1337, ""run_dir"": ""runs/fedheart_cv_lam0.3/Shared_Anchors_s1337_f0"", ""use_fedheart"": true, ""num_classes"": 2, ""stratified_batching"": true, ""train_frac"": 0.8, ""group_max_train_samples"": [null, null, 20, 25], ""true_hetero_input_dim"": true, ""feature_mask"": [[0, 1, 2, 3, 5, 6, 7, 8, 9, 10], [0, 1, 2, 3, 5, 6, 11, 12], [0, 1, 2, 4, 5, 7, 11, 12], [0, 1, 2, 4, 5, 6, 8, 9, 10]], ""batch_size"": 64, ""num_workers"": 0, ""epochs"": 100, ""early_stopping_patience"": 30, ""lr"": 0.001, ""weight_decay"": 0.0001, ""optimizer"": ""adam"", ""grad_clip"": 1.0, ""lr_scheduler"": ""cosine"", ""lr_min"": 1e-05, ""latent_dim"": 64, ""head_hidden"": 32, ""groups"": [{""name"": ""cleveland"", ""encoder"": ""mlp_tabular_ln"", ""input_dim"": 13, ""hidden_dim"": 64, ""dropout"": 0.1}, {""name"": ""hungarian"", ""encoder"": ""mlp_tabular_ln"", ""input_dim"": 13, ""hidden_dim"": 64, ""dropout"": 0.1}, {""name"": ""switzerland"", ""encoder"": ""mlp_tabular_ln"", ""input_dim"": 13, ""hidden_dim"": 64, ""dropout"": 0.1}, {""name"": ""va_long_beach"", ""encoder"": ""mlp_tabular_ln"", ""input_dim"": 13, ""hidden_dim"": 64, ""dropout"": 0.1}], ""anchor_eps"": 0.0001, ""sep_samples_per_class"": 4, ""sep_method"": ""classifier"", ""sep_margin"": 1.0, ""lambda_fit"": 0.3, ""lambda_sep"": 0.3, ""groupdro_enabled"": false, ""groupdro_eta"": 1.0, ""groupdro_gamma"": 0.9, ""groupdro_update_mode"": ""softmax"", ""groupdro_objective"": ""weighted"", ""groupdro_kl_lambda"": 0.0, ""groupdro_uniform_init"": true, ""log_interval"": 20, ""save_every"": 10, ""impute_missing"": true, ""common_encoder"": true, ""use_regret"": false, ""data_split_seed"": 1000}","{""num_groups"": 4, ""num_classes"": 2, ""train_total"": 522, ""test_total"": 185, ""train_group_counts"": [242, 235, 20, 25], ""test_group_counts"": [61, 59, 25, 40], ""train_class_counts"": [290, 232], ""test_class_counts"": [83, 102], ""train_group_class_counts"": [[131, 111], [150, 85], [2, 18], [7, 18]], ""test_group_class_counts"": [[33, 28], [38, 21], [2, 23], [10, 30]], ""group_proportions"": [0.46360153256704983, 0.4501915708812261, 0.038314176245210725, 0.04789272030651341]}",,2026-09-14T00:18:52.063254,13,0.6712913662195206,0.76953125,0.001,0.7243243243243244,0.6784467907752153,0.48,0.8305084745762712,"[0.8032786885245902, 0.8305084745762712, 0.48, 0.6]","[0.46319506512802155, 0.4482536848823903, 0.7755153870582581, 0.714950754493475]","[0.9156626506024096, 0.5686274509803921]","[[0.9393939393939394, 0.6428571428571429], [0.9210526315789473, 0.6666666666666666], [0.5, 0.4782608695652174], [0.9, 0.5]]","[61, 59, 25, 40]",0.7216896256747588,"[0.7939189189189189, 0.8059210526315789, 0.38095238095238093, 0.5907928388746804]",0.38095238095238093,0.7755153870582581,,"[NaN, NaN, NaN, NaN]",,,
"{""run_name"": ""fedheart_exp_paper_hetagg_gdro"", ""seed"": 1337, ""run_dir"": ""runs/fedheart_cv_lam0.3/Shared_Anchors_s1337_f0"", ""use_fedheart"": true, ""num_classes"": 2, ""stratified_batching"": true, ""train_frac"": 0.8, ""group_max_train_samples"": [null, null, 20, 25], ""true_hetero_input_dim"": true, ""feature_mask"": [[0, 1, 2, 3, 5, 6, 7, 8, 9, 10], [0, 1, 2, 3, 5, 6, 11, 12], [0, 1, 2, 4, 5, 7, 11, 12], [0, 1, 2, 4, 5, 6, 8, 9, 10]], ""batch_size"": 64, ""num_workers"": 0, ""epochs"": 100, ""early_stopping_patience"": 30, ""lr"": 0.001, ""weight_decay"": 0.0001, ""optimizer"": ""adam"", ""grad_clip"": 1.0, ""lr_scheduler"": ""cosine"", ""lr_min"": 1e-05, ""latent_dim"": 64, ""head_hidden"": 32, ""groups"": [{""name"": ""cleveland"", ""encoder"": ""mlp_tabular_ln"", ""input_dim"": 13, ""hidden_dim"": 64, ""dropout"": 0.1}, {""name"": ""hungarian"", ""encoder"": ""mlp_tabular_ln"", ""input_dim"": 13, ""hidden_dim"": 64, ""dropout"": 0.1}, {""name"": ""switzerland"", ""encoder"": ""mlp_tabular_ln"", ""input_dim"": 13, ""hidden_dim"": 64, ""dropout"": 0.1}, {""name"": ""va_long_beach"", ""encoder"": ""mlp_tabular_ln"", ""input_dim"": 13, ""hidden_dim"": 64, ""dropout"": 0.1}], ""anchor_eps"": 0.0001, ""sep_samples_per_class"": 4, ""sep_method"": ""classifier"", ""sep_margin"": 1.0, ""lambda_fit"": 0.3, ""lambda_sep"": 0.3, ""groupdro_enabled"": false, ""groupdro_eta"": 1.0, ""groupdro_gamma"": 0.9, ""groupdro_update_mode"": ""softmax"", ""groupdro_objective"": ""weighted"", ""groupdro_kl_lambda"": 0.0, ""groupdro_uniform_init"": true, ""log_interval"": 20, ""save_every"": 10, ""impute_missing"": true, ""common_encoder"": true, ""use_regret"": false, ""data_split_seed"": 1000}","{""num_groups"": 4, ""num_classes"": 2, ""train_total"": 522, ""test_total"": 185, ""train_group_counts"": [242, 235, 20, 25], ""test_group_counts"": [61, 59, 25, 40], ""train_class_counts"": [290, 232], ""test_class_counts"": [83, 102], ""train_group_class_counts"": [[131, 111], [150, 85], [2, 18], [7, 18]], ""test_group_class_counts"": [[33, 28], [38, 21], [2, 23], [10, 30]], ""group_proportions"": [0.46360153256704983, 0.4501915708812261, 0.038314176245210725, 0.04789272030651341]}",,2026-09-14T00:18:52.063254,14,0.5885457023978233,0.783203125,0.001,0.7027027027027027,0.6594849263684357,0.48,0.8032786885245902,"[0.8032786885245902, 0.7796610169491526, 0.48, 0.575]","[0.46605284145621, 0.4444256879515567, 0.834903881251812, 0.7582725558429957]","[0.9156626506024096, 0.5294117647058824]","[[0.9393939393939394, 0.6428571428571429], [0.9210526315789473, 0.5238095238095238], [0.5, 0.4782608695652174], [0.9, 0.4666666666666667]]","[61, 59, 25, 40]",0.6984381020123885,"[0.7939189189189189, 0.7359724612736662, 0.38095238095238093, 0.5682539682539683]",0.38095238095238093,0.834903881251812,,"[NaN, NaN, NaN, NaN]",,,
"{""run_name"": ""fedheart_exp_paper_hetagg_gdro"", ""seed"": 1337, ""run_dir"": ""runs/fedheart_cv_lam0.3/Shared_Anchors_s1337_f0"", ""use_fedheart"": true, ""num_classes"": 2, ""stratified_batching"": true, ""train_frac"": 0.8, ""group_max_train_samples"": [null, null, 20, 25], ""true_hetero_input_dim"": true, ""feature_mask"": [[0, 1, 2, 3, 5, 6, 7, 8, 9, 10], [0, 1, 2, 3, 5, 6, 11, 12], [0, 1, 2, 4, 5, 7, 11, 12], [0, 1, 2, 4, 5, 6, 8, 9, 10]], ""batch_size"": 64, ""num_workers"": 0, ""epochs"": 100, ""early_stopping_patience"": 30, ""lr"": 0.001, ""weight_decay"": 0.0001, ""optimizer"": ""adam"", ""grad_clip"": 1.0, ""lr_scheduler"": ""cosine"", ""lr_min"": 1e-05, ""latent_dim"": 64, ""head_hidden"": 32, ""groups"": [{""name"": ""cleveland"", ""encoder"": ""mlp_tabular_ln"", ""input_dim"": 13, ""hidden_dim"": 64, ""dropout"": 0.1}, {""name"": ""hungarian"", ""encoder"": ""mlp_tabular_ln"", ""input_dim"": 13, ""hidden_dim"": 64, ""dropout"": 0.1}, {""name"": ""switzerland"", ""encoder"": ""mlp_tabular_ln"", ""input_dim"": 13, ""hidden_dim"": 64, ""dropout"": 0.1}, {""name"": ""va_long_beach"", ""encoder"": ""mlp_tabular_ln"", ""input_dim"": 13, ""hidden_dim"": 64, ""dropout"": 0.1}], ""anchor_eps"": 0.0001, ""sep_samples_per_class"": 4, ""sep_method"": ""classifier"", ""sep_margin"": 1.0, ""lambda_fit"": 0.3, ""lambda_sep"": 0.3, ""groupdro_enabled"": false, ""groupdro_eta"": 1.0, ""groupdro_gamma"": 0.9, ""groupdro_update_mode"": ""softmax"", ""groupdro_objective"": ""weighted"", ""groupdro_kl_lambda"": 0.0, ""groupdro_uniform_init"": true, ""log_interval"": 20, ""save_every"": 10, ""impute_missing"": true, ""common_encoder"": true, ""use_regret"": false, ""data_split_seed"": 1000}","{""num_groups"": 4, ""num_classes"": 2, ""train_total"": 522, ""test_total"": 185, ""train_group_counts"": [242, 235, 20, 25], ""test_group_counts"": [61, 59, 25, 40], ""train_class_counts"": [290, 232], ""test_class_counts"": [83, 102], ""train_group_class_counts"": [[131, 111], [150, 85], [2, 18], [7, 18]], ""test_group_class_counts"": [[33, 28], [38, 21], [2, 23], [10, 30]], ""group_proportions"": [0.46360153256704983, 0.4501915708812261, 0.038314176245210725, 0.04789272030651341]}",,2026-09-14T00:18:52.063254,15,0.5298166871070862,0.796875,0.001,0.7189189189189189,0.6721967907752153,0.48,0.8305084745762712,"[0.8032786885245902, 0.8305084745762712, 0.48, 0.575]","[0.4543265391324387, 0.4408102420679593, 0.7891962224245072, 0.7186328811571002]","[0.8795180722891566, 0.5882352941176471]","[[0.9090909090909091, 0.6785714285714286], [0.8947368421052632, 0.7142857142857143], [0.5, 0.4782608695652174], [0.8, 0.5]]","[61, 59, 25, 40]",0.7175240779891943,"[0.7966666666666666, 0.8108974358974359, 0.38095238095238093, 0.5615731785944552]",0.38095238095238093,0.7891962224245072,,"[NaN, NaN, NaN, NaN]",,,
"{""run_name"": ""fedheart_exp_paper_hetagg_gdro"", ""seed"": 1337, ""run_dir"": ""runs/fedheart_cv_lam0.3/Shared_Anchors_s1337_f0"", ""use_fedheart"": true, ""num_classes"": 2, ""stratified_batching"": true, ""train_frac"": 0.8, ""group_max_train_samples"": [null, null, 20, 25], ""true_hetero_input_dim"": true, ""feature_mask"": [[0, 1, 2, 3, 5, 6, 7, 8, 9, 10], [0, 1, 2, 3, 5, 6, 11, 12], [0, 1, 2, 4, 5, 7, 11, 12], [0, 1, 2, 4, 5, 6, 8, 9, 10]], ""batch_size"": 64, ""num_workers"": 0, ""epochs"": 100, ""early_stopping_patience"": 30, ""lr"": 0.001, ""weight_decay"": 0.0001, ""optimizer"": ""adam"", ""grad_clip"": 1.0, ""lr_scheduler"": ""cosine"", ""lr_min"": 1e-05, ""latent_dim"": 64, ""head_hidden"": 32, ""groups"": [{""name"": ""cleveland"", ""encoder"": ""mlp_tabular_ln"", ""input_dim"": 13, ""hidden_dim"": 64, ""dropout"": 0.1}, {""name"": ""hungarian"", ""encoder"": ""mlp_tabular_ln"", ""input_dim"": 13, ""hidden_dim"": 64, ""dropout"": 0.1}, {""name"": ""switzerland"", ""encoder"": ""mlp_tabular_ln"", ""input_dim"": 13, ""hidden_dim"": 64, ""dropout"": 0.1}, {""name"": ""va_long_beach"", ""encoder"": ""mlp_tabular_ln"", ""input_dim"": 13, ""hidden_dim"": 64, ""dropout"": 0.1}], ""anchor_eps"": 0.0001, ""sep_samples_per_class"": 4, ""sep_method"": ""classifier"", ""sep_margin"": 1.0, ""lambda_fit"": 0.3, ""lambda_sep"": 0.3, ""groupdro_enabled"": false, ""groupdro_eta"": 1.0, ""groupdro_gamma"": 0.9, ""groupdro_update_mode"": ""softmax"", ""groupdro_objective"": ""weighted"", ""groupdro_kl_lambda"": 0.0, ""groupdro_uniform_init"": true, ""log_interval"": 20, ""save_every"": 10, ""impute_missing"": true, ""common_encoder"": true, ""use_regret"": false, ""data_split_seed"": 1000}","{""num_groups"": 4, ""num_classes"": 2, ""train_total"": 522, ""test_total"": 185, ""train_group_counts"": [242, 235, 20, 25], ""test_group_counts"": [61, 59, 25, 40], ""train_class_counts"": [290, 232], ""test_class_counts"": [83, 102], ""train_group_class_counts"": [[131, 111], [150, 85], [2, 18], [7, 18]], ""test_group_class_counts"": [[33, 28], [38, 21], [2, 23], [10, 30]], ""group_proportions"": [0.46360153256704983, 0.4501915708812261, 0.038314176245210725, 0.04789272030651341]}",,2026-09-14T00:18:52.063254,16,0.5116188526153564,0.78125,0.001,0.7189189189189189,0.6838611419838845,0.56,0.8135593220338984,"[0.7868852459016393, 0.8135593220338984, 0.56, 0.575]","[0.45632849743620296, 0.4363918200892917, 0.7776302406191826, 0.717814426869154]","[0.8554216867469879, 0.6078431372549019]","[[0.8787878787878788, 0.6785714285714286], [0.868421052631579, 0.7142857142857143], [0.5, 0.5652173913043478], [0.8, 0.5]]","[61, 59, 25, 40]",0.7182521087160263,"[0.7809997238331954, 0.7944250871080138, 0.4282744282744282, 0.5615731785944552]",0.4282744282744282,0.7776302406191826,,"[NaN, NaN, NaN, NaN]",,,
"{""run_name"": ""fedheart_exp_paper_hetagg_gdro"", ""seed"": 1337, ""run_dir"": ""runs/fedheart_cv_lam0.3/Shared_Anchors_s1337_f0"", ""use_fedheart"": true, ""num_classes"": 2, ""stratified_batching"": true, ""train_frac"": 0.8, ""group_max_train_samples"": [null, null, 20, 25], ""true_hetero_input_dim"": true, ""feature_mask"": [[0, 1, 2, 3, 5, 6, 7, 8, 9, 10], [0, 1, 2, 3, 5, 6, 11, 12], [0, 1, 2, 4, 5, 7, 11, 12], [0, 1, 2, 4, 5, 6, 8, 9, 10]], ""batch_size"": 64, ""num_workers"": 0, ""epochs"": 100, ""early_stopping_patience"": 30, ""lr"": 0.001, ""weight_decay"": 0.0001, ""optimizer"": ""adam"", ""grad_clip"": 1.0, ""lr_scheduler"": ""cosine"", ""lr_min"": 1e-05, ""latent_dim"": 64, ""head_hidden"": 32, ""groups"": [{""name"": ""cleveland"", ""encoder"": ""mlp_tabular_ln"", ""input_dim"": 13, ""hidden_dim"": 64, ""dropout"": 0.1}, {""name"": ""hungarian"", ""encoder"": ""mlp_tabular_ln"", ""input_dim"": 13, ""hidden_dim"": 64, ""dropout"": 0.1}, {""name"": ""switzerland"", ""encoder"": ""mlp_tabular_ln"", ""input_dim"": 13, ""hidden_dim"": 64, ""dropout"": 0.1}, {""name"": ""va_long_beach"", ""encoder"": ""mlp_tabular_ln"", ""input_dim"": 13, ""hidden_dim"": 64, ""dropout"": 0.1}], ""anchor_eps"": 0.0001, ""sep_samples_per_class"": 4, ""sep_method"": ""classifier"", ""sep_margin"": 1.0, ""lambda_fit"": 0.3, ""lambda_sep"": 0.3, ""groupdro_enabled"": false, ""groupdro_eta"": 1.0, ""groupdro_gamma"": 0.9, ""groupdro_update_mode"": ""softmax"", ""groupdro_objective"": ""weighted"", ""groupdro_kl_lambda"": 0.0, ""groupdro_uniform_init"": true, ""log_interval"": 20, ""save_every"": 10, ""impute_missing"": true, ""common_encoder"": true, ""use_regret"": false, ""data_split_seed"": 1000}","{""num_groups"": 4, ""num_classes"": 2, ""train_total"": 522, ""test_total"": 185, ""train_group_counts"": [242, 235, 20, 25], ""test_group_counts"": [61, 59, 25, 40], ""train_class_counts"": [290, 232], ""test_class_counts"": [83, 102], ""train_group_class_counts"": [[131, 111], [150, 85], [2, 18], [7, 18]], ""test_group_class_counts"": [[33, 28], [38, 21], [2, 23], [10, 30]], ""group_proportions"": [0.46360153256704983, 0.4501915708812261, 0.038314176245210725, 0.04789272030651341]}",,2026-09-14T00:18:52.063254,17,0.47655199095606804,0.7890625,0.001,0.6972972972972973,0.6553865657126979,0.48,0.7868852459016393,"[0.7868852459016393, 0.7796610169491526, 0.48, 0.575]","[0.48652167612167657, 0.4453754111871881, 0.9245477437973022, 0.8185301957651973]","[0.9156626506024096, 0.5196078431372549]","[[0.9393939393939394, 0.6071428571428571], [0.9210526315789473, 0.5238095238095238], [0.5, 0.4782608695652174], [0.9, 0.4666666666666667]]","[61, 59, 25, 40]",0.6925451092117759,"[0.7750354609929078, 0.7359724612736662, 0.38095238095238093, 0.5682539682539683]",0.38095238095238093,0.9245477437973022,,"[NaN, NaN, NaN, NaN]",,,
"{""run_name"": ""fedheart_exp_paper_hetagg_gdro"", ""seed"": 1337, ""run_dir"": ""runs/fedheart_cv_lam0.3/Shared_Anchors_s1337_f0"", ""use_fedheart"": true, ""num_classes"": 2, ""stratified_batching"": true, ""train_frac"": 0.8, ""group_max_train_samples"": [null, null, 20, 25], ""true_hetero_input_dim"": true, ""feature_mask"": [[0, 1, 2, 3, 5, 6, 7, 8, 9, 10], [0, 1, 2, 3, 5, 6, 11, 12], [0, 1, 2, 4, 5, 7, 11, 12], [0, 1, 2, 4, 5, 6, 8, 9, 10]], ""batch_size"": 64, ""num_workers"": 0, ""epochs"": 100, ""early_stopping_patience"": 30, ""lr"": 0.001, ""weight_decay"": 0.0001, ""optimizer"": ""adam"", ""grad_clip"": 1.0, ""lr_scheduler"": ""cosine"", ""lr_min"": 1e-05, ""latent_dim"": 64, ""head_hidden"": 32, ""groups"": [{""name"": ""cleveland"", ""encoder"": ""mlp_tabular_ln"", ""input_dim"": 13, ""hidden_dim"": 64, ""dropout"": 0.1}, {""name"": ""hungarian"", ""encoder"": ""mlp_tabular_ln"", ""input_dim"": 13, ""hidden_dim"": 64, ""dropout"": 0.1}, {""name"": ""switzerland"", ""encoder"": ""mlp_tabular_ln"", ""input_dim"": 13, ""hidden_dim"": 64, ""dropout"": 0.1}, {""name"": ""va_long_beach"", ""encoder"": ""mlp_tabular_ln"", ""input_dim"": 13, ""hidden_dim"": 64, ""dropout"": 0.1}], ""anchor_eps"": 0.0001, ""sep_samples_per_class"": 4, ""sep_method"": ""classifier"", ""sep_margin"": 1.0, ""lambda_fit"": 0.3, ""lambda_sep"": 0.3, ""groupdro_enabled"": false, ""groupdro_eta"": 1.0, ""groupdro_gamma"": 0.9, ""groupdro_update_mode"": ""softmax"", ""groupdro_objective"": ""weighted"", ""groupdro_kl_lambda"": 0.0, ""groupdro_uniform_init"": true, ""log_interval"": 20, ""save_every"": 10, ""impute_missing"": true, ""common_encoder"": true, ""use_regret"": false, ""data_split_seed"": 1000}","{""num_groups"": 4, ""num_classes"": 2, ""train_total"": 522, ""test_total"": 185, ""train_group_counts"": [242, 235, 20, 25], ""test_group_counts"": [61, 59, 25, 40], ""train_class_counts"": [290, 232], ""test_class_counts"": [83, 102], ""train_group_class_counts"": [[131, 111], [150, 85], [2, 18], [7, 18]], ""test_group_class_counts"": [[33, 28], [38, 21], [2, 23], [10, 30]], ""group_proportions"": [0.46360153256704983, 0.4501915708812261, 0.038314176245210725, 0.04789272030651341]}",,2026-09-14T00:18:52.063254,18,0.4594397433102131,0.7734375,0.001,0.7351351351351352,0.7021967907752154,0.575,0.8305084745762712,"[0.8032786885245902, 0.8305084745762712, 0.6, 0.575]","[0.4589419839445685, 0.44432037532076996, 0.7576747457683086, 0.7038876438513398]","[0.8554216867469879, 0.6372549019607843]","[[0.8787878787878788, 0.7142857142857143], [0.868421052631579, 0.7619047619047619], [0.5, 0.6086956521739131], [0.8, 0.5]]","[61, 59, 25, 40]",0.7348562403112111,"[0.7989010989010988, 0.8151629072681704, 0.45175438596491224, 0.5615731785944552]",0.45175438596491224,0.7576747457683086,,"[NaN, NaN, NaN, NaN]",,,
"{""run_name"": ""fedheart_exp_paper_hetagg_gdro"", ""seed"": 1337, ""run_dir"": ""runs/fedheart_cv_lam0.3/Shared_Anchors_s1337_f0"", ""use_fedheart"": true, ""num_classes"": 2, ""stratified_batching"": true, ""train_frac"": 0.8, ""group_max_train_samples"": [null, null, 20, 25], ""true_hetero_input_dim"": true, ""feature_mask"": [[0, 1, 2, 3, 5, 6, 7, 8, 9, 10], [0, 1, 2, 3, 5, 6, 11, 12], [0, 1, 2, 4, 5, 7, 11, 12], [0, 1, 2, 4, 5, 6, 8, 9, 10]], ""batch_size"": 64, ""num_workers"": 0, ""epochs"": 100, ""early_stopping_patience"": 30, ""lr"": 0.001, ""weight_decay"": 0.0001, ""optimizer"": ""adam"", ""grad_clip"": 1.0, ""lr_scheduler"": ""cosine"", ""lr_min"": 1e-05, ""latent_dim"": 64, ""head_hidden"": 32, ""groups"": [{""name"": ""cleveland"", ""encoder"": ""mlp_tabular_ln"", ""input_dim"": 13, ""hidden_dim"": 64, ""dropout"": 0.1}, {""name"": ""hungarian"", ""encoder"": ""mlp_tabular_ln"", ""input_dim"": 13, ""hidden_dim"": 64, ""dropout"": 0.1}, {""name"": ""switzerland"", ""encoder"": ""mlp_tabular_ln"", ""input_dim"": 13, ""hidden_dim"": 64, ""dropout"": 0.1}, {""name"": ""va_long_beach"", ""encoder"": ""mlp_tabular_ln"", ""input_dim"": 13, ""hidden_dim"": 64, ""dropout"": 0.1}], ""anchor_eps"": 0.0001, ""sep_samples_per_class"": 4, ""sep_method"": ""classifier"", ""sep_margin"": 1.0, ""lambda_fit"": 0.3, ""lambda_sep"": 0.3, ""groupdro_enabled"": false, ""groupdro_eta"": 1.0, ""groupdro_gamma"": 0.9, ""groupdro_update_mode"": ""softmax"", ""groupdro_objective"": ""weighted"", ""groupdro_kl_lambda"": 0.0, ""groupdro_uniform_init"": true, ""log_interval"": 20, ""save_every"": 10, ""impute_missing"": true, ""common_encoder"": true, ""use_regret"": false, ""data_split_seed"": 1000}","{""num_groups"": 4, ""num_classes"": 2, ""train_total"": 522, ""test_total"": 185, ""train_group_counts"": [242, 235, 20, 25], ""test_group_counts"": [61, 59, 25, 40], ""train_class_counts"": [290, 232], ""test_class_counts"": [83, 102], ""train_group_class_counts"": [[131, 111], [150, 85], [2, 18], [7, 18]], ""test_group_class_counts"": [[33, 28], [38, 21], [2, 23], [10, 30]], ""group_proportions"": [0.46360153256704983, 0.4501915708812261, 0.038314176245210725, 0.04789272030651341]}",,2026-09-14T00:18:52.063254,19,0.3987087495625019,0.8046875,0.001,0.6972972972972973,0.6553865657126979,0.48,0.7868852459016393,"[0.7868852459016393, 0.7796610169491526, 0.48, 0.575]","[0.4885634478853374, 0.45577118646795467, 0.9253408823907375, 0.8442672426812351]","[0.9156626506024096, 0.5196078431372549]","[[0.9393939393939394, 0.6071428571428571], [0.9210526315789473, 0.5238095238095238], [0.5, 0.4782608695652174], [0.9, 0.4666666666666667]]","[61, 59, 25, 40]",0.6925451092117759,"[0.7750354609929078, 0.7359724612736662, 0.38095238095238093, 0.5682539682539683]",0.38095238095238093,0.9253408823907375,,"[NaN, NaN, NaN, NaN]",,,
"{""run_name"": ""fedheart_exp_paper_hetagg_gdro"", ""seed"": 1337, ""run_dir"": ""runs/fedheart_cv_lam0.3/Shared_Anchors_s1337_f0"", ""use_fedheart"": true, ""num_classes"": 2, ""stratified_batching"": true, ""train_frac"": 0.8, ""group_max_train_samples"": [null, null, 20, 25], ""true_hetero_input_dim"": true, ""feature_mask"": [[0, 1, 2, 3, 5, 6, 7, 8, 9, 10], [0, 1, 2, 3, 5, 6, 11, 12], [0, 1, 2, 4, 5, 7, 11, 12], [0, 1, 2, 4, 5, 6, 8, 9, 10]], ""batch_size"": 64, ""num_workers"": 0, ""epochs"": 100, ""early_stopping_patience"": 30, ""lr"": 0.001, ""weight_decay"": 0.0001, ""optimizer"": ""adam"", ""grad_clip"": 1.0, ""lr_scheduler"": ""cosine"", ""lr_min"": 1e-05, ""latent_dim"": 64, ""head_hidden"": 32, ""groups"": [{""name"": ""cleveland"", ""encoder"": ""mlp_tabular_ln"", ""input_dim"": 13, ""hidden_dim"": 64, ""dropout"": 0.1}, {""name"": ""hungarian"", ""encoder"": ""mlp_tabular_ln"", ""input_dim"": 13, ""hidden_dim"": 64, ""dropout"": 0.1}, {""name"": ""switzerland"", ""encoder"": ""mlp_tabular_ln"", ""input_dim"": 13, ""hidden_dim"": 64, ""dropout"": 0.1}, {""name"": ""va_long_beach"", ""encoder"": ""mlp_tabular_ln"", ""input_dim"": 13, ""hidden_dim"": 64, ""dropout"": 0.1}], ""anchor_eps"": 0.0001, ""sep_samples_per_class"": 4, ""sep_method"": ""classifier"", ""sep_margin"": 1.0, ""lambda_fit"": 0.3, ""lambda_sep"": 0.3, ""groupdro_enabled"": false, ""groupdro_eta"": 1.0, ""groupdro_gamma"": 0.9, ""groupdro_update_mode"": ""softmax"", ""groupdro_objective"": ""weighted"", ""groupdro_kl_lambda"": 0.0, ""groupdro_uniform_init"": true, ""log_interval"": 20, ""save_every"": 10, ""impute_missing"": true, ""common_encoder"": true, ""use_regret"": false, ""data_split_seed"": 1000}","{""num_groups"": 4, ""num_classes"": 2, ""train_total"": 522, ""test_total"": 185, ""train_group_counts"": [242, 235, 20, 25], ""test_group_counts"": [61, 59, 25, 40], ""train_class_counts"": [290, 232], ""test_class_counts"": [83, 102], ""train_group_class_counts"": [[131, 111], [150, 85], [2, 18], [7, 18]], ""test_group_class_counts"": [[33, 28], [38, 21], [2, 23], [10, 30]], ""group_proportions"": [0.46360153256704983, 0.4501915708812261, 0.038314176245210725, 0.04789272030651341]}",,2026-09-14T00:18:52.063254,20,0.3902135379612446,0.810546875,0.001,0.7135135135135136,0.6796238538482912,0.56,0.7966101694915254,"[0.7868852459016393, 0.7966101694915254, 0.56, 0.575]","[0.4629693405672175, 0.45753901407627734, 0.8072525380551815, 0.7431602803058922]","[0.891566265060241, 0.5686274509803921]","[[0.8787878787878788, 0.6785714285714286], [0.9210526315789473, 0.5714285714285714], [0.5, 0.5652173913043478], [0.9, 0.4666666666666667]]","[61, 59, 25, 40]",0.7113544702522888,"[0.7809997238331954, 0.7601626016260162, 0.4282744282744282, 0.5682539682539683]",0.4282744282744282,0.8072525380551815,,"[NaN, NaN, NaN, NaN]",,,
"{""run_name"": ""fedheart_exp_paper_hetagg_gdro"", ""seed"": 1337, ""run_dir"": ""runs/fedheart_cv_lam0.3/Shared_Anchors_s1337_f0"", ""use_fedheart"": true, ""num_classes"": 2, ""stratified_batching"": true, ""train_frac"": 0.8, ""group_max_train_samples"": [null, null, 20, 25], ""true_hetero_input_dim"": true, ""feature_mask"": [[0, 1, 2, 3, 5, 6, 7, 8, 9, 10], [0, 1, 2, 3, 5, 6, 11, 12], [0, 1, 2, 4, 5, 7, 11, 12], [0, 1, 2, 4, 5, 6, 8, 9, 10]], ""batch_size"": 64, ""num_workers"": 0, ""epochs"": 100, ""early_stopping_patience"": 30, ""lr"": 0.001, ""weight_decay"": 0.0001, ""optimizer"": ""adam"", ""grad_clip"": 1.0, ""lr_scheduler"": ""cosine"", ""lr_min"": 1e-05, ""latent_dim"": 64, ""head_hidden"": 32, ""groups"": [{""name"": ""cleveland"", ""encoder"": ""mlp_tabular_ln"", ""input_dim"": 13, ""hidden_dim"": 64, ""dropout"": 0.1}, {""name"": ""hungarian"", ""encoder"": ""mlp_tabular_ln"", ""input_dim"": 13, ""hidden_dim"": 64, ""dropout"": 0.1}, {""name"": ""switzerland"", ""encoder"": ""mlp_tabular_ln"", ""input_dim"": 13, ""hidden_dim"": 64, ""dropout"": 0.1}, {""name"": ""va_long_beach"", ""encoder"": ""mlp_tabular_ln"", ""input_dim"": 13, ""hidden_dim"": 64, ""dropout"": 0.1}], ""anchor_eps"": 0.0001, ""sep_samples_per_class"": 4, ""sep_method"": ""classifier"", ""sep_margin"": 1.0, ""lambda_fit"": 0.3, ""lambda_sep"": 0.3, ""groupdro_enabled"": false, ""groupdro_eta"": 1.0, ""groupdro_gamma"": 0.9, ""groupdro_update_mode"": ""softmax"", ""groupdro_objective"": ""weighted"", ""groupdro_kl_lambda"": 0.0, ""groupdro_uniform_init"": true, ""log_interval"": 20, ""save_every"": 10, ""impute_missing"": true, ""common_encoder"": true, ""use_regret"": false, ""data_split_seed"": 1000}","{""num_groups"": 4, ""num_classes"": 2, ""train_total"": 522, ""test_total"": 185, ""train_group_counts"": [242, 235, 20, 25], ""test_group_counts"": [61, 59, 25, 40], ""train_class_counts"": [290, 232], ""test_class_counts"": [83, 102], ""train_group_class_counts"": [[131, 111], [150, 85], [2, 18], [7, 18]], ""test_group_class_counts"": [[33, 28], [38, 21], [2, 23], [10, 30]], ""group_proportions"": [0.46360153256704983, 0.4501915708812261, 0.038314176245210725, 0.04789272030651341]}",,2026-09-14T00:18:52.063254,21,0.35449598357081413,0.796875,0.001,0.7135135135135136,0.6796238538482912,0.56,0.7966101694915254,"[0.7868852459016393, 0.7966101694915254, 0.56, 0.575]","[0.4736390741633587, 0.46977976153967743, 0.8447758428752422, 0.791580930352211]","[0.891566265060241, 0.5686274509803921]","[[0.8787878787878788, 0.6785714285714286], [0.9210526315789473, 0.5714285714285714], [0.5, 0.5652173913043478], [0.9, 0.4666666666666667]]","[61, 59, 25, 40]",0.7113544702522888,"[0.7809997238331954, 0.7601626016260162, 0.4282744282744282, 0.5682539682539683]",0.4282744282744282,0.8447758428752422,,"[NaN, NaN, NaN, NaN]",,,
"{""run_name"": ""fedheart_exp_paper_hetagg_gdro"", ""seed"": 1337, ""run_dir"": ""runs/fedheart_cv_lam0.3/Shared_Anchors_s1337_f0"", ""use_fedheart"": true, ""num_classes"": 2, ""stratified_batching"": true, ""train_frac"": 0.8, ""group_max_train_samples"": [null, null, 20, 25], ""true_hetero_input_dim"": true, ""feature_mask"": [[0, 1, 2, 3, 5, 6, 7, 8, 9, 10], [0, 1, 2, 3, 5, 6, 11, 12], [0, 1, 2, 4, 5, 7, 11, 12], [0, 1, 2, 4, 5, 6, 8, 9, 10]], ""batch_size"": 64, ""num_workers"": 0, ""epochs"": 100, ""early_stopping_patience"": 30, ""lr"": 0.001, ""weight_decay"": 0.0001, ""optimizer"": ""adam"", ""grad_clip"": 1.0, ""lr_scheduler"": ""cosine"", ""lr_min"": 1e-05, ""latent_dim"": 64, ""head_hidden"": 32, ""groups"": [{""name"": ""cleveland"", ""encoder"": ""mlp_tabular_ln"", ""input_dim"": 13, ""hidden_dim"": 64, ""dropout"": 0.1}, {""name"": ""hungarian"", ""encoder"": ""mlp_tabular_ln"", ""input_dim"": 13, ""hidden_dim"": 64, ""dropout"": 0.1}, {""name"": ""switzerland"", ""encoder"": ""mlp_tabular_ln"", ""input_dim"": 13, ""hidden_dim"": 64, ""dropout"": 0.1}, {""name"": ""va_long_beach"", ""encoder"": ""mlp_tabular_ln"", ""input_dim"": 13, ""hidden_dim"": 64, ""dropout"": 0.1}], ""anchor_eps"": 0.0001, ""sep_samples_per_class"": 4, ""sep_method"": ""classifier"", ""sep_margin"": 1.0, ""lambda_fit"": 0.3, ""lambda_sep"": 0.3, ""groupdro_enabled"": false, ""groupdro_eta"": 1.0, ""groupdro_gamma"": 0.9, ""groupdro_update_mode"": ""softmax"", ""groupdro_objective"": ""weighted"", ""groupdro_kl_lambda"": 0.0, ""groupdro_uniform_init"": true, ""log_interval"": 20, ""save_every"": 10, ""impute_missing"": true, ""common_encoder"": true, ""use_regret"": false, ""data_split_seed"": 1000}","{""num_groups"": 4, ""num_classes"": 2, ""train_total"": 522, ""test_total"": 185, ""train_group_counts"": [242, 235, 20, 25], ""test_group_counts"": [61, 59, 25, 40], ""train_class_counts"": [290, 232], ""test_class_counts"": [83, 102], ""train_group_class_counts"": [[131, 111], [150, 85], [2, 18], [7, 18]], ""test_group_class_counts"": [[33, 28], [38, 21], [2, 23], [10, 30]], ""group_proportions"": [0.46360153256704983, 0.4501915708812261, 0.038314176245210725, 0.04789272030651341]}",,2026-09-14T00:18:52.063254,22,0.3467393573373556,0.80078125,0.001,0.7135135135135136,0.6796238538482912,0.56,0.7966101694915254,"[0.7868852459016393, 0.7966101694915254, 0.56, 0.575]","[0.4800357907766201, 0.46993124598668795, 0.8464585734903812, 0.7874135103076696]","[0.891566265060241, 0.5686274509803921]","[[0.8787878787878788, 0.6785714285714286], [0.9210526315789473, 0.5714285714285714], [0.5, 0.5652173913043478], [0.9, 0.4666666666666667]]","[61, 59, 25, 40]",0.7113544702522888,"[0.7809997238331954, 0.7601626016260162, 0.4282744282744282, 0.5682539682539683]",0.4282744282744282,0.8464585734903812,,"[NaN, NaN, NaN, NaN]",,,
"{""run_name"": ""fedheart_exp_paper_hetagg_gdro"", ""seed"": 1337, ""run_dir"": ""runs/fedheart_cv_lam0.3/Shared_Anchors_s1337_f0"", ""use_fedheart"": true, ""num_classes"": 2, ""stratified_batching"": true, ""train_frac"": 0.8, ""group_max_train_samples"": [null, null, 20, 25], ""true_hetero_input_dim"": true, ""feature_mask"": [[0, 1, 2, 3, 5, 6, 7, 8, 9, 10], [0, 1, 2, 3, 5, 6, 11, 12], [0, 1, 2, 4, 5, 7, 11, 12], [0, 1, 2, 4, 5, 6, 8, 9, 10]], ""batch_size"": 64, ""num_workers"": 0, ""epochs"": 100, ""early_stopping_patience"": 30, ""lr"": 0.001, ""weight_decay"": 0.0001, ""optimizer"": ""adam"", ""grad_clip"": 1.0, ""lr_scheduler"": ""cosine"", ""lr_min"": 1e-05, ""latent_dim"": 64, ""head_hidden"": 32, ""groups"": [{""name"": ""cleveland"", ""encoder"": ""mlp_tabular_ln"", ""input_dim"": 13, ""hidden_dim"": 64, ""dropout"": 0.1}, {""name"": ""hungarian"", ""encoder"": ""mlp_tabular_ln"", ""input_dim"": 13, ""hidden_dim"": 64, ""dropout"": 0.1}, {""name"": ""switzerland"", ""encoder"": ""mlp_tabular_ln"", ""input_dim"": 13, ""hidden_dim"": 64, ""dropout"": 0.1}, {""name"": ""va_long_beach"", ""encoder"": ""mlp_tabular_ln"", ""input_dim"": 13, ""hidden_dim"": 64, ""dropout"": 0.1}], ""anchor_eps"": 0.0001, ""sep_samples_per_class"": 4, ""sep_method"": ""classifier"", ""sep_margin"": 1.0, ""lambda_fit"": 0.3, ""lambda_sep"": 0.3, ""groupdro_enabled"": false, ""groupdro_eta"": 1.0, ""groupdro_gamma"": 0.9, ""groupdro_update_mode"": ""softmax"", ""groupdro_objective"": ""weighted"", ""groupdro_kl_lambda"": 0.0, ""groupdro_uniform_init"": true, ""log_interval"": 20, ""save_every"": 10, ""impute_missing"": true, ""common_encoder"": true, ""use_regret"": false, ""data_split_seed"": 1000}","{""num_groups"": 4, ""num_classes"": 2, ""train_total"": 522, ""test_total"": 185, ""train_group_counts"": [242, 235, 20, 25], ""test_group_counts"": [61, 59, 25, 40], ""train_class_counts"": [290, 232], ""test_class_counts"": [83, 102], ""train_group_class_counts"": [[131, 111], [150, 85], [2, 18], [7, 18]], ""test_group_class_counts"": [[33, 28], [38, 21], [2, 23], [10, 30]], ""group_proportions"": [0.46360153256704983, 0.4501915708812261, 0.038314176245210725, 0.04789272030651341]}",,2026-09-14T00:18:52.063254,23,0.3315390311181545,0.79296875,0.001,0.6918918918918919,0.6608009169213671,0.55,0.7704918032786885,"[0.7704918032786885, 0.7627118644067796, 0.56, 0.55]","[0.4995879982521788, 0.46191816432875094, 0.8907829724252224, 0.8651149081997573]","[0.8554216867469879, 0.5588235294117647]","[[0.8787878787878788, 0.6428571428571429], [0.868421052631579, 0.5714285714285714], [0.5, 0.5652173913043478], [0.8, 0.4666666666666667]]","[61, 59, 25, 40]",0.6901172529313233,"[0.7627777777777778, 0.7282894736842105, 0.4282744282744282, 0.5396419437340153]",0.4282744282744282,0.8907829724252224,,"[NaN, NaN, NaN, NaN]",,,
"{""run_name"": ""fedheart_exp_paper_hetagg_gdro"", ""seed"": 1337, ""run_dir"": ""runs/fedheart_cv_lam0.3/Shared_Anchors_s1337_f0"", ""use_fedheart"": true, ""num_classes"": 2, ""stratified_batching"": true, ""train_frac"": 0.8, ""group_max_train_samples"": [null, null, 20, 25], ""true_hetero_input_dim"": true, ""feature_mask"": [[0, 1, 2, 3, 5, 6, 7, 8, 9, 10], [0, 1, 2, 3, 5, 6, 11, 12], [0, 1, 2, 4, 5, 7, 11, 12], [0, 1, 2, 4, 5, 6, 8, 9, 10]], ""batch_size"": 64, ""num_workers"": 0, ""epochs"": 100, ""early_stopping_patience"": 30, ""lr"": 0.001, ""weight_decay"": 0.0001, ""optimizer"": ""adam"", ""grad_clip"": 1.0, ""lr_scheduler"": ""cosine"", ""lr_min"": 1e-05, ""latent_dim"": 64, ""head_hidden"": 32, ""groups"": [{""name"": ""cleveland"", ""encoder"": ""mlp_tabular_ln"", ""input_dim"": 13, ""hidden_dim"": 64, ""dropout"": 0.1}, {""name"": ""hungarian"", ""encoder"": ""mlp_tabular_ln"", ""input_dim"": 13, ""hidden_dim"": 64, ""dropout"": 0.1}, {""name"": ""switzerland"", ""encoder"": ""mlp_tabular_ln"", ""input_dim"": 13, ""hidden_dim"": 64, ""dropout"": 0.1}, {""name"": ""va_long_beach"", ""encoder"": ""mlp_tabular_ln"", ""input_dim"": 13, ""hidden_dim"": 64, ""dropout"": 0.1}], ""anchor_eps"": 0.0001, ""sep_samples_per_class"": 4, ""sep_method"": ""classifier"", ""sep_margin"": 1.0, ""lambda_fit"": 0.3, ""lambda_sep"": 0.3, ""groupdro_enabled"": false, ""groupdro_eta"": 1.0, ""groupdro_gamma"": 0.9, ""groupdro_update_mode"": ""softmax"", ""groupdro_objective"": ""weighted"", ""groupdro_kl_lambda"": 0.0, ""groupdro_uniform_init"": true, ""log_interval"": 20, ""save_every"": 10, ""impute_missing"": true, ""common_encoder"": true, ""use_regret"": false, ""data_split_seed"": 1000}","{""num_groups"": 4, ""num_classes"": 2, ""train_total"": 522, ""test_total"": 185, ""train_group_counts"": [242, 235, 20, 25], ""test_group_counts"": [61, 59, 25, 40], ""train_class_counts"": [290, 232], ""test_class_counts"": [83, 102], ""train_group_class_counts"": [[131, 111], [150, 85], [2, 18], [7, 18]], ""test_group_class_counts"": [[33, 28], [38, 21], [2, 23], [10, 30]], ""group_proportions"": [0.46360153256704983, 0.4501915708812261, 0.038314176245210725, 0.04789272030651341]}",,2026-09-14T00:18:52.063254,24,0.30356219224631786,0.8203125,0.001,0.7081081081081081,0.6735127813281467,0.55,0.8135593220338984,"[0.7704918032786885, 0.8135593220338984, 0.56, 0.55]","[0.4890707348335962, 0.4608275950965235, 0.866493326574564, 0.8764819571748376]","[0.8674698795180723, 0.5784313725490197]","[[0.8787878787878788, 0.6428571428571429], [0.8947368421052632, 0.6666666666666666], [0.5, 0.5652173913043478], [0.8, 0.4666666666666667]]","[61, 59, 25, 40]",0.7066596194503172,"[0.7627777777777778, 0.7893541058098019, 0.4282744282744282, 0.5396419437340153]",0.4282744282744282,0.8764819571748376,,"[NaN, NaN, NaN, NaN]",,,
"{""run_name"": ""fedheart_exp_paper_hetagg_gdro"", ""seed"": 1337, ""run_dir"": ""runs/fedheart_cv_lam0.3/Shared_Anchors_s1337_f0"", ""use_fedheart"": true, ""num_classes"": 2, ""stratified_batching"": true, ""train_frac"": 0.8, ""group_max_train_samples"": [null, null, 20, 25], ""true_hetero_input_dim"": true, ""feature_mask"": [[0, 1, 2, 3, 5, 6, 7, 8, 9, 10], [0, 1, 2, 3, 5, 6, 11, 12], [0, 1, 2, 4, 5, 7, 11, 12], [0, 1, 2, 4, 5, 6, 8, 9, 10]], ""batch_size"": 64, ""num_workers"": 0, ""epochs"": 100, ""early_stopping_patience"": 30, ""lr"": 0.001, ""weight_decay"": 0.0001, ""optimizer"": ""adam"", ""grad_clip"": 1.0, ""lr_scheduler"": ""cosine"", ""lr_min"": 1e-05, ""latent_dim"": 64, ""head_hidden"": 32, ""groups"": [{""name"": ""cleveland"", ""encoder"": ""mlp_tabular_ln"", ""input_dim"": 13, ""hidden_dim"": 64, ""dropout"": 0.1}, {""name"": ""hungarian"", ""encoder"": ""mlp_tabular_ln"", ""input_dim"": 13, ""hidden_dim"": 64, ""dropout"": 0.1}, {""name"": ""switzerland"", ""encoder"": ""mlp_tabular_ln"", ""input_dim"": 13, ""hidden_dim"": 64, ""dropout"": 0.1}, {""name"": ""va_long_beach"", ""encoder"": ""mlp_tabular_ln"", ""input_dim"": 13, ""hidden_dim"": 64, ""dropout"": 0.1}], ""anchor_eps"": 0.0001, ""sep_samples_per_class"": 4, ""sep_method"": ""classifier"", ""sep_margin"": 1.0, ""lambda_fit"": 0.3, ""lambda_sep"": 0.3, ""groupdro_enabled"": false, ""groupdro_eta"": 1.0, ""groupdro_gamma"": 0.9, ""groupdro_update_mode"": ""softmax"", ""groupdro_objective"": ""weighted"", ""groupdro_kl_lambda"": 0.0, ""groupdro_uniform_init"": true, ""log_interval"": 20, ""save_every"": 10, ""impute_missing"": true, ""common_encoder"": true, ""use_regret"": false, ""data_split_seed"": 1000}","{""num_groups"": 4, ""num_classes"": 2, ""train_total"": 522, ""test_total"": 185, ""train_group_counts"": [242, 235, 20, 25], ""test_group_counts"": [61, 59, 25, 40], ""train_class_counts"": [290, 232], ""test_class_counts"": [83, 102], ""train_group_class_counts"": [[131, 111], [150, 85], [2, 18], [7, 18]], ""test_group_class_counts"": [[33, 28], [38, 21], [2, 23], [10, 30]], ""group_proportions"": [0.46360153256704983, 0.4501915708812261, 0.038314176245210725, 0.04789272030651341]}",,2026-09-14T00:18:52.063254,25,0.30598099902272224,0.798828125,0.001,0.7189189189189189,0.6817095026396222,0.55,0.8135593220338984,"[0.8032786885245902, 0.8135593220338984, 0.56, 0.55]","[0.4722323776757131, 0.46801257872227897, 0.7971703401952982, 0.8078567100688815]","[0.8554216867469879, 0.6078431372549019]","[[0.8787878787878788, 0.7142857142857143], [0.868421052631579, 0.7142857142857143], [0.5, 0.5652173913043478], [0.8, 0.4666666666666667]]","[61, 59, 25, 40]",0.7182521087160263,"[0.7989010989010988, 0.7944250871080138, 0.4282744282744282, 0.5396419437340153]",0.4282744282744282,0.8078567100688815,,"[NaN, NaN, NaN, NaN]",,,
"{""run_name"": ""fedheart_exp_paper_hetagg_gdro"", ""seed"": 1337, ""run_dir"": ""runs/fedheart_cv_lam0.3/Shared_Anchors_s1337_f0"", ""use_fedheart"": true, ""num_classes"": 2, ""stratified_batching"": true, ""train_frac"": 0.8, ""group_max_train_samples"": [null, null, 20, 25], ""true_hetero_input_dim"": true, ""feature_mask"": [[0, 1, 2, 3, 5, 6, 7, 8, 9, 10], [0, 1, 2, 3, 5, 6, 11, 12], [0, 1, 2, 4, 5, 7, 11, 12], [0, 1, 2, 4, 5, 6, 8, 9, 10]], ""batch_size"": 64, ""num_workers"": 0, ""epochs"": 100, ""early_stopping_patience"": 30, ""lr"": 0.001, ""weight_decay"": 0.0001, ""optimizer"": ""adam"", ""grad_clip"": 1.0, ""lr_scheduler"": ""cosine"", ""lr_min"": 1e-05, ""latent_dim"": 64, ""head_hidden"": 32, ""groups"": [{""name"": ""cleveland"", ""encoder"": ""mlp_tabular_ln"", ""input_dim"": 13, ""hidden_dim"": 64, ""dropout"": 0.1}, {""name"": ""hungarian"", ""encoder"": ""mlp_tabular_ln"", ""input_dim"": 13, ""hidden_dim"": 64, ""dropout"": 0.1}, {""name"": ""switzerland"", ""encoder"": ""mlp_tabular_ln"", ""input_dim"": 13, ""hidden_dim"": 64, ""dropout"": 0.1}, {""name"": ""va_long_beach"", ""encoder"": ""mlp_tabular_ln"", ""input_dim"": 13, ""hidden_dim"": 64, ""dropout"": 0.1}], ""anchor_eps"": 0.0001, ""sep_samples_per_class"": 4, ""sep_method"": ""classifier"", ""sep_margin"": 1.0, ""lambda_fit"": 0.3, ""lambda_sep"": 0.3, ""groupdro_enabled"": false, ""groupdro_eta"": 1.0, ""groupdro_gamma"": 0.9, ""groupdro_update_mode"": ""softmax"", ""groupdro_objective"": ""weighted"", ""groupdro_kl_lambda"": 0.0, ""groupdro_uniform_init"": true, ""log_interval"": 20, ""save_every"": 10, ""impute_missing"": true, ""common_encoder"": true, ""use_regret"": false, ""data_split_seed"": 1000}","{""num_groups"": 4, ""num_classes"": 2, ""train_total"": 522, ""test_total"": 185, ""train_group_counts"": [242, 235, 20, 25], ""test_group_counts"": [61, 59, 25, 40], ""train_class_counts"": [290, 232], ""test_class_counts"": [83, 102], ""train_group_class_counts"": [[131, 111], [150, 85], [2, 18], [7, 18]], ""test_group_class_counts"": [[33, 28], [38, 21], [2, 23], [10, 30]], ""group_proportions"": [0.46360153256704983, 0.4501915708812261, 0.038314176245210725, 0.04789272030651341]}",,2026-09-14T00:18:52.063254,26,0.2977307680994272,0.80859375,0.001,0.6972972972972973,0.6614271325368157,0.52,0.7966101694915254,"[0.7540983606557377, 0.7966101694915254, 0.52, 0.575]","[0.4968628787481394, 0.47293542915860476, 0.9515524581074715, 0.9053954627830535]","[0.891566265060241, 0.5392156862745098]","[[0.8787878787878788, 0.6071428571428571], [0.9210526315789473, 0.5714285714285714], [0.5, 0.5217391304347826], [0.9, 0.4666666666666667]]","[61, 59, 25, 40]",0.6940703992440349,"[0.7441990494828068, 0.7601626016260162, 0.40476190476190477, 0.5682539682539683]",0.40476190476190477,0.9515524581074715,,"[NaN, NaN, NaN, NaN]",,,
"{""run_name"": ""fedheart_exp_paper_hetagg_gdro"", ""seed"": 1337, ""run_dir"": ""runs/fedheart_cv_lam0.3/Shared_Anchors_s1337_f0"", ""use_fedheart"": true, ""num_classes"": 2, ""stratified_batching"": true, ""train_frac"": 0.8, ""group_max_train_samples"": [null, null, 20, 25], ""true_hetero_input_dim"": true, ""feature_mask"": [[0, 1, 2, 3, 5, 6, 7, 8, 9, 10], [0, 1, 2, 3, 5, 6, 11, 12], [0, 1, 2, 4, 5, 7, 11, 12], [0, 1, 2, 4, 5, 6, 8, 9, 10]], ""batch_size"": 64, ""num_workers"": 0, ""epochs"": 100, ""early_stopping_patience"": 30, ""lr"": 0.001, ""weight_decay"": 0.0001, ""optimizer"": ""adam"", ""grad_clip"": 1.0, ""lr_scheduler"": ""cosine"", ""lr_min"": 1e-05, ""latent_dim"": 64, ""head_hidden"": 32, ""groups"": [{""name"": ""cleveland"", ""encoder"": ""mlp_tabular_ln"", ""input_dim"": 13, ""hidden_dim"": 64, ""dropout"": 0.1}, {""name"": ""hungarian"", ""encoder"": ""mlp_tabular_ln"", ""input_dim"": 13, ""hidden_dim"": 64, ""dropout"": 0.1}, {""name"": ""switzerland"", ""encoder"": ""mlp_tabular_ln"", ""input_dim"": 13, ""hidden_dim"": 64, ""dropout"": 0.1}, {""name"": ""va_long_beach"", ""encoder"": ""mlp_tabular_ln"", ""input_dim"": 13, ""hidden_dim"": 64, ""dropout"": 0.1}], ""anchor_eps"": 0.0001, ""sep_samples_per_class"": 4, ""sep_method"": ""classifier"", ""sep_margin"": 1.0, ""lambda_fit"": 0.3, ""lambda_sep"": 0.3, ""groupdro_enabled"": false, ""groupdro_eta"": 1.0, ""groupdro_gamma"": 0.9, ""groupdro_update_mode"": ""softmax"", ""groupdro_objective"": ""weighted"", ""groupdro_kl_lambda"": 0.0, ""groupdro_uniform_init"": true, ""log_interval"": 20, ""save_every"": 10, ""impute_missing"": true, ""common_encoder"": true, ""use_regret"": false, ""data_split_seed"": 1000}","{""num_groups"": 4, ""num_classes"": 2, ""train_total"": 522, ""test_total"": 185, ""train_group_counts"": [242, 235, 20, 25], ""test_group_counts"": [61, 59, 25, 40], ""train_class_counts"": [290, 232], ""test_class_counts"": [83, 102], ""train_group_class_counts"": [[131, 111], [150, 85], [2, 18], [7, 18]], ""test_group_class_counts"": [[33, 28], [38, 21], [2, 23], [10, 30]], ""group_proportions"": [0.46360153256704983, 0.4501915708812261, 0.038314176245210725, 0.04789272030651341]}",,2026-09-14T00:18:52.063254,27,0.26630718633532524,0.8125,0.001,0.7027027027027027,0.669136565712698,0.55,0.7868852459016393,"[0.7868852459016393, 0.7796610169491526, 0.56, 0.55]","[0.48667263331227617, 0.4672779179478096, 0.8874259378761054, 0.8295997181907296]","[0.8554216867469879, 0.5784313725490197]","[[0.8787878787878788, 0.6785714285714286], [0.868421052631579, 0.6190476190476191], [0.5, 0.5652173913043478], [0.8, 0.4666666666666667]]","[61, 59, 25, 40]",0.7014465537983041,"[0.7809997238331954, 0.751054852320675, 0.4282744282744282, 0.5396419437340153]",0.4282744282744282,0.8874259378761054,,"[NaN, NaN, NaN, NaN]",,,
"{""run_name"": ""fedheart_exp_paper_hetagg_gdro"", ""seed"": 1337, ""run_dir"": ""runs/fedheart_cv_lam0.3/Shared_Anchors_s1337_f0"", ""use_fedheart"": true, ""num_classes"": 2, ""stratified_batching"": true, ""train_frac"": 0.8, ""group_max_train_samples"": [null, null, 20, 25], ""true_hetero_input_dim"": true, ""feature_mask"": [[0, 1, 2, 3, 5, 6, 7, 8, 9, 10], [0, 1, 2, 3, 5, 6, 11, 12], [0, 1, 2, 4, 5, 7, 11, 12], [0, 1, 2, 4, 5, 6, 8, 9, 10]], ""batch_size"": 64, ""num_workers"": 0, ""epochs"": 100, ""early_stopping_patience"": 30, ""lr"": 0.001, ""weight_decay"": 0.0001, ""optimizer"": ""adam"", ""grad_clip"": 1.0, ""lr_scheduler"": ""cosine"", ""lr_min"": 1e-05, ""latent_dim"": 64, ""head_hidden"": 32, ""groups"": [{""name"": ""cleveland"", ""encoder"": ""mlp_tabular_ln"", ""input_dim"": 13, ""hidden_dim"": 64, ""dropout"": 0.1}, {""name"": ""hungarian"", ""encoder"": ""mlp_tabular_ln"", ""input_dim"": 13, ""hidden_dim"": 64, ""dropout"": 0.1}, {""name"": ""switzerland"", ""encoder"": ""mlp_tabular_ln"", ""input_dim"": 13, ""hidden_dim"": 64, ""dropout"": 0.1}, {""name"": ""va_long_beach"", ""encoder"": ""mlp_tabular_ln"", ""input_dim"": 13, ""hidden_dim"": 64, ""dropout"": 0.1}], ""anchor_eps"": 0.0001, ""sep_samples_per_class"": 4, ""sep_method"": ""classifier"", ""sep_margin"": 1.0, ""lambda_fit"": 0.3, ""lambda_sep"": 0.3, ""groupdro_enabled"": false, ""groupdro_eta"": 1.0, ""groupdro_gamma"": 0.9, ""groupdro_update_mode"": ""softmax"", ""groupdro_objective"": ""weighted"", ""groupdro_kl_lambda"": 0.0, ""groupdro_uniform_init"": true, ""log_interval"": 20, ""save_every"": 10, ""impute_missing"": true, ""common_encoder"": true, ""use_regret"": false, ""data_split_seed"": 1000}","{""num_groups"": 4, ""num_classes"": 2, ""train_total"": 522, ""test_total"": 185, ""train_group_counts"": [242, 235, 20, 25], ""test_group_counts"": [61, 59, 25, 40], ""train_class_counts"": [290, 232], ""test_class_counts"": [83, 102], ""train_group_class_counts"": [[131, 111], [150, 85], [2, 18], [7, 18]], ""test_group_class_counts"": [[33, 28], [38, 21], [2, 23], [10, 30]], ""group_proportions"": [0.46360153256704983, 0.4501915708812261, 0.038314176245210725, 0.04789272030651341]}",,2026-09-14T00:18:52.063254,28,0.27024974673986435,0.787109375,0.001,0.7135135135135136,0.6797627813281467,0.56,0.8135593220338984,"[0.7704918032786885, 0.8135593220338984, 0.56, 0.575]","[0.4951339473978418, 0.47323220671486044, 0.961216339841485, 0.8783367257099599]","[0.891566265060241, 0.5686274509803921]","[[0.8787878787878788, 0.6428571428571429], [0.9210526315789473, 0.6190476190476191], [0.5, 0.5652173913043478], [0.9, 0.4666666666666667]]","[61, 59, 25, 40]",0.7113544702522888,"[0.7627777777777778, 0.78345011678345, 0.4282744282744282, 0.5682539682539683]",0.4282744282744282,0.961216339841485,,"[NaN, NaN, NaN, NaN]",,,
"{""run_name"": ""fedheart_exp_paper_hetagg_gdro"", ""seed"": 1337, ""run_dir"": ""runs/fedheart_cv_lam0.3/Shared_Anchors_s1337_f0"", ""use_fedheart"": true, ""num_classes"": 2, ""stratified_batching"": true, ""train_frac"": 0.8, ""group_max_train_samples"": [null, null, 20, 25], ""true_hetero_input_dim"": true, ""feature_mask"": [[0, 1, 2, 3, 5, 6, 7, 8, 9, 10], [0, 1, 2, 3, 5, 6, 11, 12], [0, 1, 2, 4, 5, 7, 11, 12], [0, 1, 2, 4, 5, 6, 8, 9, 10]], ""batch_size"": 64, ""num_workers"": 0, ""epochs"": 100, ""early_stopping_patience"": 30, ""lr"": 0.001, ""weight_decay"": 0.0001, ""optimizer"": ""adam"", ""grad_clip"": 1.0, ""lr_scheduler"": ""cosine"", ""lr_min"": 1e-05, ""latent_dim"": 64, ""head_hidden"": 32, ""groups"": [{""name"": ""cleveland"", ""encoder"": ""mlp_tabular_ln"", ""input_dim"": 13, ""hidden_dim"": 64, ""dropout"": 0.1}, {""name"": ""hungarian"", ""encoder"": ""mlp_tabular_ln"", ""input_dim"": 13, ""hidden_dim"": 64, ""dropout"": 0.1}, {""name"": ""switzerland"", ""encoder"": ""mlp_tabular_ln"", ""input_dim"": 13, ""hidden_dim"": 64, ""dropout"": 0.1}, {""name"": ""va_long_beach"", ""encoder"": ""mlp_tabular_ln"", ""input_dim"": 13, ""hidden_dim"": 64, ""dropout"": 0.1}], ""anchor_eps"": 0.0001, ""sep_samples_per_class"": 4, ""sep_method"": ""classifier"", ""sep_margin"": 1.0, ""lambda_fit"": 0.3, ""lambda_sep"": 0.3, ""groupdro_enabled"": false, ""groupdro_eta"": 1.0, ""groupdro_gamma"": 0.9, ""groupdro_update_mode"": ""softmax"", ""groupdro_objective"": ""weighted"", ""groupdro_kl_lambda"": 0.0, ""groupdro_uniform_init"": true, ""log_interval"": 20, ""save_every"": 10, ""impute_missing"": true, ""common_encoder"": true, ""use_regret"": false, ""data_split_seed"": 1000}","{""num_groups"": 4, ""num_classes"": 2, ""train_total"": 522, ""test_total"": 185, ""train_group_counts"": [242, 235, 20, 25], ""test_group_counts"": [61, 59, 25, 40], ""train_class_counts"": [290, 232], ""test_class_counts"": [83, 102], ""train_group_class_counts"": [[131, 111], [150, 85], [2, 18], [7, 18]], ""test_group_class_counts"": [[33, 28], [38, 21], [2, 23], [10, 30]], ""group_proportions"": [0.46360153256704983, 0.4501915708812261, 0.038314176245210725, 0.04789272030651341]}",,2026-09-14T00:18:52.063254,29,0.26940178498625755,0.787109375,0.001,0.7297297297297297,0.6995578632953598,0.525,0.819672131147541,"[0.819672131147541, 0.8135593220338984, 0.64, 0.525]","[0.4702235263329549, 0.47435548023904783, 0.7717484163120389, 0.742005065921694]","[0.8433734939759037, 0.6372549019607843]","[[0.8787878787878788, 0.75], [0.868421052631579, 0.7142857142857143], [0.5, 0.6521739130434783], [0.7, 0.4666666666666667]]","[61, 59, 25, 40]",0.72953216374269,"[0.8165162701668034, 0.7944250871080138, 0.4755244755244755, 0.5099935525467441]",0.4755244755244755,0.7717484163120389,,"[NaN, NaN, NaN, NaN]",,,
"{""run_name"": ""fedheart_exp_paper_hetagg_gdro"", ""seed"": 1337, ""run_dir"": ""runs/fedheart_cv_lam0.3/Shared_Anchors_s1337_f0"", ""use_fedheart"": true, ""num_classes"": 2, ""stratified_batching"": true, ""train_frac"": 0.8, ""group_max_train_samples"": [null, null, 20, 25], ""true_hetero_input_dim"": true, ""feature_mask"": [[0, 1, 2, 3, 5, 6, 7, 8, 9, 10], [0, 1, 2, 3, 5, 6, 11, 12], [0, 1, 2, 4, 5, 7, 11, 12], [0, 1, 2, 4, 5, 6, 8, 9, 10]], ""batch_size"": 64, ""num_workers"": 0, ""epochs"": 100, ""early_stopping_patience"": 30, ""lr"": 0.001, ""weight_decay"": 0.0001, ""optimizer"": ""adam"", ""grad_clip"": 1.0, ""lr_scheduler"": ""cosine"", ""lr_min"": 1e-05, ""latent_dim"": 64, ""head_hidden"": 32, ""groups"": [{""name"": ""cleveland"", ""encoder"": ""mlp_tabular_ln"", ""input_dim"": 13, ""hidden_dim"": 64, ""dropout"": 0.1}, {""name"": ""hungarian"", ""encoder"": ""mlp_tabular_ln"", ""input_dim"": 13, ""hidden_dim"": 64, ""dropout"": 0.1}, {""name"": ""switzerland"", ""encoder"": ""mlp_tabular_ln"", ""input_dim"": 13, ""hidden_dim"": 64, ""dropout"": 0.1}, {""name"": ""va_long_beach"", ""encoder"": ""mlp_tabular_ln"", ""input_dim"": 13, ""hidden_dim"": 64, ""dropout"": 0.1}], ""anchor_eps"": 0.0001, ""sep_samples_per_class"": 4, ""sep_method"": ""classifier"", ""sep_margin"": 1.0, ""lambda_fit"": 0.3, ""lambda_sep"": 0.3, ""groupdro_enabled"": false, ""groupdro_eta"": 1.0, ""groupdro_gamma"": 0.9, ""groupdro_update_mode"": ""softmax"", ""groupdro_objective"": ""weighted"", ""groupdro_kl_lambda"": 0.0, ""groupdro_uniform_init"": true, ""log_interval"": 20, ""save_every"": 10, ""impute_missing"": true, ""common_encoder"": true, ""use_regret"": false, ""data_split_seed"": 1000}","{""num_groups"": 4, ""num_classes"": 2, ""train_total"": 522, ""test_total"": 185, ""train_group_counts"": [242, 235, 20, 25], ""test_group_counts"": [61, 59, 25, 40], ""train_class_counts"": [290, 232], ""test_class_counts"": [83, 102], ""train_group_class_counts"": [[131, 111], [150, 85], [2, 18], [7, 18]], ""test_group_class_counts"": [[33, 28], [38, 21], [2, 23], [10, 30]], ""group_proportions"": [0.46360153256704983, 0.4501915708812261, 0.038314176245210725, 0.04789272030651341]}",,2026-09-14T00:18:52.063254,30,0.25411622039973736,0.8125,0.001,0.6918918918918919,0.6515660600166713,0.48,0.8135593220338984,"[0.7377049180327869, 0.8135593220338984, 0.48, 0.575]","[0.5135658161989489, 0.47661662935200383, 1.0268081166967749, 0.9399589624721557]","[0.891566265060241, 0.5294117647058824]","[[0.8787878787878788, 0.5714285714285714], [0.9210526315789473, 0.6190476190476191], [0.5, 0.4782608695652174], [0.9, 0.4666666666666667]]","[61, 59, 25, 40]",0.6882483370288248,"[0.7252252252252253, 0.78345011678345, 0.38095238095238093, 0.5682539682539683]",0.38095238095238093,1.0268081166967749,,"[NaN, NaN, NaN, NaN]",,,
"{""run_name"": ""fedheart_exp_paper_hetagg_gdro"", ""seed"": 1337, ""run_dir"": ""runs/fedheart_cv_lam0.3/Shared_Anchors_s1337_f0"", ""use_fedheart"": true, ""num_classes"": 2, ""stratified_batching"": true, ""train_frac"": 0.8, ""group_max_train_samples"": [null, null, 20, 25], ""true_hetero_input_dim"": true, ""feature_mask"": [[0, 1, 2, 3, 5, 6, 7, 8, 9, 10], [0, 1, 2, 3, 5, 6, 11, 12], [0, 1, 2, 4, 5, 7, 11, 12], [0, 1, 2, 4, 5, 6, 8, 9, 10]], ""batch_size"": 64, ""num_workers"": 0, ""epochs"": 100, ""early_stopping_patience"": 30, ""lr"": 0.001, ""weight_decay"": 0.0001, ""optimizer"": ""adam"", ""grad_clip"": 1.0, ""lr_scheduler"": ""cosine"", ""lr_min"": 1e-05, ""latent_dim"": 64, ""head_hidden"": 32, ""groups"": [{""name"": ""cleveland"", ""encoder"": ""mlp_tabular_ln"", ""input_dim"": 13, ""hidden_dim"": 64, ""dropout"": 0.1}, {""name"": ""hungarian"", ""encoder"": ""mlp_tabular_ln"", ""input_dim"": 13, ""hidden_dim"": 64, ""dropout"": 0.1}, {""name"": ""switzerland"", ""encoder"": ""mlp_tabular_ln"", ""input_dim"": 13, ""hidden_dim"": 64, ""dropout"": 0.1}, {""name"": ""va_long_beach"", ""encoder"": ""mlp_tabular_ln"", ""input_dim"": 13, ""hidden_dim"": 64, ""dropout"": 0.1}], ""anchor_eps"": 0.0001, ""sep_samples_per_class"": 4, ""sep_method"": ""classifier"", ""sep_margin"": 1.0, ""lambda_fit"": 0.3, ""lambda_sep"": 0.3, ""groupdro_enabled"": false, ""groupdro_eta"": 1.0, ""groupdro_gamma"": 0.9, ""groupdro_update_mode"": ""softmax"", ""groupdro_objective"": ""weighted"", ""groupdro_kl_lambda"": 0.0, ""groupdro_uniform_init"": true, ""log_interval"": 20, ""save_every"": 10, ""impute_missing"": true, ""common_encoder"": true, ""use_regret"": false, ""data_split_seed"": 1000}","{""num_groups"": 4, ""num_classes"": 2, ""train_total"": 522, ""test_total"": 185, ""train_group_counts"": [242, 235, 20, 25], ""test_group_counts"": [61, 59, 25, 40], ""train_class_counts"": [290, 232], ""test_class_counts"": [83, 102], ""train_group_class_counts"": [[131, 111], [150, 85], [2, 18], [7, 18]], ""test_group_class_counts"": [[33, 28], [38, 21], [2, 23], [10, 30]], ""group_proportions"": [0.46360153256704983, 0.4501915708812261, 0.038314176245210725, 0.04789272030651341]}",,2026-09-14T00:18:52.063254,31,0.2526479922235012,0.818359375,0.001,0.7081081081081081,0.6732349263684357,0.55,0.8032786885245902,"[0.8032786885245902, 0.7796610169491526, 0.56, 0.55]","[0.48530544919251906, 0.4806680071278144, 0.8260934164747595, 0.7707759387325496]","[0.8433734939759037, 0.5980392156862745]","[[0.8787878787878788, 0.7142857142857143], [0.8421052631578947, 0.6666666666666666], [0.5, 0.5652173913043478], [0.8, 0.4666666666666667]]","[61, 59, 25, 40]",0.7074156513589503,"[0.7989010989010988, 0.7570478302185619, 0.4282744282744282, 0.5396419437340153]",0.4282744282744282,0.8260934164747595,,"[NaN, NaN, NaN, NaN]",,,
"{""run_name"": ""fedheart_exp_paper_hetagg_gdro"", ""seed"": 1337, ""run_dir"": ""runs/fedheart_cv_lam0.3/Shared_Anchors_s1337_f0"", ""use_fedheart"": true, ""num_classes"": 2, ""stratified_batching"": true, ""train_frac"": 0.8, ""group_max_train_samples"": [null, null, 20, 25], ""true_hetero_input_dim"": true, ""feature_mask"": [[0, 1, 2, 3, 5, 6, 7, 8, 9, 10], [0, 1, 2, 3, 5, 6, 11, 12], [0, 1, 2, 4, 5, 7, 11, 12], [0, 1, 2, 4, 5, 6, 8, 9, 10]], ""batch_size"": 64, ""num_workers"": 0, ""epochs"": 100, ""early_stopping_patience"": 30, ""lr"": 0.001, ""weight_decay"": 0.0001, ""optimizer"": ""adam"", ""grad_clip"": 1.0, ""lr_scheduler"": ""cosine"", ""lr_min"": 1e-05, ""latent_dim"": 64, ""head_hidden"": 32, ""groups"": [{""name"": ""cleveland"", ""encoder"": ""mlp_tabular_ln"", ""input_dim"": 13, ""hidden_dim"": 64, ""dropout"": 0.1}, {""name"": ""hungarian"", ""encoder"": ""mlp_tabular_ln"", ""input_dim"": 13, ""hidden_dim"": 64, ""dropout"": 0.1}, {""name"": ""switzerland"", ""encoder"": ""mlp_tabular_ln"", ""input_dim"": 13, ""hidden_dim"": 64, ""dropout"": 0.1}, {""name"": ""va_long_beach"", ""encoder"": ""mlp_tabular_ln"", ""input_dim"": 13, ""hidden_dim"": 64, ""dropout"": 0.1}], ""anchor_eps"": 0.0001, ""sep_samples_per_class"": 4, ""sep_method"": ""classifier"", ""sep_margin"": 1.0, ""lambda_fit"": 0.3, ""lambda_sep"": 0.3, ""groupdro_enabled"": false, ""groupdro_eta"": 1.0, ""groupdro_gamma"": 0.9, ""groupdro_update_mode"": ""softmax"", ""groupdro_objective"": ""weighted"", ""groupdro_kl_lambda"": 0.0, ""groupdro_uniform_init"": true, ""log_interval"": 20, ""save_every"": 10, ""impute_missing"": true, ""common_encoder"": true, ""use_regret"": false, ""data_split_seed"": 1000}","{""num_groups"": 4, ""num_classes"": 2, ""train_total"": 522, ""test_total"": 185, ""train_group_counts"": [242, 235, 20, 25], ""test_group_counts"": [61, 59, 25, 40], ""train_class_counts"": [290, 232], ""test_class_counts"": [83, 102], ""train_group_class_counts"": [[131, 111], [150, 85], [2, 18], [7, 18]], ""test_group_class_counts"": [[33, 28], [38, 21], [2, 23], [10, 30]], ""group_proportions"": [0.46360153256704983, 0.4501915708812261, 0.038314176245210725, 0.04789272030651341]}",,2026-09-14T00:18:52.063254,32,0.24596350826323032,0.810546875,0.001,0.6918918918918919,0.6514271325368157,0.48,0.7966101694915254,"[0.7540983606557377, 0.7966101694915254, 0.48, 0.575]","[0.518776192436697, 0.49062876914769915, 1.0187423562258482, 0.9092360503738746]","[0.891566265060241, 0.5294117647058824]","[[0.8787878787878788, 0.6071428571428571], [0.9210526315789473, 0.5714285714285714], [0.5, 0.4782608695652174], [0.9, 0.4666666666666667]]","[61, 59, 25, 40]",0.6882483370288248,"[0.7441990494828068, 0.7601626016260162, 0.38095238095238093, 0.5682539682539683]",0.38095238095238093,1.0187423562258482,,"[NaN, NaN, NaN, NaN]",,,
"{""run_name"": ""fedheart_exp_paper_hetagg_gdro"", ""seed"": 1337, ""run_dir"": ""runs/fedheart_cv_lam0.3/Shared_Anchors_s1337_f0"", ""use_fedheart"": true, ""num_classes"": 2, ""stratified_batching"": true, ""train_frac"": 0.8, ""group_max_train_samples"": [null, null, 20, 25], ""true_hetero_input_dim"": true, ""feature_mask"": [[0, 1, 2, 3, 5, 6, 7, 8, 9, 10], [0, 1, 2, 3, 5, 6, 11, 12], [0, 1, 2, 4, 5, 7, 11, 12], [0, 1, 2, 4, 5, 6, 8, 9, 10]], ""batch_size"": 64, ""num_workers"": 0, ""epochs"": 100, ""early_stopping_patience"": 30, ""lr"": 0.001, ""weight_decay"": 0.0001, ""optimizer"": ""adam"", ""grad_clip"": 1.0, ""lr_scheduler"": ""cosine"", ""lr_min"": 1e-05, ""latent_dim"": 64, ""head_hidden"": 32, ""groups"": [{""name"": ""cleveland"", ""encoder"": ""mlp_tabular_ln"", ""input_dim"": 13, ""hidden_dim"": 64, ""dropout"": 0.1}, {""name"": ""hungarian"", ""encoder"": ""mlp_tabular_ln"", ""input_dim"": 13, ""hidden_dim"": 64, ""dropout"": 0.1}, {""name"": ""switzerland"", ""encoder"": ""mlp_tabular_ln"", ""input_dim"": 13, ""hidden_dim"": 64, ""dropout"": 0.1}, {""name"": ""va_long_beach"", ""encoder"": ""mlp_tabular_ln"", ""input_dim"": 13, ""hidden_dim"": 64, ""dropout"": 0.1}], ""anchor_eps"": 0.0001, ""sep_samples_per_class"": 4, ""sep_method"": ""classifier"", ""sep_margin"": 1.0, ""lambda_fit"": 0.3, ""lambda_sep"": 0.3, ""groupdro_enabled"": false, ""groupdro_eta"": 1.0, ""groupdro_gamma"": 0.9, ""groupdro_update_mode"": ""softmax"", ""groupdro_objective"": ""weighted"", ""groupdro_kl_lambda"": 0.0, ""groupdro_uniform_init"": true, ""log_interval"": 20, ""save_every"": 10, ""impute_missing"": true, ""common_encoder"": true, ""use_regret"": false, ""data_split_seed"": 1000}","{""num_groups"": 4, ""num_classes"": 2, ""train_total"": 522, ""test_total"": 185, ""train_group_counts"": [242, 235, 20, 25], ""test_group_counts"": [61, 59, 25, 40], ""train_class_counts"": [290, 232], ""test_class_counts"": [83, 102], ""train_group_class_counts"": [[131, 111], [150, 85], [2, 18], [7, 18]], ""test_group_class_counts"": [[33, 28], [38, 21], [2, 23], [10, 30]], ""group_proportions"": [0.46360153256704983, 0.4501915708812261, 0.038314176245210725, 0.04789272030651341]}",,2026-09-14T00:18:52.063254,33,0.2507282756268978,0.822265625,0.001,0.7135135135135136,0.6776111419838844,0.55,0.8135593220338984,"[0.7868852459016393, 0.8135593220338984, 0.56, 0.55]","[0.5075360350768829, 0.4920125513384908, 0.9457022869214415, 0.8572075531817973]","[0.8795180722891566, 0.5784313725490197]","[[0.8787878787878788, 0.6785714285714286], [0.9210526315789473, 0.6190476190476191], [0.5, 0.5652173913043478], [0.8, 0.4666666666666667]]","[61, 59, 25, 40]",0.7118634106203532,"[0.7809997238331954, 0.78345011678345, 0.4282744282744282, 0.5396419437340153]",0.4282744282744282,0.9457022869214415,,"[NaN, NaN, NaN, NaN]",,,
"{""run_name"": ""fedheart_exp_paper_hetagg_gdro"", ""seed"": 1337, ""run_dir"": ""runs/fedheart_cv_lam0.3/Shared_Anchors_s1337_f0"", ""use_fedheart"": true, ""num_classes"": 2, ""stratified_batching"": true, ""train_frac"": 0.8, ""group_max_train_samples"": [null, null, 20, 25], ""true_hetero_input_dim"": true, ""feature_mask"": [[0, 1, 2, 3, 5, 6, 7, 8, 9, 10], [0, 1, 2, 3, 5, 6, 11, 12], [0, 1, 2, 4, 5, 7, 11, 12], [0, 1, 2, 4, 5, 6, 8, 9, 10]], ""batch_size"": 64, ""num_workers"": 0, ""epochs"": 100, ""early_stopping_patience"": 30, ""lr"": 0.001, ""weight_decay"": 0.0001, ""optimizer"": ""adam"", ""grad_clip"": 1.0, ""lr_scheduler"": ""cosine"", ""lr_min"": 1e-05, ""latent_dim"": 64, ""head_hidden"": 32, ""groups"": [{""name"": ""cleveland"", ""encoder"": ""mlp_tabular_ln"", ""input_dim"": 13, ""hidden_dim"": 64, ""dropout"": 0.1}, {""name"": ""hungarian"", ""encoder"": ""mlp_tabular_ln"", ""input_dim"": 13, ""hidden_dim"": 64, ""dropout"": 0.1}, {""name"": ""switzerland"", ""encoder"": ""mlp_tabular_ln"", ""input_dim"": 13, ""hidden_dim"": 64, ""dropout"": 0.1}, {""name"": ""va_long_beach"", ""encoder"": ""mlp_tabular_ln"", ""input_dim"": 13, ""hidden_dim"": 64, ""dropout"": 0.1}], ""anchor_eps"": 0.0001, ""sep_samples_per_class"": 4, ""sep_method"": ""classifier"", ""sep_margin"": 1.0, ""lambda_fit"": 0.3, ""lambda_sep"": 0.3, ""groupdro_enabled"": false, ""groupdro_eta"": 1.0, ""groupdro_gamma"": 0.9, ""groupdro_update_mode"": ""softmax"", ""groupdro_objective"": ""weighted"", ""groupdro_kl_lambda"": 0.0, ""groupdro_uniform_init"": true, ""log_interval"": 20, ""save_every"": 10, ""impute_missing"": true, ""common_encoder"": true, ""use_regret"": false, ""data_split_seed"": 1000}","{""num_groups"": 4, ""num_classes"": 2, ""train_total"": 522, ""test_total"": 185, ""train_group_counts"": [242, 235, 20, 25], ""test_group_counts"": [61, 59, 25, 40], ""train_class_counts"": [290, 232], ""test_class_counts"": [83, 102], ""train_group_class_counts"": [[131, 111], [150, 85], [2, 18], [7, 18]], ""test_group_class_counts"": [[33, 28], [38, 21], [2, 23], [10, 30]], ""group_proportions"": [0.46360153256704983, 0.4501915708812261, 0.038314176245210725, 0.04789272030651341]}",,2026-09-14T00:18:52.063254,34,0.22372337616980076,0.814453125,0.001,0.7189189189189189,0.6876111419838844,0.55,0.8135593220338984,"[0.7868852459016393, 0.8135593220338984, 0.6, 0.55]","[0.5094620331694357, 0.48701460602677477, 0.9474280527979135, 0.8604216402163729]","[0.8795180722891566, 0.5882352941176471]","[[0.8787878787878788, 0.6785714285714286], [0.9210526315789473, 0.6190476190476191], [0.5, 0.6086956521739131], [0.8, 0.4666666666666667]]","[61, 59, 25, 40]",0.7175240779891943,"[0.7809997238331954, 0.78345011678345, 0.45175438596491224, 0.5396419437340153]",0.45175438596491224,0.9474280527979135,,"[NaN, NaN, NaN, NaN]",,,
"{""run_name"": ""fedheart_exp_paper_hetagg_gdro"", ""seed"": 1337, ""run_dir"": ""runs/fedheart_cv_lam0.3/Shared_Anchors_s1337_f0"", ""use_fedheart"": true, ""num_classes"": 2, ""stratified_batching"": true, ""train_frac"": 0.8, ""group_max_train_samples"": [null, null, 20, 25], ""true_hetero_input_dim"": true, ""feature_mask"": [[0, 1, 2, 3, 5, 6, 7, 8, 9, 10], [0, 1, 2, 3, 5, 6, 11, 12], [0, 1, 2, 4, 5, 7, 11, 12], [0, 1, 2, 4, 5, 6, 8, 9, 10]], ""batch_size"": 64, ""num_workers"": 0, ""epochs"": 100, ""early_stopping_patience"": 30, ""lr"": 0.001, ""weight_decay"": 0.0001, ""optimizer"": ""adam"", ""grad_clip"": 1.0, ""lr_scheduler"": ""cosine"", ""lr_min"": 1e-05, ""latent_dim"": 64, ""head_hidden"": 32, ""groups"": [{""name"": ""cleveland"", ""encoder"": ""mlp_tabular_ln"", ""input_dim"": 13, ""hidden_dim"": 64, ""dropout"": 0.1}, {""name"": ""hungarian"", ""encoder"": ""mlp_tabular_ln"", ""input_dim"": 13, ""hidden_dim"": 64, ""dropout"": 0.1}, {""name"": ""switzerland"", ""encoder"": ""mlp_tabular_ln"", ""input_dim"": 13, ""hidden_dim"": 64, ""dropout"": 0.1}, {""name"": ""va_long_beach"", ""encoder"": ""mlp_tabular_ln"", ""input_dim"": 13, ""hidden_dim"": 64, ""dropout"": 0.1}], ""anchor_eps"": 0.0001, ""sep_samples_per_class"": 4, ""sep_method"": ""classifier"", ""sep_margin"": 1.0, ""lambda_fit"": 0.3, ""lambda_sep"": 0.3, ""groupdro_enabled"": false, ""groupdro_eta"": 1.0, ""groupdro_gamma"": 0.9, ""groupdro_update_mode"": ""softmax"", ""groupdro_objective"": ""weighted"", ""groupdro_kl_lambda"": 0.0, ""groupdro_uniform_init"": true, ""log_interval"": 20, ""save_every"": 10, ""impute_missing"": true, ""common_encoder"": true, ""use_regret"": false, ""data_split_seed"": 1000}","{""num_groups"": 4, ""num_classes"": 2, ""train_total"": 522, ""test_total"": 185, ""train_group_counts"": [242, 235, 20, 25], ""test_group_counts"": [61, 59, 25, 40], ""train_class_counts"": [290, 232], ""test_class_counts"": [83, 102], ""train_group_class_counts"": [[131, 111], [150, 85], [2, 18], [7, 18]], ""test_group_class_counts"": [[33, 28], [38, 21], [2, 23], [10, 30]], ""group_proportions"": [0.46360153256704983, 0.4501915708812261, 0.038314176245210725, 0.04789272030651341]}",,2026-09-14T00:18:52.063254,35,0.21188900247216225,0.810546875,0.001,0.7243243243243244,0.6974722145040289,0.55,0.8032786885245902,"[0.8032786885245902, 0.7966101694915254, 0.64, 0.55]","[0.497769622941364, 0.49624622000728624, 0.7879098631069064, 0.7319249335909263]","[0.8433734939759037, 0.6274509803921569]","[[0.8787878787878788, 0.7142857142857143], [0.868421052631579, 0.6666666666666666], [0.5, 0.6521739130434783], [0.7, 0.5]]","[61, 59, 25, 40]",0.7240340460381994,"[0.7989010989010988, 0.773076923076923, 0.4755244755244755, 0.53125]",0.4755244755244755,0.7879098631069064,,"[NaN, NaN, NaN, NaN]",,,
"{""run_name"": ""fedheart_exp_paper_hetagg_gdro"", ""seed"": 1337, ""run_dir"": ""runs/fedheart_cv_lam0.3/Shared_Anchors_s1337_f0"", ""use_fedheart"": true, ""num_classes"": 2, ""stratified_batching"": true, ""train_frac"": 0.8, ""group_max_train_samples"": [null, null, 20, 25], ""true_hetero_input_dim"": true, ""feature_mask"": [[0, 1, 2, 3, 5, 6, 7, 8, 9, 10], [0, 1, 2, 3, 5, 6, 11, 12], [0, 1, 2, 4, 5, 7, 11, 12], [0, 1, 2, 4, 5, 6, 8, 9, 10]], ""batch_size"": 64, ""num_workers"": 0, ""epochs"": 100, ""early_stopping_patience"": 30, ""lr"": 0.001, ""weight_decay"": 0.0001, ""optimizer"": ""adam"", ""grad_clip"": 1.0, ""lr_scheduler"": ""cosine"", ""lr_min"": 1e-05, ""latent_dim"": 64, ""head_hidden"": 32, ""groups"": [{""name"": ""cleveland"", ""encoder"": ""mlp_tabular_ln"", ""input_dim"": 13, ""hidden_dim"": 64, ""dropout"": 0.1}, {""name"": ""hungarian"", ""encoder"": ""mlp_tabular_ln"", ""input_dim"": 13, ""hidden_dim"": 64, ""dropout"": 0.1}, {""name"": ""switzerland"", ""encoder"": ""mlp_tabular_ln"", ""input_dim"": 13, ""hidden_dim"": 64, ""dropout"": 0.1}, {""name"": ""va_long_beach"", ""encoder"": ""mlp_tabular_ln"", ""input_dim"": 13, ""hidden_dim"": 64, ""dropout"": 0.1}], ""anchor_eps"": 0.0001, ""sep_samples_per_class"": 4, ""sep_method"": ""classifier"", ""sep_margin"": 1.0, ""lambda_fit"": 0.3, ""lambda_sep"": 0.3, ""groupdro_enabled"": false, ""groupdro_eta"": 1.0, ""groupdro_gamma"": 0.9, ""groupdro_update_mode"": ""softmax"", ""groupdro_objective"": ""weighted"", ""groupdro_kl_lambda"": 0.0, ""groupdro_uniform_init"": true, ""log_interval"": 20, ""save_every"": 10, ""impute_missing"": true, ""common_encoder"": true, ""use_regret"": false, ""data_split_seed"": 1000}","{""num_groups"": 4, ""num_classes"": 2, ""train_total"": 522, ""test_total"": 185, ""train_group_counts"": [242, 235, 20, 25], ""test_group_counts"": [61, 59, 25, 40], ""train_class_counts"": [290, 232], ""test_class_counts"": [83, 102], ""train_group_class_counts"": [[131, 111], [150, 85], [2, 18], [7, 18]], ""test_group_class_counts"": [[33, 28], [38, 21], [2, 23], [10, 30]], ""group_proportions"": [0.46360153256704983, 0.4501915708812261, 0.038314176245210725, 0.04789272030651341]}",,2026-09-14T00:18:52.063254,36,0.19299626117572188,0.828125,0.001,0.6918918918918919,0.6553160600166713,0.52,0.8135593220338984,"[0.7377049180327869, 0.8135593220338984, 0.52, 0.55]","[0.5200037632870381, 0.48721101517015597, 1.0115035550296307, 0.9130636425456032]","[0.8795180722891566, 0.5392156862745098]","[[0.8787878787878788, 0.5714285714285714], [0.9210526315789473, 0.6190476190476191], [0.5, 0.5217391304347826], [0.8, 0.4666666666666667]]","[61, 59, 25, 40]",0.6889472286953187,"[0.7252252252252253, 0.78345011678345, 0.40476190476190477, 0.5396419437340153]",0.40476190476190477,1.0115035550296307,,"[NaN, NaN, NaN, NaN]",,,
"{""run_name"": ""fedheart_exp_paper_hetagg_gdro"", ""seed"": 1337, ""run_dir"": ""runs/fedheart_cv_lam0.3/Shared_Anchors_s1337_f0"", ""use_fedheart"": true, ""num_classes"": 2, ""stratified_batching"": true, ""train_frac"": 0.8, ""group_max_train_samples"": [null, null, 20, 25], ""true_hetero_input_dim"": true, ""feature_mask"": [[0, 1, 2, 3, 5, 6, 7, 8, 9, 10], [0, 1, 2, 3, 5, 6, 11, 12], [0, 1, 2, 4, 5, 7, 11, 12], [0, 1, 2, 4, 5, 6, 8, 9, 10]], ""batch_size"": 64, ""num_workers"": 0, ""epochs"": 100, ""early_stopping_patience"": 30, ""lr"": 0.001, ""weight_decay"": 0.0001, ""optimizer"": ""adam"", ""grad_clip"": 1.0, ""lr_scheduler"": ""cosine"", ""lr_min"": 1e-05, ""latent_dim"": 64, ""head_hidden"": 32, ""groups"": [{""name"": ""cleveland"", ""encoder"": ""mlp_tabular_ln"", ""input_dim"": 13, ""hidden_dim"": 64, ""dropout"": 0.1}, {""name"": ""hungarian"", ""encoder"": ""mlp_tabular_ln"", ""input_dim"": 13, ""hidden_dim"": 64, ""dropout"": 0.1}, {""name"": ""switzerland"", ""encoder"": ""mlp_tabular_ln"", ""input_dim"": 13, ""hidden_dim"": 64, ""dropout"": 0.1}, {""name"": ""va_long_beach"", ""encoder"": ""mlp_tabular_ln"", ""input_dim"": 13, ""hidden_dim"": 64, ""dropout"": 0.1}], ""anchor_eps"": 0.0001, ""sep_samples_per_class"": 4, ""sep_method"": ""classifier"", ""sep_margin"": 1.0, ""lambda_fit"": 0.3, ""lambda_sep"": 0.3, ""groupdro_enabled"": false, ""groupdro_eta"": 1.0, ""groupdro_gamma"": 0.9, ""groupdro_update_mode"": ""softmax"", ""groupdro_objective"": ""weighted"", ""groupdro_kl_lambda"": 0.0, ""groupdro_uniform_init"": true, ""log_interval"": 20, ""save_every"": 10, ""impute_missing"": true, ""common_encoder"": true, ""use_regret"": false, ""data_split_seed"": 1000}","{""num_groups"": 4, ""num_classes"": 2, ""train_total"": 522, ""test_total"": 185, ""train_group_counts"": [242, 235, 20, 25], ""test_group_counts"": [61, 59, 25, 40], ""train_class_counts"": [290, 232], ""test_class_counts"": [83, 102], ""train_group_class_counts"": [[131, 111], [150, 85], [2, 18], [7, 18]], ""test_group_class_counts"": [[33, 28], [38, 21], [2, 23], [10, 30]], ""group_proportions"": [0.46360153256704983, 0.4501915708812261, 0.038314176245210725, 0.04789272030651341]}",,2026-09-14T00:18:52.063254,37,0.22088074497878551,0.810546875,0.001,0.7243243243243244,0.6974722145040289,0.55,0.8032786885245902,"[0.8032786885245902, 0.7966101694915254, 0.64, 0.55]","[0.4841617322908562, 0.5014778375941313, 0.8006123527511955, 0.7610901043517515]","[0.8433734939759037, 0.6274509803921569]","[[0.8787878787878788, 0.7142857142857143], [0.868421052631579, 0.6666666666666666], [0.5, 0.6521739130434783], [0.7, 0.5]]","[61, 59, 25, 40]",0.7240340460381994,"[0.7989010989010988, 0.773076923076923, 0.4755244755244755, 0.53125]",0.4755244755244755,0.8006123527511955,,"[NaN, NaN, NaN, NaN]",,,
"{""run_name"": ""fedheart_exp_paper_hetagg_gdro"", ""seed"": 1337, ""run_dir"": ""runs/fedheart_cv_lam0.3/Shared_Anchors_s1337_f0"", ""use_fedheart"": true, ""num_classes"": 2, ""stratified_batching"": true, ""train_frac"": 0.8, ""group_max_train_samples"": [null, null, 20, 25], ""true_hetero_input_dim"": true, ""feature_mask"": [[0, 1, 2, 3, 5, 6, 7, 8, 9, 10], [0, 1, 2, 3, 5, 6, 11, 12], [0, 1, 2, 4, 5, 7, 11, 12], [0, 1, 2, 4, 5, 6, 8, 9, 10]], ""batch_size"": 64, ""num_workers"": 0, ""epochs"": 100, ""early_stopping_patience"": 30, ""lr"": 0.001, ""weight_decay"": 0.0001, ""optimizer"": ""adam"", ""grad_clip"": 1.0, ""lr_scheduler"": ""cosine"", ""lr_min"": 1e-05, ""latent_dim"": 64, ""head_hidden"": 32, ""groups"": [{""name"": ""cleveland"", ""encoder"": ""mlp_tabular_ln"", ""input_dim"": 13, ""hidden_dim"": 64, ""dropout"": 0.1}, {""name"": ""hungarian"", ""encoder"": ""mlp_tabular_ln"", ""input_dim"": 13, ""hidden_dim"": 64, ""dropout"": 0.1}, {""name"": ""switzerland"", ""encoder"": ""mlp_tabular_ln"", ""input_dim"": 13, ""hidden_dim"": 64, ""dropout"": 0.1}, {""name"": ""va_long_beach"", ""encoder"": ""mlp_tabular_ln"", ""input_dim"": 13, ""hidden_dim"": 64, ""dropout"": 0.1}], ""anchor_eps"": 0.0001, ""sep_samples_per_class"": 4, ""sep_method"": ""classifier"", ""sep_margin"": 1.0, ""lambda_fit"": 0.3, ""lambda_sep"": 0.3, ""groupdro_enabled"": false, ""groupdro_eta"": 1.0, ""groupdro_gamma"": 0.9, ""groupdro_update_mode"": ""softmax"", ""groupdro_objective"": ""weighted"", ""groupdro_kl_lambda"": 0.0, ""groupdro_uniform_init"": true, ""log_interval"": 20, ""save_every"": 10, ""impute_missing"": true, ""common_encoder"": true, ""use_regret"": false, ""data_split_seed"": 1000}","{""num_groups"": 4, ""num_classes"": 2, ""train_total"": 522, ""test_total"": 185, ""train_group_counts"": [242, 235, 20, 25], ""test_group_counts"": [61, 59, 25, 40], ""train_class_counts"": [290, 232], ""test_class_counts"": [83, 102], ""train_group_class_counts"": [[131, 111], [150, 85], [2, 18], [7, 18]], ""test_group_class_counts"": [[33, 28], [38, 21], [2, 23], [10, 30]], ""group_proportions"": [0.46360153256704983, 0.4501915708812261, 0.038314176245210725, 0.04789272030651341]}",,2026-09-14T00:18:52.063254,38,0.19552708230912685,0.81640625,0.001,0.7135135135135136,0.6835127813281467,0.55,0.8135593220338984,"[0.7704918032786885, 0.8135593220338984, 0.6, 0.55]","[0.4973123073425205, 0.4996445704156817, 0.9477219541370868, 0.8748139458708465]","[0.8795180722891566, 0.5784313725490197]","[[0.8787878787878788, 0.6428571428571429], [0.9210526315789473, 0.6190476190476191], [0.5, 0.6086956521739131], [0.8, 0.4666666666666667]]","[61, 59, 25, 40]",0.7118634106203532,"[0.7627777777777778, 0.78345011678345, 0.45175438596491224, 0.5396419437340153]",0.45175438596491224,0.9477219541370868,,"[NaN, NaN, NaN, NaN]",,,
"{""run_name"": ""fedheart_exp_paper_hetagg_gdro"", ""seed"": 1337, ""run_dir"": ""runs/fedheart_cv_lam0.3/Shared_Anchors_s1337_f0"", ""use_fedheart"": true, ""num_classes"": 2, ""stratified_batching"": true, ""train_frac"": 0.8, ""group_max_train_samples"": [null, null, 20, 25], ""true_hetero_input_dim"": true, ""feature_mask"": [[0, 1, 2, 3, 5, 6, 7, 8, 9, 10], [0, 1, 2, 3, 5, 6, 11, 12], [0, 1, 2, 4, 5, 7, 11, 12], [0, 1, 2, 4, 5, 6, 8, 9, 10]], ""batch_size"": 64, ""num_workers"": 0, ""epochs"": 100, ""early_stopping_patience"": 30, ""lr"": 0.001, ""weight_decay"": 0.0001, ""optimizer"": ""adam"", ""grad_clip"": 1.0, ""lr_scheduler"": ""cosine"", ""lr_min"": 1e-05, ""latent_dim"": 64, ""head_hidden"": 32, ""groups"": [{""name"": ""cleveland"", ""encoder"": ""mlp_tabular_ln"", ""input_dim"": 13, ""hidden_dim"": 64, ""dropout"": 0.1}, {""name"": ""hungarian"", ""encoder"": ""mlp_tabular_ln"", ""input_dim"": 13, ""hidden_dim"": 64, ""dropout"": 0.1}, {""name"": ""switzerland"", ""encoder"": ""mlp_tabular_ln"", ""input_dim"": 13, ""hidden_dim"": 64, ""dropout"": 0.1}, {""name"": ""va_long_beach"", ""encoder"": ""mlp_tabular_ln"", ""input_dim"": 13, ""hidden_dim"": 64, ""dropout"": 0.1}], ""anchor_eps"": 0.0001, ""sep_samples_per_class"": 4, ""sep_method"": ""classifier"", ""sep_margin"": 1.0, ""lambda_fit"": 0.3, ""lambda_sep"": 0.3, ""groupdro_enabled"": false, ""groupdro_eta"": 1.0, ""groupdro_gamma"": 0.9, ""groupdro_update_mode"": ""softmax"", ""groupdro_objective"": ""weighted"", ""groupdro_kl_lambda"": 0.0, ""groupdro_uniform_init"": true, ""log_interval"": 20, ""save_every"": 10, ""impute_missing"": true, ""common_encoder"": true, ""use_regret"": false, ""data_split_seed"": 1000}","{""num_groups"": 4, ""num_classes"": 2, ""train_total"": 522, ""test_total"": 185, ""train_group_counts"": [242, 235, 20, 25], ""test_group_counts"": [61, 59, 25, 40], ""train_class_counts"": [290, 232], ""test_class_counts"": [83, 102], ""train_group_class_counts"": [[131, 111], [150, 85], [2, 18], [7, 18]], ""test_group_class_counts"": [[33, 28], [38, 21], [2, 23], [10, 30]], ""group_proportions"": [0.46360153256704983, 0.4501915708812261, 0.038314176245210725, 0.04789272030651341]}",,2026-09-14T00:18:52.063254,39,0.20658604241907597,0.81640625,0.001,0.7189189189189189,0.6874722145040288,0.55,0.8032786885245902,"[0.8032786885245902, 0.7966101694915254, 0.6, 0.55]","[0.48432378925871655, 0.502184204552007, 0.8453609170950949, 0.7860415504546836]","[0.8554216867469879, 0.6078431372549019]","[[0.8787878787878788, 0.7142857142857143], [0.868421052631579, 0.6666666666666666], [0.5, 0.6086956521739131], [0.8, 0.4666666666666667]]","[61, 59, 25, 40]",0.7182521087160263,"[0.7989010989010988, 0.773076923076923, 0.45175438596491224, 0.5396419437340153]",0.45175438596491224,0.8453609170950949,,"[NaN, NaN, NaN, NaN]",,,
"{""run_name"": ""fedheart_exp_paper_hetagg_gdro"", ""seed"": 1337, ""run_dir"": ""runs/fedheart_cv_lam0.3/Shared_Anchors_s1337_f0"", ""use_fedheart"": true, ""num_classes"": 2, ""stratified_batching"": true, ""train_frac"": 0.8, ""group_max_train_samples"": [null, null, 20, 25], ""true_hetero_input_dim"": true, ""feature_mask"": [[0, 1, 2, 3, 5, 6, 7, 8, 9, 10], [0, 1, 2, 3, 5, 6, 11, 12], [0, 1, 2, 4, 5, 7, 11, 12], [0, 1, 2, 4, 5, 6, 8, 9, 10]], ""batch_size"": 64, ""num_workers"": 0, ""epochs"": 100, ""early_stopping_patience"": 30, ""lr"": 0.001, ""weight_decay"": 0.0001, ""optimizer"": ""adam"", ""grad_clip"": 1.0, ""lr_scheduler"": ""cosine"", ""lr_min"": 1e-05, ""latent_dim"": 64, ""head_hidden"": 32, ""groups"": [{""name"": ""cleveland"", ""encoder"": ""mlp_tabular_ln"", ""input_dim"": 13, ""hidden_dim"": 64, ""dropout"": 0.1}, {""name"": ""hungarian"", ""encoder"": ""mlp_tabular_ln"", ""input_dim"": 13, ""hidden_dim"": 64, ""dropout"": 0.1}, {""name"": ""switzerland"", ""encoder"": ""mlp_tabular_ln"", ""input_dim"": 13, ""hidden_dim"": 64, ""dropout"": 0.1}, {""name"": ""va_long_beach"", ""encoder"": ""mlp_tabular_ln"", ""input_dim"": 13, ""hidden_dim"": 64, ""dropout"": 0.1}], ""anchor_eps"": 0.0001, ""sep_samples_per_class"": 4, ""sep_method"": ""classifier"", ""sep_margin"": 1.0, ""lambda_fit"": 0.3, ""lambda_sep"": 0.3, ""groupdro_enabled"": false, ""groupdro_eta"": 1.0, ""groupdro_gamma"": 0.9, ""groupdro_update_mode"": ""softmax"", ""groupdro_objective"": ""weighted"", ""groupdro_kl_lambda"": 0.0, ""groupdro_uniform_init"": true, ""log_interval"": 20, ""save_every"": 10, ""impute_missing"": true, ""common_encoder"": true, ""use_regret"": false, ""data_split_seed"": 1000}","{""num_groups"": 4, ""num_classes"": 2, ""train_total"": 522, ""test_total"": 185, ""train_group_counts"": [242, 235, 20, 25], ""test_group_counts"": [61, 59, 25, 40], ""train_class_counts"": [290, 232], ""test_class_counts"": [83, 102], ""train_group_class_counts"": [[131, 111], [150, 85], [2, 18], [7, 18]], ""test_group_class_counts"": [[33, 28], [38, 21], [2, 23], [10, 30]], ""group_proportions"": [0.46360153256704983, 0.4501915708812261, 0.038314176245210725, 0.04789272030651341]}",,2026-09-14T00:18:52.063254,40,0.17208411917090416,0.8125,0.001,0.7297297297297297,0.6998332870241734,0.6,0.819672131147541,"[0.819672131147541, 0.7796610169491526, 0.6, 0.6]","[0.4821909026044314, 0.5106120493610279, 0.834156697690487, 0.7638481159927324]","[0.8433734939759037, 0.6372549019607843]","[[0.8787878787878788, 0.75], [0.8421052631578947, 0.6666666666666666], [0.5, 0.6086956521739131], [0.8, 0.5333333333333333]]","[61, 59, 25, 40]",0.72953216374269,"[0.8165162701668034, 0.7570478302185619, 0.45175438596491224, 0.5833333333333335]",0.45175438596491224,0.834156697690487,,"[NaN, NaN, NaN, NaN]",,,
"{""run_name"": ""fedheart_exp_paper_hetagg_gdro"", ""seed"": 1337, ""run_dir"": ""runs/fedheart_cv_lam0.3/Shared_Anchors_s1337_f0"", ""use_fedheart"": true, ""num_classes"": 2, ""stratified_batching"": true, ""train_frac"": 0.8, ""group_max_train_samples"": [null, null, 20, 25], ""true_hetero_input_dim"": true, ""feature_mask"": [[0, 1, 2, 3, 5, 6, 7, 8, 9, 10], [0, 1, 2, 3, 5, 6, 11, 12], [0, 1, 2, 4, 5, 7, 11, 12], [0, 1, 2, 4, 5, 6, 8, 9, 10]], ""batch_size"": 64, ""num_workers"": 0, ""epochs"": 100, ""early_stopping_patience"": 30, ""lr"": 0.001, ""weight_decay"": 0.0001, ""optimizer"": ""adam"", ""grad_clip"": 1.0, ""lr_scheduler"": ""cosine"", ""lr_min"": 1e-05, ""latent_dim"": 64, ""head_hidden"": 32, ""groups"": [{""name"": ""cleveland"", ""encoder"": ""mlp_tabular_ln"", ""input_dim"": 13, ""hidden_dim"": 64, ""dropout"": 0.1}, {""name"": ""hungarian"", ""encoder"": ""mlp_tabular_ln"", ""input_dim"": 13, ""hidden_dim"": 64, ""dropout"": 0.1}, {""name"": ""switzerland"", ""encoder"": ""mlp_tabular_ln"", ""input_dim"": 13, ""hidden_dim"": 64, ""dropout"": 0.1}, {""name"": ""va_long_beach"", ""encoder"": ""mlp_tabular_ln"", ""input_dim"": 13, ""hidden_dim"": 64, ""dropout"": 0.1}], ""anchor_eps"": 0.0001, ""sep_samples_per_class"": 4, ""sep_method"": ""classifier"", ""sep_margin"": 1.0, ""lambda_fit"": 0.3, ""lambda_sep"": 0.3, ""groupdro_enabled"": false, ""groupdro_eta"": 1.0, ""groupdro_gamma"": 0.9, ""groupdro_update_mode"": ""softmax"", ""groupdro_objective"": ""weighted"", ""groupdro_kl_lambda"": 0.0, ""groupdro_uniform_init"": true, ""log_interval"": 20, ""save_every"": 10, ""impute_missing"": true, ""common_encoder"": true, ""use_regret"": false, ""data_split_seed"": 1000}","{""num_groups"": 4, ""num_classes"": 2, ""train_total"": 522, ""test_total"": 185, ""train_group_counts"": [242, 235, 20, 25], ""test_group_counts"": [61, 59, 25, 40], ""train_class_counts"": [290, 232], ""test_class_counts"": [83, 102], ""train_group_class_counts"": [[131, 111], [150, 85], [2, 18], [7, 18]], ""test_group_class_counts"": [[33, 28], [38, 21], [2, 23], [10, 30]], ""group_proportions"": [0.46360153256704983, 0.4501915708812261, 0.038314176245210725, 0.04789272030651341]}",,2026-09-14T00:18:52.063254,41,0.2028395961970091,0.82421875,0.001,0.7243243243243244,0.6917095026396222,0.55,0.8135593220338984,"[0.8032786885245902, 0.8135593220338984, 0.6, 0.55]","[0.49106942421039107, 0.4989895893071415, 0.9006597279198467, 0.8316222241846845]","[0.8795180722891566, 0.5980392156862745]","[[0.8787878787878788, 0.7142857142857143], [0.9210526315789473, 0.6190476190476191], [0.5, 0.6086956521739131], [0.8, 0.4666666666666667]]","[61, 59, 25, 40]",0.7231595317038819,"[0.7989010989010988, 0.78345011678345, 0.45175438596491224, 0.5396419437340153]",0.45175438596491224,0.9006597279198467,,"[NaN, NaN, NaN, NaN]",,,
"{""run_name"": ""fedheart_exp_paper_hetagg_gdro"", ""seed"": 1337, ""run_dir"": ""runs/fedheart_cv_lam0.3/Shared_Anchors_s1337_f0"", ""use_fedheart"": true, ""num_classes"": 2, ""stratified_batching"": true, ""train_frac"": 0.8, ""group_max_train_samples"": [null, null, 20, 25], ""true_hetero_input_dim"": true, ""feature_mask"": [[0, 1, 2, 3, 5, 6, 7, 8, 9, 10], [0, 1, 2, 3, 5, 6, 11, 12], [0, 1, 2, 4, 5, 7, 11, 12], [0, 1, 2, 4, 5, 6, 8, 9, 10]], ""batch_size"": 64, ""num_workers"": 0, ""epochs"": 100, ""early_stopping_patience"": 30, ""lr"": 0.001, ""weight_decay"": 0.0001, ""optimizer"": ""adam"", ""grad_clip"": 1.0, ""lr_scheduler"": ""cosine"", ""lr_min"": 1e-05, ""latent_dim"": 64, ""head_hidden"": 32, ""groups"": [{""name"": ""cleveland"", ""encoder"": ""mlp_tabular_ln"", ""input_dim"": 13, ""hidden_dim"": 64, ""dropout"": 0.1}, {""name"": ""hungarian"", ""encoder"": ""mlp_tabular_ln"", ""input_dim"": 13, ""hidden_dim"": 64, ""dropout"": 0.1}, {""name"": ""switzerland"", ""encoder"": ""mlp_tabular_ln"", ""input_dim"": 13, ""hidden_dim"": 64, ""dropout"": 0.1}, {""name"": ""va_long_beach"", ""encoder"": ""mlp_tabular_ln"", ""input_dim"": 13, ""hidden_dim"": 64, ""dropout"": 0.1}], ""anchor_eps"": 0.0001, ""sep_samples_per_class"": 4, ""sep_method"": ""classifier"", ""sep_margin"": 1.0, ""lambda_fit"": 0.3, ""lambda_sep"": 0.3, ""groupdro_enabled"": false, ""groupdro_eta"": 1.0, ""groupdro_gamma"": 0.9, ""groupdro_update_mode"": ""softmax"", ""groupdro_objective"": ""weighted"", ""groupdro_kl_lambda"": 0.0, ""groupdro_uniform_init"": true, ""log_interval"": 20, ""save_every"": 10, ""impute_missing"": true, ""common_encoder"": true, ""use_regret"": false, ""data_split_seed"": 1000}","{""num_groups"": 4, ""num_classes"": 2, ""train_total"": 522, ""test_total"": 185, ""train_group_counts"": [242, 235, 20, 25], ""test_group_counts"": [61, 59, 25, 40], ""train_class_counts"": [290, 232], ""test_class_counts"": [83, 102], ""train_group_class_counts"": [[131, 111], [150, 85], [2, 18], [7, 18]], ""test_group_class_counts"": [[33, 28], [38, 21], [2, 23], [10, 30]], ""group_proportions"": [0.46360153256704983, 0.4501915708812261, 0.038314176245210725, 0.04789272030651341]}",,2026-09-14T00:18:52.063254,42,0.15668664872646332,0.83203125,0.001,0.7243243243243244,0.6915705751597666,0.55,0.819672131147541,"[0.819672131147541, 0.7966101694915254, 0.6, 0.55]","[0.48984789515494326, 0.5078918678307179, 0.7636068050004542, 0.7529215686139651]","[0.8192771084337349, 0.6470588235294118]","[[0.8787878787878788, 0.75], [0.8421052631578947, 0.7142857142857143], [0.5, 0.6086956521739131], [0.6, 0.5333333333333333]]","[61, 59, 25, 40]",0.7242921013412817,"[0.8165162701668034, 0.7781954887218046, 0.45175438596491224, 0.52]",0.45175438596491224,0.7636068050004542,,"[NaN, NaN, NaN, NaN]",,,
"{""run_name"": ""fedheart_exp_paper_hetagg_gdro"", ""seed"": 1337, ""run_dir"": ""runs/fedheart_cv_lam0.3/Shared_Anchors_s1337_f0"", ""use_fedheart"": true, ""num_classes"": 2, ""stratified_batching"": true, ""train_frac"": 0.8, ""group_max_train_samples"": [null, null, 20, 25], ""true_hetero_input_dim"": true, ""feature_mask"": [[0, 1, 2, 3, 5, 6, 7, 8, 9, 10], [0, 1, 2, 3, 5, 6, 11, 12], [0, 1, 2, 4, 5, 7, 11, 12], [0, 1, 2, 4, 5, 6, 8, 9, 10]], ""batch_size"": 64, ""num_workers"": 0, ""epochs"": 100, ""early_stopping_patience"": 30, ""lr"": 0.001, ""weight_decay"": 0.0001, ""optimizer"": ""adam"", ""grad_clip"": 1.0, ""lr_scheduler"": ""cosine"", ""lr_min"": 1e-05, ""latent_dim"": 64, ""head_hidden"": 32, ""groups"": [{""name"": ""cleveland"", ""encoder"": ""mlp_tabular_ln"", ""input_dim"": 13, ""hidden_dim"": 64, ""dropout"": 0.1}, {""name"": ""hungarian"", ""encoder"": ""mlp_tabular_ln"", ""input_dim"": 13, ""hidden_dim"": 64, ""dropout"": 0.1}, {""name"": ""switzerland"", ""encoder"": ""mlp_tabular_ln"", ""input_dim"": 13, ""hidden_dim"": 64, ""dropout"": 0.1}, {""name"": ""va_long_beach"", ""encoder"": ""mlp_tabular_ln"", ""input_dim"": 13, ""hidden_dim"": 64, ""dropout"": 0.1}], ""anchor_eps"": 0.0001, ""sep_samples_per_class"": 4, ""sep_method"": ""classifier"", ""sep_margin"": 1.0, ""lambda_fit"": 0.3, ""lambda_sep"": 0.3, ""groupdro_enabled"": false, ""groupdro_eta"": 1.0, ""groupdro_gamma"": 0.9, ""groupdro_update_mode"": ""softmax"", ""groupdro_objective"": ""weighted"", ""groupdro_kl_lambda"": 0.0, ""groupdro_uniform_init"": true, ""log_interval"": 20, ""save_every"": 10, ""impute_missing"": true, ""common_encoder"": true, ""use_regret"": false, ""data_split_seed"": 1000}","{""num_groups"": 4, ""num_classes"": 2, ""train_total"": 522, ""test_total"": 185, ""train_group_counts"": [242, 235, 20, 25], ""test_group_counts"": [61, 59, 25, 40], ""train_class_counts"": [290, 232], ""test_class_counts"": [83, 102], ""train_group_class_counts"": [[131, 111], [150, 85], [2, 18], [7, 18]], ""test_group_class_counts"": [[33, 28], [38, 21], [2, 23], [10, 30]], ""group_proportions"": [0.46360153256704983, 0.4501915708812261, 0.038314176245210725, 0.04789272030651341]}",,2026-09-14T00:18:52.063254,43,0.19401642680168152,0.796875,0.001,0.7135135135135136,0.6812222145040289,0.525,0.8032786885245902,"[0.8032786885245902, 0.7966101694915254, 0.6, 0.525]","[0.5032893537284165, 0.4977885408295413, 0.8176570197194815, 0.8049855088582263]","[0.8313253012048193, 0.6176470588235294]","[[0.8787878787878788, 0.7142857142857143], [0.8421052631578947, 0.7142857142857143], [0.5, 0.6086956521739131], [0.7, 0.4666666666666667]]","[61, 59, 25, 40]",0.7132118517651875,"[0.7989010989010988, 0.7781954887218046, 0.45175438596491224, 0.5099935525467441]",0.45175438596491224,0.8176570197194815,,"[NaN, NaN, NaN, NaN]",,,
"{""run_name"": ""fedheart_exp_paper_hetagg_gdro"", ""seed"": 1337, ""run_dir"": ""runs/fedheart_cv_lam0.3/Shared_Anchors_s1337_f0"", ""use_fedheart"": true, ""num_classes"": 2, ""stratified_batching"": true, ""train_frac"": 0.8, ""group_max_train_samples"": [null, null, 20, 25], ""true_hetero_input_dim"": true, ""feature_mask"": [[0, 1, 2, 3, 5, 6, 7, 8, 9, 10], [0, 1, 2, 3, 5, 6, 11, 12], [0, 1, 2, 4, 5, 7, 11, 12], [0, 1, 2, 4, 5, 6, 8, 9, 10]], ""batch_size"": 64, ""num_workers"": 0, ""epochs"": 100, ""early_stopping_patience"": 30, ""lr"": 0.001, ""weight_decay"": 0.0001, ""optimizer"": ""adam"", ""grad_clip"": 1.0, ""lr_scheduler"": ""cosine"", ""lr_min"": 1e-05, ""latent_dim"": 64, ""head_hidden"": 32, ""groups"": [{""name"": ""cleveland"", ""encoder"": ""mlp_tabular_ln"", ""input_dim"": 13, ""hidden_dim"": 64, ""dropout"": 0.1}, {""name"": ""hungarian"", ""encoder"": ""mlp_tabular_ln"", ""input_dim"": 13, ""hidden_dim"": 64, ""dropout"": 0.1}, {""name"": ""switzerland"", ""encoder"": ""mlp_tabular_ln"", ""input_dim"": 13, ""hidden_dim"": 64, ""dropout"": 0.1}, {""name"": ""va_long_beach"", ""encoder"": ""mlp_tabular_ln"", ""input_dim"": 13, ""hidden_dim"": 64, ""dropout"": 0.1}], ""anchor_eps"": 0.0001, ""sep_samples_per_class"": 4, ""sep_method"": ""classifier"", ""sep_margin"": 1.0, ""lambda_fit"": 0.3, ""lambda_sep"": 0.3, ""groupdro_enabled"": false, ""groupdro_eta"": 1.0, ""groupdro_gamma"": 0.9, ""groupdro_update_mode"": ""softmax"", ""groupdro_objective"": ""weighted"", ""groupdro_kl_lambda"": 0.0, ""groupdro_uniform_init"": true, ""log_interval"": 20, ""save_every"": 10, ""impute_missing"": true, ""common_encoder"": true, ""use_regret"": false, ""data_split_seed"": 1000}","{""num_groups"": 4, ""num_classes"": 2, ""train_total"": 522, ""test_total"": 185, ""train_group_counts"": [242, 235, 20, 25], ""test_group_counts"": [61, 59, 25, 40], ""train_class_counts"": [290, 232], ""test_class_counts"": [83, 102], ""train_group_class_counts"": [[131, 111], [150, 85], [2, 18], [7, 18]], ""test_group_class_counts"": [[33, 28], [38, 21], [2, 23], [10, 30]], ""group_proportions"": [0.46360153256704983, 0.4501915708812261, 0.038314176245210725, 0.04789272030651341]}",,2026-09-14T00:18:52.063254,44,0.17643960285931826,0.822265625,0.001,0.7081081081081081,0.6792754931925535,0.55,0.7966101694915254,"[0.7704918032786885, 0.7966101694915254, 0.6, 0.55]","[0.5206358085890286, 0.49414704781088786, 0.9805930747836828, 0.9259119725786149]","[0.8674698795180723, 0.5784313725490197]","[[0.8787878787878788, 0.6428571428571429], [0.8947368421052632, 0.6190476190476191], [0.5, 0.6086956521739131], [0.8, 0.4666666666666667]]","[61, 59, 25, 40]",0.7066596194503172,"[0.7627777777777778, 0.7671052631578947, 0.45175438596491224, 0.5396419437340153]",0.45175438596491224,0.9805930747836828,,"[NaN, NaN, NaN, NaN]",,,
"{""run_name"": ""fedheart_exp_paper_hetagg_gdro"", ""seed"": 1337, ""run_dir"": ""runs/fedheart_cv_lam0.3/Shared_Anchors_s1337_f0"", ""use_fedheart"": true, ""num_classes"": 2, ""stratified_batching"": true, ""train_frac"": 0.8, ""group_max_train_samples"": [null, null, 20, 25], ""true_hetero_input_dim"": true, ""feature_mask"": [[0, 1, 2, 3, 5, 6, 7, 8, 9, 10], [0, 1, 2, 3, 5, 6, 11, 12], [0, 1, 2, 4, 5, 7, 11, 12], [0, 1, 2, 4, 5, 6, 8, 9, 10]], ""batch_size"": 64, ""num_workers"": 0, ""epochs"": 100, ""early_stopping_patience"": 30, ""lr"": 0.001, ""weight_decay"": 0.0001, ""optimizer"": ""adam"", ""grad_clip"": 1.0, ""lr_scheduler"": ""cosine"", ""lr_min"": 1e-05, ""latent_dim"": 64, ""head_hidden"": 32, ""groups"": [{""name"": ""cleveland"", ""encoder"": ""mlp_tabular_ln"", ""input_dim"": 13, ""hidden_dim"": 64, ""dropout"": 0.1}, {""name"": ""hungarian"", ""encoder"": ""mlp_tabular_ln"", ""input_dim"": 13, ""hidden_dim"": 64, ""dropout"": 0.1}, {""name"": ""switzerland"", ""encoder"": ""mlp_tabular_ln"", ""input_dim"": 13, ""hidden_dim"": 64, ""dropout"": 0.1}, {""name"": ""va_long_beach"", ""encoder"": ""mlp_tabular_ln"", ""input_dim"": 13, ""hidden_dim"": 64, ""dropout"": 0.1}], ""anchor_eps"": 0.0001, ""sep_samples_per_class"": 4, ""sep_method"": ""classifier"", ""sep_margin"": 1.0, ""lambda_fit"": 0.3, ""lambda_sep"": 0.3, ""groupdro_enabled"": false, ""groupdro_eta"": 1.0, ""groupdro_gamma"": 0.9, ""groupdro_update_mode"": ""softmax"", ""groupdro_objective"": ""weighted"", ""groupdro_kl_lambda"": 0.0, ""groupdro_uniform_init"": true, ""log_interval"": 20, ""save_every"": 10, ""impute_missing"": true, ""common_encoder"": true, ""use_regret"": false, ""data_split_seed"": 1000}","{""num_groups"": 4, ""num_classes"": 2, ""train_total"": 522, ""test_total"": 185, ""train_group_counts"": [242, 235, 20, 25], ""test_group_counts"": [61, 59, 25, 40], ""train_class_counts"": [290, 232], ""test_class_counts"": [83, 102], ""train_group_class_counts"": [[131, 111], [150, 85], [2, 18], [7, 18]], ""test_group_class_counts"": [[33, 28], [38, 21], [2, 23], [10, 30]], ""group_proportions"": [0.46360153256704983, 0.4501915708812261, 0.038314176245210725, 0.04789272030651341]}",,2026-09-14T00:18:52.063254,45,0.1635597050189972,0.83203125,0.001,0.7297297297297297,0.6956689358155044,0.55,0.8360655737704918,"[0.8360655737704918, 0.7966101694915254, 0.6, 0.55]","[0.5042287417702743, 0.5077953971369918, 0.7972537450492382, 0.7957652277429588]","[0.8313253012048193, 0.6470588235294118]","[[0.8787878787878788, 0.7857142857142857], [0.8421052631578947, 0.7142857142857143], [0.5, 0.6086956521739131], [0.7, 0.5]]","[61, 59, 25, 40]",0.7296586392331073,"[0.8338779956427016, 0.7781954887218046, 0.45175438596491224, 0.53125]",0.45175438596491224,0.7972537450492382,,"[NaN, NaN, NaN, NaN]",,,
"{""run_name"": ""fedheart_exp_paper_hetagg_gdro"", ""seed"": 1337, ""run_dir"": ""runs/fedheart_cv_lam0.3/Shared_Anchors_s1337_f0"", ""use_fedheart"": true, ""num_classes"": 2, ""stratified_batching"": true, ""train_frac"": 0.8, ""group_max_train_samples"": [null, null, 20, 25], ""true_hetero_input_dim"": true, ""feature_mask"": [[0, 1, 2, 3, 5, 6, 7, 8, 9, 10], [0, 1, 2, 3, 5, 6, 11, 12], [0, 1, 2, 4, 5, 7, 11, 12], [0, 1, 2, 4, 5, 6, 8, 9, 10]], ""batch_size"": 64, ""num_workers"": 0, ""epochs"": 100, ""early_stopping_patience"": 30, ""lr"": 0.001, ""weight_decay"": 0.0001, ""optimizer"": ""adam"", ""grad_clip"": 1.0, ""lr_scheduler"": ""cosine"", ""lr_min"": 1e-05, ""latent_dim"": 64, ""head_hidden"": 32, ""groups"": [{""name"": ""cleveland"", ""encoder"": ""mlp_tabular_ln"", ""input_dim"": 13, ""hidden_dim"": 64, ""dropout"": 0.1}, {""name"": ""hungarian"", ""encoder"": ""mlp_tabular_ln"", ""input_dim"": 13, ""hidden_dim"": 64, ""dropout"": 0.1}, {""name"": ""switzerland"", ""encoder"": ""mlp_tabular_ln"", ""input_dim"": 13, ""hidden_dim"": 64, ""dropout"": 0.1}, {""name"": ""va_long_beach"", ""encoder"": ""mlp_tabular_ln"", ""input_dim"": 13, ""hidden_dim"": 64, ""dropout"": 0.1}], ""anchor_eps"": 0.0001, ""sep_samples_per_class"": 4, ""sep_method"": ""classifier"", ""sep_margin"": 1.0, ""lambda_fit"": 0.3, ""lambda_sep"": 0.3, ""groupdro_enabled"": false, ""groupdro_eta"": 1.0, ""groupdro_gamma"": 0.9, ""groupdro_update_mode"": ""softmax"", ""groupdro_objective"": ""weighted"", ""groupdro_kl_lambda"": 0.0, ""groupdro_uniform_init"": true, ""log_interval"": 20, ""save_every"": 10, ""impute_missing"": true, ""common_encoder"": true, ""use_regret"": false, ""data_split_seed"": 1000}","{""num_groups"": 4, ""num_classes"": 2, ""train_total"": 522, ""test_total"": 185, ""train_group_counts"": [242, 235, 20, 25], ""test_group_counts"": [61, 59, 25, 40], ""train_class_counts"": [290, 232], ""test_class_counts"": [83, 102], ""train_group_class_counts"": [[131, 111], [150, 85], [2, 18], [7, 18]], ""test_group_class_counts"": [[33, 28], [38, 21], [2, 23], [10, 30]], ""group_proportions"": [0.46360153256704983, 0.4501915708812261, 0.038314176245210725, 0.04789272030651341]}",,2026-09-14T00:18:52.063254,46,0.15043204929679632,0.822265625,0.001,0.7081081081081081,0.6771238538482912,0.525,0.7966101694915254,"[0.7868852459016393, 0.7966101694915254, 0.6, 0.525]","[0.5230423643665968, 0.5035362057703532, 1.0006987472251057, 0.9298857375048101]","[0.8554216867469879, 0.5882352941176471]","[[0.8787878787878788, 0.6785714285714286], [0.8947368421052632, 0.6190476190476191], [0.5, 0.6086956521739131], [0.7, 0.4666666666666667]]","[61, 59, 25, 40]",0.7070724841660803,"[0.7809997238331954, 0.7671052631578947, 0.45175438596491224, 0.5099935525467441]",0.45175438596491224,1.0006987472251057,,"[NaN, NaN, NaN, NaN]",,,
"{""run_name"": ""fedheart_exp_paper_hetagg_gdro"", ""seed"": 1337, ""run_dir"": ""runs/fedheart_cv_lam0.3/Shared_Anchors_s1337_f0"", ""use_fedheart"": true, ""num_classes"": 2, ""stratified_batching"": true, ""train_frac"": 0.8, ""group_max_train_samples"": [null, null, 20, 25], ""true_hetero_input_dim"": true, ""feature_mask"": [[0, 1, 2, 3, 5, 6, 7, 8, 9, 10], [0, 1, 2, 3, 5, 6, 11, 12], [0, 1, 2, 4, 5, 7, 11, 12], [0, 1, 2, 4, 5, 6, 8, 9, 10]], ""batch_size"": 64, ""num_workers"": 0, ""epochs"": 100, ""early_stopping_patience"": 30, ""lr"": 0.001, ""weight_decay"": 0.0001, ""optimizer"": ""adam"", ""grad_clip"": 1.0, ""lr_scheduler"": ""cosine"", ""lr_min"": 1e-05, ""latent_dim"": 64, ""head_hidden"": 32, ""groups"": [{""name"": ""cleveland"", ""encoder"": ""mlp_tabular_ln"", ""input_dim"": 13, ""hidden_dim"": 64, ""dropout"": 0.1}, {""name"": ""hungarian"", ""encoder"": ""mlp_tabular_ln"", ""input_dim"": 13, ""hidden_dim"": 64, ""dropout"": 0.1}, {""name"": ""switzerland"", ""encoder"": ""mlp_tabular_ln"", ""input_dim"": 13, ""hidden_dim"": 64, ""dropout"": 0.1}, {""name"": ""va_long_beach"", ""encoder"": ""mlp_tabular_ln"", ""input_dim"": 13, ""hidden_dim"": 64, ""dropout"": 0.1}], ""anchor_eps"": 0.0001, ""sep_samples_per_class"": 4, ""sep_method"": ""classifier"", ""sep_margin"": 1.0, ""lambda_fit"": 0.3, ""lambda_sep"": 0.3, ""groupdro_enabled"": false, ""groupdro_eta"": 1.0, ""groupdro_gamma"": 0.9, ""groupdro_update_mode"": ""softmax"", ""groupdro_objective"": ""weighted"", ""groupdro_kl_lambda"": 0.0, ""groupdro_uniform_init"": true, ""log_interval"": 20, ""save_every"": 10, ""impute_missing"": true, ""common_encoder"": true, ""use_regret"": false, ""data_split_seed"": 1000}","{""num_groups"": 4, ""num_classes"": 2, ""train_total"": 522, ""test_total"": 185, ""train_group_counts"": [242, 235, 20, 25], ""test_group_counts"": [61, 59, 25, 40], ""train_class_counts"": [290, 232], ""test_class_counts"": [83, 102], ""train_group_class_counts"": [[131, 111], [150, 85], [2, 18], [7, 18]], ""test_group_class_counts"": [[33, 28], [38, 21], [2, 23], [10, 30]], ""group_proportions"": [0.46360153256704983, 0.4501915708812261, 0.038314176245210725, 0.04789272030651341]}",,2026-09-14T00:18:52.063254,47,0.14975192677229643,0.818359375,0.001,0.7027027027027027,0.6727476382328424,0.525,0.8032786885245902,"[0.8032786885245902, 0.7627118644067796, 0.6, 0.525]","[0.5116223880608918, 0.5139197328727756, 0.875973702846095, 0.8072854170226492]","[0.8313253012048193, 0.5980392156862745]","[[0.8787878787878788, 0.7142857142857143], [0.8421052631578947, 0.6190476190476191], [0.5, 0.6086956521739131], [0.7, 0.4666666666666667]]","[61, 59, 25, 40]",0.7021457217294576,"[0.7989010989010988, 0.7352564102564103, 0.45175438596491224, 0.5099935525467441]",0.45175438596491224,0.875973702846095,,"[NaN, NaN, NaN, NaN]",,,
"{""run_name"": ""fedheart_exp_paper_hetagg_gdro"", ""seed"": 1337, ""run_dir"": ""runs/fedheart_cv_lam0.3/Shared_Anchors_s1337_f0"", ""use_fedheart"": true, ""num_classes"": 2, ""stratified_batching"": true, ""train_frac"": 0.8, ""group_max_train_samples"": [null, null, 20, 25], ""true_hetero_input_dim"": true, ""feature_mask"": [[0, 1, 2, 3, 5, 6, 7, 8, 9, 10], [0, 1, 2, 3, 5, 6, 11, 12], [0, 1, 2, 4, 5, 7, 11, 12], [0, 1, 2, 4, 5, 6, 8, 9, 10]], ""batch_size"": 64, ""num_workers"": 0, ""epochs"": 100, ""early_stopping_patience"": 30, ""lr"": 0.001, ""weight_decay"": 0.0001, ""optimizer"": ""adam"", ""grad_clip"": 1.0, ""lr_scheduler"": ""cosine"", ""lr_min"": 1e-05, ""latent_dim"": 64, ""head_hidden"": 32, ""groups"": [{""name"": ""cleveland"", ""encoder"": ""mlp_tabular_ln"", ""input_dim"": 13, ""hidden_dim"": 64, ""dropout"": 0.1}, {""name"": ""hungarian"", ""encoder"": ""mlp_tabular_ln"", ""input_dim"": 13, ""hidden_dim"": 64, ""dropout"": 0.1}, {""name"": ""switzerland"", ""encoder"": ""mlp_tabular_ln"", ""input_dim"": 13, ""hidden_dim"": 64, ""dropout"": 0.1}, {""name"": ""va_long_beach"", ""encoder"": ""mlp_tabular_ln"", ""input_dim"": 13, ""hidden_dim"": 64, ""dropout"": 0.1}], ""anchor_eps"": 0.0001, ""sep_samples_per_class"": 4, ""sep_method"": ""classifier"", ""sep_margin"": 1.0, ""lambda_fit"": 0.3, ""lambda_sep"": 0.3, ""groupdro_enabled"": false, ""groupdro_eta"": 1.0, ""groupdro_gamma"": 0.9, ""groupdro_update_mode"": ""softmax"", ""groupdro_objective"": ""weighted"", ""groupdro_kl_lambda"": 0.0, ""groupdro_uniform_init"": true, ""log_interval"": 20, ""save_every"": 10, ""impute_missing"": true, ""common_encoder"": true, ""use_regret"": false, ""data_split_seed"": 1000}","{""num_groups"": 4, ""num_classes"": 2, ""train_total"": 522, ""test_total"": 185, ""train_group_counts"": [242, 235, 20, 25], ""test_group_counts"": [61, 59, 25, 40], ""train_class_counts"": [290, 232], ""test_class_counts"": [83, 102], ""train_group_class_counts"": [[131, 111], [150, 85], [2, 18], [7, 18]], ""test_group_class_counts"": [[33, 28], [38, 21], [2, 23], [10, 30]], ""group_proportions"": [0.46360153256704983, 0.4501915708812261, 0.038314176245210725, 0.04789272030651341]}",,2026-09-14T00:18:52.063254,48,0.1453527668491006,0.822265625,0.001,0.7135135135135136,0.6812222145040289,0.525,0.8032786885245902,"[0.8032786885245902, 0.7966101694915254, 0.6, 0.525]","[0.5177211225811453, 0.5178648792996497, 0.9356314337998629, 0.8534288229770027]","[0.8554216867469879, 0.5980392156862745]","[[0.8787878787878788, 0.7142857142857143], [0.8947368421052632, 0.6190476190476191], [0.5, 0.6086956521739131], [0.7, 0.4666666666666667]]","[61, 59, 25, 40]",0.7126739926739927,"[0.7989010989010988, 0.7671052631578947, 0.45175438596491224, 0.5099935525467441]",0.45175438596491224,0.9356314337998629,,"[NaN, NaN, NaN, NaN]",,,
"{""run_name"": ""fedheart_exp_paper_hetagg_gdro"", ""seed"": 1337, ""run_dir"": ""runs/fedheart_cv_lam0.3/Shared_Anchors_s1337_f0"", ""use_fedheart"": true, ""num_classes"": 2, ""stratified_batching"": true, ""train_frac"": 0.8, ""group_max_train_samples"": [null, null, 20, 25], ""true_hetero_input_dim"": true, ""feature_mask"": [[0, 1, 2, 3, 5, 6, 7, 8, 9, 10], [0, 1, 2, 3, 5, 6, 11, 12], [0, 1, 2, 4, 5, 7, 11, 12], [0, 1, 2, 4, 5, 6, 8, 9, 10]], ""batch_size"": 64, ""num_workers"": 0, ""epochs"": 100, ""early_stopping_patience"": 30, ""lr"": 0.001, ""weight_decay"": 0.0001, ""optimizer"": ""adam"", ""grad_clip"": 1.0, ""lr_scheduler"": ""cosine"", ""lr_min"": 1e-05, ""latent_dim"": 64, ""head_hidden"": 32, ""groups"": [{""name"": ""cleveland"", ""encoder"": ""mlp_tabular_ln"", ""input_dim"": 13, ""hidden_dim"": 64, ""dropout"": 0.1}, {""name"": ""hungarian"", ""encoder"": ""mlp_tabular_ln"", ""input_dim"": 13, ""hidden_dim"": 64, ""dropout"": 0.1}, {""name"": ""switzerland"", ""encoder"": ""mlp_tabular_ln"", ""input_dim"": 13, ""hidden_dim"": 64, ""dropout"": 0.1}, {""name"": ""va_long_beach"", ""encoder"": ""mlp_tabular_ln"", ""input_dim"": 13, ""hidden_dim"": 64, ""dropout"": 0.1}], ""anchor_eps"": 0.0001, ""sep_samples_per_class"": 4, ""sep_method"": ""classifier"", ""sep_margin"": 1.0, ""lambda_fit"": 0.3, ""lambda_sep"": 0.3, ""groupdro_enabled"": false, ""groupdro_eta"": 1.0, ""groupdro_gamma"": 0.9, ""groupdro_update_mode"": ""softmax"", ""groupdro_objective"": ""weighted"", ""groupdro_kl_lambda"": 0.0, ""groupdro_uniform_init"": true, ""log_interval"": 20, ""save_every"": 10, ""impute_missing"": true, ""common_encoder"": true, ""use_regret"": false, ""data_split_seed"": 1000}","{""num_groups"": 4, ""num_classes"": 2, ""train_total"": 522, ""test_total"": 185, ""train_group_counts"": [242, 235, 20, 25], ""test_group_counts"": [61, 59, 25, 40], ""train_class_counts"": [290, 232], ""test_class_counts"": [83, 102], ""train_group_class_counts"": [[131, 111], [150, 85], [2, 18], [7, 18]], ""test_group_class_counts"": [[33, 28], [38, 21], [2, 23], [10, 30]], ""group_proportions"": [0.46360153256704983, 0.4501915708812261, 0.038314176245210725, 0.04789272030651341]}",,2026-09-14T00:18:52.063254,49,0.12080409517511725,0.83984375,0.001,0.7135135135135136,0.6832349263684356,0.55,0.8032786885245902,"[0.8032786885245902, 0.7796610169491526, 0.6, 0.55]","[0.512898455694562, 0.5135732391233541, 0.9126591088529676, 0.8456018208991736]","[0.8433734939759037, 0.6078431372549019]","[[0.8787878787878788, 0.7142857142857143], [0.868421052631579, 0.6190476190476191], [0.5, 0.6086956521739131], [0.7, 0.5]]","[61, 59, 25, 40]",0.7129767863938408,"[0.7989010989010988, 0.751054852320675, 0.45175438596491224, 0.53125]",0.45175438596491224,0.9126591088529676,,"[NaN, NaN, NaN, NaN]",,,
"{""run_name"": ""fedheart_exp_paper_hetagg_gdro"", ""seed"": 1337, ""run_dir"": ""runs/fedheart_cv_lam0.3/Shared_Anchors_s1337_f0"", ""use_fedheart"": true, ""num_classes"": 2, ""stratified_batching"": true, ""train_frac"": 0.8, ""group_max_train_samples"": [null, null, 20, 25], ""true_hetero_input_dim"": true, ""feature_mask"": [[0, 1, 2, 3, 5, 6, 7, 8, 9, 10], [0, 1, 2, 3, 5, 6, 11, 12], [0, 1, 2, 4, 5, 7, 11, 12], [0, 1, 2, 4, 5, 6, 8, 9, 10]], ""batch_size"": 64, ""num_workers"": 0, ""epochs"": 100, ""early_stopping_patience"": 30, ""lr"": 0.001, ""weight_decay"": 0.0001, ""optimizer"": ""adam"", ""grad_clip"": 1.0, ""lr_scheduler"": ""cosine"", ""lr_min"": 1e-05, ""latent_dim"": 64, ""head_hidden"": 32, ""groups"": [{""name"": ""cleveland"", ""encoder"": ""mlp_tabular_ln"", ""input_dim"": 13, ""hidden_dim"": 64, ""dropout"": 0.1}, {""name"": ""hungarian"", ""encoder"": ""mlp_tabular_ln"", ""input_dim"": 13, ""hidden_dim"": 64, ""dropout"": 0.1}, {""name"": ""switzerland"", ""encoder"": ""mlp_tabular_ln"", ""input_dim"": 13, ""hidden_dim"": 64, ""dropout"": 0.1}, {""name"": ""va_long_beach"", ""encoder"": ""mlp_tabular_ln"", ""input_dim"": 13, ""hidden_dim"": 64, ""dropout"": 0.1}], ""anchor_eps"": 0.0001, ""sep_samples_per_class"": 4, ""sep_method"": ""classifier"", ""sep_margin"": 1.0, ""lambda_fit"": 0.3, ""lambda_sep"": 0.3, ""groupdro_enabled"": false, ""groupdro_eta"": 1.0, ""groupdro_gamma"": 0.9, ""groupdro_update_mode"": ""softmax"", ""groupdro_objective"": ""weighted"", ""groupdro_kl_lambda"": 0.0, ""groupdro_uniform_init"": true, ""log_interval"": 20, ""save_every"": 10, ""impute_missing"": true, ""common_encoder"": true, ""use_regret"": false, ""data_split_seed"": 1000}","{""num_groups"": 4, ""num_classes"": 2, ""train_total"": 522, ""test_total"": 185, ""train_group_counts"": [242, 235, 20, 25], ""test_group_counts"": [61, 59, 25, 40], ""train_class_counts"": [290, 232], ""test_class_counts"": [83, 102], ""train_group_class_counts"": [[131, 111], [150, 85], [2, 18], [7, 18]], ""test_group_class_counts"": [[33, 28], [38, 21], [2, 23], [10, 30]], ""group_proportions"": [0.46360153256704983, 0.4501915708812261, 0.038314176245210725, 0.04789272030651341]}",,2026-09-14T00:18:52.063254,50,0.14399843709543347,0.82421875,0.001,0.7081081081081081,0.6789976382328424,0.55,0.8032786885245902,"[0.8032786885245902, 0.7627118644067796, 0.6, 0.55]","[0.5129705883761043, 0.5015566860625552, 0.8578034583758563, 0.8356368795968592]","[0.8313253012048193, 0.6078431372549019]","[[0.8787878787878788, 0.7142857142857143], [0.8421052631578947, 0.6190476190476191], [0.5, 0.6086956521739131], [0.7, 0.5]]","[61, 59, 25, 40]",0.707689606741573,"[0.7989010989010988, 0.7352564102564103, 0.45175438596491224, 0.53125]",0.45175438596491224,0.8578034583758563,,"[NaN, NaN, NaN, NaN]",,,
"{""run_name"": ""fedheart_exp_paper_hetagg_gdro"", ""seed"": 1337, ""run_dir"": ""runs/fedheart_cv_lam0.3/Shared_Anchors_s1337_f0"", ""use_fedheart"": true, ""num_classes"": 2, ""stratified_batching"": true, ""train_frac"": 0.8, ""group_max_train_samples"": [null, null, 20, 25], ""true_hetero_input_dim"": true, ""feature_mask"": [[0, 1, 2, 3, 5, 6, 7, 8, 9, 10], [0, 1, 2, 3, 5, 6, 11, 12], [0, 1, 2, 4, 5, 7, 11, 12], [0, 1, 2, 4, 5, 6, 8, 9, 10]], ""batch_size"": 64, ""num_workers"": 0, ""epochs"": 100, ""early_stopping_patience"": 30, ""lr"": 0.001, ""weight_decay"": 0.0001, ""optimizer"": ""adam"", ""grad_clip"": 1.0, ""lr_scheduler"": ""cosine"", ""lr_min"": 1e-05, ""latent_dim"": 64, ""head_hidden"": 32, ""groups"": [{""name"": ""cleveland"", ""encoder"": ""mlp_tabular_ln"", ""input_dim"": 13, ""hidden_dim"": 64, ""dropout"": 0.1}, {""name"": ""hungarian"", ""encoder"": ""mlp_tabular_ln"", ""input_dim"": 13, ""hidden_dim"": 64, ""dropout"": 0.1}, {""name"": ""switzerland"", ""encoder"": ""mlp_tabular_ln"", ""input_dim"": 13, ""hidden_dim"": 64, ""dropout"": 0.1}, {""name"": ""va_long_beach"", ""encoder"": ""mlp_tabular_ln"", ""input_dim"": 13, ""hidden_dim"": 64, ""dropout"": 0.1}], ""anchor_eps"": 0.0001, ""sep_samples_per_class"": 4, ""sep_method"": ""classifier"", ""sep_margin"": 1.0, ""lambda_fit"": 0.3, ""lambda_sep"": 0.3, ""groupdro_enabled"": false, ""groupdro_eta"": 1.0, ""groupdro_gamma"": 0.9, ""groupdro_update_mode"": ""softmax"", ""groupdro_objective"": ""weighted"", ""groupdro_kl_lambda"": 0.0, ""groupdro_uniform_init"": true, ""log_interval"": 20, ""save_every"": 10, ""impute_missing"": true, ""common_encoder"": true, ""use_regret"": false, ""data_split_seed"": 1000}","{""num_groups"": 4, ""num_classes"": 2, ""train_total"": 522, ""test_total"": 185, ""train_group_counts"": [242, 235, 20, 25], ""test_group_counts"": [61, 59, 25, 40], ""train_class_counts"": [290, 232], ""test_class_counts"": [83, 102], ""train_group_class_counts"": [[131, 111], [150, 85], [2, 18], [7, 18]], ""test_group_class_counts"": [[33, 28], [38, 21], [2, 23], [10, 30]], ""group_proportions"": [0.46360153256704983, 0.4501915708812261, 0.038314176245210725, 0.04789272030651341]}",,2026-09-14T00:18:52.063254,51,0.15677020978182554,0.8203125,0.001,0.6972972972972973,0.6686492775771047,0.525,0.7868852459016393,"[0.7868852459016393, 0.7627118644067796, 0.6, 0.525]","[0.519848413857036, 0.4905221332417075, 0.8845936557464301, 0.8558844873216003]","[0.8313253012048193, 0.5882352941176471]","[[0.8787878787878788, 0.6785714285714286], [0.8421052631578947, 0.6190476190476191], [0.5, 0.6086956521739131], [0.7, 0.4666666666666667]]","[61, 59, 25, 40]",0.6965791940018744,"[0.7809997238331954, 0.7352564102564103, 0.45175438596491224, 0.5099935525467441]",0.45175438596491224,0.8845936557464301,,"[NaN, NaN, NaN, NaN]",,,
"{""run_name"": ""fedheart_exp_paper_hetagg_gdro"", ""seed"": 1337, ""run_dir"": ""runs/fedheart_cv_lam0.3/Shared_Anchors_s1337_f0"", ""use_fedheart"": true, ""num_classes"": 2, ""stratified_batching"": true, ""train_frac"": 0.8, ""group_max_train_samples"": [null, null, 20, 25], ""true_hetero_input_dim"": true, ""feature_mask"": [[0, 1, 2, 3, 5, 6, 7, 8, 9, 10], [0, 1, 2, 3, 5, 6, 11, 12], [0, 1, 2, 4, 5, 7, 11, 12], [0, 1, 2, 4, 5, 6, 8, 9, 10]], ""batch_size"": 64, ""num_workers"": 0, ""epochs"": 100, ""early_stopping_patience"": 30, ""lr"": 0.001, ""weight_decay"": 0.0001, ""optimizer"": ""adam"", ""grad_clip"": 1.0, ""lr_scheduler"": ""cosine"", ""lr_min"": 1e-05, ""latent_dim"": 64, ""head_hidden"": 32, ""groups"": [{""name"": ""cleveland"", ""encoder"": ""mlp_tabular_ln"", ""input_dim"": 13, ""hidden_dim"": 64, ""dropout"": 0.1}, {""name"": ""hungarian"", ""encoder"": ""mlp_tabular_ln"", ""input_dim"": 13, ""hidden_dim"": 64, ""dropout"": 0.1}, {""name"": ""switzerland"", ""encoder"": ""mlp_tabular_ln"", ""input_dim"": 13, ""hidden_dim"": 64, ""dropout"": 0.1}, {""name"": ""va_long_beach"", ""encoder"": ""mlp_tabular_ln"", ""input_dim"": 13, ""hidden_dim"": 64, ""dropout"": 0.1}], ""anchor_eps"": 0.0001, ""sep_samples_per_class"": 4, ""sep_method"": ""classifier"", ""sep_margin"": 1.0, ""lambda_fit"": 0.3, ""lambda_sep"": 0.3, ""groupdro_enabled"": false, ""groupdro_eta"": 1.0, ""groupdro_gamma"": 0.9, ""groupdro_update_mode"": ""softmax"", ""groupdro_objective"": ""weighted"", ""groupdro_kl_lambda"": 0.0, ""groupdro_uniform_init"": true, ""log_interval"": 20, ""save_every"": 10, ""impute_missing"": true, ""common_encoder"": true, ""use_regret"": false, ""data_split_seed"": 1000}","{""num_groups"": 4, ""num_classes"": 2, ""train_total"": 522, ""test_total"": 185, ""train_group_counts"": [242, 235, 20, 25], ""test_group_counts"": [61, 59, 25, 40], ""train_class_counts"": [290, 232], ""test_class_counts"": [83, 102], ""train_group_class_counts"": [[131, 111], [150, 85], [2, 18], [7, 18]], ""test_group_class_counts"": [[33, 28], [38, 21], [2, 23], [10, 30]], ""group_proportions"": [0.46360153256704983, 0.4501915708812261, 0.038314176245210725, 0.04789272030651341]}",,2026-09-14T00:18:52.063254,52,0.1371838515624404,0.806640625,0.001,0.7027027027027027,0.672886565712698,0.525,0.7868852459016393,"[0.7868852459016393, 0.7796610169491526, 0.6, 0.525]","[0.5185324652273147, 0.4868239358351645, 0.8841011824458838, 0.8412704999675042]","[0.8433734939759037, 0.5882352941176471]","[[0.8787878787878788, 0.6785714285714286], [0.868421052631579, 0.6190476190476191], [0.5, 0.6086956521739131], [0.7, 0.4666666666666667]]","[61, 59, 25, 40]",0.7018315018315018,"[0.7809997238331954, 0.751054852320675, 0.45175438596491224, 0.5099935525467441]",0.45175438596491224,0.8841011824458838,,"[NaN, NaN, NaN, NaN]",,,
"{""run_name"": ""fedheart_exp_paper_hetagg_gdro"", ""seed"": 1337, ""run_dir"": ""runs/fedheart_cv_lam0.3/Shared_Anchors_s1337_f0"", ""use_fedheart"": true, ""num_classes"": 2, ""stratified_batching"": true, ""train_frac"": 0.8, ""group_max_train_samples"": [null, null, 20, 25], ""true_hetero_input_dim"": true, ""feature_mask"": [[0, 1, 2, 3, 5, 6, 7, 8, 9, 10], [0, 1, 2, 3, 5, 6, 11, 12], [0, 1, 2, 4, 5, 7, 11, 12], [0, 1, 2, 4, 5, 6, 8, 9, 10]], ""batch_size"": 64, ""num_workers"": 0, ""epochs"": 100, ""early_stopping_patience"": 30, ""lr"": 0.001, ""weight_decay"": 0.0001, ""optimizer"": ""adam"", ""grad_clip"": 1.0, ""lr_scheduler"": ""cosine"", ""lr_min"": 1e-05, ""latent_dim"": 64, ""head_hidden"": 32, ""groups"": [{""name"": ""cleveland"", ""encoder"": ""mlp_tabular_ln"", ""input_dim"": 13, ""hidden_dim"": 64, ""dropout"": 0.1}, {""name"": ""hungarian"", ""encoder"": ""mlp_tabular_ln"", ""input_dim"": 13, ""hidden_dim"": 64, ""dropout"": 0.1}, {""name"": ""switzerland"", ""encoder"": ""mlp_tabular_ln"", ""input_dim"": 13, ""hidden_dim"": 64, ""dropout"": 0.1}, {""name"": ""va_long_beach"", ""encoder"": ""mlp_tabular_ln"", ""input_dim"": 13, ""hidden_dim"": 64, ""dropout"": 0.1}], ""anchor_eps"": 0.0001, ""sep_samples_per_class"": 4, ""sep_method"": ""classifier"", ""sep_margin"": 1.0, ""lambda_fit"": 0.3, ""lambda_sep"": 0.3, ""groupdro_enabled"": false, ""groupdro_eta"": 1.0, ""groupdro_gamma"": 0.9, ""groupdro_update_mode"": ""softmax"", ""groupdro_objective"": ""weighted"", ""groupdro_kl_lambda"": 0.0, ""groupdro_uniform_init"": true, ""log_interval"": 20, ""save_every"": 10, ""impute_missing"": true, ""common_encoder"": true, ""use_regret"": false, ""data_split_seed"": 1000}","{""num_groups"": 4, ""num_classes"": 2, ""train_total"": 522, ""test_total"": 185, ""train_group_counts"": [242, 235, 20, 25], ""test_group_counts"": [61, 59, 25, 40], ""train_class_counts"": [290, 232], ""test_class_counts"": [83, 102], ""train_group_class_counts"": [[131, 111], [150, 85], [2, 18], [7, 18]], ""test_group_class_counts"": [[33, 28], [38, 21], [2, 23], [10, 30]], ""group_proportions"": [0.46360153256704983, 0.4501915708812261, 0.038314176245210725, 0.04789272030651341]}",,2026-09-14T00:18:52.063254,53,0.14883260009810328,0.806640625,0.001,0.7081081081081081,0.6713611419838844,0.525,0.8135593220338984,"[0.7868852459016393, 0.8135593220338984, 0.56, 0.525]","[0.5194606319161468, 0.49217401577507036, 0.9912520425021648, 0.8967909700702876]","[0.8674698795180723, 0.5784313725490197]","[[0.8787878787878788, 0.6785714285714286], [0.9210526315789473, 0.6190476190476191], [0.5, 0.5652173913043478], [0.7, 0.4666666666666667]]","[61, 59, 25, 40]",0.7066596194503172,"[0.7809997238331954, 0.78345011678345, 0.4282744282744282, 0.5099935525467441]",0.4282744282744282,0.9912520425021648,,"[NaN, NaN, NaN, NaN]",,,
"{""run_name"": ""fedheart_exp_paper_hetagg_gdro"", ""seed"": 1337, ""run_dir"": ""runs/fedheart_cv_lam0.3/Shared_Anchors_s1337_f0"", ""use_fedheart"": true, ""num_classes"": 2, ""stratified_batching"": true, ""train_frac"": 0.8, ""group_max_train_samples"": [null, null, 20, 25], ""true_hetero_input_dim"": true, ""feature_mask"": [[0, 1, 2, 3, 5, 6, 7, 8, 9, 10], [0, 1, 2, 3, 5, 6, 11, 12], [0, 1, 2, 4, 5, 7, 11, 12], [0, 1, 2, 4, 5, 6, 8, 9, 10]], ""batch_size"": 64, ""num_workers"": 0, ""epochs"": 100, ""early_stopping_patience"": 30, ""lr"": 0.001, ""weight_decay"": 0.0001, ""optimizer"": ""adam"", ""grad_clip"": 1.0, ""lr_scheduler"": ""cosine"", ""lr_min"": 1e-05, ""latent_dim"": 64, ""head_hidden"": 32, ""groups"": [{""name"": ""cleveland"", ""encoder"": ""mlp_tabular_ln"", ""input_dim"": 13, ""hidden_dim"": 64, ""dropout"": 0.1}, {""name"": ""hungarian"", ""encoder"": ""mlp_tabular_ln"", ""input_dim"": 13, ""hidden_dim"": 64, ""dropout"": 0.1}, {""name"": ""switzerland"", ""encoder"": ""mlp_tabular_ln"", ""input_dim"": 13, ""hidden_dim"": 64, ""dropout"": 0.1}, {""name"": ""va_long_beach"", ""encoder"": ""mlp_tabular_ln"", ""input_dim"": 13, ""hidden_dim"": 64, ""dropout"": 0.1}], ""anchor_eps"": 0.0001, ""sep_samples_per_class"": 4, ""sep_method"": ""classifier"", ""sep_margin"": 1.0, ""lambda_fit"": 0.3, ""lambda_sep"": 0.3, ""groupdro_enabled"": false, ""groupdro_eta"": 1.0, ""groupdro_gamma"": 0.9, ""groupdro_update_mode"": ""softmax"", ""groupdro_objective"": ""weighted"", ""groupdro_kl_lambda"": 0.0, ""groupdro_uniform_init"": true, ""log_interval"": 20, ""save_every"": 10, ""impute_missing"": true, ""common_encoder"": true, ""use_regret"": false, ""data_split_seed"": 1000}","{""num_groups"": 4, ""num_classes"": 2, ""train_total"": 522, ""test_total"": 185, ""train_group_counts"": [242, 235, 20, 25], ""test_group_counts"": [61, 59, 25, 40], ""train_class_counts"": [290, 232], ""test_class_counts"": [83, 102], ""train_group_class_counts"": [[131, 111], [150, 85], [2, 18], [7, 18]], ""test_group_class_counts"": [[33, 28], [38, 21], [2, 23], [10, 30]], ""group_proportions"": [0.46360153256704983, 0.4501915708812261, 0.038314176245210725, 0.04789272030651341]}",,2026-09-14T00:18:52.063254,54,0.11523364239837974,0.8203125,0.001,0.7189189189189189,0.6894849263684357,0.575,0.8032786885245902,"[0.8032786885245902, 0.7796610169491526, 0.6, 0.575]","[0.5022465658954299, 0.501143168097646, 0.8622642019111663, 0.7892343102139421]","[0.8433734939759037, 0.6176470588235294]","[[0.8787878787878788, 0.7142857142857143], [0.868421052631579, 0.6190476190476191], [0.5, 0.6086956521739131], [0.7, 0.5333333333333333]]","[61, 59, 25, 40]",0.7185159176029963,"[0.7989010989010988, 0.751054852320675, 0.45175438596491224, 0.5523370638578012]",0.45175438596491224,0.8622642019111663,,"[NaN, NaN, NaN, NaN]",,,
"{""run_name"": ""fedheart_exp_paper_hetagg_gdro"", ""seed"": 1337, ""run_dir"": ""runs/fedheart_cv_lam0.3/Shared_Anchors_s1337_f0"", ""use_fedheart"": true, ""num_classes"": 2, ""stratified_batching"": true, ""train_frac"": 0.8, ""group_max_train_samples"": [null, null, 20, 25], ""true_hetero_input_dim"": true, ""feature_mask"": [[0, 1, 2, 3, 5, 6, 7, 8, 9, 10], [0, 1, 2, 3, 5, 6, 11, 12], [0, 1, 2, 4, 5, 7, 11, 12], [0, 1, 2, 4, 5, 6, 8, 9, 10]], ""batch_size"": 64, ""num_workers"": 0, ""epochs"": 100, ""early_stopping_patience"": 30, ""lr"": 0.001, ""weight_decay"": 0.0001, ""optimizer"": ""adam"", ""grad_clip"": 1.0, ""lr_scheduler"": ""cosine"", ""lr_min"": 1e-05, ""latent_dim"": 64, ""head_hidden"": 32, ""groups"": [{""name"": ""cleveland"", ""encoder"": ""mlp_tabular_ln"", ""input_dim"": 13, ""hidden_dim"": 64, ""dropout"": 0.1}, {""name"": ""hungarian"", ""encoder"": ""mlp_tabular_ln"", ""input_dim"": 13, ""hidden_dim"": 64, ""dropout"": 0.1}, {""name"": ""switzerland"", ""encoder"": ""mlp_tabular_ln"", ""input_dim"": 13, ""hidden_dim"": 64, ""dropout"": 0.1}, {""name"": ""va_long_beach"", ""encoder"": ""mlp_tabular_ln"", ""input_dim"": 13, ""hidden_dim"": 64, ""dropout"": 0.1}], ""anchor_eps"": 0.0001, ""sep_samples_per_class"": 4, ""sep_method"": ""classifier"", ""sep_margin"": 1.0, ""lambda_fit"": 0.3, ""lambda_sep"": 0.3, ""groupdro_enabled"": false, ""groupdro_eta"": 1.0, ""groupdro_gamma"": 0.9, ""groupdro_update_mode"": ""softmax"", ""groupdro_objective"": ""weighted"", ""groupdro_kl_lambda"": 0.0, ""groupdro_uniform_init"": true, ""log_interval"": 20, ""save_every"": 10, ""impute_missing"": true, ""common_encoder"": true, ""use_regret"": false, ""data_split_seed"": 1000}","{""num_groups"": 4, ""num_classes"": 2, ""train_total"": 522, ""test_total"": 185, ""train_group_counts"": [242, 235, 20, 25], ""test_group_counts"": [61, 59, 25, 40], ""train_class_counts"": [290, 232], ""test_class_counts"": [83, 102], ""train_group_class_counts"": [[131, 111], [150, 85], [2, 18], [7, 18]], ""test_group_class_counts"": [[33, 28], [38, 21], [2, 23], [10, 30]], ""group_proportions"": [0.46360153256704983, 0.4501915708812261, 0.038314176245210725, 0.04789272030651341]}",,2026-09-14T00:18:52.063254,55,0.1224376445170492,0.833984375,0.001,0.7135135135135136,0.6813611419838844,0.525,0.8135593220338984,"[0.7868852459016393, 0.8135593220338984, 0.6, 0.525]","[0.5057558811681925, 0.5050437011029887, 0.9573741857241839, 0.8624241203418933]","[0.8674698795180723, 0.5882352941176471]","[[0.8787878787878788, 0.6785714285714286], [0.9210526315789473, 0.6190476190476191], [0.5, 0.6086956521739131], [0.7, 0.4666666666666667]]","[61, 59, 25, 40]",0.712303042751093,"[0.7809997238331954, 0.78345011678345, 0.45175438596491224, 0.5099935525467441]",0.45175438596491224,0.9573741857241839,,"[NaN, NaN, NaN, NaN]",,,
"{""run_name"": ""fedheart_exp_paper_hetagg_gdro"", ""seed"": 1337, ""run_dir"": ""runs/fedheart_cv_lam0.3/Shared_Anchors_s1337_f0"", ""use_fedheart"": true, ""num_classes"": 2, ""stratified_batching"": true, ""train_frac"": 0.8, ""group_max_train_samples"": [null, null, 20, 25], ""true_hetero_input_dim"": true, ""feature_mask"": [[0, 1, 2, 3, 5, 6, 7, 8, 9, 10], [0, 1, 2, 3, 5, 6, 11, 12], [0, 1, 2, 4, 5, 7, 11, 12], [0, 1, 2, 4, 5, 6, 8, 9, 10]], ""batch_size"": 64, ""num_workers"": 0, ""epochs"": 100, ""early_stopping_patience"": 30, ""lr"": 0.001, ""weight_decay"": 0.0001, ""optimizer"": ""adam"", ""grad_clip"": 1.0, ""lr_scheduler"": ""cosine"", ""lr_min"": 1e-05, ""latent_dim"": 64, ""head_hidden"": 32, ""groups"": [{""name"": ""cleveland"", ""encoder"": ""mlp_tabular_ln"", ""input_dim"": 13, ""hidden_dim"": 64, ""dropout"": 0.1}, {""name"": ""hungarian"", ""encoder"": ""mlp_tabular_ln"", ""input_dim"": 13, ""hidden_dim"": 64, ""dropout"": 0.1}, {""name"": ""switzerland"", ""encoder"": ""mlp_tabular_ln"", ""input_dim"": 13, ""hidden_dim"": 64, ""dropout"": 0.1}, {""name"": ""va_long_beach"", ""encoder"": ""mlp_tabular_ln"", ""input_dim"": 13, ""hidden_dim"": 64, ""dropout"": 0.1}], ""anchor_eps"": 0.0001, ""sep_samples_per_class"": 4, ""sep_method"": ""classifier"", ""sep_margin"": 1.0, ""lambda_fit"": 0.3, ""lambda_sep"": 0.3, ""groupdro_enabled"": false, ""groupdro_eta"": 1.0, ""groupdro_gamma"": 0.9, ""groupdro_update_mode"": ""softmax"", ""groupdro_objective"": ""weighted"", ""groupdro_kl_lambda"": 0.0, ""groupdro_uniform_init"": true, ""log_interval"": 20, ""save_every"": 10, ""impute_missing"": true, ""common_encoder"": true, ""use_regret"": false, ""data_split_seed"": 1000}","{""num_groups"": 4, ""num_classes"": 2, ""train_total"": 522, ""test_total"": 185, ""train_group_counts"": [242, 235, 20, 25], ""test_group_counts"": [61, 59, 25, 40], ""train_class_counts"": [290, 232], ""test_class_counts"": [83, 102], ""train_group_class_counts"": [[131, 111], [150, 85], [2, 18], [7, 18]], ""test_group_class_counts"": [[33, 28], [38, 21], [2, 23], [10, 30]], ""group_proportions"": [0.46360153256704983, 0.4501915708812261, 0.038314176245210725, 0.04789272030651341]}",,2026-09-14T00:18:52.063254,56,0.11822124803438783,0.826171875,0.001,0.7243243243243244,0.6937222145040289,0.575,0.8032786885245902,"[0.8032786885245902, 0.7966101694915254, 0.6, 0.575]","[0.5021252652981364, 0.5113828629570998, 0.9055287332739681, 0.8278338206117042]","[0.8554216867469879, 0.6176470588235294]","[[0.8787878787878788, 0.7142857142857143], [0.8947368421052632, 0.6190476190476191], [0.5, 0.6086956521739131], [0.7, 0.5333333333333333]]","[61, 59, 25, 40]",0.7238078510582243,"[0.7989010989010988, 0.7671052631578947, 0.45175438596491224, 0.5523370638578012]",0.45175438596491224,0.9055287332739681,,"[NaN, NaN, NaN, NaN]",,,
"{""run_name"": ""fedheart_exp_paper_hetagg_gdro"", ""seed"": 1337, ""run_dir"": ""runs/fedheart_cv_lam0.3/Shared_Anchors_s1337_f0"", ""use_fedheart"": true, ""num_classes"": 2, ""stratified_batching"": true, ""train_frac"": 0.8, ""group_max_train_samples"": [null, null, 20, 25], ""true_hetero_input_dim"": true, ""feature_mask"": [[0, 1, 2, 3, 5, 6, 7, 8, 9, 10], [0, 1, 2, 3, 5, 6, 11, 12], [0, 1, 2, 4, 5, 7, 11, 12], [0, 1, 2, 4, 5, 6, 8, 9, 10]], ""batch_size"": 64, ""num_workers"": 0, ""epochs"": 100, ""early_stopping_patience"": 30, ""lr"": 0.001, ""weight_decay"": 0.0001, ""optimizer"": ""adam"", ""grad_clip"": 1.0, ""lr_scheduler"": ""cosine"", ""lr_min"": 1e-05, ""latent_dim"": 64, ""head_hidden"": 32, ""groups"": [{""name"": ""cleveland"", ""encoder"": ""mlp_tabular_ln"", ""input_dim"": 13, ""hidden_dim"": 64, ""dropout"": 0.1}, {""name"": ""hungarian"", ""encoder"": ""mlp_tabular_ln"", ""input_dim"": 13, ""hidden_dim"": 64, ""dropout"": 0.1}, {""name"": ""switzerland"", ""encoder"": ""mlp_tabular_ln"", ""input_dim"": 13, ""hidden_dim"": 64, ""dropout"": 0.1}, {""name"": ""va_long_beach"", ""encoder"": ""mlp_tabular_ln"", ""input_dim"": 13, ""hidden_dim"": 64, ""dropout"": 0.1}], ""anchor_eps"": 0.0001, ""sep_samples_per_class"": 4, ""sep_method"": ""classifier"", ""sep_margin"": 1.0, ""lambda_fit"": 0.3, ""lambda_sep"": 0.3, ""groupdro_enabled"": false, ""groupdro_eta"": 1.0, ""groupdro_gamma"": 0.9, ""groupdro_update_mode"": ""softmax"", ""groupdro_objective"": ""weighted"", ""groupdro_kl_lambda"": 0.0, ""groupdro_uniform_init"": true, ""log_interval"": 20, ""save_every"": 10, ""impute_missing"": true, ""common_encoder"": true, ""use_regret"": false, ""data_split_seed"": 1000}","{""num_groups"": 4, ""num_classes"": 2, ""train_total"": 522, ""test_total"": 185, ""train_group_counts"": [242, 235, 20, 25], ""test_group_counts"": [61, 59, 25, 40], ""train_class_counts"": [290, 232], ""test_class_counts"": [83, 102], ""train_group_class_counts"": [[131, 111], [150, 85], [2, 18], [7, 18]], ""test_group_class_counts"": [[33, 28], [38, 21], [2, 23], [10, 30]], ""group_proportions"": [0.46360153256704983, 0.4501915708812261, 0.038314176245210725, 0.04789272030651341]}",,2026-09-14T00:18:52.063254,57,0.09470087382942438,0.84765625,0.001,0.7189189189189189,0.6874722145040288,0.55,0.8032786885245902,"[0.8032786885245902, 0.7966101694915254, 0.6, 0.55]","[0.508058768880294, 0.5097907396128117, 0.9218547869380563, 0.8469137733802199]","[0.8554216867469879, 0.6078431372549019]","[[0.8787878787878788, 0.7142857142857143], [0.8947368421052632, 0.6190476190476191], [0.5, 0.6086956521739131], [0.7, 0.5]]","[61, 59, 25, 40]",0.7182521087160263,"[0.7989010989010988, 0.7671052631578947, 0.45175438596491224, 0.53125]",0.45175438596491224,0.9218547869380563,,"[NaN, NaN, NaN, NaN]",,,
"{""run_name"": ""fedheart_exp_paper_hetagg_gdro"", ""seed"": 1337, ""run_dir"": ""runs/fedheart_cv_lam0.3/Shared_Anchors_s1337_f0"", ""use_fedheart"": true, ""num_classes"": 2, ""stratified_batching"": true, ""train_frac"": 0.8, ""group_max_train_samples"": [null, null, 20, 25], ""true_hetero_input_dim"": true, ""feature_mask"": [[0, 1, 2, 3, 5, 6, 7, 8, 9, 10], [0, 1, 2, 3, 5, 6, 11, 12], [0, 1, 2, 4, 5, 7, 11, 12], [0, 1, 2, 4, 5, 6, 8, 9, 10]], ""batch_size"": 64, ""num_workers"": 0, ""epochs"": 100, ""early_stopping_patience"": 30, ""lr"": 0.001, ""weight_decay"": 0.0001, ""optimizer"": ""adam"", ""grad_clip"": 1.0, ""lr_scheduler"": ""cosine"", ""lr_min"": 1e-05, ""latent_dim"": 64, ""head_hidden"": 32, ""groups"": [{""name"": ""cleveland"", ""encoder"": ""mlp_tabular_ln"", ""input_dim"": 13, ""hidden_dim"": 64, ""dropout"": 0.1}, {""name"": ""hungarian"", ""encoder"": ""mlp_tabular_ln"", ""input_dim"": 13, ""hidden_dim"": 64, ""dropout"": 0.1}, {""name"": ""switzerland"", ""encoder"": ""mlp_tabular_ln"", ""input_dim"": 13, ""hidden_dim"": 64, ""dropout"": 0.1}, {""name"": ""va_long_beach"", ""encoder"": ""mlp_tabular_ln"", ""input_dim"": 13, ""hidden_dim"": 64, ""dropout"": 0.1}], ""anchor_eps"": 0.0001, ""sep_samples_per_class"": 4, ""sep_method"": ""classifier"", ""sep_margin"": 1.0, ""lambda_fit"": 0.3, ""lambda_sep"": 0.3, ""groupdro_enabled"": false, ""groupdro_eta"": 1.0, ""groupdro_gamma"": 0.9, ""groupdro_update_mode"": ""softmax"", ""groupdro_objective"": ""weighted"", ""groupdro_kl_lambda"": 0.0, ""groupdro_uniform_init"": true, ""log_interval"": 20, ""save_every"": 10, ""impute_missing"": true, ""common_encoder"": true, ""use_regret"": false, ""data_split_seed"": 1000}","{""num_groups"": 4, ""num_classes"": 2, ""train_total"": 522, ""test_total"": 185, ""train_group_counts"": [242, 235, 20, 25], ""test_group_counts"": [61, 59, 25, 40], ""train_class_counts"": [290, 232], ""test_class_counts"": [83, 102], ""train_group_class_counts"": [[131, 111], [150, 85], [2, 18], [7, 18]], ""test_group_class_counts"": [[33, 28], [38, 21], [2, 23], [10, 30]], ""group_proportions"": [0.46360153256704983, 0.4501915708812261, 0.038314176245210725, 0.04789272030651341]}",,2026-09-14T00:18:52.063254,58,0.11212632479146123,0.81640625,0.001,0.7135135135135136,0.6833738538482912,0.55,0.7966101694915254,"[0.7868852459016393, 0.7966101694915254, 0.6, 0.55]","[0.5179028349516334, 0.5080025754395431, 0.9529358083941042, 0.8829483160632663]","[0.8554216867469879, 0.5980392156862745]","[[0.8787878787878788, 0.6785714285714286], [0.8947368421052632, 0.6190476190476191], [0.5, 0.6086956521739131], [0.7, 0.5]]","[61, 59, 25, 40]",0.7126739926739927,"[0.7809997238331954, 0.7671052631578947, 0.45175438596491224, 0.53125]",0.45175438596491224,0.9529358083941042,,"[NaN, NaN, NaN, NaN]",,,
"{""run_name"": ""fedheart_exp_paper_hetagg_gdro"", ""seed"": 1337, ""run_dir"": ""runs/fedheart_cv_lam0.3/Shared_Anchors_s1337_f0"", ""use_fedheart"": true, ""num_classes"": 2, ""stratified_batching"": true, ""train_frac"": 0.8, ""group_max_train_samples"": [null, null, 20, 25], ""true_hetero_input_dim"": true, ""feature_mask"": [[0, 1, 2, 3, 5, 6, 7, 8, 9, 10], [0, 1, 2, 3, 5, 6, 11, 12], [0, 1, 2, 4, 5, 7, 11, 12], [0, 1, 2, 4, 5, 6, 8, 9, 10]], ""batch_size"": 64, ""num_workers"": 0, ""epochs"": 100, ""early_stopping_patience"": 30, ""lr"": 0.001, ""weight_decay"": 0.0001, ""optimizer"": ""adam"", ""grad_clip"": 1.0, ""lr_scheduler"": ""cosine"", ""lr_min"": 1e-05, ""latent_dim"": 64, ""head_hidden"": 32, ""groups"": [{""name"": ""cleveland"", ""encoder"": ""mlp_tabular_ln"", ""input_dim"": 13, ""hidden_dim"": 64, ""dropout"": 0.1}, {""name"": ""hungarian"", ""encoder"": ""mlp_tabular_ln"", ""input_dim"": 13, ""hidden_dim"": 64, ""dropout"": 0.1}, {""name"": ""switzerland"", ""encoder"": ""mlp_tabular_ln"", ""input_dim"": 13, ""hidden_dim"": 64, ""dropout"": 0.1}, {""name"": ""va_long_beach"", ""encoder"": ""mlp_tabular_ln"", ""input_dim"": 13, ""hidden_dim"": 64, ""dropout"": 0.1}], ""anchor_eps"": 0.0001, ""sep_samples_per_class"": 4, ""sep_method"": ""classifier"", ""sep_margin"": 1.0, ""lambda_fit"": 0.3, ""lambda_sep"": 0.3, ""groupdro_enabled"": false, ""groupdro_eta"": 1.0, ""groupdro_gamma"": 0.9, ""groupdro_update_mode"": ""softmax"", ""groupdro_objective"": ""weighted"", ""groupdro_kl_lambda"": 0.0, ""groupdro_uniform_init"": true, ""log_interval"": 20, ""save_every"": 10, ""impute_missing"": true, ""common_encoder"": true, ""use_regret"": false, ""data_split_seed"": 1000}","{""num_groups"": 4, ""num_classes"": 2, ""train_total"": 522, ""test_total"": 185, ""train_group_counts"": [242, 235, 20, 25], ""test_group_counts"": [61, 59, 25, 40], ""train_class_counts"": [290, 232], ""test_class_counts"": [83, 102], ""train_group_class_counts"": [[131, 111], [150, 85], [2, 18], [7, 18]], ""test_group_class_counts"": [[33, 28], [38, 21], [2, 23], [10, 30]], ""group_proportions"": [0.46360153256704983, 0.4501915708812261, 0.038314176245210725, 0.04789272030651341]}",,2026-09-14T00:18:52.063254,59,0.12998819851782173,0.818359375,0.001,0.7189189189189189,0.6894849263684357,0.575,0.8032786885245902,"[0.8032786885245902, 0.7796610169491526, 0.6, 0.575]","[0.5204032653347268, 0.511047436011229, 0.8359871465619654, 0.8125180629896931]","[0.8313253012048193, 0.6274509803921569]","[[0.8787878787878788, 0.7142857142857143], [0.868421052631579, 0.6190476190476191], [0.5, 0.6086956521739131], [0.6, 0.5666666666666667]]","[61, 59, 25, 40]",0.7187134502923976,"[0.7989010989010988, 0.751054852320675, 0.45175438596491224, 0.5402298850574713]",0.45175438596491224,0.8359871465619654,,"[NaN, NaN, NaN, NaN]",,,
"{""run_name"": ""fedheart_exp_paper_hetagg_gdro"", ""seed"": 1337, ""run_dir"": ""runs/fedheart_cv_lam0.3/Shared_Anchors_s1337_f0"", ""use_fedheart"": true, ""num_classes"": 2, ""stratified_batching"": true, ""train_frac"": 0.8, ""group_max_train_samples"": [null, null, 20, 25], ""true_hetero_input_dim"": true, ""feature_mask"": [[0, 1, 2, 3, 5, 6, 7, 8, 9, 10], [0, 1, 2, 3, 5, 6, 11, 12], [0, 1, 2, 4, 5, 7, 11, 12], [0, 1, 2, 4, 5, 6, 8, 9, 10]], ""batch_size"": 64, ""num_workers"": 0, ""epochs"": 100, ""early_stopping_patience"": 30, ""lr"": 0.001, ""weight_decay"": 0.0001, ""optimizer"": ""adam"", ""grad_clip"": 1.0, ""lr_scheduler"": ""cosine"", ""lr_min"": 1e-05, ""latent_dim"": 64, ""head_hidden"": 32, ""groups"": [{""name"": ""cleveland"", ""encoder"": ""mlp_tabular_ln"", ""input_dim"": 13, ""hidden_dim"": 64, ""dropout"": 0.1}, {""name"": ""hungarian"", ""encoder"": ""mlp_tabular_ln"", ""input_dim"": 13, ""hidden_dim"": 64, ""dropout"": 0.1}, {""name"": ""switzerland"", ""encoder"": ""mlp_tabular_ln"", ""input_dim"": 13, ""hidden_dim"": 64, ""dropout"": 0.1}, {""name"": ""va_long_beach"", ""encoder"": ""mlp_tabular_ln"", ""input_dim"": 13, ""hidden_dim"": 64, ""dropout"": 0.1}], ""anchor_eps"": 0.0001, ""sep_samples_per_class"": 4, ""sep_method"": ""classifier"", ""sep_margin"": 1.0, ""lambda_fit"": 0.3, ""lambda_sep"": 0.3, ""groupdro_enabled"": false, ""groupdro_eta"": 1.0, ""groupdro_gamma"": 0.9, ""groupdro_update_mode"": ""softmax"", ""groupdro_objective"": ""weighted"", ""groupdro_kl_lambda"": 0.0, ""groupdro_uniform_init"": true, ""log_interval"": 20, ""save_every"": 10, ""impute_missing"": true, ""common_encoder"": true, ""use_regret"": false, ""data_split_seed"": 1000}","{""num_groups"": 4, ""num_classes"": 2, ""train_total"": 522, ""test_total"": 185, ""train_group_counts"": [242, 235, 20, 25], ""test_group_counts"": [61, 59, 25, 40], ""train_class_counts"": [290, 232], ""test_class_counts"": [83, 102], ""train_group_class_counts"": [[131, 111], [150, 85], [2, 18], [7, 18]], ""test_group_class_counts"": [[33, 28], [38, 21], [2, 23], [10, 30]], ""group_proportions"": [0.46360153256704983, 0.4501915708812261, 0.038314176245210725, 0.04789272030651341]}",,2026-09-14T00:18:52.063254,60,0.08118016785010695,0.841796875,0.001,0.7135135135135136,0.6833738538482912,0.55,0.7966101694915254,"[0.7868852459016393, 0.7966101694915254, 0.6, 0.55]","[0.5218717276622526, 0.5087236453368629, 0.9299183665681631, 0.8761561146471649]","[0.8554216867469879, 0.5980392156862745]","[[0.8787878787878788, 0.6785714285714286], [0.8947368421052632, 0.6190476190476191], [0.5, 0.6086956521739131], [0.7, 0.5]]","[61, 59, 25, 40]",0.7126739926739927,"[0.7809997238331954, 0.7671052631578947, 0.45175438596491224, 0.53125]",0.45175438596491224,0.9299183665681631,,"[NaN, NaN, NaN, NaN]",,,
"{""run_name"": ""fedheart_exp_paper_hetagg_gdro"", ""seed"": 1337, ""run_dir"": ""runs/fedheart_cv_lam0.3/Shared_Anchors_s1337_f0"", ""use_fedheart"": true, ""num_classes"": 2, ""stratified_batching"": true, ""train_frac"": 0.8, ""group_max_train_samples"": [null, null, 20, 25], ""true_hetero_input_dim"": true, ""feature_mask"": [[0, 1, 2, 3, 5, 6, 7, 8, 9, 10], [0, 1, 2, 3, 5, 6, 11, 12], [0, 1, 2, 4, 5, 7, 11, 12], [0, 1, 2, 4, 5, 6, 8, 9, 10]], ""batch_size"": 64, ""num_workers"": 0, ""epochs"": 100, ""early_stopping_patience"": 30, ""lr"": 0.001, ""weight_decay"": 0.0001, ""optimizer"": ""adam"", ""grad_clip"": 1.0, ""lr_scheduler"": ""cosine"", ""lr_min"": 1e-05, ""latent_dim"": 64, ""head_hidden"": 32, ""groups"": [{""name"": ""cleveland"", ""encoder"": ""mlp_tabular_ln"", ""input_dim"": 13, ""hidden_dim"": 64, ""dropout"": 0.1}, {""name"": ""hungarian"", ""encoder"": ""mlp_tabular_ln"", ""input_dim"": 13, ""hidden_dim"": 64, ""dropout"": 0.1}, {""name"": ""switzerland"", ""encoder"": ""mlp_tabular_ln"", ""input_dim"": 13, ""hidden_dim"": 64, ""dropout"": 0.1}, {""name"": ""va_long_beach"", ""encoder"": ""mlp_tabular_ln"", ""input_dim"": 13, ""hidden_dim"": 64, ""dropout"": 0.1}], ""anchor_eps"": 0.0001, ""sep_samples_per_class"": 4, ""sep_method"": ""classifier"", ""sep_margin"": 1.0, ""lambda_fit"": 0.3, ""lambda_sep"": 0.3, ""groupdro_enabled"": false, ""groupdro_eta"": 1.0, ""groupdro_gamma"": 0.9, ""groupdro_update_mode"": ""softmax"", ""groupdro_objective"": ""weighted"", ""groupdro_kl_lambda"": 0.0, ""groupdro_uniform_init"": true, ""log_interval"": 20, ""save_every"": 10, ""impute_missing"": true, ""common_encoder"": true, ""use_regret"": false, ""data_split_seed"": 1000}","{""num_groups"": 4, ""num_classes"": 2, ""train_total"": 522, ""test_total"": 185, ""train_group_counts"": [242, 235, 20, 25], ""test_group_counts"": [61, 59, 25, 40], ""train_class_counts"": [290, 232], ""test_class_counts"": [83, 102], ""train_group_class_counts"": [[131, 111], [150, 85], [2, 18], [7, 18]], ""test_group_class_counts"": [[33, 28], [38, 21], [2, 23], [10, 30]], ""group_proportions"": [0.46360153256704983, 0.4501915708812261, 0.038314176245210725, 0.04789272030651341]}",,2026-09-14T00:18:52.063254,61,0.07657292438670993,0.8515625,0.001,0.7189189189189189,0.6894849263684357,0.575,0.8032786885245902,"[0.8032786885245902, 0.7796610169491526, 0.6, 0.575]","[0.5238550995842965, 0.5142735528238749, 0.881682694684714, 0.8544048312236555]","[0.8433734939759037, 0.6176470588235294]","[[0.8787878787878788, 0.7142857142857143], [0.868421052631579, 0.6190476190476191], [0.5, 0.6086956521739131], [0.7, 0.5333333333333333]]","[61, 59, 25, 40]",0.7185159176029963,"[0.7989010989010988, 0.751054852320675, 0.45175438596491224, 0.5523370638578012]",0.45175438596491224,0.881682694684714,,"[NaN, NaN, NaN, NaN]",,,
"{""run_name"": ""fedheart_exp_paper_hetagg_gdro"", ""seed"": 1337, ""run_dir"": ""runs/fedheart_cv_lam0.3/Shared_Anchors_s1337_f0"", ""use_fedheart"": true, ""num_classes"": 2, ""stratified_batching"": true, ""train_frac"": 0.8, ""group_max_train_samples"": [null, null, 20, 25], ""true_hetero_input_dim"": true, ""feature_mask"": [[0, 1, 2, 3, 5, 6, 7, 8, 9, 10], [0, 1, 2, 3, 5, 6, 11, 12], [0, 1, 2, 4, 5, 7, 11, 12], [0, 1, 2, 4, 5, 6, 8, 9, 10]], ""batch_size"": 64, ""num_workers"": 0, ""epochs"": 100, ""early_stopping_patience"": 30, ""lr"": 0.001, ""weight_decay"": 0.0001, ""optimizer"": ""adam"", ""grad_clip"": 1.0, ""lr_scheduler"": ""cosine"", ""lr_min"": 1e-05, ""latent_dim"": 64, ""head_hidden"": 32, ""groups"": [{""name"": ""cleveland"", ""encoder"": ""mlp_tabular_ln"", ""input_dim"": 13, ""hidden_dim"": 64, ""dropout"": 0.1}, {""name"": ""hungarian"", ""encoder"": ""mlp_tabular_ln"", ""input_dim"": 13, ""hidden_dim"": 64, ""dropout"": 0.1}, {""name"": ""switzerland"", ""encoder"": ""mlp_tabular_ln"", ""input_dim"": 13, ""hidden_dim"": 64, ""dropout"": 0.1}, {""name"": ""va_long_beach"", ""encoder"": ""mlp_tabular_ln"", ""input_dim"": 13, ""hidden_dim"": 64, ""dropout"": 0.1}], ""anchor_eps"": 0.0001, ""sep_samples_per_class"": 4, ""sep_method"": ""classifier"", ""sep_margin"": 1.0, ""lambda_fit"": 0.3, ""lambda_sep"": 0.3, ""groupdro_enabled"": false, ""groupdro_eta"": 1.0, ""groupdro_gamma"": 0.9, ""groupdro_update_mode"": ""softmax"", ""groupdro_objective"": ""weighted"", ""groupdro_kl_lambda"": 0.0, ""groupdro_uniform_init"": true, ""log_interval"": 20, ""save_every"": 10, ""impute_missing"": true, ""common_encoder"": true, ""use_regret"": false, ""data_split_seed"": 1000}","{""num_groups"": 4, ""num_classes"": 2, ""train_total"": 522, ""test_total"": 185, ""train_group_counts"": [242, 235, 20, 25], ""test_group_counts"": [61, 59, 25, 40], ""train_class_counts"": [290, 232], ""test_class_counts"": [83, 102], ""train_group_class_counts"": [[131, 111], [150, 85], [2, 18], [7, 18]], ""test_group_class_counts"": [[33, 28], [38, 21], [2, 23], [10, 30]], ""group_proportions"": [0.46360153256704983, 0.4501915708812261, 0.038314176245210725, 0.04789272030651341]}",,2026-09-14T00:18:52.063254,62,0.10753490962088108,0.84375,0.001,0.7135135135135136,0.6832349263684356,0.55,0.8032786885245902,"[0.8032786885245902, 0.7796610169491526, 0.6, 0.55]","[0.532435651234977, 0.5208421542104018, 0.8513358052633703, 0.8414951191924047]","[0.8313253012048193, 0.6176470588235294]","[[0.8787878787878788, 0.7142857142857143], [0.868421052631579, 0.6190476190476191], [0.5, 0.6086956521739131], [0.6, 0.5333333333333333]]","[61, 59, 25, 40]",0.7132118517651875,"[0.7989010989010988, 0.751054852320675, 0.45175438596491224, 0.52]",0.45175438596491224,0.8513358052633703,,"[NaN, NaN, NaN, NaN]",,,
"{""run_name"": ""fedheart_exp_paper_hetagg_gdro"", ""seed"": 1337, ""run_dir"": ""runs/fedheart_cv_lam0.3/Shared_Anchors_s1337_f0"", ""use_fedheart"": true, ""num_classes"": 2, ""stratified_batching"": true, ""train_frac"": 0.8, ""group_max_train_samples"": [null, null, 20, 25], ""true_hetero_input_dim"": true, ""feature_mask"": [[0, 1, 2, 3, 5, 6, 7, 8, 9, 10], [0, 1, 2, 3, 5, 6, 11, 12], [0, 1, 2, 4, 5, 7, 11, 12], [0, 1, 2, 4, 5, 6, 8, 9, 10]], ""batch_size"": 64, ""num_workers"": 0, ""epochs"": 100, ""early_stopping_patience"": 30, ""lr"": 0.001, ""weight_decay"": 0.0001, ""optimizer"": ""adam"", ""grad_clip"": 1.0, ""lr_scheduler"": ""cosine"", ""lr_min"": 1e-05, ""latent_dim"": 64, ""head_hidden"": 32, ""groups"": [{""name"": ""cleveland"", ""encoder"": ""mlp_tabular_ln"", ""input_dim"": 13, ""hidden_dim"": 64, ""dropout"": 0.1}, {""name"": ""hungarian"", ""encoder"": ""mlp_tabular_ln"", ""input_dim"": 13, ""hidden_dim"": 64, ""dropout"": 0.1}, {""name"": ""switzerland"", ""encoder"": ""mlp_tabular_ln"", ""input_dim"": 13, ""hidden_dim"": 64, ""dropout"": 0.1}, {""name"": ""va_long_beach"", ""encoder"": ""mlp_tabular_ln"", ""input_dim"": 13, ""hidden_dim"": 64, ""dropout"": 0.1}], ""anchor_eps"": 0.0001, ""sep_samples_per_class"": 4, ""sep_method"": ""classifier"", ""sep_margin"": 1.0, ""lambda_fit"": 0.3, ""lambda_sep"": 0.3, ""groupdro_enabled"": false, ""groupdro_eta"": 1.0, ""groupdro_gamma"": 0.9, ""groupdro_update_mode"": ""softmax"", ""groupdro_objective"": ""weighted"", ""groupdro_kl_lambda"": 0.0, ""groupdro_uniform_init"": true, ""log_interval"": 20, ""save_every"": 10, ""impute_missing"": true, ""common_encoder"": true, ""use_regret"": false, ""data_split_seed"": 1000}","{""num_groups"": 4, ""num_classes"": 2, ""train_total"": 522, ""test_total"": 185, ""train_group_counts"": [242, 235, 20, 25], ""test_group_counts"": [61, 59, 25, 40], ""train_class_counts"": [290, 232], ""test_class_counts"": [83, 102], ""train_group_class_counts"": [[131, 111], [150, 85], [2, 18], [7, 18]], ""test_group_class_counts"": [[33, 28], [38, 21], [2, 23], [10, 30]], ""group_proportions"": [0.46360153256704983, 0.4501915708812261, 0.038314176245210725, 0.04789272030651341]}",,2026-09-14T00:18:52.063254,63,0.08981090830639005,0.828125,0.001,0.7081081081081081,0.679136565712698,0.55,0.7868852459016393,"[0.7868852459016393, 0.7796610169491526, 0.6, 0.55]","[0.5406547550066206, 0.5165102039305967, 0.9086646146792918, 0.8861967150820419]","[0.8433734939759037, 0.5980392156862745]","[[0.8787878787878788, 0.6785714285714286], [0.868421052631579, 0.6190476190476191], [0.5, 0.6086956521739131], [0.7, 0.5]]","[61, 59, 25, 40]",0.7074156513589503,"[0.7809997238331954, 0.751054852320675, 0.45175438596491224, 0.53125]",0.45175438596491224,0.9086646146792918,,"[NaN, NaN, NaN, NaN]",,,
"{""run_name"": ""fedheart_exp_paper_hetagg_gdro"", ""seed"": 1337, ""run_dir"": ""runs/fedheart_cv_lam0.3/Shared_Anchors_s1337_f0"", ""use_fedheart"": true, ""num_classes"": 2, ""stratified_batching"": true, ""train_frac"": 0.8, ""group_max_train_samples"": [null, null, 20, 25], ""true_hetero_input_dim"": true, ""feature_mask"": [[0, 1, 2, 3, 5, 6, 7, 8, 9, 10], [0, 1, 2, 3, 5, 6, 11, 12], [0, 1, 2, 4, 5, 7, 11, 12], [0, 1, 2, 4, 5, 6, 8, 9, 10]], ""batch_size"": 64, ""num_workers"": 0, ""epochs"": 100, ""early_stopping_patience"": 30, ""lr"": 0.001, ""weight_decay"": 0.0001, ""optimizer"": ""adam"", ""grad_clip"": 1.0, ""lr_scheduler"": ""cosine"", ""lr_min"": 1e-05, ""latent_dim"": 64, ""head_hidden"": 32, ""groups"": [{""name"": ""cleveland"", ""encoder"": ""mlp_tabular_ln"", ""input_dim"": 13, ""hidden_dim"": 64, ""dropout"": 0.1}, {""name"": ""hungarian"", ""encoder"": ""mlp_tabular_ln"", ""input_dim"": 13, ""hidden_dim"": 64, ""dropout"": 0.1}, {""name"": ""switzerland"", ""encoder"": ""mlp_tabular_ln"", ""input_dim"": 13, ""hidden_dim"": 64, ""dropout"": 0.1}, {""name"": ""va_long_beach"", ""encoder"": ""mlp_tabular_ln"", ""input_dim"": 13, ""hidden_dim"": 64, ""dropout"": 0.1}], ""anchor_eps"": 0.0001, ""sep_samples_per_class"": 4, ""sep_method"": ""classifier"", ""sep_margin"": 1.0, ""lambda_fit"": 0.3, ""lambda_sep"": 0.3, ""groupdro_enabled"": false, ""groupdro_eta"": 1.0, ""groupdro_gamma"": 0.9, ""groupdro_update_mode"": ""softmax"", ""groupdro_objective"": ""weighted"", ""groupdro_kl_lambda"": 0.0, ""groupdro_uniform_init"": true, ""log_interval"": 20, ""save_every"": 10, ""impute_missing"": true, ""common_encoder"": true, ""use_regret"": false, ""data_split_seed"": 1000}","{""num_groups"": 4, ""num_classes"": 2, ""train_total"": 522, ""test_total"": 185, ""train_group_counts"": [242, 235, 20, 25], ""test_group_counts"": [61, 59, 25, 40], ""train_class_counts"": [290, 232], ""test_class_counts"": [83, 102], ""train_group_class_counts"": [[131, 111], [150, 85], [2, 18], [7, 18]], ""test_group_class_counts"": [[33, 28], [38, 21], [2, 23], [10, 30]], ""group_proportions"": [0.46360153256704983, 0.4501915708812261, 0.038314176245210725, 0.04789272030651341]}",,2026-09-14T00:18:52.063254,64,0.09093447192572057,0.8515625,0.001,0.6972972972972973,0.6686492775771047,0.525,0.7868852459016393,"[0.7868852459016393, 0.7627118644067796, 0.6, 0.525]","[0.5477915298437974, 0.5192462692739663, 0.8763196171913296, 0.8696916058659554]","[0.8192771084337349, 0.5980392156862745]","[[0.8787878787878788, 0.6785714285714286], [0.8421052631578947, 0.6190476190476191], [0.5, 0.6086956521739131], [0.6, 0.5]]","[61, 59, 25, 40]",0.6968632958801498,"[0.7809997238331954, 0.7352564102564103, 0.45175438596491224, 0.499670836076366]",0.45175438596491224,0.8763196171913296,,"[NaN, NaN, NaN, NaN]",,,
"{""run_name"": ""fedheart_exp_paper_hetagg_gdro"", ""seed"": 1337, ""run_dir"": ""runs/fedheart_cv_lam0.3/Shared_Anchors_s1337_f0"", ""use_fedheart"": true, ""num_classes"": 2, ""stratified_batching"": true, ""train_frac"": 0.8, ""group_max_train_samples"": [null, null, 20, 25], ""true_hetero_input_dim"": true, ""feature_mask"": [[0, 1, 2, 3, 5, 6, 7, 8, 9, 10], [0, 1, 2, 3, 5, 6, 11, 12], [0, 1, 2, 4, 5, 7, 11, 12], [0, 1, 2, 4, 5, 6, 8, 9, 10]], ""batch_size"": 64, ""num_workers"": 0, ""epochs"": 100, ""early_stopping_patience"": 30, ""lr"": 0.001, ""weight_decay"": 0.0001, ""optimizer"": ""adam"", ""grad_clip"": 1.0, ""lr_scheduler"": ""cosine"", ""lr_min"": 1e-05, ""latent_dim"": 64, ""head_hidden"": 32, ""groups"": [{""name"": ""cleveland"", ""encoder"": ""mlp_tabular_ln"", ""input_dim"": 13, ""hidden_dim"": 64, ""dropout"": 0.1}, {""name"": ""hungarian"", ""encoder"": ""mlp_tabular_ln"", ""input_dim"": 13, ""hidden_dim"": 64, ""dropout"": 0.1}, {""name"": ""switzerland"", ""encoder"": ""mlp_tabular_ln"", ""input_dim"": 13, ""hidden_dim"": 64, ""dropout"": 0.1}, {""name"": ""va_long_beach"", ""encoder"": ""mlp_tabular_ln"", ""input_dim"": 13, ""hidden_dim"": 64, ""dropout"": 0.1}], ""anchor_eps"": 0.0001, ""sep_samples_per_class"": 4, ""sep_method"": ""classifier"", ""sep_margin"": 1.0, ""lambda_fit"": 0.3, ""lambda_sep"": 0.3, ""groupdro_enabled"": false, ""groupdro_eta"": 1.0, ""groupdro_gamma"": 0.9, ""groupdro_update_mode"": ""softmax"", ""groupdro_objective"": ""weighted"", ""groupdro_kl_lambda"": 0.0, ""groupdro_uniform_init"": true, ""log_interval"": 20, ""save_every"": 10, ""impute_missing"": true, ""common_encoder"": true, ""use_regret"": false, ""data_split_seed"": 1000}","{""num_groups"": 4, ""num_classes"": 2, ""train_total"": 522, ""test_total"": 185, ""train_group_counts"": [242, 235, 20, 25], ""test_group_counts"": [61, 59, 25, 40], ""train_class_counts"": [290, 232], ""test_class_counts"": [83, 102], ""train_group_class_counts"": [[131, 111], [150, 85], [2, 18], [7, 18]], ""test_group_class_counts"": [[33, 28], [38, 21], [2, 23], [10, 30]], ""group_proportions"": [0.46360153256704983, 0.4501915708812261, 0.038314176245210725, 0.04789272030651341]}",,2026-09-14T00:18:52.063254,65,0.09876304864883423,0.826171875,0.001,0.7027027027027027,0.672886565712698,0.525,0.7868852459016393,"[0.7868852459016393, 0.7796610169491526, 0.6, 0.525]","[0.5488183595942425, 0.5189423809593575, 0.8924513152893633, 0.8746646633546333]","[0.8313253012048193, 0.5980392156862745]","[[0.8787878787878788, 0.6785714285714286], [0.868421052631579, 0.6190476190476191], [0.5, 0.6086956521739131], [0.6, 0.5]]","[61, 59, 25, 40]",0.7021457217294576,"[0.7809997238331954, 0.751054852320675, 0.45175438596491224, 0.499670836076366]",0.45175438596491224,0.8924513152893633,,"[NaN, NaN, NaN, NaN]",,,
"{""run_name"": ""fedheart_exp_paper_hetagg_gdro"", ""seed"": 1337, ""run_dir"": ""runs/fedheart_cv_lam0.3/Shared_Anchors_s1337_f0"", ""use_fedheart"": true, ""num_classes"": 2, ""stratified_batching"": true, ""train_frac"": 0.8, ""group_max_train_samples"": [null, null, 20, 25], ""true_hetero_input_dim"": true, ""feature_mask"": [[0, 1, 2, 3, 5, 6, 7, 8, 9, 10], [0, 1, 2, 3, 5, 6, 11, 12], [0, 1, 2, 4, 5, 7, 11, 12], [0, 1, 2, 4, 5, 6, 8, 9, 10]], ""batch_size"": 64, ""num_workers"": 0, ""epochs"": 100, ""early_stopping_patience"": 30, ""lr"": 0.001, ""weight_decay"": 0.0001, ""optimizer"": ""adam"", ""grad_clip"": 1.0, ""lr_scheduler"": ""cosine"", ""lr_min"": 1e-05, ""latent_dim"": 64, ""head_hidden"": 32, ""groups"": [{""name"": ""cleveland"", ""encoder"": ""mlp_tabular_ln"", ""input_dim"": 13, ""hidden_dim"": 64, ""dropout"": 0.1}, {""name"": ""hungarian"", ""encoder"": ""mlp_tabular_ln"", ""input_dim"": 13, ""hidden_dim"": 64, ""dropout"": 0.1}, {""name"": ""switzerland"", ""encoder"": ""mlp_tabular_ln"", ""input_dim"": 13, ""hidden_dim"": 64, ""dropout"": 0.1}, {""name"": ""va_long_beach"", ""encoder"": ""mlp_tabular_ln"", ""input_dim"": 13, ""hidden_dim"": 64, ""dropout"": 0.1}], ""anchor_eps"": 0.0001, ""sep_samples_per_class"": 4, ""sep_method"": ""classifier"", ""sep_margin"": 1.0, ""lambda_fit"": 0.3, ""lambda_sep"": 0.3, ""groupdro_enabled"": false, ""groupdro_eta"": 1.0, ""groupdro_gamma"": 0.9, ""groupdro_update_mode"": ""softmax"", ""groupdro_objective"": ""weighted"", ""groupdro_kl_lambda"": 0.0, ""groupdro_uniform_init"": true, ""log_interval"": 20, ""save_every"": 10, ""impute_missing"": true, ""common_encoder"": true, ""use_regret"": false, ""data_split_seed"": 1000}","{""num_groups"": 4, ""num_classes"": 2, ""train_total"": 522, ""test_total"": 185, ""train_group_counts"": [242, 235, 20, 25], ""test_group_counts"": [61, 59, 25, 40], ""train_class_counts"": [290, 232], ""test_class_counts"": [83, 102], ""train_group_class_counts"": [[131, 111], [150, 85], [2, 18], [7, 18]], ""test_group_class_counts"": [[33, 28], [38, 21], [2, 23], [10, 30]], ""group_proportions"": [0.46360153256704983, 0.4501915708812261, 0.038314176245210725, 0.04789272030651341]}",,2026-09-14T00:18:52.063254,66,0.08906615944579244,0.837890625,0.001,0.7135135135135136,0.6910103500972492,0.575,0.8032786885245902,"[0.8032786885245902, 0.7457627118644068, 0.64, 0.575]","[0.5510299147801382, 0.5332208217468933, 0.8239883323665709, 0.825478704206762]","[0.8072289156626506, 0.6372549019607843]","[[0.8787878787878788, 0.7142857142857143], [0.8157894736842105, 0.6190476190476191], [0.5, 0.6521739130434783], [0.6, 0.5666666666666667]]","[61, 59, 25, 40]",0.7134800268840771,"[0.7989010989010988, 0.7196705733291099, 0.4755244755244755, 0.5402298850574713]",0.4755244755244755,0.825478704206762,,"[NaN, NaN, NaN, NaN]",,,
"{""run_name"": ""fedheart_exp_paper_hetagg_gdro"", ""seed"": 1337, ""run_dir"": ""runs/fedheart_cv_lam0.3/Shared_Anchors_s1337_f0"", ""use_fedheart"": true, ""num_classes"": 2, ""stratified_batching"": true, ""train_frac"": 0.8, ""group_max_train_samples"": [null, null, 20, 25], ""true_hetero_input_dim"": true, ""feature_mask"": [[0, 1, 2, 3, 5, 6, 7, 8, 9, 10], [0, 1, 2, 3, 5, 6, 11, 12], [0, 1, 2, 4, 5, 7, 11, 12], [0, 1, 2, 4, 5, 6, 8, 9, 10]], ""batch_size"": 64, ""num_workers"": 0, ""epochs"": 100, ""early_stopping_patience"": 30, ""lr"": 0.001, ""weight_decay"": 0.0001, ""optimizer"": ""adam"", ""grad_clip"": 1.0, ""lr_scheduler"": ""cosine"", ""lr_min"": 1e-05, ""latent_dim"": 64, ""head_hidden"": 32, ""groups"": [{""name"": ""cleveland"", ""encoder"": ""mlp_tabular_ln"", ""input_dim"": 13, ""hidden_dim"": 64, ""dropout"": 0.1}, {""name"": ""hungarian"", ""encoder"": ""mlp_tabular_ln"", ""input_dim"": 13, ""hidden_dim"": 64, ""dropout"": 0.1}, {""name"": ""switzerland"", ""encoder"": ""mlp_tabular_ln"", ""input_dim"": 13, ""hidden_dim"": 64, ""dropout"": 0.1}, {""name"": ""va_long_beach"", ""encoder"": ""mlp_tabular_ln"", ""input_dim"": 13, ""hidden_dim"": 64, ""dropout"": 0.1}], ""anchor_eps"": 0.0001, ""sep_samples_per_class"": 4, ""sep_method"": ""classifier"", ""sep_margin"": 1.0, ""lambda_fit"": 0.3, ""lambda_sep"": 0.3, ""groupdro_enabled"": false, ""groupdro_eta"": 1.0, ""groupdro_gamma"": 0.9, ""groupdro_update_mode"": ""softmax"", ""groupdro_objective"": ""weighted"", ""groupdro_kl_lambda"": 0.0, ""groupdro_uniform_init"": true, ""log_interval"": 20, ""save_every"": 10, ""impute_missing"": true, ""common_encoder"": true, ""use_regret"": false, ""data_split_seed"": 1000}","{""num_groups"": 4, ""num_classes"": 2, ""train_total"": 522, ""test_total"": 185, ""train_group_counts"": [242, 235, 20, 25], ""test_group_counts"": [61, 59, 25, 40], ""train_class_counts"": [290, 232], ""test_class_counts"": [83, 102], ""train_group_class_counts"": [[131, 111], [150, 85], [2, 18], [7, 18]], ""test_group_class_counts"": [[33, 28], [38, 21], [2, 23], [10, 30]], ""group_proportions"": [0.46360153256704983, 0.4501915708812261, 0.038314176245210725, 0.04789272030651341]}",,2026-09-14T00:18:52.063254,67,0.11262968881055713,0.82421875,0.001,0.7081081081081081,0.679136565712698,0.55,0.7868852459016393,"[0.7868852459016393, 0.7796610169491526, 0.6, 0.55]","[0.5542792408940855, 0.5264334379048166, 0.9769820784404873, 0.9250755220884457]","[0.8433734939759037, 0.5980392156862745]","[[0.8787878787878788, 0.6785714285714286], [0.868421052631579, 0.6190476190476191], [0.5, 0.6086956521739131], [0.7, 0.5]]","[61, 59, 25, 40]",0.7074156513589503,"[0.7809997238331954, 0.751054852320675, 0.45175438596491224, 0.53125]",0.45175438596491224,0.9769820784404873,,"[NaN, NaN, NaN, NaN]",,,
"{""run_name"": ""fedheart_exp_paper_hetagg_gdro"", ""seed"": 1337, ""run_dir"": ""runs/fedheart_cv_lam0.3/Shared_Anchors_s1337_f0"", ""use_fedheart"": true, ""num_classes"": 2, ""stratified_batching"": true, ""train_frac"": 0.8, ""group_max_train_samples"": [null, null, 20, 25], ""true_hetero_input_dim"": true, ""feature_mask"": [[0, 1, 2, 3, 5, 6, 7, 8, 9, 10], [0, 1, 2, 3, 5, 6, 11, 12], [0, 1, 2, 4, 5, 7, 11, 12], [0, 1, 2, 4, 5, 6, 8, 9, 10]], ""batch_size"": 64, ""num_workers"": 0, ""epochs"": 100, ""early_stopping_patience"": 30, ""lr"": 0.001, ""weight_decay"": 0.0001, ""optimizer"": ""adam"", ""grad_clip"": 1.0, ""lr_scheduler"": ""cosine"", ""lr_min"": 1e-05, ""latent_dim"": 64, ""head_hidden"": 32, ""groups"": [{""name"": ""cleveland"", ""encoder"": ""mlp_tabular_ln"", ""input_dim"": 13, ""hidden_dim"": 64, ""dropout"": 0.1}, {""name"": ""hungarian"", ""encoder"": ""mlp_tabular_ln"", ""input_dim"": 13, ""hidden_dim"": 64, ""dropout"": 0.1}, {""name"": ""switzerland"", ""encoder"": ""mlp_tabular_ln"", ""input_dim"": 13, ""hidden_dim"": 64, ""dropout"": 0.1}, {""name"": ""va_long_beach"", ""encoder"": ""mlp_tabular_ln"", ""input_dim"": 13, ""hidden_dim"": 64, ""dropout"": 0.1}], ""anchor_eps"": 0.0001, ""sep_samples_per_class"": 4, ""sep_method"": ""classifier"", ""sep_margin"": 1.0, ""lambda_fit"": 0.3, ""lambda_sep"": 0.3, ""groupdro_enabled"": false, ""groupdro_eta"": 1.0, ""groupdro_gamma"": 0.9, ""groupdro_update_mode"": ""softmax"", ""groupdro_objective"": ""weighted"", ""groupdro_kl_lambda"": 0.0, ""groupdro_uniform_init"": true, ""log_interval"": 20, ""save_every"": 10, ""impute_missing"": true, ""common_encoder"": true, ""use_regret"": false, ""data_split_seed"": 1000}","{""num_groups"": 4, ""num_classes"": 2, ""train_total"": 522, ""test_total"": 185, ""train_group_counts"": [242, 235, 20, 25], ""test_group_counts"": [61, 59, 25, 40], ""train_class_counts"": [290, 232], ""test_class_counts"": [83, 102], ""train_group_class_counts"": [[131, 111], [150, 85], [2, 18], [7, 18]], ""test_group_class_counts"": [[33, 28], [38, 21], [2, 23], [10, 30]], ""group_proportions"": [0.46360153256704983, 0.4501915708812261, 0.038314176245210725, 0.04789272030651341]}",,2026-09-14T00:18:52.063254,68,0.09624499594792724,0.83203125,0.001,0.7135135135135136,0.6833738538482912,0.55,0.7966101694915254,"[0.7868852459016393, 0.7966101694915254, 0.6, 0.55]","[0.5554406070150435, 0.5357908673221403, 1.0263924799673259, 0.9441943712823558]","[0.8554216867469879, 0.5980392156862745]","[[0.8787878787878788, 0.6785714285714286], [0.8947368421052632, 0.6190476190476191], [0.5, 0.6086956521739131], [0.7, 0.5]]","[61, 59, 25, 40]",0.7126739926739927,"[0.7809997238331954, 0.7671052631578947, 0.45175438596491224, 0.53125]",0.45175438596491224,1.0263924799673259,,"[NaN, NaN, NaN, NaN]",,,
"{""run_name"": ""fedheart_exp_paper_hetagg_gdro"", ""seed"": 1337, ""run_dir"": ""runs/fedheart_cv_lam0.3/Shared_Anchors_s1337_f0"", ""use_fedheart"": true, ""num_classes"": 2, ""stratified_batching"": true, ""train_frac"": 0.8, ""group_max_train_samples"": [null, null, 20, 25], ""true_hetero_input_dim"": true, ""feature_mask"": [[0, 1, 2, 3, 5, 6, 7, 8, 9, 10], [0, 1, 2, 3, 5, 6, 11, 12], [0, 1, 2, 4, 5, 7, 11, 12], [0, 1, 2, 4, 5, 6, 8, 9, 10]], ""batch_size"": 64, ""num_workers"": 0, ""epochs"": 100, ""early_stopping_patience"": 30, ""lr"": 0.001, ""weight_decay"": 0.0001, ""optimizer"": ""adam"", ""grad_clip"": 1.0, ""lr_scheduler"": ""cosine"", ""lr_min"": 1e-05, ""latent_dim"": 64, ""head_hidden"": 32, ""groups"": [{""name"": ""cleveland"", ""encoder"": ""mlp_tabular_ln"", ""input_dim"": 13, ""hidden_dim"": 64, ""dropout"": 0.1}, {""name"": ""hungarian"", ""encoder"": ""mlp_tabular_ln"", ""input_dim"": 13, ""hidden_dim"": 64, ""dropout"": 0.1}, {""name"": ""switzerland"", ""encoder"": ""mlp_tabular_ln"", ""input_dim"": 13, ""hidden_dim"": 64, ""dropout"": 0.1}, {""name"": ""va_long_beach"", ""encoder"": ""mlp_tabular_ln"", ""input_dim"": 13, ""hidden_dim"": 64, ""dropout"": 0.1}], ""anchor_eps"": 0.0001, ""sep_samples_per_class"": 4, ""sep_method"": ""classifier"", ""sep_margin"": 1.0, ""lambda_fit"": 0.3, ""lambda_sep"": 0.3, ""groupdro_enabled"": false, ""groupdro_eta"": 1.0, ""groupdro_gamma"": 0.9, ""groupdro_update_mode"": ""softmax"", ""groupdro_objective"": ""weighted"", ""groupdro_kl_lambda"": 0.0, ""groupdro_uniform_init"": true, ""log_interval"": 20, ""save_every"": 10, ""impute_missing"": true, ""common_encoder"": true, ""use_regret"": false, ""data_split_seed"": 1000}","{""num_groups"": 4, ""num_classes"": 2, ""train_total"": 522, ""test_total"": 185, ""train_group_counts"": [242, 235, 20, 25], ""test_group_counts"": [61, 59, 25, 40], ""train_class_counts"": [290, 232], ""test_class_counts"": [83, 102], ""train_group_class_counts"": [[131, 111], [150, 85], [2, 18], [7, 18]], ""test_group_class_counts"": [[33, 28], [38, 21], [2, 23], [10, 30]], ""group_proportions"": [0.46360153256704983, 0.4501915708812261, 0.038314176245210725, 0.04789272030651341]}",,2026-09-14T00:18:52.063254,69,0.1097178952768445,0.830078125,0.001,0.7135135135135136,0.6832349263684356,0.55,0.8032786885245902,"[0.8032786885245902, 0.7796610169491526, 0.6, 0.55]","[0.5468957981468774, 0.5410375251371603, 0.9234009248018265, 0.8737379811238497]","[0.8313253012048193, 0.6176470588235294]","[[0.8787878787878788, 0.7142857142857143], [0.868421052631579, 0.6190476190476191], [0.5, 0.6086956521739131], [0.6, 0.5333333333333333]]","[61, 59, 25, 40]",0.7132118517651875,"[0.7989010989010988, 0.751054852320675, 0.45175438596491224, 0.52]",0.45175438596491224,0.9234009248018265,,"[NaN, NaN, NaN, NaN]",,,
"{""run_name"": ""fedheart_exp_paper_hetagg_gdro"", ""seed"": 1337, ""run_dir"": ""runs/fedheart_cv_lam0.3/Shared_Anchors_s1337_f0"", ""use_fedheart"": true, ""num_classes"": 2, ""stratified_batching"": true, ""train_frac"": 0.8, ""group_max_train_samples"": [null, null, 20, 25], ""true_hetero_input_dim"": true, ""feature_mask"": [[0, 1, 2, 3, 5, 6, 7, 8, 9, 10], [0, 1, 2, 3, 5, 6, 11, 12], [0, 1, 2, 4, 5, 7, 11, 12], [0, 1, 2, 4, 5, 6, 8, 9, 10]], ""batch_size"": 64, ""num_workers"": 0, ""epochs"": 100, ""early_stopping_patience"": 30, ""lr"": 0.001, ""weight_decay"": 0.0001, ""optimizer"": ""adam"", ""grad_clip"": 1.0, ""lr_scheduler"": ""cosine"", ""lr_min"": 1e-05, ""latent_dim"": 64, ""head_hidden"": 32, ""groups"": [{""name"": ""cleveland"", ""encoder"": ""mlp_tabular_ln"", ""input_dim"": 13, ""hidden_dim"": 64, ""dropout"": 0.1}, {""name"": ""hungarian"", ""encoder"": ""mlp_tabular_ln"", ""input_dim"": 13, ""hidden_dim"": 64, ""dropout"": 0.1}, {""name"": ""switzerland"", ""encoder"": ""mlp_tabular_ln"", ""input_dim"": 13, ""hidden_dim"": 64, ""dropout"": 0.1}, {""name"": ""va_long_beach"", ""encoder"": ""mlp_tabular_ln"", ""input_dim"": 13, ""hidden_dim"": 64, ""dropout"": 0.1}], ""anchor_eps"": 0.0001, ""sep_samples_per_class"": 4, ""sep_method"": ""classifier"", ""sep_margin"": 1.0, ""lambda_fit"": 0.3, ""lambda_sep"": 0.3, ""groupdro_enabled"": false, ""groupdro_eta"": 1.0, ""groupdro_gamma"": 0.9, ""groupdro_update_mode"": ""softmax"", ""groupdro_objective"": ""weighted"", ""groupdro_kl_lambda"": 0.0, ""groupdro_uniform_init"": true, ""log_interval"": 20, ""save_every"": 10, ""impute_missing"": true, ""common_encoder"": true, ""use_regret"": false, ""data_split_seed"": 1000}","{""num_groups"": 4, ""num_classes"": 2, ""train_total"": 522, ""test_total"": 185, ""train_group_counts"": [242, 235, 20, 25], ""test_group_counts"": [61, 59, 25, 40], ""train_class_counts"": [290, 232], ""test_class_counts"": [83, 102], ""train_group_class_counts"": [[131, 111], [150, 85], [2, 18], [7, 18]], ""test_group_class_counts"": [[33, 28], [38, 21], [2, 23], [10, 30]], ""group_proportions"": [0.46360153256704983, 0.4501915708812261, 0.038314176245210725, 0.04789272030651341]}",,2026-09-14T00:18:52.063254,70,0.06482390349265188,0.861328125,0.001,0.7135135135135136,0.6833738538482912,0.55,0.7966101694915254,"[0.7868852459016393, 0.7966101694915254, 0.6, 0.55]","[0.5503934914643158, 0.5389984231008123, 0.9834658439364284, 0.9161284461792093]","[0.8554216867469879, 0.5980392156862745]","[[0.8787878787878788, 0.6785714285714286], [0.8947368421052632, 0.6190476190476191], [0.5, 0.6086956521739131], [0.7, 0.5]]","[61, 59, 25, 40]",0.7126739926739927,"[0.7809997238331954, 0.7671052631578947, 0.45175438596491224, 0.53125]",0.45175438596491224,0.9834658439364284,,"[NaN, NaN, NaN, NaN]",,,
