config,dataset_info,groupdro_config,start_time,epoch,train_loss,train_acc,learning_rate,test_overall_acc,test_balanced_acc,test_worst_group_acc,test_best_group_acc,test_per_group_acc,test_per_group_loss,test_per_class_acc,test_per_group_per_class_acc,test_per_group_counts,test_overall_macro_f1,test_per_group_f1,test_worst_group_f1,test_worst_group_loss,groupdro_weights,train_per_group_loss,groupdro_weights_mean,groupdro_pi,groupdro_kl_penalty
"{""run_name"": ""fedheart_exp_paper_hetagg_gdro"", ""seed"": 42, ""run_dir"": ""runs/fedheart_cv_lam0.1/Ours_s42_f0"", ""use_fedheart"": true, ""num_classes"": 2, ""stratified_batching"": true, ""train_frac"": 0.8, ""group_max_train_samples"": [null, null, 20, 25], ""true_hetero_input_dim"": true, ""feature_mask"": [[0, 1, 2, 3, 5, 6, 7, 8, 9, 10], [0, 1, 2, 3, 5, 6, 11, 12], [0, 1, 2, 4, 5, 7, 11, 12], [0, 1, 2, 4, 5, 6, 8, 9, 10]], ""batch_size"": 64, ""num_workers"": 0, ""epochs"": 100, ""early_stopping_patience"": 30, ""lr"": 0.001, ""weight_decay"": 0.0001, ""optimizer"": ""adam"", ""grad_clip"": 1.0, ""lr_scheduler"": ""cosine"", ""lr_min"": 1e-05, ""latent_dim"": 64, ""head_hidden"": 32, ""groups"": [{""name"": ""cleveland"", ""encoder"": ""mlp_tabular_ln"", ""input_dim"": 10, ""hidden_dim"": 64, ""dropout"": 0.1}, {""name"": ""hungarian"", ""encoder"": ""mlp_tabular_ln"", ""input_dim"": 8, ""hidden_dim"": 64, ""dropout"": 0.1}, {""name"": ""switzerland"", ""encoder"": ""mlp_tabular_ln"", ""input_dim"": 8, ""hidden_dim"": 64, ""dropout"": 0.1}, {""name"": ""va_long_beach"", ""encoder"": ""mlp_tabular_ln"", ""input_dim"": 9, ""hidden_dim"": 64, ""dropout"": 0.1}], ""anchor_eps"": 0.0001, ""sep_samples_per_class"": 4, ""sep_method"": ""classifier"", ""sep_margin"": 1.0, ""lambda_fit"": 0.1, ""lambda_sep"": 0.1, ""groupdro_enabled"": true, ""groupdro_eta"": 1.0, ""groupdro_gamma"": 0.9, ""groupdro_update_mode"": ""softmax"", ""groupdro_objective"": ""weighted"", ""groupdro_kl_lambda"": 0.0, ""groupdro_uniform_init"": true, ""log_interval"": 20, ""save_every"": 10, ""impute_missing"": true, ""common_encoder"": false, ""use_regret"": false, ""data_split_seed"": 1000}","{""num_groups"": 4, ""num_classes"": 2, ""train_total"": 522, ""test_total"": 185, ""train_group_counts"": [242, 235, 20, 25], ""test_group_counts"": [61, 59, 25, 40], ""train_class_counts"": [293, 229], ""test_class_counts"": [83, 102], ""train_group_class_counts"": [[131, 111], [150, 85], [2, 18], [10, 15]], ""test_group_class_counts"": [[33, 28], [38, 21], [2, 23], [10, 30]], ""group_proportions"": [0.46360153256704983, 0.4501915708812261, 0.038314176245210725, 0.04789272030651341]}","{""num_groups"": 4, ""eta"": 1.0, ""update_mode"": ""softmax"", ""robust_objective"": ""weighted"", ""gamma"": 0.9, ""kl_lambda"": 0.0, ""initial_pi"": [0.4636015295982361, 0.45019155740737915, 0.038314174860715866, 0.04789271950721741]}",2026-09-14T00:14:33.727381,1,3.6955134868621826,0.546875,0.001,0.6594594594594595,0.7018161294804113,0.5081967213114754,0.88,"[0.5081967213114754, 0.6440677966101694, 0.88, 0.775]","[0.6870565277631165, 0.6806247163627107, 0.6035900986194611, 0.6482088774442673]","[0.6385542168674698, 0.6764705882352942]","[[0.5151515151515151, 0.5], [0.9210526315789473, 0.14285714285714285], [0.0, 0.9565217391304348], [0.1, 1.0]]","[61, 59, 25, 40]",0.6568930495451736,"[0.5070043103448276, 0.49572649572649563, 0.4680851063829787, 0.5256916996047432]",0.4680851063829787,0.6870565277631165,"[0.2524598240852356, 0.2341909259557724, 0.263496994972229, 0.249852254986763]","[0.6787456572055817, 0.6717220395803452, 0.6624909862875938, 0.7152312472462654]","[0.24899705313146114, 0.24742701649665833, 0.24526376836001873, 0.258312176913023]","[0.4636015295982361, 0.45019155740737915, 0.038314174860715866, 0.04789271950721741]",0.0
"{""run_name"": ""fedheart_exp_paper_hetagg_gdro"", ""seed"": 42, ""run_dir"": ""runs/fedheart_cv_lam0.1/Ours_s42_f0"", ""use_fedheart"": true, ""num_classes"": 2, ""stratified_batching"": true, ""train_frac"": 0.8, ""group_max_train_samples"": [null, null, 20, 25], ""true_hetero_input_dim"": true, ""feature_mask"": [[0, 1, 2, 3, 5, 6, 7, 8, 9, 10], [0, 1, 2, 3, 5, 6, 11, 12], [0, 1, 2, 4, 5, 7, 11, 12], [0, 1, 2, 4, 5, 6, 8, 9, 10]], ""batch_size"": 64, ""num_workers"": 0, ""epochs"": 100, ""early_stopping_patience"": 30, ""lr"": 0.001, ""weight_decay"": 0.0001, ""optimizer"": ""adam"", ""grad_clip"": 1.0, ""lr_scheduler"": ""cosine"", ""lr_min"": 1e-05, ""latent_dim"": 64, ""head_hidden"": 32, ""groups"": [{""name"": ""cleveland"", ""encoder"": ""mlp_tabular_ln"", ""input_dim"": 10, ""hidden_dim"": 64, ""dropout"": 0.1}, {""name"": ""hungarian"", ""encoder"": ""mlp_tabular_ln"", ""input_dim"": 8, ""hidden_dim"": 64, ""dropout"": 0.1}, {""name"": ""switzerland"", ""encoder"": ""mlp_tabular_ln"", ""input_dim"": 8, ""hidden_dim"": 64, ""dropout"": 0.1}, {""name"": ""va_long_beach"", ""encoder"": ""mlp_tabular_ln"", ""input_dim"": 9, ""hidden_dim"": 64, ""dropout"": 0.1}], ""anchor_eps"": 0.0001, ""sep_samples_per_class"": 4, ""sep_method"": ""classifier"", ""sep_margin"": 1.0, ""lambda_fit"": 0.1, ""lambda_sep"": 0.1, ""groupdro_enabled"": true, ""groupdro_eta"": 1.0, ""groupdro_gamma"": 0.9, ""groupdro_update_mode"": ""softmax"", ""groupdro_objective"": ""weighted"", ""groupdro_kl_lambda"": 0.0, ""groupdro_uniform_init"": true, ""log_interval"": 20, ""save_every"": 10, ""impute_missing"": true, ""common_encoder"": false, ""use_regret"": false, ""data_split_seed"": 1000}","{""num_groups"": 4, ""num_classes"": 2, ""train_total"": 522, ""test_total"": 185, ""train_group_counts"": [242, 235, 20, 25], ""test_group_counts"": [61, 59, 25, 40], ""train_class_counts"": [293, 229], ""test_class_counts"": [83, 102], ""train_group_class_counts"": [[131, 111], [150, 85], [2, 18], [10, 15]], ""test_group_class_counts"": [[33, 28], [38, 21], [2, 23], [10, 30]], ""group_proportions"": [0.46360153256704983, 0.4501915708812261, 0.038314176245210725, 0.04789272030651341]}","{""num_groups"": 4, ""eta"": 1.0, ""update_mode"": ""softmax"", ""robust_objective"": ""weighted"", ""gamma"": 0.9, ""kl_lambda"": 0.0, ""initial_pi"": [0.4636015295982361, 0.45019155740737915, 0.038314174860715866, 0.04789271950721741]}",2026-09-14T00:14:33.727381,2,2.307746723294258,0.599609375,0.001,0.6648648648648648,0.7113993470408446,0.5573770491803278,0.92,"[0.5573770491803278, 0.5932203389830508, 0.92, 0.775]","[0.6849710296411984, 0.6835805632300296, 0.5587444090843201, 0.6343976363539696]","[0.5180722891566265, 0.7843137254901961]","[[0.5151515151515151, 0.6071428571428571], [0.6578947368421053, 0.47619047619047616], [0.0, 1.0], [0.1, 1.0]]","[61, 59, 25, 40]",0.6509009009009008,"[0.5573770491803278, 0.565110565110565, 0.4791666666666667, 0.5256916996047432]",0.4791666666666667,0.6849710296411984,"[0.26715561747550964, 0.2705934941768646, 0.2304479330778122, 0.23180292546749115]","[0.6852498054504395, 0.6743956059217453, 0.5974149703979492, 0.6776015087962151]","[0.2564783114939928, 0.2537626251578331, 0.23511957004666328, 0.2546394858509302]","[0.4636015295982361, 0.45019155740737915, 0.038314174860715866, 0.04789271950721741]",0.0
"{""run_name"": ""fedheart_exp_paper_hetagg_gdro"", ""seed"": 42, ""run_dir"": ""runs/fedheart_cv_lam0.1/Ours_s42_f0"", ""use_fedheart"": true, ""num_classes"": 2, ""stratified_batching"": true, ""train_frac"": 0.8, ""group_max_train_samples"": [null, null, 20, 25], ""true_hetero_input_dim"": true, ""feature_mask"": [[0, 1, 2, 3, 5, 6, 7, 8, 9, 10], [0, 1, 2, 3, 5, 6, 11, 12], [0, 1, 2, 4, 5, 7, 11, 12], [0, 1, 2, 4, 5, 6, 8, 9, 10]], ""batch_size"": 64, ""num_workers"": 0, ""epochs"": 100, ""early_stopping_patience"": 30, ""lr"": 0.001, ""weight_decay"": 0.0001, ""optimizer"": ""adam"", ""grad_clip"": 1.0, ""lr_scheduler"": ""cosine"", ""lr_min"": 1e-05, ""latent_dim"": 64, ""head_hidden"": 32, ""groups"": [{""name"": ""cleveland"", ""encoder"": ""mlp_tabular_ln"", ""input_dim"": 10, ""hidden_dim"": 64, ""dropout"": 0.1}, {""name"": ""hungarian"", ""encoder"": ""mlp_tabular_ln"", ""input_dim"": 8, ""hidden_dim"": 64, ""dropout"": 0.1}, {""name"": ""switzerland"", ""encoder"": ""mlp_tabular_ln"", ""input_dim"": 8, ""hidden_dim"": 64, ""dropout"": 0.1}, {""name"": ""va_long_beach"", ""encoder"": ""mlp_tabular_ln"", ""input_dim"": 9, ""hidden_dim"": 64, ""dropout"": 0.1}], ""anchor_eps"": 0.0001, ""sep_samples_per_class"": 4, ""sep_method"": ""classifier"", ""sep_margin"": 1.0, ""lambda_fit"": 0.1, ""lambda_sep"": 0.1, ""groupdro_enabled"": true, ""groupdro_eta"": 1.0, ""groupdro_gamma"": 0.9, ""groupdro_update_mode"": ""softmax"", ""groupdro_objective"": ""weighted"", ""groupdro_kl_lambda"": 0.0, ""groupdro_uniform_init"": true, ""log_interval"": 20, ""save_every"": 10, ""impute_missing"": true, ""common_encoder"": false, ""use_regret"": false, ""data_split_seed"": 1000}","{""num_groups"": 4, ""num_classes"": 2, ""train_total"": 522, ""test_total"": 185, ""train_group_counts"": [242, 235, 20, 25], ""test_group_counts"": [61, 59, 25, 40], ""train_class_counts"": [293, 229], ""test_class_counts"": [83, 102], ""train_group_class_counts"": [[131, 111], [150, 85], [2, 18], [10, 15]], ""test_group_class_counts"": [[33, 28], [38, 21], [2, 23], [10, 30]], ""group_proportions"": [0.46360153256704983, 0.4501915708812261, 0.038314176245210725, 0.04789272030651341]}","{""num_groups"": 4, ""eta"": 1.0, ""update_mode"": ""softmax"", ""robust_objective"": ""weighted"", ""gamma"": 0.9, ""kl_lambda"": 0.0, ""initial_pi"": [0.4636015295982361, 0.45019155740737915, 0.038314174860715866, 0.04789271950721741]}",2026-09-14T00:14:33.727381,3,1.6584670841693878,0.564453125,0.001,0.6270270270270271,0.6800034731869964,0.5245901639344263,0.92,"[0.5245901639344263, 0.5254237288135594, 0.92, 0.75]","[0.6849251340647213, 0.6866718661987176, 0.4943016314506531, 0.6270741380751133]","[0.3132530120481928, 0.8823529411764706]","[[0.30303030303030304, 0.7857142857142857], [0.42105263157894735, 0.7142857142857143], [0.0, 1.0], [0.0, 1.0]]","[61, 59, 25, 40]",0.5763218161903814,"[0.5054514956667598, 0.5252873563218391, 0.4791666666666667, 0.42857142857142855]",0.42857142857142855,0.6866718661987176,"[0.2711395025253296, 0.2627108693122864, 0.19599789381027222, 0.2701517641544342]","[0.6868004947900772, 0.6711558923125267, 0.5315598025918007, 0.7132739424705505]","[0.2584144398570061, 0.2543889954686165, 0.2216133363544941, 0.26558324322104454]","[0.4636015295982361, 0.45019155740737915, 0.038314174860715866, 0.04789271950721741]",0.0
"{""run_name"": ""fedheart_exp_paper_hetagg_gdro"", ""seed"": 42, ""run_dir"": ""runs/fedheart_cv_lam0.1/Ours_s42_f0"", ""use_fedheart"": true, ""num_classes"": 2, ""stratified_batching"": true, ""train_frac"": 0.8, ""group_max_train_samples"": [null, null, 20, 25], ""true_hetero_input_dim"": true, ""feature_mask"": [[0, 1, 2, 3, 5, 6, 7, 8, 9, 10], [0, 1, 2, 3, 5, 6, 11, 12], [0, 1, 2, 4, 5, 7, 11, 12], [0, 1, 2, 4, 5, 6, 8, 9, 10]], ""batch_size"": 64, ""num_workers"": 0, ""epochs"": 100, ""early_stopping_patience"": 30, ""lr"": 0.001, ""weight_decay"": 0.0001, ""optimizer"": ""adam"", ""grad_clip"": 1.0, ""lr_scheduler"": ""cosine"", ""lr_min"": 1e-05, ""latent_dim"": 64, ""head_hidden"": 32, ""groups"": [{""name"": ""cleveland"", ""encoder"": ""mlp_tabular_ln"", ""input_dim"": 10, ""hidden_dim"": 64, ""dropout"": 0.1}, {""name"": ""hungarian"", ""encoder"": ""mlp_tabular_ln"", ""input_dim"": 8, ""hidden_dim"": 64, ""dropout"": 0.1}, {""name"": ""switzerland"", ""encoder"": ""mlp_tabular_ln"", ""input_dim"": 8, ""hidden_dim"": 64, ""dropout"": 0.1}, {""name"": ""va_long_beach"", ""encoder"": ""mlp_tabular_ln"", ""input_dim"": 9, ""hidden_dim"": 64, ""dropout"": 0.1}], ""anchor_eps"": 0.0001, ""sep_samples_per_class"": 4, ""sep_method"": ""classifier"", ""sep_margin"": 1.0, ""lambda_fit"": 0.1, ""lambda_sep"": 0.1, ""groupdro_enabled"": true, ""groupdro_eta"": 1.0, ""groupdro_gamma"": 0.9, ""groupdro_update_mode"": ""softmax"", ""groupdro_objective"": ""weighted"", ""groupdro_kl_lambda"": 0.0, ""groupdro_uniform_init"": true, ""log_interval"": 20, ""save_every"": 10, ""impute_missing"": true, ""common_encoder"": false, ""use_regret"": false, ""data_split_seed"": 1000}","{""num_groups"": 4, ""num_classes"": 2, ""train_total"": 522, ""test_total"": 185, ""train_group_counts"": [242, 235, 20, 25], ""test_group_counts"": [61, 59, 25, 40], ""train_class_counts"": [293, 229], ""test_class_counts"": [83, 102], ""train_group_class_counts"": [[131, 111], [150, 85], [2, 18], [10, 15]], ""test_group_class_counts"": [[33, 28], [38, 21], [2, 23], [10, 30]], ""group_proportions"": [0.46360153256704983, 0.4501915708812261, 0.038314176245210725, 0.04789272030651341]}","{""num_groups"": 4, ""eta"": 1.0, ""update_mode"": ""softmax"", ""robust_objective"": ""weighted"", ""gamma"": 0.9, ""kl_lambda"": 0.0, ""initial_pi"": [0.4636015295982361, 0.45019155740737915, 0.038314174860715866, 0.04789271950721741]}",2026-09-14T00:14:33.727381,4,1.3354720026254654,0.564453125,0.001,0.6702702702702703,0.7133460683523201,0.5901639344262295,0.92,"[0.5901639344262295, 0.5932203389830508, 0.92, 0.75]","[0.673798996894086, 0.6821114218841164, 0.4541892337799072, 0.626144540309906]","[0.37349397590361444, 0.9117647058823529]","[[0.42424242424242425, 0.7857142857142857], [0.4473684210526316, 0.8571428571428571], [0.0, 1.0], [0.0, 1.0]]","[61, 59, 25, 40]",0.6285507389486849,"[0.5829915231063714, 0.5931034482758621, 0.4791666666666667, 0.42857142857142855]",0.42857142857142855,0.6821114218841164,"[0.26588717103004456, 0.26989543437957764, 0.22110766172409058, 0.24310968816280365]","[0.6826598942279816, 0.6788010075688362, 0.5366134494543076, 0.6334176734089851]","[0.26177356019616127, 0.2607760950922966, 0.22770887427031994, 0.24974146112799644]","[0.4636015295982361, 0.45019155740737915, 0.038314174860715866, 0.04789271950721741]",0.0
"{""run_name"": ""fedheart_exp_paper_hetagg_gdro"", ""seed"": 42, ""run_dir"": ""runs/fedheart_cv_lam0.1/Ours_s42_f0"", ""use_fedheart"": true, ""num_classes"": 2, ""stratified_batching"": true, ""train_frac"": 0.8, ""group_max_train_samples"": [null, null, 20, 25], ""true_hetero_input_dim"": true, ""feature_mask"": [[0, 1, 2, 3, 5, 6, 7, 8, 9, 10], [0, 1, 2, 3, 5, 6, 11, 12], [0, 1, 2, 4, 5, 7, 11, 12], [0, 1, 2, 4, 5, 6, 8, 9, 10]], ""batch_size"": 64, ""num_workers"": 0, ""epochs"": 100, ""early_stopping_patience"": 30, ""lr"": 0.001, ""weight_decay"": 0.0001, ""optimizer"": ""adam"", ""grad_clip"": 1.0, ""lr_scheduler"": ""cosine"", ""lr_min"": 1e-05, ""latent_dim"": 64, ""head_hidden"": 32, ""groups"": [{""name"": ""cleveland"", ""encoder"": ""mlp_tabular_ln"", ""input_dim"": 10, ""hidden_dim"": 64, ""dropout"": 0.1}, {""name"": ""hungarian"", ""encoder"": ""mlp_tabular_ln"", ""input_dim"": 8, ""hidden_dim"": 64, ""dropout"": 0.1}, {""name"": ""switzerland"", ""encoder"": ""mlp_tabular_ln"", ""input_dim"": 8, ""hidden_dim"": 64, ""dropout"": 0.1}, {""name"": ""va_long_beach"", ""encoder"": ""mlp_tabular_ln"", ""input_dim"": 9, ""hidden_dim"": 64, ""dropout"": 0.1}], ""anchor_eps"": 0.0001, ""sep_samples_per_class"": 4, ""sep_method"": ""classifier"", ""sep_margin"": 1.0, ""lambda_fit"": 0.1, ""lambda_sep"": 0.1, ""groupdro_enabled"": true, ""groupdro_eta"": 1.0, ""groupdro_gamma"": 0.9, ""groupdro_update_mode"": ""softmax"", ""groupdro_objective"": ""weighted"", ""groupdro_kl_lambda"": 0.0, ""groupdro_uniform_init"": true, ""log_interval"": 20, ""save_every"": 10, ""impute_missing"": true, ""common_encoder"": false, ""use_regret"": false, ""data_split_seed"": 1000}","{""num_groups"": 4, ""num_classes"": 2, ""train_total"": 522, ""test_total"": 185, ""train_group_counts"": [242, 235, 20, 25], ""test_group_counts"": [61, 59, 25, 40], ""train_class_counts"": [293, 229], ""test_class_counts"": [83, 102], ""train_group_class_counts"": [[131, 111], [150, 85], [2, 18], [10, 15]], ""test_group_class_counts"": [[33, 28], [38, 21], [2, 23], [10, 30]], ""group_proportions"": [0.46360153256704983, 0.4501915708812261, 0.038314176245210725, 0.04789272030651341]}","{""num_groups"": 4, ""eta"": 1.0, ""update_mode"": ""softmax"", ""robust_objective"": ""weighted"", ""gamma"": 0.9, ""kl_lambda"": 0.0, ""initial_pi"": [0.4636015295982361, 0.45019155740737915, 0.038314174860715866, 0.04789271950721741]}",2026-09-14T00:14:33.727381,5,1.1202700287103653,0.623046875,0.001,0.7081081081081081,0.7361353848291192,0.6610169491525424,0.92,"[0.6885245901639344, 0.6610169491525424, 0.92, 0.675]","[0.6562867516376933, 0.6741087537700847, 0.4056003326177597, 0.6458737969398498]","[0.6024096385542169, 0.7941176470588235]","[[0.7272727272727273, 0.6428571428571429], [0.5526315789473685, 0.8571428571428571], [0.0, 1.0], [0.5, 0.7333333333333333]]","[61, 59, 25, 40]",0.6996753246753247,"[0.6854816824966079, 0.6601382488479262, 0.4791666666666667, 0.6033562166285278]",0.4791666666666667,0.6741087537700847,"[0.244569331407547, 0.24563290178775787, 0.2701485753059387, 0.2396492213010788]","[0.6627225056290627, 0.6733976900577545, 0.43883612006902695, 0.6439748108386993]","[0.26332397013902664, 0.26626243256032467, 0.21154632419347763, 0.2588672861456871]","[0.4636015295982361, 0.45019155740737915, 0.038314174860715866, 0.04789271950721741]",0.0
"{""run_name"": ""fedheart_exp_paper_hetagg_gdro"", ""seed"": 42, ""run_dir"": ""runs/fedheart_cv_lam0.1/Ours_s42_f0"", ""use_fedheart"": true, ""num_classes"": 2, ""stratified_batching"": true, ""train_frac"": 0.8, ""group_max_train_samples"": [null, null, 20, 25], ""true_hetero_input_dim"": true, ""feature_mask"": [[0, 1, 2, 3, 5, 6, 7, 8, 9, 10], [0, 1, 2, 3, 5, 6, 11, 12], [0, 1, 2, 4, 5, 7, 11, 12], [0, 1, 2, 4, 5, 6, 8, 9, 10]], ""batch_size"": 64, ""num_workers"": 0, ""epochs"": 100, ""early_stopping_patience"": 30, ""lr"": 0.001, ""weight_decay"": 0.0001, ""optimizer"": ""adam"", ""grad_clip"": 1.0, ""lr_scheduler"": ""cosine"", ""lr_min"": 1e-05, ""latent_dim"": 64, ""head_hidden"": 32, ""groups"": [{""name"": ""cleveland"", ""encoder"": ""mlp_tabular_ln"", ""input_dim"": 10, ""hidden_dim"": 64, ""dropout"": 0.1}, {""name"": ""hungarian"", ""encoder"": ""mlp_tabular_ln"", ""input_dim"": 8, ""hidden_dim"": 64, ""dropout"": 0.1}, {""name"": ""switzerland"", ""encoder"": ""mlp_tabular_ln"", ""input_dim"": 8, ""hidden_dim"": 64, ""dropout"": 0.1}, {""name"": ""va_long_beach"", ""encoder"": ""mlp_tabular_ln"", ""input_dim"": 9, ""hidden_dim"": 64, ""dropout"": 0.1}], ""anchor_eps"": 0.0001, ""sep_samples_per_class"": 4, ""sep_method"": ""classifier"", ""sep_margin"": 1.0, ""lambda_fit"": 0.1, ""lambda_sep"": 0.1, ""groupdro_enabled"": true, ""groupdro_eta"": 1.0, ""groupdro_gamma"": 0.9, ""groupdro_update_mode"": ""softmax"", ""groupdro_objective"": ""weighted"", ""groupdro_kl_lambda"": 0.0, ""groupdro_uniform_init"": true, ""log_interval"": 20, ""save_every"": 10, ""impute_missing"": true, ""common_encoder"": false, ""use_regret"": false, ""data_split_seed"": 1000}","{""num_groups"": 4, ""num_classes"": 2, ""train_total"": 522, ""test_total"": 185, ""train_group_counts"": [242, 235, 20, 25], ""test_group_counts"": [61, 59, 25, 40], ""train_class_counts"": [293, 229], ""test_class_counts"": [83, 102], ""train_group_class_counts"": [[131, 111], [150, 85], [2, 18], [10, 15]], ""test_group_class_counts"": [[33, 28], [38, 21], [2, 23], [10, 30]], ""group_proportions"": [0.46360153256704983, 0.4501915708812261, 0.038314176245210725, 0.04789272030651341]}","{""num_groups"": 4, ""eta"": 1.0, ""update_mode"": ""softmax"", ""robust_objective"": ""weighted"", ""gamma"": 0.9, ""kl_lambda"": 0.0, ""initial_pi"": [0.4636015295982361, 0.45019155740737915, 0.038314174860715866, 0.04789271950721741]}",2026-09-14T00:14:33.727381,6,1.0023335739970207,0.6640625,0.001,0.7297297297297297,0.7510718255070853,0.65,0.92,"[0.6885245901639344, 0.7457627118644068, 0.92, 0.65]","[0.6395928591001229, 0.6551862480276722, 0.37057419180870055, 0.6477455489337445]","[0.7590361445783133, 0.7058823529411765]","[[0.7272727272727273, 0.6428571428571429], [0.8947368421052632, 0.47619047619047616], [0.0, 1.0], [0.5, 0.7]]","[61, 59, 25, 40]",0.7290885660731021,"[0.6854816824966079, 0.6953528399311532, 0.4791666666666667, 0.5833333333333333]",0.4791666666666667,0.6551862480276722,"[0.276780366897583, 0.28017091751098633, 0.1868346780538559, 0.25621405243873596]","[0.6574464365839958, 0.6596755832433701, 0.3867615610361099, 0.5989559926092625]","[0.26918230578303337, 0.2699099965393543, 0.20728428289294243, 0.2536234222352505]","[0.4636015295982361, 0.45019155740737915, 0.038314174860715866, 0.04789271950721741]",0.0
"{""run_name"": ""fedheart_exp_paper_hetagg_gdro"", ""seed"": 42, ""run_dir"": ""runs/fedheart_cv_lam0.1/Ours_s42_f0"", ""use_fedheart"": true, ""num_classes"": 2, ""stratified_batching"": true, ""train_frac"": 0.8, ""group_max_train_samples"": [null, null, 20, 25], ""true_hetero_input_dim"": true, ""feature_mask"": [[0, 1, 2, 3, 5, 6, 7, 8, 9, 10], [0, 1, 2, 3, 5, 6, 11, 12], [0, 1, 2, 4, 5, 7, 11, 12], [0, 1, 2, 4, 5, 6, 8, 9, 10]], ""batch_size"": 64, ""num_workers"": 0, ""epochs"": 100, ""early_stopping_patience"": 30, ""lr"": 0.001, ""weight_decay"": 0.0001, ""optimizer"": ""adam"", ""grad_clip"": 1.0, ""lr_scheduler"": ""cosine"", ""lr_min"": 1e-05, ""latent_dim"": 64, ""head_hidden"": 32, ""groups"": [{""name"": ""cleveland"", ""encoder"": ""mlp_tabular_ln"", ""input_dim"": 10, ""hidden_dim"": 64, ""dropout"": 0.1}, {""name"": ""hungarian"", ""encoder"": ""mlp_tabular_ln"", ""input_dim"": 8, ""hidden_dim"": 64, ""dropout"": 0.1}, {""name"": ""switzerland"", ""encoder"": ""mlp_tabular_ln"", ""input_dim"": 8, ""hidden_dim"": 64, ""dropout"": 0.1}, {""name"": ""va_long_beach"", ""encoder"": ""mlp_tabular_ln"", ""input_dim"": 9, ""hidden_dim"": 64, ""dropout"": 0.1}], ""anchor_eps"": 0.0001, ""sep_samples_per_class"": 4, ""sep_method"": ""classifier"", ""sep_margin"": 1.0, ""lambda_fit"": 0.1, ""lambda_sep"": 0.1, ""groupdro_enabled"": true, ""groupdro_eta"": 1.0, ""groupdro_gamma"": 0.9, ""groupdro_update_mode"": ""softmax"", ""groupdro_objective"": ""weighted"", ""groupdro_kl_lambda"": 0.0, ""groupdro_uniform_init"": true, ""log_interval"": 20, ""save_every"": 10, ""impute_missing"": true, ""common_encoder"": false, ""use_regret"": false, ""data_split_seed"": 1000}","{""num_groups"": 4, ""num_classes"": 2, ""train_total"": 522, ""test_total"": 185, ""train_group_counts"": [242, 235, 20, 25], ""test_group_counts"": [61, 59, 25, 40], ""train_class_counts"": [293, 229], ""test_class_counts"": [83, 102], ""train_group_class_counts"": [[131, 111], [150, 85], [2, 18], [10, 15]], ""test_group_class_counts"": [[33, 28], [38, 21], [2, 23], [10, 30]], ""group_proportions"": [0.46360153256704983, 0.4501915708812261, 0.038314176245210725, 0.04789272030651341]}","{""num_groups"": 4, ""eta"": 1.0, ""update_mode"": ""softmax"", ""robust_objective"": ""weighted"", ""gamma"": 0.9, ""kl_lambda"": 0.0, ""initial_pi"": [0.4636015295982361, 0.45019155740737915, 0.038314174860715866, 0.04789271950721741]}",2026-09-14T00:14:33.727381,7,0.9158375188708305,0.72265625,0.001,0.7297297297297297,0.748920186162823,0.625,0.92,"[0.7049180327868853, 0.7457627118644068, 0.92, 0.625]","[0.6209617823850914, 0.6397767046750602, 0.3504315882921219, 0.6425075326114893]","[0.7590361445783133, 0.7058823529411765]","[[0.7272727272727273, 0.6785714285714286], [0.9210526315789473, 0.42857142857142855], [0.0, 1.0], [0.4, 0.7]]","[61, 59, 25, 40]",0.7290885660731021,"[0.702922077922078, 0.6844919786096255, 0.4791666666666667, 0.5423340961098397]",0.4791666666666667,0.6425075326114893,"[0.25216782093048096, 0.24303343892097473, 0.1610039323568344, 0.3437948226928711]","[0.6392892971634865, 0.6294371634721756, 0.3382704593241215, 0.6302183456718922]","[0.26780185103416443, 0.2653207089751959, 0.20018666051328182, 0.26669078692793846]","[0.4636015295982361, 0.45019155740737915, 0.038314174860715866, 0.04789271950721741]",0.0
"{""run_name"": ""fedheart_exp_paper_hetagg_gdro"", ""seed"": 42, ""run_dir"": ""runs/fedheart_cv_lam0.1/Ours_s42_f0"", ""use_fedheart"": true, ""num_classes"": 2, ""stratified_batching"": true, ""train_frac"": 0.8, ""group_max_train_samples"": [null, null, 20, 25], ""true_hetero_input_dim"": true, ""feature_mask"": [[0, 1, 2, 3, 5, 6, 7, 8, 9, 10], [0, 1, 2, 3, 5, 6, 11, 12], [0, 1, 2, 4, 5, 7, 11, 12], [0, 1, 2, 4, 5, 6, 8, 9, 10]], ""batch_size"": 64, ""num_workers"": 0, ""epochs"": 100, ""early_stopping_patience"": 30, ""lr"": 0.001, ""weight_decay"": 0.0001, ""optimizer"": ""adam"", ""grad_clip"": 1.0, ""lr_scheduler"": ""cosine"", ""lr_min"": 1e-05, ""latent_dim"": 64, ""head_hidden"": 32, ""groups"": [{""name"": ""cleveland"", ""encoder"": ""mlp_tabular_ln"", ""input_dim"": 10, ""hidden_dim"": 64, ""dropout"": 0.1}, {""name"": ""hungarian"", ""encoder"": ""mlp_tabular_ln"", ""input_dim"": 8, ""hidden_dim"": 64, ""dropout"": 0.1}, {""name"": ""switzerland"", ""encoder"": ""mlp_tabular_ln"", ""input_dim"": 8, ""hidden_dim"": 64, ""dropout"": 0.1}, {""name"": ""va_long_beach"", ""encoder"": ""mlp_tabular_ln"", ""input_dim"": 9, ""hidden_dim"": 64, ""dropout"": 0.1}], ""anchor_eps"": 0.0001, ""sep_samples_per_class"": 4, ""sep_method"": ""classifier"", ""sep_margin"": 1.0, ""lambda_fit"": 0.1, ""lambda_sep"": 0.1, ""groupdro_enabled"": true, ""groupdro_eta"": 1.0, ""groupdro_gamma"": 0.9, ""groupdro_update_mode"": ""softmax"", ""groupdro_objective"": ""weighted"", ""groupdro_kl_lambda"": 0.0, ""groupdro_uniform_init"": true, ""log_interval"": 20, ""save_every"": 10, ""impute_missing"": true, ""common_encoder"": false, ""use_regret"": false, ""data_split_seed"": 1000}","{""num_groups"": 4, ""num_classes"": 2, ""train_total"": 522, ""test_total"": 185, ""train_group_counts"": [242, 235, 20, 25], ""test_group_counts"": [61, 59, 25, 40], ""train_class_counts"": [293, 229], ""test_class_counts"": [83, 102], ""train_group_class_counts"": [[131, 111], [150, 85], [2, 18], [10, 15]], ""test_group_class_counts"": [[33, 28], [38, 21], [2, 23], [10, 30]], ""group_proportions"": [0.46360153256704983, 0.4501915708812261, 0.038314176245210725, 0.04789272030651341]}","{""num_groups"": 4, ""eta"": 1.0, ""update_mode"": ""softmax"", ""robust_objective"": ""weighted"", ""gamma"": 0.9, ""kl_lambda"": 0.0, ""initial_pi"": [0.4636015295982361, 0.45019155740737915, 0.038314174860715866, 0.04789271950721741]}",2026-09-14T00:14:33.727381,8,0.835492230951786,0.76953125,0.001,0.7405405405405405,0.7571169074742985,0.625,0.92,"[0.7377049180327869, 0.7457627118644068, 0.92, 0.625]","[0.596970540578248, 0.6281848221512164, 0.34076164543628695, 0.6454137664288282]","[0.7831325301204819, 0.7058823529411765]","[[0.7878787878787878, 0.6785714285714286], [0.9210526315789473, 0.42857142857142855], [0.0, 1.0], [0.4, 0.7]]","[61, 59, 25, 40]",0.7401685393258428,"[0.7342047930283225, 0.6844919786096255, 0.4791666666666667, 0.5423340961098397]",0.4791666666666667,0.6454137664288282,"[0.25885599851608276, 0.2641436755657196, 0.21133388578891754, 0.2656664252281189]","[0.6232064217329025, 0.6082395166158676, 0.3217255901545286, 0.5667644254863262]","[0.2720271944999695, 0.26782288029789925, 0.20273074693977833, 0.257419191300869]","[0.4636015295982361, 0.45019155740737915, 0.038314174860715866, 0.04789271950721741]",0.0
"{""run_name"": ""fedheart_exp_paper_hetagg_gdro"", ""seed"": 42, ""run_dir"": ""runs/fedheart_cv_lam0.1/Ours_s42_f0"", ""use_fedheart"": true, ""num_classes"": 2, ""stratified_batching"": true, ""train_frac"": 0.8, ""group_max_train_samples"": [null, null, 20, 25], ""true_hetero_input_dim"": true, ""feature_mask"": [[0, 1, 2, 3, 5, 6, 7, 8, 9, 10], [0, 1, 2, 3, 5, 6, 11, 12], [0, 1, 2, 4, 5, 7, 11, 12], [0, 1, 2, 4, 5, 6, 8, 9, 10]], ""batch_size"": 64, ""num_workers"": 0, ""epochs"": 100, ""early_stopping_patience"": 30, ""lr"": 0.001, ""weight_decay"": 0.0001, ""optimizer"": ""adam"", ""grad_clip"": 1.0, ""lr_scheduler"": ""cosine"", ""lr_min"": 1e-05, ""latent_dim"": 64, ""head_hidden"": 32, ""groups"": [{""name"": ""cleveland"", ""encoder"": ""mlp_tabular_ln"", ""input_dim"": 10, ""hidden_dim"": 64, ""dropout"": 0.1}, {""name"": ""hungarian"", ""encoder"": ""mlp_tabular_ln"", ""input_dim"": 8, ""hidden_dim"": 64, ""dropout"": 0.1}, {""name"": ""switzerland"", ""encoder"": ""mlp_tabular_ln"", ""input_dim"": 8, ""hidden_dim"": 64, ""dropout"": 0.1}, {""name"": ""va_long_beach"", ""encoder"": ""mlp_tabular_ln"", ""input_dim"": 9, ""hidden_dim"": 64, ""dropout"": 0.1}], ""anchor_eps"": 0.0001, ""sep_samples_per_class"": 4, ""sep_method"": ""classifier"", ""sep_margin"": 1.0, ""lambda_fit"": 0.1, ""lambda_sep"": 0.1, ""groupdro_enabled"": true, ""groupdro_eta"": 1.0, ""groupdro_gamma"": 0.9, ""groupdro_update_mode"": ""softmax"", ""groupdro_objective"": ""weighted"", ""groupdro_kl_lambda"": 0.0, ""groupdro_uniform_init"": true, ""log_interval"": 20, ""save_every"": 10, ""impute_missing"": true, ""common_encoder"": false, ""use_regret"": false, ""data_split_seed"": 1000}","{""num_groups"": 4, ""num_classes"": 2, ""train_total"": 522, ""test_total"": 185, ""train_group_counts"": [242, 235, 20, 25], ""test_group_counts"": [61, 59, 25, 40], ""train_class_counts"": [293, 229], ""test_class_counts"": [83, 102], ""train_group_class_counts"": [[131, 111], [150, 85], [2, 18], [10, 15]], ""test_group_class_counts"": [[33, 28], [38, 21], [2, 23], [10, 30]], ""group_proportions"": [0.46360153256704983, 0.4501915708812261, 0.038314176245210725, 0.04789272030651341]}","{""num_groups"": 4, ""eta"": 1.0, ""update_mode"": ""softmax"", ""robust_objective"": ""weighted"", ""gamma"": 0.9, ""kl_lambda"": 0.0, ""initial_pi"": [0.4636015295982361, 0.45019155740737915, 0.038314174860715866, 0.04789271950721741]}",2026-09-14T00:14:33.727381,9,0.7636436969041824,0.755859375,0.001,0.7243243243243244,0.7403796193387052,0.575,0.92,"[0.7377049180327869, 0.7288135593220338, 0.92, 0.575]","[0.566924762530405, 0.6017510057505915, 0.33670538038015363, 0.7003380503505469]","[0.8313253012048193, 0.6372549019607843]","[[0.8484848484848485, 0.6071428571428571], [0.9210526315789473, 0.38095238095238093], [0.0, 1.0], [0.6, 0.5666666666666667]]","[61, 59, 25, 40]",0.7241953871788126,"[0.7288888888888889, 0.6569767441860466, 0.4791666666666667, 0.5402298850574713]",0.4791666666666667,0.7003380503505469,"[0.2614654004573822, 0.2817220985889435, 0.18348944187164307, 0.27332305908203125]","[0.6009701490402222, 0.5802029892802238, 0.31223004683852196, 0.5023720227181911]","[0.27405551448464394, 0.26856301352381706, 0.20877397246658802, 0.24860748648643494]","[0.4636015295982361, 0.45019155740737915, 0.038314174860715866, 0.04789271950721741]",0.0
"{""run_name"": ""fedheart_exp_paper_hetagg_gdro"", ""seed"": 42, ""run_dir"": ""runs/fedheart_cv_lam0.1/Ours_s42_f0"", ""use_fedheart"": true, ""num_classes"": 2, ""stratified_batching"": true, ""train_frac"": 0.8, ""group_max_train_samples"": [null, null, 20, 25], ""true_hetero_input_dim"": true, ""feature_mask"": [[0, 1, 2, 3, 5, 6, 7, 8, 9, 10], [0, 1, 2, 3, 5, 6, 11, 12], [0, 1, 2, 4, 5, 7, 11, 12], [0, 1, 2, 4, 5, 6, 8, 9, 10]], ""batch_size"": 64, ""num_workers"": 0, ""epochs"": 100, ""early_stopping_patience"": 30, ""lr"": 0.001, ""weight_decay"": 0.0001, ""optimizer"": ""adam"", ""grad_clip"": 1.0, ""lr_scheduler"": ""cosine"", ""lr_min"": 1e-05, ""latent_dim"": 64, ""head_hidden"": 32, ""groups"": [{""name"": ""cleveland"", ""encoder"": ""mlp_tabular_ln"", ""input_dim"": 10, ""hidden_dim"": 64, ""dropout"": 0.1}, {""name"": ""hungarian"", ""encoder"": ""mlp_tabular_ln"", ""input_dim"": 8, ""hidden_dim"": 64, ""dropout"": 0.1}, {""name"": ""switzerland"", ""encoder"": ""mlp_tabular_ln"", ""input_dim"": 8, ""hidden_dim"": 64, ""dropout"": 0.1}, {""name"": ""va_long_beach"", ""encoder"": ""mlp_tabular_ln"", ""input_dim"": 9, ""hidden_dim"": 64, ""dropout"": 0.1}], ""anchor_eps"": 0.0001, ""sep_samples_per_class"": 4, ""sep_method"": ""classifier"", ""sep_margin"": 1.0, ""lambda_fit"": 0.1, ""lambda_sep"": 0.1, ""groupdro_enabled"": true, ""groupdro_eta"": 1.0, ""groupdro_gamma"": 0.9, ""groupdro_update_mode"": ""softmax"", ""groupdro_objective"": ""weighted"", ""groupdro_kl_lambda"": 0.0, ""groupdro_uniform_init"": true, ""log_interval"": 20, ""save_every"": 10, ""impute_missing"": true, ""common_encoder"": false, ""use_regret"": false, ""data_split_seed"": 1000}","{""num_groups"": 4, ""num_classes"": 2, ""train_total"": 522, ""test_total"": 185, ""train_group_counts"": [242, 235, 20, 25], ""test_group_counts"": [61, 59, 25, 40], ""train_class_counts"": [293, 229], ""test_class_counts"": [83, 102], ""train_group_class_counts"": [[131, 111], [150, 85], [2, 18], [10, 15]], ""test_group_class_counts"": [[33, 28], [38, 21], [2, 23], [10, 30]], ""group_proportions"": [0.46360153256704983, 0.4501915708812261, 0.038314176245210725, 0.04789272030651341]}","{""num_groups"": 4, ""eta"": 1.0, ""update_mode"": ""softmax"", ""robust_objective"": ""weighted"", ""gamma"": 0.9, ""kl_lambda"": 0.0, ""initial_pi"": [0.4636015295982361, 0.45019155740737915, 0.038314174860715866, 0.04789271950721741]}",2026-09-14T00:14:33.727381,10,0.7475694790482521,0.794921875,0.001,0.7513513513513513,0.763300916921367,0.6,0.92,"[0.7704918032786885, 0.7627118644067796, 0.92, 0.6]","[0.5397192738095268, 0.5864936557866759, 0.32222510427236556, 0.7001011917367578]","[0.8433734939759037, 0.6764705882352942]","[[0.9090909090909091, 0.6071428571428571], [0.9210526315789473, 0.47619047619047616], [0.0, 1.0], [0.5, 0.6333333333333333]]","[61, 59, 25, 40]",0.7513440860215053,"[0.759572072072072, 0.7107843137254901, 0.4791666666666667, 0.5441595441595443]",0.4791666666666667,0.7001011917367578,"[0.2208106964826584, 0.22363637387752533, 0.38392719626426697, 0.1716257780790329]","[0.5726557448506355, 0.5480661019682884, 0.32357345428317785, 0.5312656220048666]","[0.26670426316559315, 0.25992592237889767, 0.2143317349255085, 0.259038083255291]","[0.4636015295982361, 0.45019155740737915, 0.038314174860715866, 0.04789271950721741]",0.0
"{""run_name"": ""fedheart_exp_paper_hetagg_gdro"", ""seed"": 42, ""run_dir"": ""runs/fedheart_cv_lam0.1/Ours_s42_f0"", ""use_fedheart"": true, ""num_classes"": 2, ""stratified_batching"": true, ""train_frac"": 0.8, ""group_max_train_samples"": [null, null, 20, 25], ""true_hetero_input_dim"": true, ""feature_mask"": [[0, 1, 2, 3, 5, 6, 7, 8, 9, 10], [0, 1, 2, 3, 5, 6, 11, 12], [0, 1, 2, 4, 5, 7, 11, 12], [0, 1, 2, 4, 5, 6, 8, 9, 10]], ""batch_size"": 64, ""num_workers"": 0, ""epochs"": 100, ""early_stopping_patience"": 30, ""lr"": 0.001, ""weight_decay"": 0.0001, ""optimizer"": ""adam"", ""grad_clip"": 1.0, ""lr_scheduler"": ""cosine"", ""lr_min"": 1e-05, ""latent_dim"": 64, ""head_hidden"": 32, ""groups"": [{""name"": ""cleveland"", ""encoder"": ""mlp_tabular_ln"", ""input_dim"": 10, ""hidden_dim"": 64, ""dropout"": 0.1}, {""name"": ""hungarian"", ""encoder"": ""mlp_tabular_ln"", ""input_dim"": 8, ""hidden_dim"": 64, ""dropout"": 0.1}, {""name"": ""switzerland"", ""encoder"": ""mlp_tabular_ln"", ""input_dim"": 8, ""hidden_dim"": 64, ""dropout"": 0.1}, {""name"": ""va_long_beach"", ""encoder"": ""mlp_tabular_ln"", ""input_dim"": 9, ""hidden_dim"": 64, ""dropout"": 0.1}], ""anchor_eps"": 0.0001, ""sep_samples_per_class"": 4, ""sep_method"": ""classifier"", ""sep_margin"": 1.0, ""lambda_fit"": 0.1, ""lambda_sep"": 0.1, ""groupdro_enabled"": true, ""groupdro_eta"": 1.0, ""groupdro_gamma"": 0.9, ""groupdro_update_mode"": ""softmax"", ""groupdro_objective"": ""weighted"", ""groupdro_kl_lambda"": 0.0, ""groupdro_uniform_init"": true, ""log_interval"": 20, ""save_every"": 10, ""impute_missing"": true, ""common_encoder"": false, ""use_regret"": false, ""data_split_seed"": 1000}","{""num_groups"": 4, ""num_classes"": 2, ""train_total"": 522, ""test_total"": 185, ""train_group_counts"": [242, 235, 20, 25], ""test_group_counts"": [61, 59, 25, 40], ""train_class_counts"": [293, 229], ""test_class_counts"": [83, 102], ""train_group_class_counts"": [[131, 111], [150, 85], [2, 18], [10, 15]], ""test_group_class_counts"": [[33, 28], [38, 21], [2, 23], [10, 30]], ""group_proportions"": [0.46360153256704983, 0.4501915708812261, 0.038314176245210725, 0.04789272030651341]}","{""num_groups"": 4, ""eta"": 1.0, ""update_mode"": ""softmax"", ""robust_objective"": ""weighted"", ""gamma"": 0.9, ""kl_lambda"": 0.0, ""initial_pi"": [0.4636015295982361, 0.45019155740737915, 0.038314174860715866, 0.04789271950721741]}",2026-09-14T00:14:33.727381,11,0.6683587208390236,0.80078125,0.001,0.7567567567567568,0.7673992775771048,0.6,0.92,"[0.7868852459016393, 0.7627118644067796, 0.92, 0.6]","[0.5134793546844701, 0.572424380455987, 0.3184933651983738, 0.7181917104870081]","[0.8313253012048193, 0.696078431372549]","[[0.8787878787878788, 0.6785714285714286], [0.9210526315789473, 0.47619047619047616], [0.0, 1.0], [0.5, 0.6333333333333333]]","[61, 59, 25, 40]",0.7567283247128955,"[0.7809997238331954, 0.7107843137254901, 0.4791666666666667, 0.5441595441595443]",0.4791666666666667,0.7181917104870081,"[0.25568222999572754, 0.2575704753398895, 0.2641495168209076, 0.22259773313999176]","[0.5511908382177353, 0.5502736270427704, 0.21655029151588678, 0.4396935049444437]","[0.27632610499858856, 0.27613406628370285, 0.19915472529828548, 0.24838507361710072]","[0.4636015295982361, 0.45019155740737915, 0.038314174860715866, 0.04789271950721741]",0.0
"{""run_name"": ""fedheart_exp_paper_hetagg_gdro"", ""seed"": 42, ""run_dir"": ""runs/fedheart_cv_lam0.1/Ours_s42_f0"", ""use_fedheart"": true, ""num_classes"": 2, ""stratified_batching"": true, ""train_frac"": 0.8, ""group_max_train_samples"": [null, null, 20, 25], ""true_hetero_input_dim"": true, ""feature_mask"": [[0, 1, 2, 3, 5, 6, 7, 8, 9, 10], [0, 1, 2, 3, 5, 6, 11, 12], [0, 1, 2, 4, 5, 7, 11, 12], [0, 1, 2, 4, 5, 6, 8, 9, 10]], ""batch_size"": 64, ""num_workers"": 0, ""epochs"": 100, ""early_stopping_patience"": 30, ""lr"": 0.001, ""weight_decay"": 0.0001, ""optimizer"": ""adam"", ""grad_clip"": 1.0, ""lr_scheduler"": ""cosine"", ""lr_min"": 1e-05, ""latent_dim"": 64, ""head_hidden"": 32, ""groups"": [{""name"": ""cleveland"", ""encoder"": ""mlp_tabular_ln"", ""input_dim"": 10, ""hidden_dim"": 64, ""dropout"": 0.1}, {""name"": ""hungarian"", ""encoder"": ""mlp_tabular_ln"", ""input_dim"": 8, ""hidden_dim"": 64, ""dropout"": 0.1}, {""name"": ""switzerland"", ""encoder"": ""mlp_tabular_ln"", ""input_dim"": 8, ""hidden_dim"": 64, ""dropout"": 0.1}, {""name"": ""va_long_beach"", ""encoder"": ""mlp_tabular_ln"", ""input_dim"": 9, ""hidden_dim"": 64, ""dropout"": 0.1}], ""anchor_eps"": 0.0001, ""sep_samples_per_class"": 4, ""sep_method"": ""classifier"", ""sep_margin"": 1.0, ""lambda_fit"": 0.1, ""lambda_sep"": 0.1, ""groupdro_enabled"": true, ""groupdro_eta"": 1.0, ""groupdro_gamma"": 0.9, ""groupdro_update_mode"": ""softmax"", ""groupdro_objective"": ""weighted"", ""groupdro_kl_lambda"": 0.0, ""groupdro_uniform_init"": true, ""log_interval"": 20, ""save_every"": 10, ""impute_missing"": true, ""common_encoder"": false, ""use_regret"": false, ""data_split_seed"": 1000}","{""num_groups"": 4, ""num_classes"": 2, ""train_total"": 522, ""test_total"": 185, ""train_group_counts"": [242, 235, 20, 25], ""test_group_counts"": [61, 59, 25, 40], ""train_class_counts"": [293, 229], ""test_class_counts"": [83, 102], ""train_group_class_counts"": [[131, 111], [150, 85], [2, 18], [10, 15]], ""test_group_class_counts"": [[33, 28], [38, 21], [2, 23], [10, 30]], ""group_proportions"": [0.46360153256704983, 0.4501915708812261, 0.038314176245210725, 0.04789272030651341]}","{""num_groups"": 4, ""eta"": 1.0, ""update_mode"": ""softmax"", ""robust_objective"": ""weighted"", ""gamma"": 0.9, ""kl_lambda"": 0.0, ""initial_pi"": [0.4636015295982361, 0.45019155740737915, 0.038314174860715866, 0.04789271950721741]}",2026-09-14T00:14:33.727381,12,0.6126596331596375,0.779296875,0.001,0.7567567567567568,0.7672603500972492,0.6,0.92,"[0.8032786885245902, 0.7457627118644068, 0.92, 0.6]","[0.4882595749174962, 0.5568484724578211, 0.32490733414888384, 0.7977105560712516]","[0.8433734939759037, 0.6862745098039216]","[[0.9393939393939394, 0.6428571428571429], [0.8947368421052632, 0.47619047619047616], [0.0, 1.0], [0.5, 0.6333333333333333]]","[61, 59, 25, 40]",0.7567567567567568,"[0.7939189189189189, 0.6953528399311532, 0.4791666666666667, 0.5441595441595443]",0.4791666666666667,0.7977105560712516,"[0.3008321523666382, 0.2977336645126343, 0.18949638307094574, 0.21193785965442657]","[0.5169983953237534, 0.5234115645289421, 0.14175852783955634, 0.34224689938127995]","[0.2823934145271778, 0.28401490673422813, 0.19527998007833958, 0.2383116763085127]","[0.4636015295982361, 0.45019155740737915, 0.038314174860715866, 0.04789271950721741]",0.0
"{""run_name"": ""fedheart_exp_paper_hetagg_gdro"", ""seed"": 42, ""run_dir"": ""runs/fedheart_cv_lam0.1/Ours_s42_f0"", ""use_fedheart"": true, ""num_classes"": 2, ""stratified_batching"": true, ""train_frac"": 0.8, ""group_max_train_samples"": [null, null, 20, 25], ""true_hetero_input_dim"": true, ""feature_mask"": [[0, 1, 2, 3, 5, 6, 7, 8, 9, 10], [0, 1, 2, 3, 5, 6, 11, 12], [0, 1, 2, 4, 5, 7, 11, 12], [0, 1, 2, 4, 5, 6, 8, 9, 10]], ""batch_size"": 64, ""num_workers"": 0, ""epochs"": 100, ""early_stopping_patience"": 30, ""lr"": 0.001, ""weight_decay"": 0.0001, ""optimizer"": ""adam"", ""grad_clip"": 1.0, ""lr_scheduler"": ""cosine"", ""lr_min"": 1e-05, ""latent_dim"": 64, ""head_hidden"": 32, ""groups"": [{""name"": ""cleveland"", ""encoder"": ""mlp_tabular_ln"", ""input_dim"": 10, ""hidden_dim"": 64, ""dropout"": 0.1}, {""name"": ""hungarian"", ""encoder"": ""mlp_tabular_ln"", ""input_dim"": 8, ""hidden_dim"": 64, ""dropout"": 0.1}, {""name"": ""switzerland"", ""encoder"": ""mlp_tabular_ln"", ""input_dim"": 8, ""hidden_dim"": 64, ""dropout"": 0.1}, {""name"": ""va_long_beach"", ""encoder"": ""mlp_tabular_ln"", ""input_dim"": 9, ""hidden_dim"": 64, ""dropout"": 0.1}], ""anchor_eps"": 0.0001, ""sep_samples_per_class"": 4, ""sep_method"": ""classifier"", ""sep_margin"": 1.0, ""lambda_fit"": 0.1, ""lambda_sep"": 0.1, ""groupdro_enabled"": true, ""groupdro_eta"": 1.0, ""groupdro_gamma"": 0.9, ""groupdro_update_mode"": ""softmax"", ""groupdro_objective"": ""weighted"", ""groupdro_kl_lambda"": 0.0, ""groupdro_uniform_init"": true, ""log_interval"": 20, ""save_every"": 10, ""impute_missing"": true, ""common_encoder"": false, ""use_regret"": false, ""data_split_seed"": 1000}","{""num_groups"": 4, ""num_classes"": 2, ""train_total"": 522, ""test_total"": 185, ""train_group_counts"": [242, 235, 20, 25], ""test_group_counts"": [61, 59, 25, 40], ""train_class_counts"": [293, 229], ""test_class_counts"": [83, 102], ""train_group_class_counts"": [[131, 111], [150, 85], [2, 18], [10, 15]], ""test_group_class_counts"": [[33, 28], [38, 21], [2, 23], [10, 30]], ""group_proportions"": [0.46360153256704983, 0.4501915708812261, 0.038314176245210725, 0.04789272030651341]}","{""num_groups"": 4, ""eta"": 1.0, ""update_mode"": ""softmax"", ""robust_objective"": ""weighted"", ""gamma"": 0.9, ""kl_lambda"": 0.0, ""initial_pi"": [0.4636015295982361, 0.45019155740737915, 0.038314174860715866, 0.04789271950721741]}",2026-09-14T00:14:33.727381,13,0.6072874404489994,0.806640625,0.001,0.7405405405405405,0.7469119894415115,0.575,0.88,"[0.7868852459016393, 0.7457627118644068, 0.88, 0.575]","[0.4672302356997474, 0.5476356287628917, 0.3501692317426205, 0.8261474334634841]","[0.8313253012048193, 0.6666666666666666]","[[0.9090909090909091, 0.6428571428571429], [0.8947368421052632, 0.47619047619047616], [0.0, 0.9565217391304348], [0.5, 0.6]]","[61, 59, 25, 40]",0.7405329593267882,"[0.7783058428850993, 0.6953528399311532, 0.4680851063829787, 0.5248078266946191]",0.4680851063829787,0.8261474334634841,"[0.3023468852043152, 0.2917619049549103, 0.18672293424606323, 0.2191683053970337]","[0.5047937035560608, 0.5051233880221844, 0.23844522517174482, 0.4316498627886176]","[0.2678278125822544, 0.26846865750849247, 0.2101939432322979, 0.2535095792263746]","[0.4636015295982361, 0.45019155740737915, 0.038314174860715866, 0.04789271950721741]",0.0
"{""run_name"": ""fedheart_exp_paper_hetagg_gdro"", ""seed"": 42, ""run_dir"": ""runs/fedheart_cv_lam0.1/Ours_s42_f0"", ""use_fedheart"": true, ""num_classes"": 2, ""stratified_batching"": true, ""train_frac"": 0.8, ""group_max_train_samples"": [null, null, 20, 25], ""true_hetero_input_dim"": true, ""feature_mask"": [[0, 1, 2, 3, 5, 6, 7, 8, 9, 10], [0, 1, 2, 3, 5, 6, 11, 12], [0, 1, 2, 4, 5, 7, 11, 12], [0, 1, 2, 4, 5, 6, 8, 9, 10]], ""batch_size"": 64, ""num_workers"": 0, ""epochs"": 100, ""early_stopping_patience"": 30, ""lr"": 0.001, ""weight_decay"": 0.0001, ""optimizer"": ""adam"", ""grad_clip"": 1.0, ""lr_scheduler"": ""cosine"", ""lr_min"": 1e-05, ""latent_dim"": 64, ""head_hidden"": 32, ""groups"": [{""name"": ""cleveland"", ""encoder"": ""mlp_tabular_ln"", ""input_dim"": 10, ""hidden_dim"": 64, ""dropout"": 0.1}, {""name"": ""hungarian"", ""encoder"": ""mlp_tabular_ln"", ""input_dim"": 8, ""hidden_dim"": 64, ""dropout"": 0.1}, {""name"": ""switzerland"", ""encoder"": ""mlp_tabular_ln"", ""input_dim"": 8, ""hidden_dim"": 64, ""dropout"": 0.1}, {""name"": ""va_long_beach"", ""encoder"": ""mlp_tabular_ln"", ""input_dim"": 9, ""hidden_dim"": 64, ""dropout"": 0.1}], ""anchor_eps"": 0.0001, ""sep_samples_per_class"": 4, ""sep_method"": ""classifier"", ""sep_margin"": 1.0, ""lambda_fit"": 0.1, ""lambda_sep"": 0.1, ""groupdro_enabled"": true, ""groupdro_eta"": 1.0, ""groupdro_gamma"": 0.9, ""groupdro_update_mode"": ""softmax"", ""groupdro_objective"": ""weighted"", ""groupdro_kl_lambda"": 0.0, ""groupdro_uniform_init"": true, ""log_interval"": 20, ""save_every"": 10, ""impute_missing"": true, ""common_encoder"": false, ""use_regret"": false, ""data_split_seed"": 1000}","{""num_groups"": 4, ""num_classes"": 2, ""train_total"": 522, ""test_total"": 185, ""train_group_counts"": [242, 235, 20, 25], ""test_group_counts"": [61, 59, 25, 40], ""train_class_counts"": [293, 229], ""test_class_counts"": [83, 102], ""train_group_class_counts"": [[131, 111], [150, 85], [2, 18], [10, 15]], ""test_group_class_counts"": [[33, 28], [38, 21], [2, 23], [10, 30]], ""group_proportions"": [0.46360153256704983, 0.4501915708812261, 0.038314176245210725, 0.04789272030651341]}","{""num_groups"": 4, ""eta"": 1.0, ""update_mode"": ""softmax"", ""robust_objective"": ""weighted"", ""gamma"": 0.9, ""kl_lambda"": 0.0, ""initial_pi"": [0.4636015295982361, 0.45019155740737915, 0.038314174860715866, 0.04789271950721741]}",2026-09-14T00:14:33.727381,14,0.5472754091024399,0.83203125,0.001,0.7405405405405405,0.7490636287857738,0.6,0.88,"[0.7704918032786885, 0.7457627118644068, 0.88, 0.6]","[0.45161045721319854, 0.5418119968499168, 0.3766677042841911, 0.861960195749998]","[0.8192771084337349, 0.6764705882352942]","[[0.8787878787878788, 0.6428571428571429], [0.8947368421052632, 0.47619047619047616], [0.0, 0.9565217391304348], [0.5, 0.6333333333333333]]","[61, 59, 25, 40]",0.7405329593267882,"[0.7627777777777778, 0.6953528399311532, 0.4680851063829787, 0.5441595441595443]",0.4680851063829787,0.861960195749998,"[0.28855013847351074, 0.3057819604873657, 0.18198370933532715, 0.2236841917037964]","[0.48203278332948685, 0.4620480239391327, 0.23587470781058073, 0.31651633977890015]","[0.27461024932563305, 0.26992772705852985, 0.2173000629991293, 0.2381619904190302]","[0.4636015295982361, 0.45019155740737915, 0.038314174860715866, 0.04789271950721741]",0.0
"{""run_name"": ""fedheart_exp_paper_hetagg_gdro"", ""seed"": 42, ""run_dir"": ""runs/fedheart_cv_lam0.1/Ours_s42_f0"", ""use_fedheart"": true, ""num_classes"": 2, ""stratified_batching"": true, ""train_frac"": 0.8, ""group_max_train_samples"": [null, null, 20, 25], ""true_hetero_input_dim"": true, ""feature_mask"": [[0, 1, 2, 3, 5, 6, 7, 8, 9, 10], [0, 1, 2, 3, 5, 6, 11, 12], [0, 1, 2, 4, 5, 7, 11, 12], [0, 1, 2, 4, 5, 6, 8, 9, 10]], ""batch_size"": 64, ""num_workers"": 0, ""epochs"": 100, ""early_stopping_patience"": 30, ""lr"": 0.001, ""weight_decay"": 0.0001, ""optimizer"": ""adam"", ""grad_clip"": 1.0, ""lr_scheduler"": ""cosine"", ""lr_min"": 1e-05, ""latent_dim"": 64, ""head_hidden"": 32, ""groups"": [{""name"": ""cleveland"", ""encoder"": ""mlp_tabular_ln"", ""input_dim"": 10, ""hidden_dim"": 64, ""dropout"": 0.1}, {""name"": ""hungarian"", ""encoder"": ""mlp_tabular_ln"", ""input_dim"": 8, ""hidden_dim"": 64, ""dropout"": 0.1}, {""name"": ""switzerland"", ""encoder"": ""mlp_tabular_ln"", ""input_dim"": 8, ""hidden_dim"": 64, ""dropout"": 0.1}, {""name"": ""va_long_beach"", ""encoder"": ""mlp_tabular_ln"", ""input_dim"": 9, ""hidden_dim"": 64, ""dropout"": 0.1}], ""anchor_eps"": 0.0001, ""sep_samples_per_class"": 4, ""sep_method"": ""classifier"", ""sep_margin"": 1.0, ""lambda_fit"": 0.1, ""lambda_sep"": 0.1, ""groupdro_enabled"": true, ""groupdro_eta"": 1.0, ""groupdro_gamma"": 0.9, ""groupdro_update_mode"": ""softmax"", ""groupdro_objective"": ""weighted"", ""groupdro_kl_lambda"": 0.0, ""groupdro_uniform_init"": true, ""log_interval"": 20, ""save_every"": 10, ""impute_missing"": true, ""common_encoder"": false, ""use_regret"": false, ""data_split_seed"": 1000}","{""num_groups"": 4, ""num_classes"": 2, ""train_total"": 522, ""test_total"": 185, ""train_group_counts"": [242, 235, 20, 25], ""test_group_counts"": [61, 59, 25, 40], ""train_class_counts"": [293, 229], ""test_class_counts"": [83, 102], ""train_group_class_counts"": [[131, 111], [150, 85], [2, 18], [10, 15]], ""test_group_class_counts"": [[33, 28], [38, 21], [2, 23], [10, 30]], ""group_proportions"": [0.46360153256704983, 0.4501915708812261, 0.038314176245210725, 0.04789272030651341]}","{""num_groups"": 4, ""eta"": 1.0, ""update_mode"": ""softmax"", ""robust_objective"": ""weighted"", ""gamma"": 0.9, ""kl_lambda"": 0.0, ""initial_pi"": [0.4636015295982361, 0.45019155740737915, 0.038314174860715866, 0.04789271950721741]}",2026-09-14T00:14:33.727381,15,0.49945321679115295,0.810546875,0.001,0.7405405405405405,0.742608710752987,0.525,0.88,"[0.819672131147541, 0.7457627118644068, 0.88, 0.525]","[0.4418968399528597, 0.5357381037231219, 0.3660246199369431, 0.9667254725005477]","[0.8433734939759037, 0.6568627450980392]","[[0.9393939393939394, 0.6785714285714286], [0.8947368421052632, 0.47619047619047616], [0.0, 0.9565217391304348], [0.5, 0.5333333333333333]]","[61, 59, 25, 40]",0.7404722936637831,"[0.8124126362873918, 0.6953528399311532, 0.4680851063829787, 0.4861392832995267]",0.4680851063829787,0.9667254725005477,"[0.28080320358276367, 0.2778143584728241, 0.2206859141588211, 0.2206965833902359]","[0.48178697004914284, 0.46453120559453964, 0.1095071998424828, 0.2711446098983288]","[0.2867923155426979, 0.28215621784329414, 0.19773533754050732, 0.23331615142524242]","[0.4636015295982361, 0.45019155740737915, 0.038314174860715866, 0.04789271950721741]",0.0
"{""run_name"": ""fedheart_exp_paper_hetagg_gdro"", ""seed"": 42, ""run_dir"": ""runs/fedheart_cv_lam0.1/Ours_s42_f0"", ""use_fedheart"": true, ""num_classes"": 2, ""stratified_batching"": true, ""train_frac"": 0.8, ""group_max_train_samples"": [null, null, 20, 25], ""true_hetero_input_dim"": true, ""feature_mask"": [[0, 1, 2, 3, 5, 6, 7, 8, 9, 10], [0, 1, 2, 3, 5, 6, 11, 12], [0, 1, 2, 4, 5, 7, 11, 12], [0, 1, 2, 4, 5, 6, 8, 9, 10]], ""batch_size"": 64, ""num_workers"": 0, ""epochs"": 100, ""early_stopping_patience"": 30, ""lr"": 0.001, ""weight_decay"": 0.0001, ""optimizer"": ""adam"", ""grad_clip"": 1.0, ""lr_scheduler"": ""cosine"", ""lr_min"": 1e-05, ""latent_dim"": 64, ""head_hidden"": 32, ""groups"": [{""name"": ""cleveland"", ""encoder"": ""mlp_tabular_ln"", ""input_dim"": 10, ""hidden_dim"": 64, ""dropout"": 0.1}, {""name"": ""hungarian"", ""encoder"": ""mlp_tabular_ln"", ""input_dim"": 8, ""hidden_dim"": 64, ""dropout"": 0.1}, {""name"": ""switzerland"", ""encoder"": ""mlp_tabular_ln"", ""input_dim"": 8, ""hidden_dim"": 64, ""dropout"": 0.1}, {""name"": ""va_long_beach"", ""encoder"": ""mlp_tabular_ln"", ""input_dim"": 9, ""hidden_dim"": 64, ""dropout"": 0.1}], ""anchor_eps"": 0.0001, ""sep_samples_per_class"": 4, ""sep_method"": ""classifier"", ""sep_margin"": 1.0, ""lambda_fit"": 0.1, ""lambda_sep"": 0.1, ""groupdro_enabled"": true, ""groupdro_eta"": 1.0, ""groupdro_gamma"": 0.9, ""groupdro_update_mode"": ""softmax"", ""groupdro_objective"": ""weighted"", ""groupdro_kl_lambda"": 0.0, ""groupdro_uniform_init"": true, ""log_interval"": 20, ""save_every"": 10, ""impute_missing"": true, ""common_encoder"": false, ""use_regret"": false, ""data_split_seed"": 1000}","{""num_groups"": 4, ""num_classes"": 2, ""train_total"": 522, ""test_total"": 185, ""train_group_counts"": [242, 235, 20, 25], ""test_group_counts"": [61, 59, 25, 40], ""train_class_counts"": [293, 229], ""test_class_counts"": [83, 102], ""train_group_class_counts"": [[131, 111], [150, 85], [2, 18], [10, 15]], ""test_group_class_counts"": [[33, 28], [38, 21], [2, 23], [10, 30]], ""group_proportions"": [0.46360153256704983, 0.4501915708812261, 0.038314176245210725, 0.04789272030651341]}","{""num_groups"": 4, ""eta"": 1.0, ""update_mode"": ""softmax"", ""robust_objective"": ""weighted"", ""gamma"": 0.9, ""kl_lambda"": 0.0, ""initial_pi"": [0.4636015295982361, 0.45019155740737915, 0.038314174860715866, 0.04789271950721741]}",2026-09-14T00:14:33.727381,16,0.4791320823132992,0.814453125,0.001,0.7297297297297297,0.7301087107529869,0.475,0.88,"[0.819672131147541, 0.7457627118644068, 0.88, 0.475]","[0.4357886423097282, 0.5322389047024614, 0.37626457918435335, 1.1640280903317035]","[0.8433734939759037, 0.6372549019607843]","[[0.9393939393939394, 0.6785714285714286], [0.8947368421052632, 0.47619047619047616], [0.0, 0.9565217391304348], [0.5, 0.4666666666666667]]","[61, 59, 25, 40]",0.72953216374269,"[0.8124126362873918, 0.6953528399311532, 0.4680851063829787, 0.4470046082949308]",0.4470046082949308,1.1640280903317035,"[0.3049200773239136, 0.2661007046699524, 0.18776030838489532, 0.2412189394235611]","[0.45529714971780777, 0.45336757227778435, 0.16911839973181486, 0.30634953267872334]","[0.27480268478393555, 0.27454401180148125, 0.21066986210644245, 0.2399834543466568]","[0.4636015295982361, 0.45019155740737915, 0.038314174860715866, 0.04789271950721741]",0.0
"{""run_name"": ""fedheart_exp_paper_hetagg_gdro"", ""seed"": 42, ""run_dir"": ""runs/fedheart_cv_lam0.1/Ours_s42_f0"", ""use_fedheart"": true, ""num_classes"": 2, ""stratified_batching"": true, ""train_frac"": 0.8, ""group_max_train_samples"": [null, null, 20, 25], ""true_hetero_input_dim"": true, ""feature_mask"": [[0, 1, 2, 3, 5, 6, 7, 8, 9, 10], [0, 1, 2, 3, 5, 6, 11, 12], [0, 1, 2, 4, 5, 7, 11, 12], [0, 1, 2, 4, 5, 6, 8, 9, 10]], ""batch_size"": 64, ""num_workers"": 0, ""epochs"": 100, ""early_stopping_patience"": 30, ""lr"": 0.001, ""weight_decay"": 0.0001, ""optimizer"": ""adam"", ""grad_clip"": 1.0, ""lr_scheduler"": ""cosine"", ""lr_min"": 1e-05, ""latent_dim"": 64, ""head_hidden"": 32, ""groups"": [{""name"": ""cleveland"", ""encoder"": ""mlp_tabular_ln"", ""input_dim"": 10, ""hidden_dim"": 64, ""dropout"": 0.1}, {""name"": ""hungarian"", ""encoder"": ""mlp_tabular_ln"", ""input_dim"": 8, ""hidden_dim"": 64, ""dropout"": 0.1}, {""name"": ""switzerland"", ""encoder"": ""mlp_tabular_ln"", ""input_dim"": 8, ""hidden_dim"": 64, ""dropout"": 0.1}, {""name"": ""va_long_beach"", ""encoder"": ""mlp_tabular_ln"", ""input_dim"": 9, ""hidden_dim"": 64, ""dropout"": 0.1}], ""anchor_eps"": 0.0001, ""sep_samples_per_class"": 4, ""sep_method"": ""classifier"", ""sep_margin"": 1.0, ""lambda_fit"": 0.1, ""lambda_sep"": 0.1, ""groupdro_enabled"": true, ""groupdro_eta"": 1.0, ""groupdro_gamma"": 0.9, ""groupdro_update_mode"": ""softmax"", ""groupdro_objective"": ""weighted"", ""groupdro_kl_lambda"": 0.0, ""groupdro_uniform_init"": true, ""log_interval"": 20, ""save_every"": 10, ""impute_missing"": true, ""common_encoder"": false, ""use_regret"": false, ""data_split_seed"": 1000}","{""num_groups"": 4, ""num_classes"": 2, ""train_total"": 522, ""test_total"": 185, ""train_group_counts"": [242, 235, 20, 25], ""test_group_counts"": [61, 59, 25, 40], ""train_class_counts"": [293, 229], ""test_class_counts"": [83, 102], ""train_group_class_counts"": [[131, 111], [150, 85], [2, 18], [10, 15]], ""test_group_class_counts"": [[33, 28], [38, 21], [2, 23], [10, 30]], ""group_proportions"": [0.46360153256704983, 0.4501915708812261, 0.038314176245210725, 0.04789272030651341]}","{""num_groups"": 4, ""eta"": 1.0, ""update_mode"": ""softmax"", ""robust_objective"": ""weighted"", ""gamma"": 0.9, ""kl_lambda"": 0.0, ""initial_pi"": [0.4636015295982361, 0.45019155740737915, 0.038314174860715866, 0.04789271950721741]}",2026-09-14T00:14:33.727381,17,0.4645630493760109,0.828125,0.001,0.745945945945946,0.7488587107529869,0.55,0.88,"[0.819672131147541, 0.7457627118644068, 0.88, 0.55]","[0.4208150680680744, 0.533767217675508, 0.4016974094137549, 1.1982850303989836]","[0.8433734939759037, 0.6666666666666666]","[[0.9393939393939394, 0.6785714285714286], [0.8947368421052632, 0.47619047619047616], [0.0, 0.9565217391304348], [0.5, 0.5666666666666667]]","[61, 59, 25, 40]",0.7459162502556909,"[0.8124126362873918, 0.6953528399311532, 0.4680851063829787, 0.5054945054945055]",0.4680851063829787,1.1982850303989836,"[0.2605821490287781, 0.26232242584228516, 0.26734164357185364, 0.20975370705127716]","[0.4400350861251354, 0.4669877327978611, 0.1698857545852661, 0.2404837366193533]","[0.2768982741981745, 0.2839879896491766, 0.21230370178818703, 0.2268100455403328]","[0.4636015295982361, 0.45019155740737915, 0.038314174860715866, 0.04789271950721741]",0.0
"{""run_name"": ""fedheart_exp_paper_hetagg_gdro"", ""seed"": 42, ""run_dir"": ""runs/fedheart_cv_lam0.1/Ours_s42_f0"", ""use_fedheart"": true, ""num_classes"": 2, ""stratified_batching"": true, ""train_frac"": 0.8, ""group_max_train_samples"": [null, null, 20, 25], ""true_hetero_input_dim"": true, ""feature_mask"": [[0, 1, 2, 3, 5, 6, 7, 8, 9, 10], [0, 1, 2, 3, 5, 6, 11, 12], [0, 1, 2, 4, 5, 7, 11, 12], [0, 1, 2, 4, 5, 6, 8, 9, 10]], ""batch_size"": 64, ""num_workers"": 0, ""epochs"": 100, ""early_stopping_patience"": 30, ""lr"": 0.001, ""weight_decay"": 0.0001, ""optimizer"": ""adam"", ""grad_clip"": 1.0, ""lr_scheduler"": ""cosine"", ""lr_min"": 1e-05, ""latent_dim"": 64, ""head_hidden"": 32, ""groups"": [{""name"": ""cleveland"", ""encoder"": ""mlp_tabular_ln"", ""input_dim"": 10, ""hidden_dim"": 64, ""dropout"": 0.1}, {""name"": ""hungarian"", ""encoder"": ""mlp_tabular_ln"", ""input_dim"": 8, ""hidden_dim"": 64, ""dropout"": 0.1}, {""name"": ""switzerland"", ""encoder"": ""mlp_tabular_ln"", ""input_dim"": 8, ""hidden_dim"": 64, ""dropout"": 0.1}, {""name"": ""va_long_beach"", ""encoder"": ""mlp_tabular_ln"", ""input_dim"": 9, ""hidden_dim"": 64, ""dropout"": 0.1}], ""anchor_eps"": 0.0001, ""sep_samples_per_class"": 4, ""sep_method"": ""classifier"", ""sep_margin"": 1.0, ""lambda_fit"": 0.1, ""lambda_sep"": 0.1, ""groupdro_enabled"": true, ""groupdro_eta"": 1.0, ""groupdro_gamma"": 0.9, ""groupdro_update_mode"": ""softmax"", ""groupdro_objective"": ""weighted"", ""groupdro_kl_lambda"": 0.0, ""groupdro_uniform_init"": true, ""log_interval"": 20, ""save_every"": 10, ""impute_missing"": true, ""common_encoder"": false, ""use_regret"": false, ""data_split_seed"": 1000}","{""num_groups"": 4, ""num_classes"": 2, ""train_total"": 522, ""test_total"": 185, ""train_group_counts"": [242, 235, 20, 25], ""test_group_counts"": [61, 59, 25, 40], ""train_class_counts"": [293, 229], ""test_class_counts"": [83, 102], ""train_group_class_counts"": [[131, 111], [150, 85], [2, 18], [10, 15]], ""test_group_class_counts"": [[33, 28], [38, 21], [2, 23], [10, 30]], ""group_proportions"": [0.46360153256704983, 0.4501915708812261, 0.038314176245210725, 0.04789272030651341]}","{""num_groups"": 4, ""eta"": 1.0, ""update_mode"": ""softmax"", ""robust_objective"": ""weighted"", ""gamma"": 0.9, ""kl_lambda"": 0.0, ""initial_pi"": [0.4636015295982361, 0.45019155740737915, 0.038314174860715866, 0.04789271950721741]}",2026-09-14T00:14:33.727381,18,0.4387051686644554,0.83203125,0.001,0.7405405405405405,0.7368459988885802,0.525,0.84,"[0.819672131147541, 0.7627118644067796, 0.84, 0.525]","[0.43088790731596166, 0.5328505016484503, 0.4439238479360938, 1.1965546529158018]","[0.8313253012048193, 0.6666666666666666]","[[0.9393939393939394, 0.6785714285714286], [0.8947368421052632, 0.5238095238095238], [0.0, 0.9130434782608695], [0.4, 0.5666666666666667]]","[61, 59, 25, 40]",0.7405329593267882,"[0.8124126362873918, 0.7201897018970189, 0.45652173913043476, 0.46890286512928026]",0.45652173913043476,1.1965546529158018,"[0.3296394348144531, 0.2686960995197296, 0.2079681009054184, 0.19369640946388245]","[0.4424232468008995, 0.43255383521318436, 0.18855737755075097, 0.25080815283581614]","[0.27506871707737446, 0.27288216911256313, 0.21875297836959362, 0.2332961391657591]","[0.4636015295982361, 0.45019155740737915, 0.038314174860715866, 0.04789271950721741]",0.0
"{""run_name"": ""fedheart_exp_paper_hetagg_gdro"", ""seed"": 42, ""run_dir"": ""runs/fedheart_cv_lam0.1/Ours_s42_f0"", ""use_fedheart"": true, ""num_classes"": 2, ""stratified_batching"": true, ""train_frac"": 0.8, ""group_max_train_samples"": [null, null, 20, 25], ""true_hetero_input_dim"": true, ""feature_mask"": [[0, 1, 2, 3, 5, 6, 7, 8, 9, 10], [0, 1, 2, 3, 5, 6, 11, 12], [0, 1, 2, 4, 5, 7, 11, 12], [0, 1, 2, 4, 5, 6, 8, 9, 10]], ""batch_size"": 64, ""num_workers"": 0, ""epochs"": 100, ""early_stopping_patience"": 30, ""lr"": 0.001, ""weight_decay"": 0.0001, ""optimizer"": ""adam"", ""grad_clip"": 1.0, ""lr_scheduler"": ""cosine"", ""lr_min"": 1e-05, ""latent_dim"": 64, ""head_hidden"": 32, ""groups"": [{""name"": ""cleveland"", ""encoder"": ""mlp_tabular_ln"", ""input_dim"": 10, ""hidden_dim"": 64, ""dropout"": 0.1}, {""name"": ""hungarian"", ""encoder"": ""mlp_tabular_ln"", ""input_dim"": 8, ""hidden_dim"": 64, ""dropout"": 0.1}, {""name"": ""switzerland"", ""encoder"": ""mlp_tabular_ln"", ""input_dim"": 8, ""hidden_dim"": 64, ""dropout"": 0.1}, {""name"": ""va_long_beach"", ""encoder"": ""mlp_tabular_ln"", ""input_dim"": 9, ""hidden_dim"": 64, ""dropout"": 0.1}], ""anchor_eps"": 0.0001, ""sep_samples_per_class"": 4, ""sep_method"": ""classifier"", ""sep_margin"": 1.0, ""lambda_fit"": 0.1, ""lambda_sep"": 0.1, ""groupdro_enabled"": true, ""groupdro_eta"": 1.0, ""groupdro_gamma"": 0.9, ""groupdro_update_mode"": ""softmax"", ""groupdro_objective"": ""weighted"", ""groupdro_kl_lambda"": 0.0, ""groupdro_uniform_init"": true, ""log_interval"": 20, ""save_every"": 10, ""impute_missing"": true, ""common_encoder"": false, ""use_regret"": false, ""data_split_seed"": 1000}","{""num_groups"": 4, ""num_classes"": 2, ""train_total"": 522, ""test_total"": 185, ""train_group_counts"": [242, 235, 20, 25], ""test_group_counts"": [61, 59, 25, 40], ""train_class_counts"": [293, 229], ""test_class_counts"": [83, 102], ""train_group_class_counts"": [[131, 111], [150, 85], [2, 18], [10, 15]], ""test_group_class_counts"": [[33, 28], [38, 21], [2, 23], [10, 30]], ""group_proportions"": [0.46360153256704983, 0.4501915708812261, 0.038314176245210725, 0.04789272030651341]}","{""num_groups"": 4, ""eta"": 1.0, ""update_mode"": ""softmax"", ""robust_objective"": ""weighted"", ""gamma"": 0.9, ""kl_lambda"": 0.0, ""initial_pi"": [0.4636015295982361, 0.45019155740737915, 0.038314174860715866, 0.04789271950721741]}",2026-09-14T00:14:33.727381,19,0.41323309019207954,0.83984375,0.001,0.7351351351351352,0.7305959988885802,0.5,0.84,"[0.819672131147541, 0.7627118644067796, 0.84, 0.5]","[0.422912310992108, 0.5540156392222744, 0.46548534706234934, 1.157687665184494]","[0.8313253012048193, 0.6568627450980392]","[[0.9393939393939394, 0.6785714285714286], [0.9210526315789473, 0.47619047619047616], [0.0, 0.9130434782608695], [0.3, 0.5666666666666667]]","[61, 59, 25, 40]",0.7351041757984862,"[0.8124126362873918, 0.7107843137254901, 0.45652173913043476, 0.4301994301994302]",0.4301994301994302,1.157687665184494,"[0.31485551595687866, 0.294516921043396, 0.19622552394866943, 0.1944020539522171]","[0.40700193494558334, 0.4366590231657028, 0.0867876976262778, 0.2662502976600081]","[0.27290006540715694, 0.2819536440074444, 0.1995980218052864, 0.24554826691746712]","[0.4636015295982361, 0.45019155740737915, 0.038314174860715866, 0.04789271950721741]",0.0
"{""run_name"": ""fedheart_exp_paper_hetagg_gdro"", ""seed"": 42, ""run_dir"": ""runs/fedheart_cv_lam0.1/Ours_s42_f0"", ""use_fedheart"": true, ""num_classes"": 2, ""stratified_batching"": true, ""train_frac"": 0.8, ""group_max_train_samples"": [null, null, 20, 25], ""true_hetero_input_dim"": true, ""feature_mask"": [[0, 1, 2, 3, 5, 6, 7, 8, 9, 10], [0, 1, 2, 3, 5, 6, 11, 12], [0, 1, 2, 4, 5, 7, 11, 12], [0, 1, 2, 4, 5, 6, 8, 9, 10]], ""batch_size"": 64, ""num_workers"": 0, ""epochs"": 100, ""early_stopping_patience"": 30, ""lr"": 0.001, ""weight_decay"": 0.0001, ""optimizer"": ""adam"", ""grad_clip"": 1.0, ""lr_scheduler"": ""cosine"", ""lr_min"": 1e-05, ""latent_dim"": 64, ""head_hidden"": 32, ""groups"": [{""name"": ""cleveland"", ""encoder"": ""mlp_tabular_ln"", ""input_dim"": 10, ""hidden_dim"": 64, ""dropout"": 0.1}, {""name"": ""hungarian"", ""encoder"": ""mlp_tabular_ln"", ""input_dim"": 8, ""hidden_dim"": 64, ""dropout"": 0.1}, {""name"": ""switzerland"", ""encoder"": ""mlp_tabular_ln"", ""input_dim"": 8, ""hidden_dim"": 64, ""dropout"": 0.1}, {""name"": ""va_long_beach"", ""encoder"": ""mlp_tabular_ln"", ""input_dim"": 9, ""hidden_dim"": 64, ""dropout"": 0.1}], ""anchor_eps"": 0.0001, ""sep_samples_per_class"": 4, ""sep_method"": ""classifier"", ""sep_margin"": 1.0, ""lambda_fit"": 0.1, ""lambda_sep"": 0.1, ""groupdro_enabled"": true, ""groupdro_eta"": 1.0, ""groupdro_gamma"": 0.9, ""groupdro_update_mode"": ""softmax"", ""groupdro_objective"": ""weighted"", ""groupdro_kl_lambda"": 0.0, ""groupdro_uniform_init"": true, ""log_interval"": 20, ""save_every"": 10, ""impute_missing"": true, ""common_encoder"": false, ""use_regret"": false, ""data_split_seed"": 1000}","{""num_groups"": 4, ""num_classes"": 2, ""train_total"": 522, ""test_total"": 185, ""train_group_counts"": [242, 235, 20, 25], ""test_group_counts"": [61, 59, 25, 40], ""train_class_counts"": [293, 229], ""test_class_counts"": [83, 102], ""train_group_class_counts"": [[131, 111], [150, 85], [2, 18], [10, 15]], ""test_group_class_counts"": [[33, 28], [38, 21], [2, 23], [10, 30]], ""group_proportions"": [0.46360153256704983, 0.4501915708812261, 0.038314176245210725, 0.04789272030651341]}","{""num_groups"": 4, ""eta"": 1.0, ""update_mode"": ""softmax"", ""robust_objective"": ""weighted"", ""gamma"": 0.9, ""kl_lambda"": 0.0, ""initial_pi"": [0.4636015295982361, 0.45019155740737915, 0.038314174860715866, 0.04789271950721741]}",2026-09-14T00:14:33.727381,20,0.40010521933436394,0.83984375,0.001,0.7405405405405405,0.7405959988885802,0.5,0.88,"[0.819672131147541, 0.7627118644067796, 0.88, 0.5]","[0.4218825791336474, 0.5343150898056516, 0.46331690466031433, 1.4455544841417578]","[0.8433734939759037, 0.6568627450980392]","[[0.9393939393939394, 0.6785714285714286], [0.8947368421052632, 0.5238095238095238], [0.0, 0.9565217391304348], [0.5, 0.5]]","[61, 59, 25, 40]",0.7404722936637831,"[0.8124126362873918, 0.7201897018970189, 0.4680851063829787, 0.4666666666666667]",0.4666666666666667,1.4455544841417578,"[0.2608494162559509, 0.26837843656539917, 0.25911134481430054, 0.21166086196899414]","[0.41939716041088104, 0.4178702235221863, 0.0841831371653825, 0.25794839835725725]","[0.28015526570379734, 0.2771358098834753, 0.2002157550305128, 0.24249314703047276]","[0.4636015295982361, 0.45019155740737915, 0.038314174860715866, 0.04789271950721741]",0.0
"{""run_name"": ""fedheart_exp_paper_hetagg_gdro"", ""seed"": 42, ""run_dir"": ""runs/fedheart_cv_lam0.1/Ours_s42_f0"", ""use_fedheart"": true, ""num_classes"": 2, ""stratified_batching"": true, ""train_frac"": 0.8, ""group_max_train_samples"": [null, null, 20, 25], ""true_hetero_input_dim"": true, ""feature_mask"": [[0, 1, 2, 3, 5, 6, 7, 8, 9, 10], [0, 1, 2, 3, 5, 6, 11, 12], [0, 1, 2, 4, 5, 7, 11, 12], [0, 1, 2, 4, 5, 6, 8, 9, 10]], ""batch_size"": 64, ""num_workers"": 0, ""epochs"": 100, ""early_stopping_patience"": 30, ""lr"": 0.001, ""weight_decay"": 0.0001, ""optimizer"": ""adam"", ""grad_clip"": 1.0, ""lr_scheduler"": ""cosine"", ""lr_min"": 1e-05, ""latent_dim"": 64, ""head_hidden"": 32, ""groups"": [{""name"": ""cleveland"", ""encoder"": ""mlp_tabular_ln"", ""input_dim"": 10, ""hidden_dim"": 64, ""dropout"": 0.1}, {""name"": ""hungarian"", ""encoder"": ""mlp_tabular_ln"", ""input_dim"": 8, ""hidden_dim"": 64, ""dropout"": 0.1}, {""name"": ""switzerland"", ""encoder"": ""mlp_tabular_ln"", ""input_dim"": 8, ""hidden_dim"": 64, ""dropout"": 0.1}, {""name"": ""va_long_beach"", ""encoder"": ""mlp_tabular_ln"", ""input_dim"": 9, ""hidden_dim"": 64, ""dropout"": 0.1}], ""anchor_eps"": 0.0001, ""sep_samples_per_class"": 4, ""sep_method"": ""classifier"", ""sep_margin"": 1.0, ""lambda_fit"": 0.1, ""lambda_sep"": 0.1, ""groupdro_enabled"": true, ""groupdro_eta"": 1.0, ""groupdro_gamma"": 0.9, ""groupdro_update_mode"": ""softmax"", ""groupdro_objective"": ""weighted"", ""groupdro_kl_lambda"": 0.0, ""groupdro_uniform_init"": true, ""log_interval"": 20, ""save_every"": 10, ""impute_missing"": true, ""common_encoder"": false, ""use_regret"": false, ""data_split_seed"": 1000}","{""num_groups"": 4, ""num_classes"": 2, ""train_total"": 522, ""test_total"": 185, ""train_group_counts"": [242, 235, 20, 25], ""test_group_counts"": [61, 59, 25, 40], ""train_class_counts"": [293, 229], ""test_class_counts"": [83, 102], ""train_group_class_counts"": [[131, 111], [150, 85], [2, 18], [10, 15]], ""test_group_class_counts"": [[33, 28], [38, 21], [2, 23], [10, 30]], ""group_proportions"": [0.46360153256704983, 0.4501915708812261, 0.038314176245210725, 0.04789272030651341]}","{""num_groups"": 4, ""eta"": 1.0, ""update_mode"": ""softmax"", ""robust_objective"": ""weighted"", ""gamma"": 0.9, ""kl_lambda"": 0.0, ""initial_pi"": [0.4636015295982361, 0.45019155740737915, 0.038314174860715866, 0.04789271950721741]}",2026-09-14T00:14:33.727381,21,0.3688915893435478,0.833984375,0.001,0.745945945945946,0.7468459988885802,0.525,0.88,"[0.819672131147541, 0.7627118644067796, 0.88, 0.525]","[0.4010952333079987, 0.5385378301143646, 0.468369011208415, 1.4138296150631504]","[0.8313253012048193, 0.6764705882352942]","[[0.9090909090909091, 0.7142857142857143], [0.8947368421052632, 0.5238095238095238], [0.0, 0.9565217391304348], [0.5, 0.5333333333333333]]","[61, 59, 25, 40]",0.7459459459459461,"[0.8146920740127037, 0.7201897018970189, 0.4680851063829787, 0.4861392832995267]",0.4680851063829787,1.4138296150631504,"[0.2676180601119995, 0.24091584980487823, 0.18779656291007996, 0.3036694824695587]","[0.4186184033751488, 0.42195165902376175, 0.04830478044459596, 0.2049065453466028]","[0.28463754802942276, 0.2864534892141819, 0.19627034477889538, 0.23263861425220966]","[0.4636015295982361, 0.45019155740737915, 0.038314174860715866, 0.04789271950721741]",0.0
"{""run_name"": ""fedheart_exp_paper_hetagg_gdro"", ""seed"": 42, ""run_dir"": ""runs/fedheart_cv_lam0.1/Ours_s42_f0"", ""use_fedheart"": true, ""num_classes"": 2, ""stratified_batching"": true, ""train_frac"": 0.8, ""group_max_train_samples"": [null, null, 20, 25], ""true_hetero_input_dim"": true, ""feature_mask"": [[0, 1, 2, 3, 5, 6, 7, 8, 9, 10], [0, 1, 2, 3, 5, 6, 11, 12], [0, 1, 2, 4, 5, 7, 11, 12], [0, 1, 2, 4, 5, 6, 8, 9, 10]], ""batch_size"": 64, ""num_workers"": 0, ""epochs"": 100, ""early_stopping_patience"": 30, ""lr"": 0.001, ""weight_decay"": 0.0001, ""optimizer"": ""adam"", ""grad_clip"": 1.0, ""lr_scheduler"": ""cosine"", ""lr_min"": 1e-05, ""latent_dim"": 64, ""head_hidden"": 32, ""groups"": [{""name"": ""cleveland"", ""encoder"": ""mlp_tabular_ln"", ""input_dim"": 10, ""hidden_dim"": 64, ""dropout"": 0.1}, {""name"": ""hungarian"", ""encoder"": ""mlp_tabular_ln"", ""input_dim"": 8, ""hidden_dim"": 64, ""dropout"": 0.1}, {""name"": ""switzerland"", ""encoder"": ""mlp_tabular_ln"", ""input_dim"": 8, ""hidden_dim"": 64, ""dropout"": 0.1}, {""name"": ""va_long_beach"", ""encoder"": ""mlp_tabular_ln"", ""input_dim"": 9, ""hidden_dim"": 64, ""dropout"": 0.1}], ""anchor_eps"": 0.0001, ""sep_samples_per_class"": 4, ""sep_method"": ""classifier"", ""sep_margin"": 1.0, ""lambda_fit"": 0.1, ""lambda_sep"": 0.1, ""groupdro_enabled"": true, ""groupdro_eta"": 1.0, ""groupdro_gamma"": 0.9, ""groupdro_update_mode"": ""softmax"", ""groupdro_objective"": ""weighted"", ""groupdro_kl_lambda"": 0.0, ""groupdro_uniform_init"": true, ""log_interval"": 20, ""save_every"": 10, ""impute_missing"": true, ""common_encoder"": false, ""use_regret"": false, ""data_split_seed"": 1000}","{""num_groups"": 4, ""num_classes"": 2, ""train_total"": 522, ""test_total"": 185, ""train_group_counts"": [242, 235, 20, 25], ""test_group_counts"": [61, 59, 25, 40], ""train_class_counts"": [293, 229], ""test_class_counts"": [83, 102], ""train_group_class_counts"": [[131, 111], [150, 85], [2, 18], [10, 15]], ""test_group_class_counts"": [[33, 28], [38, 21], [2, 23], [10, 30]], ""group_proportions"": [0.46360153256704983, 0.4501915708812261, 0.038314176245210725, 0.04789272030651341]}","{""num_groups"": 4, ""eta"": 1.0, ""update_mode"": ""softmax"", ""robust_objective"": ""weighted"", ""gamma"": 0.9, ""kl_lambda"": 0.0, ""initial_pi"": [0.4636015295982361, 0.45019155740737915, 0.038314174860715866, 0.04789271950721741]}",2026-09-14T00:14:33.727381,22,0.37292422726750374,0.83984375,0.001,0.7351351351351352,0.7305959988885802,0.5,0.84,"[0.819672131147541, 0.7627118644067796, 0.84, 0.5]","[0.43477818302688054, 0.5402086998446513, 0.4962761425040662, 1.2472462392484887]","[0.8072289156626506, 0.6764705882352942]","[[0.9393939393939394, 0.6785714285714286], [0.8947368421052632, 0.5238095238095238], [0.0, 0.9130434782608695], [0.2, 0.6]]","[61, 59, 25, 40]",0.7351041757984863,"[0.8124126362873918, 0.7201897018970189, 0.45652173913043476, 0.40476190476190477]",0.40476190476190477,1.2472462392484887,"[0.28907132148742676, 0.28290778398513794, 0.20659597218036652, 0.22142496705055237]","[0.42414741590619087, 0.40919721126556396, 0.04687510954681784, 0.3162864027544856]","[0.2785172015428543, 0.27440898679196835, 0.19022289291024208, 0.25685092620551586]","[0.4636015295982361, 0.45019155740737915, 0.038314174860715866, 0.04789271950721741]",0.0
"{""run_name"": ""fedheart_exp_paper_hetagg_gdro"", ""seed"": 42, ""run_dir"": ""runs/fedheart_cv_lam0.1/Ours_s42_f0"", ""use_fedheart"": true, ""num_classes"": 2, ""stratified_batching"": true, ""train_frac"": 0.8, ""group_max_train_samples"": [null, null, 20, 25], ""true_hetero_input_dim"": true, ""feature_mask"": [[0, 1, 2, 3, 5, 6, 7, 8, 9, 10], [0, 1, 2, 3, 5, 6, 11, 12], [0, 1, 2, 4, 5, 7, 11, 12], [0, 1, 2, 4, 5, 6, 8, 9, 10]], ""batch_size"": 64, ""num_workers"": 0, ""epochs"": 100, ""early_stopping_patience"": 30, ""lr"": 0.001, ""weight_decay"": 0.0001, ""optimizer"": ""adam"", ""grad_clip"": 1.0, ""lr_scheduler"": ""cosine"", ""lr_min"": 1e-05, ""latent_dim"": 64, ""head_hidden"": 32, ""groups"": [{""name"": ""cleveland"", ""encoder"": ""mlp_tabular_ln"", ""input_dim"": 10, ""hidden_dim"": 64, ""dropout"": 0.1}, {""name"": ""hungarian"", ""encoder"": ""mlp_tabular_ln"", ""input_dim"": 8, ""hidden_dim"": 64, ""dropout"": 0.1}, {""name"": ""switzerland"", ""encoder"": ""mlp_tabular_ln"", ""input_dim"": 8, ""hidden_dim"": 64, ""dropout"": 0.1}, {""name"": ""va_long_beach"", ""encoder"": ""mlp_tabular_ln"", ""input_dim"": 9, ""hidden_dim"": 64, ""dropout"": 0.1}], ""anchor_eps"": 0.0001, ""sep_samples_per_class"": 4, ""sep_method"": ""classifier"", ""sep_margin"": 1.0, ""lambda_fit"": 0.1, ""lambda_sep"": 0.1, ""groupdro_enabled"": true, ""groupdro_eta"": 1.0, ""groupdro_gamma"": 0.9, ""groupdro_update_mode"": ""softmax"", ""groupdro_objective"": ""weighted"", ""groupdro_kl_lambda"": 0.0, ""groupdro_uniform_init"": true, ""log_interval"": 20, ""save_every"": 10, ""impute_missing"": true, ""common_encoder"": false, ""use_regret"": false, ""data_split_seed"": 1000}","{""num_groups"": 4, ""num_classes"": 2, ""train_total"": 522, ""test_total"": 185, ""train_group_counts"": [242, 235, 20, 25], ""test_group_counts"": [61, 59, 25, 40], ""train_class_counts"": [293, 229], ""test_class_counts"": [83, 102], ""train_group_class_counts"": [[131, 111], [150, 85], [2, 18], [10, 15]], ""test_group_class_counts"": [[33, 28], [38, 21], [2, 23], [10, 30]], ""group_proportions"": [0.46360153256704983, 0.4501915708812261, 0.038314176245210725, 0.04789272030651341]}","{""num_groups"": 4, ""eta"": 1.0, ""update_mode"": ""softmax"", ""robust_objective"": ""weighted"", ""gamma"": 0.9, ""kl_lambda"": 0.0, ""initial_pi"": [0.4636015295982361, 0.45019155740737915, 0.038314174860715866, 0.04789271950721741]}",2026-09-14T00:14:33.727381,23,0.3438612259924412,0.83203125,0.001,0.7189189189189189,0.7160103500972492,0.475,0.84,"[0.8032786885245902, 0.7457627118644068, 0.84, 0.475]","[0.4026674901242139, 0.5507508766979484, 0.5204730097018182, 1.3142203005438204]","[0.7951807228915663, 0.6568627450980392]","[[0.9090909090909091, 0.6785714285714286], [0.8947368421052632, 0.47619047619047616], [0.0, 0.9130434782608695], [0.2, 0.5666666666666667]]","[61, 59, 25, 40]",0.7189107059373538,"[0.7966666666666666, 0.6953528399311532, 0.45652173913043476, 0.38909090909090915]",0.38909090909090915,1.3142203005438204,"[0.2983369827270508, 0.2777797281742096, 0.21326671540737152, 0.21061652898788452]","[0.44419240579009056, 0.4136848896741867, 0.0624588715727441, 0.14718812657520175]","[0.29442787170410156, 0.2850440889596939, 0.20053142681717873, 0.2199966013431549]","[0.4636015295982361, 0.45019155740737915, 0.038314174860715866, 0.04789271950721741]",0.0
"{""run_name"": ""fedheart_exp_paper_hetagg_gdro"", ""seed"": 42, ""run_dir"": ""runs/fedheart_cv_lam0.1/Ours_s42_f0"", ""use_fedheart"": true, ""num_classes"": 2, ""stratified_batching"": true, ""train_frac"": 0.8, ""group_max_train_samples"": [null, null, 20, 25], ""true_hetero_input_dim"": true, ""feature_mask"": [[0, 1, 2, 3, 5, 6, 7, 8, 9, 10], [0, 1, 2, 3, 5, 6, 11, 12], [0, 1, 2, 4, 5, 7, 11, 12], [0, 1, 2, 4, 5, 6, 8, 9, 10]], ""batch_size"": 64, ""num_workers"": 0, ""epochs"": 100, ""early_stopping_patience"": 30, ""lr"": 0.001, ""weight_decay"": 0.0001, ""optimizer"": ""adam"", ""grad_clip"": 1.0, ""lr_scheduler"": ""cosine"", ""lr_min"": 1e-05, ""latent_dim"": 64, ""head_hidden"": 32, ""groups"": [{""name"": ""cleveland"", ""encoder"": ""mlp_tabular_ln"", ""input_dim"": 10, ""hidden_dim"": 64, ""dropout"": 0.1}, {""name"": ""hungarian"", ""encoder"": ""mlp_tabular_ln"", ""input_dim"": 8, ""hidden_dim"": 64, ""dropout"": 0.1}, {""name"": ""switzerland"", ""encoder"": ""mlp_tabular_ln"", ""input_dim"": 8, ""hidden_dim"": 64, ""dropout"": 0.1}, {""name"": ""va_long_beach"", ""encoder"": ""mlp_tabular_ln"", ""input_dim"": 9, ""hidden_dim"": 64, ""dropout"": 0.1}], ""anchor_eps"": 0.0001, ""sep_samples_per_class"": 4, ""sep_method"": ""classifier"", ""sep_margin"": 1.0, ""lambda_fit"": 0.1, ""lambda_sep"": 0.1, ""groupdro_enabled"": true, ""groupdro_eta"": 1.0, ""groupdro_gamma"": 0.9, ""groupdro_update_mode"": ""softmax"", ""groupdro_objective"": ""weighted"", ""groupdro_kl_lambda"": 0.0, ""groupdro_uniform_init"": true, ""log_interval"": 20, ""save_every"": 10, ""impute_missing"": true, ""common_encoder"": false, ""use_regret"": false, ""data_split_seed"": 1000}","{""num_groups"": 4, ""num_classes"": 2, ""train_total"": 522, ""test_total"": 185, ""train_group_counts"": [242, 235, 20, 25], ""test_group_counts"": [61, 59, 25, 40], ""train_class_counts"": [293, 229], ""test_class_counts"": [83, 102], ""train_group_class_counts"": [[131, 111], [150, 85], [2, 18], [10, 15]], ""test_group_class_counts"": [[33, 28], [38, 21], [2, 23], [10, 30]], ""group_proportions"": [0.46360153256704983, 0.4501915708812261, 0.038314176245210725, 0.04789272030651341]}","{""num_groups"": 4, ""eta"": 1.0, ""update_mode"": ""softmax"", ""robust_objective"": ""weighted"", ""gamma"": 0.9, ""kl_lambda"": 0.0, ""initial_pi"": [0.4636015295982361, 0.45019155740737915, 0.038314174860715866, 0.04789271950721741]}",2026-09-14T00:14:33.727381,24,0.3399839624762535,0.83203125,0.001,0.7189189189189189,0.7139976382328425,0.45,0.84,"[0.8032786885245902, 0.7627118644067796, 0.84, 0.45]","[0.41214192316668935, 0.5511287622532602, 0.5423875145241618, 1.419116151171329]","[0.7951807228915663, 0.6568627450980392]","[[0.9090909090909091, 0.6785714285714286], [0.8947368421052632, 0.5238095238095238], [0.0, 0.9130434782608695], [0.2, 0.5333333333333333]]","[61, 59, 25, 40]",0.7189107059373538,"[0.7966666666666666, 0.7201897018970189, 0.45652173913043476, 0.3732193732193732]",0.3732193732193732,1.419116151171329,"[0.2604273557662964, 0.2681865394115448, 0.19056589901447296, 0.28082025051116943]","[0.40141649544239044, 0.41248901188373566, 0.040551455109380186, 0.20120499818585813]","[0.2834099717438221, 0.2863380163908005, 0.1970955077558756, 0.23315651714801788]","[0.4636015295982361, 0.45019155740737915, 0.038314174860715866, 0.04789271950721741]",0.0
"{""run_name"": ""fedheart_exp_paper_hetagg_gdro"", ""seed"": 42, ""run_dir"": ""runs/fedheart_cv_lam0.1/Ours_s42_f0"", ""use_fedheart"": true, ""num_classes"": 2, ""stratified_batching"": true, ""train_frac"": 0.8, ""group_max_train_samples"": [null, null, 20, 25], ""true_hetero_input_dim"": true, ""feature_mask"": [[0, 1, 2, 3, 5, 6, 7, 8, 9, 10], [0, 1, 2, 3, 5, 6, 11, 12], [0, 1, 2, 4, 5, 7, 11, 12], [0, 1, 2, 4, 5, 6, 8, 9, 10]], ""batch_size"": 64, ""num_workers"": 0, ""epochs"": 100, ""early_stopping_patience"": 30, ""lr"": 0.001, ""weight_decay"": 0.0001, ""optimizer"": ""adam"", ""grad_clip"": 1.0, ""lr_scheduler"": ""cosine"", ""lr_min"": 1e-05, ""latent_dim"": 64, ""head_hidden"": 32, ""groups"": [{""name"": ""cleveland"", ""encoder"": ""mlp_tabular_ln"", ""input_dim"": 10, ""hidden_dim"": 64, ""dropout"": 0.1}, {""name"": ""hungarian"", ""encoder"": ""mlp_tabular_ln"", ""input_dim"": 8, ""hidden_dim"": 64, ""dropout"": 0.1}, {""name"": ""switzerland"", ""encoder"": ""mlp_tabular_ln"", ""input_dim"": 8, ""hidden_dim"": 64, ""dropout"": 0.1}, {""name"": ""va_long_beach"", ""encoder"": ""mlp_tabular_ln"", ""input_dim"": 9, ""hidden_dim"": 64, ""dropout"": 0.1}], ""anchor_eps"": 0.0001, ""sep_samples_per_class"": 4, ""sep_method"": ""classifier"", ""sep_margin"": 1.0, ""lambda_fit"": 0.1, ""lambda_sep"": 0.1, ""groupdro_enabled"": true, ""groupdro_eta"": 1.0, ""groupdro_gamma"": 0.9, ""groupdro_update_mode"": ""softmax"", ""groupdro_objective"": ""weighted"", ""groupdro_kl_lambda"": 0.0, ""groupdro_uniform_init"": true, ""log_interval"": 20, ""save_every"": 10, ""impute_missing"": true, ""common_encoder"": false, ""use_regret"": false, ""data_split_seed"": 1000}","{""num_groups"": 4, ""num_classes"": 2, ""train_total"": 522, ""test_total"": 185, ""train_group_counts"": [242, 235, 20, 25], ""test_group_counts"": [61, 59, 25, 40], ""train_class_counts"": [293, 229], ""test_class_counts"": [83, 102], ""train_group_class_counts"": [[131, 111], [150, 85], [2, 18], [10, 15]], ""test_group_class_counts"": [[33, 28], [38, 21], [2, 23], [10, 30]], ""group_proportions"": [0.46360153256704983, 0.4501915708812261, 0.038314176245210725, 0.04789272030651341]}","{""num_groups"": 4, ""eta"": 1.0, ""update_mode"": ""softmax"", ""robust_objective"": ""weighted"", ""gamma"": 0.9, ""kl_lambda"": 0.0, ""initial_pi"": [0.4636015295982361, 0.45019155740737915, 0.038314174860715866, 0.04789271950721741]}",2026-09-14T00:14:33.727381,25,0.3397174086421728,0.853515625,0.001,0.7351351351351352,0.7305959988885802,0.5,0.84,"[0.819672131147541, 0.7627118644067796, 0.84, 0.5]","[0.42989018364030807, 0.5437128927116677, 0.55905819948297, 1.6346754011436133]","[0.8433734939759037, 0.6470588235294118]","[[0.9393939393939394, 0.6785714285714286], [0.8947368421052632, 0.5238095238095238], [0.0, 0.9130434782608695], [0.5, 0.5]]","[61, 59, 25, 40]",0.735011254348271,"[0.8124126362873918, 0.7201897018970189, 0.45652173913043476, 0.4666666666666667]",0.45652173913043476,1.6346754011436133,"[0.25000786781311035, 0.24361079931259155, 0.1718255579471588, 0.33455580472946167]","[0.39127617329359055, 0.41245732456445694, 0.03170159109868109, 0.2741263350471854]","[0.27525156177580357, 0.2809783983975649, 0.19223088584840298, 0.25153915025293827]","[0.4636015295982361, 0.45019155740737915, 0.038314174860715866, 0.04789271950721741]",0.0
"{""run_name"": ""fedheart_exp_paper_hetagg_gdro"", ""seed"": 42, ""run_dir"": ""runs/fedheart_cv_lam0.1/Ours_s42_f0"", ""use_fedheart"": true, ""num_classes"": 2, ""stratified_batching"": true, ""train_frac"": 0.8, ""group_max_train_samples"": [null, null, 20, 25], ""true_hetero_input_dim"": true, ""feature_mask"": [[0, 1, 2, 3, 5, 6, 7, 8, 9, 10], [0, 1, 2, 3, 5, 6, 11, 12], [0, 1, 2, 4, 5, 7, 11, 12], [0, 1, 2, 4, 5, 6, 8, 9, 10]], ""batch_size"": 64, ""num_workers"": 0, ""epochs"": 100, ""early_stopping_patience"": 30, ""lr"": 0.001, ""weight_decay"": 0.0001, ""optimizer"": ""adam"", ""grad_clip"": 1.0, ""lr_scheduler"": ""cosine"", ""lr_min"": 1e-05, ""latent_dim"": 64, ""head_hidden"": 32, ""groups"": [{""name"": ""cleveland"", ""encoder"": ""mlp_tabular_ln"", ""input_dim"": 10, ""hidden_dim"": 64, ""dropout"": 0.1}, {""name"": ""hungarian"", ""encoder"": ""mlp_tabular_ln"", ""input_dim"": 8, ""hidden_dim"": 64, ""dropout"": 0.1}, {""name"": ""switzerland"", ""encoder"": ""mlp_tabular_ln"", ""input_dim"": 8, ""hidden_dim"": 64, ""dropout"": 0.1}, {""name"": ""va_long_beach"", ""encoder"": ""mlp_tabular_ln"", ""input_dim"": 9, ""hidden_dim"": 64, ""dropout"": 0.1}], ""anchor_eps"": 0.0001, ""sep_samples_per_class"": 4, ""sep_method"": ""classifier"", ""sep_margin"": 1.0, ""lambda_fit"": 0.1, ""lambda_sep"": 0.1, ""groupdro_enabled"": true, ""groupdro_eta"": 1.0, ""groupdro_gamma"": 0.9, ""groupdro_update_mode"": ""softmax"", ""groupdro_objective"": ""weighted"", ""groupdro_kl_lambda"": 0.0, ""groupdro_uniform_init"": true, ""log_interval"": 20, ""save_every"": 10, ""impute_missing"": true, ""common_encoder"": false, ""use_regret"": false, ""data_split_seed"": 1000}","{""num_groups"": 4, ""num_classes"": 2, ""train_total"": 522, ""test_total"": 185, ""train_group_counts"": [242, 235, 20, 25], ""test_group_counts"": [61, 59, 25, 40], ""train_class_counts"": [293, 229], ""test_class_counts"": [83, 102], ""train_group_class_counts"": [[131, 111], [150, 85], [2, 18], [10, 15]], ""test_group_class_counts"": [[33, 28], [38, 21], [2, 23], [10, 30]], ""group_proportions"": [0.46360153256704983, 0.4501915708812261, 0.038314176245210725, 0.04789272030651341]}","{""num_groups"": 4, ""eta"": 1.0, ""update_mode"": ""softmax"", ""robust_objective"": ""weighted"", ""gamma"": 0.9, ""kl_lambda"": 0.0, ""initial_pi"": [0.4636015295982361, 0.45019155740737915, 0.038314174860715866, 0.04789271950721741]}",2026-09-14T00:14:33.727381,26,0.28760218620300293,0.84765625,0.001,0.7189189189189189,0.7160103500972492,0.475,0.84,"[0.8032786885245902, 0.7457627118644068, 0.84, 0.475]","[0.42082393181617145, 0.5650157170780634, 0.5640855535957963, 1.5816513670186396]","[0.8192771084337349, 0.6372549019607843]","[[0.9090909090909091, 0.6785714285714286], [0.8947368421052632, 0.47619047619047616], [0.0, 0.9130434782608695], [0.4, 0.5]]","[61, 59, 25, 40]",0.7188449848024316,"[0.7966666666666666, 0.6953528399311532, 0.45652173913043476, 0.4320486815415821]",0.4320486815415821,1.5816513670186396,"[0.3000289499759674, 0.2902545630931854, 0.20991215109825134, 0.19980429112911224]","[0.3694864436984062, 0.42002278193831444, 0.02531415701378137, 0.08239260606933385]","[0.2848966270685196, 0.2994198128581047, 0.2016983237117529, 0.21398522704839706]","[0.4636015295982361, 0.45019155740737915, 0.038314174860715866, 0.04789271950721741]",0.0
"{""run_name"": ""fedheart_exp_paper_hetagg_gdro"", ""seed"": 42, ""run_dir"": ""runs/fedheart_cv_lam0.1/Ours_s42_f0"", ""use_fedheart"": true, ""num_classes"": 2, ""stratified_batching"": true, ""train_frac"": 0.8, ""group_max_train_samples"": [null, null, 20, 25], ""true_hetero_input_dim"": true, ""feature_mask"": [[0, 1, 2, 3, 5, 6, 7, 8, 9, 10], [0, 1, 2, 3, 5, 6, 11, 12], [0, 1, 2, 4, 5, 7, 11, 12], [0, 1, 2, 4, 5, 6, 8, 9, 10]], ""batch_size"": 64, ""num_workers"": 0, ""epochs"": 100, ""early_stopping_patience"": 30, ""lr"": 0.001, ""weight_decay"": 0.0001, ""optimizer"": ""adam"", ""grad_clip"": 1.0, ""lr_scheduler"": ""cosine"", ""lr_min"": 1e-05, ""latent_dim"": 64, ""head_hidden"": 32, ""groups"": [{""name"": ""cleveland"", ""encoder"": ""mlp_tabular_ln"", ""input_dim"": 10, ""hidden_dim"": 64, ""dropout"": 0.1}, {""name"": ""hungarian"", ""encoder"": ""mlp_tabular_ln"", ""input_dim"": 8, ""hidden_dim"": 64, ""dropout"": 0.1}, {""name"": ""switzerland"", ""encoder"": ""mlp_tabular_ln"", ""input_dim"": 8, ""hidden_dim"": 64, ""dropout"": 0.1}, {""name"": ""va_long_beach"", ""encoder"": ""mlp_tabular_ln"", ""input_dim"": 9, ""hidden_dim"": 64, ""dropout"": 0.1}], ""anchor_eps"": 0.0001, ""sep_samples_per_class"": 4, ""sep_method"": ""classifier"", ""sep_margin"": 1.0, ""lambda_fit"": 0.1, ""lambda_sep"": 0.1, ""groupdro_enabled"": true, ""groupdro_eta"": 1.0, ""groupdro_gamma"": 0.9, ""groupdro_update_mode"": ""softmax"", ""groupdro_objective"": ""weighted"", ""groupdro_kl_lambda"": 0.0, ""groupdro_uniform_init"": true, ""log_interval"": 20, ""save_every"": 10, ""impute_missing"": true, ""common_encoder"": false, ""use_regret"": false, ""data_split_seed"": 1000}","{""num_groups"": 4, ""num_classes"": 2, ""train_total"": 522, ""test_total"": 185, ""train_group_counts"": [242, 235, 20, 25], ""test_group_counts"": [61, 59, 25, 40], ""train_class_counts"": [293, 229], ""test_class_counts"": [83, 102], ""train_group_class_counts"": [[131, 111], [150, 85], [2, 18], [10, 15]], ""test_group_class_counts"": [[33, 28], [38, 21], [2, 23], [10, 30]], ""group_proportions"": [0.46360153256704983, 0.4501915708812261, 0.038314176245210725, 0.04789272030651341]}","{""num_groups"": 4, ""eta"": 1.0, ""update_mode"": ""softmax"", ""robust_objective"": ""weighted"", ""gamma"": 0.9, ""kl_lambda"": 0.0, ""initial_pi"": [0.4636015295982361, 0.45019155740737915, 0.038314174860715866, 0.04789271950721741]}",2026-09-14T00:14:33.727381,27,0.28015427477657795,0.865234375,0.001,0.7189189189189189,0.7118459988885801,0.425,0.84,"[0.819672131147541, 0.7627118644067796, 0.84, 0.425]","[0.4559110863836574, 0.5556112286019124, 0.5797836978500709, 1.5754246834963852]","[0.8072289156626506, 0.6470588235294118]","[[0.9393939393939394, 0.6785714285714286], [0.8947368421052632, 0.5238095238095238], [0.0, 0.9130434782608695], [0.2, 0.5]]","[61, 59, 25, 40]",0.7189107059373538,"[0.8124126362873918, 0.7201897018970189, 0.45652173913043476, 0.35709294199860236]",0.35709294199860236,1.5754246834963852,"[0.25754377245903015, 0.3314451575279236, 0.19535189867019653, 0.21565917134284973]","[0.36162617802619934, 0.4112744703888893, 0.021519180882023647, 0.06415424810256809]","[0.28541386500000954, 0.29987476021051407, 0.20290828123688698, 0.21180309168994427]","[0.4636015295982361, 0.45019155740737915, 0.038314174860715866, 0.04789271950721741]",0.0
"{""run_name"": ""fedheart_exp_paper_hetagg_gdro"", ""seed"": 42, ""run_dir"": ""runs/fedheart_cv_lam0.1/Ours_s42_f0"", ""use_fedheart"": true, ""num_classes"": 2, ""stratified_batching"": true, ""train_frac"": 0.8, ""group_max_train_samples"": [null, null, 20, 25], ""true_hetero_input_dim"": true, ""feature_mask"": [[0, 1, 2, 3, 5, 6, 7, 8, 9, 10], [0, 1, 2, 3, 5, 6, 11, 12], [0, 1, 2, 4, 5, 7, 11, 12], [0, 1, 2, 4, 5, 6, 8, 9, 10]], ""batch_size"": 64, ""num_workers"": 0, ""epochs"": 100, ""early_stopping_patience"": 30, ""lr"": 0.001, ""weight_decay"": 0.0001, ""optimizer"": ""adam"", ""grad_clip"": 1.0, ""lr_scheduler"": ""cosine"", ""lr_min"": 1e-05, ""latent_dim"": 64, ""head_hidden"": 32, ""groups"": [{""name"": ""cleveland"", ""encoder"": ""mlp_tabular_ln"", ""input_dim"": 10, ""hidden_dim"": 64, ""dropout"": 0.1}, {""name"": ""hungarian"", ""encoder"": ""mlp_tabular_ln"", ""input_dim"": 8, ""hidden_dim"": 64, ""dropout"": 0.1}, {""name"": ""switzerland"", ""encoder"": ""mlp_tabular_ln"", ""input_dim"": 8, ""hidden_dim"": 64, ""dropout"": 0.1}, {""name"": ""va_long_beach"", ""encoder"": ""mlp_tabular_ln"", ""input_dim"": 9, ""hidden_dim"": 64, ""dropout"": 0.1}], ""anchor_eps"": 0.0001, ""sep_samples_per_class"": 4, ""sep_method"": ""classifier"", ""sep_margin"": 1.0, ""lambda_fit"": 0.1, ""lambda_sep"": 0.1, ""groupdro_enabled"": true, ""groupdro_eta"": 1.0, ""groupdro_gamma"": 0.9, ""groupdro_update_mode"": ""softmax"", ""groupdro_objective"": ""weighted"", ""groupdro_kl_lambda"": 0.0, ""groupdro_uniform_init"": true, ""log_interval"": 20, ""save_every"": 10, ""impute_missing"": true, ""common_encoder"": false, ""use_regret"": false, ""data_split_seed"": 1000}","{""num_groups"": 4, ""num_classes"": 2, ""train_total"": 522, ""test_total"": 185, ""train_group_counts"": [242, 235, 20, 25], ""test_group_counts"": [61, 59, 25, 40], ""train_class_counts"": [293, 229], ""test_class_counts"": [83, 102], ""train_group_class_counts"": [[131, 111], [150, 85], [2, 18], [10, 15]], ""test_group_class_counts"": [[33, 28], [38, 21], [2, 23], [10, 30]], ""group_proportions"": [0.46360153256704983, 0.4501915708812261, 0.038314176245210725, 0.04789272030651341]}","{""num_groups"": 4, ""eta"": 1.0, ""update_mode"": ""softmax"", ""robust_objective"": ""weighted"", ""gamma"": 0.9, ""kl_lambda"": 0.0, ""initial_pi"": [0.4636015295982361, 0.45019155740737915, 0.038314174860715866, 0.04789271950721741]}",2026-09-14T00:14:33.727381,28,0.2941008824855089,0.83984375,0.001,0.7243243243243244,0.7202476382328424,0.475,0.84,"[0.8032786885245902, 0.7627118644067796, 0.84, 0.475]","[0.4380635355645027, 0.5668654978527861, 0.5883906242018565, 1.7031884838688711]","[0.8192771084337349, 0.6470588235294118]","[[0.9090909090909091, 0.6785714285714286], [0.8947368421052632, 0.5238095238095238], [0.0, 0.9130434782608695], [0.4, 0.5]]","[61, 59, 25, 40]",0.7242921013412817,"[0.7966666666666666, 0.7201897018970189, 0.45652173913043476, 0.4320486815415821]",0.4320486815415821,1.7031884838688711,"[0.23106704652309418, 0.2450907677412033, 0.1840173751115799, 0.33982476592063904]","[0.38004085421562195, 0.41947439312934875, 0.01965318841394037, 0.12634919886477292]","[0.2841182295233011, 0.2952722813934088, 0.1975372787564993, 0.22307221964001656]","[0.4636015295982361, 0.45019155740737915, 0.038314174860715866, 0.04789271950721741]",0.0
"{""run_name"": ""fedheart_exp_paper_hetagg_gdro"", ""seed"": 42, ""run_dir"": ""runs/fedheart_cv_lam0.1/Ours_s42_f0"", ""use_fedheart"": true, ""num_classes"": 2, ""stratified_batching"": true, ""train_frac"": 0.8, ""group_max_train_samples"": [null, null, 20, 25], ""true_hetero_input_dim"": true, ""feature_mask"": [[0, 1, 2, 3, 5, 6, 7, 8, 9, 10], [0, 1, 2, 3, 5, 6, 11, 12], [0, 1, 2, 4, 5, 7, 11, 12], [0, 1, 2, 4, 5, 6, 8, 9, 10]], ""batch_size"": 64, ""num_workers"": 0, ""epochs"": 100, ""early_stopping_patience"": 30, ""lr"": 0.001, ""weight_decay"": 0.0001, ""optimizer"": ""adam"", ""grad_clip"": 1.0, ""lr_scheduler"": ""cosine"", ""lr_min"": 1e-05, ""latent_dim"": 64, ""head_hidden"": 32, ""groups"": [{""name"": ""cleveland"", ""encoder"": ""mlp_tabular_ln"", ""input_dim"": 10, ""hidden_dim"": 64, ""dropout"": 0.1}, {""name"": ""hungarian"", ""encoder"": ""mlp_tabular_ln"", ""input_dim"": 8, ""hidden_dim"": 64, ""dropout"": 0.1}, {""name"": ""switzerland"", ""encoder"": ""mlp_tabular_ln"", ""input_dim"": 8, ""hidden_dim"": 64, ""dropout"": 0.1}, {""name"": ""va_long_beach"", ""encoder"": ""mlp_tabular_ln"", ""input_dim"": 9, ""hidden_dim"": 64, ""dropout"": 0.1}], ""anchor_eps"": 0.0001, ""sep_samples_per_class"": 4, ""sep_method"": ""classifier"", ""sep_margin"": 1.0, ""lambda_fit"": 0.1, ""lambda_sep"": 0.1, ""groupdro_enabled"": true, ""groupdro_eta"": 1.0, ""groupdro_gamma"": 0.9, ""groupdro_update_mode"": ""softmax"", ""groupdro_objective"": ""weighted"", ""groupdro_kl_lambda"": 0.0, ""groupdro_uniform_init"": true, ""log_interval"": 20, ""save_every"": 10, ""impute_missing"": true, ""common_encoder"": false, ""use_regret"": false, ""data_split_seed"": 1000}","{""num_groups"": 4, ""num_classes"": 2, ""train_total"": 522, ""test_total"": 185, ""train_group_counts"": [242, 235, 20, 25], ""test_group_counts"": [61, 59, 25, 40], ""train_class_counts"": [293, 229], ""test_class_counts"": [83, 102], ""train_group_class_counts"": [[131, 111], [150, 85], [2, 18], [10, 15]], ""test_group_class_counts"": [[33, 28], [38, 21], [2, 23], [10, 30]], ""group_proportions"": [0.46360153256704983, 0.4501915708812261, 0.038314176245210725, 0.04789272030651341]}","{""num_groups"": 4, ""eta"": 1.0, ""update_mode"": ""softmax"", ""robust_objective"": ""weighted"", ""gamma"": 0.9, ""kl_lambda"": 0.0, ""initial_pi"": [0.4636015295982361, 0.45019155740737915, 0.038314174860715866, 0.04789271950721741]}",2026-09-14T00:14:33.727381,29,0.27403630688786507,0.857421875,0.001,0.7189189189189189,0.7139976382328425,0.45,0.84,"[0.8032786885245902, 0.7627118644067796, 0.84, 0.45]","[0.4576147284175529, 0.5688465952999511, 0.6108688459498808, 1.5782744786596594]","[0.7951807228915663, 0.6568627450980392]","[[0.9090909090909091, 0.6785714285714286], [0.8947368421052632, 0.5238095238095238], [0.0, 0.9130434782608695], [0.2, 0.5333333333333333]]","[61, 59, 25, 40]",0.7189107059373538,"[0.7966666666666666, 0.7201897018970189, 0.45652173913043476, 0.3732193732193732]",0.3732193732193732,1.5782744786596594,"[0.3262590169906616, 0.26216545701026917, 0.20411746203899384, 0.20745807886123657]","[0.34411641024053097, 0.4160274565219879, 0.028636732778977603, 0.12265589216258377]","[0.276743832975626, 0.2977301590144634, 0.20133656449615955, 0.22418946214020252]","[0.4636015295982361, 0.45019155740737915, 0.038314174860715866, 0.04789271950721741]",0.0
"{""run_name"": ""fedheart_exp_paper_hetagg_gdro"", ""seed"": 42, ""run_dir"": ""runs/fedheart_cv_lam0.1/Ours_s42_f0"", ""use_fedheart"": true, ""num_classes"": 2, ""stratified_batching"": true, ""train_frac"": 0.8, ""group_max_train_samples"": [null, null, 20, 25], ""true_hetero_input_dim"": true, ""feature_mask"": [[0, 1, 2, 3, 5, 6, 7, 8, 9, 10], [0, 1, 2, 3, 5, 6, 11, 12], [0, 1, 2, 4, 5, 7, 11, 12], [0, 1, 2, 4, 5, 6, 8, 9, 10]], ""batch_size"": 64, ""num_workers"": 0, ""epochs"": 100, ""early_stopping_patience"": 30, ""lr"": 0.001, ""weight_decay"": 0.0001, ""optimizer"": ""adam"", ""grad_clip"": 1.0, ""lr_scheduler"": ""cosine"", ""lr_min"": 1e-05, ""latent_dim"": 64, ""head_hidden"": 32, ""groups"": [{""name"": ""cleveland"", ""encoder"": ""mlp_tabular_ln"", ""input_dim"": 10, ""hidden_dim"": 64, ""dropout"": 0.1}, {""name"": ""hungarian"", ""encoder"": ""mlp_tabular_ln"", ""input_dim"": 8, ""hidden_dim"": 64, ""dropout"": 0.1}, {""name"": ""switzerland"", ""encoder"": ""mlp_tabular_ln"", ""input_dim"": 8, ""hidden_dim"": 64, ""dropout"": 0.1}, {""name"": ""va_long_beach"", ""encoder"": ""mlp_tabular_ln"", ""input_dim"": 9, ""hidden_dim"": 64, ""dropout"": 0.1}], ""anchor_eps"": 0.0001, ""sep_samples_per_class"": 4, ""sep_method"": ""classifier"", ""sep_margin"": 1.0, ""lambda_fit"": 0.1, ""lambda_sep"": 0.1, ""groupdro_enabled"": true, ""groupdro_eta"": 1.0, ""groupdro_gamma"": 0.9, ""groupdro_update_mode"": ""softmax"", ""groupdro_objective"": ""weighted"", ""groupdro_kl_lambda"": 0.0, ""groupdro_uniform_init"": true, ""log_interval"": 20, ""save_every"": 10, ""impute_missing"": true, ""common_encoder"": false, ""use_regret"": false, ""data_split_seed"": 1000}","{""num_groups"": 4, ""num_classes"": 2, ""train_total"": 522, ""test_total"": 185, ""train_group_counts"": [242, 235, 20, 25], ""test_group_counts"": [61, 59, 25, 40], ""train_class_counts"": [293, 229], ""test_class_counts"": [83, 102], ""train_group_class_counts"": [[131, 111], [150, 85], [2, 18], [10, 15]], ""test_group_class_counts"": [[33, 28], [38, 21], [2, 23], [10, 30]], ""group_proportions"": [0.46360153256704983, 0.4501915708812261, 0.038314176245210725, 0.04789272030651341]}","{""num_groups"": 4, ""eta"": 1.0, ""update_mode"": ""softmax"", ""robust_objective"": ""weighted"", ""gamma"": 0.9, ""kl_lambda"": 0.0, ""initial_pi"": [0.4636015295982361, 0.45019155740737915, 0.038314174860715866, 0.04789271950721741]}",2026-09-14T00:14:33.727381,30,0.28918674029409885,0.83984375,0.001,0.7297297297297297,0.7264976382328424,0.5,0.84,"[0.8032786885245902, 0.7627118644067796, 0.84, 0.5]","[0.4355315701333714, 0.5682709359137689, 0.6400525394733996, 1.5089353482258958]","[0.7951807228915663, 0.6764705882352942]","[[0.9090909090909091, 0.6785714285714286], [0.8947368421052632, 0.5238095238095238], [0.0, 0.9130434782608695], [0.2, 0.6]]","[61, 59, 25, 40]",0.7296586392331073,"[0.7966666666666666, 0.7201897018970189, 0.45652173913043476, 0.40476190476190477]",0.40476190476190477,1.5089353482258958,"[0.22801022231578827, 0.23761916160583496, 0.1770043522119522, 0.3573662340641022]","[0.3792155720293522, 0.4013284295797348, 0.028809161856770515, 0.1559190567350015]","[0.2837485410273075, 0.2890651300549507, 0.19830851443111897, 0.22887780331075191]","[0.4636015295982361, 0.45019155740737915, 0.038314174860715866, 0.04789271950721741]",0.0
"{""run_name"": ""fedheart_exp_paper_hetagg_gdro"", ""seed"": 42, ""run_dir"": ""runs/fedheart_cv_lam0.1/Ours_s42_f0"", ""use_fedheart"": true, ""num_classes"": 2, ""stratified_batching"": true, ""train_frac"": 0.8, ""group_max_train_samples"": [null, null, 20, 25], ""true_hetero_input_dim"": true, ""feature_mask"": [[0, 1, 2, 3, 5, 6, 7, 8, 9, 10], [0, 1, 2, 3, 5, 6, 11, 12], [0, 1, 2, 4, 5, 7, 11, 12], [0, 1, 2, 4, 5, 6, 8, 9, 10]], ""batch_size"": 64, ""num_workers"": 0, ""epochs"": 100, ""early_stopping_patience"": 30, ""lr"": 0.001, ""weight_decay"": 0.0001, ""optimizer"": ""adam"", ""grad_clip"": 1.0, ""lr_scheduler"": ""cosine"", ""lr_min"": 1e-05, ""latent_dim"": 64, ""head_hidden"": 32, ""groups"": [{""name"": ""cleveland"", ""encoder"": ""mlp_tabular_ln"", ""input_dim"": 10, ""hidden_dim"": 64, ""dropout"": 0.1}, {""name"": ""hungarian"", ""encoder"": ""mlp_tabular_ln"", ""input_dim"": 8, ""hidden_dim"": 64, ""dropout"": 0.1}, {""name"": ""switzerland"", ""encoder"": ""mlp_tabular_ln"", ""input_dim"": 8, ""hidden_dim"": 64, ""dropout"": 0.1}, {""name"": ""va_long_beach"", ""encoder"": ""mlp_tabular_ln"", ""input_dim"": 9, ""hidden_dim"": 64, ""dropout"": 0.1}], ""anchor_eps"": 0.0001, ""sep_samples_per_class"": 4, ""sep_method"": ""classifier"", ""sep_margin"": 1.0, ""lambda_fit"": 0.1, ""lambda_sep"": 0.1, ""groupdro_enabled"": true, ""groupdro_eta"": 1.0, ""groupdro_gamma"": 0.9, ""groupdro_update_mode"": ""softmax"", ""groupdro_objective"": ""weighted"", ""groupdro_kl_lambda"": 0.0, ""groupdro_uniform_init"": true, ""log_interval"": 20, ""save_every"": 10, ""impute_missing"": true, ""common_encoder"": false, ""use_regret"": false, ""data_split_seed"": 1000}","{""num_groups"": 4, ""num_classes"": 2, ""train_total"": 522, ""test_total"": 185, ""train_group_counts"": [242, 235, 20, 25], ""test_group_counts"": [61, 59, 25, 40], ""train_class_counts"": [293, 229], ""test_class_counts"": [83, 102], ""train_group_class_counts"": [[131, 111], [150, 85], [2, 18], [10, 15]], ""test_group_class_counts"": [[33, 28], [38, 21], [2, 23], [10, 30]], ""group_proportions"": [0.46360153256704983, 0.4501915708812261, 0.038314176245210725, 0.04789272030651341]}","{""num_groups"": 4, ""eta"": 1.0, ""update_mode"": ""softmax"", ""robust_objective"": ""weighted"", ""gamma"": 0.9, ""kl_lambda"": 0.0, ""initial_pi"": [0.4636015295982361, 0.45019155740737915, 0.038314174860715866, 0.04789271950721741]}",2026-09-14T00:14:33.727381,31,0.2608558814972639,0.853515625,0.001,0.7189189189189189,0.7139976382328425,0.45,0.84,"[0.8032786885245902, 0.7627118644067796, 0.84, 0.45]","[0.43168173910530866, 0.5692817317479748, 0.6351642665173859, 1.6360248320563187]","[0.7951807228915663, 0.6568627450980392]","[[0.9090909090909091, 0.6785714285714286], [0.8947368421052632, 0.5238095238095238], [0.0, 0.9130434782608695], [0.2, 0.5333333333333333]]","[61, 59, 25, 40]",0.7189107059373538,"[0.7966666666666666, 0.7201897018970189, 0.45652173913043476, 0.3732193732193732]",0.3732193732193732,1.6360248320563187,"[0.2767336666584015, 0.28296899795532227, 0.24643290042877197, 0.19386447966098785]","[0.35226284340023994, 0.3957347609102726, 0.05755668829078786, 0.10103696817532182]","[0.27988204918801785, 0.2928914315998554, 0.20862359553575516, 0.21860293298959732]","[0.4636015295982361, 0.45019155740737915, 0.038314174860715866, 0.04789271950721741]",0.0
"{""run_name"": ""fedheart_exp_paper_hetagg_gdro"", ""seed"": 42, ""run_dir"": ""runs/fedheart_cv_lam0.1/Ours_s42_f0"", ""use_fedheart"": true, ""num_classes"": 2, ""stratified_batching"": true, ""train_frac"": 0.8, ""group_max_train_samples"": [null, null, 20, 25], ""true_hetero_input_dim"": true, ""feature_mask"": [[0, 1, 2, 3, 5, 6, 7, 8, 9, 10], [0, 1, 2, 3, 5, 6, 11, 12], [0, 1, 2, 4, 5, 7, 11, 12], [0, 1, 2, 4, 5, 6, 8, 9, 10]], ""batch_size"": 64, ""num_workers"": 0, ""epochs"": 100, ""early_stopping_patience"": 30, ""lr"": 0.001, ""weight_decay"": 0.0001, ""optimizer"": ""adam"", ""grad_clip"": 1.0, ""lr_scheduler"": ""cosine"", ""lr_min"": 1e-05, ""latent_dim"": 64, ""head_hidden"": 32, ""groups"": [{""name"": ""cleveland"", ""encoder"": ""mlp_tabular_ln"", ""input_dim"": 10, ""hidden_dim"": 64, ""dropout"": 0.1}, {""name"": ""hungarian"", ""encoder"": ""mlp_tabular_ln"", ""input_dim"": 8, ""hidden_dim"": 64, ""dropout"": 0.1}, {""name"": ""switzerland"", ""encoder"": ""mlp_tabular_ln"", ""input_dim"": 8, ""hidden_dim"": 64, ""dropout"": 0.1}, {""name"": ""va_long_beach"", ""encoder"": ""mlp_tabular_ln"", ""input_dim"": 9, ""hidden_dim"": 64, ""dropout"": 0.1}], ""anchor_eps"": 0.0001, ""sep_samples_per_class"": 4, ""sep_method"": ""classifier"", ""sep_margin"": 1.0, ""lambda_fit"": 0.1, ""lambda_sep"": 0.1, ""groupdro_enabled"": true, ""groupdro_eta"": 1.0, ""groupdro_gamma"": 0.9, ""groupdro_update_mode"": ""softmax"", ""groupdro_objective"": ""weighted"", ""groupdro_kl_lambda"": 0.0, ""groupdro_uniform_init"": true, ""log_interval"": 20, ""save_every"": 10, ""impute_missing"": true, ""common_encoder"": false, ""use_regret"": false, ""data_split_seed"": 1000}","{""num_groups"": 4, ""num_classes"": 2, ""train_total"": 522, ""test_total"": 185, ""train_group_counts"": [242, 235, 20, 25], ""test_group_counts"": [61, 59, 25, 40], ""train_class_counts"": [293, 229], ""test_class_counts"": [83, 102], ""train_group_class_counts"": [[131, 111], [150, 85], [2, 18], [10, 15]], ""test_group_class_counts"": [[33, 28], [38, 21], [2, 23], [10, 30]], ""group_proportions"": [0.46360153256704983, 0.4501915708812261, 0.038314176245210725, 0.04789272030651341]}","{""num_groups"": 4, ""eta"": 1.0, ""update_mode"": ""softmax"", ""robust_objective"": ""weighted"", ""gamma"": 0.9, ""kl_lambda"": 0.0, ""initial_pi"": [0.4636015295982361, 0.45019155740737915, 0.038314174860715866, 0.04789271950721741]}",2026-09-14T00:14:33.727381,32,0.28157915361225605,0.87109375,0.001,0.7405405405405405,0.7407349263684357,0.5,0.88,"[0.8032786885245902, 0.7796610169491526, 0.88, 0.5]","[0.42663550569263636, 0.6169292332636098, 0.6234954716195352, 1.7977859557016926]","[0.8433734939759037, 0.6568627450980392]","[[0.9090909090909091, 0.6785714285714286], [0.9210526315789473, 0.5238095238095238], [0.0, 0.9565217391304348], [0.5, 0.5]]","[61, 59, 25, 40]",0.7404722936637831,"[0.7966666666666666, 0.7359724612736662, 0.4680851063829787, 0.4666666666666667]",0.4666666666666667,1.7977859557016926,"[0.22872337698936462, 0.31763213872909546, 0.1675170212984085, 0.286127507686615]","[0.3287622034549713, 0.41247712075710297, 0.04017117258626968, 0.24649833556031808]","[0.2628494165837765, 0.2888610567897558, 0.19738344475626945, 0.2509060725569725]","[0.4636015295982361, 0.45019155740737915, 0.038314174860715866, 0.04789271950721741]",0.0
"{""run_name"": ""fedheart_exp_paper_hetagg_gdro"", ""seed"": 42, ""run_dir"": ""runs/fedheart_cv_lam0.1/Ours_s42_f0"", ""use_fedheart"": true, ""num_classes"": 2, ""stratified_batching"": true, ""train_frac"": 0.8, ""group_max_train_samples"": [null, null, 20, 25], ""true_hetero_input_dim"": true, ""feature_mask"": [[0, 1, 2, 3, 5, 6, 7, 8, 9, 10], [0, 1, 2, 3, 5, 6, 11, 12], [0, 1, 2, 4, 5, 7, 11, 12], [0, 1, 2, 4, 5, 6, 8, 9, 10]], ""batch_size"": 64, ""num_workers"": 0, ""epochs"": 100, ""early_stopping_patience"": 30, ""lr"": 0.001, ""weight_decay"": 0.0001, ""optimizer"": ""adam"", ""grad_clip"": 1.0, ""lr_scheduler"": ""cosine"", ""lr_min"": 1e-05, ""latent_dim"": 64, ""head_hidden"": 32, ""groups"": [{""name"": ""cleveland"", ""encoder"": ""mlp_tabular_ln"", ""input_dim"": 10, ""hidden_dim"": 64, ""dropout"": 0.1}, {""name"": ""hungarian"", ""encoder"": ""mlp_tabular_ln"", ""input_dim"": 8, ""hidden_dim"": 64, ""dropout"": 0.1}, {""name"": ""switzerland"", ""encoder"": ""mlp_tabular_ln"", ""input_dim"": 8, ""hidden_dim"": 64, ""dropout"": 0.1}, {""name"": ""va_long_beach"", ""encoder"": ""mlp_tabular_ln"", ""input_dim"": 9, ""hidden_dim"": 64, ""dropout"": 0.1}], ""anchor_eps"": 0.0001, ""sep_samples_per_class"": 4, ""sep_method"": ""classifier"", ""sep_margin"": 1.0, ""lambda_fit"": 0.1, ""lambda_sep"": 0.1, ""groupdro_enabled"": true, ""groupdro_eta"": 1.0, ""groupdro_gamma"": 0.9, ""groupdro_update_mode"": ""softmax"", ""groupdro_objective"": ""weighted"", ""groupdro_kl_lambda"": 0.0, ""groupdro_uniform_init"": true, ""log_interval"": 20, ""save_every"": 10, ""impute_missing"": true, ""common_encoder"": false, ""use_regret"": false, ""data_split_seed"": 1000}","{""num_groups"": 4, ""num_classes"": 2, ""train_total"": 522, ""test_total"": 185, ""train_group_counts"": [242, 235, 20, 25], ""test_group_counts"": [61, 59, 25, 40], ""train_class_counts"": [293, 229], ""test_class_counts"": [83, 102], ""train_group_class_counts"": [[131, 111], [150, 85], [2, 18], [10, 15]], ""test_group_class_counts"": [[33, 28], [38, 21], [2, 23], [10, 30]], ""group_proportions"": [0.46360153256704983, 0.4501915708812261, 0.038314176245210725, 0.04789272030651341]}","{""num_groups"": 4, ""eta"": 1.0, ""update_mode"": ""softmax"", ""robust_objective"": ""weighted"", ""gamma"": 0.9, ""kl_lambda"": 0.0, ""initial_pi"": [0.4636015295982361, 0.45019155740737915, 0.038314174860715866, 0.04789271950721741]}",2026-09-14T00:14:33.727381,33,0.28869839757680893,0.869140625,0.001,0.7351351351351352,0.7364976382328424,0.5,0.88,"[0.8032786885245902, 0.7627118644067796, 0.88, 0.5]","[0.4615818293398765, 0.5795990335360423, 0.6270668090623803, 1.7622754829812037]","[0.8433734939759037, 0.6470588235294118]","[[0.9393939393939394, 0.6428571428571429], [0.8947368421052632, 0.5238095238095238], [0.0, 0.9565217391304348], [0.5, 0.5]]","[61, 59, 25, 40]",0.735011254348271,"[0.7939189189189189, 0.7201897018970189, 0.4680851063829787, 0.4666666666666667]",0.4666666666666667,1.7622754829812037,"[0.27738651633262634, 0.2671274244785309, 0.19543185830116272, 0.26005420088768005]","[0.3370899669826031, 0.3846425749361515, 0.012905889801913872, 0.29399334179470316]","[0.2659484799951315, 0.2785079888999462, 0.19195251911878586, 0.2635910026729107]","[0.4636015295982361, 0.45019155740737915, 0.038314174860715866, 0.04789271950721741]",0.0
"{""run_name"": ""fedheart_exp_paper_hetagg_gdro"", ""seed"": 42, ""run_dir"": ""runs/fedheart_cv_lam0.1/Ours_s42_f0"", ""use_fedheart"": true, ""num_classes"": 2, ""stratified_batching"": true, ""train_frac"": 0.8, ""group_max_train_samples"": [null, null, 20, 25], ""true_hetero_input_dim"": true, ""feature_mask"": [[0, 1, 2, 3, 5, 6, 7, 8, 9, 10], [0, 1, 2, 3, 5, 6, 11, 12], [0, 1, 2, 4, 5, 7, 11, 12], [0, 1, 2, 4, 5, 6, 8, 9, 10]], ""batch_size"": 64, ""num_workers"": 0, ""epochs"": 100, ""early_stopping_patience"": 30, ""lr"": 0.001, ""weight_decay"": 0.0001, ""optimizer"": ""adam"", ""grad_clip"": 1.0, ""lr_scheduler"": ""cosine"", ""lr_min"": 1e-05, ""latent_dim"": 64, ""head_hidden"": 32, ""groups"": [{""name"": ""cleveland"", ""encoder"": ""mlp_tabular_ln"", ""input_dim"": 10, ""hidden_dim"": 64, ""dropout"": 0.1}, {""name"": ""hungarian"", ""encoder"": ""mlp_tabular_ln"", ""input_dim"": 8, ""hidden_dim"": 64, ""dropout"": 0.1}, {""name"": ""switzerland"", ""encoder"": ""mlp_tabular_ln"", ""input_dim"": 8, ""hidden_dim"": 64, ""dropout"": 0.1}, {""name"": ""va_long_beach"", ""encoder"": ""mlp_tabular_ln"", ""input_dim"": 9, ""hidden_dim"": 64, ""dropout"": 0.1}], ""anchor_eps"": 0.0001, ""sep_samples_per_class"": 4, ""sep_method"": ""classifier"", ""sep_margin"": 1.0, ""lambda_fit"": 0.1, ""lambda_sep"": 0.1, ""groupdro_enabled"": true, ""groupdro_eta"": 1.0, ""groupdro_gamma"": 0.9, ""groupdro_update_mode"": ""softmax"", ""groupdro_objective"": ""weighted"", ""groupdro_kl_lambda"": 0.0, ""groupdro_uniform_init"": true, ""log_interval"": 20, ""save_every"": 10, ""impute_missing"": true, ""common_encoder"": false, ""use_regret"": false, ""data_split_seed"": 1000}","{""num_groups"": 4, ""num_classes"": 2, ""train_total"": 522, ""test_total"": 185, ""train_group_counts"": [242, 235, 20, 25], ""test_group_counts"": [61, 59, 25, 40], ""train_class_counts"": [293, 229], ""test_class_counts"": [83, 102], ""train_group_class_counts"": [[131, 111], [150, 85], [2, 18], [10, 15]], ""test_group_class_counts"": [[33, 28], [38, 21], [2, 23], [10, 30]], ""group_proportions"": [0.46360153256704983, 0.4501915708812261, 0.038314176245210725, 0.04789272030651341]}","{""num_groups"": 4, ""eta"": 1.0, ""update_mode"": ""softmax"", ""robust_objective"": ""weighted"", ""gamma"": 0.9, ""kl_lambda"": 0.0, ""initial_pi"": [0.4636015295982361, 0.45019155740737915, 0.038314174860715866, 0.04789271950721741]}",2026-09-14T00:14:33.727381,34,0.26752929016947746,0.849609375,0.001,0.7297297297297297,0.7243459988885801,0.475,0.84,"[0.819672131147541, 0.7627118644067796, 0.84, 0.475]","[0.4308975379852975, 0.5802218980960927, 0.6620312548684888, 1.6241259700018418]","[0.8192771084337349, 0.6568627450980392]","[[0.9393939393939394, 0.6785714285714286], [0.8947368421052632, 0.5238095238095238], [0.0, 0.9130434782608695], [0.3, 0.5333333333333333]]","[61, 59, 25, 40]",0.729721832632071,"[0.8124126362873918, 0.7201897018970189, 0.45652173913043476, 0.41299790356394134]",0.41299790356394134,1.6241259700018418,"[0.28947001695632935, 0.2838795483112335, 0.20724309980869293, 0.21940740942955017]","[0.3900755252689123, 0.38685241155326366, 0.03238854883238673, 0.09017176094494062]","[0.29200907051563263, 0.2896609902381897, 0.20296550914645195, 0.2153644599020481]","[0.4636015295982361, 0.45019155740737915, 0.038314174860715866, 0.04789271950721741]",0.0
"{""run_name"": ""fedheart_exp_paper_hetagg_gdro"", ""seed"": 42, ""run_dir"": ""runs/fedheart_cv_lam0.1/Ours_s42_f0"", ""use_fedheart"": true, ""num_classes"": 2, ""stratified_batching"": true, ""train_frac"": 0.8, ""group_max_train_samples"": [null, null, 20, 25], ""true_hetero_input_dim"": true, ""feature_mask"": [[0, 1, 2, 3, 5, 6, 7, 8, 9, 10], [0, 1, 2, 3, 5, 6, 11, 12], [0, 1, 2, 4, 5, 7, 11, 12], [0, 1, 2, 4, 5, 6, 8, 9, 10]], ""batch_size"": 64, ""num_workers"": 0, ""epochs"": 100, ""early_stopping_patience"": 30, ""lr"": 0.001, ""weight_decay"": 0.0001, ""optimizer"": ""adam"", ""grad_clip"": 1.0, ""lr_scheduler"": ""cosine"", ""lr_min"": 1e-05, ""latent_dim"": 64, ""head_hidden"": 32, ""groups"": [{""name"": ""cleveland"", ""encoder"": ""mlp_tabular_ln"", ""input_dim"": 10, ""hidden_dim"": 64, ""dropout"": 0.1}, {""name"": ""hungarian"", ""encoder"": ""mlp_tabular_ln"", ""input_dim"": 8, ""hidden_dim"": 64, ""dropout"": 0.1}, {""name"": ""switzerland"", ""encoder"": ""mlp_tabular_ln"", ""input_dim"": 8, ""hidden_dim"": 64, ""dropout"": 0.1}, {""name"": ""va_long_beach"", ""encoder"": ""mlp_tabular_ln"", ""input_dim"": 9, ""hidden_dim"": 64, ""dropout"": 0.1}], ""anchor_eps"": 0.0001, ""sep_samples_per_class"": 4, ""sep_method"": ""classifier"", ""sep_margin"": 1.0, ""lambda_fit"": 0.1, ""lambda_sep"": 0.1, ""groupdro_enabled"": true, ""groupdro_eta"": 1.0, ""groupdro_gamma"": 0.9, ""groupdro_update_mode"": ""softmax"", ""groupdro_objective"": ""weighted"", ""groupdro_kl_lambda"": 0.0, ""groupdro_uniform_init"": true, ""log_interval"": 20, ""save_every"": 10, ""impute_missing"": true, ""common_encoder"": false, ""use_regret"": false, ""data_split_seed"": 1000}","{""num_groups"": 4, ""num_classes"": 2, ""train_total"": 522, ""test_total"": 185, ""train_group_counts"": [242, 235, 20, 25], ""test_group_counts"": [61, 59, 25, 40], ""train_class_counts"": [293, 229], ""test_class_counts"": [83, 102], ""train_group_class_counts"": [[131, 111], [150, 85], [2, 18], [10, 15]], ""test_group_class_counts"": [[33, 28], [38, 21], [2, 23], [10, 30]], ""group_proportions"": [0.46360153256704983, 0.4501915708812261, 0.038314176245210725, 0.04789272030651341]}","{""num_groups"": 4, ""eta"": 1.0, ""update_mode"": ""softmax"", ""robust_objective"": ""weighted"", ""gamma"": 0.9, ""kl_lambda"": 0.0, ""initial_pi"": [0.4636015295982361, 0.45019155740737915, 0.038314174860715866, 0.04789271950721741]}",2026-09-14T00:14:33.727381,35,0.25986714474856853,0.857421875,0.001,0.7351351351351352,0.7305959988885802,0.5,0.84,"[0.819672131147541, 0.7627118644067796, 0.84, 0.5]","[0.40056622669589326, 0.5654538646971775, 0.714344099664595, 1.5140010959761638]","[0.7951807228915663, 0.6862745098039216]","[[0.9090909090909091, 0.7142857142857143], [0.8947368421052632, 0.5238095238095238], [0.0, 0.9130434782608695], [0.2, 0.6]]","[61, 59, 25, 40]",0.735011254348271,"[0.8146920740127037, 0.7201897018970189, 0.45652173913043476, 0.40476190476190477]",0.40476190476190477,1.5140010959761638,"[0.32361385226249695, 0.27280089259147644, 0.20139555633068085, 0.20218977332115173]","[0.3524034731090069, 0.4281202144920826, 0.027330810844432563, 0.10308996995445341]","[0.27913141809403896, 0.30140862613916397, 0.2011348307132721, 0.2183251529932022]","[0.4636015295982361, 0.45019155740737915, 0.038314174860715866, 0.04789271950721741]",0.0
