config,dataset_info,groupdro_config,start_time,epoch,train_loss,train_acc,learning_rate,test_overall_acc,test_balanced_acc,test_worst_group_acc,test_best_group_acc,test_per_group_acc,test_per_group_loss,test_per_class_acc,test_per_group_per_class_acc,test_per_group_counts,test_overall_macro_f1,test_per_group_f1,test_worst_group_f1,test_worst_group_loss,val_overall_acc,val_balanced_acc,val_worst_group_acc,val_best_group_acc,val_per_group_acc,val_per_group_loss,val_per_class_acc,val_per_group_per_class_acc,val_per_group_counts,val_overall_macro_f1,val_per_group_f1,val_worst_group_f1,val_worst_group_loss,groupdro_weights,train_per_group_loss,groupdro_weights_mean,groupdro_pi,groupdro_kl_penalty
"{""run_name"": ""fedheart_exp_paper_hetagg_gdro"", ""seed"": 44, ""run_dir"": ""runs/fedheart_uncapped/Shared_GDRO_s44_f4"", ""use_fedheart"": true, ""num_classes"": 2, ""stratified_batching"": true, ""train_frac"": 0.8, ""group_max_train_samples"": null, ""true_hetero_input_dim"": true, ""feature_mask"": [[0, 1, 2, 3, 5, 6, 7, 8, 9, 10], [0, 1, 2, 3, 5, 6, 11, 12], [0, 1, 2, 4, 5, 7, 11, 12], [0, 1, 2, 4, 5, 6, 8, 9, 10]], ""batch_size"": 64, ""num_workers"": 0, ""epochs"": 100, ""early_stopping_patience"": 30, ""lr"": 0.001, ""weight_decay"": 0.0001, ""optimizer"": ""adam"", ""grad_clip"": 1.0, ""lr_scheduler"": ""cosine"", ""lr_min"": 1e-05, ""latent_dim"": 64, ""head_hidden"": 32, ""groups"": [{""name"": ""cleveland"", ""encoder"": ""mlp_tabular_ln"", ""input_dim"": 13, ""hidden_dim"": 64, ""dropout"": 0.1}, {""name"": ""hungarian"", ""encoder"": ""mlp_tabular_ln"", ""input_dim"": 13, ""hidden_dim"": 64, ""dropout"": 0.1}, {""name"": ""switzerland"", ""encoder"": ""mlp_tabular_ln"", ""input_dim"": 13, ""hidden_dim"": 64, ""dropout"": 0.1}, {""name"": ""va_long_beach"", ""encoder"": ""mlp_tabular_ln"", ""input_dim"": 13, ""hidden_dim"": 64, ""dropout"": 0.1}], ""anchor_eps"": 0.0001, ""sep_samples_per_class"": 4, ""sep_method"": ""classifier"", ""sep_margin"": 1.0, ""lambda_fit"": 0.001, ""lambda_sep"": 0.001, ""groupdro_enabled"": true, ""groupdro_eta"": 0.02, ""groupdro_gamma"": 0.9, ""groupdro_update_mode"": ""exp"", ""groupdro_objective"": ""weighted"", ""groupdro_kl_lambda"": 0.0, ""groupdro_uniform_init"": false, ""log_interval"": 20, ""save_every"": 10, ""groupdro_ema_decay"": 0.9, ""groupdro_update_every"": 1, ""dro_signal"": ""val"", ""val_frac"": 0.15, ""impute_missing"": true, ""common_encoder"": true, ""use_regret"": false, ""data_split_seed"": 1004}","{""num_groups"": 4, ""num_classes"": 2, ""train_total"": 623, ""test_total"": 185, ""train_group_counts"": [205, 199, 83, 136], ""test_group_counts"": [61, 59, 25, 40], ""train_class_counts"": [278, 345], ""test_class_counts"": [83, 102], ""train_group_class_counts"": [[111, 94], [127, 72], [5, 78], [35, 101]], ""test_group_class_counts"": [[33, 28], [38, 21], [2, 23], [10, 30]], ""group_proportions"": [0.3290529695024077, 0.31942215088282505, 0.1332263242375602, 0.21829855537720708], ""val_group_counts"": [37, 36, 15, 24], ""val_total"": 112}","{""num_groups"": 4, ""eta"": 0.02, ""update_mode"": ""exp"", ""robust_objective"": ""weighted"", ""gamma"": 0.9, ""kl_lambda"": 0.0, ""initial_pi"": [0.32905295491218567, 0.3194221556186676, 0.13322632014751434, 0.2182985544204712]}",2026-09-16T04:05:32.786856,1,0.6963786549038358,0.6336805555555556,0.001,0.6486486486486487,0.6321783828841345,0.56,0.7457627118644068,"[0.6229508196721312, 0.7457627118644068, 0.56, 0.6]","[0.6459817026482254, 0.6151745092060606, 0.6537342143058776, 0.6306537687778473]","[0.5301204819277109, 0.7450980392156863]","[[0.48484848484848486, 0.7857142857142857], [0.631578947368421, 0.9523809523809523], [0.5, 0.5652173913043478], [0.3, 0.7]]","[61, 59, 25, 40]",0.637812114092949,"[0.6192672998643147, 0.7445887445887447, 0.4282744282744282, 0.4984326018808777]",0.4282744282744282,0.6537342143058776,0.6160714285714286,0.6338776276276277,0.5555555555555556,0.7333333333333333,"[0.6216216216216216, 0.5555555555555556, 0.7333333333333333, 0.625]","[0.604962548694095, 0.679539187086953, 0.6434046745300293, 0.6232750254372755]","[0.42, 0.7741935483870968]","[[0.45, 0.8235294117647058], [0.43478260869565216, 0.7692307692307693], [1.0, 0.7142857142857143], [0.16666666666666666, 0.7777777777777778]]","[37, 36, 15, 24]",0.5923825645366061,"[0.6145833333333334, 0.5555555555555555, 0.5833333333333333, 0.4692874692874692]",0.4692874692874692,0.679539187086953,"[0.3288361430168152, 0.31968820095062256, 0.1332409530878067, 0.21823465824127197]","[0.6591212418344286, 0.7087545527352227, 0.623845100402832, 0.6368912325965034]","[0.32905295491218567, 0.3194221556186676, 0.13322632014751434, 0.2182985544204712]","[0.32905295491218567, 0.3194221556186676, 0.13322632014751434, 0.2182985544204712]",0.0
"{""run_name"": ""fedheart_exp_paper_hetagg_gdro"", ""seed"": 44, ""run_dir"": ""runs/fedheart_uncapped/Shared_GDRO_s44_f4"", ""use_fedheart"": true, ""num_classes"": 2, ""stratified_batching"": true, ""train_frac"": 0.8, ""group_max_train_samples"": null, ""true_hetero_input_dim"": true, ""feature_mask"": [[0, 1, 2, 3, 5, 6, 7, 8, 9, 10], [0, 1, 2, 3, 5, 6, 11, 12], [0, 1, 2, 4, 5, 7, 11, 12], [0, 1, 2, 4, 5, 6, 8, 9, 10]], ""batch_size"": 64, ""num_workers"": 0, ""epochs"": 100, ""early_stopping_patience"": 30, ""lr"": 0.001, ""weight_decay"": 0.0001, ""optimizer"": ""adam"", ""grad_clip"": 1.0, ""lr_scheduler"": ""cosine"", ""lr_min"": 1e-05, ""latent_dim"": 64, ""head_hidden"": 32, ""groups"": [{""name"": ""cleveland"", ""encoder"": ""mlp_tabular_ln"", ""input_dim"": 13, ""hidden_dim"": 64, ""dropout"": 0.1}, {""name"": ""hungarian"", ""encoder"": ""mlp_tabular_ln"", ""input_dim"": 13, ""hidden_dim"": 64, ""dropout"": 0.1}, {""name"": ""switzerland"", ""encoder"": ""mlp_tabular_ln"", ""input_dim"": 13, ""hidden_dim"": 64, ""dropout"": 0.1}, {""name"": ""va_long_beach"", ""encoder"": ""mlp_tabular_ln"", ""input_dim"": 13, ""hidden_dim"": 64, ""dropout"": 0.1}], ""anchor_eps"": 0.0001, ""sep_samples_per_class"": 4, ""sep_method"": ""classifier"", ""sep_margin"": 1.0, ""lambda_fit"": 0.001, ""lambda_sep"": 0.001, ""groupdro_enabled"": true, ""groupdro_eta"": 0.02, ""groupdro_gamma"": 0.9, ""groupdro_update_mode"": ""exp"", ""groupdro_objective"": ""weighted"", ""groupdro_kl_lambda"": 0.0, ""groupdro_uniform_init"": false, ""log_interval"": 20, ""save_every"": 10, ""groupdro_ema_decay"": 0.9, ""groupdro_update_every"": 1, ""dro_signal"": ""val"", ""val_frac"": 0.15, ""impute_missing"": true, ""common_encoder"": true, ""use_regret"": false, ""data_split_seed"": 1004}","{""num_groups"": 4, ""num_classes"": 2, ""train_total"": 623, ""test_total"": 185, ""train_group_counts"": [205, 199, 83, 136], ""test_group_counts"": [61, 59, 25, 40], ""train_class_counts"": [278, 345], ""test_class_counts"": [83, 102], ""train_group_class_counts"": [[111, 94], [127, 72], [5, 78], [35, 101]], ""test_group_class_counts"": [[33, 28], [38, 21], [2, 23], [10, 30]], ""group_proportions"": [0.3290529695024077, 0.31942215088282505, 0.1332263242375602, 0.21829855537720708], ""val_group_counts"": [37, 36, 15, 24], ""val_total"": 112}","{""num_groups"": 4, ""eta"": 0.02, ""update_mode"": ""exp"", ""robust_objective"": ""weighted"", ""gamma"": 0.9, ""kl_lambda"": 0.0, ""initial_pi"": [0.32905295491218567, 0.3194221556186676, 0.13322632014751434, 0.2182985544204712]}",2026-09-16T04:05:32.786856,2,0.6245951718754239,0.7291666666666666,0.001,0.6702702702702703,0.6492640316754654,0.52,0.7627118644067796,"[0.639344262295082, 0.7627118644067796, 0.52, 0.675]","[0.6103191187635797, 0.542536851965775, 0.6610378414392472, 0.5921503622084856]","[0.5903614457831325, 0.7352941176470589]","[[0.5454545454545454, 0.75], [0.6578947368421053, 0.9523809523809523], [0.5, 0.5217391304347826], [0.5, 0.7333333333333333]]","[61, 59, 25, 40]",0.6636263375957554,"[0.6384698275862069, 0.7609953703703703, 0.40476190476190477, 0.6033562166285278]",0.40476190476190477,0.6610378414392472,0.6964285714285714,0.7091966966966967,0.6666666666666666,0.8,"[0.6756756756756757, 0.6944444444444444, 0.8, 0.6666666666666666]","[0.5489891848048648, 0.6442030320564905, 0.6167145808537801, 0.5725452483942112]","[0.56, 0.8064516129032258]","[[0.55, 0.8235294117647058], [0.6521739130434783, 0.7692307692307693], [1.0, 0.7857142857142857], [0.16666666666666666, 0.8333333333333334]]","[37, 36, 15, 24]",0.68424543946932,"[0.6735294117647058, 0.6884343036978757, 0.64, 0.49473684210526314]",0.49473684210526314,0.6442030320564905,"[0.32861173152923584, 0.3199600577354431, 0.13326023519039154, 0.21816788613796234]","[0.5749003754721748, 0.6180349853303697, 0.5913961397276984, 0.608310557074017]","[0.3288361430168152, 0.31968820095062256, 0.1332409530878067, 0.21823465824127197]","[0.32905295491218567, 0.3194221556186676, 0.13322632014751434, 0.2182985544204712]",0.0
"{""run_name"": ""fedheart_exp_paper_hetagg_gdro"", ""seed"": 44, ""run_dir"": ""runs/fedheart_uncapped/Shared_GDRO_s44_f4"", ""use_fedheart"": true, ""num_classes"": 2, ""stratified_batching"": true, ""train_frac"": 0.8, ""group_max_train_samples"": null, ""true_hetero_input_dim"": true, ""feature_mask"": [[0, 1, 2, 3, 5, 6, 7, 8, 9, 10], [0, 1, 2, 3, 5, 6, 11, 12], [0, 1, 2, 4, 5, 7, 11, 12], [0, 1, 2, 4, 5, 6, 8, 9, 10]], ""batch_size"": 64, ""num_workers"": 0, ""epochs"": 100, ""early_stopping_patience"": 30, ""lr"": 0.001, ""weight_decay"": 0.0001, ""optimizer"": ""adam"", ""grad_clip"": 1.0, ""lr_scheduler"": ""cosine"", ""lr_min"": 1e-05, ""latent_dim"": 64, ""head_hidden"": 32, ""groups"": [{""name"": ""cleveland"", ""encoder"": ""mlp_tabular_ln"", ""input_dim"": 13, ""hidden_dim"": 64, ""dropout"": 0.1}, {""name"": ""hungarian"", ""encoder"": ""mlp_tabular_ln"", ""input_dim"": 13, ""hidden_dim"": 64, ""dropout"": 0.1}, {""name"": ""switzerland"", ""encoder"": ""mlp_tabular_ln"", ""input_dim"": 13, ""hidden_dim"": 64, ""dropout"": 0.1}, {""name"": ""va_long_beach"", ""encoder"": ""mlp_tabular_ln"", ""input_dim"": 13, ""hidden_dim"": 64, ""dropout"": 0.1}], ""anchor_eps"": 0.0001, ""sep_samples_per_class"": 4, ""sep_method"": ""classifier"", ""sep_margin"": 1.0, ""lambda_fit"": 0.001, ""lambda_sep"": 0.001, ""groupdro_enabled"": true, ""groupdro_eta"": 0.02, ""groupdro_gamma"": 0.9, ""groupdro_update_mode"": ""exp"", ""groupdro_objective"": ""weighted"", ""groupdro_kl_lambda"": 0.0, ""groupdro_uniform_init"": false, ""log_interval"": 20, ""save_every"": 10, ""groupdro_ema_decay"": 0.9, ""groupdro_update_every"": 1, ""dro_signal"": ""val"", ""val_frac"": 0.15, ""impute_missing"": true, ""common_encoder"": true, ""use_regret"": false, ""data_split_seed"": 1004}","{""num_groups"": 4, ""num_classes"": 2, ""train_total"": 623, ""test_total"": 185, ""train_group_counts"": [205, 199, 83, 136], ""test_group_counts"": [61, 59, 25, 40], ""train_class_counts"": [278, 345], ""test_class_counts"": [83, 102], ""train_group_class_counts"": [[111, 94], [127, 72], [5, 78], [35, 101]], ""test_group_class_counts"": [[33, 28], [38, 21], [2, 23], [10, 30]], ""group_proportions"": [0.3290529695024077, 0.31942215088282505, 0.1332263242375602, 0.21829855537720708], ""val_group_counts"": [37, 36, 15, 24], ""val_total"": 112}","{""num_groups"": 4, ""eta"": 0.02, ""update_mode"": ""exp"", ""robust_objective"": ""weighted"", ""gamma"": 0.9, ""kl_lambda"": 0.0, ""initial_pi"": [0.32905295491218567, 0.3194221556186676, 0.13322632014751434, 0.2182985544204712]}",2026-09-16T04:05:32.786856,3,0.5705234342151217,0.7517361111111112,0.001,0.6756756756756757,0.6419758960822451,0.44,0.8135593220338984,"[0.639344262295082, 0.8135593220338984, 0.44, 0.675]","[0.5826528956655597, 0.4623543194542497, 0.7895183381438255, 0.62103905454278]","[0.6626506024096386, 0.6862745098039216]","[[0.6363636363636364, 0.6428571428571429], [0.7368421052631579, 0.9523809523809523], [0.5, 0.43478260869565216], [0.5, 0.7333333333333333]]","[61, 59, 25, 40]",0.6735294117647059,"[0.6384698275862069, 0.8100673105062921, 0.35661764705882354, 0.6033562166285278]",0.35661764705882354,0.7895183381438255,0.6964285714285714,0.6600225225225225,0.4666666666666667,0.7567567567567568,"[0.7567567567567568, 0.75, 0.4666666666666667, 0.6666666666666666]","[0.5222115160242932, 0.5955975273003181, 0.6920877118905385, 0.5821854580814639]","[0.68, 0.7096774193548387]","[[0.7, 0.8235294117647058], [0.7391304347826086, 0.7692307692307693], [1.0, 0.42857142857142855], [0.3333333333333333, 0.7777777777777778]]","[37, 36, 15, 24]",0.6939890710382514,"[0.7567567567567567, 0.7401764234161989, 0.39999999999999997, 0.5555555555555556]",0.39999999999999997,0.6920877118905385,"[0.32837092876434326, 0.3202139735221863, 0.1333070546388626, 0.21810810267925262]","[0.4909445510970222, 0.5611465904447768, 0.6175451576709747, 0.5512239105171628]","[0.32861173152923584, 0.3199600577354431, 0.13326023519039154, 0.21816788613796234]","[0.32905295491218567, 0.3194221556186676, 0.13322632014751434, 0.2182985544204712]",0.0
"{""run_name"": ""fedheart_exp_paper_hetagg_gdro"", ""seed"": 44, ""run_dir"": ""runs/fedheart_uncapped/Shared_GDRO_s44_f4"", ""use_fedheart"": true, ""num_classes"": 2, ""stratified_batching"": true, ""train_frac"": 0.8, ""group_max_train_samples"": null, ""true_hetero_input_dim"": true, ""feature_mask"": [[0, 1, 2, 3, 5, 6, 7, 8, 9, 10], [0, 1, 2, 3, 5, 6, 11, 12], [0, 1, 2, 4, 5, 7, 11, 12], [0, 1, 2, 4, 5, 6, 8, 9, 10]], ""batch_size"": 64, ""num_workers"": 0, ""epochs"": 100, ""early_stopping_patience"": 30, ""lr"": 0.001, ""weight_decay"": 0.0001, ""optimizer"": ""adam"", ""grad_clip"": 1.0, ""lr_scheduler"": ""cosine"", ""lr_min"": 1e-05, ""latent_dim"": 64, ""head_hidden"": 32, ""groups"": [{""name"": ""cleveland"", ""encoder"": ""mlp_tabular_ln"", ""input_dim"": 13, ""hidden_dim"": 64, ""dropout"": 0.1}, {""name"": ""hungarian"", ""encoder"": ""mlp_tabular_ln"", ""input_dim"": 13, ""hidden_dim"": 64, ""dropout"": 0.1}, {""name"": ""switzerland"", ""encoder"": ""mlp_tabular_ln"", ""input_dim"": 13, ""hidden_dim"": 64, ""dropout"": 0.1}, {""name"": ""va_long_beach"", ""encoder"": ""mlp_tabular_ln"", ""input_dim"": 13, ""hidden_dim"": 64, ""dropout"": 0.1}], ""anchor_eps"": 0.0001, ""sep_samples_per_class"": 4, ""sep_method"": ""classifier"", ""sep_margin"": 1.0, ""lambda_fit"": 0.001, ""lambda_sep"": 0.001, ""groupdro_enabled"": true, ""groupdro_eta"": 0.02, ""groupdro_gamma"": 0.9, ""groupdro_update_mode"": ""exp"", ""groupdro_objective"": ""weighted"", ""groupdro_kl_lambda"": 0.0, ""groupdro_uniform_init"": false, ""log_interval"": 20, ""save_every"": 10, ""groupdro_ema_decay"": 0.9, ""groupdro_update_every"": 1, ""dro_signal"": ""val"", ""val_frac"": 0.15, ""impute_missing"": true, ""common_encoder"": true, ""use_regret"": false, ""data_split_seed"": 1004}","{""num_groups"": 4, ""num_classes"": 2, ""train_total"": 623, ""test_total"": 185, ""train_group_counts"": [205, 199, 83, 136], ""test_group_counts"": [61, 59, 25, 40], ""train_class_counts"": [278, 345], ""test_class_counts"": [83, 102], ""train_group_class_counts"": [[111, 94], [127, 72], [5, 78], [35, 101]], ""test_group_class_counts"": [[33, 28], [38, 21], [2, 23], [10, 30]], ""group_proportions"": [0.3290529695024077, 0.31942215088282505, 0.1332263242375602, 0.21829855537720708], ""val_group_counts"": [37, 36, 15, 24], ""val_total"": 112}","{""num_groups"": 4, ""eta"": 0.02, ""update_mode"": ""exp"", ""robust_objective"": ""weighted"", ""gamma"": 0.9, ""kl_lambda"": 0.0, ""initial_pi"": [0.32905295491218567, 0.3194221556186676, 0.13322632014751434, 0.2182985544204712]}",2026-09-16T04:05:32.786856,4,0.5433953569995033,0.7517361111111112,0.001,0.6864864864864865,0.6562131842178383,0.48,0.8305084745762712,"[0.639344262295082, 0.8305084745762712, 0.48, 0.675]","[0.6225450699690913, 0.45738570865685657, 0.8176317799091339, 0.628288365714252]","[0.6746987951807228, 0.696078431372549]","[[0.6363636363636364, 0.6428571428571429], [0.7631578947368421, 0.9523809523809523], [0.5, 0.4782608695652174], [0.5, 0.7333333333333333]]","[61, 59, 25, 40]",0.6844117647058823,"[0.6384698275862069, 0.8264705882352941, 0.38095238095238093, 0.6033562166285278]",0.38095238095238093,0.8176317799091339,0.7321428571428571,0.7204391891891893,0.6666666666666666,0.7567567567567568,"[0.7567567567567568, 0.75, 0.6666666666666666, 0.7083333333333334]","[0.5652430429047829, 0.6184907468656698, 0.6054099609454473, 0.5898903004514674]","[0.68, 0.7741935483870968]","[[0.7, 0.8235294117647058], [0.7391304347826086, 0.7692307692307693], [1.0, 0.6428571428571429], [0.3333333333333333, 0.8333333333333334]]","[37, 36, 15, 24]",0.7278911564625851,"[0.7567567567567567, 0.7401764234161989, 0.5341614906832298, 0.5872235872235873]",0.5341614906832298,0.6184907468656698,"[0.32813596725463867, 0.3204587996006012, 0.13335244357585907, 0.21805281937122345]","[0.46885456807083553, 0.5124990145365397, 0.5655509034792582, 0.5569749573866526]","[0.32837092876434326, 0.3202139735221863, 0.1333070546388626, 0.21810810267925262]","[0.32905295491218567, 0.3194221556186676, 0.13322632014751434, 0.2182985544204712]",0.0
"{""run_name"": ""fedheart_exp_paper_hetagg_gdro"", ""seed"": 44, ""run_dir"": ""runs/fedheart_uncapped/Shared_GDRO_s44_f4"", ""use_fedheart"": true, ""num_classes"": 2, ""stratified_batching"": true, ""train_frac"": 0.8, ""group_max_train_samples"": null, ""true_hetero_input_dim"": true, ""feature_mask"": [[0, 1, 2, 3, 5, 6, 7, 8, 9, 10], [0, 1, 2, 3, 5, 6, 11, 12], [0, 1, 2, 4, 5, 7, 11, 12], [0, 1, 2, 4, 5, 6, 8, 9, 10]], ""batch_size"": 64, ""num_workers"": 0, ""epochs"": 100, ""early_stopping_patience"": 30, ""lr"": 0.001, ""weight_decay"": 0.0001, ""optimizer"": ""adam"", ""grad_clip"": 1.0, ""lr_scheduler"": ""cosine"", ""lr_min"": 1e-05, ""latent_dim"": 64, ""head_hidden"": 32, ""groups"": [{""name"": ""cleveland"", ""encoder"": ""mlp_tabular_ln"", ""input_dim"": 13, ""hidden_dim"": 64, ""dropout"": 0.1}, {""name"": ""hungarian"", ""encoder"": ""mlp_tabular_ln"", ""input_dim"": 13, ""hidden_dim"": 64, ""dropout"": 0.1}, {""name"": ""switzerland"", ""encoder"": ""mlp_tabular_ln"", ""input_dim"": 13, ""hidden_dim"": 64, ""dropout"": 0.1}, {""name"": ""va_long_beach"", ""encoder"": ""mlp_tabular_ln"", ""input_dim"": 13, ""hidden_dim"": 64, ""dropout"": 0.1}], ""anchor_eps"": 0.0001, ""sep_samples_per_class"": 4, ""sep_method"": ""classifier"", ""sep_margin"": 1.0, ""lambda_fit"": 0.001, ""lambda_sep"": 0.001, ""groupdro_enabled"": true, ""groupdro_eta"": 0.02, ""groupdro_gamma"": 0.9, ""groupdro_update_mode"": ""exp"", ""groupdro_objective"": ""weighted"", ""groupdro_kl_lambda"": 0.0, ""groupdro_uniform_init"": false, ""log_interval"": 20, ""save_every"": 10, ""groupdro_ema_decay"": 0.9, ""groupdro_update_every"": 1, ""dro_signal"": ""val"", ""val_frac"": 0.15, ""impute_missing"": true, ""common_encoder"": true, ""use_regret"": false, ""data_split_seed"": 1004}","{""num_groups"": 4, ""num_classes"": 2, ""train_total"": 623, ""test_total"": 185, ""train_group_counts"": [205, 199, 83, 136], ""test_group_counts"": [61, 59, 25, 40], ""train_class_counts"": [278, 345], ""test_class_counts"": [83, 102], ""train_group_class_counts"": [[111, 94], [127, 72], [5, 78], [35, 101]], ""test_group_class_counts"": [[33, 28], [38, 21], [2, 23], [10, 30]], ""group_proportions"": [0.3290529695024077, 0.31942215088282505, 0.1332263242375602, 0.21829855537720708], ""val_group_counts"": [37, 36, 15, 24], ""val_total"": 112}","{""num_groups"": 4, ""eta"": 0.02, ""update_mode"": ""exp"", ""robust_objective"": ""weighted"", ""gamma"": 0.9, ""kl_lambda"": 0.0, ""initial_pi"": [0.32905295491218567, 0.3194221556186676, 0.13322632014751434, 0.2182985544204712]}",2026-09-16T04:05:32.786856,5,0.5432707667350769,0.7430555555555556,0.001,0.6918918918918919,0.6545488330091692,0.44,0.847457627118644,"[0.6557377049180327, 0.847457627118644, 0.44, 0.675]","[0.594603523734163, 0.40350563192771655, 0.945235987752676, 0.6605404188856483]","[0.7108433734939759, 0.6764705882352942]","[[0.6666666666666666, 0.6428571428571429], [0.8157894736842105, 0.9047619047619048], [0.5, 0.43478260869565216], [0.5, 0.7333333333333333]]","[61, 59, 25, 40]",0.690989010989011,"[0.654251012145749, 0.8408750374587952, 0.35661764705882354, 0.6033562166285278]",0.35661764705882354,0.945235987752676,0.7142857142857143,0.6871058558558558,0.5333333333333333,0.7567567567567568,"[0.7567567567567568, 0.75, 0.5333333333333333, 0.7083333333333334]","[0.5188579556305666, 0.5419901201708449, 0.7522045324246088, 0.6267924392595887]","[0.7, 0.7258064516129032]","[[0.7, 0.8235294117647058], [0.7391304347826086, 0.7692307692307693], [1.0, 0.5], [0.5, 0.7777777777777778]]","[37, 36, 15, 24]",0.7119897139183542,"[0.7567567567567567, 0.7401764234161989, 0.4444444444444444, 0.6307692307692307]",0.4444444444444444,0.7522045324246088,"[0.3278838098049164, 0.3206542134284973, 0.13343895971775055, 0.21802301704883575]","[0.4432416442367766, 0.5036495559745364, 0.6065600216388702, 0.5908303492599063]","[0.32813596725463867, 0.3204587996006012, 0.13335244357585907, 0.21805281937122345]","[0.32905295491218567, 0.3194221556186676, 0.13322632014751434, 0.2182985544204712]",0.0
"{""run_name"": ""fedheart_exp_paper_hetagg_gdro"", ""seed"": 44, ""run_dir"": ""runs/fedheart_uncapped/Shared_GDRO_s44_f4"", ""use_fedheart"": true, ""num_classes"": 2, ""stratified_batching"": true, ""train_frac"": 0.8, ""group_max_train_samples"": null, ""true_hetero_input_dim"": true, ""feature_mask"": [[0, 1, 2, 3, 5, 6, 7, 8, 9, 10], [0, 1, 2, 3, 5, 6, 11, 12], [0, 1, 2, 4, 5, 7, 11, 12], [0, 1, 2, 4, 5, 6, 8, 9, 10]], ""batch_size"": 64, ""num_workers"": 0, ""epochs"": 100, ""early_stopping_patience"": 30, ""lr"": 0.001, ""weight_decay"": 0.0001, ""optimizer"": ""adam"", ""grad_clip"": 1.0, ""lr_scheduler"": ""cosine"", ""lr_min"": 1e-05, ""latent_dim"": 64, ""head_hidden"": 32, ""groups"": [{""name"": ""cleveland"", ""encoder"": ""mlp_tabular_ln"", ""input_dim"": 13, ""hidden_dim"": 64, ""dropout"": 0.1}, {""name"": ""hungarian"", ""encoder"": ""mlp_tabular_ln"", ""input_dim"": 13, ""hidden_dim"": 64, ""dropout"": 0.1}, {""name"": ""switzerland"", ""encoder"": ""mlp_tabular_ln"", ""input_dim"": 13, ""hidden_dim"": 64, ""dropout"": 0.1}, {""name"": ""va_long_beach"", ""encoder"": ""mlp_tabular_ln"", ""input_dim"": 13, ""hidden_dim"": 64, ""dropout"": 0.1}], ""anchor_eps"": 0.0001, ""sep_samples_per_class"": 4, ""sep_method"": ""classifier"", ""sep_margin"": 1.0, ""lambda_fit"": 0.001, ""lambda_sep"": 0.001, ""groupdro_enabled"": true, ""groupdro_eta"": 0.02, ""groupdro_gamma"": 0.9, ""groupdro_update_mode"": ""exp"", ""groupdro_objective"": ""weighted"", ""groupdro_kl_lambda"": 0.0, ""groupdro_uniform_init"": false, ""log_interval"": 20, ""save_every"": 10, ""groupdro_ema_decay"": 0.9, ""groupdro_update_every"": 1, ""dro_signal"": ""val"", ""val_frac"": 0.15, ""impute_missing"": true, ""common_encoder"": true, ""use_regret"": false, ""data_split_seed"": 1004}","{""num_groups"": 4, ""num_classes"": 2, ""train_total"": 623, ""test_total"": 185, ""train_group_counts"": [205, 199, 83, 136], ""test_group_counts"": [61, 59, 25, 40], ""train_class_counts"": [278, 345], ""test_class_counts"": [83, 102], ""train_group_class_counts"": [[111, 94], [127, 72], [5, 78], [35, 101]], ""test_group_class_counts"": [[33, 28], [38, 21], [2, 23], [10, 30]], ""group_proportions"": [0.3290529695024077, 0.31942215088282505, 0.1332263242375602, 0.21829855537720708], ""val_group_counts"": [37, 36, 15, 24], ""val_total"": 112}","{""num_groups"": 4, ""eta"": 0.02, ""update_mode"": ""exp"", ""robust_objective"": ""weighted"", ""gamma"": 0.9, ""kl_lambda"": 0.0, ""initial_pi"": [0.32905295491218567, 0.3194221556186676, 0.13322632014751434, 0.2182985544204712]}",2026-09-16T04:05:32.786856,6,0.5148228373792436,0.7621527777777778,0.001,0.7027027027027027,0.6687861211447624,0.48,0.864406779661017,"[0.6557377049180327, 0.864406779661017, 0.48, 0.675]","[0.6122300781187464, 0.40883591632216665, 0.8605535799264907, 0.6142381726764142]","[0.7108433734939759, 0.696078431372549]","[[0.6666666666666666, 0.6428571428571429], [0.8157894736842105, 0.9523809523809523], [0.5, 0.4782608695652174], [0.5, 0.7333333333333333]]","[61, 59, 25, 40]",0.7014465537983041,"[0.654251012145749, 0.8595238095238096, 0.38095238095238093, 0.6033562166285278]",0.38095238095238093,0.8605535799264907,0.7410714285714286,0.7308558558558559,0.6666666666666666,0.7567567567567568,"[0.7567567567567568, 0.75, 0.6666666666666666, 0.75]","[0.5363307991946066, 0.5568868946284056, 0.6483652611573537, 0.6062190256391963]","[0.7, 0.7741935483870968]","[[0.7, 0.8235294117647058], [0.7391304347826086, 0.7692307692307693], [1.0, 0.6428571428571429], [0.5, 0.8333333333333334]]","[37, 36, 15, 24]",0.7375353535353536,"[0.7567567567567567, 0.7401764234161989, 0.5341614906832298, 0.6666666666666667]",0.5341614906832298,0.6483652611573537,"[0.3276328444480896, 0.3208197057247162, 0.1335369348526001, 0.2180105596780777]","[0.43987970219718087, 0.4869372861252891, 0.561879211001926, 0.5299358665943146]","[0.3278838098049164, 0.3206542134284973, 0.13343895971775055, 0.21802301704883575]","[0.32905295491218567, 0.3194221556186676, 0.13322632014751434, 0.2182985544204712]",0.0
"{""run_name"": ""fedheart_exp_paper_hetagg_gdro"", ""seed"": 44, ""run_dir"": ""runs/fedheart_uncapped/Shared_GDRO_s44_f4"", ""use_fedheart"": true, ""num_classes"": 2, ""stratified_batching"": true, ""train_frac"": 0.8, ""group_max_train_samples"": null, ""true_hetero_input_dim"": true, ""feature_mask"": [[0, 1, 2, 3, 5, 6, 7, 8, 9, 10], [0, 1, 2, 3, 5, 6, 11, 12], [0, 1, 2, 4, 5, 7, 11, 12], [0, 1, 2, 4, 5, 6, 8, 9, 10]], ""batch_size"": 64, ""num_workers"": 0, ""epochs"": 100, ""early_stopping_patience"": 30, ""lr"": 0.001, ""weight_decay"": 0.0001, ""optimizer"": ""adam"", ""grad_clip"": 1.0, ""lr_scheduler"": ""cosine"", ""lr_min"": 1e-05, ""latent_dim"": 64, ""head_hidden"": 32, ""groups"": [{""name"": ""cleveland"", ""encoder"": ""mlp_tabular_ln"", ""input_dim"": 13, ""hidden_dim"": 64, ""dropout"": 0.1}, {""name"": ""hungarian"", ""encoder"": ""mlp_tabular_ln"", ""input_dim"": 13, ""hidden_dim"": 64, ""dropout"": 0.1}, {""name"": ""switzerland"", ""encoder"": ""mlp_tabular_ln"", ""input_dim"": 13, ""hidden_dim"": 64, ""dropout"": 0.1}, {""name"": ""va_long_beach"", ""encoder"": ""mlp_tabular_ln"", ""input_dim"": 13, ""hidden_dim"": 64, ""dropout"": 0.1}], ""anchor_eps"": 0.0001, ""sep_samples_per_class"": 4, ""sep_method"": ""classifier"", ""sep_margin"": 1.0, ""lambda_fit"": 0.001, ""lambda_sep"": 0.001, ""groupdro_enabled"": true, ""groupdro_eta"": 0.02, ""groupdro_gamma"": 0.9, ""groupdro_update_mode"": ""exp"", ""groupdro_objective"": ""weighted"", ""groupdro_kl_lambda"": 0.0, ""groupdro_uniform_init"": false, ""log_interval"": 20, ""save_every"": 10, ""groupdro_ema_decay"": 0.9, ""groupdro_update_every"": 1, ""dro_signal"": ""val"", ""val_frac"": 0.15, ""impute_missing"": true, ""common_encoder"": true, ""use_regret"": false, ""data_split_seed"": 1004}","{""num_groups"": 4, ""num_classes"": 2, ""train_total"": 623, ""test_total"": 185, ""train_group_counts"": [205, 199, 83, 136], ""test_group_counts"": [61, 59, 25, 40], ""train_class_counts"": [278, 345], ""test_class_counts"": [83, 102], ""train_group_class_counts"": [[111, 94], [127, 72], [5, 78], [35, 101]], ""test_group_class_counts"": [[33, 28], [38, 21], [2, 23], [10, 30]], ""group_proportions"": [0.3290529695024077, 0.31942215088282505, 0.1332263242375602, 0.21829855537720708], ""val_group_counts"": [37, 36, 15, 24], ""val_total"": 112}","{""num_groups"": 4, ""eta"": 0.02, ""update_mode"": ""exp"", ""robust_objective"": ""weighted"", ""gamma"": 0.9, ""kl_lambda"": 0.0, ""initial_pi"": [0.32905295491218567, 0.3194221556186676, 0.13322632014751434, 0.2182985544204712]}",2026-09-16T04:05:32.786856,7,0.5129941072728899,0.7760416666666666,0.001,0.6972972972972973,0.6645488330091692,0.48,0.847457627118644,"[0.6557377049180327, 0.847457627118644, 0.48, 0.675]","[0.5972726629650007, 0.3874571605632871, 0.8962343907356263, 0.6149614122696221]","[0.7108433734939759, 0.6862745098039216]","[[0.6666666666666666, 0.6428571428571429], [0.8157894736842105, 0.9047619047619048], [0.5, 0.4782608695652174], [0.5, 0.7333333333333333]]","[61, 59, 25, 40]",0.6962233169129721,"[0.654251012145749, 0.8408750374587952, 0.38095238095238093, 0.6033562166285278]",0.38095238095238093,0.8962343907356263,0.7410714285714286,0.7308558558558559,0.6666666666666666,0.7567567567567568,"[0.7567567567567568, 0.75, 0.6666666666666666, 0.75]","[0.5181283256089365, 0.531354763234655, 0.6988796164592107, 0.6132223658884565]","[0.7, 0.7741935483870968]","[[0.7, 0.8235294117647058], [0.7391304347826086, 0.7692307692307693], [1.0, 0.6428571428571429], [0.5, 0.8333333333333334]]","[37, 36, 15, 24]",0.7375353535353536,"[0.7567567567567567, 0.7401764234161989, 0.5341614906832298, 0.6666666666666667]",0.5341614906832298,0.6988796164592107,"[0.3273748457431793, 0.3209455609321594, 0.13366031646728516, 0.2180193066596985]","[0.44855174753401017, 0.48240684138404, 0.5245348844263289, 0.5490417016877068]","[0.3276328444480896, 0.3208197057247162, 0.1335369348526001, 0.2180105596780777]","[0.32905295491218567, 0.3194221556186676, 0.13322632014751434, 0.2182985544204712]",0.0
"{""run_name"": ""fedheart_exp_paper_hetagg_gdro"", ""seed"": 44, ""run_dir"": ""runs/fedheart_uncapped/Shared_GDRO_s44_f4"", ""use_fedheart"": true, ""num_classes"": 2, ""stratified_batching"": true, ""train_frac"": 0.8, ""group_max_train_samples"": null, ""true_hetero_input_dim"": true, ""feature_mask"": [[0, 1, 2, 3, 5, 6, 7, 8, 9, 10], [0, 1, 2, 3, 5, 6, 11, 12], [0, 1, 2, 4, 5, 7, 11, 12], [0, 1, 2, 4, 5, 6, 8, 9, 10]], ""batch_size"": 64, ""num_workers"": 0, ""epochs"": 100, ""early_stopping_patience"": 30, ""lr"": 0.001, ""weight_decay"": 0.0001, ""optimizer"": ""adam"", ""grad_clip"": 1.0, ""lr_scheduler"": ""cosine"", ""lr_min"": 1e-05, ""latent_dim"": 64, ""head_hidden"": 32, ""groups"": [{""name"": ""cleveland"", ""encoder"": ""mlp_tabular_ln"", ""input_dim"": 13, ""hidden_dim"": 64, ""dropout"": 0.1}, {""name"": ""hungarian"", ""encoder"": ""mlp_tabular_ln"", ""input_dim"": 13, ""hidden_dim"": 64, ""dropout"": 0.1}, {""name"": ""switzerland"", ""encoder"": ""mlp_tabular_ln"", ""input_dim"": 13, ""hidden_dim"": 64, ""dropout"": 0.1}, {""name"": ""va_long_beach"", ""encoder"": ""mlp_tabular_ln"", ""input_dim"": 13, ""hidden_dim"": 64, ""dropout"": 0.1}], ""anchor_eps"": 0.0001, ""sep_samples_per_class"": 4, ""sep_method"": ""classifier"", ""sep_margin"": 1.0, ""lambda_fit"": 0.001, ""lambda_sep"": 0.001, ""groupdro_enabled"": true, ""groupdro_eta"": 0.02, ""groupdro_gamma"": 0.9, ""groupdro_update_mode"": ""exp"", ""groupdro_objective"": ""weighted"", ""groupdro_kl_lambda"": 0.0, ""groupdro_uniform_init"": false, ""log_interval"": 20, ""save_every"": 10, ""groupdro_ema_decay"": 0.9, ""groupdro_update_every"": 1, ""dro_signal"": ""val"", ""val_frac"": 0.15, ""impute_missing"": true, ""common_encoder"": true, ""use_regret"": false, ""data_split_seed"": 1004}","{""num_groups"": 4, ""num_classes"": 2, ""train_total"": 623, ""test_total"": 185, ""train_group_counts"": [205, 199, 83, 136], ""test_group_counts"": [61, 59, 25, 40], ""train_class_counts"": [278, 345], ""test_class_counts"": [83, 102], ""train_group_class_counts"": [[111, 94], [127, 72], [5, 78], [35, 101]], ""test_group_class_counts"": [[33, 28], [38, 21], [2, 23], [10, 30]], ""group_proportions"": [0.3290529695024077, 0.31942215088282505, 0.1332263242375602, 0.21829855537720708], ""val_group_counts"": [37, 36, 15, 24], ""val_total"": 112}","{""num_groups"": 4, ""eta"": 0.02, ""update_mode"": ""exp"", ""robust_objective"": ""weighted"", ""gamma"": 0.9, ""kl_lambda"": 0.0, ""initial_pi"": [0.32905295491218567, 0.3194221556186676, 0.13322632014751434, 0.2182985544204712]}",2026-09-16T04:05:32.786856,8,0.5001154740651449,0.7777777777777778,0.001,0.7135135135135136,0.6791344818005001,0.48,0.864406779661017,"[0.6721311475409836, 0.864406779661017, 0.48, 0.7]","[0.6332515473859232, 0.40698827462176146, 0.808937496393919, 0.5923708241432906]","[0.6746987951807228, 0.7450980392156863]","[[0.6060606060606061, 0.75], [0.7894736842105263, 1.0], [0.5, 0.4782608695652174], [0.5, 0.7666666666666667]]","[61, 59, 25, 40]",0.7101256467110125,"[0.6720430107526882, 0.8611764705882353, 0.38095238095238093, 0.6238244514106582]",0.38095238095238093,0.808937496393919,0.7053571428571429,0.6900713213213213,0.6,0.7297297297297297,"[0.7297297297297297, 0.7222222222222222, 0.6, 0.7083333333333334]","[0.5599479798126865, 0.5723638993998369, 0.6031329979499181, 0.5823005760709444]","[0.62, 0.7741935483870968]","[[0.65, 0.8235294117647058], [0.6956521739130435, 0.7692307692307693], [0.0, 0.6428571428571429], [0.3333333333333333, 0.8333333333333334]]","[37, 36, 15, 24]",0.6984088127294981,"[0.72953216374269, 0.7142857142857144, 0.375, 0.5872235872235873]",0.375,0.6031329979499181,"[0.3271331489086151, 0.32105734944343567, 0.13377904891967773, 0.21803049743175507]","[0.4196685502926509, 0.4828561908668942, 0.5199773609638214, 0.5449169278144836]","[0.3273748457431793, 0.3209455609321594, 0.13366031646728516, 0.2180193066596985]","[0.32905295491218567, 0.3194221556186676, 0.13322632014751434, 0.2182985544204712]",0.0
"{""run_name"": ""fedheart_exp_paper_hetagg_gdro"", ""seed"": 44, ""run_dir"": ""runs/fedheart_uncapped/Shared_GDRO_s44_f4"", ""use_fedheart"": true, ""num_classes"": 2, ""stratified_batching"": true, ""train_frac"": 0.8, ""group_max_train_samples"": null, ""true_hetero_input_dim"": true, ""feature_mask"": [[0, 1, 2, 3, 5, 6, 7, 8, 9, 10], [0, 1, 2, 3, 5, 6, 11, 12], [0, 1, 2, 4, 5, 7, 11, 12], [0, 1, 2, 4, 5, 6, 8, 9, 10]], ""batch_size"": 64, ""num_workers"": 0, ""epochs"": 100, ""early_stopping_patience"": 30, ""lr"": 0.001, ""weight_decay"": 0.0001, ""optimizer"": ""adam"", ""grad_clip"": 1.0, ""lr_scheduler"": ""cosine"", ""lr_min"": 1e-05, ""latent_dim"": 64, ""head_hidden"": 32, ""groups"": [{""name"": ""cleveland"", ""encoder"": ""mlp_tabular_ln"", ""input_dim"": 13, ""hidden_dim"": 64, ""dropout"": 0.1}, {""name"": ""hungarian"", ""encoder"": ""mlp_tabular_ln"", ""input_dim"": 13, ""hidden_dim"": 64, ""dropout"": 0.1}, {""name"": ""switzerland"", ""encoder"": ""mlp_tabular_ln"", ""input_dim"": 13, ""hidden_dim"": 64, ""dropout"": 0.1}, {""name"": ""va_long_beach"", ""encoder"": ""mlp_tabular_ln"", ""input_dim"": 13, ""hidden_dim"": 64, ""dropout"": 0.1}], ""anchor_eps"": 0.0001, ""sep_samples_per_class"": 4, ""sep_method"": ""classifier"", ""sep_margin"": 1.0, ""lambda_fit"": 0.001, ""lambda_sep"": 0.001, ""groupdro_enabled"": true, ""groupdro_eta"": 0.02, ""groupdro_gamma"": 0.9, ""groupdro_update_mode"": ""exp"", ""groupdro_objective"": ""weighted"", ""groupdro_kl_lambda"": 0.0, ""groupdro_uniform_init"": false, ""log_interval"": 20, ""save_every"": 10, ""groupdro_ema_decay"": 0.9, ""groupdro_update_every"": 1, ""dro_signal"": ""val"", ""val_frac"": 0.15, ""impute_missing"": true, ""common_encoder"": true, ""use_regret"": false, ""data_split_seed"": 1004}","{""num_groups"": 4, ""num_classes"": 2, ""train_total"": 623, ""test_total"": 185, ""train_group_counts"": [205, 199, 83, 136], ""test_group_counts"": [61, 59, 25, 40], ""train_class_counts"": [278, 345], ""test_class_counts"": [83, 102], ""train_group_class_counts"": [[111, 94], [127, 72], [5, 78], [35, 101]], ""test_group_class_counts"": [[33, 28], [38, 21], [2, 23], [10, 30]], ""group_proportions"": [0.3290529695024077, 0.31942215088282505, 0.1332263242375602, 0.21829855537720708], ""val_group_counts"": [37, 36, 15, 24], ""val_total"": 112}","{""num_groups"": 4, ""eta"": 0.02, ""update_mode"": ""exp"", ""robust_objective"": ""weighted"", ""gamma"": 0.9, ""kl_lambda"": 0.0, ""initial_pi"": [0.32905295491218567, 0.3194221556186676, 0.13322632014751434, 0.2182985544204712]}",2026-09-16T04:05:32.786856,9,0.48553313149346244,0.7951388888888888,0.001,0.7189189189189189,0.6833717699360933,0.48,0.8813559322033898,"[0.6721311475409836, 0.8813559322033898, 0.48, 0.7]","[0.6347924832437859, 0.3819375032780029, 0.8803533612191677, 0.6196807805448771]","[0.7108433734939759, 0.7254901960784313]","[[0.6363636363636364, 0.7142857142857143], [0.8421052631578947, 0.9523809523809523], [0.5, 0.4782608695652174], [0.5, 0.7666666666666667]]","[61, 59, 25, 40]",0.7170588235294117,"[0.6720430107526882, 0.8762361402457297, 0.38095238095238093, 0.6238244514106582]",0.38095238095238093,0.8803533612191677,0.7321428571428571,0.7240990990990991,0.6666666666666666,0.75,"[0.7297297297297297, 0.75, 0.6666666666666666, 0.75]","[0.5712137061699822, 0.551538181801637, 0.6436524858077367, 0.5902058035135269]","[0.68, 0.7741935483870968]","[[0.65, 0.8235294117647058], [0.7391304347826086, 0.7692307692307693], [1.0, 0.6428571428571429], [0.5, 0.8333333333333334]]","[37, 36, 15, 24]",0.7278911564625851,"[0.72953216374269, 0.7401764234161989, 0.5341614906832298, 0.6666666666666667]",0.5341614906832298,0.6436524858077367,"[0.32691070437431335, 0.3211403787136078, 0.13390332460403442, 0.21804547309875488]","[0.396704097588857, 0.5213335288895501, 0.48828157120280796, 0.4786438114113278]","[0.3271331489086151, 0.32105734944343567, 0.13377904891967773, 0.21803049743175507]","[0.32905295491218567, 0.3194221556186676, 0.13322632014751434, 0.2182985544204712]",0.0
"{""run_name"": ""fedheart_exp_paper_hetagg_gdro"", ""seed"": 44, ""run_dir"": ""runs/fedheart_uncapped/Shared_GDRO_s44_f4"", ""use_fedheart"": true, ""num_classes"": 2, ""stratified_batching"": true, ""train_frac"": 0.8, ""group_max_train_samples"": null, ""true_hetero_input_dim"": true, ""feature_mask"": [[0, 1, 2, 3, 5, 6, 7, 8, 9, 10], [0, 1, 2, 3, 5, 6, 11, 12], [0, 1, 2, 4, 5, 7, 11, 12], [0, 1, 2, 4, 5, 6, 8, 9, 10]], ""batch_size"": 64, ""num_workers"": 0, ""epochs"": 100, ""early_stopping_patience"": 30, ""lr"": 0.001, ""weight_decay"": 0.0001, ""optimizer"": ""adam"", ""grad_clip"": 1.0, ""lr_scheduler"": ""cosine"", ""lr_min"": 1e-05, ""latent_dim"": 64, ""head_hidden"": 32, ""groups"": [{""name"": ""cleveland"", ""encoder"": ""mlp_tabular_ln"", ""input_dim"": 13, ""hidden_dim"": 64, ""dropout"": 0.1}, {""name"": ""hungarian"", ""encoder"": ""mlp_tabular_ln"", ""input_dim"": 13, ""hidden_dim"": 64, ""dropout"": 0.1}, {""name"": ""switzerland"", ""encoder"": ""mlp_tabular_ln"", ""input_dim"": 13, ""hidden_dim"": 64, ""dropout"": 0.1}, {""name"": ""va_long_beach"", ""encoder"": ""mlp_tabular_ln"", ""input_dim"": 13, ""hidden_dim"": 64, ""dropout"": 0.1}], ""anchor_eps"": 0.0001, ""sep_samples_per_class"": 4, ""sep_method"": ""classifier"", ""sep_margin"": 1.0, ""lambda_fit"": 0.001, ""lambda_sep"": 0.001, ""groupdro_enabled"": true, ""groupdro_eta"": 0.02, ""groupdro_gamma"": 0.9, ""groupdro_update_mode"": ""exp"", ""groupdro_objective"": ""weighted"", ""groupdro_kl_lambda"": 0.0, ""groupdro_uniform_init"": false, ""log_interval"": 20, ""save_every"": 10, ""groupdro_ema_decay"": 0.9, ""groupdro_update_every"": 1, ""dro_signal"": ""val"", ""val_frac"": 0.15, ""impute_missing"": true, ""common_encoder"": true, ""use_regret"": false, ""data_split_seed"": 1004}","{""num_groups"": 4, ""num_classes"": 2, ""train_total"": 623, ""test_total"": 185, ""train_group_counts"": [205, 199, 83, 136], ""test_group_counts"": [61, 59, 25, 40], ""train_class_counts"": [278, 345], ""test_class_counts"": [83, 102], ""train_group_class_counts"": [[111, 94], [127, 72], [5, 78], [35, 101]], ""test_group_class_counts"": [[33, 28], [38, 21], [2, 23], [10, 30]], ""group_proportions"": [0.3290529695024077, 0.31942215088282505, 0.1332263242375602, 0.21829855537720708], ""val_group_counts"": [37, 36, 15, 24], ""val_total"": 112}","{""num_groups"": 4, ""eta"": 0.02, ""update_mode"": ""exp"", ""robust_objective"": ""weighted"", ""gamma"": 0.9, ""kl_lambda"": 0.0, ""initial_pi"": [0.32905295491218567, 0.3194221556186676, 0.13322632014751434, 0.2182985544204712]}",2026-09-16T04:05:32.786856,10,0.4818180633915795,0.7725694444444444,0.001,0.7135135135135136,0.6755234092803556,0.44,0.8813559322033898,"[0.6557377049180327, 0.8813559322033898, 0.44, 0.725]","[0.6316272677456747, 0.37116186986914124, 0.9017807003855706, 0.619543269276619]","[0.7108433734939759, 0.7156862745098039]","[[0.6060606060606061, 0.7142857142857143], [0.8421052631578947, 0.9523809523809523], [0.5, 0.43478260869565216], [0.6, 0.7666666666666667]]","[61, 59, 25, 40]",0.7118634106203532,"[0.6557377049180327, 0.8762361402457297, 0.35661764705882354, 0.6643783371472158]",0.35661764705882354,0.9017807003855706,0.7410714285714286,0.7308558558558559,0.6666666666666666,0.7567567567567568,"[0.7567567567567568, 0.75, 0.6666666666666666, 0.75]","[0.5729672583575184, 0.545987650545107, 0.647638812661171, 0.5820077409346899]","[0.7, 0.7741935483870968]","[[0.7, 0.8235294117647058], [0.7391304347826086, 0.7692307692307693], [1.0, 0.6428571428571429], [0.5, 0.8333333333333334]]","[37, 36, 15, 24]",0.7375353535353536,"[0.7567567567567567, 0.7401764234161989, 0.5341614906832298, 0.6666666666666667]",0.5341614906832298,0.647638812661171,"[0.32670849561691284, 0.32119569182395935, 0.1340344101190567, 0.2180614471435547]","[0.36446629961331684, 0.4963991145292918, 0.5499631696277194, 0.510650677813424]","[0.32691070437431335, 0.3211403787136078, 0.13390332460403442, 0.21804547309875488]","[0.32905295491218567, 0.3194221556186676, 0.13322632014751434, 0.2182985544204712]",0.0
"{""run_name"": ""fedheart_exp_paper_hetagg_gdro"", ""seed"": 44, ""run_dir"": ""runs/fedheart_uncapped/Shared_GDRO_s44_f4"", ""use_fedheart"": true, ""num_classes"": 2, ""stratified_batching"": true, ""train_frac"": 0.8, ""group_max_train_samples"": null, ""true_hetero_input_dim"": true, ""feature_mask"": [[0, 1, 2, 3, 5, 6, 7, 8, 9, 10], [0, 1, 2, 3, 5, 6, 11, 12], [0, 1, 2, 4, 5, 7, 11, 12], [0, 1, 2, 4, 5, 6, 8, 9, 10]], ""batch_size"": 64, ""num_workers"": 0, ""epochs"": 100, ""early_stopping_patience"": 30, ""lr"": 0.001, ""weight_decay"": 0.0001, ""optimizer"": ""adam"", ""grad_clip"": 1.0, ""lr_scheduler"": ""cosine"", ""lr_min"": 1e-05, ""latent_dim"": 64, ""head_hidden"": 32, ""groups"": [{""name"": ""cleveland"", ""encoder"": ""mlp_tabular_ln"", ""input_dim"": 13, ""hidden_dim"": 64, ""dropout"": 0.1}, {""name"": ""hungarian"", ""encoder"": ""mlp_tabular_ln"", ""input_dim"": 13, ""hidden_dim"": 64, ""dropout"": 0.1}, {""name"": ""switzerland"", ""encoder"": ""mlp_tabular_ln"", ""input_dim"": 13, ""hidden_dim"": 64, ""dropout"": 0.1}, {""name"": ""va_long_beach"", ""encoder"": ""mlp_tabular_ln"", ""input_dim"": 13, ""hidden_dim"": 64, ""dropout"": 0.1}], ""anchor_eps"": 0.0001, ""sep_samples_per_class"": 4, ""sep_method"": ""classifier"", ""sep_margin"": 1.0, ""lambda_fit"": 0.001, ""lambda_sep"": 0.001, ""groupdro_enabled"": true, ""groupdro_eta"": 0.02, ""groupdro_gamma"": 0.9, ""groupdro_update_mode"": ""exp"", ""groupdro_objective"": ""weighted"", ""groupdro_kl_lambda"": 0.0, ""groupdro_uniform_init"": false, ""log_interval"": 20, ""save_every"": 10, ""groupdro_ema_decay"": 0.9, ""groupdro_update_every"": 1, ""dro_signal"": ""val"", ""val_frac"": 0.15, ""impute_missing"": true, ""common_encoder"": true, ""use_regret"": false, ""data_split_seed"": 1004}","{""num_groups"": 4, ""num_classes"": 2, ""train_total"": 623, ""test_total"": 185, ""train_group_counts"": [205, 199, 83, 136], ""test_group_counts"": [61, 59, 25, 40], ""train_class_counts"": [278, 345], ""test_class_counts"": [83, 102], ""train_group_class_counts"": [[111, 94], [127, 72], [5, 78], [35, 101]], ""test_group_class_counts"": [[33, 28], [38, 21], [2, 23], [10, 30]], ""group_proportions"": [0.3290529695024077, 0.31942215088282505, 0.1332263242375602, 0.21829855537720708], ""val_group_counts"": [37, 36, 15, 24], ""val_total"": 112}","{""num_groups"": 4, ""eta"": 0.02, ""update_mode"": ""exp"", ""robust_objective"": ""weighted"", ""gamma"": 0.9, ""kl_lambda"": 0.0, ""initial_pi"": [0.32905295491218567, 0.3194221556186676, 0.13322632014751434, 0.2182985544204712]}",2026-09-16T04:05:32.786856,11,0.46379711230595905,0.7916666666666666,0.001,0.7243243243243244,0.6897606974159489,0.48,0.8983050847457628,"[0.6557377049180327, 0.8983050847457628, 0.48, 0.725]","[0.6455394760018489, 0.3774597004561101, 0.8781553469598293, 0.6089802206028253]","[0.6867469879518072, 0.7549019607843137]","[[0.5757575757575758, 0.75], [0.8421052631578947, 1.0], [0.5, 0.4782608695652174], [0.5, 0.8]]","[61, 59, 25, 40]",0.7210643015521064,"[0.655367231638418, 0.8946428571428572, 0.38095238095238093, 0.6448748991121872]",0.38095238095238093,0.8781553469598293,0.7232142857142857,0.7072447447447447,0.6,0.7567567567567568,"[0.7567567567567568, 0.7222222222222222, 0.6, 0.75]","[0.5912984944880009, 0.5534432623535395, 0.615649265050888, 0.5680835779445866]","[0.66, 0.7741935483870968]","[[0.7, 0.8235294117647058], [0.6956521739130435, 0.7692307692307693], [0.0, 0.6428571428571429], [0.5, 0.8333333333333334]]","[37, 36, 15, 24]",0.7181589414725222,"[0.7567567567567567, 0.7142857142857144, 0.375, 0.6666666666666667]",0.375,0.615649265050888,"[0.32653558254241943, 0.3212299942970276, 0.13416272401809692, 0.21807172894477844]","[0.40373508797751534, 0.4584876199563344, 0.4191972298754586, 0.5107734600702921]","[0.32670849561691284, 0.32119569182395935, 0.1340344101190567, 0.2180614471435547]","[0.32905295491218567, 0.3194221556186676, 0.13322632014751434, 0.2182985544204712]",0.0
"{""run_name"": ""fedheart_exp_paper_hetagg_gdro"", ""seed"": 44, ""run_dir"": ""runs/fedheart_uncapped/Shared_GDRO_s44_f4"", ""use_fedheart"": true, ""num_classes"": 2, ""stratified_batching"": true, ""train_frac"": 0.8, ""group_max_train_samples"": null, ""true_hetero_input_dim"": true, ""feature_mask"": [[0, 1, 2, 3, 5, 6, 7, 8, 9, 10], [0, 1, 2, 3, 5, 6, 11, 12], [0, 1, 2, 4, 5, 7, 11, 12], [0, 1, 2, 4, 5, 6, 8, 9, 10]], ""batch_size"": 64, ""num_workers"": 0, ""epochs"": 100, ""early_stopping_patience"": 30, ""lr"": 0.001, ""weight_decay"": 0.0001, ""optimizer"": ""adam"", ""grad_clip"": 1.0, ""lr_scheduler"": ""cosine"", ""lr_min"": 1e-05, ""latent_dim"": 64, ""head_hidden"": 32, ""groups"": [{""name"": ""cleveland"", ""encoder"": ""mlp_tabular_ln"", ""input_dim"": 13, ""hidden_dim"": 64, ""dropout"": 0.1}, {""name"": ""hungarian"", ""encoder"": ""mlp_tabular_ln"", ""input_dim"": 13, ""hidden_dim"": 64, ""dropout"": 0.1}, {""name"": ""switzerland"", ""encoder"": ""mlp_tabular_ln"", ""input_dim"": 13, ""hidden_dim"": 64, ""dropout"": 0.1}, {""name"": ""va_long_beach"", ""encoder"": ""mlp_tabular_ln"", ""input_dim"": 13, ""hidden_dim"": 64, ""dropout"": 0.1}], ""anchor_eps"": 0.0001, ""sep_samples_per_class"": 4, ""sep_method"": ""classifier"", ""sep_margin"": 1.0, ""lambda_fit"": 0.001, ""lambda_sep"": 0.001, ""groupdro_enabled"": true, ""groupdro_eta"": 0.02, ""groupdro_gamma"": 0.9, ""groupdro_update_mode"": ""exp"", ""groupdro_objective"": ""weighted"", ""groupdro_kl_lambda"": 0.0, ""groupdro_uniform_init"": false, ""log_interval"": 20, ""save_every"": 10, ""groupdro_ema_decay"": 0.9, ""groupdro_update_every"": 1, ""dro_signal"": ""val"", ""val_frac"": 0.15, ""impute_missing"": true, ""common_encoder"": true, ""use_regret"": false, ""data_split_seed"": 1004}","{""num_groups"": 4, ""num_classes"": 2, ""train_total"": 623, ""test_total"": 185, ""train_group_counts"": [205, 199, 83, 136], ""test_group_counts"": [61, 59, 25, 40], ""train_class_counts"": [278, 345], ""test_class_counts"": [83, 102], ""train_group_class_counts"": [[111, 94], [127, 72], [5, 78], [35, 101]], ""test_group_class_counts"": [[33, 28], [38, 21], [2, 23], [10, 30]], ""group_proportions"": [0.3290529695024077, 0.31942215088282505, 0.1332263242375602, 0.21829855537720708], ""val_group_counts"": [37, 36, 15, 24], ""val_total"": 112}","{""num_groups"": 4, ""eta"": 0.02, ""update_mode"": ""exp"", ""robust_objective"": ""weighted"", ""gamma"": 0.9, ""kl_lambda"": 0.0, ""initial_pi"": [0.32905295491218567, 0.3194221556186676, 0.13322632014751434, 0.2182985544204712]}",2026-09-16T04:05:32.786856,12,0.4773166577021281,0.7829861111111112,0.001,0.7135135135135136,0.6775361211447625,0.44,0.864406779661017,"[0.6557377049180327, 0.864406779661017, 0.44, 0.75]","[0.6550577998649879, 0.38287913780343735, 0.888146488815546, 0.6131240457529202]","[0.6867469879518072, 0.7352941176470589]","[[0.5757575757575758, 0.75], [0.8157894736842105, 0.9523809523809523], [0.5, 0.43478260869565216], [0.6, 0.8]]","[61, 59, 25, 40]",0.7107754933482788,"[0.655367231638418, 0.8595238095238096, 0.35661764705882354, 0.6865203761755486]",0.35661764705882354,0.888146488815546,0.7232142857142857,0.7134947447447447,0.6666666666666666,0.7567567567567568,"[0.7567567567567568, 0.7222222222222222, 0.6666666666666666, 0.7083333333333334]","[0.6008203673503689, 0.5545335134698285, 0.6100631346305211, 0.5609794231131673]","[0.64, 0.7903225806451613]","[[0.7, 0.8235294117647058], [0.6956521739130435, 0.7692307692307693], [0.0, 0.7142857142857143], [0.3333333333333333, 0.8333333333333334]]","[37, 36, 15, 24]",0.716687066503468,"[0.7567567567567567, 0.7142857142857144, 0.4, 0.5872235872235873]",0.4,0.6100631346305211,"[0.32639458775520325, 0.321245402097702, 0.13428674638271332, 0.2180732637643814]","[0.3976171248488956, 0.4607548216978709, 0.4964851207203335, 0.5328520006603665]","[0.32653558254241943, 0.3212299942970276, 0.13416272401809692, 0.21807172894477844]","[0.32905295491218567, 0.3194221556186676, 0.13322632014751434, 0.2182985544204712]",0.0
"{""run_name"": ""fedheart_exp_paper_hetagg_gdro"", ""seed"": 44, ""run_dir"": ""runs/fedheart_uncapped/Shared_GDRO_s44_f4"", ""use_fedheart"": true, ""num_classes"": 2, ""stratified_batching"": true, ""train_frac"": 0.8, ""group_max_train_samples"": null, ""true_hetero_input_dim"": true, ""feature_mask"": [[0, 1, 2, 3, 5, 6, 7, 8, 9, 10], [0, 1, 2, 3, 5, 6, 11, 12], [0, 1, 2, 4, 5, 7, 11, 12], [0, 1, 2, 4, 5, 6, 8, 9, 10]], ""batch_size"": 64, ""num_workers"": 0, ""epochs"": 100, ""early_stopping_patience"": 30, ""lr"": 0.001, ""weight_decay"": 0.0001, ""optimizer"": ""adam"", ""grad_clip"": 1.0, ""lr_scheduler"": ""cosine"", ""lr_min"": 1e-05, ""latent_dim"": 64, ""head_hidden"": 32, ""groups"": [{""name"": ""cleveland"", ""encoder"": ""mlp_tabular_ln"", ""input_dim"": 13, ""hidden_dim"": 64, ""dropout"": 0.1}, {""name"": ""hungarian"", ""encoder"": ""mlp_tabular_ln"", ""input_dim"": 13, ""hidden_dim"": 64, ""dropout"": 0.1}, {""name"": ""switzerland"", ""encoder"": ""mlp_tabular_ln"", ""input_dim"": 13, ""hidden_dim"": 64, ""dropout"": 0.1}, {""name"": ""va_long_beach"", ""encoder"": ""mlp_tabular_ln"", ""input_dim"": 13, ""hidden_dim"": 64, ""dropout"": 0.1}], ""anchor_eps"": 0.0001, ""sep_samples_per_class"": 4, ""sep_method"": ""classifier"", ""sep_margin"": 1.0, ""lambda_fit"": 0.001, ""lambda_sep"": 0.001, ""groupdro_enabled"": true, ""groupdro_eta"": 0.02, ""groupdro_gamma"": 0.9, ""groupdro_update_mode"": ""exp"", ""groupdro_objective"": ""weighted"", ""groupdro_kl_lambda"": 0.0, ""groupdro_uniform_init"": false, ""log_interval"": 20, ""save_every"": 10, ""groupdro_ema_decay"": 0.9, ""groupdro_update_every"": 1, ""dro_signal"": ""val"", ""val_frac"": 0.15, ""impute_missing"": true, ""common_encoder"": true, ""use_regret"": false, ""data_split_seed"": 1004}","{""num_groups"": 4, ""num_classes"": 2, ""train_total"": 623, ""test_total"": 185, ""train_group_counts"": [205, 199, 83, 136], ""test_group_counts"": [61, 59, 25, 40], ""train_class_counts"": [278, 345], ""test_class_counts"": [83, 102], ""train_group_class_counts"": [[111, 94], [127, 72], [5, 78], [35, 101]], ""test_group_class_counts"": [[33, 28], [38, 21], [2, 23], [10, 30]], ""group_proportions"": [0.3290529695024077, 0.31942215088282505, 0.1332263242375602, 0.21829855537720708], ""val_group_counts"": [37, 36, 15, 24], ""val_total"": 112}","{""num_groups"": 4, ""eta"": 0.02, ""update_mode"": ""exp"", ""robust_objective"": ""weighted"", ""gamma"": 0.9, ""kl_lambda"": 0.0, ""initial_pi"": [0.32905295491218567, 0.3194221556186676, 0.13322632014751434, 0.2182985544204712]}",2026-09-16T04:05:32.786856,13,0.45778929856088424,0.8055555555555556,0.001,0.6972972972972973,0.6652410391775493,0.44,0.864406779661017,"[0.6065573770491803, 0.864406779661017, 0.44, 0.75]","[0.6330848767987041, 0.36323068922354, 0.9316105335205793, 0.6197330130729825]","[0.6746987951807228, 0.7156862745098039]","[[0.5151515151515151, 0.7142857142857143], [0.8421052631578947, 0.9047619047619048], [0.5, 0.43478260869565216], [0.6, 0.8]]","[61, 59, 25, 40]",0.6947194719471947,"[0.6056034482758621, 0.857487922705314, 0.35661764705882354, 0.6865203761755486]",0.35661764705882354,0.9316105335205793,0.7232142857142857,0.7134947447447447,0.6666666666666666,0.7567567567567568,"[0.7567567567567568, 0.7222222222222222, 0.6666666666666666, 0.7083333333333334]","[0.5682674389634583, 0.5361326160944171, 0.6143033852179846, 0.5413536943184832]","[0.64, 0.7903225806451613]","[[0.7, 0.8235294117647058], [0.6956521739130435, 0.7692307692307693], [0.0, 0.7142857142857143], [0.3333333333333333, 0.8333333333333334]]","[37, 36, 15, 24]",0.716687066503468,"[0.7567567567567567, 0.7142857142857144, 0.4, 0.5872235872235873]",0.4,0.6143033852179846,"[0.32627421617507935, 0.3212450444698334, 0.13441352546215057, 0.2180672585964203]","[0.3832153313689762, 0.4727577335304684, 0.4899935457441542, 0.4559810178147422]","[0.32639458775520325, 0.321245402097702, 0.13428674638271332, 0.2180732637643814]","[0.32905295491218567, 0.3194221556186676, 0.13322632014751434, 0.2182985544204712]",0.0
"{""run_name"": ""fedheart_exp_paper_hetagg_gdro"", ""seed"": 44, ""run_dir"": ""runs/fedheart_uncapped/Shared_GDRO_s44_f4"", ""use_fedheart"": true, ""num_classes"": 2, ""stratified_batching"": true, ""train_frac"": 0.8, ""group_max_train_samples"": null, ""true_hetero_input_dim"": true, ""feature_mask"": [[0, 1, 2, 3, 5, 6, 7, 8, 9, 10], [0, 1, 2, 3, 5, 6, 11, 12], [0, 1, 2, 4, 5, 7, 11, 12], [0, 1, 2, 4, 5, 6, 8, 9, 10]], ""batch_size"": 64, ""num_workers"": 0, ""epochs"": 100, ""early_stopping_patience"": 30, ""lr"": 0.001, ""weight_decay"": 0.0001, ""optimizer"": ""adam"", ""grad_clip"": 1.0, ""lr_scheduler"": ""cosine"", ""lr_min"": 1e-05, ""latent_dim"": 64, ""head_hidden"": 32, ""groups"": [{""name"": ""cleveland"", ""encoder"": ""mlp_tabular_ln"", ""input_dim"": 13, ""hidden_dim"": 64, ""dropout"": 0.1}, {""name"": ""hungarian"", ""encoder"": ""mlp_tabular_ln"", ""input_dim"": 13, ""hidden_dim"": 64, ""dropout"": 0.1}, {""name"": ""switzerland"", ""encoder"": ""mlp_tabular_ln"", ""input_dim"": 13, ""hidden_dim"": 64, ""dropout"": 0.1}, {""name"": ""va_long_beach"", ""encoder"": ""mlp_tabular_ln"", ""input_dim"": 13, ""hidden_dim"": 64, ""dropout"": 0.1}], ""anchor_eps"": 0.0001, ""sep_samples_per_class"": 4, ""sep_method"": ""classifier"", ""sep_margin"": 1.0, ""lambda_fit"": 0.001, ""lambda_sep"": 0.001, ""groupdro_enabled"": true, ""groupdro_eta"": 0.02, ""groupdro_gamma"": 0.9, ""groupdro_update_mode"": ""exp"", ""groupdro_objective"": ""weighted"", ""groupdro_kl_lambda"": 0.0, ""groupdro_uniform_init"": false, ""log_interval"": 20, ""save_every"": 10, ""groupdro_ema_decay"": 0.9, ""groupdro_update_every"": 1, ""dro_signal"": ""val"", ""val_frac"": 0.15, ""impute_missing"": true, ""common_encoder"": true, ""use_regret"": false, ""data_split_seed"": 1004}","{""num_groups"": 4, ""num_classes"": 2, ""train_total"": 623, ""test_total"": 185, ""train_group_counts"": [205, 199, 83, 136], ""test_group_counts"": [61, 59, 25, 40], ""train_class_counts"": [278, 345], ""test_class_counts"": [83, 102], ""train_group_class_counts"": [[111, 94], [127, 72], [5, 78], [35, 101]], ""test_group_class_counts"": [[33, 28], [38, 21], [2, 23], [10, 30]], ""group_proportions"": [0.3290529695024077, 0.31942215088282505, 0.1332263242375602, 0.21829855537720708], ""val_group_counts"": [37, 36, 15, 24], ""val_total"": 112}","{""num_groups"": 4, ""eta"": 0.02, ""update_mode"": ""exp"", ""robust_objective"": ""weighted"", ""gamma"": 0.9, ""kl_lambda"": 0.0, ""initial_pi"": [0.32905295491218567, 0.3194221556186676, 0.13322632014751434, 0.2182985544204712]}",2026-09-16T04:05:32.786856,14,0.44696081015798783,0.8107638888888888,0.001,0.7081081081081081,0.6735766879688803,0.44,0.8813559322033898,"[0.6229508196721312, 0.8813559322033898, 0.44, 0.75]","[0.6548028775170202, 0.3675559124893556, 0.9510199742019176, 0.6282806960167363]","[0.6626506024096386, 0.7450980392156863]","[[0.5151515151515151, 0.75], [0.8157894736842105, 1.0], [0.5, 0.43478260869565216], [0.6, 0.8]]","[61, 59, 25, 40]",0.704297892493488,"[0.6213225371120108, 0.8778467908902691, 0.35661764705882354, 0.6865203761755486]",0.35661764705882354,0.9510199742019176,0.7321428571428571,0.7301614114114114,0.7083333333333334,0.7567567567567568,"[0.7567567567567568, 0.7222222222222222, 0.7333333333333333, 0.7083333333333334]","[0.5783380384280069, 0.5415007399602069, 0.5954661309719086, 0.5418457086198032]","[0.64, 0.8064516129032258]","[[0.7, 0.8235294117647058], [0.6956521739130435, 0.7692307692307693], [0.0, 0.7857142857142857], [0.3333333333333333, 0.8333333333333334]]","[37, 36, 15, 24]",0.7250409165302782,"[0.7567567567567567, 0.7142857142857144, 0.4230769230769231, 0.5872235872235873]",0.4230769230769231,0.5954661309719086,"[0.3261772692203522, 0.3212321996688843, 0.134537011384964, 0.21805350482463837]","[0.36910487545861137, 0.45366671350267196, 0.4377880063321855, 0.4906603429052565]","[0.32627421617507935, 0.3212450444698334, 0.13441352546215057, 0.2180672585964203]","[0.32905295491218567, 0.3194221556186676, 0.13322632014751434, 0.2182985544204712]",0.0
"{""run_name"": ""fedheart_exp_paper_hetagg_gdro"", ""seed"": 44, ""run_dir"": ""runs/fedheart_uncapped/Shared_GDRO_s44_f4"", ""use_fedheart"": true, ""num_classes"": 2, ""stratified_batching"": true, ""train_frac"": 0.8, ""group_max_train_samples"": null, ""true_hetero_input_dim"": true, ""feature_mask"": [[0, 1, 2, 3, 5, 6, 7, 8, 9, 10], [0, 1, 2, 3, 5, 6, 11, 12], [0, 1, 2, 4, 5, 7, 11, 12], [0, 1, 2, 4, 5, 6, 8, 9, 10]], ""batch_size"": 64, ""num_workers"": 0, ""epochs"": 100, ""early_stopping_patience"": 30, ""lr"": 0.001, ""weight_decay"": 0.0001, ""optimizer"": ""adam"", ""grad_clip"": 1.0, ""lr_scheduler"": ""cosine"", ""lr_min"": 1e-05, ""latent_dim"": 64, ""head_hidden"": 32, ""groups"": [{""name"": ""cleveland"", ""encoder"": ""mlp_tabular_ln"", ""input_dim"": 13, ""hidden_dim"": 64, ""dropout"": 0.1}, {""name"": ""hungarian"", ""encoder"": ""mlp_tabular_ln"", ""input_dim"": 13, ""hidden_dim"": 64, ""dropout"": 0.1}, {""name"": ""switzerland"", ""encoder"": ""mlp_tabular_ln"", ""input_dim"": 13, ""hidden_dim"": 64, ""dropout"": 0.1}, {""name"": ""va_long_beach"", ""encoder"": ""mlp_tabular_ln"", ""input_dim"": 13, ""hidden_dim"": 64, ""dropout"": 0.1}], ""anchor_eps"": 0.0001, ""sep_samples_per_class"": 4, ""sep_method"": ""classifier"", ""sep_margin"": 1.0, ""lambda_fit"": 0.001, ""lambda_sep"": 0.001, ""groupdro_enabled"": true, ""groupdro_eta"": 0.02, ""groupdro_gamma"": 0.9, ""groupdro_update_mode"": ""exp"", ""groupdro_objective"": ""weighted"", ""groupdro_kl_lambda"": 0.0, ""groupdro_uniform_init"": false, ""log_interval"": 20, ""save_every"": 10, ""groupdro_ema_decay"": 0.9, ""groupdro_update_every"": 1, ""dro_signal"": ""val"", ""val_frac"": 0.15, ""impute_missing"": true, ""common_encoder"": true, ""use_regret"": false, ""data_split_seed"": 1004}","{""num_groups"": 4, ""num_classes"": 2, ""train_total"": 623, ""test_total"": 185, ""train_group_counts"": [205, 199, 83, 136], ""test_group_counts"": [61, 59, 25, 40], ""train_class_counts"": [278, 345], ""test_class_counts"": [83, 102], ""train_group_class_counts"": [[111, 94], [127, 72], [5, 78], [35, 101]], ""test_group_class_counts"": [[33, 28], [38, 21], [2, 23], [10, 30]], ""group_proportions"": [0.3290529695024077, 0.31942215088282505, 0.1332263242375602, 0.21829855537720708], ""val_group_counts"": [37, 36, 15, 24], ""val_total"": 112}","{""num_groups"": 4, ""eta"": 0.02, ""update_mode"": ""exp"", ""robust_objective"": ""weighted"", ""gamma"": 0.9, ""kl_lambda"": 0.0, ""initial_pi"": [0.32905295491218567, 0.3194221556186676, 0.13322632014751434, 0.2182985544204712]}",2026-09-16T04:05:32.786856,15,0.45512396428320145,0.8177083333333334,0.001,0.7081081081081081,0.6734377604890247,0.44,0.864406779661017,"[0.639344262295082, 0.864406779661017, 0.44, 0.75]","[0.6861772659982814, 0.3845023703682473, 0.9089504157751799, 0.6300342720467598]","[0.6506024096385542, 0.7549019607843137]","[[0.5151515151515151, 0.7857142857142857], [0.7894736842105263, 1.0], [0.5, 0.43478260869565216], [0.6, 0.8]]","[61, 59, 25, 40]",0.703525641025641,"[0.6369047619047619, 0.8611764705882353, 0.35661764705882354, 0.6865203761755486]",0.35661764705882354,0.9089504157751799,0.7321428571428571,0.7301614114114114,0.7083333333333334,0.7567567567567568,"[0.7567567567567568, 0.7222222222222222, 0.7333333333333333, 0.7083333333333334]","[0.6110360206834771, 0.5604269632862674, 0.5469128906726837, 0.5371336216727892]","[0.64, 0.8064516129032258]","[[0.7, 0.8235294117647058], [0.6956521739130435, 0.7692307692307693], [0.0, 0.7857142857142857], [0.3333333333333333, 0.8333333333333334]]","[37, 36, 15, 24]",0.7250409165302782,"[0.7567567567567567, 0.7142857142857144, 0.4230769230769231, 0.5872235872235873]",0.4230769230769231,0.6110360206834771,"[0.32611674070358276, 0.3212144374847412, 0.13464200496673584, 0.2180267870426178]","[0.38854652974340653, 0.4535061948829227, 0.389212300380071, 0.5293500224749247]","[0.3261772692203522, 0.3212321996688843, 0.134537011384964, 0.21805350482463837]","[0.32905295491218567, 0.3194221556186676, 0.13322632014751434, 0.2182985544204712]",0.0
"{""run_name"": ""fedheart_exp_paper_hetagg_gdro"", ""seed"": 44, ""run_dir"": ""runs/fedheart_uncapped/Shared_GDRO_s44_f4"", ""use_fedheart"": true, ""num_classes"": 2, ""stratified_batching"": true, ""train_frac"": 0.8, ""group_max_train_samples"": null, ""true_hetero_input_dim"": true, ""feature_mask"": [[0, 1, 2, 3, 5, 6, 7, 8, 9, 10], [0, 1, 2, 3, 5, 6, 11, 12], [0, 1, 2, 4, 5, 7, 11, 12], [0, 1, 2, 4, 5, 6, 8, 9, 10]], ""batch_size"": 64, ""num_workers"": 0, ""epochs"": 100, ""early_stopping_patience"": 30, ""lr"": 0.001, ""weight_decay"": 0.0001, ""optimizer"": ""adam"", ""grad_clip"": 1.0, ""lr_scheduler"": ""cosine"", ""lr_min"": 1e-05, ""latent_dim"": 64, ""head_hidden"": 32, ""groups"": [{""name"": ""cleveland"", ""encoder"": ""mlp_tabular_ln"", ""input_dim"": 13, ""hidden_dim"": 64, ""dropout"": 0.1}, {""name"": ""hungarian"", ""encoder"": ""mlp_tabular_ln"", ""input_dim"": 13, ""hidden_dim"": 64, ""dropout"": 0.1}, {""name"": ""switzerland"", ""encoder"": ""mlp_tabular_ln"", ""input_dim"": 13, ""hidden_dim"": 64, ""dropout"": 0.1}, {""name"": ""va_long_beach"", ""encoder"": ""mlp_tabular_ln"", ""input_dim"": 13, ""hidden_dim"": 64, ""dropout"": 0.1}], ""anchor_eps"": 0.0001, ""sep_samples_per_class"": 4, ""sep_method"": ""classifier"", ""sep_margin"": 1.0, ""lambda_fit"": 0.001, ""lambda_sep"": 0.001, ""groupdro_enabled"": true, ""groupdro_eta"": 0.02, ""groupdro_gamma"": 0.9, ""groupdro_update_mode"": ""exp"", ""groupdro_objective"": ""weighted"", ""groupdro_kl_lambda"": 0.0, ""groupdro_uniform_init"": false, ""log_interval"": 20, ""save_every"": 10, ""groupdro_ema_decay"": 0.9, ""groupdro_update_every"": 1, ""dro_signal"": ""val"", ""val_frac"": 0.15, ""impute_missing"": true, ""common_encoder"": true, ""use_regret"": false, ""data_split_seed"": 1004}","{""num_groups"": 4, ""num_classes"": 2, ""train_total"": 623, ""test_total"": 185, ""train_group_counts"": [205, 199, 83, 136], ""test_group_counts"": [61, 59, 25, 40], ""train_class_counts"": [278, 345], ""test_class_counts"": [83, 102], ""train_group_class_counts"": [[111, 94], [127, 72], [5, 78], [35, 101]], ""test_group_class_counts"": [[33, 28], [38, 21], [2, 23], [10, 30]], ""group_proportions"": [0.3290529695024077, 0.31942215088282505, 0.1332263242375602, 0.21829855537720708], ""val_group_counts"": [37, 36, 15, 24], ""val_total"": 112}","{""num_groups"": 4, ""eta"": 0.02, ""update_mode"": ""exp"", ""robust_objective"": ""weighted"", ""gamma"": 0.9, ""kl_lambda"": 0.0, ""initial_pi"": [0.32905295491218567, 0.3194221556186676, 0.13322632014751434, 0.2182985544204712]}",2026-09-16T04:05:32.786856,16,0.4422938326994578,0.8211805555555556,0.001,0.7189189189189189,0.6855234092803556,0.48,0.8813559322033898,"[0.6557377049180327, 0.8813559322033898, 0.48, 0.725]","[0.6874499337472877, 0.3677130839708498, 0.9090301213413476, 0.642415827466175]","[0.6626506024096386, 0.7647058823529411]","[[0.5454545454545454, 0.7857142857142857], [0.8157894736842105, 1.0], [0.5, 0.4782608695652174], [0.5, 0.8]]","[61, 59, 25, 40]",0.7145061728395061,"[0.654251012145749, 0.8778467908902691, 0.38095238095238093, 0.6448748991121872]",0.38095238095238093,0.9090301213413476,0.7410714285714286,0.7371058558558559,0.7083333333333334,0.7567567567567568,"[0.7567567567567568, 0.75, 0.7333333333333333, 0.7083333333333334]","[0.6118596618038576, 0.5468438979652193, 0.5447466045618057, 0.5352477369209131]","[0.66, 0.8064516129032258]","[[0.7, 0.8235294117647058], [0.7391304347826086, 0.7692307692307693], [0.0, 0.7857142857142857], [0.3333333333333333, 0.8333333333333334]]","[37, 36, 15, 24]",0.7349653202774378,"[0.7567567567567567, 0.7401764234161989, 0.4230769230769231, 0.5872235872235873]",0.4230769230769231,0.6118596618038576,"[0.3260926604270935, 0.3211866319179535, 0.13473102450370789, 0.21798965334892273]","[0.36209893226623535, 0.4333978179428313, 0.4276808947324753, 0.5176099323564105]","[0.32611674070358276, 0.3212144374847412, 0.13464200496673584, 0.2180267870426178]","[0.32905295491218567, 0.3194221556186676, 0.13322632014751434, 0.2182985544204712]",0.0
"{""run_name"": ""fedheart_exp_paper_hetagg_gdro"", ""seed"": 44, ""run_dir"": ""runs/fedheart_uncapped/Shared_GDRO_s44_f4"", ""use_fedheart"": true, ""num_classes"": 2, ""stratified_batching"": true, ""train_frac"": 0.8, ""group_max_train_samples"": null, ""true_hetero_input_dim"": true, ""feature_mask"": [[0, 1, 2, 3, 5, 6, 7, 8, 9, 10], [0, 1, 2, 3, 5, 6, 11, 12], [0, 1, 2, 4, 5, 7, 11, 12], [0, 1, 2, 4, 5, 6, 8, 9, 10]], ""batch_size"": 64, ""num_workers"": 0, ""epochs"": 100, ""early_stopping_patience"": 30, ""lr"": 0.001, ""weight_decay"": 0.0001, ""optimizer"": ""adam"", ""grad_clip"": 1.0, ""lr_scheduler"": ""cosine"", ""lr_min"": 1e-05, ""latent_dim"": 64, ""head_hidden"": 32, ""groups"": [{""name"": ""cleveland"", ""encoder"": ""mlp_tabular_ln"", ""input_dim"": 13, ""hidden_dim"": 64, ""dropout"": 0.1}, {""name"": ""hungarian"", ""encoder"": ""mlp_tabular_ln"", ""input_dim"": 13, ""hidden_dim"": 64, ""dropout"": 0.1}, {""name"": ""switzerland"", ""encoder"": ""mlp_tabular_ln"", ""input_dim"": 13, ""hidden_dim"": 64, ""dropout"": 0.1}, {""name"": ""va_long_beach"", ""encoder"": ""mlp_tabular_ln"", ""input_dim"": 13, ""hidden_dim"": 64, ""dropout"": 0.1}], ""anchor_eps"": 0.0001, ""sep_samples_per_class"": 4, ""sep_method"": ""classifier"", ""sep_margin"": 1.0, ""lambda_fit"": 0.001, ""lambda_sep"": 0.001, ""groupdro_enabled"": true, ""groupdro_eta"": 0.02, ""groupdro_gamma"": 0.9, ""groupdro_update_mode"": ""exp"", ""groupdro_objective"": ""weighted"", ""groupdro_kl_lambda"": 0.0, ""groupdro_uniform_init"": false, ""log_interval"": 20, ""save_every"": 10, ""groupdro_ema_decay"": 0.9, ""groupdro_update_every"": 1, ""dro_signal"": ""val"", ""val_frac"": 0.15, ""impute_missing"": true, ""common_encoder"": true, ""use_regret"": false, ""data_split_seed"": 1004}","{""num_groups"": 4, ""num_classes"": 2, ""train_total"": 623, ""test_total"": 185, ""train_group_counts"": [205, 199, 83, 136], ""test_group_counts"": [61, 59, 25, 40], ""train_class_counts"": [278, 345], ""test_class_counts"": [83, 102], ""train_group_class_counts"": [[111, 94], [127, 72], [5, 78], [35, 101]], ""test_group_class_counts"": [[33, 28], [38, 21], [2, 23], [10, 30]], ""group_proportions"": [0.3290529695024077, 0.31942215088282505, 0.1332263242375602, 0.21829855537720708], ""val_group_counts"": [37, 36, 15, 24], ""val_total"": 112}","{""num_groups"": 4, ""eta"": 0.02, ""update_mode"": ""exp"", ""robust_objective"": ""weighted"", ""gamma"": 0.9, ""kl_lambda"": 0.0, ""initial_pi"": [0.32905295491218567, 0.3194221556186676, 0.13322632014751434, 0.2182985544204712]}",2026-09-16T04:05:32.786856,17,0.43775249189800686,0.8020833333333334,0.001,0.7135135135135136,0.6812861211447624,0.48,0.864406779661017,"[0.6557377049180327, 0.864406779661017, 0.48, 0.725]","[0.7043629423638836, 0.369935473000978, 0.8503451937437058, 0.6472559897927568]","[0.6506024096385542, 0.7647058823529411]","[[0.5454545454545454, 0.7857142857142857], [0.7894736842105263, 1.0], [0.5, 0.4782608695652174], [0.5, 0.8]]","[61, 59, 25, 40]",0.7086094683348688,"[0.654251012145749, 0.8611764705882353, 0.38095238095238093, 0.6448748991121872]",0.38095238095238093,0.8503451937437058,0.7410714285714286,0.7371058558558559,0.7083333333333334,0.7567567567567568,"[0.7567567567567568, 0.75, 0.7333333333333333, 0.7083333333333334]","[0.6445657261521429, 0.5507869227892823, 0.5109409088889758, 0.515463275834918]","[0.66, 0.8064516129032258]","[[0.7, 0.8235294117647058], [0.7391304347826086, 0.7692307692307693], [0.0, 0.7857142857142857], [0.3333333333333333, 0.8333333333333334]]","[37, 36, 15, 24]",0.7349653202774378,"[0.7567567567567567, 0.7401764234161989, 0.4230769230769231, 0.5872235872235873]",0.4230769230769231,0.6445657261521429,"[0.3261207342147827, 0.3211503326892853, 0.13479575514793396, 0.21793319284915924]","[0.35589080055554706, 0.43636781639522976, 0.4203616976737976, 0.5093758006890615]","[0.3260926604270935, 0.3211866319179535, 0.13473102450370789, 0.21798965334892273]","[0.32905295491218567, 0.3194221556186676, 0.13322632014751434, 0.2182985544204712]",0.0
"{""run_name"": ""fedheart_exp_paper_hetagg_gdro"", ""seed"": 44, ""run_dir"": ""runs/fedheart_uncapped/Shared_GDRO_s44_f4"", ""use_fedheart"": true, ""num_classes"": 2, ""stratified_batching"": true, ""train_frac"": 0.8, ""group_max_train_samples"": null, ""true_hetero_input_dim"": true, ""feature_mask"": [[0, 1, 2, 3, 5, 6, 7, 8, 9, 10], [0, 1, 2, 3, 5, 6, 11, 12], [0, 1, 2, 4, 5, 7, 11, 12], [0, 1, 2, 4, 5, 6, 8, 9, 10]], ""batch_size"": 64, ""num_workers"": 0, ""epochs"": 100, ""early_stopping_patience"": 30, ""lr"": 0.001, ""weight_decay"": 0.0001, ""optimizer"": ""adam"", ""grad_clip"": 1.0, ""lr_scheduler"": ""cosine"", ""lr_min"": 1e-05, ""latent_dim"": 64, ""head_hidden"": 32, ""groups"": [{""name"": ""cleveland"", ""encoder"": ""mlp_tabular_ln"", ""input_dim"": 13, ""hidden_dim"": 64, ""dropout"": 0.1}, {""name"": ""hungarian"", ""encoder"": ""mlp_tabular_ln"", ""input_dim"": 13, ""hidden_dim"": 64, ""dropout"": 0.1}, {""name"": ""switzerland"", ""encoder"": ""mlp_tabular_ln"", ""input_dim"": 13, ""hidden_dim"": 64, ""dropout"": 0.1}, {""name"": ""va_long_beach"", ""encoder"": ""mlp_tabular_ln"", ""input_dim"": 13, ""hidden_dim"": 64, ""dropout"": 0.1}], ""anchor_eps"": 0.0001, ""sep_samples_per_class"": 4, ""sep_method"": ""classifier"", ""sep_margin"": 1.0, ""lambda_fit"": 0.001, ""lambda_sep"": 0.001, ""groupdro_enabled"": true, ""groupdro_eta"": 0.02, ""groupdro_gamma"": 0.9, ""groupdro_update_mode"": ""exp"", ""groupdro_objective"": ""weighted"", ""groupdro_kl_lambda"": 0.0, ""groupdro_uniform_init"": false, ""log_interval"": 20, ""save_every"": 10, ""groupdro_ema_decay"": 0.9, ""groupdro_update_every"": 1, ""dro_signal"": ""val"", ""val_frac"": 0.15, ""impute_missing"": true, ""common_encoder"": true, ""use_regret"": false, ""data_split_seed"": 1004}","{""num_groups"": 4, ""num_classes"": 2, ""train_total"": 623, ""test_total"": 185, ""train_group_counts"": [205, 199, 83, 136], ""test_group_counts"": [61, 59, 25, 40], ""train_class_counts"": [278, 345], ""test_class_counts"": [83, 102], ""train_group_class_counts"": [[111, 94], [127, 72], [5, 78], [35, 101]], ""test_group_class_counts"": [[33, 28], [38, 21], [2, 23], [10, 30]], ""group_proportions"": [0.3290529695024077, 0.31942215088282505, 0.1332263242375602, 0.21829855537720708], ""val_group_counts"": [37, 36, 15, 24], ""val_total"": 112}","{""num_groups"": 4, ""eta"": 0.02, ""update_mode"": ""exp"", ""robust_objective"": ""weighted"", ""gamma"": 0.9, ""kl_lambda"": 0.0, ""initial_pi"": [0.32905295491218567, 0.3194221556186676, 0.13322632014751434, 0.2182985544204712]}",2026-09-16T04:05:32.786856,18,0.406028625037935,0.8229166666666666,0.001,0.7027027027027027,0.672811544873576,0.48,0.8305084745762712,"[0.6557377049180327, 0.8305084745762712, 0.48, 0.725]","[0.7077782202023463, 0.36988112586155786, 0.8665320852398872, 0.6653688697610051]","[0.6385542168674698, 0.7549019607843137]","[[0.5454545454545454, 0.7857142857142857], [0.7631578947368421, 0.9523809523809523], [0.5, 0.4782608695652174], [0.5, 0.8]]","[61, 59, 25, 40]",0.69761359921543,"[0.654251012145749, 0.8264705882352941, 0.38095238095238093, 0.6448748991121872]",0.38095238095238093,0.8665320852398872,0.75,0.7440503003003003,0.7083333333333334,0.7777777777777778,"[0.7567567567567568, 0.7777777777777778, 0.7333333333333333, 0.7083333333333334]","[0.6351481328743536, 0.5392935222221745, 0.5074926530321439, 0.5360405603423715]","[0.68, 0.8064516129032258]","[[0.7, 0.8235294117647058], [0.782608695652174, 0.7692307692307693], [0.0, 0.7857142857142857], [0.3333333333333333, 0.8333333333333334]]","[37, 36, 15, 24]",0.7447916666666666,"[0.7567567567567567, 0.7662337662337662, 0.4230769230769231, 0.5872235872235873]",0.4230769230769231,0.6351481328743536,"[0.32619136571884155, 0.32110077142715454, 0.13483835756778717, 0.21786950528621674]","[0.31712400250964695, 0.4273618029223548, 0.3819950785901811, 0.45854694975747]","[0.3261207342147827, 0.3211503326892853, 0.13479575514793396, 0.21793319284915924]","[0.32905295491218567, 0.3194221556186676, 0.13322632014751434, 0.2182985544204712]",0.0
"{""run_name"": ""fedheart_exp_paper_hetagg_gdro"", ""seed"": 44, ""run_dir"": ""runs/fedheart_uncapped/Shared_GDRO_s44_f4"", ""use_fedheart"": true, ""num_classes"": 2, ""stratified_batching"": true, ""train_frac"": 0.8, ""group_max_train_samples"": null, ""true_hetero_input_dim"": true, ""feature_mask"": [[0, 1, 2, 3, 5, 6, 7, 8, 9, 10], [0, 1, 2, 3, 5, 6, 11, 12], [0, 1, 2, 4, 5, 7, 11, 12], [0, 1, 2, 4, 5, 6, 8, 9, 10]], ""batch_size"": 64, ""num_workers"": 0, ""epochs"": 100, ""early_stopping_patience"": 30, ""lr"": 0.001, ""weight_decay"": 0.0001, ""optimizer"": ""adam"", ""grad_clip"": 1.0, ""lr_scheduler"": ""cosine"", ""lr_min"": 1e-05, ""latent_dim"": 64, ""head_hidden"": 32, ""groups"": [{""name"": ""cleveland"", ""encoder"": ""mlp_tabular_ln"", ""input_dim"": 13, ""hidden_dim"": 64, ""dropout"": 0.1}, {""name"": ""hungarian"", ""encoder"": ""mlp_tabular_ln"", ""input_dim"": 13, ""hidden_dim"": 64, ""dropout"": 0.1}, {""name"": ""switzerland"", ""encoder"": ""mlp_tabular_ln"", ""input_dim"": 13, ""hidden_dim"": 64, ""dropout"": 0.1}, {""name"": ""va_long_beach"", ""encoder"": ""mlp_tabular_ln"", ""input_dim"": 13, ""hidden_dim"": 64, ""dropout"": 0.1}], ""anchor_eps"": 0.0001, ""sep_samples_per_class"": 4, ""sep_method"": ""classifier"", ""sep_margin"": 1.0, ""lambda_fit"": 0.001, ""lambda_sep"": 0.001, ""groupdro_enabled"": true, ""groupdro_eta"": 0.02, ""groupdro_gamma"": 0.9, ""groupdro_update_mode"": ""exp"", ""groupdro_objective"": ""weighted"", ""groupdro_kl_lambda"": 0.0, ""groupdro_uniform_init"": false, ""log_interval"": 20, ""save_every"": 10, ""groupdro_ema_decay"": 0.9, ""groupdro_update_every"": 1, ""dro_signal"": ""val"", ""val_frac"": 0.15, ""impute_missing"": true, ""common_encoder"": true, ""use_regret"": false, ""data_split_seed"": 1004}","{""num_groups"": 4, ""num_classes"": 2, ""train_total"": 623, ""test_total"": 185, ""train_group_counts"": [205, 199, 83, 136], ""test_group_counts"": [61, 59, 25, 40], ""train_class_counts"": [278, 345], ""test_class_counts"": [83, 102], ""train_group_class_counts"": [[111, 94], [127, 72], [5, 78], [35, 101]], ""test_group_class_counts"": [[33, 28], [38, 21], [2, 23], [10, 30]], ""group_proportions"": [0.3290529695024077, 0.31942215088282505, 0.1332263242375602, 0.21829855537720708], ""val_group_counts"": [37, 36, 15, 24], ""val_total"": 112}","{""num_groups"": 4, ""eta"": 0.02, ""update_mode"": ""exp"", ""robust_objective"": ""weighted"", ""gamma"": 0.9, ""kl_lambda"": 0.0, ""initial_pi"": [0.32905295491218567, 0.3194221556186676, 0.13322632014751434, 0.2182985544204712]}",2026-09-16T04:05:32.786856,19,0.41328973571459454,0.8263888888888888,0.001,0.7135135135135136,0.6870488330091692,0.52,0.847457627118644,"[0.6557377049180327, 0.847457627118644, 0.52, 0.725]","[0.7370734026075386, 0.3657407809554015, 0.9572081220149994, 0.7048036039457657]","[0.6506024096385542, 0.7647058823529411]","[[0.5454545454545454, 0.7857142857142857], [0.7894736842105263, 0.9523809523809523], [0.5, 0.5217391304347826], [0.5, 0.8]]","[61, 59, 25, 40]",0.7086094683348688,"[0.654251012145749, 0.8429458740017746, 0.40476190476190477, 0.6448748991121872]",0.40476190476190477,0.9572081220149994,0.7410714285714286,0.7371058558558559,0.7083333333333334,0.7567567567567568,"[0.7567567567567568, 0.75, 0.7333333333333333, 0.7083333333333334]","[0.6465533035429748, 0.5479439152404666, 0.49739921937386194, 0.5520301905926317]","[0.66, 0.8064516129032258]","[[0.7, 0.8235294117647058], [0.7391304347826086, 0.7692307692307693], [0.0, 0.7857142857142857], [0.3333333333333333, 0.8333333333333334]]","[37, 36, 15, 24]",0.7349653202774378,"[0.7567567567567567, 0.7401764234161989, 0.4230769230769231, 0.5872235872235873]",0.4230769230769231,0.6465533035429748,"[0.3263022005558014, 0.3210393190383911, 0.1348559856414795, 0.21780255436897278]","[0.3399626248412662, 0.42550264795621234, 0.37663805815908646, 0.4636998441484239]","[0.32619136571884155, 0.32110077142715454, 0.13483835756778717, 0.21786950528621674]","[0.32905295491218567, 0.3194221556186676, 0.13322632014751434, 0.2182985544204712]",0.0
"{""run_name"": ""fedheart_exp_paper_hetagg_gdro"", ""seed"": 44, ""run_dir"": ""runs/fedheart_uncapped/Shared_GDRO_s44_f4"", ""use_fedheart"": true, ""num_classes"": 2, ""stratified_batching"": true, ""train_frac"": 0.8, ""group_max_train_samples"": null, ""true_hetero_input_dim"": true, ""feature_mask"": [[0, 1, 2, 3, 5, 6, 7, 8, 9, 10], [0, 1, 2, 3, 5, 6, 11, 12], [0, 1, 2, 4, 5, 7, 11, 12], [0, 1, 2, 4, 5, 6, 8, 9, 10]], ""batch_size"": 64, ""num_workers"": 0, ""epochs"": 100, ""early_stopping_patience"": 30, ""lr"": 0.001, ""weight_decay"": 0.0001, ""optimizer"": ""adam"", ""grad_clip"": 1.0, ""lr_scheduler"": ""cosine"", ""lr_min"": 1e-05, ""latent_dim"": 64, ""head_hidden"": 32, ""groups"": [{""name"": ""cleveland"", ""encoder"": ""mlp_tabular_ln"", ""input_dim"": 13, ""hidden_dim"": 64, ""dropout"": 0.1}, {""name"": ""hungarian"", ""encoder"": ""mlp_tabular_ln"", ""input_dim"": 13, ""hidden_dim"": 64, ""dropout"": 0.1}, {""name"": ""switzerland"", ""encoder"": ""mlp_tabular_ln"", ""input_dim"": 13, ""hidden_dim"": 64, ""dropout"": 0.1}, {""name"": ""va_long_beach"", ""encoder"": ""mlp_tabular_ln"", ""input_dim"": 13, ""hidden_dim"": 64, ""dropout"": 0.1}], ""anchor_eps"": 0.0001, ""sep_samples_per_class"": 4, ""sep_method"": ""classifier"", ""sep_margin"": 1.0, ""lambda_fit"": 0.001, ""lambda_sep"": 0.001, ""groupdro_enabled"": true, ""groupdro_eta"": 0.02, ""groupdro_gamma"": 0.9, ""groupdro_update_mode"": ""exp"", ""groupdro_objective"": ""weighted"", ""groupdro_kl_lambda"": 0.0, ""groupdro_uniform_init"": false, ""log_interval"": 20, ""save_every"": 10, ""groupdro_ema_decay"": 0.9, ""groupdro_update_every"": 1, ""dro_signal"": ""val"", ""val_frac"": 0.15, ""impute_missing"": true, ""common_encoder"": true, ""use_regret"": false, ""data_split_seed"": 1004}","{""num_groups"": 4, ""num_classes"": 2, ""train_total"": 623, ""test_total"": 185, ""train_group_counts"": [205, 199, 83, 136], ""test_group_counts"": [61, 59, 25, 40], ""train_class_counts"": [278, 345], ""test_class_counts"": [83, 102], ""train_group_class_counts"": [[111, 94], [127, 72], [5, 78], [35, 101]], ""test_group_class_counts"": [[33, 28], [38, 21], [2, 23], [10, 30]], ""group_proportions"": [0.3290529695024077, 0.31942215088282505, 0.1332263242375602, 0.21829855537720708], ""val_group_counts"": [37, 36, 15, 24], ""val_total"": 112}","{""num_groups"": 4, ""eta"": 0.02, ""update_mode"": ""exp"", ""robust_objective"": ""weighted"", ""gamma"": 0.9, ""kl_lambda"": 0.0, ""initial_pi"": [0.32905295491218567, 0.3194221556186676, 0.13322632014751434, 0.2182985544204712]}",2026-09-16T04:05:32.786856,20,0.41557363669077557,0.8315972222222222,0.001,0.7189189189189189,0.6970488330091692,0.56,0.847457627118644,"[0.6557377049180327, 0.847457627118644, 0.56, 0.725]","[0.7384339547792419, 0.36182984877062047, 0.9238863872736692, 0.6832300428184681]","[0.6385542168674698, 0.7843137254901961]","[[0.5151515151515151, 0.8214285714285714], [0.7894736842105263, 0.9523809523809523], [0.5, 0.5652173913043478], [0.5, 0.8]]","[61, 59, 25, 40]",0.7128015285407212,"[0.6523744911804614, 0.8429458740017746, 0.4282744282744282, 0.6448748991121872]",0.4282744282744282,0.9238863872736692,0.75,0.7475225225225225,0.7333333333333333,0.7567567567567568,"[0.7567567567567568, 0.75, 0.7333333333333333, 0.75]","[0.6447554391783636, 0.5334033320347468, 0.4965417519211769, 0.5219473905550936]","[0.66, 0.8225806451612904]","[[0.7, 0.8235294117647058], [0.7391304347826086, 0.7692307692307693], [0.0, 0.7857142857142857], [0.3333333333333333, 0.8888888888888888]]","[37, 36, 15, 24]",0.7433715220949262,"[0.7567567567567567, 0.7401764234161989, 0.4230769230769231, 0.6210526315789474]",0.4230769230769231,0.6447554391783636,"[0.3264557421207428, 0.320965439081192, 0.13485409319400787, 0.2177247256040573]","[0.3188859240876304, 0.4381666166914834, 0.3522220336728626, 0.5047318041324615]","[0.3263022005558014, 0.3210393190383911, 0.1348559856414795, 0.21780255436897278]","[0.32905295491218567, 0.3194221556186676, 0.13322632014751434, 0.2182985544204712]",0.0
"{""run_name"": ""fedheart_exp_paper_hetagg_gdro"", ""seed"": 44, ""run_dir"": ""runs/fedheart_uncapped/Shared_GDRO_s44_f4"", ""use_fedheart"": true, ""num_classes"": 2, ""stratified_batching"": true, ""train_frac"": 0.8, ""group_max_train_samples"": null, ""true_hetero_input_dim"": true, ""feature_mask"": [[0, 1, 2, 3, 5, 6, 7, 8, 9, 10], [0, 1, 2, 3, 5, 6, 11, 12], [0, 1, 2, 4, 5, 7, 11, 12], [0, 1, 2, 4, 5, 6, 8, 9, 10]], ""batch_size"": 64, ""num_workers"": 0, ""epochs"": 100, ""early_stopping_patience"": 30, ""lr"": 0.001, ""weight_decay"": 0.0001, ""optimizer"": ""adam"", ""grad_clip"": 1.0, ""lr_scheduler"": ""cosine"", ""lr_min"": 1e-05, ""latent_dim"": 64, ""head_hidden"": 32, ""groups"": [{""name"": ""cleveland"", ""encoder"": ""mlp_tabular_ln"", ""input_dim"": 13, ""hidden_dim"": 64, ""dropout"": 0.1}, {""name"": ""hungarian"", ""encoder"": ""mlp_tabular_ln"", ""input_dim"": 13, ""hidden_dim"": 64, ""dropout"": 0.1}, {""name"": ""switzerland"", ""encoder"": ""mlp_tabular_ln"", ""input_dim"": 13, ""hidden_dim"": 64, ""dropout"": 0.1}, {""name"": ""va_long_beach"", ""encoder"": ""mlp_tabular_ln"", ""input_dim"": 13, ""hidden_dim"": 64, ""dropout"": 0.1}], ""anchor_eps"": 0.0001, ""sep_samples_per_class"": 4, ""sep_method"": ""classifier"", ""sep_margin"": 1.0, ""lambda_fit"": 0.001, ""lambda_sep"": 0.001, ""groupdro_enabled"": true, ""groupdro_eta"": 0.02, ""groupdro_gamma"": 0.9, ""groupdro_update_mode"": ""exp"", ""groupdro_objective"": ""weighted"", ""groupdro_kl_lambda"": 0.0, ""groupdro_uniform_init"": false, ""log_interval"": 20, ""save_every"": 10, ""groupdro_ema_decay"": 0.9, ""groupdro_update_every"": 1, ""dro_signal"": ""val"", ""val_frac"": 0.15, ""impute_missing"": true, ""common_encoder"": true, ""use_regret"": false, ""data_split_seed"": 1004}","{""num_groups"": 4, ""num_classes"": 2, ""train_total"": 623, ""test_total"": 185, ""train_group_counts"": [205, 199, 83, 136], ""test_group_counts"": [61, 59, 25, 40], ""train_class_counts"": [278, 345], ""test_class_counts"": [83, 102], ""train_group_class_counts"": [[111, 94], [127, 72], [5, 78], [35, 101]], ""test_group_class_counts"": [[33, 28], [38, 21], [2, 23], [10, 30]], ""group_proportions"": [0.3290529695024077, 0.31942215088282505, 0.1332263242375602, 0.21829855537720708], ""val_group_counts"": [37, 36, 15, 24], ""val_total"": 112}","{""num_groups"": 4, ""eta"": 0.02, ""update_mode"": ""exp"", ""robust_objective"": ""weighted"", ""gamma"": 0.9, ""kl_lambda"": 0.0, ""initial_pi"": [0.32905295491218567, 0.3194221556186676, 0.13322632014751434, 0.2182985544204712]}",2026-09-16T04:05:32.786856,21,0.41858161820305717,0.8211805555555556,0.001,0.7135135135135136,0.6850361211447624,0.52,0.864406779661017,"[0.6557377049180327, 0.864406779661017, 0.52, 0.7]","[0.7441521141922376, 0.3517453435934701, 0.919943920597434, 0.6889822229393758]","[0.6385542168674698, 0.7745098039215687]","[[0.5151515151515151, 0.8214285714285714], [0.7894736842105263, 1.0], [0.5, 0.5217391304347826], [0.5, 0.7666666666666667]]","[61, 59, 25, 40]",0.7077409162717219,"[0.6523744911804614, 0.8611764705882353, 0.40476190476190477, 0.6238244514106582]",0.40476190476190477,0.919943920597434,0.75,0.7475225225225225,0.7333333333333333,0.7567567567567568,"[0.7567567567567568, 0.75, 0.7333333333333333, 0.75]","[0.6538855568631678, 0.5313769451652964, 0.45996696650981905, 0.4932055537744115]","[0.66, 0.8225806451612904]","[[0.7, 0.8235294117647058], [0.7391304347826086, 0.7692307692307693], [0.0, 0.7857142857142857], [0.3333333333333333, 0.8888888888888888]]","[37, 36, 15, 24]",0.7433715220949262,"[0.7567567567567567, 0.7401764234161989, 0.4230769230769231, 0.6210526315789474]",0.4230769230769231,0.6538855568631678,"[0.32665956020355225, 0.3208847641944885, 0.1348271667957306, 0.21762843430042267]","[0.35398069355222916, 0.4235003391901652, 0.355148583650589, 0.48852915399604374]","[0.3264557421207428, 0.320965439081192, 0.13485409319400787, 0.2177247256040573]","[0.32905295491218567, 0.3194221556186676, 0.13322632014751434, 0.2182985544204712]",0.0
"{""run_name"": ""fedheart_exp_paper_hetagg_gdro"", ""seed"": 44, ""run_dir"": ""runs/fedheart_uncapped/Shared_GDRO_s44_f4"", ""use_fedheart"": true, ""num_classes"": 2, ""stratified_batching"": true, ""train_frac"": 0.8, ""group_max_train_samples"": null, ""true_hetero_input_dim"": true, ""feature_mask"": [[0, 1, 2, 3, 5, 6, 7, 8, 9, 10], [0, 1, 2, 3, 5, 6, 11, 12], [0, 1, 2, 4, 5, 7, 11, 12], [0, 1, 2, 4, 5, 6, 8, 9, 10]], ""batch_size"": 64, ""num_workers"": 0, ""epochs"": 100, ""early_stopping_patience"": 30, ""lr"": 0.001, ""weight_decay"": 0.0001, ""optimizer"": ""adam"", ""grad_clip"": 1.0, ""lr_scheduler"": ""cosine"", ""lr_min"": 1e-05, ""latent_dim"": 64, ""head_hidden"": 32, ""groups"": [{""name"": ""cleveland"", ""encoder"": ""mlp_tabular_ln"", ""input_dim"": 13, ""hidden_dim"": 64, ""dropout"": 0.1}, {""name"": ""hungarian"", ""encoder"": ""mlp_tabular_ln"", ""input_dim"": 13, ""hidden_dim"": 64, ""dropout"": 0.1}, {""name"": ""switzerland"", ""encoder"": ""mlp_tabular_ln"", ""input_dim"": 13, ""hidden_dim"": 64, ""dropout"": 0.1}, {""name"": ""va_long_beach"", ""encoder"": ""mlp_tabular_ln"", ""input_dim"": 13, ""hidden_dim"": 64, ""dropout"": 0.1}], ""anchor_eps"": 0.0001, ""sep_samples_per_class"": 4, ""sep_method"": ""classifier"", ""sep_margin"": 1.0, ""lambda_fit"": 0.001, ""lambda_sep"": 0.001, ""groupdro_enabled"": true, ""groupdro_eta"": 0.02, ""groupdro_gamma"": 0.9, ""groupdro_update_mode"": ""exp"", ""groupdro_objective"": ""weighted"", ""groupdro_kl_lambda"": 0.0, ""groupdro_uniform_init"": false, ""log_interval"": 20, ""save_every"": 10, ""groupdro_ema_decay"": 0.9, ""groupdro_update_every"": 1, ""dro_signal"": ""val"", ""val_frac"": 0.15, ""impute_missing"": true, ""common_encoder"": true, ""use_regret"": false, ""data_split_seed"": 1004}","{""num_groups"": 4, ""num_classes"": 2, ""train_total"": 623, ""test_total"": 185, ""train_group_counts"": [205, 199, 83, 136], ""test_group_counts"": [61, 59, 25, 40], ""train_class_counts"": [278, 345], ""test_class_counts"": [83, 102], ""train_group_class_counts"": [[111, 94], [127, 72], [5, 78], [35, 101]], ""test_group_class_counts"": [[33, 28], [38, 21], [2, 23], [10, 30]], ""group_proportions"": [0.3290529695024077, 0.31942215088282505, 0.1332263242375602, 0.21829855537720708], ""val_group_counts"": [37, 36, 15, 24], ""val_total"": 112}","{""num_groups"": 4, ""eta"": 0.02, ""update_mode"": ""exp"", ""robust_objective"": ""weighted"", ""gamma"": 0.9, ""kl_lambda"": 0.0, ""initial_pi"": [0.32905295491218567, 0.3194221556186676, 0.13322632014751434, 0.2182985544204712]}",2026-09-16T04:05:32.786856,22,0.4359735978974236,0.8125,0.001,0.7081081081081081,0.6809377604890248,0.52,0.864406779661017,"[0.639344262295082, 0.864406779661017, 0.52, 0.7]","[0.7222647504178715, 0.35286630325461343, 0.8778675712645054, 0.6635146150249056]","[0.6385542168674698, 0.7647058823529411]","[[0.5151515151515151, 0.7857142857142857], [0.7894736842105263, 1.0], [0.5, 0.5217391304347826], [0.5, 0.7666666666666667]]","[61, 59, 25, 40]",0.7026785714285715,"[0.6369047619047619, 0.8611764705882353, 0.40476190476190477, 0.6238244514106582]",0.40476190476190477,0.8778675712645054,0.75,0.7475225225225225,0.7333333333333333,0.7567567567567568,"[0.7567567567567568, 0.75, 0.7333333333333333, 0.75]","[0.6395815951951049, 0.531524163360397, 0.45872529049714406, 0.4730765496691068]","[0.66, 0.8225806451612904]","[[0.7, 0.8235294117647058], [0.7391304347826086, 0.7692307692307693], [0.0, 0.7857142857142857], [0.3333333333333333, 0.8888888888888888]]","[37, 36, 15, 24]",0.7433715220949262,"[0.7567567567567567, 0.7401764234161989, 0.4230769230769231, 0.6210526315789474]",0.4230769230769231,0.6395815951951049,"[0.32690539956092834, 0.3208039402961731, 0.1347798854112625, 0.21751084923744202]","[0.34647998213768005, 0.46142913897832233, 0.3797060367133882, 0.5099490185578665]","[0.32665956020355225, 0.3208847641944885, 0.1348271667957306, 0.21762843430042267]","[0.32905295491218567, 0.3194221556186676, 0.13322632014751434, 0.2182985544204712]",0.0
"{""run_name"": ""fedheart_exp_paper_hetagg_gdro"", ""seed"": 44, ""run_dir"": ""runs/fedheart_uncapped/Shared_GDRO_s44_f4"", ""use_fedheart"": true, ""num_classes"": 2, ""stratified_batching"": true, ""train_frac"": 0.8, ""group_max_train_samples"": null, ""true_hetero_input_dim"": true, ""feature_mask"": [[0, 1, 2, 3, 5, 6, 7, 8, 9, 10], [0, 1, 2, 3, 5, 6, 11, 12], [0, 1, 2, 4, 5, 7, 11, 12], [0, 1, 2, 4, 5, 6, 8, 9, 10]], ""batch_size"": 64, ""num_workers"": 0, ""epochs"": 100, ""early_stopping_patience"": 30, ""lr"": 0.001, ""weight_decay"": 0.0001, ""optimizer"": ""adam"", ""grad_clip"": 1.0, ""lr_scheduler"": ""cosine"", ""lr_min"": 1e-05, ""latent_dim"": 64, ""head_hidden"": 32, ""groups"": [{""name"": ""cleveland"", ""encoder"": ""mlp_tabular_ln"", ""input_dim"": 13, ""hidden_dim"": 64, ""dropout"": 0.1}, {""name"": ""hungarian"", ""encoder"": ""mlp_tabular_ln"", ""input_dim"": 13, ""hidden_dim"": 64, ""dropout"": 0.1}, {""name"": ""switzerland"", ""encoder"": ""mlp_tabular_ln"", ""input_dim"": 13, ""hidden_dim"": 64, ""dropout"": 0.1}, {""name"": ""va_long_beach"", ""encoder"": ""mlp_tabular_ln"", ""input_dim"": 13, ""hidden_dim"": 64, ""dropout"": 0.1}], ""anchor_eps"": 0.0001, ""sep_samples_per_class"": 4, ""sep_method"": ""classifier"", ""sep_margin"": 1.0, ""lambda_fit"": 0.001, ""lambda_sep"": 0.001, ""groupdro_enabled"": true, ""groupdro_eta"": 0.02, ""groupdro_gamma"": 0.9, ""groupdro_update_mode"": ""exp"", ""groupdro_objective"": ""weighted"", ""groupdro_kl_lambda"": 0.0, ""groupdro_uniform_init"": false, ""log_interval"": 20, ""save_every"": 10, ""groupdro_ema_decay"": 0.9, ""groupdro_update_every"": 1, ""dro_signal"": ""val"", ""val_frac"": 0.15, ""impute_missing"": true, ""common_encoder"": true, ""use_regret"": false, ""data_split_seed"": 1004}","{""num_groups"": 4, ""num_classes"": 2, ""train_total"": 623, ""test_total"": 185, ""train_group_counts"": [205, 199, 83, 136], ""test_group_counts"": [61, 59, 25, 40], ""train_class_counts"": [278, 345], ""test_class_counts"": [83, 102], ""train_group_class_counts"": [[111, 94], [127, 72], [5, 78], [35, 101]], ""test_group_class_counts"": [[33, 28], [38, 21], [2, 23], [10, 30]], ""group_proportions"": [0.3290529695024077, 0.31942215088282505, 0.1332263242375602, 0.21829855537720708], ""val_group_counts"": [37, 36, 15, 24], ""val_total"": 112}","{""num_groups"": 4, ""eta"": 0.02, ""update_mode"": ""exp"", ""robust_objective"": ""weighted"", ""gamma"": 0.9, ""kl_lambda"": 0.0, ""initial_pi"": [0.32905295491218567, 0.3194221556186676, 0.13322632014751434, 0.2182985544204712]}",2026-09-16T04:05:32.786856,23,0.42602923181321883,0.8229166666666666,0.001,0.7135135135135136,0.6871877604890247,0.52,0.864406779661017,"[0.639344262295082, 0.864406779661017, 0.52, 0.725]","[0.7097986332278271, 0.3564493914560999, 0.8969700619578361, 0.6562047707848251]","[0.6506024096385542, 0.7647058823529411]","[[0.5454545454545454, 0.75], [0.8157894736842105, 0.9523809523809523], [0.5, 0.5217391304347826], [0.4, 0.8333333333333334]]","[61, 59, 25, 40]",0.7086094683348688,"[0.6384698275862069, 0.8595238095238096, 0.40476190476190477, 0.6203623813632442]",0.40476190476190477,0.8969700619578361,0.7410714285714286,0.7371058558558559,0.7083333333333334,0.7567567567567568,"[0.7567567567567568, 0.75, 0.7333333333333333, 0.7083333333333334]","[0.632461622231514, 0.5199058698490262, 0.48321324288845063, 0.48515271581709385]","[0.66, 0.8064516129032258]","[[0.7, 0.8235294117647058], [0.7391304347826086, 0.7692307692307693], [0.0, 0.7857142857142857], [0.3333333333333333, 0.8333333333333334]]","[37, 36, 15, 24]",0.7349653202774378,"[0.7567567567567567, 0.7401764234161989, 0.4230769230769231, 0.5872235872235873]",0.4230769230769231,0.632461622231514,"[0.32718437910079956, 0.3207154870033264, 0.1347208321094513, 0.21737928688526154]","[0.3151593638790978, 0.4613027539518144, 0.3724200079838435, 0.5191369420952268]","[0.32690539956092834, 0.3208039402961731, 0.1347798854112625, 0.21751084923744202]","[0.32905295491218567, 0.3194221556186676, 0.13322632014751434, 0.2182985544204712]",0.0
"{""run_name"": ""fedheart_exp_paper_hetagg_gdro"", ""seed"": 44, ""run_dir"": ""runs/fedheart_uncapped/Shared_GDRO_s44_f4"", ""use_fedheart"": true, ""num_classes"": 2, ""stratified_batching"": true, ""train_frac"": 0.8, ""group_max_train_samples"": null, ""true_hetero_input_dim"": true, ""feature_mask"": [[0, 1, 2, 3, 5, 6, 7, 8, 9, 10], [0, 1, 2, 3, 5, 6, 11, 12], [0, 1, 2, 4, 5, 7, 11, 12], [0, 1, 2, 4, 5, 6, 8, 9, 10]], ""batch_size"": 64, ""num_workers"": 0, ""epochs"": 100, ""early_stopping_patience"": 30, ""lr"": 0.001, ""weight_decay"": 0.0001, ""optimizer"": ""adam"", ""grad_clip"": 1.0, ""lr_scheduler"": ""cosine"", ""lr_min"": 1e-05, ""latent_dim"": 64, ""head_hidden"": 32, ""groups"": [{""name"": ""cleveland"", ""encoder"": ""mlp_tabular_ln"", ""input_dim"": 13, ""hidden_dim"": 64, ""dropout"": 0.1}, {""name"": ""hungarian"", ""encoder"": ""mlp_tabular_ln"", ""input_dim"": 13, ""hidden_dim"": 64, ""dropout"": 0.1}, {""name"": ""switzerland"", ""encoder"": ""mlp_tabular_ln"", ""input_dim"": 13, ""hidden_dim"": 64, ""dropout"": 0.1}, {""name"": ""va_long_beach"", ""encoder"": ""mlp_tabular_ln"", ""input_dim"": 13, ""hidden_dim"": 64, ""dropout"": 0.1}], ""anchor_eps"": 0.0001, ""sep_samples_per_class"": 4, ""sep_method"": ""classifier"", ""sep_margin"": 1.0, ""lambda_fit"": 0.001, ""lambda_sep"": 0.001, ""groupdro_enabled"": true, ""groupdro_eta"": 0.02, ""groupdro_gamma"": 0.9, ""groupdro_update_mode"": ""exp"", ""groupdro_objective"": ""weighted"", ""groupdro_kl_lambda"": 0.0, ""groupdro_uniform_init"": false, ""log_interval"": 20, ""save_every"": 10, ""groupdro_ema_decay"": 0.9, ""groupdro_update_every"": 1, ""dro_signal"": ""val"", ""val_frac"": 0.15, ""impute_missing"": true, ""common_encoder"": true, ""use_regret"": false, ""data_split_seed"": 1004}","{""num_groups"": 4, ""num_classes"": 2, ""train_total"": 623, ""test_total"": 185, ""train_group_counts"": [205, 199, 83, 136], ""test_group_counts"": [61, 59, 25, 40], ""train_class_counts"": [278, 345], ""test_class_counts"": [83, 102], ""train_group_class_counts"": [[111, 94], [127, 72], [5, 78], [35, 101]], ""test_group_class_counts"": [[33, 28], [38, 21], [2, 23], [10, 30]], ""group_proportions"": [0.3290529695024077, 0.31942215088282505, 0.1332263242375602, 0.21829855537720708], ""val_group_counts"": [37, 36, 15, 24], ""val_total"": 112}","{""num_groups"": 4, ""eta"": 0.02, ""update_mode"": ""exp"", ""robust_objective"": ""weighted"", ""gamma"": 0.9, ""kl_lambda"": 0.0, ""initial_pi"": [0.32905295491218567, 0.3194221556186676, 0.13322632014751434, 0.2182985544204712]}",2026-09-16T04:05:32.786856,24,0.37660477889908683,0.8559027777777778,0.001,0.6972972972972973,0.6726021116976938,0.52,0.847457627118644,"[0.6229508196721312, 0.847457627118644, 0.52, 0.7]","[0.7615283867802287, 0.36419565772827145, 0.9368096841126681, 0.7047362512676045]","[0.6265060240963856, 0.7549019607843137]","[[0.48484848484848486, 0.7857142857142857], [0.7894736842105263, 0.9523809523809523], [0.5, 0.5217391304347826], [0.5, 0.7666666666666667]]","[61, 59, 25, 40]",0.6916666666666667,"[0.6192672998643147, 0.8429458740017746, 0.40476190476190477, 0.6238244514106582]",0.40476190476190477,0.9368096841126681,0.75,0.7475225225225225,0.7333333333333333,0.7567567567567568,"[0.7567567567567568, 0.75, 0.7333333333333333, 0.75]","[0.6715369518040806, 0.5382295823138621, 0.43820109268029533, 0.4922823373538752]","[0.66, 0.8225806451612904]","[[0.7, 0.8235294117647058], [0.7391304347826086, 0.7692307692307693], [0.0, 0.7857142857142857], [0.3333333333333333, 0.8888888888888888]]","[37, 36, 15, 24]",0.7433715220949262,"[0.7567567567567567, 0.7401764234161989, 0.4230769230769231, 0.6210526315789474]",0.4230769230769231,0.6715369518040806,"[0.32750967144966125, 0.32062289118766785, 0.1346353143453598, 0.21723216772079468]","[0.2943123131990433, 0.3713943213224411, 0.2894481172164281, 0.5071201175451279]","[0.32718437910079956, 0.3207154870033264, 0.1347208321094513, 0.21737928688526154]","[0.32905295491218567, 0.3194221556186676, 0.13322632014751434, 0.2182985544204712]",0.0
"{""run_name"": ""fedheart_exp_paper_hetagg_gdro"", ""seed"": 44, ""run_dir"": ""runs/fedheart_uncapped/Shared_GDRO_s44_f4"", ""use_fedheart"": true, ""num_classes"": 2, ""stratified_batching"": true, ""train_frac"": 0.8, ""group_max_train_samples"": null, ""true_hetero_input_dim"": true, ""feature_mask"": [[0, 1, 2, 3, 5, 6, 7, 8, 9, 10], [0, 1, 2, 3, 5, 6, 11, 12], [0, 1, 2, 4, 5, 7, 11, 12], [0, 1, 2, 4, 5, 6, 8, 9, 10]], ""batch_size"": 64, ""num_workers"": 0, ""epochs"": 100, ""early_stopping_patience"": 30, ""lr"": 0.001, ""weight_decay"": 0.0001, ""optimizer"": ""adam"", ""grad_clip"": 1.0, ""lr_scheduler"": ""cosine"", ""lr_min"": 1e-05, ""latent_dim"": 64, ""head_hidden"": 32, ""groups"": [{""name"": ""cleveland"", ""encoder"": ""mlp_tabular_ln"", ""input_dim"": 13, ""hidden_dim"": 64, ""dropout"": 0.1}, {""name"": ""hungarian"", ""encoder"": ""mlp_tabular_ln"", ""input_dim"": 13, ""hidden_dim"": 64, ""dropout"": 0.1}, {""name"": ""switzerland"", ""encoder"": ""mlp_tabular_ln"", ""input_dim"": 13, ""hidden_dim"": 64, ""dropout"": 0.1}, {""name"": ""va_long_beach"", ""encoder"": ""mlp_tabular_ln"", ""input_dim"": 13, ""hidden_dim"": 64, ""dropout"": 0.1}], ""anchor_eps"": 0.0001, ""sep_samples_per_class"": 4, ""sep_method"": ""classifier"", ""sep_margin"": 1.0, ""lambda_fit"": 0.001, ""lambda_sep"": 0.001, ""groupdro_enabled"": true, ""groupdro_eta"": 0.02, ""groupdro_gamma"": 0.9, ""groupdro_update_mode"": ""exp"", ""groupdro_objective"": ""weighted"", ""groupdro_kl_lambda"": 0.0, ""groupdro_uniform_init"": false, ""log_interval"": 20, ""save_every"": 10, ""groupdro_ema_decay"": 0.9, ""groupdro_update_every"": 1, ""dro_signal"": ""val"", ""val_frac"": 0.15, ""impute_missing"": true, ""common_encoder"": true, ""use_regret"": false, ""data_split_seed"": 1004}","{""num_groups"": 4, ""num_classes"": 2, ""train_total"": 623, ""test_total"": 185, ""train_group_counts"": [205, 199, 83, 136], ""test_group_counts"": [61, 59, 25, 40], ""train_class_counts"": [278, 345], ""test_class_counts"": [83, 102], ""train_group_class_counts"": [[111, 94], [127, 72], [5, 78], [35, 101]], ""test_group_class_counts"": [[33, 28], [38, 21], [2, 23], [10, 30]], ""group_proportions"": [0.3290529695024077, 0.31942215088282505, 0.1332263242375602, 0.21829855537720708], ""val_group_counts"": [37, 36, 15, 24], ""val_total"": 112}","{""num_groups"": 4, ""eta"": 0.02, ""update_mode"": ""exp"", ""robust_objective"": ""weighted"", ""gamma"": 0.9, ""kl_lambda"": 0.0, ""initial_pi"": [0.32905295491218567, 0.3194221556186676, 0.13322632014751434, 0.2182985544204712]}",2026-09-16T04:05:32.786856,25,0.395152489344279,0.8263888888888888,0.001,0.7135135135135136,0.6929504723534315,0.56,0.847457627118644,"[0.639344262295082, 0.847457627118644, 0.56, 0.725]","[0.8091500676313385, 0.38758458324187134, 0.9001456885784864, 0.7190874793916009]","[0.6265060240963856, 0.7843137254901961]","[[0.48484848484848486, 0.8214285714285714], [0.7894736842105263, 0.9523809523809523], [0.5, 0.5652173913043478], [0.5, 0.8]]","[61, 59, 25, 40]",0.7067970455428965,"[0.6345315904139432, 0.8429458740017746, 0.4282744282744282, 0.6448748991121872]",0.4282744282744282,0.9001456885784864,0.7767857142857143,0.8009947447447447,0.7222222222222222,0.9333333333333333,"[0.7567567567567568, 0.7222222222222222, 0.9333333333333333, 0.7916666666666666]","[0.7076068856703067, 0.5689357526910802, 0.39496121406555174, 0.49711125041358173]","[0.64, 0.8870967741935484]","[[0.7, 0.8235294117647058], [0.6956521739130435, 0.7692307692307693], [0.0, 1.0], [0.3333333333333333, 0.9444444444444444]]","[37, 36, 15, 24]",0.7669579692051602,"[0.7567567567567567, 0.7142857142857144, 0.4827586206896552, 0.6581196581196581]",0.4827586206896552,0.7076068856703067,"[0.32788926362991333, 0.32053524255752563, 0.13450977206230164, 0.2170657217502594]","[0.34480977223979103, 0.38959116405910915, 0.2905537469519509, 0.4883034825325012]","[0.32750967144966125, 0.32062289118766785, 0.1346353143453598, 0.21723216772079468]","[0.32905295491218567, 0.3194221556186676, 0.13322632014751434, 0.2182985544204712]",0.0
"{""run_name"": ""fedheart_exp_paper_hetagg_gdro"", ""seed"": 44, ""run_dir"": ""runs/fedheart_uncapped/Shared_GDRO_s44_f4"", ""use_fedheart"": true, ""num_classes"": 2, ""stratified_batching"": true, ""train_frac"": 0.8, ""group_max_train_samples"": null, ""true_hetero_input_dim"": true, ""feature_mask"": [[0, 1, 2, 3, 5, 6, 7, 8, 9, 10], [0, 1, 2, 3, 5, 6, 11, 12], [0, 1, 2, 4, 5, 7, 11, 12], [0, 1, 2, 4, 5, 6, 8, 9, 10]], ""batch_size"": 64, ""num_workers"": 0, ""epochs"": 100, ""early_stopping_patience"": 30, ""lr"": 0.001, ""weight_decay"": 0.0001, ""optimizer"": ""adam"", ""grad_clip"": 1.0, ""lr_scheduler"": ""cosine"", ""lr_min"": 1e-05, ""latent_dim"": 64, ""head_hidden"": 32, ""groups"": [{""name"": ""cleveland"", ""encoder"": ""mlp_tabular_ln"", ""input_dim"": 13, ""hidden_dim"": 64, ""dropout"": 0.1}, {""name"": ""hungarian"", ""encoder"": ""mlp_tabular_ln"", ""input_dim"": 13, ""hidden_dim"": 64, ""dropout"": 0.1}, {""name"": ""switzerland"", ""encoder"": ""mlp_tabular_ln"", ""input_dim"": 13, ""hidden_dim"": 64, ""dropout"": 0.1}, {""name"": ""va_long_beach"", ""encoder"": ""mlp_tabular_ln"", ""input_dim"": 13, ""hidden_dim"": 64, ""dropout"": 0.1}], ""anchor_eps"": 0.0001, ""sep_samples_per_class"": 4, ""sep_method"": ""classifier"", ""sep_margin"": 1.0, ""lambda_fit"": 0.001, ""lambda_sep"": 0.001, ""groupdro_enabled"": true, ""groupdro_eta"": 0.02, ""groupdro_gamma"": 0.9, ""groupdro_update_mode"": ""exp"", ""groupdro_objective"": ""weighted"", ""groupdro_kl_lambda"": 0.0, ""groupdro_uniform_init"": false, ""log_interval"": 20, ""save_every"": 10, ""groupdro_ema_decay"": 0.9, ""groupdro_update_every"": 1, ""dro_signal"": ""val"", ""val_frac"": 0.15, ""impute_missing"": true, ""common_encoder"": true, ""use_regret"": false, ""data_split_seed"": 1004}","{""num_groups"": 4, ""num_classes"": 2, ""train_total"": 623, ""test_total"": 185, ""train_group_counts"": [205, 199, 83, 136], ""test_group_counts"": [61, 59, 25, 40], ""train_class_counts"": [278, 345], ""test_class_counts"": [83, 102], ""train_group_class_counts"": [[111, 94], [127, 72], [5, 78], [35, 101]], ""test_group_class_counts"": [[33, 28], [38, 21], [2, 23], [10, 30]], ""group_proportions"": [0.3290529695024077, 0.31942215088282505, 0.1332263242375602, 0.21829855537720708], ""val_group_counts"": [37, 36, 15, 24], ""val_total"": 112}","{""num_groups"": 4, ""eta"": 0.02, ""update_mode"": ""exp"", ""robust_objective"": ""weighted"", ""gamma"": 0.9, ""kl_lambda"": 0.0, ""initial_pi"": [0.32905295491218567, 0.3194221556186676, 0.13322632014751434, 0.2182985544204712]}",2026-09-16T04:05:32.786856,26,0.37694457173347473,0.8454861111111112,0.001,0.6972972972972973,0.678503751041956,0.56,0.847457627118644,"[0.6065573770491803, 0.847457627118644, 0.56, 0.7]","[0.8347130412174786, 0.4115529290826644, 0.8107801126688718, 0.7063233061810024]","[0.5903614457831325, 0.7843137254901961]","[[0.42424242424242425, 0.8214285714285714], [0.7631578947368421, 1.0], [0.5, 0.5652173913043478], [0.5, 0.7666666666666667]]","[61, 59, 25, 40]",0.6885521885521886,"[0.5978021978021979, 0.8446005267778753, 0.4282744282744282, 0.6238244514106582]",0.4282744282744282,0.8347130412174786,0.7767857142857143,0.8009947447447447,0.7222222222222222,0.9333333333333333,"[0.7567567567567568, 0.7222222222222222, 0.9333333333333333, 0.7916666666666666]","[0.7240093668318681, 0.5955945400314199, 0.35200734188159305, 0.47064561505491537]","[0.64, 0.8870967741935484]","[[0.7, 0.8235294117647058], [0.6956521739130435, 0.7692307692307693], [0.0, 1.0], [0.3333333333333333, 0.9444444444444444]]","[37, 36, 15, 24]",0.7669579692051602,"[0.7567567567567567, 0.7142857142857144, 0.4827586206896552, 0.6581196581196581]",0.4827586206896552,0.7240093668318681,"[0.3283269703388214, 0.3204675614833832, 0.13433608412742615, 0.21686938405036926]","[0.29886990123324925, 0.40658913883897996, 0.3321868230899175, 0.4242881172233158]","[0.32788926362991333, 0.32053524255752563, 0.13450977206230164, 0.2170657217502594]","[0.32905295491218567, 0.3194221556186676, 0.13322632014751434, 0.2182985544204712]",0.0
"{""run_name"": ""fedheart_exp_paper_hetagg_gdro"", ""seed"": 44, ""run_dir"": ""runs/fedheart_uncapped/Shared_GDRO_s44_f4"", ""use_fedheart"": true, ""num_classes"": 2, ""stratified_batching"": true, ""train_frac"": 0.8, ""group_max_train_samples"": null, ""true_hetero_input_dim"": true, ""feature_mask"": [[0, 1, 2, 3, 5, 6, 7, 8, 9, 10], [0, 1, 2, 3, 5, 6, 11, 12], [0, 1, 2, 4, 5, 7, 11, 12], [0, 1, 2, 4, 5, 6, 8, 9, 10]], ""batch_size"": 64, ""num_workers"": 0, ""epochs"": 100, ""early_stopping_patience"": 30, ""lr"": 0.001, ""weight_decay"": 0.0001, ""optimizer"": ""adam"", ""grad_clip"": 1.0, ""lr_scheduler"": ""cosine"", ""lr_min"": 1e-05, ""latent_dim"": 64, ""head_hidden"": 32, ""groups"": [{""name"": ""cleveland"", ""encoder"": ""mlp_tabular_ln"", ""input_dim"": 13, ""hidden_dim"": 64, ""dropout"": 0.1}, {""name"": ""hungarian"", ""encoder"": ""mlp_tabular_ln"", ""input_dim"": 13, ""hidden_dim"": 64, ""dropout"": 0.1}, {""name"": ""switzerland"", ""encoder"": ""mlp_tabular_ln"", ""input_dim"": 13, ""hidden_dim"": 64, ""dropout"": 0.1}, {""name"": ""va_long_beach"", ""encoder"": ""mlp_tabular_ln"", ""input_dim"": 13, ""hidden_dim"": 64, ""dropout"": 0.1}], ""anchor_eps"": 0.0001, ""sep_samples_per_class"": 4, ""sep_method"": ""classifier"", ""sep_margin"": 1.0, ""lambda_fit"": 0.001, ""lambda_sep"": 0.001, ""groupdro_enabled"": true, ""groupdro_eta"": 0.02, ""groupdro_gamma"": 0.9, ""groupdro_update_mode"": ""exp"", ""groupdro_objective"": ""weighted"", ""groupdro_kl_lambda"": 0.0, ""groupdro_uniform_init"": false, ""log_interval"": 20, ""save_every"": 10, ""groupdro_ema_decay"": 0.9, ""groupdro_update_every"": 1, ""dro_signal"": ""val"", ""val_frac"": 0.15, ""impute_missing"": true, ""common_encoder"": true, ""use_regret"": false, ""data_split_seed"": 1004}","{""num_groups"": 4, ""num_classes"": 2, ""train_total"": 623, ""test_total"": 185, ""train_group_counts"": [205, 199, 83, 136], ""test_group_counts"": [61, 59, 25, 40], ""train_class_counts"": [278, 345], ""test_class_counts"": [83, 102], ""train_group_class_counts"": [[111, 94], [127, 72], [5, 78], [35, 101]], ""test_group_class_counts"": [[33, 28], [38, 21], [2, 23], [10, 30]], ""group_proportions"": [0.3290529695024077, 0.31942215088282505, 0.1332263242375602, 0.21829855537720708], ""val_group_counts"": [37, 36, 15, 24], ""val_total"": 112}","{""num_groups"": 4, ""eta"": 0.02, ""update_mode"": ""exp"", ""robust_objective"": ""weighted"", ""gamma"": 0.9, ""kl_lambda"": 0.0, ""initial_pi"": [0.32905295491218567, 0.3194221556186676, 0.13322632014751434, 0.2182985544204712]}",2026-09-16T04:05:32.786856,27,0.3948504692978329,0.8350694444444444,0.001,0.6864864864864865,0.6642664629063628,0.52,0.8305084745762712,"[0.6065573770491803, 0.8305084745762712, 0.52, 0.7]","[0.7841185948460317, 0.34983822180084506, 0.9292732237279415, 0.7263240499421955]","[0.6024096385542169, 0.7549019607843137]","[[0.45454545454545453, 0.7857142857142857], [0.7631578947368421, 0.9523809523809523], [0.5, 0.5217391304347826], [0.5, 0.7666666666666667]]","[61, 59, 25, 40]",0.6796632433723429,"[0.6013071895424836, 0.8264705882352941, 0.40476190476190477, 0.6238244514106582]",0.40476190476190477,0.9292732237279415,0.7678571428571429,0.7711336336336336,0.75,0.8,"[0.7567567567567568, 0.7777777777777778, 0.8, 0.75]","[0.6813112157019409, 0.5453933839324034, 0.41446417570114136, 0.4547177189961076]","[0.68, 0.8387096774193549]","[[0.7, 0.8235294117647058], [0.782608695652174, 0.7692307692307693], [0.0, 0.8571428571428571], [0.3333333333333333, 0.8888888888888888]]","[37, 36, 15, 24]",0.7617021276595746,"[0.7567567567567567, 0.7662337662337662, 0.4444444444444445, 0.6210526315789474]",0.4444444444444445,0.6813112157019409,"[0.3288055658340454, 0.3204015791416168, 0.1341426968574524, 0.2166500985622406]","[0.3252037945720885, 0.4264759189552731, 0.3283172945181529, 0.44100332922405666]","[0.3283269703388214, 0.3204675614833832, 0.13433608412742615, 0.21686938405036926]","[0.32905295491218567, 0.3194221556186676, 0.13322632014751434, 0.2182985544204712]",0.0
"{""run_name"": ""fedheart_exp_paper_hetagg_gdro"", ""seed"": 44, ""run_dir"": ""runs/fedheart_uncapped/Shared_GDRO_s44_f4"", ""use_fedheart"": true, ""num_classes"": 2, ""stratified_batching"": true, ""train_frac"": 0.8, ""group_max_train_samples"": null, ""true_hetero_input_dim"": true, ""feature_mask"": [[0, 1, 2, 3, 5, 6, 7, 8, 9, 10], [0, 1, 2, 3, 5, 6, 11, 12], [0, 1, 2, 4, 5, 7, 11, 12], [0, 1, 2, 4, 5, 6, 8, 9, 10]], ""batch_size"": 64, ""num_workers"": 0, ""epochs"": 100, ""early_stopping_patience"": 30, ""lr"": 0.001, ""weight_decay"": 0.0001, ""optimizer"": ""adam"", ""grad_clip"": 1.0, ""lr_scheduler"": ""cosine"", ""lr_min"": 1e-05, ""latent_dim"": 64, ""head_hidden"": 32, ""groups"": [{""name"": ""cleveland"", ""encoder"": ""mlp_tabular_ln"", ""input_dim"": 13, ""hidden_dim"": 64, ""dropout"": 0.1}, {""name"": ""hungarian"", ""encoder"": ""mlp_tabular_ln"", ""input_dim"": 13, ""hidden_dim"": 64, ""dropout"": 0.1}, {""name"": ""switzerland"", ""encoder"": ""mlp_tabular_ln"", ""input_dim"": 13, ""hidden_dim"": 64, ""dropout"": 0.1}, {""name"": ""va_long_beach"", ""encoder"": ""mlp_tabular_ln"", ""input_dim"": 13, ""hidden_dim"": 64, ""dropout"": 0.1}], ""anchor_eps"": 0.0001, ""sep_samples_per_class"": 4, ""sep_method"": ""classifier"", ""sep_margin"": 1.0, ""lambda_fit"": 0.001, ""lambda_sep"": 0.001, ""groupdro_enabled"": true, ""groupdro_eta"": 0.02, ""groupdro_gamma"": 0.9, ""groupdro_update_mode"": ""exp"", ""groupdro_objective"": ""weighted"", ""groupdro_kl_lambda"": 0.0, ""groupdro_uniform_init"": false, ""log_interval"": 20, ""save_every"": 10, ""groupdro_ema_decay"": 0.9, ""groupdro_update_every"": 1, ""dro_signal"": ""val"", ""val_frac"": 0.15, ""impute_missing"": true, ""common_encoder"": true, ""use_regret"": false, ""data_split_seed"": 1004}","{""num_groups"": 4, ""num_classes"": 2, ""train_total"": 623, ""test_total"": 185, ""train_group_counts"": [205, 199, 83, 136], ""test_group_counts"": [61, 59, 25, 40], ""train_class_counts"": [278, 345], ""test_class_counts"": [83, 102], ""train_group_class_counts"": [[111, 94], [127, 72], [5, 78], [35, 101]], ""test_group_class_counts"": [[33, 28], [38, 21], [2, 23], [10, 30]], ""group_proportions"": [0.3290529695024077, 0.31942215088282505, 0.1332263242375602, 0.21829855537720708], ""val_group_counts"": [37, 36, 15, 24], ""val_total"": 112}","{""num_groups"": 4, ""eta"": 0.02, ""update_mode"": ""exp"", ""robust_objective"": ""weighted"", ""gamma"": 0.9, ""kl_lambda"": 0.0, ""initial_pi"": [0.32905295491218567, 0.3194221556186676, 0.13322632014751434, 0.2182985544204712]}",2026-09-16T04:05:32.786856,28,0.37466420398818123,0.8576388888888888,0.001,0.6918918918918919,0.6742664629063628,0.56,0.8305084745762712,"[0.6065573770491803, 0.8305084745762712, 0.56, 0.7]","[0.8116913315702657, 0.39045051108035495, 0.9089666048809886, 0.7265472384053282]","[0.5903614457831325, 0.7745098039215687]","[[0.42424242424242425, 0.8214285714285714], [0.7631578947368421, 0.9523809523809523], [0.5, 0.5652173913043478], [0.5, 0.7666666666666667]]","[61, 59, 25, 40]",0.6835708927231807,"[0.5978021978021979, 0.8264705882352941, 0.4282744282744282, 0.6238244514106582]",0.4282744282744282,0.9089666048809886,0.7857142857142857,0.8079391891891892,0.75,0.9333333333333333,"[0.7567567567567568, 0.75, 0.9333333333333333, 0.7916666666666666]","[0.6879004962566132, 0.5509339635674324, 0.3768984300394853, 0.46222846466116607]","[0.66, 0.8870967741935484]","[[0.7, 0.8235294117647058], [0.7391304347826086, 0.7692307692307693], [0.0, 1.0], [0.3333333333333333, 0.9444444444444444]]","[37, 36, 15, 24]",0.7771144278606965,"[0.7567567567567567, 0.7401764234161989, 0.4827586206896552, 0.6581196581196581]",0.4827586206896552,0.6879004962566132,"[0.3293251097202301, 0.32034024596214294, 0.13392145931720734, 0.2164132297039032]","[0.31070804430378807, 0.42359834412733716, 0.28927482664585114, 0.4014425625403722]","[0.3288055658340454, 0.3204015791416168, 0.1341426968574524, 0.2166500985622406]","[0.32905295491218567, 0.3194221556186676, 0.13322632014751434, 0.2182985544204712]",0.0
"{""run_name"": ""fedheart_exp_paper_hetagg_gdro"", ""seed"": 44, ""run_dir"": ""runs/fedheart_uncapped/Shared_GDRO_s44_f4"", ""use_fedheart"": true, ""num_classes"": 2, ""stratified_batching"": true, ""train_frac"": 0.8, ""group_max_train_samples"": null, ""true_hetero_input_dim"": true, ""feature_mask"": [[0, 1, 2, 3, 5, 6, 7, 8, 9, 10], [0, 1, 2, 3, 5, 6, 11, 12], [0, 1, 2, 4, 5, 7, 11, 12], [0, 1, 2, 4, 5, 6, 8, 9, 10]], ""batch_size"": 64, ""num_workers"": 0, ""epochs"": 100, ""early_stopping_patience"": 30, ""lr"": 0.001, ""weight_decay"": 0.0001, ""optimizer"": ""adam"", ""grad_clip"": 1.0, ""lr_scheduler"": ""cosine"", ""lr_min"": 1e-05, ""latent_dim"": 64, ""head_hidden"": 32, ""groups"": [{""name"": ""cleveland"", ""encoder"": ""mlp_tabular_ln"", ""input_dim"": 13, ""hidden_dim"": 64, ""dropout"": 0.1}, {""name"": ""hungarian"", ""encoder"": ""mlp_tabular_ln"", ""input_dim"": 13, ""hidden_dim"": 64, ""dropout"": 0.1}, {""name"": ""switzerland"", ""encoder"": ""mlp_tabular_ln"", ""input_dim"": 13, ""hidden_dim"": 64, ""dropout"": 0.1}, {""name"": ""va_long_beach"", ""encoder"": ""mlp_tabular_ln"", ""input_dim"": 13, ""hidden_dim"": 64, ""dropout"": 0.1}], ""anchor_eps"": 0.0001, ""sep_samples_per_class"": 4, ""sep_method"": ""classifier"", ""sep_margin"": 1.0, ""lambda_fit"": 0.001, ""lambda_sep"": 0.001, ""groupdro_enabled"": true, ""groupdro_eta"": 0.02, ""groupdro_gamma"": 0.9, ""groupdro_update_mode"": ""exp"", ""groupdro_objective"": ""weighted"", ""groupdro_kl_lambda"": 0.0, ""groupdro_uniform_init"": false, ""log_interval"": 20, ""save_every"": 10, ""groupdro_ema_decay"": 0.9, ""groupdro_update_every"": 1, ""dro_signal"": ""val"", ""val_frac"": 0.15, ""impute_missing"": true, ""common_encoder"": true, ""use_regret"": false, ""data_split_seed"": 1004}","{""num_groups"": 4, ""num_classes"": 2, ""train_total"": 623, ""test_total"": 185, ""train_group_counts"": [205, 199, 83, 136], ""test_group_counts"": [61, 59, 25, 40], ""train_class_counts"": [278, 345], ""test_class_counts"": [83, 102], ""train_group_class_counts"": [[111, 94], [127, 72], [5, 78], [35, 101]], ""test_group_class_counts"": [[33, 28], [38, 21], [2, 23], [10, 30]], ""group_proportions"": [0.3290529695024077, 0.31942215088282505, 0.1332263242375602, 0.21829855537720708], ""val_group_counts"": [37, 36, 15, 24], ""val_total"": 112}","{""num_groups"": 4, ""eta"": 0.02, ""update_mode"": ""exp"", ""robust_objective"": ""weighted"", ""gamma"": 0.9, ""kl_lambda"": 0.0, ""initial_pi"": [0.32905295491218567, 0.3194221556186676, 0.13322632014751434, 0.2182985544204712]}",2026-09-16T04:05:32.786856,29,0.38193797402911717,0.8402777777777778,0.001,0.6918918918918919,0.6764181022506252,0.56,0.8305084745762712,"[0.5901639344262295, 0.8305084745762712, 0.56, 0.725]","[0.8714863075187704, 0.43460443338095134, 0.8962191288173199, 0.7208212395315059]","[0.5783132530120482, 0.7843137254901961]","[[0.3939393939393939, 0.8214285714285714], [0.7631578947368421, 0.9523809523809523], [0.5, 0.5652173913043478], [0.5, 0.8]]","[61, 59, 25, 40]",0.6823890846661246,"[0.5788456227561447, 0.8264705882352941, 0.4282744282744282, 0.6448748991121872]",0.4282744282744282,0.8962191288173199,0.7857142857142857,0.8079391891891892,0.75,0.9333333333333333,"[0.7567567567567568, 0.75, 0.9333333333333333, 0.7916666666666666]","[0.7271963890163681, 0.5754617573175993, 0.35218411435683566, 0.48557811401163536]","[0.66, 0.8870967741935484]","[[0.7, 0.8235294117647058], [0.7391304347826086, 0.7692307692307693], [0.0, 1.0], [0.3333333333333333, 0.9444444444444444]]","[37, 36, 15, 24]",0.7771144278606965,"[0.7567567567567567, 0.7401764234161989, 0.4827586206896552, 0.6581196581196581]",0.4827586206896552,0.7271963890163681,"[0.3298925459384918, 0.3202840983867645, 0.13366256654262543, 0.21616077423095703]","[0.3244813531637192, 0.36114146643214756, 0.33044442120525575, 0.48044956889417434]","[0.3293251097202301, 0.32034024596214294, 0.13392145931720734, 0.2164132297039032]","[0.32905295491218567, 0.3194221556186676, 0.13322632014751434, 0.2182985544204712]",0.0
"{""run_name"": ""fedheart_exp_paper_hetagg_gdro"", ""seed"": 44, ""run_dir"": ""runs/fedheart_uncapped/Shared_GDRO_s44_f4"", ""use_fedheart"": true, ""num_classes"": 2, ""stratified_batching"": true, ""train_frac"": 0.8, ""group_max_train_samples"": null, ""true_hetero_input_dim"": true, ""feature_mask"": [[0, 1, 2, 3, 5, 6, 7, 8, 9, 10], [0, 1, 2, 3, 5, 6, 11, 12], [0, 1, 2, 4, 5, 7, 11, 12], [0, 1, 2, 4, 5, 6, 8, 9, 10]], ""batch_size"": 64, ""num_workers"": 0, ""epochs"": 100, ""early_stopping_patience"": 30, ""lr"": 0.001, ""weight_decay"": 0.0001, ""optimizer"": ""adam"", ""grad_clip"": 1.0, ""lr_scheduler"": ""cosine"", ""lr_min"": 1e-05, ""latent_dim"": 64, ""head_hidden"": 32, ""groups"": [{""name"": ""cleveland"", ""encoder"": ""mlp_tabular_ln"", ""input_dim"": 13, ""hidden_dim"": 64, ""dropout"": 0.1}, {""name"": ""hungarian"", ""encoder"": ""mlp_tabular_ln"", ""input_dim"": 13, ""hidden_dim"": 64, ""dropout"": 0.1}, {""name"": ""switzerland"", ""encoder"": ""mlp_tabular_ln"", ""input_dim"": 13, ""hidden_dim"": 64, ""dropout"": 0.1}, {""name"": ""va_long_beach"", ""encoder"": ""mlp_tabular_ln"", ""input_dim"": 13, ""hidden_dim"": 64, ""dropout"": 0.1}], ""anchor_eps"": 0.0001, ""sep_samples_per_class"": 4, ""sep_method"": ""classifier"", ""sep_margin"": 1.0, ""lambda_fit"": 0.001, ""lambda_sep"": 0.001, ""groupdro_enabled"": true, ""groupdro_eta"": 0.02, ""groupdro_gamma"": 0.9, ""groupdro_update_mode"": ""exp"", ""groupdro_objective"": ""weighted"", ""groupdro_kl_lambda"": 0.0, ""groupdro_uniform_init"": false, ""log_interval"": 20, ""save_every"": 10, ""groupdro_ema_decay"": 0.9, ""groupdro_update_every"": 1, ""dro_signal"": ""val"", ""val_frac"": 0.15, ""impute_missing"": true, ""common_encoder"": true, ""use_regret"": false, ""data_split_seed"": 1004}","{""num_groups"": 4, ""num_classes"": 2, ""train_total"": 623, ""test_total"": 185, ""train_group_counts"": [205, 199, 83, 136], ""test_group_counts"": [61, 59, 25, 40], ""train_class_counts"": [278, 345], ""test_class_counts"": [83, 102], ""train_group_class_counts"": [[111, 94], [127, 72], [5, 78], [35, 101]], ""test_group_class_counts"": [[33, 28], [38, 21], [2, 23], [10, 30]], ""group_proportions"": [0.3290529695024077, 0.31942215088282505, 0.1332263242375602, 0.21829855537720708], ""val_group_counts"": [37, 36, 15, 24], ""val_total"": 112}","{""num_groups"": 4, ""eta"": 0.02, ""update_mode"": ""exp"", ""robust_objective"": ""weighted"", ""gamma"": 0.9, ""kl_lambda"": 0.0, ""initial_pi"": [0.32905295491218567, 0.3194221556186676, 0.13322632014751434, 0.2182985544204712]}",2026-09-16T04:05:32.786856,30,0.37260080377260846,0.8559027777777778,0.001,0.7081081081081081,0.6867004723534316,0.56,0.847457627118644,"[0.639344262295082, 0.847457627118644, 0.56, 0.7]","[0.8435695130897106, 0.35968636756889144, 1.0679924609139562, 0.7540023231937084]","[0.6385542168674698, 0.7647058823529411]","[[0.5151515151515151, 0.7857142857142857], [0.7894736842105263, 0.9523809523809523], [0.5, 0.5652173913043478], [0.5, 0.7666666666666667]]","[61, 59, 25, 40]",0.7026785714285715,"[0.6369047619047619, 0.8429458740017746, 0.4282744282744282, 0.6238244514106582]",0.4282744282744282,1.0679924609139562,0.7678571428571429,0.7711336336336336,0.75,0.8,"[0.7567567567567568, 0.7777777777777778, 0.8, 0.75]","[0.7136536708189728, 0.5374640256114718, 0.42987636625766756, 0.47732731389502686]","[0.68, 0.8387096774193549]","[[0.7, 0.8235294117647058], [0.782608695652174, 0.7692307692307693], [0.0, 0.8571428571428571], [0.3333333333333333, 0.8888888888888888]]","[37, 36, 15, 24]",0.7617021276595746,"[0.7567567567567567, 0.7662337662337662, 0.4444444444444445, 0.6210526315789474]",0.4444444444444445,0.7136536708189728,"[0.33049964904785156, 0.32021334767341614, 0.1333928406238556, 0.2158942073583603]","[0.31110017995039624, 0.3809088170528412, 0.28811293012566036, 0.4550376484791438]","[0.3298925459384918, 0.3202840983867645, 0.13366256654262543, 0.21616077423095703]","[0.32905295491218567, 0.3194221556186676, 0.13322632014751434, 0.2182985544204712]",0.0
"{""run_name"": ""fedheart_exp_paper_hetagg_gdro"", ""seed"": 44, ""run_dir"": ""runs/fedheart_uncapped/Shared_GDRO_s44_f4"", ""use_fedheart"": true, ""num_classes"": 2, ""stratified_batching"": true, ""train_frac"": 0.8, ""group_max_train_samples"": null, ""true_hetero_input_dim"": true, ""feature_mask"": [[0, 1, 2, 3, 5, 6, 7, 8, 9, 10], [0, 1, 2, 3, 5, 6, 11, 12], [0, 1, 2, 4, 5, 7, 11, 12], [0, 1, 2, 4, 5, 6, 8, 9, 10]], ""batch_size"": 64, ""num_workers"": 0, ""epochs"": 100, ""early_stopping_patience"": 30, ""lr"": 0.001, ""weight_decay"": 0.0001, ""optimizer"": ""adam"", ""grad_clip"": 1.0, ""lr_scheduler"": ""cosine"", ""lr_min"": 1e-05, ""latent_dim"": 64, ""head_hidden"": 32, ""groups"": [{""name"": ""cleveland"", ""encoder"": ""mlp_tabular_ln"", ""input_dim"": 13, ""hidden_dim"": 64, ""dropout"": 0.1}, {""name"": ""hungarian"", ""encoder"": ""mlp_tabular_ln"", ""input_dim"": 13, ""hidden_dim"": 64, ""dropout"": 0.1}, {""name"": ""switzerland"", ""encoder"": ""mlp_tabular_ln"", ""input_dim"": 13, ""hidden_dim"": 64, ""dropout"": 0.1}, {""name"": ""va_long_beach"", ""encoder"": ""mlp_tabular_ln"", ""input_dim"": 13, ""hidden_dim"": 64, ""dropout"": 0.1}], ""anchor_eps"": 0.0001, ""sep_samples_per_class"": 4, ""sep_method"": ""classifier"", ""sep_margin"": 1.0, ""lambda_fit"": 0.001, ""lambda_sep"": 0.001, ""groupdro_enabled"": true, ""groupdro_eta"": 0.02, ""groupdro_gamma"": 0.9, ""groupdro_update_mode"": ""exp"", ""groupdro_objective"": ""weighted"", ""groupdro_kl_lambda"": 0.0, ""groupdro_uniform_init"": false, ""log_interval"": 20, ""save_every"": 10, ""groupdro_ema_decay"": 0.9, ""groupdro_update_every"": 1, ""dro_signal"": ""val"", ""val_frac"": 0.15, ""impute_missing"": true, ""common_encoder"": true, ""use_regret"": false, ""data_split_seed"": 1004}","{""num_groups"": 4, ""num_classes"": 2, ""train_total"": 623, ""test_total"": 185, ""train_group_counts"": [205, 199, 83, 136], ""test_group_counts"": [61, 59, 25, 40], ""train_class_counts"": [278, 345], ""test_class_counts"": [83, 102], ""train_group_class_counts"": [[111, 94], [127, 72], [5, 78], [35, 101]], ""test_group_class_counts"": [[33, 28], [38, 21], [2, 23], [10, 30]], ""group_proportions"": [0.3290529695024077, 0.31942215088282505, 0.1332263242375602, 0.21829855537720708], ""val_group_counts"": [37, 36, 15, 24], ""val_total"": 112}","{""num_groups"": 4, ""eta"": 0.02, ""update_mode"": ""exp"", ""robust_objective"": ""weighted"", ""gamma"": 0.9, ""kl_lambda"": 0.0, ""initial_pi"": [0.32905295491218567, 0.3194221556186676, 0.13322632014751434, 0.2182985544204712]}",2026-09-16T04:05:32.786856,31,0.3800232344203525,0.8333333333333334,0.001,0.7081081081081081,0.6810766879688802,0.52,0.8813559322033898,"[0.6229508196721312, 0.8813559322033898, 0.52, 0.7]","[0.8614805755434466, 0.3516942524288039, 1.0127001996710896, 0.7484041472082026]","[0.6265060240963856, 0.7745098039215687]","[[0.45454545454545453, 0.8214285714285714], [0.8157894736842105, 1.0], [0.5, 0.5217391304347826], [0.5, 0.7666666666666667]]","[61, 59, 25, 40]",0.7017554334845952,"[0.6163522012578617, 0.8778467908902691, 0.40476190476190477, 0.6238244514106582]",0.40476190476190477,1.0127001996710896,0.7589285714285714,0.7482169669669669,0.6666666666666666,0.7916666666666666,"[0.7567567567567568, 0.7777777777777778, 0.6666666666666666, 0.7916666666666666]","[0.7098207724960269, 0.5553089256087939, 0.43613173936804134, 0.46580513163159293]","[0.7, 0.8064516129032258]","[[0.7, 0.8235294117647058], [0.782608695652174, 0.7692307692307693], [0.0, 0.7142857142857143], [0.5, 0.8888888888888888]]","[37, 36, 15, 24]",0.7545255296696161,"[0.7567567567567567, 0.7662337662337662, 0.4, 0.7051597051597052]",0.4,0.7098207724960269,"[0.33113813400268555, 0.3201389014720917, 0.13311432301998138, 0.21560868620872498]","[0.3062705770134926, 0.41969359252187943, 0.30930572168694603, 0.42762505345874363]","[0.33049964904785156, 0.32021334767341614, 0.1333928406238556, 0.2158942073583603]","[0.32905295491218567, 0.3194221556186676, 0.13322632014751434, 0.2182985544204712]",0.0
