config,dataset_info,groupdro_config,start_time,epoch,train_loss,train_acc,learning_rate,test_overall_acc,test_balanced_acc,test_worst_group_acc,test_best_group_acc,test_worst_group_bal_acc,test_per_group_bal_acc,test_per_group_acc,test_per_group_loss,test_per_class_acc,test_per_group_per_class_acc,test_per_group_counts,test_overall_auroc,test_per_group_sensitivity,test_per_group_specificity,test_per_group_f1,test_per_group_auroc,test_mean_group_f1,test_worst_group_f1,groupdro_weights,groupdro_pi
"{""run_name"": ""nhanes_disjoint_pergroup_gdro"", ""seed"": 1337, ""run_dir"": ""runs/latdiag/sep_only_s1337"", ""feature_mode"": ""disjoint"", ""use_nhanes"": true, ""num_classes"": 2, ""stratified_batching"": true, ""train_frac"": 0.8, ""use_post_pandemic"": true, ""data_split_seed"": 100, ""batch_size"": 128, ""num_workers"": 0, ""epochs"": 100, ""early_stopping_patience"": 25, ""lr"": 0.001, ""weight_decay"": 0.0001, ""optimizer"": ""adam"", ""grad_clip"": 1.0, ""lr_scheduler"": ""cosine"", ""lr_min"": 1e-05, ""latent_dim"": 64, ""head_hidden"": 32, ""common_encoder"": false, ""groups"": [{""name"": ""survey_only"", ""encoder"": ""mlp_tabular_ln"", ""input_dim"": 15, ""hidden_dim"": 64, ""dropout"": 0.1}, {""name"": ""exam"", ""encoder"": ""mlp_tabular_ln"", ""input_dim"": 15, ""hidden_dim"": 64, ""dropout"": 0.1}, {""name"": ""vitals_labs"", ""encoder"": ""mlp_tabular_ln"", ""input_dim"": 15, ""hidden_dim"": 64, ""dropout"": 0.1}], ""anchor_eps"": 0.0001, ""sep_samples_per_class"": 4, ""sep_method"": ""classifier"", ""sep_margin"": 1.0, ""lambda_fit"": 0.0, ""lambda_sep"": 0.1, ""groupdro_enabled"": true, ""groupdro_eta"": 1.0, ""groupdro_gamma"": 0.9, ""groupdro_update_mode"": ""softmax"", ""groupdro_objective"": ""weighted"", ""groupdro_kl_lambda"": 0.0, ""groupdro_uniform_init"": false, ""log_interval"": 20, ""save_every"": 10, ""return_latents"": true}","{""num_groups"": 3, ""num_classes"": 2, ""train_total"": 13604, ""test_total"": 3401, ""train_group_counts"": [2133, 2118, 9353], ""test_group_counts"": [533, 530, 2338], ""train_class_counts"": [12174, 1430], ""test_class_counts"": [3043, 358], ""train_group_class_counts"": [[1876, 257], [1908, 210], [8390, 963]], ""test_group_class_counts"": [[469, 64], [477, 53], [2097, 241]], ""group_proportions"": [0.15679211996471626, 0.15568950308732726, 0.6875183769479565], ""group_names"": [""survey_only"", ""exam"", ""vitals_labs""], ""group_feature_counts"": {""0"": 15, ""1"": 15, ""2"": 15}, ""max_features"": 25, ""feature_mode"": ""disjoint""}","{""num_groups"": 3, ""eta"": 1.0, ""update_mode"": ""softmax"", ""robust_objective"": ""weighted"", ""gamma"": 0.9, ""kl_lambda"": 0.0, ""initial_pi"": [0.15679211914539337, 0.15568950772285461, 0.6875183582305908]}",2026-09-10T03:50:41.937415,1,0.6713019769046494,0.685289747435129,0.001,0.67480152896207,0.6745662102212692,0.630188679245283,0.7185741088180112,0.7190775681341719,"[0.7591284648187633, 0.7190775681341719, 0.7214673402232392]","[0.7185741088180112, 0.630188679245283, 0.6749358426005133]","[0.49389476857478354, 0.5964683822303448, 0.5498417428207892]","[0.6608609924416694, 0.7932960893854749]","[[0.7057569296375267, 0.8125], [0.6079664570230608, 0.8301886792452831], [0.6628516928946113, 0.7800829875518672]]","[533, 530, 2338]",0.7991654075568618,"[0.8125, 0.8301886792452831, 0.7800829875518672]","[0.7057569296375267, 0.6079664570230608, 0.6628516928946113]","[0.40944881889763785, 0.3098591549295775, 0.33098591549295775]","[0.8078358208955224, 0.7816146513191725, 0.8047556576575507]",0.3500979631067243,0.3098591549295775,"[0.0, 0.0, 1.0]","[0.15679211914539337, 0.15568950772285461, 0.6875183582305908]"
"{""run_name"": ""nhanes_disjoint_pergroup_gdro"", ""seed"": 1337, ""run_dir"": ""runs/latdiag/sep_only_s1337"", ""feature_mode"": ""disjoint"", ""use_nhanes"": true, ""num_classes"": 2, ""stratified_batching"": true, ""train_frac"": 0.8, ""use_post_pandemic"": true, ""data_split_seed"": 100, ""batch_size"": 128, ""num_workers"": 0, ""epochs"": 100, ""early_stopping_patience"": 25, ""lr"": 0.001, ""weight_decay"": 0.0001, ""optimizer"": ""adam"", ""grad_clip"": 1.0, ""lr_scheduler"": ""cosine"", ""lr_min"": 1e-05, ""latent_dim"": 64, ""head_hidden"": 32, ""common_encoder"": false, ""groups"": [{""name"": ""survey_only"", ""encoder"": ""mlp_tabular_ln"", ""input_dim"": 15, ""hidden_dim"": 64, ""dropout"": 0.1}, {""name"": ""exam"", ""encoder"": ""mlp_tabular_ln"", ""input_dim"": 15, ""hidden_dim"": 64, ""dropout"": 0.1}, {""name"": ""vitals_labs"", ""encoder"": ""mlp_tabular_ln"", ""input_dim"": 15, ""hidden_dim"": 64, ""dropout"": 0.1}], ""anchor_eps"": 0.0001, ""sep_samples_per_class"": 4, ""sep_method"": ""classifier"", ""sep_margin"": 1.0, ""lambda_fit"": 0.0, ""lambda_sep"": 0.1, ""groupdro_enabled"": true, ""groupdro_eta"": 1.0, ""groupdro_gamma"": 0.9, ""groupdro_update_mode"": ""softmax"", ""groupdro_objective"": ""weighted"", ""groupdro_kl_lambda"": 0.0, ""groupdro_uniform_init"": false, ""log_interval"": 20, ""save_every"": 10, ""return_latents"": true}","{""num_groups"": 3, ""num_classes"": 2, ""train_total"": 13604, ""test_total"": 3401, ""train_group_counts"": [2133, 2118, 9353], ""test_group_counts"": [533, 530, 2338], ""train_class_counts"": [12174, 1430], ""test_class_counts"": [3043, 358], ""train_group_class_counts"": [[1876, 257], [1908, 210], [8390, 963]], ""test_group_class_counts"": [[469, 64], [477, 53], [2097, 241]], ""group_proportions"": [0.15679211996471626, 0.15568950308732726, 0.6875183769479565], ""group_names"": [""survey_only"", ""exam"", ""vitals_labs""], ""group_feature_counts"": {""0"": 15, ""1"": 15, ""2"": 15}, ""max_features"": 25, ""feature_mode"": ""disjoint""}","{""num_groups"": 3, ""eta"": 1.0, ""update_mode"": ""softmax"", ""robust_objective"": ""weighted"", ""gamma"": 0.9, ""kl_lambda"": 0.0, ""initial_pi"": [0.15679211914539337, 0.15568950772285461, 0.6875183582305908]}",2026-09-10T03:50:41.937415,2,0.57781142381644,0.7121099553880508,0.001,0.6627462511026169,0.6712552108629719,0.6552609067579127,0.6943396226415094,0.7196805553082155,"[0.7619436300639659, 0.7211740041928721, 0.7196805553082155]","[0.6641651031894934, 0.6943396226415094, 0.6552609067579127]","[0.5131764377818546, 0.4627667454475502, 0.5431075471654929]","[0.6454157081827144, 0.8100558659217877]","[[0.6332622601279317, 0.890625], [0.6876310272536688, 0.7547169811320755], [0.6385312350977587, 0.8008298755186722]]","[533, 530, 2338]",0.8071349759591112,"[0.890625, 0.7547169811320755, 0.8008298755186722]","[0.6332622601279317, 0.6876310272536688, 0.6385312350977587]","[0.3890784982935153, 0.33057851239669417, 0.3238255033557047]","[0.814532249466951, 0.7929274949566868, 0.8124746476392871]",0.34782750468197143,0.3238255033557047,"[0.0, 0.0, 1.0]","[0.15679211914539337, 0.15568950772285461, 0.6875183582305908]"
"{""run_name"": ""nhanes_disjoint_pergroup_gdro"", ""seed"": 1337, ""run_dir"": ""runs/latdiag/sep_only_s1337"", ""feature_mode"": ""disjoint"", ""use_nhanes"": true, ""num_classes"": 2, ""stratified_batching"": true, ""train_frac"": 0.8, ""use_post_pandemic"": true, ""data_split_seed"": 100, ""batch_size"": 128, ""num_workers"": 0, ""epochs"": 100, ""early_stopping_patience"": 25, ""lr"": 0.001, ""weight_decay"": 0.0001, ""optimizer"": ""adam"", ""grad_clip"": 1.0, ""lr_scheduler"": ""cosine"", ""lr_min"": 1e-05, ""latent_dim"": 64, ""head_hidden"": 32, ""common_encoder"": false, ""groups"": [{""name"": ""survey_only"", ""encoder"": ""mlp_tabular_ln"", ""input_dim"": 15, ""hidden_dim"": 64, ""dropout"": 0.1}, {""name"": ""exam"", ""encoder"": ""mlp_tabular_ln"", ""input_dim"": 15, ""hidden_dim"": 64, ""dropout"": 0.1}, {""name"": ""vitals_labs"", ""encoder"": ""mlp_tabular_ln"", ""input_dim"": 15, ""hidden_dim"": 64, ""dropout"": 0.1}], ""anchor_eps"": 0.0001, ""sep_samples_per_class"": 4, ""sep_method"": ""classifier"", ""sep_margin"": 1.0, ""lambda_fit"": 0.0, ""lambda_sep"": 0.1, ""groupdro_enabled"": true, ""groupdro_eta"": 1.0, ""groupdro_gamma"": 0.9, ""groupdro_update_mode"": ""softmax"", ""groupdro_objective"": ""weighted"", ""groupdro_kl_lambda"": 0.0, ""groupdro_uniform_init"": false, ""log_interval"": 20, ""save_every"": 10, ""return_latents"": true}","{""num_groups"": 3, ""num_classes"": 2, ""train_total"": 13604, ""test_total"": 3401, ""train_group_counts"": [2133, 2118, 9353], ""test_group_counts"": [533, 530, 2338], ""train_class_counts"": [12174, 1430], ""test_class_counts"": [3043, 358], ""train_group_class_counts"": [[1876, 257], [1908, 210], [8390, 963]], ""test_group_class_counts"": [[469, 64], [477, 53], [2097, 241]], ""group_proportions"": [0.15679211996471626, 0.15568950308732726, 0.6875183769479565], ""group_names"": [""survey_only"", ""exam"", ""vitals_labs""], ""group_feature_counts"": {""0"": 15, ""1"": 15, ""2"": 15}, ""max_features"": 25, ""feature_mode"": ""disjoint""}","{""num_groups"": 3, ""eta"": 1.0, ""update_mode"": ""softmax"", ""robust_objective"": ""weighted"", ""gamma"": 0.9, ""kl_lambda"": 0.0, ""initial_pi"": [0.15679211914539337, 0.15568950772285461, 0.6875183582305908]}",2026-09-10T03:50:41.937415,3,0.5552825463207834,0.6910104011887073,0.001,0.6824463393119671,0.6895195141442637,0.676218990590248,0.7056603773584905,0.7190775681341719,"[0.7612440031982942, 0.7190775681341719, 0.7295276595492077]","[0.6866791744840526, 0.7056603773584905, 0.676218990590248]","[0.5262311528529448, 0.4557500156275225, 0.5188477804075283]","[0.6687479461058167, 0.7988826815642458]","[[0.6631130063965884, 0.859375], [0.7023060796645703, 0.7358490566037735], [0.6623748211731044, 0.7966804979253111]]","[533, 530, 2338]",0.8103404277974726,"[0.859375, 0.7358490566037735, 0.7966804979253111]","[0.6631130063965884, 0.7023060796645703, 0.6623748211731044]","[0.3971119133574007, 0.3333333333333333, 0.33654688869412797]","[0.8173973880597015, 0.7805862109884893, 0.8157177710897014]",0.3556640451282873,0.3333333333333333,"[0.0, 0.0, 1.0]","[0.15679211914539337, 0.15568950772285461, 0.6875183582305908]"
"{""run_name"": ""nhanes_disjoint_pergroup_gdro"", ""seed"": 1337, ""run_dir"": ""runs/latdiag/sep_only_s1337"", ""feature_mode"": ""disjoint"", ""use_nhanes"": true, ""num_classes"": 2, ""stratified_batching"": true, ""train_frac"": 0.8, ""use_post_pandemic"": true, ""data_split_seed"": 100, ""batch_size"": 128, ""num_workers"": 0, ""epochs"": 100, ""early_stopping_patience"": 25, ""lr"": 0.001, ""weight_decay"": 0.0001, ""optimizer"": ""adam"", ""grad_clip"": 1.0, ""lr_scheduler"": ""cosine"", ""lr_min"": 1e-05, ""latent_dim"": 64, ""head_hidden"": 32, ""common_encoder"": false, ""groups"": [{""name"": ""survey_only"", ""encoder"": ""mlp_tabular_ln"", ""input_dim"": 15, ""hidden_dim"": 64, ""dropout"": 0.1}, {""name"": ""exam"", ""encoder"": ""mlp_tabular_ln"", ""input_dim"": 15, ""hidden_dim"": 64, ""dropout"": 0.1}, {""name"": ""vitals_labs"", ""encoder"": ""mlp_tabular_ln"", ""input_dim"": 15, ""hidden_dim"": 64, ""dropout"": 0.1}], ""anchor_eps"": 0.0001, ""sep_samples_per_class"": 4, ""sep_method"": ""classifier"", ""sep_margin"": 1.0, ""lambda_fit"": 0.0, ""lambda_sep"": 0.1, ""groupdro_enabled"": true, ""groupdro_eta"": 1.0, ""groupdro_gamma"": 0.9, ""groupdro_update_mode"": ""softmax"", ""groupdro_objective"": ""weighted"", ""groupdro_kl_lambda"": 0.0, ""groupdro_uniform_init"": false, ""log_interval"": 20, ""save_every"": 10, ""return_latents"": true}","{""num_groups"": 3, ""num_classes"": 2, ""train_total"": 13604, ""test_total"": 3401, ""train_group_counts"": [2133, 2118, 9353], ""test_group_counts"": [533, 530, 2338], ""train_class_counts"": [12174, 1430], ""test_class_counts"": [3043, 358], ""train_group_class_counts"": [[1876, 257], [1908, 210], [8390, 963]], ""test_group_class_counts"": [[469, 64], [477, 53], [2097, 241]], ""group_proportions"": [0.15679211996471626, 0.15568950308732726, 0.6875183769479565], ""group_names"": [""survey_only"", ""exam"", ""vitals_labs""], ""group_feature_counts"": {""0"": 15, ""1"": 15, ""2"": 15}, ""max_features"": 25, ""feature_mode"": ""disjoint""}","{""num_groups"": 3, ""eta"": 1.0, ""update_mode"": ""softmax"", ""robust_objective"": ""weighted"", ""gamma"": 0.9, ""kl_lambda"": 0.0, ""initial_pi"": [0.15679211914539337, 0.15568950772285461, 0.6875183582305908]}",2026-09-10T03:50:41.937415,4,0.5186422127892677,0.6979197622408307,0.001,0.6668626874448692,0.6897095398215569,0.6467065868263473,0.7169811320754716,0.7169811320754716,"[0.7719049840085288, 0.7169811320754716, 0.7259293557087085]","[0.7054409005628518, 0.7169811320754716, 0.6467065868263473]","[0.4978795149025034, 0.4751511850675463, 0.5440032465285418]","[0.6493591850147881, 0.8156424581005587]","[[0.6844349680170576, 0.859375], [0.7169811320754716, 0.7169811320754716], [0.6261325703385789, 0.8257261410788381]]","[533, 530, 2338]",0.8044252125493624,"[0.859375, 0.7169811320754716, 0.8257261410788381]","[0.6844349680170576, 0.7169811320754716, 0.6261325703385789]","[0.41198501872659177, 0.336283185840708, 0.32516339869281047]","[0.8153984541577826, 0.7731102408923698, 0.8145542832380579]",0.3578105344200367,0.32516339869281047,"[0.0, 0.0, 1.0]","[0.15679211914539337, 0.15568950772285461, 0.6875183582305908]"
"{""run_name"": ""nhanes_disjoint_pergroup_gdro"", ""seed"": 1337, ""run_dir"": ""runs/latdiag/sep_only_s1337"", ""feature_mode"": ""disjoint"", ""use_nhanes"": true, ""num_classes"": 2, ""stratified_batching"": true, ""train_frac"": 0.8, ""use_post_pandemic"": true, ""data_split_seed"": 100, ""batch_size"": 128, ""num_workers"": 0, ""epochs"": 100, ""early_stopping_patience"": 25, ""lr"": 0.001, ""weight_decay"": 0.0001, ""optimizer"": ""adam"", ""grad_clip"": 1.0, ""lr_scheduler"": ""cosine"", ""lr_min"": 1e-05, ""latent_dim"": 64, ""head_hidden"": 32, ""common_encoder"": false, ""groups"": [{""name"": ""survey_only"", ""encoder"": ""mlp_tabular_ln"", ""input_dim"": 15, ""hidden_dim"": 64, ""dropout"": 0.1}, {""name"": ""exam"", ""encoder"": ""mlp_tabular_ln"", ""input_dim"": 15, ""hidden_dim"": 64, ""dropout"": 0.1}, {""name"": ""vitals_labs"", ""encoder"": ""mlp_tabular_ln"", ""input_dim"": 15, ""hidden_dim"": 64, ""dropout"": 0.1}], ""anchor_eps"": 0.0001, ""sep_samples_per_class"": 4, ""sep_method"": ""classifier"", ""sep_margin"": 1.0, ""lambda_fit"": 0.0, ""lambda_sep"": 0.1, ""groupdro_enabled"": true, ""groupdro_eta"": 1.0, ""groupdro_gamma"": 0.9, ""groupdro_update_mode"": ""softmax"", ""groupdro_objective"": ""weighted"", ""groupdro_kl_lambda"": 0.0, ""groupdro_uniform_init"": false, ""log_interval"": 20, ""save_every"": 10, ""return_latents"": true}","{""num_groups"": 3, ""num_classes"": 2, ""train_total"": 13604, ""test_total"": 3401, ""train_group_counts"": [2133, 2118, 9353], ""test_group_counts"": [533, 530, 2338], ""train_class_counts"": [12174, 1430], ""test_class_counts"": [3043, 358], ""train_group_class_counts"": [[1876, 257], [1908, 210], [8390, 963]], ""test_group_class_counts"": [[469, 64], [477, 53], [2097, 241]], ""group_proportions"": [0.15679211996471626, 0.15568950308732726, 0.6875183769479565], ""group_names"": [""survey_only"", ""exam"", ""vitals_labs""], ""group_feature_counts"": {""0"": 15, ""1"": 15, ""2"": 15}, ""max_features"": 25, ""feature_mode"": ""disjoint""}","{""num_groups"": 3, ""eta"": 1.0, ""update_mode"": ""softmax"", ""robust_objective"": ""weighted"", ""gamma"": 0.9, ""kl_lambda"": 0.0, ""initial_pi"": [0.15679211914539337, 0.15568950772285461, 0.6875183582305908]}",2026-09-10T03:50:41.937415,5,0.5143412913601253,0.7065378900800028,0.001,0.6389297265510144,0.6587306213695405,0.6214713430282293,0.6886792452830188,0.709643605870021,"[0.7630097281449894, 0.709643605870021, 0.7283879163475979]","[0.6660412757973734, 0.6886792452830188, 0.6214713430282293]","[0.5754026280336892, 0.46010553896194323, 0.6053159391008385]","[0.614196516595465, 0.8491620111731844]","[[0.6353944562899787, 0.890625], [0.6834381551362684, 0.7358490566037735], [0.5937052932761088, 0.8630705394190872]]","[533, 530, 2338]",0.8019072989203171,"[0.890625, 0.7358490566037735, 0.8630705394190872]","[0.6353944562899787, 0.6834381551362684, 0.5937052932761088]","[0.3904109589041096, 0.32098765432098764, 0.31975403535741737]","[0.7964085820895522, 0.7808630987698272, 0.8144929428921379]",0.3437175495275049,0.31975403535741737,"[0.0, 0.0, 1.0]","[0.15679211914539337, 0.15568950772285461, 0.6875183582305908]"
"{""run_name"": ""nhanes_disjoint_pergroup_gdro"", ""seed"": 1337, ""run_dir"": ""runs/latdiag/sep_only_s1337"", ""feature_mode"": ""disjoint"", ""use_nhanes"": true, ""num_classes"": 2, ""stratified_batching"": true, ""train_frac"": 0.8, ""use_post_pandemic"": true, ""data_split_seed"": 100, ""batch_size"": 128, ""num_workers"": 0, ""epochs"": 100, ""early_stopping_patience"": 25, ""lr"": 0.001, ""weight_decay"": 0.0001, ""optimizer"": ""adam"", ""grad_clip"": 1.0, ""lr_scheduler"": ""cosine"", ""lr_min"": 1e-05, ""latent_dim"": 64, ""head_hidden"": 32, ""common_encoder"": false, ""groups"": [{""name"": ""survey_only"", ""encoder"": ""mlp_tabular_ln"", ""input_dim"": 15, ""hidden_dim"": 64, ""dropout"": 0.1}, {""name"": ""exam"", ""encoder"": ""mlp_tabular_ln"", ""input_dim"": 15, ""hidden_dim"": 64, ""dropout"": 0.1}, {""name"": ""vitals_labs"", ""encoder"": ""mlp_tabular_ln"", ""input_dim"": 15, ""hidden_dim"": 64, ""dropout"": 0.1}], ""anchor_eps"": 0.0001, ""sep_samples_per_class"": 4, ""sep_method"": ""classifier"", ""sep_margin"": 1.0, ""lambda_fit"": 0.0, ""lambda_sep"": 0.1, ""groupdro_enabled"": true, ""groupdro_eta"": 1.0, ""groupdro_gamma"": 0.9, ""groupdro_update_mode"": ""softmax"", ""groupdro_objective"": ""weighted"", ""groupdro_kl_lambda"": 0.0, ""groupdro_uniform_init"": false, ""log_interval"": 20, ""save_every"": 10, ""return_latents"": true}","{""num_groups"": 3, ""num_classes"": 2, ""train_total"": 13604, ""test_total"": 3401, ""train_group_counts"": [2133, 2118, 9353], ""test_group_counts"": [533, 530, 2338], ""train_class_counts"": [12174, 1430], ""test_class_counts"": [3043, 358], ""train_group_class_counts"": [[1876, 257], [1908, 210], [8390, 963]], ""test_group_class_counts"": [[469, 64], [477, 53], [2097, 241]], ""group_proportions"": [0.15679211996471626, 0.15568950308732726, 0.6875183769479565], ""group_names"": [""survey_only"", ""exam"", ""vitals_labs""], ""group_feature_counts"": {""0"": 15, ""1"": 15, ""2"": 15}, ""max_features"": 25, ""feature_mode"": ""disjoint""}","{""num_groups"": 3, ""eta"": 1.0, ""update_mode"": ""softmax"", ""robust_objective"": ""weighted"", ""gamma"": 0.9, ""kl_lambda"": 0.0, ""initial_pi"": [0.15679211914539337, 0.15568950772285461, 0.6875183582305908]}",2026-09-10T03:50:41.937415,6,0.4985943202233775,0.6956909360892706,0.001,0.6742134666274625,0.6758959004057394,0.6360225140712945,0.7188679245283018,0.723947666791326,"[0.7324593550106611, 0.7264150943396226, 0.723947666791326]","[0.6360225140712945, 0.7188679245283018, 0.6727972626176218]","[0.5397678860268812, 0.43498836608959435, 0.5226330446018427]","[0.6602037463029905, 0.7932960893854749]","[[0.605543710021322, 0.859375], [0.7169811320754716, 0.7358490566037735], [0.6595135908440629, 0.7883817427385892]]","[533, 530, 2338]",0.8039543085421803,"[0.859375, 0.7358490566037735, 0.7883817427385892]","[0.605543710021322, 0.7169811320754716, 0.6595135908440629]","[0.36184210526315785, 0.3436123348017621, 0.331877729257642]","[0.7945595682302773, 0.7894861753886318, 0.8148609849676579]",0.3457773897741873,0.331877729257642,"[0.0, 0.0, 1.0]","[0.15679211914539337, 0.15568950772285461, 0.6875183582305908]"
"{""run_name"": ""nhanes_disjoint_pergroup_gdro"", ""seed"": 1337, ""run_dir"": ""runs/latdiag/sep_only_s1337"", ""feature_mode"": ""disjoint"", ""use_nhanes"": true, ""num_classes"": 2, ""stratified_batching"": true, ""train_frac"": 0.8, ""use_post_pandemic"": true, ""data_split_seed"": 100, ""batch_size"": 128, ""num_workers"": 0, ""epochs"": 100, ""early_stopping_patience"": 25, ""lr"": 0.001, ""weight_decay"": 0.0001, ""optimizer"": ""adam"", ""grad_clip"": 1.0, ""lr_scheduler"": ""cosine"", ""lr_min"": 1e-05, ""latent_dim"": 64, ""head_hidden"": 32, ""common_encoder"": false, ""groups"": [{""name"": ""survey_only"", ""encoder"": ""mlp_tabular_ln"", ""input_dim"": 15, ""hidden_dim"": 64, ""dropout"": 0.1}, {""name"": ""exam"", ""encoder"": ""mlp_tabular_ln"", ""input_dim"": 15, ""hidden_dim"": 64, ""dropout"": 0.1}, {""name"": ""vitals_labs"", ""encoder"": ""mlp_tabular_ln"", ""input_dim"": 15, ""hidden_dim"": 64, ""dropout"": 0.1}], ""anchor_eps"": 0.0001, ""sep_samples_per_class"": 4, ""sep_method"": ""classifier"", ""sep_margin"": 1.0, ""lambda_fit"": 0.0, ""lambda_sep"": 0.1, ""groupdro_enabled"": true, ""groupdro_eta"": 1.0, ""groupdro_gamma"": 0.9, ""groupdro_update_mode"": ""softmax"", ""groupdro_objective"": ""weighted"", ""groupdro_kl_lambda"": 0.0, ""groupdro_uniform_init"": false, ""log_interval"": 20, ""save_every"": 10, ""return_latents"": true}","{""num_groups"": 3, ""num_classes"": 2, ""train_total"": 13604, ""test_total"": 3401, ""train_group_counts"": [2133, 2118, 9353], ""test_group_counts"": [533, 530, 2338], ""train_class_counts"": [12174, 1430], ""test_class_counts"": [3043, 358], ""train_group_class_counts"": [[1876, 257], [1908, 210], [8390, 963]], ""test_group_class_counts"": [[469, 64], [477, 53], [2097, 241]], ""group_proportions"": [0.15679211996471626, 0.15568950308732726, 0.6875183769479565], ""group_names"": [""survey_only"", ""exam"", ""vitals_labs""], ""group_feature_counts"": {""0"": 15, ""1"": 15, ""2"": 15}, ""max_features"": 25, ""feature_mode"": ""disjoint""}","{""num_groups"": 3, ""eta"": 1.0, ""update_mode"": ""softmax"", ""robust_objective"": ""weighted"", ""gamma"": 0.9, ""kl_lambda"": 0.0, ""initial_pi"": [0.15679211914539337, 0.15568950772285461, 0.6875183582305908]}",2026-09-10T03:50:41.937415,7,0.49098264887641124,0.7077265973076955,0.001,0.6903851808291679,0.7142505277848948,0.6693755346449958,0.769811320754717,0.721174004192872,"[0.7371068763326226, 0.721174004192872, 0.7348939504567877]","[0.7035647279549718, 0.769811320754717, 0.6693755346449958]","[0.4911064706029583, 0.3978182292306128, 0.5275778928145223]","[0.6789352612553401, 0.7877094972067039]","[[0.6929637526652452, 0.78125], [0.7819706498951782, 0.660377358490566], [0.6523605150214592, 0.8174273858921162]]","[533, 530, 2338]",0.8033034879942427,"[0.78125, 0.660377358490566, 0.8174273858921162]","[0.6929637526652452, 0.7819706498951782, 0.6523605150214592]","[0.38759689922480617, 0.3645833333333333, 0.33761782347900604]","[0.802805170575693, 0.784502195324552, 0.8167387910411437]",0.36326601867904856,0.33761782347900604,"[0.0, 0.0, 1.0]","[0.15679211914539337, 0.15568950772285461, 0.6875183582305908]"
"{""run_name"": ""nhanes_disjoint_pergroup_gdro"", ""seed"": 1337, ""run_dir"": ""runs/latdiag/sep_only_s1337"", ""feature_mode"": ""disjoint"", ""use_nhanes"": true, ""num_classes"": 2, ""stratified_batching"": true, ""train_frac"": 0.8, ""use_post_pandemic"": true, ""data_split_seed"": 100, ""batch_size"": 128, ""num_workers"": 0, ""epochs"": 100, ""early_stopping_patience"": 25, ""lr"": 0.001, ""weight_decay"": 0.0001, ""optimizer"": ""adam"", ""grad_clip"": 1.0, ""lr_scheduler"": ""cosine"", ""lr_min"": 1e-05, ""latent_dim"": 64, ""head_hidden"": 32, ""common_encoder"": false, ""groups"": [{""name"": ""survey_only"", ""encoder"": ""mlp_tabular_ln"", ""input_dim"": 15, ""hidden_dim"": 64, ""dropout"": 0.1}, {""name"": ""exam"", ""encoder"": ""mlp_tabular_ln"", ""input_dim"": 15, ""hidden_dim"": 64, ""dropout"": 0.1}, {""name"": ""vitals_labs"", ""encoder"": ""mlp_tabular_ln"", ""input_dim"": 15, ""hidden_dim"": 64, ""dropout"": 0.1}], ""anchor_eps"": 0.0001, ""sep_samples_per_class"": 4, ""sep_method"": ""classifier"", ""sep_margin"": 1.0, ""lambda_fit"": 0.0, ""lambda_sep"": 0.1, ""groupdro_enabled"": true, ""groupdro_eta"": 1.0, ""groupdro_gamma"": 0.9, ""groupdro_update_mode"": ""softmax"", ""groupdro_objective"": ""weighted"", ""groupdro_kl_lambda"": 0.0, ""groupdro_uniform_init"": false, ""log_interval"": 20, ""save_every"": 10, ""return_latents"": true}","{""num_groups"": 3, ""num_classes"": 2, ""train_total"": 13604, ""test_total"": 3401, ""train_group_counts"": [2133, 2118, 9353], ""test_group_counts"": [533, 530, 2338], ""train_class_counts"": [12174, 1430], ""test_class_counts"": [3043, 358], ""train_group_class_counts"": [[1876, 257], [1908, 210], [8390, 963]], ""test_group_class_counts"": [[469, 64], [477, 53], [2097, 241]], ""group_proportions"": [0.15679211996471626, 0.15568950308732726, 0.6875183769479565], ""group_names"": [""survey_only"", ""exam"", ""vitals_labs""], ""group_feature_counts"": {""0"": 15, ""1"": 15, ""2"": 15}, ""max_features"": 25, ""feature_mode"": ""disjoint""}","{""num_groups"": 3, ""eta"": 1.0, ""update_mode"": ""softmax"", ""robust_objective"": ""weighted"", ""gamma"": 0.9, ""kl_lambda"": 0.0, ""initial_pi"": [0.15679211914539337, 0.15568950772285461, 0.6875183582305908]}",2026-09-10T03:50:41.937415,8,0.4836175687201487,0.7086181277506064,0.001,0.7009703028521024,0.7233589490534413,0.6585365853658537,0.8301886792452831,0.6457023060796645,"[0.7250133262260128, 0.6457023060796645, 0.7415701545578846]","[0.6585365853658537, 0.8301886792452831, 0.6813515825491874]","[0.5496285238909783, 0.336159160004172, 0.508374787223399]","[0.6943805455142951, 0.7569832402234636]","[[0.6375266524520256, 0.8125], [0.8763102725366876, 0.41509433962264153], [0.6657129232236528, 0.8174273858921162]]","[533, 530, 2338]",0.7933603452928877,"[0.8125, 0.41509433962264153, 0.8174273858921162]","[0.6375266524520256, 0.8763102725366876, 0.6657129232236528]","[0.3636363636363636, 0.3283582089552239, 0.34591747146619845]","[0.7898454157782515, 0.777540445393774, 0.8158562815482303]",0.3459706813525953,0.3283582089552239,"[0.0, 0.0, 1.0]","[0.15679211914539337, 0.15568950772285461, 0.6875183582305908]"
"{""run_name"": ""nhanes_disjoint_pergroup_gdro"", ""seed"": 1337, ""run_dir"": ""runs/latdiag/sep_only_s1337"", ""feature_mode"": ""disjoint"", ""use_nhanes"": true, ""num_classes"": 2, ""stratified_batching"": true, ""train_frac"": 0.8, ""use_post_pandemic"": true, ""data_split_seed"": 100, ""batch_size"": 128, ""num_workers"": 0, ""epochs"": 100, ""early_stopping_patience"": 25, ""lr"": 0.001, ""weight_decay"": 0.0001, ""optimizer"": ""adam"", ""grad_clip"": 1.0, ""lr_scheduler"": ""cosine"", ""lr_min"": 1e-05, ""latent_dim"": 64, ""head_hidden"": 32, ""common_encoder"": false, ""groups"": [{""name"": ""survey_only"", ""encoder"": ""mlp_tabular_ln"", ""input_dim"": 15, ""hidden_dim"": 64, ""dropout"": 0.1}, {""name"": ""exam"", ""encoder"": ""mlp_tabular_ln"", ""input_dim"": 15, ""hidden_dim"": 64, ""dropout"": 0.1}, {""name"": ""vitals_labs"", ""encoder"": ""mlp_tabular_ln"", ""input_dim"": 15, ""hidden_dim"": 64, ""dropout"": 0.1}], ""anchor_eps"": 0.0001, ""sep_samples_per_class"": 4, ""sep_method"": ""classifier"", ""sep_margin"": 1.0, ""lambda_fit"": 0.0, ""lambda_sep"": 0.1, ""groupdro_enabled"": true, ""groupdro_eta"": 1.0, ""groupdro_gamma"": 0.9, ""groupdro_update_mode"": ""softmax"", ""groupdro_objective"": ""weighted"", ""groupdro_kl_lambda"": 0.0, ""groupdro_uniform_init"": false, ""log_interval"": 20, ""save_every"": 10, ""return_latents"": true}","{""num_groups"": 3, ""num_classes"": 2, ""train_total"": 13604, ""test_total"": 3401, ""train_group_counts"": [2133, 2118, 9353], ""test_group_counts"": [533, 530, 2338], ""train_class_counts"": [12174, 1430], ""test_class_counts"": [3043, 358], ""train_group_class_counts"": [[1876, 257], [1908, 210], [8390, 963]], ""test_group_class_counts"": [[469, 64], [477, 53], [2097, 241]], ""group_proportions"": [0.15679211996471626, 0.15568950308732726, 0.6875183769479565], ""group_names"": [""survey_only"", ""exam"", ""vitals_labs""], ""group_feature_counts"": {""0"": 15, ""1"": 15, ""2"": 15}, ""max_features"": 25, ""feature_mode"": ""disjoint""}","{""num_groups"": 3, ""eta"": 1.0, ""update_mode"": ""softmax"", ""robust_objective"": ""weighted"", ""gamma"": 0.9, ""kl_lambda"": 0.0, ""initial_pi"": [0.15679211914539337, 0.15568950772285461, 0.6875183582305908]}",2026-09-10T03:50:41.937415,9,0.4830031289388308,0.7060178306092125,0.001,0.6986180535136725,0.7250763468536849,0.6753635585970915,0.809433962264151,0.6928721174004193,"[0.736390591684435, 0.6928721174004193, 0.734559546635482]","[0.6904315196998124, 0.809433962264151, 0.6753635585970915]","[0.5207147758963702, 0.3723502367556991, 0.5089232593575027]","[0.6904370686822215, 0.7681564245810056]","[[0.67590618336887, 0.796875], [0.8385744234800838, 0.5471698113207547], [0.6599904625655698, 0.8091286307053942]]","[533, 530, 2338]",0.7984815411136833,"[0.796875, 0.5471698113207547, 0.8091286307053942]","[0.67590618336887, 0.8385744234800838, 0.6599904625655698]","[0.3820224719101124, 0.3647798742138365, 0.3394255874673629]","[0.790911513859275, 0.7737826826470472, 0.8180783850472024]",0.3620759778637706,0.3394255874673629,"[0.0, 0.0, 1.0]","[0.15679211914539337, 0.15568950772285461, 0.6875183582305908]"
"{""run_name"": ""nhanes_disjoint_pergroup_gdro"", ""seed"": 1337, ""run_dir"": ""runs/latdiag/sep_only_s1337"", ""feature_mode"": ""disjoint"", ""use_nhanes"": true, ""num_classes"": 2, ""stratified_batching"": true, ""train_frac"": 0.8, ""use_post_pandemic"": true, ""data_split_seed"": 100, ""batch_size"": 128, ""num_workers"": 0, ""epochs"": 100, ""early_stopping_patience"": 25, ""lr"": 0.001, ""weight_decay"": 0.0001, ""optimizer"": ""adam"", ""grad_clip"": 1.0, ""lr_scheduler"": ""cosine"", ""lr_min"": 1e-05, ""latent_dim"": 64, ""head_hidden"": 32, ""common_encoder"": false, ""groups"": [{""name"": ""survey_only"", ""encoder"": ""mlp_tabular_ln"", ""input_dim"": 15, ""hidden_dim"": 64, ""dropout"": 0.1}, {""name"": ""exam"", ""encoder"": ""mlp_tabular_ln"", ""input_dim"": 15, ""hidden_dim"": 64, ""dropout"": 0.1}, {""name"": ""vitals_labs"", ""encoder"": ""mlp_tabular_ln"", ""input_dim"": 15, ""hidden_dim"": 64, ""dropout"": 0.1}], ""anchor_eps"": 0.0001, ""sep_samples_per_class"": 4, ""sep_method"": ""classifier"", ""sep_margin"": 1.0, ""lambda_fit"": 0.0, ""lambda_sep"": 0.1, ""groupdro_enabled"": true, ""groupdro_eta"": 1.0, ""groupdro_gamma"": 0.9, ""groupdro_update_mode"": ""softmax"", ""groupdro_objective"": ""weighted"", ""groupdro_kl_lambda"": 0.0, ""groupdro_uniform_init"": false, ""log_interval"": 20, ""save_every"": 10, ""return_latents"": true}","{""num_groups"": 3, ""num_classes"": 2, ""train_total"": 13604, ""test_total"": 3401, ""train_group_counts"": [2133, 2118, 9353], ""test_group_counts"": [533, 530, 2338], ""train_class_counts"": [12174, 1430], ""test_class_counts"": [3043, 358], ""train_group_class_counts"": [[1876, 257], [1908, 210], [8390, 963]], ""test_group_class_counts"": [[469, 64], [477, 53], [2097, 241]], ""group_proportions"": [0.15679211996471626, 0.15568950308732726, 0.6875183769479565], ""group_names"": [""survey_only"", ""exam"", ""vitals_labs""], ""group_feature_counts"": {""0"": 15, ""1"": 15, ""2"": 15}, ""max_features"": 25, ""feature_mode"": ""disjoint""}","{""num_groups"": 3, ""eta"": 1.0, ""update_mode"": ""softmax"", ""robust_objective"": ""weighted"", ""gamma"": 0.9, ""kl_lambda"": 0.0, ""initial_pi"": [0.15679211914539337, 0.15568950772285461, 0.6875183582305908]}",2026-09-10T03:50:41.937415,10,0.4711127637997602,0.7028974739970282,0.001,0.7006762716847986,0.6983448182802809,0.6941838649155723,0.7027373823781009,0.6981132075471698,"[0.7250299840085288, 0.6981132075471698, 0.7332931653003599]","[0.6941838649155723, 0.6981132075471698, 0.7027373823781009]","[0.512852035804444, 0.4934429163917298, 0.4722045391681106]","[0.6937232993756162, 0.7597765363128491]","[[0.6844349680170576, 0.765625], [0.6981132075471698, 0.6981132075471698], [0.6948020982355746, 0.7717842323651453]]","[533, 530, 2338]",0.8045922779086354,"[0.765625, 0.6981132075471698, 0.7717842323651453]","[0.6844349680170576, 0.6981132075471698, 0.6948020982355746]","[0.37547892720306514, 0.3162393162393162, 0.34864104967197745]","[0.78897921108742, 0.7677307068549504, 0.8193309153364715]",0.3467864310381196,0.3162393162393162,"[0.0, 0.0, 1.0]","[0.15679211914539337, 0.15568950772285461, 0.6875183582305908]"
"{""run_name"": ""nhanes_disjoint_pergroup_gdro"", ""seed"": 1337, ""run_dir"": ""runs/latdiag/sep_only_s1337"", ""feature_mode"": ""disjoint"", ""use_nhanes"": true, ""num_classes"": 2, ""stratified_batching"": true, ""train_frac"": 0.8, ""use_post_pandemic"": true, ""data_split_seed"": 100, ""batch_size"": 128, ""num_workers"": 0, ""epochs"": 100, ""early_stopping_patience"": 25, ""lr"": 0.001, ""weight_decay"": 0.0001, ""optimizer"": ""adam"", ""grad_clip"": 1.0, ""lr_scheduler"": ""cosine"", ""lr_min"": 1e-05, ""latent_dim"": 64, ""head_hidden"": 32, ""common_encoder"": false, ""groups"": [{""name"": ""survey_only"", ""encoder"": ""mlp_tabular_ln"", ""input_dim"": 15, ""hidden_dim"": 64, ""dropout"": 0.1}, {""name"": ""exam"", ""encoder"": ""mlp_tabular_ln"", ""input_dim"": 15, ""hidden_dim"": 64, ""dropout"": 0.1}, {""name"": ""vitals_labs"", ""encoder"": ""mlp_tabular_ln"", ""input_dim"": 15, ""hidden_dim"": 64, ""dropout"": 0.1}], ""anchor_eps"": 0.0001, ""sep_samples_per_class"": 4, ""sep_method"": ""classifier"", ""sep_margin"": 1.0, ""lambda_fit"": 0.0, ""lambda_sep"": 0.1, ""groupdro_enabled"": true, ""groupdro_eta"": 1.0, ""groupdro_gamma"": 0.9, ""groupdro_update_mode"": ""softmax"", ""groupdro_objective"": ""weighted"", ""groupdro_kl_lambda"": 0.0, ""groupdro_uniform_init"": false, ""log_interval"": 20, ""save_every"": 10, ""return_latents"": true}","{""num_groups"": 3, ""num_classes"": 2, ""train_total"": 13604, ""test_total"": 3401, ""train_group_counts"": [2133, 2118, 9353], ""test_group_counts"": [533, 530, 2338], ""train_class_counts"": [12174, 1430], ""test_class_counts"": [3043, 358], ""train_group_class_counts"": [[1876, 257], [1908, 210], [8390, 963]], ""test_group_class_counts"": [[469, 64], [477, 53], [2097, 241]], ""group_proportions"": [0.15679211996471626, 0.15568950308732726, 0.6875183769479565], ""group_names"": [""survey_only"", ""exam"", ""vitals_labs""], ""group_feature_counts"": {""0"": 15, ""1"": 15, ""2"": 15}, ""max_features"": 25, ""feature_mode"": ""disjoint""}","{""num_groups"": 3, ""eta"": 1.0, ""update_mode"": ""softmax"", ""robust_objective"": ""weighted"", ""gamma"": 0.9, ""kl_lambda"": 0.0, ""initial_pi"": [0.15679211914539337, 0.15568950772285461, 0.6875183582305908]}",2026-09-10T03:50:41.937415,11,0.47564895680453767,0.7041604754651992,0.001,0.7030285210232284,0.6806165188927507,0.6416510318949343,0.7228400342172797,0.720125786163522,"[0.7289112473347548, 0.720125786163522, 0.7316458802042831]","[0.6416510318949343, 0.6773584905660377, 0.7228400342172797]","[0.5667358718383388, 0.48708661242647927, 0.46601281738171824]","[0.695695037791653, 0.7653631284916201]","[[0.6140724946695096, 0.84375], [0.6666666666666666, 0.7735849056603774], [0.7205531711969481, 0.7427385892116183]]","[533, 530, 2338]",0.805902180478321,"[0.84375, 0.7735849056603774, 0.7427385892116183]","[0.6140724946695096, 0.6666666666666666, 0.7205531711969481]","[0.3612040133779264, 0.3241106719367589, 0.35586481113320073]","[0.7872134861407251, 0.7689173687749693, 0.8198829784497513]",0.3470598321492953,0.3241106719367589,"[0.0, 0.0, 1.0]","[0.15679211914539337, 0.15568950772285461, 0.6875183582305908]"
"{""run_name"": ""nhanes_disjoint_pergroup_gdro"", ""seed"": 1337, ""run_dir"": ""runs/latdiag/sep_only_s1337"", ""feature_mode"": ""disjoint"", ""use_nhanes"": true, ""num_classes"": 2, ""stratified_batching"": true, ""train_frac"": 0.8, ""use_post_pandemic"": true, ""data_split_seed"": 100, ""batch_size"": 128, ""num_workers"": 0, ""epochs"": 100, ""early_stopping_patience"": 25, ""lr"": 0.001, ""weight_decay"": 0.0001, ""optimizer"": ""adam"", ""grad_clip"": 1.0, ""lr_scheduler"": ""cosine"", ""lr_min"": 1e-05, ""latent_dim"": 64, ""head_hidden"": 32, ""common_encoder"": false, ""groups"": [{""name"": ""survey_only"", ""encoder"": ""mlp_tabular_ln"", ""input_dim"": 15, ""hidden_dim"": 64, ""dropout"": 0.1}, {""name"": ""exam"", ""encoder"": ""mlp_tabular_ln"", ""input_dim"": 15, ""hidden_dim"": 64, ""dropout"": 0.1}, {""name"": ""vitals_labs"", ""encoder"": ""mlp_tabular_ln"", ""input_dim"": 15, ""hidden_dim"": 64, ""dropout"": 0.1}], ""anchor_eps"": 0.0001, ""sep_samples_per_class"": 4, ""sep_method"": ""classifier"", ""sep_margin"": 1.0, ""lambda_fit"": 0.0, ""lambda_sep"": 0.1, ""groupdro_enabled"": true, ""groupdro_eta"": 1.0, ""groupdro_gamma"": 0.9, ""groupdro_update_mode"": ""softmax"", ""groupdro_objective"": ""weighted"", ""groupdro_kl_lambda"": 0.0, ""groupdro_uniform_init"": false, ""log_interval"": 20, ""save_every"": 10, ""return_latents"": true}","{""num_groups"": 3, ""num_classes"": 2, ""train_total"": 13604, ""test_total"": 3401, ""train_group_counts"": [2133, 2118, 9353], ""test_group_counts"": [533, 530, 2338], ""train_class_counts"": [12174, 1430], ""test_class_counts"": [3043, 358], ""train_group_class_counts"": [[1876, 257], [1908, 210], [8390, 963]], ""test_group_class_counts"": [[469, 64], [477, 53], [2097, 241]], ""group_proportions"": [0.15679211996471626, 0.15568950308732726, 0.6875183769479565], ""group_names"": [""survey_only"", ""exam"", ""vitals_labs""], ""group_feature_counts"": {""0"": 15, ""1"": 15, ""2"": 15}, ""max_features"": 25, ""feature_mode"": ""disjoint""}","{""num_groups"": 3, ""eta"": 1.0, ""update_mode"": ""softmax"", ""robust_objective"": ""weighted"", ""gamma"": 0.9, ""kl_lambda"": 0.0, ""initial_pi"": [0.15679211914539337, 0.15568950772285461, 0.6875183582305908]}",2026-09-10T03:50:41.937415,12,0.46911296545573544,0.7090638929986316,0.001,0.6745074977947663,0.6759358139034131,0.6641509433962264,0.6904315196998124,0.6960167714884695,"[0.7296441897654584, 0.6960167714884695, 0.7425486320113499]","[0.6904315196998124, 0.6641509433962264, 0.6732249786142002]","[0.49012868557208383, 0.5060046516768503, 0.5225284716452095]","[0.6588892540256326, 0.8072625698324022]","[[0.6780383795309168, 0.78125], [0.6561844863731656, 0.7358490566037735], [0.6552217453505007, 0.8298755186721992]]","[533, 530, 2338]",0.8056332236087218,"[0.78125, 0.7358490566037735, 0.8298755186721992]","[0.6780383795309168, 0.6561844863731656, 0.6552217453505007]","[0.37735849056603776, 0.30468749999999994, 0.3436426116838488]","[0.7937433368869936, 0.7746529013883945, 0.8203024672670106]",0.3418962007499622,0.30468749999999994,"[0.0, 0.0, 1.0]","[0.15679211914539337, 0.15568950772285461, 0.6875183582305908]"
"{""run_name"": ""nhanes_disjoint_pergroup_gdro"", ""seed"": 1337, ""run_dir"": ""runs/latdiag/sep_only_s1337"", ""feature_mode"": ""disjoint"", ""use_nhanes"": true, ""num_classes"": 2, ""stratified_batching"": true, ""train_frac"": 0.8, ""use_post_pandemic"": true, ""data_split_seed"": 100, ""batch_size"": 128, ""num_workers"": 0, ""epochs"": 100, ""early_stopping_patience"": 25, ""lr"": 0.001, ""weight_decay"": 0.0001, ""optimizer"": ""adam"", ""grad_clip"": 1.0, ""lr_scheduler"": ""cosine"", ""lr_min"": 1e-05, ""latent_dim"": 64, ""head_hidden"": 32, ""common_encoder"": false, ""groups"": [{""name"": ""survey_only"", ""encoder"": ""mlp_tabular_ln"", ""input_dim"": 15, ""hidden_dim"": 64, ""dropout"": 0.1}, {""name"": ""exam"", ""encoder"": ""mlp_tabular_ln"", ""input_dim"": 15, ""hidden_dim"": 64, ""dropout"": 0.1}, {""name"": ""vitals_labs"", ""encoder"": ""mlp_tabular_ln"", ""input_dim"": 15, ""hidden_dim"": 64, ""dropout"": 0.1}], ""anchor_eps"": 0.0001, ""sep_samples_per_class"": 4, ""sep_method"": ""classifier"", ""sep_margin"": 1.0, ""lambda_fit"": 0.0, ""lambda_sep"": 0.1, ""groupdro_enabled"": true, ""groupdro_eta"": 1.0, ""groupdro_gamma"": 0.9, ""groupdro_update_mode"": ""softmax"", ""groupdro_objective"": ""weighted"", ""groupdro_kl_lambda"": 0.0, ""groupdro_uniform_init"": false, ""log_interval"": 20, ""save_every"": 10, ""return_latents"": true}","{""num_groups"": 3, ""num_classes"": 2, ""train_total"": 13604, ""test_total"": 3401, ""train_group_counts"": [2133, 2118, 9353], ""test_group_counts"": [533, 530, 2338], ""train_class_counts"": [12174, 1430], ""test_class_counts"": [3043, 358], ""train_group_class_counts"": [[1876, 257], [1908, 210], [8390, 963]], ""test_group_class_counts"": [[469, 64], [477, 53], [2097, 241]], ""group_proportions"": [0.15679211996471626, 0.15568950308732726, 0.6875183769479565], ""group_names"": [""survey_only"", ""exam"", ""vitals_labs""], ""group_feature_counts"": {""0"": 15, ""1"": 15, ""2"": 15}, ""max_features"": 25, ""feature_mode"": ""disjoint""}","{""num_groups"": 3, ""eta"": 1.0, ""update_mode"": ""softmax"", ""robust_objective"": ""weighted"", ""gamma"": 0.9, ""kl_lambda"": 0.0, ""initial_pi"": [0.15679211914539337, 0.15568950772285461, 0.6875183582305908]}",2026-09-10T03:50:41.937415,13,0.47722801623691596,0.7069836552394623,0.001,0.7171420170538078,0.7179377427967225,0.7094339622641509,0.7279549718574109,0.721174004192872,"[0.7239805437100213, 0.721174004192872, 0.7335781011007624]","[0.7279549718574109, 0.7094339622641509, 0.7164242942686057]","[0.4819535089493896, 0.4847974760646499, 0.42509492397969795]","[0.7137693066053237, 0.7458100558659218]","[[0.7292110874200426, 0.71875], [0.7064989517819706, 0.7358490566037735], [0.7119694802098235, 0.7551867219917012]]","[533, 530, 2338]",0.8056676464162644,"[0.71875, 0.7358490566037735, 0.7551867219917012]","[0.7292110874200426, 0.7064989517819706, 0.7119694802098235]","[0.3881856540084388, 0.3362068965517241, 0.35443037974683544]","[0.7930103944562901, 0.7785293303271231, 0.8186007673479402]",0.3596076434356661,0.3362068965517241,"[0.0, 0.0, 1.0]","[0.15679211914539337, 0.15568950772285461, 0.6875183582305908]"
"{""run_name"": ""nhanes_disjoint_pergroup_gdro"", ""seed"": 1337, ""run_dir"": ""runs/latdiag/sep_only_s1337"", ""feature_mode"": ""disjoint"", ""use_nhanes"": true, ""num_classes"": 2, ""stratified_batching"": true, ""train_frac"": 0.8, ""use_post_pandemic"": true, ""data_split_seed"": 100, ""batch_size"": 128, ""num_workers"": 0, ""epochs"": 100, ""early_stopping_patience"": 25, ""lr"": 0.001, ""weight_decay"": 0.0001, ""optimizer"": ""adam"", ""grad_clip"": 1.0, ""lr_scheduler"": ""cosine"", ""lr_min"": 1e-05, ""latent_dim"": 64, ""head_hidden"": 32, ""common_encoder"": false, ""groups"": [{""name"": ""survey_only"", ""encoder"": ""mlp_tabular_ln"", ""input_dim"": 15, ""hidden_dim"": 64, ""dropout"": 0.1}, {""name"": ""exam"", ""encoder"": ""mlp_tabular_ln"", ""input_dim"": 15, ""hidden_dim"": 64, ""dropout"": 0.1}, {""name"": ""vitals_labs"", ""encoder"": ""mlp_tabular_ln"", ""input_dim"": 15, ""hidden_dim"": 64, ""dropout"": 0.1}], ""anchor_eps"": 0.0001, ""sep_samples_per_class"": 4, ""sep_method"": ""classifier"", ""sep_margin"": 1.0, ""lambda_fit"": 0.0, ""lambda_sep"": 0.1, ""groupdro_enabled"": true, ""groupdro_eta"": 1.0, ""groupdro_gamma"": 0.9, ""groupdro_update_mode"": ""softmax"", ""groupdro_objective"": ""weighted"", ""groupdro_kl_lambda"": 0.0, ""groupdro_uniform_init"": false, ""log_interval"": 20, ""save_every"": 10, ""return_latents"": true}","{""num_groups"": 3, ""num_classes"": 2, ""train_total"": 13604, ""test_total"": 3401, ""train_group_counts"": [2133, 2118, 9353], ""test_group_counts"": [533, 530, 2338], ""train_class_counts"": [12174, 1430], ""test_class_counts"": [3043, 358], ""train_group_class_counts"": [[1876, 257], [1908, 210], [8390, 963]], ""test_group_class_counts"": [[469, 64], [477, 53], [2097, 241]], ""group_proportions"": [0.15679211996471626, 0.15568950308732726, 0.6875183769479565], ""group_names"": [""survey_only"", ""exam"", ""vitals_labs""], ""group_feature_counts"": {""0"": 15, ""1"": 15, ""2"": 15}, ""max_features"": 25, ""feature_mode"": ""disjoint""}","{""num_groups"": 3, ""eta"": 1.0, ""update_mode"": ""softmax"", ""robust_objective"": ""weighted"", ""gamma"": 0.9, ""kl_lambda"": 0.0, ""initial_pi"": [0.15679211914539337, 0.15568950772285461, 0.6875183582305908]}",2026-09-10T03:50:41.937415,14,0.45764738472751487,0.7064635958040982,0.001,0.6765657159658924,0.6998280818598767,0.6561163387510693,0.7716981132075472,0.7222222222222222,"[0.74596881663113, 0.7222222222222222, 0.7385199563889928]","[0.6716697936210131, 0.7716981132075472, 0.6561163387510693]","[0.5818433344793925, 0.40521929831740533, 0.5369714097814924]","[0.6602037463029905, 0.8156424581005587]","[[0.6481876332622601, 0.84375], [0.7840670859538784, 0.660377358490566], [0.6347162613257034, 0.8423236514522822]]","[533, 530, 2338]",0.8014051849009634,"[0.84375, 0.660377358490566, 0.8423236514522822]","[0.6481876332622601, 0.7840670859538784, 0.6347162613257034]","[0.38162544169611307, 0.36649214659685864, 0.33553719008264465]","[0.7889125799573561, 0.7850559708872276, 0.817360109383688]",0.36121825945853875,0.33553719008264465,"[0.0, 0.0, 1.0]","[0.15679211914539337, 0.15568950772285461, 0.6875183582305908]"
"{""run_name"": ""nhanes_disjoint_pergroup_gdro"", ""seed"": 1337, ""run_dir"": ""runs/latdiag/sep_only_s1337"", ""feature_mode"": ""disjoint"", ""use_nhanes"": true, ""num_classes"": 2, ""stratified_batching"": true, ""train_frac"": 0.8, ""use_post_pandemic"": true, ""data_split_seed"": 100, ""batch_size"": 128, ""num_workers"": 0, ""epochs"": 100, ""early_stopping_patience"": 25, ""lr"": 0.001, ""weight_decay"": 0.0001, ""optimizer"": ""adam"", ""grad_clip"": 1.0, ""lr_scheduler"": ""cosine"", ""lr_min"": 1e-05, ""latent_dim"": 64, ""head_hidden"": 32, ""common_encoder"": false, ""groups"": [{""name"": ""survey_only"", ""encoder"": ""mlp_tabular_ln"", ""input_dim"": 15, ""hidden_dim"": 64, ""dropout"": 0.1}, {""name"": ""exam"", ""encoder"": ""mlp_tabular_ln"", ""input_dim"": 15, ""hidden_dim"": 64, ""dropout"": 0.1}, {""name"": ""vitals_labs"", ""encoder"": ""mlp_tabular_ln"", ""input_dim"": 15, ""hidden_dim"": 64, ""dropout"": 0.1}], ""anchor_eps"": 0.0001, ""sep_samples_per_class"": 4, ""sep_method"": ""classifier"", ""sep_margin"": 1.0, ""lambda_fit"": 0.0, ""lambda_sep"": 0.1, ""groupdro_enabled"": true, ""groupdro_eta"": 1.0, ""groupdro_gamma"": 0.9, ""groupdro_update_mode"": ""softmax"", ""groupdro_objective"": ""weighted"", ""groupdro_kl_lambda"": 0.0, ""groupdro_uniform_init"": false, ""log_interval"": 20, ""save_every"": 10, ""return_latents"": true}","{""num_groups"": 3, ""num_classes"": 2, ""train_total"": 13604, ""test_total"": 3401, ""train_group_counts"": [2133, 2118, 9353], ""test_group_counts"": [533, 530, 2338], ""train_class_counts"": [12174, 1430], ""test_class_counts"": [3043, 358], ""train_group_class_counts"": [[1876, 257], [1908, 210], [8390, 963]], ""test_group_class_counts"": [[469, 64], [477, 53], [2097, 241]], ""group_proportions"": [0.15679211996471626, 0.15568950308732726, 0.6875183769479565], ""group_names"": [""survey_only"", ""exam"", ""vitals_labs""], ""group_feature_counts"": {""0"": 15, ""1"": 15, ""2"": 15}, ""max_features"": 25, ""feature_mode"": ""disjoint""}","{""num_groups"": 3, ""eta"": 1.0, ""update_mode"": ""softmax"", ""robust_objective"": ""weighted"", ""gamma"": 0.9, ""kl_lambda"": 0.0, ""initial_pi"": [0.15679211914539337, 0.15568950772285461, 0.6875183582305908]}",2026-09-10T03:50:41.937415,15,0.4467586597198009,0.6921991085049656,0.001,0.7044986768597471,0.7084628142358976,0.6960600375234521,0.7283018867924528,0.7249944101136379,"[0.7395888859275053, 0.7484276729559749, 0.7249944101136379]","[0.6960600375234521, 0.7283018867924528, 0.7010265183917879]","[0.5271198506836631, 0.47249199953531507, 0.44961662501870203]","[0.6973381531383503, 0.7653631284916201]","[[0.6823027718550106, 0.796875], [0.7232704402515723, 0.7735849056603774], [0.6948020982355746, 0.7551867219917012]]","[533, 530, 2338]",0.8031859914778309,"[0.796875, 0.7735849056603774, 0.7551867219917012]","[0.6823027718550106, 0.7232704402515723, 0.6948020982355746]","[0.3863636363636364, 0.36283185840707965, 0.34242709313264347]","[0.7888792643923241, 0.7712115818203394, 0.8154328352892989]",0.3638741959677865,0.34242709313264347,"[0.0, 0.0, 1.0]","[0.15679211914539337, 0.15568950772285461, 0.6875183582305908]"
"{""run_name"": ""nhanes_disjoint_pergroup_gdro"", ""seed"": 1337, ""run_dir"": ""runs/latdiag/sep_only_s1337"", ""feature_mode"": ""disjoint"", ""use_nhanes"": true, ""num_classes"": 2, ""stratified_batching"": true, ""train_frac"": 0.8, ""use_post_pandemic"": true, ""data_split_seed"": 100, ""batch_size"": 128, ""num_workers"": 0, ""epochs"": 100, ""early_stopping_patience"": 25, ""lr"": 0.001, ""weight_decay"": 0.0001, ""optimizer"": ""adam"", ""grad_clip"": 1.0, ""lr_scheduler"": ""cosine"", ""lr_min"": 1e-05, ""latent_dim"": 64, ""head_hidden"": 32, ""common_encoder"": false, ""groups"": [{""name"": ""survey_only"", ""encoder"": ""mlp_tabular_ln"", ""input_dim"": 15, ""hidden_dim"": 64, ""dropout"": 0.1}, {""name"": ""exam"", ""encoder"": ""mlp_tabular_ln"", ""input_dim"": 15, ""hidden_dim"": 64, ""dropout"": 0.1}, {""name"": ""vitals_labs"", ""encoder"": ""mlp_tabular_ln"", ""input_dim"": 15, ""hidden_dim"": 64, ""dropout"": 0.1}], ""anchor_eps"": 0.0001, ""sep_samples_per_class"": 4, ""sep_method"": ""classifier"", ""sep_margin"": 1.0, ""lambda_fit"": 0.0, ""lambda_sep"": 0.1, ""groupdro_enabled"": true, ""groupdro_eta"": 1.0, ""groupdro_gamma"": 0.9, ""groupdro_update_mode"": ""softmax"", ""groupdro_objective"": ""weighted"", ""groupdro_kl_lambda"": 0.0, ""groupdro_uniform_init"": false, ""log_interval"": 20, ""save_every"": 10, ""return_latents"": true}","{""num_groups"": 3, ""num_classes"": 2, ""train_total"": 13604, ""test_total"": 3401, ""train_group_counts"": [2133, 2118, 9353], ""test_group_counts"": [533, 530, 2338], ""train_class_counts"": [12174, 1430], ""test_class_counts"": [3043, 358], ""train_group_class_counts"": [[1876, 257], [1908, 210], [8390, 963]], ""test_group_class_counts"": [[469, 64], [477, 53], [2097, 241]], ""group_proportions"": [0.15679211996471626, 0.15568950308732726, 0.6875183769479565], ""group_names"": [""survey_only"", ""exam"", ""vitals_labs""], ""group_feature_counts"": {""0"": 15, ""1"": 15, ""2"": 15}, ""max_features"": 25, ""feature_mode"": ""disjoint""}","{""num_groups"": 3, ""eta"": 1.0, ""update_mode"": ""softmax"", ""robust_objective"": ""weighted"", ""gamma"": 0.9, ""kl_lambda"": 0.0, ""initial_pi"": [0.15679211914539337, 0.15568950772285461, 0.6875183582305908]}",2026-09-10T03:50:41.937415,16,0.44640460397389453,0.7133729569447873,0.001,0.7147897677153778,0.7449387192753658,0.6881950384944396,0.7830188679245284,0.6698113207547169,"[0.6835187899786781, 0.6698113207547169, 0.7362038636503045]","[0.7636022514071295, 0.7830188679245284, 0.6881950384944396]","[0.4580665154274623, 0.39236596697267506, 0.48397209845886424]","[0.7144265527440026, 0.7178770949720671]","[[0.7889125799573561, 0.578125], [0.8113207547169812, 0.5283018867924528], [0.675727229375298, 0.7966804979253111]]","[533, 530, 2338]",0.7931276471139,"[0.578125, 0.5283018867924528, 0.7966804979253111]","[0.7889125799573561, 0.8113207547169812, 0.675727229375298]","[0.37, 0.32748538011695905, 0.34501347708894886]","[0.7804171108742004, 0.7702226968869902, 0.8175688644318994]",0.34749961906863597,0.32748538011695905,"[0.0, 0.0, 1.0]","[0.15679211914539337, 0.15568950772285461, 0.6875183582305908]"
"{""run_name"": ""nhanes_disjoint_pergroup_gdro"", ""seed"": 1337, ""run_dir"": ""runs/latdiag/sep_only_s1337"", ""feature_mode"": ""disjoint"", ""use_nhanes"": true, ""num_classes"": 2, ""stratified_batching"": true, ""train_frac"": 0.8, ""use_post_pandemic"": true, ""data_split_seed"": 100, ""batch_size"": 128, ""num_workers"": 0, ""epochs"": 100, ""early_stopping_patience"": 25, ""lr"": 0.001, ""weight_decay"": 0.0001, ""optimizer"": ""adam"", ""grad_clip"": 1.0, ""lr_scheduler"": ""cosine"", ""lr_min"": 1e-05, ""latent_dim"": 64, ""head_hidden"": 32, ""common_encoder"": false, ""groups"": [{""name"": ""survey_only"", ""encoder"": ""mlp_tabular_ln"", ""input_dim"": 15, ""hidden_dim"": 64, ""dropout"": 0.1}, {""name"": ""exam"", ""encoder"": ""mlp_tabular_ln"", ""input_dim"": 15, ""hidden_dim"": 64, ""dropout"": 0.1}, {""name"": ""vitals_labs"", ""encoder"": ""mlp_tabular_ln"", ""input_dim"": 15, ""hidden_dim"": 64, ""dropout"": 0.1}], ""anchor_eps"": 0.0001, ""sep_samples_per_class"": 4, ""sep_method"": ""classifier"", ""sep_margin"": 1.0, ""lambda_fit"": 0.0, ""lambda_sep"": 0.1, ""groupdro_enabled"": true, ""groupdro_eta"": 1.0, ""groupdro_gamma"": 0.9, ""groupdro_update_mode"": ""softmax"", ""groupdro_objective"": ""weighted"", ""groupdro_kl_lambda"": 0.0, ""groupdro_uniform_init"": false, ""log_interval"": 20, ""save_every"": 10, ""return_latents"": true}","{""num_groups"": 3, ""num_classes"": 2, ""train_total"": 13604, ""test_total"": 3401, ""train_group_counts"": [2133, 2118, 9353], ""test_group_counts"": [533, 530, 2338], ""train_class_counts"": [12174, 1430], ""test_class_counts"": [3043, 358], ""train_group_class_counts"": [[1876, 257], [1908, 210], [8390, 963]], ""test_group_class_counts"": [[469, 64], [477, 53], [2097, 241]], ""group_proportions"": [0.15679211996471626, 0.15568950308732726, 0.6875183769479565], ""group_names"": [""survey_only"", ""exam"", ""vitals_labs""], ""group_feature_counts"": {""0"": 15, ""1"": 15, ""2"": 15}, ""max_features"": 25, ""feature_mode"": ""disjoint""}","{""num_groups"": 3, ""eta"": 1.0, ""update_mode"": ""softmax"", ""robust_objective"": ""weighted"", ""gamma"": 0.9, ""kl_lambda"": 0.0, ""initial_pi"": [0.15679211914539337, 0.15568950772285461, 0.6875183582305908]}",2026-09-10T03:50:41.937415,17,0.44522757245252603,0.7056463596016656,0.001,0.6524551602469861,0.6842604671966658,0.6244653550042771,0.7641509433962265,0.7214652185501066,"[0.7214652185501066, 0.7348008385744235, 0.728220714436945]","[0.6641651031894934, 0.7641509433962265, 0.6244653550042771]","[0.5860279654027393, 0.4260391819769417, 0.5729005257862833]","[0.6322707854091357, 0.8240223463687151]","[[0.6460554371002132, 0.796875], [0.7714884696016772, 0.6981132075471698], [0.5975202670481641, 0.8589211618257261]]","[533, 530, 2338]",0.7953917499086648,"[0.796875, 0.6981132075471698, 0.8589211618257261]","[0.6460554371002132, 0.7714884696016772, 0.5975202670481641]","[0.36298932384341637, 0.37185929648241206, 0.3204334365325077]","[0.7825826226012793, 0.7807048771804912, 0.8141031348874208]",0.35176068561944535,0.3204334365325077,"[0.0, 0.0, 1.0]","[0.15679211914539337, 0.15568950772285461, 0.6875183582305908]"
"{""run_name"": ""nhanes_disjoint_pergroup_gdro"", ""seed"": 1337, ""run_dir"": ""runs/latdiag/sep_only_s1337"", ""feature_mode"": ""disjoint"", ""use_nhanes"": true, ""num_classes"": 2, ""stratified_batching"": true, ""train_frac"": 0.8, ""use_post_pandemic"": true, ""data_split_seed"": 100, ""batch_size"": 128, ""num_workers"": 0, ""epochs"": 100, ""early_stopping_patience"": 25, ""lr"": 0.001, ""weight_decay"": 0.0001, ""optimizer"": ""adam"", ""grad_clip"": 1.0, ""lr_scheduler"": ""cosine"", ""lr_min"": 1e-05, ""latent_dim"": 64, ""head_hidden"": 32, ""common_encoder"": false, ""groups"": [{""name"": ""survey_only"", ""encoder"": ""mlp_tabular_ln"", ""input_dim"": 15, ""hidden_dim"": 64, ""dropout"": 0.1}, {""name"": ""exam"", ""encoder"": ""mlp_tabular_ln"", ""input_dim"": 15, ""hidden_dim"": 64, ""dropout"": 0.1}, {""name"": ""vitals_labs"", ""encoder"": ""mlp_tabular_ln"", ""input_dim"": 15, ""hidden_dim"": 64, ""dropout"": 0.1}], ""anchor_eps"": 0.0001, ""sep_samples_per_class"": 4, ""sep_method"": ""classifier"", ""sep_margin"": 1.0, ""lambda_fit"": 0.0, ""lambda_sep"": 0.1, ""groupdro_enabled"": true, ""groupdro_eta"": 1.0, ""groupdro_gamma"": 0.9, ""groupdro_update_mode"": ""softmax"", ""groupdro_objective"": ""weighted"", ""groupdro_kl_lambda"": 0.0, ""groupdro_uniform_init"": false, ""log_interval"": 20, ""save_every"": 10, ""return_latents"": true}","{""num_groups"": 3, ""num_classes"": 2, ""train_total"": 13604, ""test_total"": 3401, ""train_group_counts"": [2133, 2118, 9353], ""test_group_counts"": [533, 530, 2338], ""train_class_counts"": [12174, 1430], ""test_class_counts"": [3043, 358], ""train_group_class_counts"": [[1876, 257], [1908, 210], [8390, 963]], ""test_group_class_counts"": [[469, 64], [477, 53], [2097, 241]], ""group_proportions"": [0.15679211996471626, 0.15568950308732726, 0.6875183769479565], ""group_names"": [""survey_only"", ""exam"", ""vitals_labs""], ""group_feature_counts"": {""0"": 15, ""1"": 15, ""2"": 15}, ""max_features"": 25, ""feature_mode"": ""disjoint""}","{""num_groups"": 3, ""eta"": 1.0, ""update_mode"": ""softmax"", ""robust_objective"": ""weighted"", ""gamma"": 0.9, ""kl_lambda"": 0.0, ""initial_pi"": [0.15679211914539337, 0.15568950772285461, 0.6875183582305908]}",2026-09-10T03:50:41.937415,18,0.4466502268326761,0.7066121842142022,0.001,0.6821523081446633,0.6908784979814572,0.6641651031894934,0.7339622641509433,0.701226012793177,"[0.701226012793177, 0.7180293501048218, 0.730410169042121]","[0.6641651031894934, 0.7339622641509433, 0.674508126603935]","[0.5794054131184613, 0.46952650282335456, 0.5032176369237461]","[0.6710483075911929, 0.776536312849162]","[[0.652452025586354, 0.75], [0.7379454926624738, 0.6981132075471698], [0.6599904625655698, 0.8008298755186722]]","[533, 530, 2338]",0.7972285509191348,"[0.75, 0.6981132075471698, 0.8008298755186722]","[0.652452025586354, 0.7379454926624738, 0.6599904625655698]","[0.34909090909090906, 0.3441860465116279, 0.3365300784655623]","[0.785014658848614, 0.7670978204976069, 0.8147778786925404]",0.3432690113560331,0.3365300784655623,"[0.0, 0.0, 1.0]","[0.15679211914539337, 0.15568950772285461, 0.6875183582305908]"
"{""run_name"": ""nhanes_disjoint_pergroup_gdro"", ""seed"": 1337, ""run_dir"": ""runs/latdiag/sep_only_s1337"", ""feature_mode"": ""disjoint"", ""use_nhanes"": true, ""num_classes"": 2, ""stratified_batching"": true, ""train_frac"": 0.8, ""use_post_pandemic"": true, ""data_split_seed"": 100, ""batch_size"": 128, ""num_workers"": 0, ""epochs"": 100, ""early_stopping_patience"": 25, ""lr"": 0.001, ""weight_decay"": 0.0001, ""optimizer"": ""adam"", ""grad_clip"": 1.0, ""lr_scheduler"": ""cosine"", ""lr_min"": 1e-05, ""latent_dim"": 64, ""head_hidden"": 32, ""common_encoder"": false, ""groups"": [{""name"": ""survey_only"", ""encoder"": ""mlp_tabular_ln"", ""input_dim"": 15, ""hidden_dim"": 64, ""dropout"": 0.1}, {""name"": ""exam"", ""encoder"": ""mlp_tabular_ln"", ""input_dim"": 15, ""hidden_dim"": 64, ""dropout"": 0.1}, {""name"": ""vitals_labs"", ""encoder"": ""mlp_tabular_ln"", ""input_dim"": 15, ""hidden_dim"": 64, ""dropout"": 0.1}], ""anchor_eps"": 0.0001, ""sep_samples_per_class"": 4, ""sep_method"": ""classifier"", ""sep_margin"": 1.0, ""lambda_fit"": 0.0, ""lambda_sep"": 0.1, ""groupdro_enabled"": true, ""groupdro_eta"": 1.0, ""groupdro_gamma"": 0.9, ""groupdro_update_mode"": ""softmax"", ""groupdro_objective"": ""weighted"", ""groupdro_kl_lambda"": 0.0, ""groupdro_uniform_init"": false, ""log_interval"": 20, ""save_every"": 10, ""return_latents"": true}","{""num_groups"": 3, ""num_classes"": 2, ""train_total"": 13604, ""test_total"": 3401, ""train_group_counts"": [2133, 2118, 9353], ""test_group_counts"": [533, 530, 2338], ""train_class_counts"": [12174, 1430], ""test_class_counts"": [3043, 358], ""train_group_class_counts"": [[1876, 257], [1908, 210], [8390, 963]], ""test_group_class_counts"": [[469, 64], [477, 53], [2097, 241]], ""group_proportions"": [0.15679211996471626, 0.15568950308732726, 0.6875183769479565], ""group_names"": [""survey_only"", ""exam"", ""vitals_labs""], ""group_feature_counts"": {""0"": 15, ""1"": 15, ""2"": 15}, ""max_features"": 25, ""feature_mode"": ""disjoint""}","{""num_groups"": 3, ""eta"": 1.0, ""update_mode"": ""softmax"", ""robust_objective"": ""weighted"", ""gamma"": 0.9, ""kl_lambda"": 0.0, ""initial_pi"": [0.15679211914539337, 0.15568950772285461, 0.6875183582305908]}",2026-09-10T03:50:41.937415,19,0.4495915530296527,0.7047548291410415,0.001,0.6706850926198177,0.7100092114360862,0.6360136869118905,0.769811320754717,0.6960167714884695,"[0.7016091417910448, 0.6960167714884695, 0.7346584826772884]","[0.724202626641651, 0.769811320754717, 0.6360136869118905]","[0.5196034395720216, 0.4021040532267092, 0.5361999690641506]","[0.6569175156095958, 0.7877094972067039]","[[0.7313432835820896, 0.671875], [0.7882599580712788, 0.6037735849056604], [0.6103958035288507, 0.8589211618257261]]","[533, 530, 2338]",0.7901172578516129,"[0.671875, 0.6037735849056604, 0.8589211618257261]","[0.7313432835820896, 0.7882599580712788, 0.6103958035288507]","[0.369098712446352, 0.34408602150537637, 0.32727272727272727]","[0.7810001332622601, 0.7745737905937267, 0.8159354303816756]",0.34681915374148525,0.32727272727272727,"[0.0, 0.0, 1.0]","[0.15679211914539337, 0.15568950772285461, 0.6875183582305908]"
"{""run_name"": ""nhanes_disjoint_pergroup_gdro"", ""seed"": 1337, ""run_dir"": ""runs/latdiag/sep_only_s1337"", ""feature_mode"": ""disjoint"", ""use_nhanes"": true, ""num_classes"": 2, ""stratified_batching"": true, ""train_frac"": 0.8, ""use_post_pandemic"": true, ""data_split_seed"": 100, ""batch_size"": 128, ""num_workers"": 0, ""epochs"": 100, ""early_stopping_patience"": 25, ""lr"": 0.001, ""weight_decay"": 0.0001, ""optimizer"": ""adam"", ""grad_clip"": 1.0, ""lr_scheduler"": ""cosine"", ""lr_min"": 1e-05, ""latent_dim"": 64, ""head_hidden"": 32, ""common_encoder"": false, ""groups"": [{""name"": ""survey_only"", ""encoder"": ""mlp_tabular_ln"", ""input_dim"": 15, ""hidden_dim"": 64, ""dropout"": 0.1}, {""name"": ""exam"", ""encoder"": ""mlp_tabular_ln"", ""input_dim"": 15, ""hidden_dim"": 64, ""dropout"": 0.1}, {""name"": ""vitals_labs"", ""encoder"": ""mlp_tabular_ln"", ""input_dim"": 15, ""hidden_dim"": 64, ""dropout"": 0.1}], ""anchor_eps"": 0.0001, ""sep_samples_per_class"": 4, ""sep_method"": ""classifier"", ""sep_margin"": 1.0, ""lambda_fit"": 0.0, ""lambda_sep"": 0.1, ""groupdro_enabled"": true, ""groupdro_eta"": 1.0, ""groupdro_gamma"": 0.9, ""groupdro_update_mode"": ""softmax"", ""groupdro_objective"": ""weighted"", ""groupdro_kl_lambda"": 0.0, ""groupdro_uniform_init"": false, ""log_interval"": 20, ""save_every"": 10, ""return_latents"": true}","{""num_groups"": 3, ""num_classes"": 2, ""train_total"": 13604, ""test_total"": 3401, ""train_group_counts"": [2133, 2118, 9353], ""test_group_counts"": [533, 530, 2338], ""train_class_counts"": [12174, 1430], ""test_class_counts"": [3043, 358], ""train_group_class_counts"": [[1876, 257], [1908, 210], [8390, 963]], ""test_group_class_counts"": [[469, 64], [477, 53], [2097, 241]], ""group_proportions"": [0.15679211996471626, 0.15568950308732726, 0.6875183769479565], ""group_names"": [""survey_only"", ""exam"", ""vitals_labs""], ""group_feature_counts"": {""0"": 15, ""1"": 15, ""2"": 15}, ""max_features"": 25, ""feature_mode"": ""disjoint""}","{""num_groups"": 3, ""eta"": 1.0, ""update_mode"": ""softmax"", ""robust_objective"": ""weighted"", ""gamma"": 0.9, ""kl_lambda"": 0.0, ""initial_pi"": [0.15679211914539337, 0.15568950772285461, 0.6875183582305908]}",2026-09-10T03:50:41.937415,20,0.4392898732228938,0.7106983654920627,0.001,0.7144957365480741,0.7206233442199613,0.6866791744840526,0.7660377358490567,0.707272787846482,"[0.707272787846482, 0.7274633123689727, 0.7295246914679536]","[0.6866791744840526, 0.7660377358490567, 0.7091531223267751]","[0.5648980846421647, 0.43476635606197445, 0.4552232888733854]","[0.7114689451199474, 0.7402234636871509]","[[0.6801705756929638, 0.734375], [0.7756813417190775, 0.6792452830188679], [0.703862660944206, 0.7551867219917012]]","[533, 530, 2338]",0.7979394966375801,"[0.734375, 0.6792452830188679, 0.7551867219917012]","[0.6801705756929638, 0.7756813417190775, 0.703862660944206]","[0.3601532567049809, 0.3673469387755102, 0.3486590038314176]","[0.7781183368869936, 0.7695898105296467, 0.8155159415644164]",0.3587197331039696,0.3486590038314176,"[0.0, 0.0, 1.0]","[0.15679211914539337, 0.15568950772285461, 0.6875183582305908]"
"{""run_name"": ""nhanes_disjoint_pergroup_gdro"", ""seed"": 1337, ""run_dir"": ""runs/latdiag/sep_only_s1337"", ""feature_mode"": ""disjoint"", ""use_nhanes"": true, ""num_classes"": 2, ""stratified_batching"": true, ""train_frac"": 0.8, ""use_post_pandemic"": true, ""data_split_seed"": 100, ""batch_size"": 128, ""num_workers"": 0, ""epochs"": 100, ""early_stopping_patience"": 25, ""lr"": 0.001, ""weight_decay"": 0.0001, ""optimizer"": ""adam"", ""grad_clip"": 1.0, ""lr_scheduler"": ""cosine"", ""lr_min"": 1e-05, ""latent_dim"": 64, ""head_hidden"": 32, ""common_encoder"": false, ""groups"": [{""name"": ""survey_only"", ""encoder"": ""mlp_tabular_ln"", ""input_dim"": 15, ""hidden_dim"": 64, ""dropout"": 0.1}, {""name"": ""exam"", ""encoder"": ""mlp_tabular_ln"", ""input_dim"": 15, ""hidden_dim"": 64, ""dropout"": 0.1}, {""name"": ""vitals_labs"", ""encoder"": ""mlp_tabular_ln"", ""input_dim"": 15, ""hidden_dim"": 64, ""dropout"": 0.1}], ""anchor_eps"": 0.0001, ""sep_samples_per_class"": 4, ""sep_method"": ""classifier"", ""sep_margin"": 1.0, ""lambda_fit"": 0.0, ""lambda_sep"": 0.1, ""groupdro_enabled"": true, ""groupdro_eta"": 1.0, ""groupdro_gamma"": 0.9, ""groupdro_update_mode"": ""softmax"", ""groupdro_objective"": ""weighted"", ""groupdro_kl_lambda"": 0.0, ""groupdro_uniform_init"": false, ""log_interval"": 20, ""save_every"": 10, ""return_latents"": true}","{""num_groups"": 3, ""num_classes"": 2, ""train_total"": 13604, ""test_total"": 3401, ""train_group_counts"": [2133, 2118, 9353], ""test_group_counts"": [533, 530, 2338], ""train_class_counts"": [12174, 1430], ""test_class_counts"": [3043, 358], ""train_group_class_counts"": [[1876, 257], [1908, 210], [8390, 963]], ""test_group_class_counts"": [[469, 64], [477, 53], [2097, 241]], ""group_proportions"": [0.15679211996471626, 0.15568950308732726, 0.6875183769479565], ""group_names"": [""survey_only"", ""exam"", ""vitals_labs""], ""group_feature_counts"": {""0"": 15, ""1"": 15, ""2"": 15}, ""max_features"": 25, ""feature_mode"": ""disjoint""}","{""num_groups"": 3, ""eta"": 1.0, ""update_mode"": ""softmax"", ""robust_objective"": ""weighted"", ""gamma"": 0.9, ""kl_lambda"": 0.0, ""initial_pi"": [0.15679211914539337, 0.15568950772285461, 0.6875183582305908]}",2026-09-10T03:50:41.937415,21,0.42973226962436717,0.7011887072985452,0.001,0.6900911496618641,0.6899209929362234,0.6341463414634146,0.7452830188679245,0.6976612473347548,"[0.6976612473347548, 0.69916142557652, 0.7337235370822178]","[0.6341463414634146, 0.7452830188679245, 0.6903336184773311]","[0.6367437960835755, 0.4705896887455919, 0.46577745602630033]","[0.6812356227407164, 0.7653631284916201]","[[0.6140724946695096, 0.78125], [0.7568134171907757, 0.6415094339622641], [0.6790653314258465, 0.7883817427385892]]","[533, 530, 2338]",0.7989588707116065,"[0.78125, 0.6415094339622641, 0.7883817427385892]","[0.6140724946695096, 0.7568134171907757, 0.6790653314258465]","[0.3389830508474576, 0.334975369458128, 0.34420289855072467]","[0.7746202025586354, 0.7659111585775878, 0.8179982468533392]",0.3393871062854368,0.334975369458128,"[0.0, 0.0, 1.0]","[0.15679211914539337, 0.15568950772285461, 0.6875183582305908]"
"{""run_name"": ""nhanes_disjoint_pergroup_gdro"", ""seed"": 1337, ""run_dir"": ""runs/latdiag/sep_only_s1337"", ""feature_mode"": ""disjoint"", ""use_nhanes"": true, ""num_classes"": 2, ""stratified_batching"": true, ""train_frac"": 0.8, ""use_post_pandemic"": true, ""data_split_seed"": 100, ""batch_size"": 128, ""num_workers"": 0, ""epochs"": 100, ""early_stopping_patience"": 25, ""lr"": 0.001, ""weight_decay"": 0.0001, ""optimizer"": ""adam"", ""grad_clip"": 1.0, ""lr_scheduler"": ""cosine"", ""lr_min"": 1e-05, ""latent_dim"": 64, ""head_hidden"": 32, ""common_encoder"": false, ""groups"": [{""name"": ""survey_only"", ""encoder"": ""mlp_tabular_ln"", ""input_dim"": 15, ""hidden_dim"": 64, ""dropout"": 0.1}, {""name"": ""exam"", ""encoder"": ""mlp_tabular_ln"", ""input_dim"": 15, ""hidden_dim"": 64, ""dropout"": 0.1}, {""name"": ""vitals_labs"", ""encoder"": ""mlp_tabular_ln"", ""input_dim"": 15, ""hidden_dim"": 64, ""dropout"": 0.1}], ""anchor_eps"": 0.0001, ""sep_samples_per_class"": 4, ""sep_method"": ""classifier"", ""sep_margin"": 1.0, ""lambda_fit"": 0.0, ""lambda_sep"": 0.1, ""groupdro_enabled"": true, ""groupdro_eta"": 1.0, ""groupdro_gamma"": 0.9, ""groupdro_update_mode"": ""softmax"", ""groupdro_objective"": ""weighted"", ""groupdro_kl_lambda"": 0.0, ""groupdro_uniform_init"": false, ""log_interval"": 20, ""save_every"": 10, ""return_latents"": true}","{""num_groups"": 3, ""num_classes"": 2, ""train_total"": 13604, ""test_total"": 3401, ""train_group_counts"": [2133, 2118, 9353], ""test_group_counts"": [533, 530, 2338], ""train_class_counts"": [12174, 1430], ""test_class_counts"": [3043, 358], ""train_group_class_counts"": [[1876, 257], [1908, 210], [8390, 963]], ""test_group_class_counts"": [[469, 64], [477, 53], [2097, 241]], ""group_proportions"": [0.15679211996471626, 0.15568950308732726, 0.6875183769479565], ""group_names"": [""survey_only"", ""exam"", ""vitals_labs""], ""group_feature_counts"": {""0"": 15, ""1"": 15, ""2"": 15}, ""max_features"": 25, ""feature_mode"": ""disjoint""}","{""num_groups"": 3, ""eta"": 1.0, ""update_mode"": ""softmax"", ""robust_objective"": ""weighted"", ""gamma"": 0.9, ""kl_lambda"": 0.0, ""initial_pi"": [0.15679211914539337, 0.15568950772285461, 0.6875183582305908]}",2026-09-10T03:50:41.937415,22,0.45811755345445154,0.7165676076911711,0.001,0.6839164951484857,0.6897530952164437,0.6787852865697177,0.7075471698113207,0.7118869936034116,"[0.7118869936034116, 0.7368972746331237, 0.7346307805855827]","[0.6829268292682927, 0.7075471698113207, 0.6787852865697177]","[0.541138462881586, 0.49617955711228034, 0.49461951465632725]","[0.6713769306605324, 0.7905027932960894]","[[0.673773987206823, 0.75], [0.70020964360587, 0.7735849056603774], [0.6642823080591321, 0.8049792531120332]]","[533, 530, 2338]",0.7980675494816385,"[0.75, 0.7735849056603774, 0.8049792531120332]","[0.673773987206823, 0.70020964360587, 0.6642823080591321]","[0.3622641509433962, 0.3459915611814346, 0.34064969271290607]","[0.7780183901918977, 0.7666231557295993, 0.8144553471962516]",0.3496351349459123,0.34064969271290607,"[0.0, 0.0, 1.0]","[0.15679211914539337, 0.15568950772285461, 0.6875183582305908]"
"{""run_name"": ""nhanes_disjoint_pergroup_gdro"", ""seed"": 1337, ""run_dir"": ""runs/latdiag/sep_only_s1337"", ""feature_mode"": ""disjoint"", ""use_nhanes"": true, ""num_classes"": 2, ""stratified_batching"": true, ""train_frac"": 0.8, ""use_post_pandemic"": true, ""data_split_seed"": 100, ""batch_size"": 128, ""num_workers"": 0, ""epochs"": 100, ""early_stopping_patience"": 25, ""lr"": 0.001, ""weight_decay"": 0.0001, ""optimizer"": ""adam"", ""grad_clip"": 1.0, ""lr_scheduler"": ""cosine"", ""lr_min"": 1e-05, ""latent_dim"": 64, ""head_hidden"": 32, ""common_encoder"": false, ""groups"": [{""name"": ""survey_only"", ""encoder"": ""mlp_tabular_ln"", ""input_dim"": 15, ""hidden_dim"": 64, ""dropout"": 0.1}, {""name"": ""exam"", ""encoder"": ""mlp_tabular_ln"", ""input_dim"": 15, ""hidden_dim"": 64, ""dropout"": 0.1}, {""name"": ""vitals_labs"", ""encoder"": ""mlp_tabular_ln"", ""input_dim"": 15, ""hidden_dim"": 64, ""dropout"": 0.1}], ""anchor_eps"": 0.0001, ""sep_samples_per_class"": 4, ""sep_method"": ""classifier"", ""sep_margin"": 1.0, ""lambda_fit"": 0.0, ""lambda_sep"": 0.1, ""groupdro_enabled"": true, ""groupdro_eta"": 1.0, ""groupdro_gamma"": 0.9, ""groupdro_update_mode"": ""softmax"", ""groupdro_objective"": ""weighted"", ""groupdro_kl_lambda"": 0.0, ""groupdro_uniform_init"": false, ""log_interval"": 20, ""save_every"": 10, ""return_latents"": true}","{""num_groups"": 3, ""num_classes"": 2, ""train_total"": 13604, ""test_total"": 3401, ""train_group_counts"": [2133, 2118, 9353], ""test_group_counts"": [533, 530, 2338], ""train_class_counts"": [12174, 1430], ""test_class_counts"": [3043, 358], ""train_group_class_counts"": [[1876, 257], [1908, 210], [8390, 963]], ""test_group_class_counts"": [[469, 64], [477, 53], [2097, 241]], ""group_proportions"": [0.15679211996471626, 0.15568950308732726, 0.6875183769479565], ""group_names"": [""survey_only"", ""exam"", ""vitals_labs""], ""group_feature_counts"": {""0"": 15, ""1"": 15, ""2"": 15}, ""max_features"": 25, ""feature_mode"": ""disjoint""}","{""num_groups"": 3, ""eta"": 1.0, ""update_mode"": ""softmax"", ""robust_objective"": ""weighted"", ""gamma"": 0.9, ""kl_lambda"": 0.0, ""initial_pi"": [0.15679211914539337, 0.15568950772285461, 0.6875183582305908]}",2026-09-10T03:50:41.937415,23,0.4308168011204095,0.7104011887072809,0.001,0.701264334019406,0.7190428728722598,0.6856287425149701,0.769811320754717,0.7090551705756929,"[0.7090551705756929, 0.729559748427673, 0.7311007426139298]","[0.701688555347092, 0.769811320754717, 0.6856287425149701]","[0.579225657333452, 0.42978181583450076, 0.4765065697640357]","[0.6943805455142951, 0.7597765363128491]","[[0.6993603411513859, 0.71875], [0.779874213836478, 0.6792452830188679], [0.6738197424892703, 0.7883817427385892]]","[533, 530, 2338]",0.796692932033773,"[0.71875, 0.6792452830188679, 0.7883817427385892]","[0.6993603411513859, 0.779874213836478, 0.6738197424892703]","[0.3665338645418327, 0.37113402061855666, 0.34080717488789236]","[0.7732042910447762, 0.773980459633717, 0.8163628340822793]",0.3594916866827606,0.34080717488789236,"[0.0, 0.0, 1.0]","[0.15679211914539337, 0.15568950772285461, 0.6875183582305908]"
"{""run_name"": ""nhanes_disjoint_pergroup_gdro"", ""seed"": 1337, ""run_dir"": ""runs/latdiag/sep_only_s1337"", ""feature_mode"": ""disjoint"", ""use_nhanes"": true, ""num_classes"": 2, ""stratified_batching"": true, ""train_frac"": 0.8, ""use_post_pandemic"": true, ""data_split_seed"": 100, ""batch_size"": 128, ""num_workers"": 0, ""epochs"": 100, ""early_stopping_patience"": 25, ""lr"": 0.001, ""weight_decay"": 0.0001, ""optimizer"": ""adam"", ""grad_clip"": 1.0, ""lr_scheduler"": ""cosine"", ""lr_min"": 1e-05, ""latent_dim"": 64, ""head_hidden"": 32, ""common_encoder"": false, ""groups"": [{""name"": ""survey_only"", ""encoder"": ""mlp_tabular_ln"", ""input_dim"": 15, ""hidden_dim"": 64, ""dropout"": 0.1}, {""name"": ""exam"", ""encoder"": ""mlp_tabular_ln"", ""input_dim"": 15, ""hidden_dim"": 64, ""dropout"": 0.1}, {""name"": ""vitals_labs"", ""encoder"": ""mlp_tabular_ln"", ""input_dim"": 15, ""hidden_dim"": 64, ""dropout"": 0.1}], ""anchor_eps"": 0.0001, ""sep_samples_per_class"": 4, ""sep_method"": ""classifier"", ""sep_margin"": 1.0, ""lambda_fit"": 0.0, ""lambda_sep"": 0.1, ""groupdro_enabled"": true, ""groupdro_eta"": 1.0, ""groupdro_gamma"": 0.9, ""groupdro_update_mode"": ""softmax"", ""groupdro_objective"": ""weighted"", ""groupdro_kl_lambda"": 0.0, ""groupdro_uniform_init"": false, ""log_interval"": 20, ""save_every"": 10, ""return_latents"": true}","{""num_groups"": 3, ""num_classes"": 2, ""train_total"": 13604, ""test_total"": 3401, ""train_group_counts"": [2133, 2118, 9353], ""test_group_counts"": [533, 530, 2338], ""train_class_counts"": [12174, 1430], ""test_class_counts"": [3043, 358], ""train_group_class_counts"": [[1876, 257], [1908, 210], [8390, 963]], ""test_group_class_counts"": [[469, 64], [477, 53], [2097, 241]], ""group_proportions"": [0.15679211996471626, 0.15568950308732726, 0.6875183769479565], ""group_names"": [""survey_only"", ""exam"", ""vitals_labs""], ""group_feature_counts"": {""0"": 15, ""1"": 15, ""2"": 15}, ""max_features"": 25, ""feature_mode"": ""disjoint""}","{""num_groups"": 3, ""eta"": 1.0, ""update_mode"": ""softmax"", ""robust_objective"": ""weighted"", ""gamma"": 0.9, ""kl_lambda"": 0.0, ""initial_pi"": [0.15679211914539337, 0.15568950772285461, 0.6875183582305908]}",2026-09-10T03:50:41.937415,24,0.4290387968561802,0.7101783060744117,0.001,0.6668626874448692,0.6999159951186869,0.6377245508982036,0.7528301886792453,0.6930803571428572,"[0.6930803571428572, 0.7033542976939203, 0.728267214376594]","[0.7091932457786116, 0.7528301886792453, 0.6377245508982036]","[0.5564959028329012, 0.4522235465070918, 0.5133279232301348]","[0.6533026618468617, 0.7821229050279329]","[[0.7142857142857143, 0.671875], [0.7651991614255765, 0.6415094339622641], [0.614210777300906, 0.8423236514522822]]","[533, 530, 2338]",0.7847633638518295,"[0.671875, 0.6415094339622641, 0.8423236514522822]","[0.7142857142857143, 0.7651991614255765, 0.614210777300906]","[0.3568464730290457, 0.3417085427135678, 0.32402234636871513]","[0.7733042377398721, 0.7577825244254578, 0.8114882553024773]",0.34085912070377616,0.32402234636871513,"[0.0, 0.0, 1.0]","[0.15679211914539337, 0.15568950772285461, 0.6875183582305908]"
"{""run_name"": ""nhanes_disjoint_pergroup_gdro"", ""seed"": 1337, ""run_dir"": ""runs/latdiag/sep_only_s1337"", ""feature_mode"": ""disjoint"", ""use_nhanes"": true, ""num_classes"": 2, ""stratified_batching"": true, ""train_frac"": 0.8, ""use_post_pandemic"": true, ""data_split_seed"": 100, ""batch_size"": 128, ""num_workers"": 0, ""epochs"": 100, ""early_stopping_patience"": 25, ""lr"": 0.001, ""weight_decay"": 0.0001, ""optimizer"": ""adam"", ""grad_clip"": 1.0, ""lr_scheduler"": ""cosine"", ""lr_min"": 1e-05, ""latent_dim"": 64, ""head_hidden"": 32, ""common_encoder"": false, ""groups"": [{""name"": ""survey_only"", ""encoder"": ""mlp_tabular_ln"", ""input_dim"": 15, ""hidden_dim"": 64, ""dropout"": 0.1}, {""name"": ""exam"", ""encoder"": ""mlp_tabular_ln"", ""input_dim"": 15, ""hidden_dim"": 64, ""dropout"": 0.1}, {""name"": ""vitals_labs"", ""encoder"": ""mlp_tabular_ln"", ""input_dim"": 15, ""hidden_dim"": 64, ""dropout"": 0.1}], ""anchor_eps"": 0.0001, ""sep_samples_per_class"": 4, ""sep_method"": ""classifier"", ""sep_margin"": 1.0, ""lambda_fit"": 0.0, ""lambda_sep"": 0.1, ""groupdro_enabled"": true, ""groupdro_eta"": 1.0, ""groupdro_gamma"": 0.9, ""groupdro_update_mode"": ""softmax"", ""groupdro_objective"": ""weighted"", ""groupdro_kl_lambda"": 0.0, ""groupdro_uniform_init"": false, ""log_interval"": 20, ""save_every"": 10, ""return_latents"": true}","{""num_groups"": 3, ""num_classes"": 2, ""train_total"": 13604, ""test_total"": 3401, ""train_group_counts"": [2133, 2118, 9353], ""test_group_counts"": [533, 530, 2338], ""train_class_counts"": [12174, 1430], ""test_class_counts"": [3043, 358], ""train_group_class_counts"": [[1876, 257], [1908, 210], [8390, 963]], ""test_group_class_counts"": [[469, 64], [477, 53], [2097, 241]], ""group_proportions"": [0.15679211996471626, 0.15568950308732726, 0.6875183769479565], ""group_names"": [""survey_only"", ""exam"", ""vitals_labs""], ""group_feature_counts"": {""0"": 15, ""1"": 15, ""2"": 15}, ""max_features"": 25, ""feature_mode"": ""disjoint""}","{""num_groups"": 3, ""eta"": 1.0, ""update_mode"": ""softmax"", ""robust_objective"": ""weighted"", ""gamma"": 0.9, ""kl_lambda"": 0.0, ""initial_pi"": [0.15679211914539337, 0.15568950772285461, 0.6875183582305908]}",2026-09-10T03:50:41.937415,25,0.41603079708777424,0.7144130757800892,0.001,0.6800940899735372,0.7034454416897079,0.6595380667236954,0.7584905660377359,0.6897274633123689,"[0.7037246801705757, 0.6897274633123689, 0.7257374197876041]","[0.6923076923076923, 0.7584905660377359, 0.6595380667236954]","[0.5342749752515928, 0.4662142254244696, 0.523840256538981]","[0.6703910614525139, 0.7625698324022346]","[[0.6886993603411514, 0.71875], [0.7756813417190775, 0.6037735849056604], [0.642346208869814, 0.8091286307053942]]","[533, 530, 2338]",0.7885526265061125,"[0.71875, 0.6037735849056604, 0.8091286307053942]","[0.6886993603411514, 0.7756813417190775, 0.642346208869814]","[0.359375, 0.3333333333333333, 0.3288364249578415]","[0.7781016791044777, 0.7532929868280528, 0.814676963929898]",0.3405149194303916,0.3288364249578415,"[0.0, 0.0, 1.0]","[0.15679211914539337, 0.15568950772285461, 0.6875183582305908]"
"{""run_name"": ""nhanes_disjoint_pergroup_gdro"", ""seed"": 1337, ""run_dir"": ""runs/latdiag/sep_only_s1337"", ""feature_mode"": ""disjoint"", ""use_nhanes"": true, ""num_classes"": 2, ""stratified_batching"": true, ""train_frac"": 0.8, ""use_post_pandemic"": true, ""data_split_seed"": 100, ""batch_size"": 128, ""num_workers"": 0, ""epochs"": 100, ""early_stopping_patience"": 25, ""lr"": 0.001, ""weight_decay"": 0.0001, ""optimizer"": ""adam"", ""grad_clip"": 1.0, ""lr_scheduler"": ""cosine"", ""lr_min"": 1e-05, ""latent_dim"": 64, ""head_hidden"": 32, ""common_encoder"": false, ""groups"": [{""name"": ""survey_only"", ""encoder"": ""mlp_tabular_ln"", ""input_dim"": 15, ""hidden_dim"": 64, ""dropout"": 0.1}, {""name"": ""exam"", ""encoder"": ""mlp_tabular_ln"", ""input_dim"": 15, ""hidden_dim"": 64, ""dropout"": 0.1}, {""name"": ""vitals_labs"", ""encoder"": ""mlp_tabular_ln"", ""input_dim"": 15, ""hidden_dim"": 64, ""dropout"": 0.1}], ""anchor_eps"": 0.0001, ""sep_samples_per_class"": 4, ""sep_method"": ""classifier"", ""sep_margin"": 1.0, ""lambda_fit"": 0.0, ""lambda_sep"": 0.1, ""groupdro_enabled"": true, ""groupdro_eta"": 1.0, ""groupdro_gamma"": 0.9, ""groupdro_update_mode"": ""softmax"", ""groupdro_objective"": ""weighted"", ""groupdro_kl_lambda"": 0.0, ""groupdro_uniform_init"": false, ""log_interval"": 20, ""save_every"": 10, ""return_latents"": true}","{""num_groups"": 3, ""num_classes"": 2, ""train_total"": 13604, ""test_total"": 3401, ""train_group_counts"": [2133, 2118, 9353], ""test_group_counts"": [533, 530, 2338], ""train_class_counts"": [12174, 1430], ""test_class_counts"": [3043, 358], ""train_group_class_counts"": [[1876, 257], [1908, 210], [8390, 963]], ""test_group_class_counts"": [[469, 64], [477, 53], [2097, 241]], ""group_proportions"": [0.15679211996471626, 0.15568950308732726, 0.6875183769479565], ""group_names"": [""survey_only"", ""exam"", ""vitals_labs""], ""group_feature_counts"": {""0"": 15, ""1"": 15, ""2"": 15}, ""max_features"": 25, ""feature_mode"": ""disjoint""}","{""num_groups"": 3, ""eta"": 1.0, ""update_mode"": ""softmax"", ""robust_objective"": ""weighted"", ""gamma"": 0.9, ""kl_lambda"": 0.0, ""initial_pi"": [0.15679211914539337, 0.15568950772285461, 0.6875183582305908]}",2026-09-10T03:50:41.937415,26,0.4277133432398225,0.7139673105674902,0.001,0.6827403704792708,0.699360942931602,0.6680923866552609,0.7283018867924528,0.6888159648187633,"[0.6888159648187633, 0.7148846960167714, 0.7249973781948922]","[0.701688555347092, 0.7283018867924528, 0.6680923866552609]","[0.5172020869437401, 0.4764113602001295, 0.47661881718976995]","[0.6736772921459087, 0.7597765363128491]","[[0.7057569296375267, 0.671875], [0.7316561844863732, 0.6981132075471698], [0.6533142584644731, 0.7966804979253111]]","[533, 530, 2338]",0.7931069934293745,"[0.671875, 0.6981132075471698, 0.7966804979253111]","[0.7057569296375267, 0.7316561844863732, 0.6533142584644731]","[0.35102040816326535, 0.3394495412844037, 0.3310344827586207]","[0.7768523454157782, 0.7639927218068905, 0.8132681146945745]",0.3405014774020965,0.3310344827586207,"[0.0, 0.0, 1.0]","[0.15679211914539337, 0.15568950772285461, 0.6875183582305908]"
"{""run_name"": ""nhanes_disjoint_pergroup_gdro"", ""seed"": 1337, ""run_dir"": ""runs/latdiag/sep_only_s1337"", ""feature_mode"": ""disjoint"", ""use_nhanes"": true, ""num_classes"": 2, ""stratified_batching"": true, ""train_frac"": 0.8, ""use_post_pandemic"": true, ""data_split_seed"": 100, ""batch_size"": 128, ""num_workers"": 0, ""epochs"": 100, ""early_stopping_patience"": 25, ""lr"": 0.001, ""weight_decay"": 0.0001, ""optimizer"": ""adam"", ""grad_clip"": 1.0, ""lr_scheduler"": ""cosine"", ""lr_min"": 1e-05, ""latent_dim"": 64, ""head_hidden"": 32, ""common_encoder"": false, ""groups"": [{""name"": ""survey_only"", ""encoder"": ""mlp_tabular_ln"", ""input_dim"": 15, ""hidden_dim"": 64, ""dropout"": 0.1}, {""name"": ""exam"", ""encoder"": ""mlp_tabular_ln"", ""input_dim"": 15, ""hidden_dim"": 64, ""dropout"": 0.1}, {""name"": ""vitals_labs"", ""encoder"": ""mlp_tabular_ln"", ""input_dim"": 15, ""hidden_dim"": 64, ""dropout"": 0.1}], ""anchor_eps"": 0.0001, ""sep_samples_per_class"": 4, ""sep_method"": ""classifier"", ""sep_margin"": 1.0, ""lambda_fit"": 0.0, ""lambda_sep"": 0.1, ""groupdro_enabled"": true, ""groupdro_eta"": 1.0, ""groupdro_gamma"": 0.9, ""groupdro_update_mode"": ""softmax"", ""groupdro_objective"": ""weighted"", ""groupdro_kl_lambda"": 0.0, ""groupdro_uniform_init"": false, ""log_interval"": 20, ""save_every"": 10, ""return_latents"": true}","{""num_groups"": 3, ""num_classes"": 2, ""train_total"": 13604, ""test_total"": 3401, ""train_group_counts"": [2133, 2118, 9353], ""test_group_counts"": [533, 530, 2338], ""train_class_counts"": [12174, 1430], ""test_class_counts"": [3043, 358], ""train_group_class_counts"": [[1876, 257], [1908, 210], [8390, 963]], ""test_group_class_counts"": [[469, 64], [477, 53], [2097, 241]], ""group_proportions"": [0.15679211996471626, 0.15568950308732726, 0.6875183769479565], ""group_names"": [""survey_only"", ""exam"", ""vitals_labs""], ""group_feature_counts"": {""0"": 15, ""1"": 15, ""2"": 15}, ""max_features"": 25, ""feature_mode"": ""disjoint""}","{""num_groups"": 3, ""eta"": 1.0, ""update_mode"": ""softmax"", ""robust_objective"": ""weighted"", ""gamma"": 0.9, ""kl_lambda"": 0.0, ""initial_pi"": [0.15679211914539337, 0.15568950772285461, 0.6875183582305908]}",2026-09-10T03:50:41.937415,27,0.41564724421873134,0.7135958395422302,0.001,0.6903851808291679,0.7065395856512198,0.6660412757973734,0.7773584905660378,0.6887993070362473,"[0.6887993070362473, 0.70020964360587, 0.7240189007414267]","[0.6660412757973734, 0.7773584905660378, 0.676218990590248]","[0.5248227854980126, 0.44977078554486566, 0.4850446963691858]","[0.6838646072954322, 0.7458100558659218]","[[0.6588486140724946, 0.71875], [0.7966457023060797, 0.6037735849056604], [0.6638054363376252, 0.7842323651452282]]","[533, 530, 2338]",0.7926113050007619,"[0.71875, 0.6037735849056604, 0.7842323651452282]","[0.6588486140724946, 0.7966457023060797, 0.6638054363376252]","[0.34074074074074073, 0.3516483516483516, 0.3330396475770925]","[0.7775353144989339, 0.7614809540761837, 0.8124133072933672]",0.34180957998872824,0.3330396475770925,"[0.0, 0.0, 1.0]","[0.15679211914539337, 0.15568950772285461, 0.6875183582305908]"
"{""run_name"": ""nhanes_disjoint_pergroup_gdro"", ""seed"": 1337, ""run_dir"": ""runs/latdiag/sep_only_s1337"", ""feature_mode"": ""disjoint"", ""use_nhanes"": true, ""num_classes"": 2, ""stratified_batching"": true, ""train_frac"": 0.8, ""use_post_pandemic"": true, ""data_split_seed"": 100, ""batch_size"": 128, ""num_workers"": 0, ""epochs"": 100, ""early_stopping_patience"": 25, ""lr"": 0.001, ""weight_decay"": 0.0001, ""optimizer"": ""adam"", ""grad_clip"": 1.0, ""lr_scheduler"": ""cosine"", ""lr_min"": 1e-05, ""latent_dim"": 64, ""head_hidden"": 32, ""common_encoder"": false, ""groups"": [{""name"": ""survey_only"", ""encoder"": ""mlp_tabular_ln"", ""input_dim"": 15, ""hidden_dim"": 64, ""dropout"": 0.1}, {""name"": ""exam"", ""encoder"": ""mlp_tabular_ln"", ""input_dim"": 15, ""hidden_dim"": 64, ""dropout"": 0.1}, {""name"": ""vitals_labs"", ""encoder"": ""mlp_tabular_ln"", ""input_dim"": 15, ""hidden_dim"": 64, ""dropout"": 0.1}], ""anchor_eps"": 0.0001, ""sep_samples_per_class"": 4, ""sep_method"": ""classifier"", ""sep_margin"": 1.0, ""lambda_fit"": 0.0, ""lambda_sep"": 0.1, ""groupdro_enabled"": true, ""groupdro_eta"": 1.0, ""groupdro_gamma"": 0.9, ""groupdro_update_mode"": ""softmax"", ""groupdro_objective"": ""weighted"", ""groupdro_kl_lambda"": 0.0, ""groupdro_uniform_init"": false, ""log_interval"": 20, ""save_every"": 10, ""return_latents"": true}","{""num_groups"": 3, ""num_classes"": 2, ""train_total"": 13604, ""test_total"": 3401, ""train_group_counts"": [2133, 2118, 9353], ""test_group_counts"": [533, 530, 2338], ""train_class_counts"": [12174, 1430], ""test_class_counts"": [3043, 358], ""train_group_class_counts"": [[1876, 257], [1908, 210], [8390, 963]], ""test_group_class_counts"": [[469, 64], [477, 53], [2097, 241]], ""group_proportions"": [0.15679211996471626, 0.15568950308732726, 0.6875183769479565], ""group_names"": [""survey_only"", ""exam"", ""vitals_labs""], ""group_feature_counts"": {""0"": 15, ""1"": 15, ""2"": 15}, ""max_features"": 25, ""feature_mode"": ""disjoint""}","{""num_groups"": 3, ""eta"": 1.0, ""update_mode"": ""softmax"", ""robust_objective"": ""weighted"", ""gamma"": 0.9, ""kl_lambda"": 0.0, ""initial_pi"": [0.15679211914539337, 0.15568950772285461, 0.6875183582305908]}",2026-09-10T03:50:41.937415,28,0.43171157799937926,0.7166419019316493,0.001,0.6683328432813879,0.6773331910893878,0.660393498716852,0.6886792452830188,0.6849013859275053,"[0.6849013859275053, 0.7348008385744236, 0.7317230503168921]","[0.6829268292682927, 0.6886792452830188, 0.660393498716852]","[0.554440504134789, 0.531525285436195, 0.528623774054968]","[0.6536312849162011, 0.7932960893854749]","[[0.6823027718550106, 0.6875], [0.6771488469601677, 0.7924528301886793], [0.6418693371483071, 0.8215767634854771]]","[533, 530, 2338]",0.7931487597691929,"[0.6875, 0.7924528301886793, 0.8215767634854771]","[0.6823027718550106, 0.6771488469601677, 0.6418693371483071]","[0.3424124513618677, 0.3373493975903614, 0.3327731092436975]","[0.7744203091684435, 0.7560223092440964, 0.813800390599493]",0.33751165273197553,0.3327731092436975,"[0.0, 0.0, 1.0]","[0.15679211914539337, 0.15568950772285461, 0.6875183582305908]"
"{""run_name"": ""nhanes_disjoint_pergroup_gdro"", ""seed"": 1337, ""run_dir"": ""runs/latdiag/sep_only_s1337"", ""feature_mode"": ""disjoint"", ""use_nhanes"": true, ""num_classes"": 2, ""stratified_batching"": true, ""train_frac"": 0.8, ""use_post_pandemic"": true, ""data_split_seed"": 100, ""batch_size"": 128, ""num_workers"": 0, ""epochs"": 100, ""early_stopping_patience"": 25, ""lr"": 0.001, ""weight_decay"": 0.0001, ""optimizer"": ""adam"", ""grad_clip"": 1.0, ""lr_scheduler"": ""cosine"", ""lr_min"": 1e-05, ""latent_dim"": 64, ""head_hidden"": 32, ""common_encoder"": false, ""groups"": [{""name"": ""survey_only"", ""encoder"": ""mlp_tabular_ln"", ""input_dim"": 15, ""hidden_dim"": 64, ""dropout"": 0.1}, {""name"": ""exam"", ""encoder"": ""mlp_tabular_ln"", ""input_dim"": 15, ""hidden_dim"": 64, ""dropout"": 0.1}, {""name"": ""vitals_labs"", ""encoder"": ""mlp_tabular_ln"", ""input_dim"": 15, ""hidden_dim"": 64, ""dropout"": 0.1}], ""anchor_eps"": 0.0001, ""sep_samples_per_class"": 4, ""sep_method"": ""classifier"", ""sep_margin"": 1.0, ""lambda_fit"": 0.0, ""lambda_sep"": 0.1, ""groupdro_enabled"": true, ""groupdro_eta"": 1.0, ""groupdro_gamma"": 0.9, ""groupdro_update_mode"": ""softmax"", ""groupdro_objective"": ""weighted"", ""groupdro_kl_lambda"": 0.0, ""groupdro_uniform_init"": false, ""log_interval"": 20, ""save_every"": 10, ""return_latents"": true}","{""num_groups"": 3, ""num_classes"": 2, ""train_total"": 13604, ""test_total"": 3401, ""train_group_counts"": [2133, 2118, 9353], ""test_group_counts"": [533, 530, 2338], ""train_class_counts"": [12174, 1430], ""test_class_counts"": [3043, 358], ""train_group_class_counts"": [[1876, 257], [1908, 210], [8390, 963]], ""test_group_class_counts"": [[469, 64], [477, 53], [2097, 241]], ""group_proportions"": [0.15679211996471626, 0.15568950308732726, 0.6875183769479565], ""group_names"": [""survey_only"", ""exam"", ""vitals_labs""], ""group_feature_counts"": {""0"": 15, ""1"": 15, ""2"": 15}, ""max_features"": 25, ""feature_mode"": ""disjoint""}","{""num_groups"": 3, ""eta"": 1.0, ""update_mode"": ""softmax"", ""robust_objective"": ""weighted"", ""gamma"": 0.9, ""kl_lambda"": 0.0, ""initial_pi"": [0.15679211914539337, 0.15568950772285461, 0.6875183582305908]}",2026-09-10T03:50:41.937415,29,0.42555757814140943,0.7124071322259719,0.001,0.683622463981182,0.7066224620289064,0.6633875106928999,0.7679245283018868,0.6948460820895522,"[0.6948460820895522, 0.7117400419287212, 0.720538330790677]","[0.6885553470919324, 0.7679245283018868, 0.6633875106928999]","[0.6367249872253606, 0.45642849784231565, 0.4931669737549562]","[0.675320407492606, 0.7541899441340782]","[[0.6865671641791045, 0.703125], [0.7819706498951782, 0.6415094339622641], [0.6485455412494039, 0.7925311203319502]]","[533, 530, 2338]",0.7890469380224236,"[0.703125, 0.6415094339622641, 0.7925311203319502]","[0.6865671641791045, 0.7819706498951782, 0.6485455412494039]","[0.3515625, 0.35602094240837695, 0.3267750213857998]","[0.769356343283582, 0.7618369526521893, 0.8097756724188082]",0.3447861545980589,0.3267750213857998,"[0.0, 0.0, 1.0]","[0.15679211914539337, 0.15568950772285461, 0.6875183582305908]"
"{""run_name"": ""nhanes_disjoint_pergroup_gdro"", ""seed"": 1337, ""run_dir"": ""runs/latdiag/sep_only_s1337"", ""feature_mode"": ""disjoint"", ""use_nhanes"": true, ""num_classes"": 2, ""stratified_batching"": true, ""train_frac"": 0.8, ""use_post_pandemic"": true, ""data_split_seed"": 100, ""batch_size"": 128, ""num_workers"": 0, ""epochs"": 100, ""early_stopping_patience"": 25, ""lr"": 0.001, ""weight_decay"": 0.0001, ""optimizer"": ""adam"", ""grad_clip"": 1.0, ""lr_scheduler"": ""cosine"", ""lr_min"": 1e-05, ""latent_dim"": 64, ""head_hidden"": 32, ""common_encoder"": false, ""groups"": [{""name"": ""survey_only"", ""encoder"": ""mlp_tabular_ln"", ""input_dim"": 15, ""hidden_dim"": 64, ""dropout"": 0.1}, {""name"": ""exam"", ""encoder"": ""mlp_tabular_ln"", ""input_dim"": 15, ""hidden_dim"": 64, ""dropout"": 0.1}, {""name"": ""vitals_labs"", ""encoder"": ""mlp_tabular_ln"", ""input_dim"": 15, ""hidden_dim"": 64, ""dropout"": 0.1}], ""anchor_eps"": 0.0001, ""sep_samples_per_class"": 4, ""sep_method"": ""classifier"", ""sep_margin"": 1.0, ""lambda_fit"": 0.0, ""lambda_sep"": 0.1, ""groupdro_enabled"": true, ""groupdro_eta"": 1.0, ""groupdro_gamma"": 0.9, ""groupdro_update_mode"": ""softmax"", ""groupdro_objective"": ""weighted"", ""groupdro_kl_lambda"": 0.0, ""groupdro_uniform_init"": false, ""log_interval"": 20, ""save_every"": 10, ""return_latents"": true}","{""num_groups"": 3, ""num_classes"": 2, ""train_total"": 13604, ""test_total"": 3401, ""train_group_counts"": [2133, 2118, 9353], ""test_group_counts"": [533, 530, 2338], ""train_class_counts"": [12174, 1430], ""test_class_counts"": [3043, 358], ""train_group_class_counts"": [[1876, 257], [1908, 210], [8390, 963]], ""test_group_class_counts"": [[469, 64], [477, 53], [2097, 241]], ""group_proportions"": [0.15679211996471626, 0.15568950308732726, 0.6875183769479565], ""group_names"": [""survey_only"", ""exam"", ""vitals_labs""], ""group_feature_counts"": {""0"": 15, ""1"": 15, ""2"": 15}, ""max_features"": 25, ""feature_mode"": ""disjoint""}","{""num_groups"": 3, ""eta"": 1.0, ""update_mode"": ""softmax"", ""robust_objective"": ""weighted"", ""gamma"": 0.9, ""kl_lambda"": 0.0, ""initial_pi"": [0.15679211914539337, 0.15568950772285461, 0.6875183582305908]}",2026-09-10T03:50:41.937415,30,0.4214177482771129,0.7184249628528975,0.001,0.6821523081446633,0.7122251867817341,0.655688622754491,0.7886792452830189,0.6729559748427674,"[0.6767390724946696, 0.6729559748427674, 0.723591497040823]","[0.6923076923076923, 0.7886792452830189, 0.655688622754491]","[0.5387080781655147, 0.4111811888558872, 0.533175093298877]","[0.675320407492606, 0.7402234636871509]","[[0.697228144989339, 0.65625], [0.8176100628930818, 0.5283018867924528], [0.6380543633762518, 0.8091286307053942]]","[533, 530, 2338]",0.7844517227008778,"[0.65625, 0.5283018867924528, 0.8091286307053942]","[0.697228144989339, 0.8176100628930818, 0.6380543633762518]","[0.33870967741935476, 0.3333333333333333, 0.3263598326359832]","[0.7659581556503199, 0.7570507495747795, 0.8098904382273036]",0.33280094779622377,0.3263598326359832,"[0.0, 0.0, 1.0]","[0.15679211914539337, 0.15568950772285461, 0.6875183582305908]"
"{""run_name"": ""nhanes_disjoint_pergroup_gdro"", ""seed"": 1337, ""run_dir"": ""runs/latdiag/sep_only_s1337"", ""feature_mode"": ""disjoint"", ""use_nhanes"": true, ""num_classes"": 2, ""stratified_batching"": true, ""train_frac"": 0.8, ""use_post_pandemic"": true, ""data_split_seed"": 100, ""batch_size"": 128, ""num_workers"": 0, ""epochs"": 100, ""early_stopping_patience"": 25, ""lr"": 0.001, ""weight_decay"": 0.0001, ""optimizer"": ""adam"", ""grad_clip"": 1.0, ""lr_scheduler"": ""cosine"", ""lr_min"": 1e-05, ""latent_dim"": 64, ""head_hidden"": 32, ""common_encoder"": false, ""groups"": [{""name"": ""survey_only"", ""encoder"": ""mlp_tabular_ln"", ""input_dim"": 15, ""hidden_dim"": 64, ""dropout"": 0.1}, {""name"": ""exam"", ""encoder"": ""mlp_tabular_ln"", ""input_dim"": 15, ""hidden_dim"": 64, ""dropout"": 0.1}, {""name"": ""vitals_labs"", ""encoder"": ""mlp_tabular_ln"", ""input_dim"": 15, ""hidden_dim"": 64, ""dropout"": 0.1}], ""anchor_eps"": 0.0001, ""sep_samples_per_class"": 4, ""sep_method"": ""classifier"", ""sep_margin"": 1.0, ""lambda_fit"": 0.0, ""lambda_sep"": 0.1, ""groupdro_enabled"": true, ""groupdro_eta"": 1.0, ""groupdro_gamma"": 0.9, ""groupdro_update_mode"": ""softmax"", ""groupdro_objective"": ""weighted"", ""groupdro_kl_lambda"": 0.0, ""groupdro_uniform_init"": false, ""log_interval"": 20, ""save_every"": 10, ""return_latents"": true}","{""num_groups"": 3, ""num_classes"": 2, ""train_total"": 13604, ""test_total"": 3401, ""train_group_counts"": [2133, 2118, 9353], ""test_group_counts"": [533, 530, 2338], ""train_class_counts"": [12174, 1430], ""test_class_counts"": [3043, 358], ""train_group_class_counts"": [[1876, 257], [1908, 210], [8390, 963]], ""test_group_class_counts"": [[469, 64], [477, 53], [2097, 241]], ""group_proportions"": [0.15679211996471626, 0.15568950308732726, 0.6875183769479565], ""group_names"": [""survey_only"", ""exam"", ""vitals_labs""], ""group_feature_counts"": {""0"": 15, ""1"": 15, ""2"": 15}, ""max_features"": 25, ""feature_mode"": ""disjoint""}","{""num_groups"": 3, ""eta"": 1.0, ""update_mode"": ""softmax"", ""robust_objective"": ""weighted"", ""gamma"": 0.9, ""kl_lambda"": 0.0, ""initial_pi"": [0.15679211914539337, 0.15568950772285461, 0.6875183582305908]}",2026-09-10T03:50:41.937415,31,0.41198933316286745,0.7132243685346833,0.001,0.6800940899735372,0.7155406930887723,0.6488451668092386,0.7716981132075472,0.6551362683438156,"[0.6756896321961621, 0.6551362683438156, 0.7197765232687676]","[0.726078799249531, 0.7716981132075472, 0.6488451668092386]","[0.5721135581073782, 0.4854610725120603, 0.4918854946409357]","[0.6743345382845876, 0.729050279329609]","[[0.7420042643923241, 0.609375], [0.80083857442348, 0.5094339622641509], [0.6304244158321411, 0.8091286307053942]]","[533, 530, 2338]",0.7805761735423546,"[0.609375, 0.5094339622641509, 0.8091286307053942]","[0.7420042643923241, 0.80083857442348, 0.6304244158321411]","[0.3482142857142857, 0.30857142857142855, 0.3220478943022296]","[0.7678904584221747, 0.759898738182825, 0.8072636863173432]",0.32627786952931465,0.30857142857142855,"[0.0, 0.0, 1.0]","[0.15679211914539337, 0.15568950772285461, 0.6875183582305908]"
"{""run_name"": ""nhanes_disjoint_pergroup_gdro"", ""seed"": 1337, ""run_dir"": ""runs/latdiag/sep_only_s1337"", ""feature_mode"": ""disjoint"", ""use_nhanes"": true, ""num_classes"": 2, ""stratified_batching"": true, ""train_frac"": 0.8, ""use_post_pandemic"": true, ""data_split_seed"": 100, ""batch_size"": 128, ""num_workers"": 0, ""epochs"": 100, ""early_stopping_patience"": 25, ""lr"": 0.001, ""weight_decay"": 0.0001, ""optimizer"": ""adam"", ""grad_clip"": 1.0, ""lr_scheduler"": ""cosine"", ""lr_min"": 1e-05, ""latent_dim"": 64, ""head_hidden"": 32, ""common_encoder"": false, ""groups"": [{""name"": ""survey_only"", ""encoder"": ""mlp_tabular_ln"", ""input_dim"": 15, ""hidden_dim"": 64, ""dropout"": 0.1}, {""name"": ""exam"", ""encoder"": ""mlp_tabular_ln"", ""input_dim"": 15, ""hidden_dim"": 64, ""dropout"": 0.1}, {""name"": ""vitals_labs"", ""encoder"": ""mlp_tabular_ln"", ""input_dim"": 15, ""hidden_dim"": 64, ""dropout"": 0.1}], ""anchor_eps"": 0.0001, ""sep_samples_per_class"": 4, ""sep_method"": ""classifier"", ""sep_margin"": 1.0, ""lambda_fit"": 0.0, ""lambda_sep"": 0.1, ""groupdro_enabled"": true, ""groupdro_eta"": 1.0, ""groupdro_gamma"": 0.9, ""groupdro_update_mode"": ""softmax"", ""groupdro_objective"": ""weighted"", ""groupdro_kl_lambda"": 0.0, ""groupdro_uniform_init"": false, ""log_interval"": 20, ""save_every"": 10, ""return_latents"": true}","{""num_groups"": 3, ""num_classes"": 2, ""train_total"": 13604, ""test_total"": 3401, ""train_group_counts"": [2133, 2118, 9353], ""test_group_counts"": [533, 530, 2338], ""train_class_counts"": [12174, 1430], ""test_class_counts"": [3043, 358], ""train_group_class_counts"": [[1876, 257], [1908, 210], [8390, 963]], ""test_group_class_counts"": [[469, 64], [477, 53], [2097, 241]], ""group_proportions"": [0.15679211996471626, 0.15568950308732726, 0.6875183769479565], ""group_names"": [""survey_only"", ""exam"", ""vitals_labs""], ""group_feature_counts"": {""0"": 15, ""1"": 15, ""2"": 15}, ""max_features"": 25, ""feature_mode"": ""disjoint""}","{""num_groups"": 3, ""eta"": 1.0, ""update_mode"": ""softmax"", ""robust_objective"": ""weighted"", ""gamma"": 0.9, ""kl_lambda"": 0.0, ""initial_pi"": [0.15679211914539337, 0.15568950772285461, 0.6875183582305908]}",2026-09-10T03:50:41.937415,32,0.42299418000817124,0.7270430906035039,0.001,0.69685386650985,0.7207703838011561,0.6757912745936698,0.7716981132075472,0.6719077568134172,"[0.6827858475479744, 0.6719077568134172, 0.7201079590088192]","[0.7148217636022514, 0.7716981132075472, 0.6757912745936698]","[0.5674242740069326, 0.46727981164538845, 0.48478617853007266]","[0.6943805455142951, 0.7178770949720671]","[[0.7249466950959488, 0.640625], [0.7966457023060797, 0.5471698113207547], [0.6642823080591321, 0.7759336099585062]]","[533, 530, 2338]",0.7880353664514399,"[0.640625, 0.5471698113207547, 0.7759336099585062]","[0.7249466950959488, 0.7966457023060797, 0.6642823080591321]","[0.3504273504273504, 0.32402234636871513, 0.3303886925795053]","[0.7722881130063965, 0.7625093944068668, 0.8093205666264986]",0.33494612979185695,0.32402234636871513,"[0.0, 0.0, 1.0]","[0.15679211914539337, 0.15568950772285461, 0.6875183582305908]"
"{""run_name"": ""nhanes_disjoint_pergroup_gdro"", ""seed"": 1337, ""run_dir"": ""runs/latdiag/sep_only_s1337"", ""feature_mode"": ""disjoint"", ""use_nhanes"": true, ""num_classes"": 2, ""stratified_batching"": true, ""train_frac"": 0.8, ""use_post_pandemic"": true, ""data_split_seed"": 100, ""batch_size"": 128, ""num_workers"": 0, ""epochs"": 100, ""early_stopping_patience"": 25, ""lr"": 0.001, ""weight_decay"": 0.0001, ""optimizer"": ""adam"", ""grad_clip"": 1.0, ""lr_scheduler"": ""cosine"", ""lr_min"": 1e-05, ""latent_dim"": 64, ""head_hidden"": 32, ""common_encoder"": false, ""groups"": [{""name"": ""survey_only"", ""encoder"": ""mlp_tabular_ln"", ""input_dim"": 15, ""hidden_dim"": 64, ""dropout"": 0.1}, {""name"": ""exam"", ""encoder"": ""mlp_tabular_ln"", ""input_dim"": 15, ""hidden_dim"": 64, ""dropout"": 0.1}, {""name"": ""vitals_labs"", ""encoder"": ""mlp_tabular_ln"", ""input_dim"": 15, ""hidden_dim"": 64, ""dropout"": 0.1}], ""anchor_eps"": 0.0001, ""sep_samples_per_class"": 4, ""sep_method"": ""classifier"", ""sep_margin"": 1.0, ""lambda_fit"": 0.0, ""lambda_sep"": 0.1, ""groupdro_enabled"": true, ""groupdro_eta"": 1.0, ""groupdro_gamma"": 0.9, ""groupdro_update_mode"": ""softmax"", ""groupdro_objective"": ""weighted"", ""groupdro_kl_lambda"": 0.0, ""groupdro_uniform_init"": false, ""log_interval"": 20, ""save_every"": 10, ""return_latents"": true}","{""num_groups"": 3, ""num_classes"": 2, ""train_total"": 13604, ""test_total"": 3401, ""train_group_counts"": [2133, 2118, 9353], ""test_group_counts"": [533, 530, 2338], ""train_class_counts"": [12174, 1430], ""test_class_counts"": [3043, 358], ""train_group_class_counts"": [[1876, 257], [1908, 210], [8390, 963]], ""test_group_class_counts"": [[469, 64], [477, 53], [2097, 241]], ""group_proportions"": [0.15679211996471626, 0.15568950308732726, 0.6875183769479565], ""group_names"": [""survey_only"", ""exam"", ""vitals_labs""], ""group_feature_counts"": {""0"": 15, ""1"": 15, ""2"": 15}, ""max_features"": 25, ""feature_mode"": ""disjoint""}","{""num_groups"": 3, ""eta"": 1.0, ""update_mode"": ""softmax"", ""robust_objective"": ""weighted"", ""gamma"": 0.9, ""kl_lambda"": 0.0, ""initial_pi"": [0.15679211914539337, 0.15568950772285461, 0.6875183582305908]}",2026-09-10T03:50:41.937415,33,0.4111602117555191,0.7196879643742078,0.001,0.6950896795060276,0.7218285275481513,0.6715141146278871,0.7622641509433963,0.6653951226012793,"[0.6653951226012793, 0.6834381551362683, 0.7213961062731387]","[0.7317073170731707, 0.7622641509433963, 0.6715141146278871]","[0.5492433920145042, 0.4610739351500234, 0.4691512695371302]","[0.6924088070982582, 0.7178770949720671]","[[0.7526652452025586, 0.578125], [0.7819706498951782, 0.5849056603773585], [0.6585598474010491, 0.7842323651452282]]","[533, 530, 2338]",0.7838936142479214,"[0.578125, 0.5849056603773585, 0.7842323651452282]","[0.7526652452025586, 0.7819706498951782, 0.6585598474010491]","[0.34101382488479265, 0.32978723404255317, 0.3298429319371728]","[0.7623767324093816, 0.7442348008385744, 0.8100813847879899]",0.33354799695483955,0.32978723404255317,"[0.0, 0.0, 1.0]","[0.15679211914539337, 0.15568950772285461, 0.6875183582305908]"
"{""run_name"": ""nhanes_disjoint_pergroup_gdro"", ""seed"": 1337, ""run_dir"": ""runs/latdiag/sep_only_s1337"", ""feature_mode"": ""disjoint"", ""use_nhanes"": true, ""num_classes"": 2, ""stratified_batching"": true, ""train_frac"": 0.8, ""use_post_pandemic"": true, ""data_split_seed"": 100, ""batch_size"": 128, ""num_workers"": 0, ""epochs"": 100, ""early_stopping_patience"": 25, ""lr"": 0.001, ""weight_decay"": 0.0001, ""optimizer"": ""adam"", ""grad_clip"": 1.0, ""lr_scheduler"": ""cosine"", ""lr_min"": 1e-05, ""latent_dim"": 64, ""head_hidden"": 32, ""common_encoder"": false, ""groups"": [{""name"": ""survey_only"", ""encoder"": ""mlp_tabular_ln"", ""input_dim"": 15, ""hidden_dim"": 64, ""dropout"": 0.1}, {""name"": ""exam"", ""encoder"": ""mlp_tabular_ln"", ""input_dim"": 15, ""hidden_dim"": 64, ""dropout"": 0.1}, {""name"": ""vitals_labs"", ""encoder"": ""mlp_tabular_ln"", ""input_dim"": 15, ""hidden_dim"": 64, ""dropout"": 0.1}], ""anchor_eps"": 0.0001, ""sep_samples_per_class"": 4, ""sep_method"": ""classifier"", ""sep_margin"": 1.0, ""lambda_fit"": 0.0, ""lambda_sep"": 0.1, ""groupdro_enabled"": true, ""groupdro_eta"": 1.0, ""groupdro_gamma"": 0.9, ""groupdro_update_mode"": ""softmax"", ""groupdro_objective"": ""weighted"", ""groupdro_kl_lambda"": 0.0, ""groupdro_uniform_init"": false, ""log_interval"": 20, ""save_every"": 10, ""return_latents"": true}","{""num_groups"": 3, ""num_classes"": 2, ""train_total"": 13604, ""test_total"": 3401, ""train_group_counts"": [2133, 2118, 9353], ""test_group_counts"": [533, 530, 2338], ""train_class_counts"": [12174, 1430], ""test_class_counts"": [3043, 358], ""train_group_class_counts"": [[1876, 257], [1908, 210], [8390, 963]], ""test_group_class_counts"": [[469, 64], [477, 53], [2097, 241]], ""group_proportions"": [0.15679211996471626, 0.15568950308732726, 0.6875183769479565], ""group_names"": [""survey_only"", ""exam"", ""vitals_labs""], ""group_feature_counts"": {""0"": 15, ""1"": 15, ""2"": 15}, ""max_features"": 25, ""feature_mode"": ""disjoint""}","{""num_groups"": 3, ""eta"": 1.0, ""update_mode"": ""softmax"", ""robust_objective"": ""weighted"", ""gamma"": 0.9, ""kl_lambda"": 0.0, ""initial_pi"": [0.15679211914539337, 0.15568950772285461, 0.6875183582305908]}",2026-09-10T03:50:41.937415,34,0.41047664887394986,0.7098068350314386,0.001,0.6733313731255514,0.6928886031762653,0.6561163387510693,0.7396226415094339,0.6849013859275053,"[0.6849013859275053, 0.6876310272536688, 0.7275024387734306]","[0.6829268292682927, 0.7396226415094339, 0.6561163387510693]","[0.5296533851645925, 0.4838533472072151, 0.507194143747603]","[0.6625041077883668, 0.7653631284916201]","[[0.6823027718550106, 0.6875], [0.7526205450733753, 0.6226415094339622], [0.6375774916547449, 0.8174273858921162]]","[533, 530, 2338]",0.7878022093016852,"[0.6875, 0.6226415094339622, 0.8174273858921162]","[0.6823027718550106, 0.7526205450733753, 0.6375774916547449]","[0.3424124513618677, 0.3235294117647059, 0.328881469115192]","[0.7702558635394456, 0.7508009967960129, 0.8075763242094516]",0.3316077774139219,0.3235294117647059,"[0.0, 0.0, 1.0]","[0.15679211914539337, 0.15568950772285461, 0.6875183582305908]"
"{""run_name"": ""nhanes_disjoint_pergroup_gdro"", ""seed"": 1337, ""run_dir"": ""runs/latdiag/sep_only_s1337"", ""feature_mode"": ""disjoint"", ""use_nhanes"": true, ""num_classes"": 2, ""stratified_batching"": true, ""train_frac"": 0.8, ""use_post_pandemic"": true, ""data_split_seed"": 100, ""batch_size"": 128, ""num_workers"": 0, ""epochs"": 100, ""early_stopping_patience"": 25, ""lr"": 0.001, ""weight_decay"": 0.0001, ""optimizer"": ""adam"", ""grad_clip"": 1.0, ""lr_scheduler"": ""cosine"", ""lr_min"": 1e-05, ""latent_dim"": 64, ""head_hidden"": 32, ""common_encoder"": false, ""groups"": [{""name"": ""survey_only"", ""encoder"": ""mlp_tabular_ln"", ""input_dim"": 15, ""hidden_dim"": 64, ""dropout"": 0.1}, {""name"": ""exam"", ""encoder"": ""mlp_tabular_ln"", ""input_dim"": 15, ""hidden_dim"": 64, ""dropout"": 0.1}, {""name"": ""vitals_labs"", ""encoder"": ""mlp_tabular_ln"", ""input_dim"": 15, ""hidden_dim"": 64, ""dropout"": 0.1}], ""anchor_eps"": 0.0001, ""sep_samples_per_class"": 4, ""sep_method"": ""classifier"", ""sep_margin"": 1.0, ""lambda_fit"": 0.0, ""lambda_sep"": 0.1, ""groupdro_enabled"": true, ""groupdro_eta"": 1.0, ""groupdro_gamma"": 0.9, ""groupdro_update_mode"": ""softmax"", ""groupdro_objective"": ""weighted"", ""groupdro_kl_lambda"": 0.0, ""groupdro_uniform_init"": false, ""log_interval"": 20, ""save_every"": 10, ""return_latents"": true}","{""num_groups"": 3, ""num_classes"": 2, ""train_total"": 13604, ""test_total"": 3401, ""train_group_counts"": [2133, 2118, 9353], ""test_group_counts"": [533, 530, 2338], ""train_class_counts"": [12174, 1430], ""test_class_counts"": [3043, 358], ""train_group_class_counts"": [[1876, 257], [1908, 210], [8390, 963]], ""test_group_class_counts"": [[469, 64], [477, 53], [2097, 241]], ""group_proportions"": [0.15679211996471626, 0.15568950308732726, 0.6875183769479565], ""group_names"": [""survey_only"", ""exam"", ""vitals_labs""], ""group_feature_counts"": {""0"": 15, ""1"": 15, ""2"": 15}, ""max_features"": 25, ""feature_mode"": ""disjoint""}","{""num_groups"": 3, ""eta"": 1.0, ""update_mode"": ""softmax"", ""robust_objective"": ""weighted"", ""gamma"": 0.9, ""kl_lambda"": 0.0, ""initial_pi"": [0.15679211914539337, 0.15568950772285461, 0.6875183582305908]}",2026-09-10T03:50:41.937415,35,0.3988956096356549,0.7277860326717371,0.001,0.6859747133196119,0.7101842122685847,0.6646706586826348,0.7716981132075472,0.6635220125786163,"[0.6778051705756929, 0.6635220125786163, 0.7212536383729374]","[0.6941838649155723, 0.7716981132075472, 0.6646706586826348]","[0.6064252412783168, 0.47760777826450157, 0.5057471551198217]","[0.6809069996713769, 0.729050279329609]","[[0.6993603411513859, 0.65625], [0.7987421383647799, 0.5283018867924528], [0.6499761564139247, 0.7925311203319502]]","[533, 530, 2338]",0.7863977587539495,"[0.65625, 0.5283018867924528, 0.7925311203319502]","[0.6993603411513859, 0.7987421383647799, 0.6499761564139247]","[0.3400809716599191, 0.3163841807909604, 0.3276157804459692]","[0.7688232942430704, 0.7586329654681381, 0.8081907170290694]",0.3280269776322829,0.3163841807909604,"[0.0, 0.0, 1.0]","[0.15679211914539337, 0.15568950772285461, 0.6875183582305908]"
"{""run_name"": ""nhanes_disjoint_pergroup_gdro"", ""seed"": 1337, ""run_dir"": ""runs/latdiag/sep_only_s1337"", ""feature_mode"": ""disjoint"", ""use_nhanes"": true, ""num_classes"": 2, ""stratified_batching"": true, ""train_frac"": 0.8, ""use_post_pandemic"": true, ""data_split_seed"": 100, ""batch_size"": 128, ""num_workers"": 0, ""epochs"": 100, ""early_stopping_patience"": 25, ""lr"": 0.001, ""weight_decay"": 0.0001, ""optimizer"": ""adam"", ""grad_clip"": 1.0, ""lr_scheduler"": ""cosine"", ""lr_min"": 1e-05, ""latent_dim"": 64, ""head_hidden"": 32, ""common_encoder"": false, ""groups"": [{""name"": ""survey_only"", ""encoder"": ""mlp_tabular_ln"", ""input_dim"": 15, ""hidden_dim"": 64, ""dropout"": 0.1}, {""name"": ""exam"", ""encoder"": ""mlp_tabular_ln"", ""input_dim"": 15, ""hidden_dim"": 64, ""dropout"": 0.1}, {""name"": ""vitals_labs"", ""encoder"": ""mlp_tabular_ln"", ""input_dim"": 15, ""hidden_dim"": 64, ""dropout"": 0.1}], ""anchor_eps"": 0.0001, ""sep_samples_per_class"": 4, ""sep_method"": ""classifier"", ""sep_margin"": 1.0, ""lambda_fit"": 0.0, ""lambda_sep"": 0.1, ""groupdro_enabled"": true, ""groupdro_eta"": 1.0, ""groupdro_gamma"": 0.9, ""groupdro_update_mode"": ""softmax"", ""groupdro_objective"": ""weighted"", ""groupdro_kl_lambda"": 0.0, ""groupdro_uniform_init"": false, ""log_interval"": 20, ""save_every"": 10, ""return_latents"": true}","{""num_groups"": 3, ""num_classes"": 2, ""train_total"": 13604, ""test_total"": 3401, ""train_group_counts"": [2133, 2118, 9353], ""test_group_counts"": [533, 530, 2338], ""train_class_counts"": [12174, 1430], ""test_class_counts"": [3043, 358], ""train_group_class_counts"": [[1876, 257], [1908, 210], [8390, 963]], ""test_group_class_counts"": [[469, 64], [477, 53], [2097, 241]], ""group_proportions"": [0.15679211996471626, 0.15568950308732726, 0.6875183769479565], ""group_names"": [""survey_only"", ""exam"", ""vitals_labs""], ""group_feature_counts"": {""0"": 15, ""1"": 15, ""2"": 15}, ""max_features"": 25, ""feature_mode"": ""disjoint""}","{""num_groups"": 3, ""eta"": 1.0, ""update_mode"": ""softmax"", ""robust_objective"": ""weighted"", ""gamma"": 0.9, ""kl_lambda"": 0.0, ""initial_pi"": [0.15679211914539337, 0.15568950772285461, 0.6875183582305908]}",2026-09-10T03:50:41.937415,36,0.41706022481595956,0.7253343239581602,0.001,0.6927374301675978,0.7192642745841916,0.6693755346449958,0.7754716981132076,0.6572327044025157,"[0.6817197494669509, 0.6572327044025157, 0.7275489387130796]","[0.7129455909943715, 0.7754716981132076, 0.6693755346449958]","[0.5591211761966693, 0.46376072612877367, 0.49404951405258574]","[0.6884653302661847, 0.729050279329609]","[[0.7228144989339019, 0.640625], [0.8050314465408805, 0.5094339622641509], [0.6542680019074869, 0.8008298755186722]]","[533, 530, 2338]",0.7856808464155302,"[0.640625, 0.5094339622641509, 0.8008298755186722]","[0.7228144989339019, 0.8050314465408805, 0.6542680019074869]","[0.34893617021276596, 0.31213872832369943, 0.3330457290767903]","[0.7691897654584222, 0.7479530081879673, 0.8104662459906169]",0.3313735425377519,0.31213872832369943,"[0.0, 0.0, 1.0]","[0.15679211914539337, 0.15568950772285461, 0.6875183582305908]"
"{""run_name"": ""nhanes_disjoint_pergroup_gdro"", ""seed"": 1337, ""run_dir"": ""runs/latdiag/sep_only_s1337"", ""feature_mode"": ""disjoint"", ""use_nhanes"": true, ""num_classes"": 2, ""stratified_batching"": true, ""train_frac"": 0.8, ""use_post_pandemic"": true, ""data_split_seed"": 100, ""batch_size"": 128, ""num_workers"": 0, ""epochs"": 100, ""early_stopping_patience"": 25, ""lr"": 0.001, ""weight_decay"": 0.0001, ""optimizer"": ""adam"", ""grad_clip"": 1.0, ""lr_scheduler"": ""cosine"", ""lr_min"": 1e-05, ""latent_dim"": 64, ""head_hidden"": 32, ""common_encoder"": false, ""groups"": [{""name"": ""survey_only"", ""encoder"": ""mlp_tabular_ln"", ""input_dim"": 15, ""hidden_dim"": 64, ""dropout"": 0.1}, {""name"": ""exam"", ""encoder"": ""mlp_tabular_ln"", ""input_dim"": 15, ""hidden_dim"": 64, ""dropout"": 0.1}, {""name"": ""vitals_labs"", ""encoder"": ""mlp_tabular_ln"", ""input_dim"": 15, ""hidden_dim"": 64, ""dropout"": 0.1}], ""anchor_eps"": 0.0001, ""sep_samples_per_class"": 4, ""sep_method"": ""classifier"", ""sep_margin"": 1.0, ""lambda_fit"": 0.0, ""lambda_sep"": 0.1, ""groupdro_enabled"": true, ""groupdro_eta"": 1.0, ""groupdro_gamma"": 0.9, ""groupdro_update_mode"": ""softmax"", ""groupdro_objective"": ""weighted"", ""groupdro_kl_lambda"": 0.0, ""groupdro_uniform_init"": false, ""log_interval"": 20, ""save_every"": 10, ""return_latents"": true}","{""num_groups"": 3, ""num_classes"": 2, ""train_total"": 13604, ""test_total"": 3401, ""train_group_counts"": [2133, 2118, 9353], ""test_group_counts"": [533, 530, 2338], ""train_class_counts"": [12174, 1430], ""test_class_counts"": [3043, 358], ""train_group_class_counts"": [[1876, 257], [1908, 210], [8390, 963]], ""test_group_class_counts"": [[469, 64], [477, 53], [2097, 241]], ""group_proportions"": [0.15679211996471626, 0.15568950308732726, 0.6875183769479565], ""group_names"": [""survey_only"", ""exam"", ""vitals_labs""], ""group_feature_counts"": {""0"": 15, ""1"": 15, ""2"": 15}, ""max_features"": 25, ""feature_mode"": ""disjoint""}","{""num_groups"": 3, ""eta"": 1.0, ""update_mode"": ""softmax"", ""robust_objective"": ""weighted"", ""gamma"": 0.9, ""kl_lambda"": 0.0, ""initial_pi"": [0.15679211914539337, 0.15568950772285461, 0.6875183582305908]}",2026-09-10T03:50:41.937415,37,0.4002923617767721,0.7159732540861813,0.001,0.6918553366656865,0.7067306873435987,0.6787852865697177,0.7566037735849057,0.6886792452830188,"[0.6927138859275053, 0.6886792452830188, 0.7327945276496557]","[0.6848030018761726, 0.7566037735849057, 0.6787852865697177]","[0.625155034659143, 0.5112376915989493, 0.5013101861015733]","[0.6845218534341111, 0.7541899441340782]","[[0.6823027718550106, 0.703125], [0.7735849056603774, 0.6037735849056604], [0.664759179780639, 0.8008298755186722]]","[533, 530, 2338]",0.7939065205058959,"[0.703125, 0.6037735849056604, 0.8008298755186722]","[0.6823027718550106, 0.7735849056603774, 0.664759179780639]","[0.3488372093023256, 0.3316062176165803, 0.33948988566402816]","[0.7734541577825159, 0.7485858945453108, 0.8145463683547133]",0.3399777708609781,0.3316062176165803,"[0.0, 0.0, 1.0]","[0.15679211914539337, 0.15568950772285461, 0.6875183582305908]"
"{""run_name"": ""nhanes_disjoint_pergroup_gdro"", ""seed"": 1337, ""run_dir"": ""runs/latdiag/sep_only_s1337"", ""feature_mode"": ""disjoint"", ""use_nhanes"": true, ""num_classes"": 2, ""stratified_batching"": true, ""train_frac"": 0.8, ""use_post_pandemic"": true, ""data_split_seed"": 100, ""batch_size"": 128, ""num_workers"": 0, ""epochs"": 100, ""early_stopping_patience"": 25, ""lr"": 0.001, ""weight_decay"": 0.0001, ""optimizer"": ""adam"", ""grad_clip"": 1.0, ""lr_scheduler"": ""cosine"", ""lr_min"": 1e-05, ""latent_dim"": 64, ""head_hidden"": 32, ""common_encoder"": false, ""groups"": [{""name"": ""survey_only"", ""encoder"": ""mlp_tabular_ln"", ""input_dim"": 15, ""hidden_dim"": 64, ""dropout"": 0.1}, {""name"": ""exam"", ""encoder"": ""mlp_tabular_ln"", ""input_dim"": 15, ""hidden_dim"": 64, ""dropout"": 0.1}, {""name"": ""vitals_labs"", ""encoder"": ""mlp_tabular_ln"", ""input_dim"": 15, ""hidden_dim"": 64, ""dropout"": 0.1}], ""anchor_eps"": 0.0001, ""sep_samples_per_class"": 4, ""sep_method"": ""classifier"", ""sep_margin"": 1.0, ""lambda_fit"": 0.0, ""lambda_sep"": 0.1, ""groupdro_enabled"": true, ""groupdro_eta"": 1.0, ""groupdro_gamma"": 0.9, ""groupdro_update_mode"": ""softmax"", ""groupdro_objective"": ""weighted"", ""groupdro_kl_lambda"": 0.0, ""groupdro_uniform_init"": false, ""log_interval"": 20, ""save_every"": 10, ""return_latents"": true}","{""num_groups"": 3, ""num_classes"": 2, ""train_total"": 13604, ""test_total"": 3401, ""train_group_counts"": [2133, 2118, 9353], ""test_group_counts"": [533, 530, 2338], ""train_class_counts"": [12174, 1430], ""test_class_counts"": [3043, 358], ""train_group_class_counts"": [[1876, 257], [1908, 210], [8390, 963]], ""test_group_class_counts"": [[469, 64], [477, 53], [2097, 241]], ""group_proportions"": [0.15679211996471626, 0.15568950308732726, 0.6875183769479565], ""group_names"": [""survey_only"", ""exam"", ""vitals_labs""], ""group_feature_counts"": {""0"": 15, ""1"": 15, ""2"": 15}, ""max_features"": 25, ""feature_mode"": ""disjoint""}","{""num_groups"": 3, ""eta"": 1.0, ""update_mode"": ""softmax"", ""robust_objective"": ""weighted"", ""gamma"": 0.9, ""kl_lambda"": 0.0, ""initial_pi"": [0.15679211914539337, 0.15568950772285461, 0.6875183582305908]}",2026-09-10T03:50:41.937415,38,0.38210480813640013,0.7244427934266837,0.001,0.679211996471626,0.7137105398090101,0.6488451668092386,0.7962264150943397,0.6519916142557651,"[0.6856176705756929, 0.6519916142557651, 0.7271215350124758]","[0.6960600375234521, 0.7962264150943397, 0.6488451668092386]","[0.6256034793035178, 0.4770605079774465, 0.5051034753096451]","[0.6713769306605324, 0.7458100558659218]","[[0.6993603411513859, 0.671875], [0.8322851153039832, 0.4716981132075472], [0.6285169289461134, 0.8257261410788381]]","[533, 530, 2338]",0.785566562694489,"[0.671875, 0.4716981132075472, 0.8257261410788381]","[0.6993603411513859, 0.8322851153039832, 0.6285169289461134]","[0.3467741935483871, 0.31645569620253167, 0.3264971287940935]","[0.7707889125799574, 0.7522645464973696, 0.8104177673301317]",0.32990900618167074,0.31645569620253167,"[0.0, 0.0, 1.0]","[0.15679211914539337, 0.15568950772285461, 0.6875183582305908]"
