config,dataset_info,groupdro_config,start_time,epoch,train_loss,train_acc,learning_rate,test_overall_acc,test_balanced_acc,test_worst_group_acc,test_best_group_acc,test_worst_group_bal_acc,test_per_group_bal_acc,test_per_group_acc,test_per_group_loss,test_per_class_acc,test_per_group_per_class_acc,test_per_group_counts,test_overall_auroc,test_per_group_sensitivity,test_per_group_specificity,test_per_group_f1,test_per_group_auroc,test_mean_group_f1,test_worst_group_f1,groupdro_weights,groupdro_pi
"{""run_name"": ""nhanes_pergroup_gdro"", ""seed"": 1337, ""run_dir"": ""runs/anchorctl2/permuted_s1337"", ""use_nhanes"": true, ""num_classes"": 2, ""stratified_batching"": true, ""train_frac"": 0.8, ""use_post_pandemic"": true, ""data_split_seed"": 100, ""batch_size"": 128, ""num_workers"": 0, ""epochs"": 100, ""early_stopping_patience"": 25, ""lr"": 0.001, ""weight_decay"": 0.0001, ""optimizer"": ""adam"", ""grad_clip"": 1.0, ""lr_scheduler"": ""cosine"", ""lr_min"": 1e-05, ""latent_dim"": 64, ""head_hidden"": 32, ""common_encoder"": false, ""groups"": [{""name"": ""survey_only"", ""encoder"": ""mlp_tabular_ln"", ""input_dim"": 10, ""hidden_dim"": 64, ""dropout"": 0.1}, {""name"": ""exam"", ""encoder"": ""mlp_tabular_ln"", ""input_dim"": 13, ""hidden_dim"": 64, ""dropout"": 0.1}, {""name"": ""vitals_labs"", ""encoder"": ""mlp_tabular_ln"", ""input_dim"": 20, ""hidden_dim"": 64, ""dropout"": 0.1}], ""anchor_eps"": 0.0001, ""sep_samples_per_class"": 4, ""sep_method"": ""classifier"", ""sep_margin"": 1.0, ""lambda_fit"": 0.1, ""lambda_sep"": 0.1, ""groupdro_enabled"": true, ""groupdro_eta"": 1.0, ""groupdro_gamma"": 0.9, ""groupdro_update_mode"": ""softmax"", ""groupdro_objective"": ""weighted"", ""groupdro_kl_lambda"": 0.0, ""groupdro_uniform_init"": false, ""log_interval"": 20, ""save_every"": 10, ""random_anchor_targets"": ""permute""}","{""num_groups"": 3, ""num_classes"": 2, ""train_total"": 13604, ""test_total"": 3401, ""train_group_counts"": [2133, 2118, 9353], ""test_group_counts"": [533, 530, 2338], ""train_class_counts"": [12174, 1430], ""test_class_counts"": [3043, 358], ""train_group_class_counts"": [[1876, 257], [1908, 210], [8390, 963]], ""test_group_class_counts"": [[469, 64], [477, 53], [2097, 241]], ""group_proportions"": [0.15679211996471626, 0.15568950308732726, 0.6875183769479565], ""group_names"": [""survey_only"", ""exam"", ""vitals_labs""], ""group_feature_counts"": {""0"": 10, ""1"": 13, ""2"": 20}, ""max_features"": 20, ""feature_mode"": ""nested""}","{""num_groups"": 3, ""eta"": 1.0, ""update_mode"": ""softmax"", ""robust_objective"": ""weighted"", ""gamma"": 0.9, ""kl_lambda"": 0.0, ""initial_pi"": [0.15679211914539337, 0.15568950772285461, 0.6875183582305908]}",2026-09-10T06:10:26.837222,1,1.4272299704898874,0.7462852897828259,0.001,0.744486915613055,0.711891263769927,0.649155722326454,0.7733105218135158,0.6771499296564742,"[0.7331756396588487, 0.7316561844863732, 0.6771499296564742]","[0.649155722326454, 0.7132075471698113, 0.7733105218135158]","[0.6087416019325632, 0.6029604282581581, 0.6085568575190111]","[0.7571475517581334, 0.6368715083798883]","[[0.6226012793176973, 0.84375], [0.7085953878406709, 0.7547169811320755], [0.7982832618025751, 0.5560165975103735]]","[533, 530, 2338]",0.7684391505736216,"[0.84375, 0.7547169811320755, 0.5560165975103735]","[0.6226012793176973, 0.7085953878406709, 0.7982832618025751]","[0.36610169491525424, 0.3448275862068965, 0.3358395989974937]","[0.7764359008528783, 0.7849768600925596, 0.7664941222097562]",0.3489229600398815,0.3358395989974937,"[0.0, 0.0, 1.0]","[0.15679211914539337, 0.15568950772285461, 0.6875183582305908]"
"{""run_name"": ""nhanes_pergroup_gdro"", ""seed"": 1337, ""run_dir"": ""runs/anchorctl2/permuted_s1337"", ""use_nhanes"": true, ""num_classes"": 2, ""stratified_batching"": true, ""train_frac"": 0.8, ""use_post_pandemic"": true, ""data_split_seed"": 100, ""batch_size"": 128, ""num_workers"": 0, ""epochs"": 100, ""early_stopping_patience"": 25, ""lr"": 0.001, ""weight_decay"": 0.0001, ""optimizer"": ""adam"", ""grad_clip"": 1.0, ""lr_scheduler"": ""cosine"", ""lr_min"": 1e-05, ""latent_dim"": 64, ""head_hidden"": 32, ""common_encoder"": false, ""groups"": [{""name"": ""survey_only"", ""encoder"": ""mlp_tabular_ln"", ""input_dim"": 10, ""hidden_dim"": 64, ""dropout"": 0.1}, {""name"": ""exam"", ""encoder"": ""mlp_tabular_ln"", ""input_dim"": 13, ""hidden_dim"": 64, ""dropout"": 0.1}, {""name"": ""vitals_labs"", ""encoder"": ""mlp_tabular_ln"", ""input_dim"": 20, ""hidden_dim"": 64, ""dropout"": 0.1}], ""anchor_eps"": 0.0001, ""sep_samples_per_class"": 4, ""sep_method"": ""classifier"", ""sep_margin"": 1.0, ""lambda_fit"": 0.1, ""lambda_sep"": 0.1, ""groupdro_enabled"": true, ""groupdro_eta"": 1.0, ""groupdro_gamma"": 0.9, ""groupdro_update_mode"": ""softmax"", ""groupdro_objective"": ""weighted"", ""groupdro_kl_lambda"": 0.0, ""groupdro_uniform_init"": false, ""log_interval"": 20, ""save_every"": 10, ""random_anchor_targets"": ""permute""}","{""num_groups"": 3, ""num_classes"": 2, ""train_total"": 13604, ""test_total"": 3401, ""train_group_counts"": [2133, 2118, 9353], ""test_group_counts"": [533, 530, 2338], ""train_class_counts"": [12174, 1430], ""test_class_counts"": [3043, 358], ""train_group_class_counts"": [[1876, 257], [1908, 210], [8390, 963]], ""test_group_class_counts"": [[469, 64], [477, 53], [2097, 241]], ""group_proportions"": [0.15679211996471626, 0.15568950308732726, 0.6875183769479565], ""group_names"": [""survey_only"", ""exam"", ""vitals_labs""], ""group_feature_counts"": {""0"": 10, ""1"": 13, ""2"": 20}, ""max_features"": 20, ""feature_mode"": ""nested""}","{""num_groups"": 3, ""eta"": 1.0, ""update_mode"": ""softmax"", ""robust_objective"": ""weighted"", ""gamma"": 0.9, ""kl_lambda"": 0.0, ""initial_pi"": [0.15679211914539337, 0.15568950772285461, 0.6875183582305908]}",2026-09-10T06:10:26.837222,2,0.7284478610461746,0.7302377414915927,0.001,0.703616583357836,0.6750582771688283,0.6454033771106942,0.7288280581693756,0.705603935279999,"[0.7242970415778252, 0.7641509433962264, 0.705603935279999]","[0.6454033771106942, 0.6509433962264151, 0.7288280581693756]","[0.5716163199010531, 0.6324877627193928, 0.5448963772202782]","[0.6996385146237266, 0.7374301675977654]","[[0.6204690831556503, 0.828125], [0.6226415094339622, 0.9056603773584906], [0.7348593228421555, 0.6763485477178424]]","[533, 530, 2338]",0.7871610271398595,"[0.828125, 0.9056603773584906, 0.6763485477178424]","[0.6204690831556503, 0.6226415094339622, 0.7348593228421555]","[0.359322033898305, 0.34163701067615654, 0.3395833333333334]","[0.7933602078891256, 0.7933626043273605, 0.7884153809928034]",0.3468474593025983,0.3395833333333334,"[0.0, 0.0, 1.0]","[0.15679211914539337, 0.15568950772285461, 0.6875183582305908]"
"{""run_name"": ""nhanes_pergroup_gdro"", ""seed"": 1337, ""run_dir"": ""runs/anchorctl2/permuted_s1337"", ""use_nhanes"": true, ""num_classes"": 2, ""stratified_batching"": true, ""train_frac"": 0.8, ""use_post_pandemic"": true, ""data_split_seed"": 100, ""batch_size"": 128, ""num_workers"": 0, ""epochs"": 100, ""early_stopping_patience"": 25, ""lr"": 0.001, ""weight_decay"": 0.0001, ""optimizer"": ""adam"", ""grad_clip"": 1.0, ""lr_scheduler"": ""cosine"", ""lr_min"": 1e-05, ""latent_dim"": 64, ""head_hidden"": 32, ""common_encoder"": false, ""groups"": [{""name"": ""survey_only"", ""encoder"": ""mlp_tabular_ln"", ""input_dim"": 10, ""hidden_dim"": 64, ""dropout"": 0.1}, {""name"": ""exam"", ""encoder"": ""mlp_tabular_ln"", ""input_dim"": 13, ""hidden_dim"": 64, ""dropout"": 0.1}, {""name"": ""vitals_labs"", ""encoder"": ""mlp_tabular_ln"", ""input_dim"": 20, ""hidden_dim"": 64, ""dropout"": 0.1}], ""anchor_eps"": 0.0001, ""sep_samples_per_class"": 4, ""sep_method"": ""classifier"", ""sep_margin"": 1.0, ""lambda_fit"": 0.1, ""lambda_sep"": 0.1, ""groupdro_enabled"": true, ""groupdro_eta"": 1.0, ""groupdro_gamma"": 0.9, ""groupdro_update_mode"": ""softmax"", ""groupdro_objective"": ""weighted"", ""groupdro_kl_lambda"": 0.0, ""groupdro_uniform_init"": false, ""log_interval"": 20, ""save_every"": 10, ""random_anchor_targets"": ""permute""}","{""num_groups"": 3, ""num_classes"": 2, ""train_total"": 13604, ""test_total"": 3401, ""train_group_counts"": [2133, 2118, 9353], ""test_group_counts"": [533, 530, 2338], ""train_class_counts"": [12174, 1430], ""test_class_counts"": [3043, 358], ""train_group_class_counts"": [[1876, 257], [1908, 210], [8390, 963]], ""test_group_class_counts"": [[469, 64], [477, 53], [2097, 241]], ""group_proportions"": [0.15679211996471626, 0.15568950308732726, 0.6875183769479565], ""group_names"": [""survey_only"", ""exam"", ""vitals_labs""], ""group_feature_counts"": {""0"": 10, ""1"": 13, ""2"": 20}, ""max_features"": 20, ""feature_mode"": ""nested""}","{""num_groups"": 3, ""eta"": 1.0, ""update_mode"": ""softmax"", ""robust_objective"": ""weighted"", ""gamma"": 0.9, ""kl_lambda"": 0.0, ""initial_pi"": [0.15679211914539337, 0.15568950772285461, 0.6875183582305908]}",2026-09-10T06:10:26.837222,3,0.6199298038613743,0.7106240713401499,0.001,0.6812702146427522,0.685114994771889,0.6566604127579737,0.720754716981132,0.7190775681341719,"[0.7239472281449894, 0.7190775681341719, 0.7286451500562946]","[0.6566604127579737, 0.720754716981132, 0.6779298545765612]","[0.5601759404188641, 0.49407277802391997, 0.5812743754660706]","[0.6690765691751561, 0.7849162011173184]","[[0.6353944562899787, 0.8125], [0.7211740041928721, 0.7169811320754716], [0.664759179780639, 0.7925311203319502]]","[533, 530, 2338]",0.7954991490681975,"[0.8125, 0.7169811320754716, 0.7925311203319502]","[0.6353944562899787, 0.7211740041928721, 0.664759179780639]","[0.36236933797909404, 0.33928571428571425, 0.3365638766519824]","[0.7925939498933903, 0.7892488430046279, 0.8017133743720035]",0.3460729763055969,0.3365638766519824,"[0.0, 0.0, 1.0]","[0.15679211914539337, 0.15568950772285461, 0.6875183582305908]"
"{""run_name"": ""nhanes_pergroup_gdro"", ""seed"": 1337, ""run_dir"": ""runs/anchorctl2/permuted_s1337"", ""use_nhanes"": true, ""num_classes"": 2, ""stratified_batching"": true, ""train_frac"": 0.8, ""use_post_pandemic"": true, ""data_split_seed"": 100, ""batch_size"": 128, ""num_workers"": 0, ""epochs"": 100, ""early_stopping_patience"": 25, ""lr"": 0.001, ""weight_decay"": 0.0001, ""optimizer"": ""adam"", ""grad_clip"": 1.0, ""lr_scheduler"": ""cosine"", ""lr_min"": 1e-05, ""latent_dim"": 64, ""head_hidden"": 32, ""common_encoder"": false, ""groups"": [{""name"": ""survey_only"", ""encoder"": ""mlp_tabular_ln"", ""input_dim"": 10, ""hidden_dim"": 64, ""dropout"": 0.1}, {""name"": ""exam"", ""encoder"": ""mlp_tabular_ln"", ""input_dim"": 13, ""hidden_dim"": 64, ""dropout"": 0.1}, {""name"": ""vitals_labs"", ""encoder"": ""mlp_tabular_ln"", ""input_dim"": 20, ""hidden_dim"": 64, ""dropout"": 0.1}], ""anchor_eps"": 0.0001, ""sep_samples_per_class"": 4, ""sep_method"": ""classifier"", ""sep_margin"": 1.0, ""lambda_fit"": 0.1, ""lambda_sep"": 0.1, ""groupdro_enabled"": true, ""groupdro_eta"": 1.0, ""groupdro_gamma"": 0.9, ""groupdro_update_mode"": ""softmax"", ""groupdro_objective"": ""weighted"", ""groupdro_kl_lambda"": 0.0, ""groupdro_uniform_init"": false, ""log_interval"": 20, ""save_every"": 10, ""random_anchor_targets"": ""permute""}","{""num_groups"": 3, ""num_classes"": 2, ""train_total"": 13604, ""test_total"": 3401, ""train_group_counts"": [2133, 2118, 9353], ""test_group_counts"": [533, 530, 2338], ""train_class_counts"": [12174, 1430], ""test_class_counts"": [3043, 358], ""train_group_class_counts"": [[1876, 257], [1908, 210], [8390, 963]], ""test_group_class_counts"": [[469, 64], [477, 53], [2097, 241]], ""group_proportions"": [0.15679211996471626, 0.15568950308732726, 0.6875183769479565], ""group_names"": [""survey_only"", ""exam"", ""vitals_labs""], ""group_feature_counts"": {""0"": 10, ""1"": 13, ""2"": 20}, ""max_features"": 20, ""feature_mode"": ""nested""}","{""num_groups"": 3, ""eta"": 1.0, ""update_mode"": ""softmax"", ""robust_objective"": ""weighted"", ""gamma"": 0.9, ""kl_lambda"": 0.0, ""initial_pi"": [0.15679211914539337, 0.15568950772285461, 0.6875183582305908]}",2026-09-10T06:10:26.837222,4,0.5491218878866836,0.7051263001131621,0.001,0.6451043810643928,0.6462992091299213,0.5928705440900562,0.7018867924528301,0.6918238993710691,"[0.7079390991471215, 0.6918238993710691, 0.7244987405441878]","[0.5928705440900562, 0.7018867924528301, 0.6441402908468776]","[0.6807756119042523, 0.5130265558314211, 0.6228674731167134]","[0.6256983240223464, 0.8100558659217877]","[[0.5565031982942431, 0.859375], [0.7044025157232704, 0.6792452830188679], [0.6232713400095374, 0.8257261410788381]]","[533, 530, 2338]",0.7921394830520454,"[0.859375, 0.6792452830188679, 0.8257261410788381]","[0.5565031982942431, 0.7044025157232704, 0.6232713400095374]","[0.33639143730886856, 0.3130434782608696, 0.3235772357723577]","[0.786980277185501, 0.7650804952335746, 0.8068610166271912]",0.3243373837806986,0.3130434782608696,"[0.0, 0.0, 1.0]","[0.15679211914539337, 0.15568950772285461, 0.6875183582305908]"
"{""run_name"": ""nhanes_pergroup_gdro"", ""seed"": 1337, ""run_dir"": ""runs/anchorctl2/permuted_s1337"", ""use_nhanes"": true, ""num_classes"": 2, ""stratified_batching"": true, ""train_frac"": 0.8, ""use_post_pandemic"": true, ""data_split_seed"": 100, ""batch_size"": 128, ""num_workers"": 0, ""epochs"": 100, ""early_stopping_patience"": 25, ""lr"": 0.001, ""weight_decay"": 0.0001, ""optimizer"": ""adam"", ""grad_clip"": 1.0, ""lr_scheduler"": ""cosine"", ""lr_min"": 1e-05, ""latent_dim"": 64, ""head_hidden"": 32, ""common_encoder"": false, ""groups"": [{""name"": ""survey_only"", ""encoder"": ""mlp_tabular_ln"", ""input_dim"": 10, ""hidden_dim"": 64, ""dropout"": 0.1}, {""name"": ""exam"", ""encoder"": ""mlp_tabular_ln"", ""input_dim"": 13, ""hidden_dim"": 64, ""dropout"": 0.1}, {""name"": ""vitals_labs"", ""encoder"": ""mlp_tabular_ln"", ""input_dim"": 20, ""hidden_dim"": 64, ""dropout"": 0.1}], ""anchor_eps"": 0.0001, ""sep_samples_per_class"": 4, ""sep_method"": ""classifier"", ""sep_margin"": 1.0, ""lambda_fit"": 0.1, ""lambda_sep"": 0.1, ""groupdro_enabled"": true, ""groupdro_eta"": 1.0, ""groupdro_gamma"": 0.9, ""groupdro_update_mode"": ""softmax"", ""groupdro_objective"": ""weighted"", ""groupdro_kl_lambda"": 0.0, ""groupdro_uniform_init"": false, ""log_interval"": 20, ""save_every"": 10, ""random_anchor_targets"": ""permute""}","{""num_groups"": 3, ""num_classes"": 2, ""train_total"": 13604, ""test_total"": 3401, ""train_group_counts"": [2133, 2118, 9353], ""test_group_counts"": [533, 530, 2338], ""train_class_counts"": [12174, 1430], ""test_class_counts"": [3043, 358], ""train_group_class_counts"": [[1876, 257], [1908, 210], [8390, 963]], ""test_group_class_counts"": [[469, 64], [477, 53], [2097, 241]], ""group_proportions"": [0.15679211996471626, 0.15568950308732726, 0.6875183769479565], ""group_names"": [""survey_only"", ""exam"", ""vitals_labs""], ""group_feature_counts"": {""0"": 10, ""1"": 13, ""2"": 20}, ""max_features"": 20, ""feature_mode"": ""nested""}","{""num_groups"": 3, ""eta"": 1.0, ""update_mode"": ""softmax"", ""robust_objective"": ""weighted"", ""gamma"": 0.9, ""kl_lambda"": 0.0, ""initial_pi"": [0.15679211914539337, 0.15568950772285461, 0.6875183582305908]}",2026-09-10T06:10:26.837222,5,0.5273962311989131,0.7045319464727461,0.001,0.651573066745075,0.64112167385795,0.6172607879924953,0.6608212147134302,0.7106918238993711,"[0.7150519722814499, 0.7106918238993711, 0.7356339920494996]","[0.6172607879924953, 0.6452830188679245, 0.6608212147134302]","[0.5960814886452109, 0.6013989681975459, 0.5923324546197524]","[0.6309562931317778, 0.8268156424581006]","[[0.5863539445628998, 0.84375], [0.6289308176100629, 0.7924528301886793], [0.6413924654268002, 0.8298755186721992]]","[533, 530, 2338]",0.7935742256704186,"[0.84375, 0.7924528301886793, 0.8298755186721992]","[0.5863539445628998, 0.6289308176100629, 0.6413924654268002]","[0.34615384615384615, 0.3088235294117647, 0.3352891869237217]","[0.7713885927505331, 0.772952019303034, 0.8078286111160579]",0.33008885416311085,0.3088235294117647,"[0.0, 0.0, 1.0]","[0.15679211914539337, 0.15568950772285461, 0.6875183582305908]"
"{""run_name"": ""nhanes_pergroup_gdro"", ""seed"": 1337, ""run_dir"": ""runs/anchorctl2/permuted_s1337"", ""use_nhanes"": true, ""num_classes"": 2, ""stratified_batching"": true, ""train_frac"": 0.8, ""use_post_pandemic"": true, ""data_split_seed"": 100, ""batch_size"": 128, ""num_workers"": 0, ""epochs"": 100, ""early_stopping_patience"": 25, ""lr"": 0.001, ""weight_decay"": 0.0001, ""optimizer"": ""adam"", ""grad_clip"": 1.0, ""lr_scheduler"": ""cosine"", ""lr_min"": 1e-05, ""latent_dim"": 64, ""head_hidden"": 32, ""common_encoder"": false, ""groups"": [{""name"": ""survey_only"", ""encoder"": ""mlp_tabular_ln"", ""input_dim"": 10, ""hidden_dim"": 64, ""dropout"": 0.1}, {""name"": ""exam"", ""encoder"": ""mlp_tabular_ln"", ""input_dim"": 13, ""hidden_dim"": 64, ""dropout"": 0.1}, {""name"": ""vitals_labs"", ""encoder"": ""mlp_tabular_ln"", ""input_dim"": 20, ""hidden_dim"": 64, ""dropout"": 0.1}], ""anchor_eps"": 0.0001, ""sep_samples_per_class"": 4, ""sep_method"": ""classifier"", ""sep_margin"": 1.0, ""lambda_fit"": 0.1, ""lambda_sep"": 0.1, ""groupdro_enabled"": true, ""groupdro_eta"": 1.0, ""groupdro_gamma"": 0.9, ""groupdro_update_mode"": ""softmax"", ""groupdro_objective"": ""weighted"", ""groupdro_kl_lambda"": 0.0, ""groupdro_uniform_init"": false, ""log_interval"": 20, ""save_every"": 10, ""random_anchor_targets"": ""permute""}","{""num_groups"": 3, ""num_classes"": 2, ""train_total"": 13604, ""test_total"": 3401, ""train_group_counts"": [2133, 2118, 9353], ""test_group_counts"": [533, 530, 2338], ""train_class_counts"": [12174, 1430], ""test_class_counts"": [3043, 358], ""train_group_class_counts"": [[1876, 257], [1908, 210], [8390, 963]], ""test_group_class_counts"": [[469, 64], [477, 53], [2097, 241]], ""group_proportions"": [0.15679211996471626, 0.15568950308732726, 0.6875183769479565], ""group_names"": [""survey_only"", ""exam"", ""vitals_labs""], ""group_feature_counts"": {""0"": 10, ""1"": 13, ""2"": 20}, ""max_features"": 20, ""feature_mode"": ""nested""}","{""num_groups"": 3, ""eta"": 1.0, ""update_mode"": ""softmax"", ""robust_objective"": ""weighted"", ""gamma"": 0.9, ""kl_lambda"": 0.0, ""initial_pi"": [0.15679211914539337, 0.15568950772285461, 0.6875183582305908]}",2026-09-10T06:10:26.837222,6,0.49852292643082263,0.7142644873345589,0.001,0.7303734195824757,0.6964314070715166,0.575984990619137,0.7604790419161677,0.6446540880503144,"[0.6983442164179104, 0.6446540880503144, 0.7159031772320466]","[0.575984990619137, 0.7528301886792453, 0.7604790419161677]","[0.6228879476018515, 0.40651199936972193, 0.43858500418370355]","[0.7371015445284259, 0.6731843575418994]","[[0.5373134328358209, 0.859375], [0.779874213836478, 0.5094339622641509], [0.7720553171196948, 0.6597510373443983]]","[533, 530, 2338]",0.7934943647569199,"[0.859375, 0.5094339622641509, 0.6597510373443983]","[0.5373134328358209, 0.779874213836478, 0.7720553171196948]","[0.3273809523809524, 0.2918918918918919, 0.36218678815489747]","[0.7656583155650319, 0.7698271429136506, 0.8097519277687745]",0.32715321080924725,0.2918918918918919,"[0.0, 0.0, 1.0]","[0.15679211914539337, 0.15568950772285461, 0.6875183582305908]"
"{""run_name"": ""nhanes_pergroup_gdro"", ""seed"": 1337, ""run_dir"": ""runs/anchorctl2/permuted_s1337"", ""use_nhanes"": true, ""num_classes"": 2, ""stratified_batching"": true, ""train_frac"": 0.8, ""use_post_pandemic"": true, ""data_split_seed"": 100, ""batch_size"": 128, ""num_workers"": 0, ""epochs"": 100, ""early_stopping_patience"": 25, ""lr"": 0.001, ""weight_decay"": 0.0001, ""optimizer"": ""adam"", ""grad_clip"": 1.0, ""lr_scheduler"": ""cosine"", ""lr_min"": 1e-05, ""latent_dim"": 64, ""head_hidden"": 32, ""common_encoder"": false, ""groups"": [{""name"": ""survey_only"", ""encoder"": ""mlp_tabular_ln"", ""input_dim"": 10, ""hidden_dim"": 64, ""dropout"": 0.1}, {""name"": ""exam"", ""encoder"": ""mlp_tabular_ln"", ""input_dim"": 13, ""hidden_dim"": 64, ""dropout"": 0.1}, {""name"": ""vitals_labs"", ""encoder"": ""mlp_tabular_ln"", ""input_dim"": 20, ""hidden_dim"": 64, ""dropout"": 0.1}], ""anchor_eps"": 0.0001, ""sep_samples_per_class"": 4, ""sep_method"": ""classifier"", ""sep_margin"": 1.0, ""lambda_fit"": 0.1, ""lambda_sep"": 0.1, ""groupdro_enabled"": true, ""groupdro_eta"": 1.0, ""groupdro_gamma"": 0.9, ""groupdro_update_mode"": ""softmax"", ""groupdro_objective"": ""weighted"", ""groupdro_kl_lambda"": 0.0, ""groupdro_uniform_init"": false, ""log_interval"": 20, ""save_every"": 10, ""random_anchor_targets"": ""permute""}","{""num_groups"": 3, ""num_classes"": 2, ""train_total"": 13604, ""test_total"": 3401, ""train_group_counts"": [2133, 2118, 9353], ""test_group_counts"": [533, 530, 2338], ""train_class_counts"": [12174, 1430], ""test_class_counts"": [3043, 358], ""train_group_class_counts"": [[1876, 257], [1908, 210], [8390, 963]], ""test_group_class_counts"": [[469, 64], [477, 53], [2097, 241]], ""group_proportions"": [0.15679211996471626, 0.15568950308732726, 0.6875183769479565], ""group_names"": [""survey_only"", ""exam"", ""vitals_labs""], ""group_feature_counts"": {""0"": 10, ""1"": 13, ""2"": 20}, ""max_features"": 20, ""feature_mode"": ""nested""}","{""num_groups"": 3, ""eta"": 1.0, ""update_mode"": ""softmax"", ""robust_objective"": ""weighted"", ""gamma"": 0.9, ""kl_lambda"": 0.0, ""initial_pi"": [0.15679211914539337, 0.15568950772285461, 0.6875183582305908]}",2026-09-10T06:10:26.837222,7,0.48939229676840384,0.7169390787341442,0.001,0.741252572772714,0.7350812522106382,0.6735459662288931,0.7849056603773585,0.6540880503144655,"[0.7200493070362473, 0.6540880503144655, 0.7247995061112793]","[0.6735459662288931, 0.7849056603773585, 0.7467921300256629]","[0.5222849994740584, 0.3818984032257126, 0.46268330209620034]","[0.7482747288859678, 0.6815642458100558]","[[0.6588486140724946, 0.78125], [0.8176100628930818, 0.49056603773584906], [0.7525035765379113, 0.6970954356846473]]","[533, 530, 2338]",0.798152918044344,"[0.78125, 0.49056603773584906, 0.6970954356846473]","[0.6588486140724946, 0.8176100628930818, 0.7525035765379113]","[0.364963503649635, 0.3132530120481927, 0.3620689655172413]","[0.7788845948827293, 0.7860448558205767, 0.8101219485651308]",0.3467618270716897,0.3132530120481927,"[0.0, 0.0, 1.0]","[0.15679211914539337, 0.15568950772285461, 0.6875183582305908]"
"{""run_name"": ""nhanes_pergroup_gdro"", ""seed"": 1337, ""run_dir"": ""runs/anchorctl2/permuted_s1337"", ""use_nhanes"": true, ""num_classes"": 2, ""stratified_batching"": true, ""train_frac"": 0.8, ""use_post_pandemic"": true, ""data_split_seed"": 100, ""batch_size"": 128, ""num_workers"": 0, ""epochs"": 100, ""early_stopping_patience"": 25, ""lr"": 0.001, ""weight_decay"": 0.0001, ""optimizer"": ""adam"", ""grad_clip"": 1.0, ""lr_scheduler"": ""cosine"", ""lr_min"": 1e-05, ""latent_dim"": 64, ""head_hidden"": 32, ""common_encoder"": false, ""groups"": [{""name"": ""survey_only"", ""encoder"": ""mlp_tabular_ln"", ""input_dim"": 10, ""hidden_dim"": 64, ""dropout"": 0.1}, {""name"": ""exam"", ""encoder"": ""mlp_tabular_ln"", ""input_dim"": 13, ""hidden_dim"": 64, ""dropout"": 0.1}, {""name"": ""vitals_labs"", ""encoder"": ""mlp_tabular_ln"", ""input_dim"": 20, ""hidden_dim"": 64, ""dropout"": 0.1}], ""anchor_eps"": 0.0001, ""sep_samples_per_class"": 4, ""sep_method"": ""classifier"", ""sep_margin"": 1.0, ""lambda_fit"": 0.1, ""lambda_sep"": 0.1, ""groupdro_enabled"": true, ""groupdro_eta"": 1.0, ""groupdro_gamma"": 0.9, ""groupdro_update_mode"": ""softmax"", ""groupdro_objective"": ""weighted"", ""groupdro_kl_lambda"": 0.0, ""groupdro_uniform_init"": false, ""log_interval"": 20, ""save_every"": 10, ""random_anchor_targets"": ""permute""}","{""num_groups"": 3, ""num_classes"": 2, ""train_total"": 13604, ""test_total"": 3401, ""train_group_counts"": [2133, 2118, 9353], ""test_group_counts"": [533, 530, 2338], ""train_class_counts"": [12174, 1430], ""test_class_counts"": [3043, 358], ""train_group_class_counts"": [[1876, 257], [1908, 210], [8390, 963]], ""test_group_class_counts"": [[469, 64], [477, 53], [2097, 241]], ""group_proportions"": [0.15679211996471626, 0.15568950308732726, 0.6875183769479565], ""group_names"": [""survey_only"", ""exam"", ""vitals_labs""], ""group_feature_counts"": {""0"": 10, ""1"": 13, ""2"": 20}, ""max_features"": 20, ""feature_mode"": ""nested""}","{""num_groups"": 3, ""eta"": 1.0, ""update_mode"": ""softmax"", ""robust_objective"": ""weighted"", ""gamma"": 0.9, ""kl_lambda"": 0.0, ""initial_pi"": [0.15679211914539337, 0.15568950772285461, 0.6875183582305908]}",2026-09-10T06:10:26.837222,8,0.4654763937018601,0.7206537890398839,0.001,0.6712731549544252,0.7056360842486704,0.6153846153846154,0.8603773584905661,0.5870020964360587,"[0.6937466684434968, 0.5870020964360587, 0.7338472071344758]","[0.6153846153846154, 0.8603773584905661, 0.6411462788708298]","[0.6020583585166769, 0.3038418514522249, 0.6296571895410048]","[0.6618468616496878, 0.7513966480446927]","[[0.5906183368869936, 0.796875], [0.9287211740041929, 0.24528301886792453], [0.6170720076299475, 0.8506224066390041]]","[533, 530, 2338]",0.7791391360701455,"[0.796875, 0.24528301886792453, 0.8506224066390041]","[0.5906183368869936, 0.9287211740041929, 0.6170720076299475]","[0.33224755700325725, 0.26, 0.32826261008807045]","[0.7734041844349681, 0.7800324354258139, 0.8178132364551612]",0.3068367223637759,0.26,"[0.0, 0.0, 1.0]","[0.15679211914539337, 0.15568950772285461, 0.6875183582305908]"
"{""run_name"": ""nhanes_pergroup_gdro"", ""seed"": 1337, ""run_dir"": ""runs/anchorctl2/permuted_s1337"", ""use_nhanes"": true, ""num_classes"": 2, ""stratified_batching"": true, ""train_frac"": 0.8, ""use_post_pandemic"": true, ""data_split_seed"": 100, ""batch_size"": 128, ""num_workers"": 0, ""epochs"": 100, ""early_stopping_patience"": 25, ""lr"": 0.001, ""weight_decay"": 0.0001, ""optimizer"": ""adam"", ""grad_clip"": 1.0, ""lr_scheduler"": ""cosine"", ""lr_min"": 1e-05, ""latent_dim"": 64, ""head_hidden"": 32, ""common_encoder"": false, ""groups"": [{""name"": ""survey_only"", ""encoder"": ""mlp_tabular_ln"", ""input_dim"": 10, ""hidden_dim"": 64, ""dropout"": 0.1}, {""name"": ""exam"", ""encoder"": ""mlp_tabular_ln"", ""input_dim"": 13, ""hidden_dim"": 64, ""dropout"": 0.1}, {""name"": ""vitals_labs"", ""encoder"": ""mlp_tabular_ln"", ""input_dim"": 20, ""hidden_dim"": 64, ""dropout"": 0.1}], ""anchor_eps"": 0.0001, ""sep_samples_per_class"": 4, ""sep_method"": ""classifier"", ""sep_margin"": 1.0, ""lambda_fit"": 0.1, ""lambda_sep"": 0.1, ""groupdro_enabled"": true, ""groupdro_eta"": 1.0, ""groupdro_gamma"": 0.9, ""groupdro_update_mode"": ""softmax"", ""groupdro_objective"": ""weighted"", ""groupdro_kl_lambda"": 0.0, ""groupdro_uniform_init"": false, ""log_interval"": 20, ""save_every"": 10, ""random_anchor_targets"": ""permute""}","{""num_groups"": 3, ""num_classes"": 2, ""train_total"": 13604, ""test_total"": 3401, ""train_group_counts"": [2133, 2118, 9353], ""test_group_counts"": [533, 530, 2338], ""train_class_counts"": [12174, 1430], ""test_class_counts"": [3043, 358], ""train_group_class_counts"": [[1876, 257], [1908, 210], [8390, 963]], ""test_group_class_counts"": [[469, 64], [477, 53], [2097, 241]], ""group_proportions"": [0.15679211996471626, 0.15568950308732726, 0.6875183769479565], ""group_names"": [""survey_only"", ""exam"", ""vitals_labs""], ""group_feature_counts"": {""0"": 10, ""1"": 13, ""2"": 20}, ""max_features"": 20, ""feature_mode"": ""nested""}","{""num_groups"": 3, ""eta"": 1.0, ""update_mode"": ""softmax"", ""robust_objective"": ""weighted"", ""gamma"": 0.9, ""kl_lambda"": 0.0, ""initial_pi"": [0.15679211914539337, 0.15568950772285461, 0.6875183582305908]}",2026-09-10T06:10:26.837222,9,0.4553102683657877,0.7167904903240402,0.001,0.6956777418406351,0.705701369899435,0.6660412757973734,0.7641509433962265,0.6928721174004193,"[0.7157849147121536, 0.6928721174004193, 0.7391610619398983]","[0.6660412757973734, 0.7641509433962265, 0.6869118905047049]","[0.530088020451926, 0.4011908671616594, 0.5410288571427083]","[0.6868222149194874, 0.770949720670391]","[[0.650319829424307, 0.78125], [0.7819706498951782, 0.6037735849056604], [0.6733428707677634, 0.8049792531120332]]","[533, 530, 2338]",0.7983723060710817,"[0.78125, 0.6037735849056604, 0.8049792531120332]","[0.650319829424307, 0.7819706498951782, 0.6733428707677634]","[0.3597122302158274, 0.33862433862433866, 0.3464285714285714]","[0.7807502665245203, 0.7809422095644951, 0.8173244924086374]",0.3482550467562458,0.33862433862433866,"[0.0, 0.0, 1.0]","[0.15679211914539337, 0.15568950772285461, 0.6875183582305908]"
"{""run_name"": ""nhanes_pergroup_gdro"", ""seed"": 1337, ""run_dir"": ""runs/anchorctl2/permuted_s1337"", ""use_nhanes"": true, ""num_classes"": 2, ""stratified_batching"": true, ""train_frac"": 0.8, ""use_post_pandemic"": true, ""data_split_seed"": 100, ""batch_size"": 128, ""num_workers"": 0, ""epochs"": 100, ""early_stopping_patience"": 25, ""lr"": 0.001, ""weight_decay"": 0.0001, ""optimizer"": ""adam"", ""grad_clip"": 1.0, ""lr_scheduler"": ""cosine"", ""lr_min"": 1e-05, ""latent_dim"": 64, ""head_hidden"": 32, ""common_encoder"": false, ""groups"": [{""name"": ""survey_only"", ""encoder"": ""mlp_tabular_ln"", ""input_dim"": 10, ""hidden_dim"": 64, ""dropout"": 0.1}, {""name"": ""exam"", ""encoder"": ""mlp_tabular_ln"", ""input_dim"": 13, ""hidden_dim"": 64, ""dropout"": 0.1}, {""name"": ""vitals_labs"", ""encoder"": ""mlp_tabular_ln"", ""input_dim"": 20, ""hidden_dim"": 64, ""dropout"": 0.1}], ""anchor_eps"": 0.0001, ""sep_samples_per_class"": 4, ""sep_method"": ""classifier"", ""sep_margin"": 1.0, ""lambda_fit"": 0.1, ""lambda_sep"": 0.1, ""groupdro_enabled"": true, ""groupdro_eta"": 1.0, ""groupdro_gamma"": 0.9, ""groupdro_update_mode"": ""softmax"", ""groupdro_objective"": ""weighted"", ""groupdro_kl_lambda"": 0.0, ""groupdro_uniform_init"": false, ""log_interval"": 20, ""save_every"": 10, ""random_anchor_targets"": ""permute""}","{""num_groups"": 3, ""num_classes"": 2, ""train_total"": 13604, ""test_total"": 3401, ""train_group_counts"": [2133, 2118, 9353], ""test_group_counts"": [533, 530, 2338], ""train_class_counts"": [12174, 1430], ""test_class_counts"": [3043, 358], ""train_group_class_counts"": [[1876, 257], [1908, 210], [8390, 963]], ""test_group_class_counts"": [[469, 64], [477, 53], [2097, 241]], ""group_proportions"": [0.15679211996471626, 0.15568950308732726, 0.6875183769479565], ""group_names"": [""survey_only"", ""exam"", ""vitals_labs""], ""group_feature_counts"": {""0"": 10, ""1"": 13, ""2"": 20}, ""max_features"": 20, ""feature_mode"": ""nested""}","{""num_groups"": 3, ""eta"": 1.0, ""update_mode"": ""softmax"", ""robust_objective"": ""weighted"", ""gamma"": 0.9, ""kl_lambda"": 0.0, ""initial_pi"": [0.15679211914539337, 0.15568950772285461, 0.6875183582305908]}",2026-09-10T06:10:26.837222,10,0.44851180567208226,0.7223625557029407,0.001,0.6939135548368127,0.699400412295469,0.6890504704875963,0.7166979362101313,0.7243303571428572,"[0.7243303571428572, 0.728511530398323, 0.7403532412436656]","[0.7166979362101313, 0.6924528301886792, 0.6890504704875963]","[0.47887210417966974, 0.5226354128408756, 0.5495352719466691]","[0.6828787380874137, 0.7877094972067039]","[[0.7142857142857143, 0.734375], [0.6834381551362684, 0.7735849056603774], [0.675727229375298, 0.8049792531120332]]","[533, 530, 2338]",0.8008640583663945,"[0.734375, 0.7735849056603774, 0.8049792531120332]","[0.7142857142857143, 0.6834381551362684, 0.675727229375298]","[0.3836734693877551, 0.3346938775510204, 0.34798206278026905]","[0.781266657782516, 0.7765515604604248, 0.8193922556823915]",0.35544980323968156,0.3346938775510204,"[0.0, 0.0, 1.0]","[0.15679211914539337, 0.15568950772285461, 0.6875183582305908]"
"{""run_name"": ""nhanes_pergroup_gdro"", ""seed"": 1337, ""run_dir"": ""runs/anchorctl2/permuted_s1337"", ""use_nhanes"": true, ""num_classes"": 2, ""stratified_batching"": true, ""train_frac"": 0.8, ""use_post_pandemic"": true, ""data_split_seed"": 100, ""batch_size"": 128, ""num_workers"": 0, ""epochs"": 100, ""early_stopping_patience"": 25, ""lr"": 0.001, ""weight_decay"": 0.0001, ""optimizer"": ""adam"", ""grad_clip"": 1.0, ""lr_scheduler"": ""cosine"", ""lr_min"": 1e-05, ""latent_dim"": 64, ""head_hidden"": 32, ""common_encoder"": false, ""groups"": [{""name"": ""survey_only"", ""encoder"": ""mlp_tabular_ln"", ""input_dim"": 10, ""hidden_dim"": 64, ""dropout"": 0.1}, {""name"": ""exam"", ""encoder"": ""mlp_tabular_ln"", ""input_dim"": 13, ""hidden_dim"": 64, ""dropout"": 0.1}, {""name"": ""vitals_labs"", ""encoder"": ""mlp_tabular_ln"", ""input_dim"": 20, ""hidden_dim"": 64, ""dropout"": 0.1}], ""anchor_eps"": 0.0001, ""sep_samples_per_class"": 4, ""sep_method"": ""classifier"", ""sep_margin"": 1.0, ""lambda_fit"": 0.1, ""lambda_sep"": 0.1, ""groupdro_enabled"": true, ""groupdro_eta"": 1.0, ""groupdro_gamma"": 0.9, ""groupdro_update_mode"": ""softmax"", ""groupdro_objective"": ""weighted"", ""groupdro_kl_lambda"": 0.0, ""groupdro_uniform_init"": false, ""log_interval"": 20, ""save_every"": 10, ""random_anchor_targets"": ""permute""}","{""num_groups"": 3, ""num_classes"": 2, ""train_total"": 13604, ""test_total"": 3401, ""train_group_counts"": [2133, 2118, 9353], ""test_group_counts"": [533, 530, 2338], ""train_class_counts"": [12174, 1430], ""test_class_counts"": [3043, 358], ""train_group_class_counts"": [[1876, 257], [1908, 210], [8390, 963]], ""test_group_class_counts"": [[469, 64], [477, 53], [2097, 241]], ""group_proportions"": [0.15679211996471626, 0.15568950308732726, 0.6875183769479565], ""group_names"": [""survey_only"", ""exam"", ""vitals_labs""], ""group_feature_counts"": {""0"": 10, ""1"": 13, ""2"": 20}, ""max_features"": 20, ""feature_mode"": ""nested""}","{""num_groups"": 3, ""eta"": 1.0, ""update_mode"": ""softmax"", ""robust_objective"": ""weighted"", ""gamma"": 0.9, ""kl_lambda"": 0.0, ""initial_pi"": [0.15679211914539337, 0.15568950772285461, 0.6875183582305908]}",2026-09-10T06:10:26.837222,11,0.44227282607050566,0.7242942050697191,0.001,0.6798000588062335,0.6387587447296836,0.5830188679245283,0.7159965782720273,0.7012578616352201,"[0.7015591684434968, 0.7012578616352201, 0.735175918175936]","[0.6172607879924953, 0.5830188679245283, 0.7159965782720273]","[0.5814329566902308, 0.6408835690890281, 0.516566170199469]","[0.6677620768977982, 0.7821229050279329]","[[0.5906183368869936, 0.8125], [0.5534591194968553, 0.8490566037735849], [0.7110157367668097, 0.7593360995850622]]","[533, 530, 2338]",0.8014873406682982,"[0.8125, 0.8490566037735849, 0.7593360995850622]","[0.5906183368869936, 0.5534591194968553, 0.7110157367668097]","[0.3376623376623376, 0.28938906752411575, 0.3553398058252427]","[0.7779684168443497, 0.7701435860923223, 0.8189648519817878]",0.3274637370038987,0.28938906752411575,"[0.0, 0.0, 1.0]","[0.15679211914539337, 0.15568950772285461, 0.6875183582305908]"
"{""run_name"": ""nhanes_pergroup_gdro"", ""seed"": 1337, ""run_dir"": ""runs/anchorctl2/permuted_s1337"", ""use_nhanes"": true, ""num_classes"": 2, ""stratified_batching"": true, ""train_frac"": 0.8, ""use_post_pandemic"": true, ""data_split_seed"": 100, ""batch_size"": 128, ""num_workers"": 0, ""epochs"": 100, ""early_stopping_patience"": 25, ""lr"": 0.001, ""weight_decay"": 0.0001, ""optimizer"": ""adam"", ""grad_clip"": 1.0, ""lr_scheduler"": ""cosine"", ""lr_min"": 1e-05, ""latent_dim"": 64, ""head_hidden"": 32, ""common_encoder"": false, ""groups"": [{""name"": ""survey_only"", ""encoder"": ""mlp_tabular_ln"", ""input_dim"": 10, ""hidden_dim"": 64, ""dropout"": 0.1}, {""name"": ""exam"", ""encoder"": ""mlp_tabular_ln"", ""input_dim"": 13, ""hidden_dim"": 64, ""dropout"": 0.1}, {""name"": ""vitals_labs"", ""encoder"": ""mlp_tabular_ln"", ""input_dim"": 20, ""hidden_dim"": 64, ""dropout"": 0.1}], ""anchor_eps"": 0.0001, ""sep_samples_per_class"": 4, ""sep_method"": ""classifier"", ""sep_margin"": 1.0, ""lambda_fit"": 0.1, ""lambda_sep"": 0.1, ""groupdro_enabled"": true, ""groupdro_eta"": 1.0, ""groupdro_gamma"": 0.9, ""groupdro_update_mode"": ""softmax"", ""groupdro_objective"": ""weighted"", ""groupdro_kl_lambda"": 0.0, ""groupdro_uniform_init"": false, ""log_interval"": 20, ""save_every"": 10, ""random_anchor_targets"": ""permute""}","{""num_groups"": 3, ""num_classes"": 2, ""train_total"": 13604, ""test_total"": 3401, ""train_group_counts"": [2133, 2118, 9353], ""test_group_counts"": [533, 530, 2338], ""train_class_counts"": [12174, 1430], ""test_class_counts"": [3043, 358], ""train_group_class_counts"": [[1876, 257], [1908, 210], [8390, 963]], ""test_group_class_counts"": [[469, 64], [477, 53], [2097, 241]], ""group_proportions"": [0.15679211996471626, 0.15568950308732726, 0.6875183769479565], ""group_names"": [""survey_only"", ""exam"", ""vitals_labs""], ""group_feature_counts"": {""0"": 10, ""1"": 13, ""2"": 20}, ""max_features"": 20, ""feature_mode"": ""nested""}","{""num_groups"": 3, ""eta"": 1.0, ""update_mode"": ""softmax"", ""robust_objective"": ""weighted"", ""gamma"": 0.9, ""kl_lambda"": 0.0, ""initial_pi"": [0.15679211914539337, 0.15568950772285461, 0.6875183582305908]}",2026-09-10T06:10:26.837222,12,0.43640981784524924,0.7170133729569094,0.001,0.7039106145251397,0.683376910430213,0.6339622641509434,0.7219846022241232,0.7127882599580713,"[0.7250299840085288, 0.7127882599580713, 0.7366777672905573]","[0.6941838649155723, 0.6339622641509434, 0.7219846022241232]","[0.4912886210126666, 0.5724727475189797, 0.4972801268801023]","[0.6966809069996713, 0.7653631284916201]","[[0.6844349680170576, 0.765625], [0.6142557651991615, 0.8113207547169812], [0.7181688125894135, 0.7551867219917012]]","[533, 530, 2338]",0.8024906507654714,"[0.765625, 0.8113207547169812, 0.7551867219917012]","[0.6844349680170576, 0.6142557651991615, 0.7181688125894135]","[0.37547892720306514, 0.3071428571428572, 0.358974358974359]","[0.7784514925373134, 0.776314228076421, 0.8188451393712021]",0.3471987144400938,0.3071428571428572,"[0.0, 0.0, 1.0]","[0.15679211914539337, 0.15568950772285461, 0.6875183582305908]"
"{""run_name"": ""nhanes_pergroup_gdro"", ""seed"": 1337, ""run_dir"": ""runs/anchorctl2/permuted_s1337"", ""use_nhanes"": true, ""num_classes"": 2, ""stratified_batching"": true, ""train_frac"": 0.8, ""use_post_pandemic"": true, ""data_split_seed"": 100, ""batch_size"": 128, ""num_workers"": 0, ""epochs"": 100, ""early_stopping_patience"": 25, ""lr"": 0.001, ""weight_decay"": 0.0001, ""optimizer"": ""adam"", ""grad_clip"": 1.0, ""lr_scheduler"": ""cosine"", ""lr_min"": 1e-05, ""latent_dim"": 64, ""head_hidden"": 32, ""common_encoder"": false, ""groups"": [{""name"": ""survey_only"", ""encoder"": ""mlp_tabular_ln"", ""input_dim"": 10, ""hidden_dim"": 64, ""dropout"": 0.1}, {""name"": ""exam"", ""encoder"": ""mlp_tabular_ln"", ""input_dim"": 13, ""hidden_dim"": 64, ""dropout"": 0.1}, {""name"": ""vitals_labs"", ""encoder"": ""mlp_tabular_ln"", ""input_dim"": 20, ""hidden_dim"": 64, ""dropout"": 0.1}], ""anchor_eps"": 0.0001, ""sep_samples_per_class"": 4, ""sep_method"": ""classifier"", ""sep_margin"": 1.0, ""lambda_fit"": 0.1, ""lambda_sep"": 0.1, ""groupdro_enabled"": true, ""groupdro_eta"": 1.0, ""groupdro_gamma"": 0.9, ""groupdro_update_mode"": ""softmax"", ""groupdro_objective"": ""weighted"", ""groupdro_kl_lambda"": 0.0, ""groupdro_uniform_init"": false, ""log_interval"": 20, ""save_every"": 10, ""random_anchor_targets"": ""permute""}","{""num_groups"": 3, ""num_classes"": 2, ""train_total"": 13604, ""test_total"": 3401, ""train_group_counts"": [2133, 2118, 9353], ""test_group_counts"": [533, 530, 2338], ""train_class_counts"": [12174, 1430], ""test_class_counts"": [3043, 358], ""train_group_class_counts"": [[1876, 257], [1908, 210], [8390, 963]], ""test_group_class_counts"": [[469, 64], [477, 53], [2097, 241]], ""group_proportions"": [0.15679211996471626, 0.15568950308732726, 0.6875183769479565], ""group_names"": [""survey_only"", ""exam"", ""vitals_labs""], ""group_feature_counts"": {""0"": 10, ""1"": 13, ""2"": 20}, ""max_features"": 20, ""feature_mode"": ""nested""}","{""num_groups"": 3, ""eta"": 1.0, ""update_mode"": ""softmax"", ""robust_objective"": ""weighted"", ""gamma"": 0.9, ""kl_lambda"": 0.0, ""initial_pi"": [0.15679211914539337, 0.15568950772285461, 0.6875183582305908]}",2026-09-10T06:10:26.837222,13,0.42670446475538776,0.7283803863121532,0.001,0.7321376065862981,0.7038551460416428,0.6509433962264151,0.7570573139435415,0.7054507337526206,"[0.7371068763326226, 0.7054507337526206, 0.7415394843849246]","[0.7035647279549718, 0.6509433962264151, 0.7570573139435415]","[0.49910860189619366, 0.5519038543799224, 0.4543902469767852]","[0.7311863292803155, 0.7402234636871509]","[[0.6929637526652452, 0.78125], [0.6373165618448637, 0.7735849056603774], [0.7610872675250357, 0.7219917012448133]]","[533, 530, 2338]",0.802750887190493,"[0.78125, 0.7735849056603774, 0.7219917012448133]","[0.6929637526652452, 0.6373165618448637, 0.7610872675250357]","[0.38759689922480617, 0.3071161048689139, 0.3799126637554585]","[0.7763192963752665, 0.7677702622522844, 0.8198671486830622]",0.35820855594972617,0.3071161048689139,"[0.0, 0.0, 1.0]","[0.15679211914539337, 0.15568950772285461, 0.6875183582305908]"
"{""run_name"": ""nhanes_pergroup_gdro"", ""seed"": 1337, ""run_dir"": ""runs/anchorctl2/permuted_s1337"", ""use_nhanes"": true, ""num_classes"": 2, ""stratified_batching"": true, ""train_frac"": 0.8, ""use_post_pandemic"": true, ""data_split_seed"": 100, ""batch_size"": 128, ""num_workers"": 0, ""epochs"": 100, ""early_stopping_patience"": 25, ""lr"": 0.001, ""weight_decay"": 0.0001, ""optimizer"": ""adam"", ""grad_clip"": 1.0, ""lr_scheduler"": ""cosine"", ""lr_min"": 1e-05, ""latent_dim"": 64, ""head_hidden"": 32, ""common_encoder"": false, ""groups"": [{""name"": ""survey_only"", ""encoder"": ""mlp_tabular_ln"", ""input_dim"": 10, ""hidden_dim"": 64, ""dropout"": 0.1}, {""name"": ""exam"", ""encoder"": ""mlp_tabular_ln"", ""input_dim"": 13, ""hidden_dim"": 64, ""dropout"": 0.1}, {""name"": ""vitals_labs"", ""encoder"": ""mlp_tabular_ln"", ""input_dim"": 20, ""hidden_dim"": 64, ""dropout"": 0.1}], ""anchor_eps"": 0.0001, ""sep_samples_per_class"": 4, ""sep_method"": ""classifier"", ""sep_margin"": 1.0, ""lambda_fit"": 0.1, ""lambda_sep"": 0.1, ""groupdro_enabled"": true, ""groupdro_eta"": 1.0, ""groupdro_gamma"": 0.9, ""groupdro_update_mode"": ""softmax"", ""groupdro_objective"": ""weighted"", ""groupdro_kl_lambda"": 0.0, ""groupdro_uniform_init"": false, ""log_interval"": 20, ""save_every"": 10, ""random_anchor_targets"": ""permute""}","{""num_groups"": 3, ""num_classes"": 2, ""train_total"": 13604, ""test_total"": 3401, ""train_group_counts"": [2133, 2118, 9353], ""test_group_counts"": [533, 530, 2338], ""train_class_counts"": [12174, 1430], ""test_class_counts"": [3043, 358], ""train_group_class_counts"": [[1876, 257], [1908, 210], [8390, 963]], ""test_group_class_counts"": [[469, 64], [477, 53], [2097, 241]], ""group_proportions"": [0.15679211996471626, 0.15568950308732726, 0.6875183769479565], ""group_names"": [""survey_only"", ""exam"", ""vitals_labs""], ""group_feature_counts"": {""0"": 10, ""1"": 13, ""2"": 20}, ""max_features"": 20, ""feature_mode"": ""nested""}","{""num_groups"": 3, ""eta"": 1.0, ""update_mode"": ""softmax"", ""robust_objective"": ""weighted"", ""gamma"": 0.9, ""kl_lambda"": 0.0, ""initial_pi"": [0.15679211914539337, 0.15568950772285461, 0.6875183582305908]}",2026-09-10T06:10:26.837222,14,0.412733711089723,0.7340267458961056,0.001,0.6336371655395472,0.65869877798501,0.6116322701688556,0.7528301886792453,0.6983608742004264,"[0.6983608742004264, 0.7117400419287212, 0.7265763974221224]","[0.6116322701688556, 0.7528301886792453, 0.611633875106929]","[0.5904385432405275, 0.41179299803784575, 0.6712855838774564]","[0.6105816628327309, 0.8296089385474861]","[[0.5842217484008528, 0.8125], [0.7631027253668763, 0.660377358490566], [0.5817835002384358, 0.8713692946058091]]","[533, 530, 2338]",0.7910962424981227,"[0.8125, 0.660377358490566, 0.8713692946058091]","[0.5842217484008528, 0.7631027253668763, 0.5817835002384358]","[0.3344051446945337, 0.34825870646766166, 0.3162650602409639]","[0.7765191897654584, 0.7733871286737075, 0.8164439616365604]",0.3329763038010531,0.3162650602409639,"[0.0, 0.0, 1.0]","[0.15679211914539337, 0.15568950772285461, 0.6875183582305908]"
"{""run_name"": ""nhanes_pergroup_gdro"", ""seed"": 1337, ""run_dir"": ""runs/anchorctl2/permuted_s1337"", ""use_nhanes"": true, ""num_classes"": 2, ""stratified_batching"": true, ""train_frac"": 0.8, ""use_post_pandemic"": true, ""data_split_seed"": 100, ""batch_size"": 128, ""num_workers"": 0, ""epochs"": 100, ""early_stopping_patience"": 25, ""lr"": 0.001, ""weight_decay"": 0.0001, ""optimizer"": ""adam"", ""grad_clip"": 1.0, ""lr_scheduler"": ""cosine"", ""lr_min"": 1e-05, ""latent_dim"": 64, ""head_hidden"": 32, ""common_encoder"": false, ""groups"": [{""name"": ""survey_only"", ""encoder"": ""mlp_tabular_ln"", ""input_dim"": 10, ""hidden_dim"": 64, ""dropout"": 0.1}, {""name"": ""exam"", ""encoder"": ""mlp_tabular_ln"", ""input_dim"": 13, ""hidden_dim"": 64, ""dropout"": 0.1}, {""name"": ""vitals_labs"", ""encoder"": ""mlp_tabular_ln"", ""input_dim"": 20, ""hidden_dim"": 64, ""dropout"": 0.1}], ""anchor_eps"": 0.0001, ""sep_samples_per_class"": 4, ""sep_method"": ""classifier"", ""sep_margin"": 1.0, ""lambda_fit"": 0.1, ""lambda_sep"": 0.1, ""groupdro_enabled"": true, ""groupdro_eta"": 1.0, ""groupdro_gamma"": 0.9, ""groupdro_update_mode"": ""softmax"", ""groupdro_objective"": ""weighted"", ""groupdro_kl_lambda"": 0.0, ""groupdro_uniform_init"": false, ""log_interval"": 20, ""save_every"": 10, ""random_anchor_targets"": ""permute""}","{""num_groups"": 3, ""num_classes"": 2, ""train_total"": 13604, ""test_total"": 3401, ""train_group_counts"": [2133, 2118, 9353], ""test_group_counts"": [533, 530, 2338], ""train_class_counts"": [12174, 1430], ""test_class_counts"": [3043, 358], ""train_group_class_counts"": [[1876, 257], [1908, 210], [8390, 963]], ""test_group_class_counts"": [[469, 64], [477, 53], [2097, 241]], ""group_proportions"": [0.15679211996471626, 0.15568950308732726, 0.6875183769479565], ""group_names"": [""survey_only"", ""exam"", ""vitals_labs""], ""group_feature_counts"": {""0"": 10, ""1"": 13, ""2"": 20}, ""max_features"": 20, ""feature_mode"": ""nested""}","{""num_groups"": 3, ""eta"": 1.0, ""update_mode"": ""softmax"", ""robust_objective"": ""weighted"", ""gamma"": 0.9, ""kl_lambda"": 0.0, ""initial_pi"": [0.15679211914539337, 0.15568950772285461, 0.6875183582305908]}",2026-09-10T06:10:26.837222,15,0.4089612227591948,0.7271173848794084,0.001,0.731255513084387,0.7026423296683513,0.6041275797373359,0.7566295979469632,0.6940964818763327,"[0.6940964818763327, 0.70020964360587, 0.7284472779726818]","[0.6041275797373359, 0.7471698113207547, 0.7566295979469632]","[0.6677066683699333, 0.4233123185069142, 0.43809428606086737]","[0.7341439369043707, 0.7067039106145251]","[[0.5756929637526652, 0.8125], [0.7589098532494759, 0.6415094339622641], [0.7639484978540773, 0.6929460580912863]]","[533, 530, 2338]",0.7991677024106981,"[0.8125, 0.6415094339622641, 0.6929460580912863]","[0.5756929637526652, 0.7589098532494759, 0.7639484978540773]","[0.3301587301587302, 0.33663366336633666, 0.3698781838316722]","[0.7650419776119403, 0.766939598908271, 0.8193170642906187]",0.34555685911891304,0.3301587301587302,"[0.0, 0.0, 1.0]","[0.15679211914539337, 0.15568950772285461, 0.6875183582305908]"
"{""run_name"": ""nhanes_pergroup_gdro"", ""seed"": 1337, ""run_dir"": ""runs/anchorctl2/permuted_s1337"", ""use_nhanes"": true, ""num_classes"": 2, ""stratified_batching"": true, ""train_frac"": 0.8, ""use_post_pandemic"": true, ""data_split_seed"": 100, ""batch_size"": 128, ""num_workers"": 0, ""epochs"": 100, ""early_stopping_patience"": 25, ""lr"": 0.001, ""weight_decay"": 0.0001, ""optimizer"": ""adam"", ""grad_clip"": 1.0, ""lr_scheduler"": ""cosine"", ""lr_min"": 1e-05, ""latent_dim"": 64, ""head_hidden"": 32, ""common_encoder"": false, ""groups"": [{""name"": ""survey_only"", ""encoder"": ""mlp_tabular_ln"", ""input_dim"": 10, ""hidden_dim"": 64, ""dropout"": 0.1}, {""name"": ""exam"", ""encoder"": ""mlp_tabular_ln"", ""input_dim"": 13, ""hidden_dim"": 64, ""dropout"": 0.1}, {""name"": ""vitals_labs"", ""encoder"": ""mlp_tabular_ln"", ""input_dim"": 20, ""hidden_dim"": 64, ""dropout"": 0.1}], ""anchor_eps"": 0.0001, ""sep_samples_per_class"": 4, ""sep_method"": ""classifier"", ""sep_margin"": 1.0, ""lambda_fit"": 0.1, ""lambda_sep"": 0.1, ""groupdro_enabled"": true, ""groupdro_eta"": 1.0, ""groupdro_gamma"": 0.9, ""groupdro_update_mode"": ""softmax"", ""groupdro_objective"": ""weighted"", ""groupdro_kl_lambda"": 0.0, ""groupdro_uniform_init"": false, ""log_interval"": 20, ""save_every"": 10, ""random_anchor_targets"": ""permute""}","{""num_groups"": 3, ""num_classes"": 2, ""train_total"": 13604, ""test_total"": 3401, ""train_group_counts"": [2133, 2118, 9353], ""test_group_counts"": [533, 530, 2338], ""train_class_counts"": [12174, 1430], ""test_class_counts"": [3043, 358], ""train_group_class_counts"": [[1876, 257], [1908, 210], [8390, 963]], ""test_group_class_counts"": [[469, 64], [477, 53], [2097, 241]], ""group_proportions"": [0.15679211996471626, 0.15568950308732726, 0.6875183769479565], ""group_names"": [""survey_only"", ""exam"", ""vitals_labs""], ""group_feature_counts"": {""0"": 10, ""1"": 13, ""2"": 20}, ""max_features"": 20, ""feature_mode"": ""nested""}","{""num_groups"": 3, ""eta"": 1.0, ""update_mode"": ""softmax"", ""robust_objective"": ""weighted"", ""gamma"": 0.9, ""kl_lambda"": 0.0, ""initial_pi"": [0.15679211914539337, 0.15568950772285461, 0.6875183582305908]}",2026-09-10T06:10:26.837222,16,0.396868574869491,0.7309063892662082,0.001,0.7324316377536019,0.7326893483984732,0.7054409005628518,0.7603773584905661,0.6907756813417191,"[0.6976945628997868, 0.6907756813417191, 0.7387277220767863]","[0.7054409005628518, 0.7603773584905661, 0.7322497861420018]","[0.49441139816348467, 0.4096820384501216, 0.4752894699471143]","[0.7344725599737102, 0.7150837988826816]","[[0.7078891257995735, 0.6875], [0.7777777777777778, 0.6037735849056604], [0.7305674773485932, 0.7468879668049793]]","[533, 530, 2338]",0.7997377441036024,"[0.6875, 0.6037735849056604, 0.7468879668049793]","[0.7078891257995735, 0.7777777777777778, 0.7305674773485932]","[0.35918367346938773, 0.33507853403141363, 0.3651115618661258]","[0.7642757196162048, 0.7672164866896088, 0.8221189329945764]",0.3531245897889757,0.33507853403141363,"[0.0, 0.0, 1.0]","[0.15679211914539337, 0.15568950772285461, 0.6875183582305908]"
"{""run_name"": ""nhanes_pergroup_gdro"", ""seed"": 1337, ""run_dir"": ""runs/anchorctl2/permuted_s1337"", ""use_nhanes"": true, ""num_classes"": 2, ""stratified_batching"": true, ""train_frac"": 0.8, ""use_post_pandemic"": true, ""data_split_seed"": 100, ""batch_size"": 128, ""num_workers"": 0, ""epochs"": 100, ""early_stopping_patience"": 25, ""lr"": 0.001, ""weight_decay"": 0.0001, ""optimizer"": ""adam"", ""grad_clip"": 1.0, ""lr_scheduler"": ""cosine"", ""lr_min"": 1e-05, ""latent_dim"": 64, ""head_hidden"": 32, ""common_encoder"": false, ""groups"": [{""name"": ""survey_only"", ""encoder"": ""mlp_tabular_ln"", ""input_dim"": 10, ""hidden_dim"": 64, ""dropout"": 0.1}, {""name"": ""exam"", ""encoder"": ""mlp_tabular_ln"", ""input_dim"": 13, ""hidden_dim"": 64, ""dropout"": 0.1}, {""name"": ""vitals_labs"", ""encoder"": ""mlp_tabular_ln"", ""input_dim"": 20, ""hidden_dim"": 64, ""dropout"": 0.1}], ""anchor_eps"": 0.0001, ""sep_samples_per_class"": 4, ""sep_method"": ""classifier"", ""sep_margin"": 1.0, ""lambda_fit"": 0.1, ""lambda_sep"": 0.1, ""groupdro_enabled"": true, ""groupdro_eta"": 1.0, ""groupdro_gamma"": 0.9, ""groupdro_update_mode"": ""softmax"", ""groupdro_objective"": ""weighted"", ""groupdro_kl_lambda"": 0.0, ""groupdro_uniform_init"": false, ""log_interval"": 20, ""save_every"": 10, ""random_anchor_targets"": ""permute""}","{""num_groups"": 3, ""num_classes"": 2, ""train_total"": 13604, ""test_total"": 3401, ""train_group_counts"": [2133, 2118, 9353], ""test_group_counts"": [533, 530, 2338], ""train_class_counts"": [12174, 1430], ""test_class_counts"": [3043, 358], ""train_group_class_counts"": [[1876, 257], [1908, 210], [8390, 963]], ""test_group_class_counts"": [[469, 64], [477, 53], [2097, 241]], ""group_proportions"": [0.15679211996471626, 0.15568950308732726, 0.6875183769479565], ""group_names"": [""survey_only"", ""exam"", ""vitals_labs""], ""group_feature_counts"": {""0"": 10, ""1"": 13, ""2"": 20}, ""max_features"": 20, ""feature_mode"": ""nested""}","{""num_groups"": 3, ""eta"": 1.0, ""update_mode"": ""softmax"", ""robust_objective"": ""weighted"", ""gamma"": 0.9, ""kl_lambda"": 0.0, ""initial_pi"": [0.15679211914539337, 0.15568950772285461, 0.6875183582305908]}",2026-09-10T06:10:26.837222,17,0.39735091902802727,0.7353640416401811,0.001,0.683622463981182,0.6834259165581794,0.6097560975609756,0.7566037735849057,0.6886792452830188,"[0.697294776119403, 0.6886792452830188, 0.73381950504277]","[0.6097560975609756, 0.7566037735849057, 0.6839178785286569]","[0.688839426588295, 0.423196926589326, 0.5417798729828528]","[0.6733486690765692, 0.770949720670391]","[[0.582089552238806, 0.8125], [0.7735849056603774, 0.6037735849056604], [0.670958512160229, 0.7966804979253111]]","[533, 530, 2338]",0.7951627234958152,"[0.8125, 0.6037735849056604, 0.7966804979253111]","[0.582089552238806, 0.7735849056603774, 0.670958512160229]","[0.33333333333333337, 0.3316062176165803, 0.3419412288512912]","[0.7668410181236675, 0.7636169455322179, 0.8180605765596772]",0.33562692660040166,0.3316062176165803,"[0.0, 0.0, 1.0]","[0.15679211914539337, 0.15568950772285461, 0.6875183582305908]"
"{""run_name"": ""nhanes_pergroup_gdro"", ""seed"": 1337, ""run_dir"": ""runs/anchorctl2/permuted_s1337"", ""use_nhanes"": true, ""num_classes"": 2, ""stratified_batching"": true, ""train_frac"": 0.8, ""use_post_pandemic"": true, ""data_split_seed"": 100, ""batch_size"": 128, ""num_workers"": 0, ""epochs"": 100, ""early_stopping_patience"": 25, ""lr"": 0.001, ""weight_decay"": 0.0001, ""optimizer"": ""adam"", ""grad_clip"": 1.0, ""lr_scheduler"": ""cosine"", ""lr_min"": 1e-05, ""latent_dim"": 64, ""head_hidden"": 32, ""common_encoder"": false, ""groups"": [{""name"": ""survey_only"", ""encoder"": ""mlp_tabular_ln"", ""input_dim"": 10, ""hidden_dim"": 64, ""dropout"": 0.1}, {""name"": ""exam"", ""encoder"": ""mlp_tabular_ln"", ""input_dim"": 13, ""hidden_dim"": 64, ""dropout"": 0.1}, {""name"": ""vitals_labs"", ""encoder"": ""mlp_tabular_ln"", ""input_dim"": 20, ""hidden_dim"": 64, ""dropout"": 0.1}], ""anchor_eps"": 0.0001, ""sep_samples_per_class"": 4, ""sep_method"": ""classifier"", ""sep_margin"": 1.0, ""lambda_fit"": 0.1, ""lambda_sep"": 0.1, ""groupdro_enabled"": true, ""groupdro_eta"": 1.0, ""groupdro_gamma"": 0.9, ""groupdro_update_mode"": ""softmax"", ""groupdro_objective"": ""weighted"", ""groupdro_kl_lambda"": 0.0, ""groupdro_uniform_init"": false, ""log_interval"": 20, ""save_every"": 10, ""random_anchor_targets"": ""permute""}","{""num_groups"": 3, ""num_classes"": 2, ""train_total"": 13604, ""test_total"": 3401, ""train_group_counts"": [2133, 2118, 9353], ""test_group_counts"": [533, 530, 2338], ""train_class_counts"": [12174, 1430], ""test_class_counts"": [3043, 358], ""train_group_class_counts"": [[1876, 257], [1908, 210], [8390, 963]], ""test_group_class_counts"": [[469, 64], [477, 53], [2097, 241]], ""group_proportions"": [0.15679211996471626, 0.15568950308732726, 0.6875183769479565], ""group_names"": [""survey_only"", ""exam"", ""vitals_labs""], ""group_feature_counts"": {""0"": 10, ""1"": 13, ""2"": 20}, ""max_features"": 20, ""feature_mode"": ""nested""}","{""num_groups"": 3, ""eta"": 1.0, ""update_mode"": ""softmax"", ""robust_objective"": ""weighted"", ""gamma"": 0.9, ""kl_lambda"": 0.0, ""initial_pi"": [0.15679211914539337, 0.15568950772285461, 0.6875183582305908]}",2026-09-10T06:10:26.837222,18,0.3907858821725332,0.736404160475483,0.001,0.6921493678329903,0.684582172491214,0.6416510318949343,0.7132075471698113,0.6897274633123689,"[0.695179237739872, 0.6897274633123689, 0.7311472425535788]","[0.6416510318949343, 0.7132075471698113, 0.6988879384088965]","[0.5708605671230718, 0.4486254489949887, 0.5093360336382305]","[0.6848504765034505, 0.7541899441340782]","[[0.6247334754797441, 0.765625], [0.7190775681341719, 0.660377358490566], [0.6905102527420124, 0.7717842323651453]]","[533, 530, 2338]",0.7967819723626162,"[0.765625, 0.660377358490566, 0.7717842323651453]","[0.6247334754797441, 0.7190775681341719, 0.6905102527420124]","[0.3391003460207613, 0.31531531531531526, 0.34572490706319703]","[0.761810367803838, 0.7737431272497133, 0.8139151564079885]",0.3333801894664245,0.31531531531531526,"[0.0, 0.0, 1.0]","[0.15679211914539337, 0.15568950772285461, 0.6875183582305908]"
"{""run_name"": ""nhanes_pergroup_gdro"", ""seed"": 1337, ""run_dir"": ""runs/anchorctl2/permuted_s1337"", ""use_nhanes"": true, ""num_classes"": 2, ""stratified_batching"": true, ""train_frac"": 0.8, ""use_post_pandemic"": true, ""data_split_seed"": 100, ""batch_size"": 128, ""num_workers"": 0, ""epochs"": 100, ""early_stopping_patience"": 25, ""lr"": 0.001, ""weight_decay"": 0.0001, ""optimizer"": ""adam"", ""grad_clip"": 1.0, ""lr_scheduler"": ""cosine"", ""lr_min"": 1e-05, ""latent_dim"": 64, ""head_hidden"": 32, ""common_encoder"": false, ""groups"": [{""name"": ""survey_only"", ""encoder"": ""mlp_tabular_ln"", ""input_dim"": 10, ""hidden_dim"": 64, ""dropout"": 0.1}, {""name"": ""exam"", ""encoder"": ""mlp_tabular_ln"", ""input_dim"": 13, ""hidden_dim"": 64, ""dropout"": 0.1}, {""name"": ""vitals_labs"", ""encoder"": ""mlp_tabular_ln"", ""input_dim"": 20, ""hidden_dim"": 64, ""dropout"": 0.1}], ""anchor_eps"": 0.0001, ""sep_samples_per_class"": 4, ""sep_method"": ""classifier"", ""sep_margin"": 1.0, ""lambda_fit"": 0.1, ""lambda_sep"": 0.1, ""groupdro_enabled"": true, ""groupdro_eta"": 1.0, ""groupdro_gamma"": 0.9, ""groupdro_update_mode"": ""softmax"", ""groupdro_objective"": ""weighted"", ""groupdro_kl_lambda"": 0.0, ""groupdro_uniform_init"": false, ""log_interval"": 20, ""save_every"": 10, ""random_anchor_targets"": ""permute""}","{""num_groups"": 3, ""num_classes"": 2, ""train_total"": 13604, ""test_total"": 3401, ""train_group_counts"": [2133, 2118, 9353], ""test_group_counts"": [533, 530, 2338], ""train_class_counts"": [12174, 1430], ""test_class_counts"": [3043, 358], ""train_group_class_counts"": [[1876, 257], [1908, 210], [8390, 963]], ""test_group_class_counts"": [[469, 64], [477, 53], [2097, 241]], ""group_proportions"": [0.15679211996471626, 0.15568950308732726, 0.6875183769479565], ""group_names"": [""survey_only"", ""exam"", ""vitals_labs""], ""group_feature_counts"": {""0"": 10, ""1"": 13, ""2"": 20}, ""max_features"": 20, ""feature_mode"": ""nested""}","{""num_groups"": 3, ""eta"": 1.0, ""update_mode"": ""softmax"", ""robust_objective"": ""weighted"", ""gamma"": 0.9, ""kl_lambda"": 0.0, ""initial_pi"": [0.15679211914539337, 0.15568950772285461, 0.6875183582305908]}",2026-09-10T06:10:26.837222,19,0.3960187818152058,0.7303120356966447,0.001,0.7753601881799471,0.7748727887221264,0.7223264540337712,0.8264150943396227,0.6519916142557651,"[0.7140358475479744, 0.6519916142557651, 0.7336681328988062]","[0.7223264540337712, 0.8264150943396227, 0.7758768177929855]","[0.4956825189195782, 0.36450856364890055, 0.4111154199077153]","[0.7903384817614196, 0.6480446927374302]","[[0.7249466950959488, 0.703125], [0.870020964360587, 0.4339622641509434], [0.7868383404864091, 0.6804979253112033]]","[533, 530, 2338]",0.7984177441770378,"[0.703125, 0.4339622641509434, 0.6804979253112033]","[0.7249466950959488, 0.870020964360587, 0.7868383404864091]","[0.3781512605042017, 0.33333333333333326, 0.38497652582159625]","[0.7736040778251599, 0.7641707210948934, 0.8198176806621591]",0.36548703988637704,0.33333333333333326,"[0.0, 0.0, 1.0]","[0.15679211914539337, 0.15568950772285461, 0.6875183582305908]"
"{""run_name"": ""nhanes_pergroup_gdro"", ""seed"": 1337, ""run_dir"": ""runs/anchorctl2/permuted_s1337"", ""use_nhanes"": true, ""num_classes"": 2, ""stratified_batching"": true, ""train_frac"": 0.8, ""use_post_pandemic"": true, ""data_split_seed"": 100, ""batch_size"": 128, ""num_workers"": 0, ""epochs"": 100, ""early_stopping_patience"": 25, ""lr"": 0.001, ""weight_decay"": 0.0001, ""optimizer"": ""adam"", ""grad_clip"": 1.0, ""lr_scheduler"": ""cosine"", ""lr_min"": 1e-05, ""latent_dim"": 64, ""head_hidden"": 32, ""common_encoder"": false, ""groups"": [{""name"": ""survey_only"", ""encoder"": ""mlp_tabular_ln"", ""input_dim"": 10, ""hidden_dim"": 64, ""dropout"": 0.1}, {""name"": ""exam"", ""encoder"": ""mlp_tabular_ln"", ""input_dim"": 13, ""hidden_dim"": 64, ""dropout"": 0.1}, {""name"": ""vitals_labs"", ""encoder"": ""mlp_tabular_ln"", ""input_dim"": 20, ""hidden_dim"": 64, ""dropout"": 0.1}], ""anchor_eps"": 0.0001, ""sep_samples_per_class"": 4, ""sep_method"": ""classifier"", ""sep_margin"": 1.0, ""lambda_fit"": 0.1, ""lambda_sep"": 0.1, ""groupdro_enabled"": true, ""groupdro_eta"": 1.0, ""groupdro_gamma"": 0.9, ""groupdro_update_mode"": ""softmax"", ""groupdro_objective"": ""weighted"", ""groupdro_kl_lambda"": 0.0, ""groupdro_uniform_init"": false, ""log_interval"": 20, ""save_every"": 10, ""random_anchor_targets"": ""permute""}","{""num_groups"": 3, ""num_classes"": 2, ""train_total"": 13604, ""test_total"": 3401, ""train_group_counts"": [2133, 2118, 9353], ""test_group_counts"": [533, 530, 2338], ""train_class_counts"": [12174, 1430], ""test_class_counts"": [3043, 358], ""train_group_class_counts"": [[1876, 257], [1908, 210], [8390, 963]], ""test_group_class_counts"": [[469, 64], [477, 53], [2097, 241]], ""group_proportions"": [0.15679211996471626, 0.15568950308732726, 0.6875183769479565], ""group_names"": [""survey_only"", ""exam"", ""vitals_labs""], ""group_feature_counts"": {""0"": 10, ""1"": 13, ""2"": 20}, ""max_features"": 20, ""feature_mode"": ""nested""}","{""num_groups"": 3, ""eta"": 1.0, ""update_mode"": ""softmax"", ""robust_objective"": ""weighted"", ""gamma"": 0.9, ""kl_lambda"": 0.0, ""initial_pi"": [0.15679211914539337, 0.15568950772285461, 0.6875183582305908]}",2026-09-10T06:10:26.837222,20,0.3758225833302444,0.7365527489033,0.001,0.7283152014113496,0.7137876000526218,0.6435272045028143,0.7566037735849057,0.6802935010482181,"[0.7097381396588487, 0.6802935010482181, 0.7345536104729736]","[0.6435272045028143, 0.7566037735849057, 0.7412318220701454]","[0.5684866226808121, 0.40893116695531817, 0.44888473841340987]","[0.7295432139336181, 0.7178770949720671]","[[0.6226012793176973, 0.796875], [0.7756813417190775, 0.5849056603773585], [0.742966142107773, 0.7261410788381742]]","[533, 530, 2338]",0.8001737663324748,"[0.796875, 0.5849056603773585, 0.7261410788381742]","[0.6226012793176973, 0.7756813417190775, 0.742966142107773]","[0.34931506849315075, 0.32460732984293195, 0.3664921465968586]","[0.7692730543710021, 0.7729124639056999, 0.818689809785566]",0.3468048483109804,0.32460732984293195,"[0.0, 0.0, 1.0]","[0.15679211914539337, 0.15568950772285461, 0.6875183582305908]"
"{""run_name"": ""nhanes_pergroup_gdro"", ""seed"": 1337, ""run_dir"": ""runs/anchorctl2/permuted_s1337"", ""use_nhanes"": true, ""num_classes"": 2, ""stratified_batching"": true, ""train_frac"": 0.8, ""use_post_pandemic"": true, ""data_split_seed"": 100, ""batch_size"": 128, ""num_workers"": 0, ""epochs"": 100, ""early_stopping_patience"": 25, ""lr"": 0.001, ""weight_decay"": 0.0001, ""optimizer"": ""adam"", ""grad_clip"": 1.0, ""lr_scheduler"": ""cosine"", ""lr_min"": 1e-05, ""latent_dim"": 64, ""head_hidden"": 32, ""common_encoder"": false, ""groups"": [{""name"": ""survey_only"", ""encoder"": ""mlp_tabular_ln"", ""input_dim"": 10, ""hidden_dim"": 64, ""dropout"": 0.1}, {""name"": ""exam"", ""encoder"": ""mlp_tabular_ln"", ""input_dim"": 13, ""hidden_dim"": 64, ""dropout"": 0.1}, {""name"": ""vitals_labs"", ""encoder"": ""mlp_tabular_ln"", ""input_dim"": 20, ""hidden_dim"": 64, ""dropout"": 0.1}], ""anchor_eps"": 0.0001, ""sep_samples_per_class"": 4, ""sep_method"": ""classifier"", ""sep_margin"": 1.0, ""lambda_fit"": 0.1, ""lambda_sep"": 0.1, ""groupdro_enabled"": true, ""groupdro_eta"": 1.0, ""groupdro_gamma"": 0.9, ""groupdro_update_mode"": ""softmax"", ""groupdro_objective"": ""weighted"", ""groupdro_kl_lambda"": 0.0, ""groupdro_uniform_init"": false, ""log_interval"": 20, ""save_every"": 10, ""random_anchor_targets"": ""permute""}","{""num_groups"": 3, ""num_classes"": 2, ""train_total"": 13604, ""test_total"": 3401, ""train_group_counts"": [2133, 2118, 9353], ""test_group_counts"": [533, 530, 2338], ""train_class_counts"": [12174, 1430], ""test_class_counts"": [3043, 358], ""train_group_class_counts"": [[1876, 257], [1908, 210], [8390, 963]], ""test_group_class_counts"": [[469, 64], [477, 53], [2097, 241]], ""group_proportions"": [0.15679211996471626, 0.15568950308732726, 0.6875183769479565], ""group_names"": [""survey_only"", ""exam"", ""vitals_labs""], ""group_feature_counts"": {""0"": 10, ""1"": 13, ""2"": 20}, ""max_features"": 20, ""feature_mode"": ""nested""}","{""num_groups"": 3, ""eta"": 1.0, ""update_mode"": ""softmax"", ""robust_objective"": ""weighted"", ""gamma"": 0.9, ""kl_lambda"": 0.0, ""initial_pi"": [0.15679211914539337, 0.15568950772285461, 0.6875183582305908]}",2026-09-10T06:10:26.837222,21,0.3789189524981809,0.7320950965824665,0.001,0.7239047339017936,0.7063096929084236,0.6378986866791745,0.7415094339622641,0.7054507337526206,"[0.7065398454157783, 0.7054507337526206, 0.7354361199658868]","[0.6378986866791745, 0.7415094339622641, 0.7395209580838323]","[0.584187461636715, 0.4944461479181762, 0.46274214634606875]","[0.7229707525468287, 0.7318435754189944]","[[0.6162046908315565, 0.796875], [0.750524109014675, 0.660377358490566], [0.7405817835002384, 0.7302904564315352]]","[533, 530, 2338]",0.8009705395843929,"[0.796875, 0.660377358490566, 0.7302904564315352]","[0.6162046908315565, 0.750524109014675, 0.7405817835002384]","[0.34576271186440677, 0.3381642512077294, 0.3662851196670135]","[0.7654417643923239, 0.7743760136070567, 0.8183296825933908]",0.3500706942463832,0.3381642512077294,"[0.0, 0.0, 1.0]","[0.15679211914539337, 0.15568950772285461, 0.6875183582305908]"
"{""run_name"": ""nhanes_pergroup_gdro"", ""seed"": 1337, ""run_dir"": ""runs/anchorctl2/permuted_s1337"", ""use_nhanes"": true, ""num_classes"": 2, ""stratified_batching"": true, ""train_frac"": 0.8, ""use_post_pandemic"": true, ""data_split_seed"": 100, ""batch_size"": 128, ""num_workers"": 0, ""epochs"": 100, ""early_stopping_patience"": 25, ""lr"": 0.001, ""weight_decay"": 0.0001, ""optimizer"": ""adam"", ""grad_clip"": 1.0, ""lr_scheduler"": ""cosine"", ""lr_min"": 1e-05, ""latent_dim"": 64, ""head_hidden"": 32, ""common_encoder"": false, ""groups"": [{""name"": ""survey_only"", ""encoder"": ""mlp_tabular_ln"", ""input_dim"": 10, ""hidden_dim"": 64, ""dropout"": 0.1}, {""name"": ""exam"", ""encoder"": ""mlp_tabular_ln"", ""input_dim"": 13, ""hidden_dim"": 64, ""dropout"": 0.1}, {""name"": ""vitals_labs"", ""encoder"": ""mlp_tabular_ln"", ""input_dim"": 20, ""hidden_dim"": 64, ""dropout"": 0.1}], ""anchor_eps"": 0.0001, ""sep_samples_per_class"": 4, ""sep_method"": ""classifier"", ""sep_margin"": 1.0, ""lambda_fit"": 0.1, ""lambda_sep"": 0.1, ""groupdro_enabled"": true, ""groupdro_eta"": 1.0, ""groupdro_gamma"": 0.9, ""groupdro_update_mode"": ""softmax"", ""groupdro_objective"": ""weighted"", ""groupdro_kl_lambda"": 0.0, ""groupdro_uniform_init"": false, ""log_interval"": 20, ""save_every"": 10, ""random_anchor_targets"": ""permute""}","{""num_groups"": 3, ""num_classes"": 2, ""train_total"": 13604, ""test_total"": 3401, ""train_group_counts"": [2133, 2118, 9353], ""test_group_counts"": [533, 530, 2338], ""train_class_counts"": [12174, 1430], ""test_class_counts"": [3043, 358], ""train_group_class_counts"": [[1876, 257], [1908, 210], [8390, 963]], ""test_group_class_counts"": [[469, 64], [477, 53], [2097, 241]], ""group_proportions"": [0.15679211996471626, 0.15568950308732726, 0.6875183769479565], ""group_names"": [""survey_only"", ""exam"", ""vitals_labs""], ""group_feature_counts"": {""0"": 10, ""1"": 13, ""2"": 20}, ""max_features"": 20, ""feature_mode"": ""nested""}","{""num_groups"": 3, ""eta"": 1.0, ""update_mode"": ""softmax"", ""robust_objective"": ""weighted"", ""gamma"": 0.9, ""kl_lambda"": 0.0, ""initial_pi"": [0.15679211914539337, 0.15568950772285461, 0.6875183582305908]}",2026-09-10T06:10:26.837222,22,0.3734354296807106,0.7433135215630325,0.001,0.6871508379888268,0.680174073804117,0.6622889305816135,0.693327630453379,0.69916142557652,"[0.7136527185501066, 0.69916142557652, 0.733556335171565]","[0.6622889305816135, 0.6849056603773584, 0.693327630453379]","[0.5644565450340355, 0.5013130512059982, 0.5337243755651763]","[0.6769635228393033, 0.7737430167597765]","[[0.6460554371002132, 0.78125], [0.6813417190775681, 0.7169811320754716], [0.6828803051979018, 0.7842323651452282]]","[533, 530, 2338]",0.7931404982953826,"[0.78125, 0.7169811320754716, 0.7842323651452282]","[0.6460554371002132, 0.6813417190775681, 0.6828803051979018]","[0.3571428571428572, 0.3127572016460905, 0.34520547945205476]","[0.7622767857142857, 0.7733871286737075, 0.810434586457239]",0.33836851274700086,0.3127572016460905,"[0.0, 0.0, 1.0]","[0.15679211914539337, 0.15568950772285461, 0.6875183582305908]"
"{""run_name"": ""nhanes_pergroup_gdro"", ""seed"": 1337, ""run_dir"": ""runs/anchorctl2/permuted_s1337"", ""use_nhanes"": true, ""num_classes"": 2, ""stratified_batching"": true, ""train_frac"": 0.8, ""use_post_pandemic"": true, ""data_split_seed"": 100, ""batch_size"": 128, ""num_workers"": 0, ""epochs"": 100, ""early_stopping_patience"": 25, ""lr"": 0.001, ""weight_decay"": 0.0001, ""optimizer"": ""adam"", ""grad_clip"": 1.0, ""lr_scheduler"": ""cosine"", ""lr_min"": 1e-05, ""latent_dim"": 64, ""head_hidden"": 32, ""common_encoder"": false, ""groups"": [{""name"": ""survey_only"", ""encoder"": ""mlp_tabular_ln"", ""input_dim"": 10, ""hidden_dim"": 64, ""dropout"": 0.1}, {""name"": ""exam"", ""encoder"": ""mlp_tabular_ln"", ""input_dim"": 13, ""hidden_dim"": 64, ""dropout"": 0.1}, {""name"": ""vitals_labs"", ""encoder"": ""mlp_tabular_ln"", ""input_dim"": 20, ""hidden_dim"": 64, ""dropout"": 0.1}], ""anchor_eps"": 0.0001, ""sep_samples_per_class"": 4, ""sep_method"": ""classifier"", ""sep_margin"": 1.0, ""lambda_fit"": 0.1, ""lambda_sep"": 0.1, ""groupdro_enabled"": true, ""groupdro_eta"": 1.0, ""groupdro_gamma"": 0.9, ""groupdro_update_mode"": ""softmax"", ""groupdro_objective"": ""weighted"", ""groupdro_kl_lambda"": 0.0, ""groupdro_uniform_init"": false, ""log_interval"": 20, ""save_every"": 10, ""random_anchor_targets"": ""permute""}","{""num_groups"": 3, ""num_classes"": 2, ""train_total"": 13604, ""test_total"": 3401, ""train_group_counts"": [2133, 2118, 9353], ""test_group_counts"": [533, 530, 2338], ""train_class_counts"": [12174, 1430], ""test_class_counts"": [3043, 358], ""train_group_class_counts"": [[1876, 257], [1908, 210], [8390, 963]], ""test_group_class_counts"": [[469, 64], [477, 53], [2097, 241]], ""group_proportions"": [0.15679211996471626, 0.15568950308732726, 0.6875183769479565], ""group_names"": [""survey_only"", ""exam"", ""vitals_labs""], ""group_feature_counts"": {""0"": 10, ""1"": 13, ""2"": 20}, ""max_features"": 20, ""feature_mode"": ""nested""}","{""num_groups"": 3, ""eta"": 1.0, ""update_mode"": ""softmax"", ""robust_objective"": ""weighted"", ""gamma"": 0.9, ""kl_lambda"": 0.0, ""initial_pi"": [0.15679211914539337, 0.15568950772285461, 0.6875183582305908]}",2026-09-10T06:10:26.837222,23,0.37332424925249985,0.7330609212835689,0.001,0.7456630402822699,0.722139168863943,0.6754221388367729,0.7664670658682635,0.7076226012793176,"[0.7076226012793176, 0.7127882599580713, 0.719241279282595]","[0.6754221388367729, 0.7245283018867924, 0.7664670658682635]","[0.5186777866432813, 0.46630074614417333, 0.42746021116823213]","[0.7532040749260598, 0.6815642458100558]","[[0.6652452025586354, 0.75], [0.7274633123689728, 0.6981132075471698], [0.7787315212207916, 0.6597510373443983]]","[533, 530, 2338]",0.7988083282999541,"[0.75, 0.6981132075471698, 0.6597510373443983]","[0.6652452025586354, 0.7274633123689728, 0.7787315212207916]","[0.3568773234200744, 0.33636363636363636, 0.3680555555555555]","[0.7705223880597015, 0.765752936988252, 0.8142416453459497]",0.3537655051130888,0.33636363636363636,"[0.0, 0.0, 1.0]","[0.15679211914539337, 0.15568950772285461, 0.6875183582305908]"
"{""run_name"": ""nhanes_pergroup_gdro"", ""seed"": 1337, ""run_dir"": ""runs/anchorctl2/permuted_s1337"", ""use_nhanes"": true, ""num_classes"": 2, ""stratified_batching"": true, ""train_frac"": 0.8, ""use_post_pandemic"": true, ""data_split_seed"": 100, ""batch_size"": 128, ""num_workers"": 0, ""epochs"": 100, ""early_stopping_patience"": 25, ""lr"": 0.001, ""weight_decay"": 0.0001, ""optimizer"": ""adam"", ""grad_clip"": 1.0, ""lr_scheduler"": ""cosine"", ""lr_min"": 1e-05, ""latent_dim"": 64, ""head_hidden"": 32, ""common_encoder"": false, ""groups"": [{""name"": ""survey_only"", ""encoder"": ""mlp_tabular_ln"", ""input_dim"": 10, ""hidden_dim"": 64, ""dropout"": 0.1}, {""name"": ""exam"", ""encoder"": ""mlp_tabular_ln"", ""input_dim"": 13, ""hidden_dim"": 64, ""dropout"": 0.1}, {""name"": ""vitals_labs"", ""encoder"": ""mlp_tabular_ln"", ""input_dim"": 20, ""hidden_dim"": 64, ""dropout"": 0.1}], ""anchor_eps"": 0.0001, ""sep_samples_per_class"": 4, ""sep_method"": ""classifier"", ""sep_margin"": 1.0, ""lambda_fit"": 0.1, ""lambda_sep"": 0.1, ""groupdro_enabled"": true, ""groupdro_eta"": 1.0, ""groupdro_gamma"": 0.9, ""groupdro_update_mode"": ""softmax"", ""groupdro_objective"": ""weighted"", ""groupdro_kl_lambda"": 0.0, ""groupdro_uniform_init"": false, ""log_interval"": 20, ""save_every"": 10, ""random_anchor_targets"": ""permute""}","{""num_groups"": 3, ""num_classes"": 2, ""train_total"": 13604, ""test_total"": 3401, ""train_group_counts"": [2133, 2118, 9353], ""test_group_counts"": [533, 530, 2338], ""train_class_counts"": [12174, 1430], ""test_class_counts"": [3043, 358], ""train_group_class_counts"": [[1876, 257], [1908, 210], [8390, 963]], ""test_group_class_counts"": [[469, 64], [477, 53], [2097, 241]], ""group_proportions"": [0.15679211996471626, 0.15568950308732726, 0.6875183769479565], ""group_names"": [""survey_only"", ""exam"", ""vitals_labs""], ""group_feature_counts"": {""0"": 10, ""1"": 13, ""2"": 20}, ""max_features"": 20, ""feature_mode"": ""nested""}","{""num_groups"": 3, ""eta"": 1.0, ""update_mode"": ""softmax"", ""robust_objective"": ""weighted"", ""gamma"": 0.9, ""kl_lambda"": 0.0, ""initial_pi"": [0.15679211914539337, 0.15568950772285461, 0.6875183582305908]}",2026-09-10T06:10:26.837222,24,0.36506734779838024,0.7435364041959017,0.001,0.725668920905616,0.7256042806343034,0.6604127579737336,0.7905660377358491,0.6488469601677149,"[0.6923474147121536, 0.6488469601677149, 0.7296424253577033]","[0.6604127579737336, 0.7905660377358491, 0.7258340461933276]","[0.5368927199672864, 0.3960378486012111, 0.4817921131824592]","[0.7292145908642786, 0.6955307262569832]","[[0.650319829424307, 0.734375], [0.8259958071278826, 0.4716981132075472], [0.7248450166905103, 0.7344398340248963]]","[533, 530, 2338]",0.7908332522484978,"[0.734375, 0.4716981132075472, 0.7344398340248963]","[0.650319829424307, 0.8259958071278826, 0.7248450166905103]","[0.3418181818181818, 0.3105590062111801, 0.35577889447236183]","[0.7644589552238806, 0.7595822950041533, 0.8137726885077874]",0.33605202750057456,0.3105590062111801,"[0.0, 0.0, 1.0]","[0.15679211914539337, 0.15568950772285461, 0.6875183582305908]"
"{""run_name"": ""nhanes_pergroup_gdro"", ""seed"": 1337, ""run_dir"": ""runs/anchorctl2/permuted_s1337"", ""use_nhanes"": true, ""num_classes"": 2, ""stratified_batching"": true, ""train_frac"": 0.8, ""use_post_pandemic"": true, ""data_split_seed"": 100, ""batch_size"": 128, ""num_workers"": 0, ""epochs"": 100, ""early_stopping_patience"": 25, ""lr"": 0.001, ""weight_decay"": 0.0001, ""optimizer"": ""adam"", ""grad_clip"": 1.0, ""lr_scheduler"": ""cosine"", ""lr_min"": 1e-05, ""latent_dim"": 64, ""head_hidden"": 32, ""common_encoder"": false, ""groups"": [{""name"": ""survey_only"", ""encoder"": ""mlp_tabular_ln"", ""input_dim"": 10, ""hidden_dim"": 64, ""dropout"": 0.1}, {""name"": ""exam"", ""encoder"": ""mlp_tabular_ln"", ""input_dim"": 13, ""hidden_dim"": 64, ""dropout"": 0.1}, {""name"": ""vitals_labs"", ""encoder"": ""mlp_tabular_ln"", ""input_dim"": 20, ""hidden_dim"": 64, ""dropout"": 0.1}], ""anchor_eps"": 0.0001, ""sep_samples_per_class"": 4, ""sep_method"": ""classifier"", ""sep_margin"": 1.0, ""lambda_fit"": 0.1, ""lambda_sep"": 0.1, ""groupdro_enabled"": true, ""groupdro_eta"": 1.0, ""groupdro_gamma"": 0.9, ""groupdro_update_mode"": ""softmax"", ""groupdro_objective"": ""weighted"", ""groupdro_kl_lambda"": 0.0, ""groupdro_uniform_init"": false, ""log_interval"": 20, ""save_every"": 10, ""random_anchor_targets"": ""permute""}","{""num_groups"": 3, ""num_classes"": 2, ""train_total"": 13604, ""test_total"": 3401, ""train_group_counts"": [2133, 2118, 9353], ""test_group_counts"": [533, 530, 2338], ""train_class_counts"": [12174, 1430], ""test_class_counts"": [3043, 358], ""train_group_class_counts"": [[1876, 257], [1908, 210], [8390, 963]], ""test_group_class_counts"": [[469, 64], [477, 53], [2097, 241]], ""group_proportions"": [0.15679211996471626, 0.15568950308732726, 0.6875183769479565], ""group_names"": [""survey_only"", ""exam"", ""vitals_labs""], ""group_feature_counts"": {""0"": 10, ""1"": 13, ""2"": 20}, ""max_features"": 20, ""feature_mode"": ""nested""}","{""num_groups"": 3, ""eta"": 1.0, ""update_mode"": ""softmax"", ""robust_objective"": ""weighted"", ""gamma"": 0.9, ""kl_lambda"": 0.0, ""initial_pi"": [0.15679211914539337, 0.15568950772285461, 0.6875183582305908]}",2026-09-10T06:10:26.837222,25,0.3637261465745376,0.7435364041427623,0.001,0.6956777418406351,0.7143991894638783,0.679213002566296,0.7679245283018868,0.6614255765199162,"[0.7126032782515992, 0.6614255765199162, 0.7330329635104091]","[0.6960600375234521, 0.7679245283018868, 0.679213002566296]","[0.5236622785965258, 0.42781032490959164, 0.5644779446028122]","[0.6894511994742031, 0.7486033519553073]","[[0.6908315565031983, 0.734375], [0.7945492662473794, 0.5283018867924528], [0.6652360515021459, 0.8008298755186722]]","[533, 530, 2338]",0.7897381479978777,"[0.734375, 0.5283018867924528, 0.8008298755186722]","[0.6908315565031983, 0.7945492662473794, 0.6652360515021459]","[0.3671875, 0.3128491620111732, 0.3397887323943662]","[0.7632595948827293, 0.7559827538467624, 0.8172394074126841]",0.3399417981351798,0.3128491620111732,"[0.0, 0.0, 1.0]","[0.15679211914539337, 0.15568950772285461, 0.6875183582305908]"
"{""run_name"": ""nhanes_pergroup_gdro"", ""seed"": 1337, ""run_dir"": ""runs/anchorctl2/permuted_s1337"", ""use_nhanes"": true, ""num_classes"": 2, ""stratified_batching"": true, ""train_frac"": 0.8, ""use_post_pandemic"": true, ""data_split_seed"": 100, ""batch_size"": 128, ""num_workers"": 0, ""epochs"": 100, ""early_stopping_patience"": 25, ""lr"": 0.001, ""weight_decay"": 0.0001, ""optimizer"": ""adam"", ""grad_clip"": 1.0, ""lr_scheduler"": ""cosine"", ""lr_min"": 1e-05, ""latent_dim"": 64, ""head_hidden"": 32, ""common_encoder"": false, ""groups"": [{""name"": ""survey_only"", ""encoder"": ""mlp_tabular_ln"", ""input_dim"": 10, ""hidden_dim"": 64, ""dropout"": 0.1}, {""name"": ""exam"", ""encoder"": ""mlp_tabular_ln"", ""input_dim"": 13, ""hidden_dim"": 64, ""dropout"": 0.1}, {""name"": ""vitals_labs"", ""encoder"": ""mlp_tabular_ln"", ""input_dim"": 20, ""hidden_dim"": 64, ""dropout"": 0.1}], ""anchor_eps"": 0.0001, ""sep_samples_per_class"": 4, ""sep_method"": ""classifier"", ""sep_margin"": 1.0, ""lambda_fit"": 0.1, ""lambda_sep"": 0.1, ""groupdro_enabled"": true, ""groupdro_eta"": 1.0, ""groupdro_gamma"": 0.9, ""groupdro_update_mode"": ""softmax"", ""groupdro_objective"": ""weighted"", ""groupdro_kl_lambda"": 0.0, ""groupdro_uniform_init"": false, ""log_interval"": 20, ""save_every"": 10, ""random_anchor_targets"": ""permute""}","{""num_groups"": 3, ""num_classes"": 2, ""train_total"": 13604, ""test_total"": 3401, ""train_group_counts"": [2133, 2118, 9353], ""test_group_counts"": [533, 530, 2338], ""train_class_counts"": [12174, 1430], ""test_class_counts"": [3043, 358], ""train_group_class_counts"": [[1876, 257], [1908, 210], [8390, 963]], ""test_group_class_counts"": [[469, 64], [477, 53], [2097, 241]], ""group_proportions"": [0.15679211996471626, 0.15568950308732726, 0.6875183769479565], ""group_names"": [""survey_only"", ""exam"", ""vitals_labs""], ""group_feature_counts"": {""0"": 10, ""1"": 13, ""2"": 20}, ""max_features"": 20, ""feature_mode"": ""nested""}","{""num_groups"": 3, ""eta"": 1.0, ""update_mode"": ""softmax"", ""robust_objective"": ""weighted"", ""gamma"": 0.9, ""kl_lambda"": 0.0, ""initial_pi"": [0.15679211914539337, 0.15568950772285461, 0.6875183582305908]}",2026-09-10T06:10:26.837222,26,0.36470727464198005,0.7425705794770863,0.001,0.7180241105557189,0.7135762095204462,0.6885553470919324,0.730188679245283,0.7015924840085288,"[0.7015924840085288, 0.7075471698113207, 0.7348415143546303]","[0.6885553470919324, 0.730188679245283, 0.7219846022241232]","[0.5338131225287633, 0.45538556753462267, 0.4875064729109416]","[0.7160696680906999, 0.7346368715083799]","[[0.6844349680170576, 0.71875], [0.7358490566037735, 0.6792452830188679], [0.7186456843109204, 0.7510373443983402]]","[533, 530, 2338]",0.7923042535574825,"[0.71875, 0.6792452830188679, 0.7510373443983402]","[0.6844349680170576, 0.7358490566037735, 0.7186456843109204]","[0.3565891472868217, 0.33488372093023255, 0.35770750988142286]","[0.7666411247334756, 0.7560618646414303, 0.8123341584599221]",0.3497267926994924,0.33488372093023255,"[0.0, 0.0, 1.0]","[0.15679211914539337, 0.15568950772285461, 0.6875183582305908]"
"{""run_name"": ""nhanes_pergroup_gdro"", ""seed"": 1337, ""run_dir"": ""runs/anchorctl2/permuted_s1337"", ""use_nhanes"": true, ""num_classes"": 2, ""stratified_batching"": true, ""train_frac"": 0.8, ""use_post_pandemic"": true, ""data_split_seed"": 100, ""batch_size"": 128, ""num_workers"": 0, ""epochs"": 100, ""early_stopping_patience"": 25, ""lr"": 0.001, ""weight_decay"": 0.0001, ""optimizer"": ""adam"", ""grad_clip"": 1.0, ""lr_scheduler"": ""cosine"", ""lr_min"": 1e-05, ""latent_dim"": 64, ""head_hidden"": 32, ""common_encoder"": false, ""groups"": [{""name"": ""survey_only"", ""encoder"": ""mlp_tabular_ln"", ""input_dim"": 10, ""hidden_dim"": 64, ""dropout"": 0.1}, {""name"": ""exam"", ""encoder"": ""mlp_tabular_ln"", ""input_dim"": 13, ""hidden_dim"": 64, ""dropout"": 0.1}, {""name"": ""vitals_labs"", ""encoder"": ""mlp_tabular_ln"", ""input_dim"": 20, ""hidden_dim"": 64, ""dropout"": 0.1}], ""anchor_eps"": 0.0001, ""sep_samples_per_class"": 4, ""sep_method"": ""classifier"", ""sep_margin"": 1.0, ""lambda_fit"": 0.1, ""lambda_sep"": 0.1, ""groupdro_enabled"": true, ""groupdro_eta"": 1.0, ""groupdro_gamma"": 0.9, ""groupdro_update_mode"": ""softmax"", ""groupdro_objective"": ""weighted"", ""groupdro_kl_lambda"": 0.0, ""groupdro_uniform_init"": false, ""log_interval"": 20, ""save_every"": 10, ""random_anchor_targets"": ""permute""}","{""num_groups"": 3, ""num_classes"": 2, ""train_total"": 13604, ""test_total"": 3401, ""train_group_counts"": [2133, 2118, 9353], ""test_group_counts"": [533, 530, 2338], ""train_class_counts"": [12174, 1430], ""test_class_counts"": [3043, 358], ""train_group_class_counts"": [[1876, 257], [1908, 210], [8390, 963]], ""test_group_class_counts"": [[469, 64], [477, 53], [2097, 241]], ""group_proportions"": [0.15679211996471626, 0.15568950308732726, 0.6875183769479565], ""group_names"": [""survey_only"", ""exam"", ""vitals_labs""], ""group_feature_counts"": {""0"": 10, ""1"": 13, ""2"": 20}, ""max_features"": 20, ""feature_mode"": ""nested""}","{""num_groups"": 3, ""eta"": 1.0, ""update_mode"": ""softmax"", ""robust_objective"": ""weighted"", ""gamma"": 0.9, ""kl_lambda"": 0.0, ""initial_pi"": [0.15679211914539337, 0.15568950772285461, 0.6875183582305908]}",2026-09-10T06:10:26.837222,27,0.36984295140409407,0.7505943536227029,0.001,0.7118494560423405,0.6815847457318313,0.5909943714821764,0.7386655260906758,0.6488469601677149,"[0.6798873933901919, 0.6488469601677149, 0.7294504894365987]","[0.5909943714821764, 0.7150943396226415, 0.7386655260906758]","[0.6026661885049592, 0.45745656903441073, 0.4734703927234945]","[0.7121261912586263, 0.7094972067039106]","[[0.5628997867803838, 0.796875], [0.7316561844863732, 0.5660377358490566], [0.7410586552217453, 0.7178423236514523]]","[533, 530, 2338]",0.7885966876997671,"[0.796875, 0.5660377358490566, 0.7178423236514523]","[0.5628997867803838, 0.7316561844863732, 0.7410586552217453]","[0.31875, 0.28436018957345977, 0.361546499477534]","[0.7612773187633263, 0.7445116886199121, 0.8095619705685063]",0.3215522296836646,0.28436018957345977,"[0.0, 0.0, 1.0]","[0.15679211914539337, 0.15568950772285461, 0.6875183582305908]"
"{""run_name"": ""nhanes_pergroup_gdro"", ""seed"": 1337, ""run_dir"": ""runs/anchorctl2/permuted_s1337"", ""use_nhanes"": true, ""num_classes"": 2, ""stratified_batching"": true, ""train_frac"": 0.8, ""use_post_pandemic"": true, ""data_split_seed"": 100, ""batch_size"": 128, ""num_workers"": 0, ""epochs"": 100, ""early_stopping_patience"": 25, ""lr"": 0.001, ""weight_decay"": 0.0001, ""optimizer"": ""adam"", ""grad_clip"": 1.0, ""lr_scheduler"": ""cosine"", ""lr_min"": 1e-05, ""latent_dim"": 64, ""head_hidden"": 32, ""common_encoder"": false, ""groups"": [{""name"": ""survey_only"", ""encoder"": ""mlp_tabular_ln"", ""input_dim"": 10, ""hidden_dim"": 64, ""dropout"": 0.1}, {""name"": ""exam"", ""encoder"": ""mlp_tabular_ln"", ""input_dim"": 13, ""hidden_dim"": 64, ""dropout"": 0.1}, {""name"": ""vitals_labs"", ""encoder"": ""mlp_tabular_ln"", ""input_dim"": 20, ""hidden_dim"": 64, ""dropout"": 0.1}], ""anchor_eps"": 0.0001, ""sep_samples_per_class"": 4, ""sep_method"": ""classifier"", ""sep_margin"": 1.0, ""lambda_fit"": 0.1, ""lambda_sep"": 0.1, ""groupdro_enabled"": true, ""groupdro_eta"": 1.0, ""groupdro_gamma"": 0.9, ""groupdro_update_mode"": ""softmax"", ""groupdro_objective"": ""weighted"", ""groupdro_kl_lambda"": 0.0, ""groupdro_uniform_init"": false, ""log_interval"": 20, ""save_every"": 10, ""random_anchor_targets"": ""permute""}","{""num_groups"": 3, ""num_classes"": 2, ""train_total"": 13604, ""test_total"": 3401, ""train_group_counts"": [2133, 2118, 9353], ""test_group_counts"": [533, 530, 2338], ""train_class_counts"": [12174, 1430], ""test_class_counts"": [3043, 358], ""train_group_class_counts"": [[1876, 257], [1908, 210], [8390, 963]], ""test_group_class_counts"": [[469, 64], [477, 53], [2097, 241]], ""group_proportions"": [0.15679211996471626, 0.15568950308732726, 0.6875183769479565], ""group_names"": [""survey_only"", ""exam"", ""vitals_labs""], ""group_feature_counts"": {""0"": 10, ""1"": 13, ""2"": 20}, ""max_features"": 20, ""feature_mode"": ""nested""}","{""num_groups"": 3, ""eta"": 1.0, ""update_mode"": ""softmax"", ""robust_objective"": ""weighted"", ""gamma"": 0.9, ""kl_lambda"": 0.0, ""initial_pi"": [0.15679211914539337, 0.15568950772285461, 0.6875183582305908]}",2026-09-10T06:10:26.837222,28,0.3632111913780578,0.7459138186867135,0.001,0.7047927080270509,0.6828956278589914,0.6604127579737336,0.7241231822070145,0.6960167714884695,"[0.69909381663113, 0.6960167714884695, 0.7341974407224705]","[0.6604127579737336, 0.6641509433962264, 0.7241231822070145]","[0.532377819515841, 0.5438562235150833, 0.4997539154593088]","[0.6999671376930661, 0.7458100558659218]","[[0.6481876332622601, 0.75], [0.6561844863731656, 0.7358490566037735], [0.7215069146399619, 0.7468879668049793]]","[533, 530, 2338]",0.7907208044105255,"[0.75, 0.7358490566037735, 0.7468879668049793]","[0.6481876332622601, 0.6561844863731656, 0.7215069146399619]","[0.34657039711191334, 0.30468749999999994, 0.35820895522388063]","[0.7650419776119404, 0.7544005379534037, 0.811255755604232]",0.336488950778598,0.30468749999999994,"[0.0, 0.0, 1.0]","[0.15679211914539337, 0.15568950772285461, 0.6875183582305908]"
"{""run_name"": ""nhanes_pergroup_gdro"", ""seed"": 1337, ""run_dir"": ""runs/anchorctl2/permuted_s1337"", ""use_nhanes"": true, ""num_classes"": 2, ""stratified_batching"": true, ""train_frac"": 0.8, ""use_post_pandemic"": true, ""data_split_seed"": 100, ""batch_size"": 128, ""num_workers"": 0, ""epochs"": 100, ""early_stopping_patience"": 25, ""lr"": 0.001, ""weight_decay"": 0.0001, ""optimizer"": ""adam"", ""grad_clip"": 1.0, ""lr_scheduler"": ""cosine"", ""lr_min"": 1e-05, ""latent_dim"": 64, ""head_hidden"": 32, ""common_encoder"": false, ""groups"": [{""name"": ""survey_only"", ""encoder"": ""mlp_tabular_ln"", ""input_dim"": 10, ""hidden_dim"": 64, ""dropout"": 0.1}, {""name"": ""exam"", ""encoder"": ""mlp_tabular_ln"", ""input_dim"": 13, ""hidden_dim"": 64, ""dropout"": 0.1}, {""name"": ""vitals_labs"", ""encoder"": ""mlp_tabular_ln"", ""input_dim"": 20, ""hidden_dim"": 64, ""dropout"": 0.1}], ""anchor_eps"": 0.0001, ""sep_samples_per_class"": 4, ""sep_method"": ""classifier"", ""sep_margin"": 1.0, ""lambda_fit"": 0.1, ""lambda_sep"": 0.1, ""groupdro_enabled"": true, ""groupdro_eta"": 1.0, ""groupdro_gamma"": 0.9, ""groupdro_update_mode"": ""softmax"", ""groupdro_objective"": ""weighted"", ""groupdro_kl_lambda"": 0.0, ""groupdro_uniform_init"": false, ""log_interval"": 20, ""save_every"": 10, ""random_anchor_targets"": ""permute""}","{""num_groups"": 3, ""num_classes"": 2, ""train_total"": 13604, ""test_total"": 3401, ""train_group_counts"": [2133, 2118, 9353], ""test_group_counts"": [533, 530, 2338], ""train_class_counts"": [12174, 1430], ""test_class_counts"": [3043, 358], ""train_group_class_counts"": [[1876, 257], [1908, 210], [8390, 963]], ""test_group_class_counts"": [[469, 64], [477, 53], [2097, 241]], ""group_proportions"": [0.15679211996471626, 0.15568950308732726, 0.6875183769479565], ""group_names"": [""survey_only"", ""exam"", ""vitals_labs""], ""group_feature_counts"": {""0"": 10, ""1"": 13, ""2"": 20}, ""max_features"": 20, ""feature_mode"": ""nested""}","{""num_groups"": 3, ""eta"": 1.0, ""update_mode"": ""softmax"", ""robust_objective"": ""weighted"", ""gamma"": 0.9, ""kl_lambda"": 0.0, ""initial_pi"": [0.15679211914539337, 0.15568950772285461, 0.6875183582305908]}",2026-09-10T06:10:26.837222,29,0.35512559113451136,0.7538632986449912,0.001,0.735665980593943,0.7139367684479027,0.649155722326454,0.7549187339606501,0.6530398322851153,"[0.7061900319829424, 0.6530398322851153, 0.7091310051703976]","[0.649155722326454, 0.7377358490566037, 0.7549187339606501]","[0.5676804132571516, 0.455484428025457, 0.4428184911624829]","[0.7446598751232336, 0.659217877094972]","[[0.6311300639658849, 0.78125], [0.7589098532494759, 0.5471698113207547], [0.7668097281831188, 0.6514522821576764]]","[533, 530, 2338]",0.7892452133938685,"[0.78125, 0.5471698113207547, 0.6514522821576764]","[0.6311300639658849, 0.7589098532494759, 0.7668097281831188]","[0.34843205574912894, 0.29441624365482233, 0.35400225479143177]","[0.7648254264392325, 0.7361259443851114, 0.8110598622414554]",0.3322835180651277,0.29441624365482233,"[0.0, 0.0, 1.0]","[0.15679211914539337, 0.15568950772285461, 0.6875183582305908]"
"{""run_name"": ""nhanes_pergroup_gdro"", ""seed"": 1337, ""run_dir"": ""runs/anchorctl2/permuted_s1337"", ""use_nhanes"": true, ""num_classes"": 2, ""stratified_batching"": true, ""train_frac"": 0.8, ""use_post_pandemic"": true, ""data_split_seed"": 100, ""batch_size"": 128, ""num_workers"": 0, ""epochs"": 100, ""early_stopping_patience"": 25, ""lr"": 0.001, ""weight_decay"": 0.0001, ""optimizer"": ""adam"", ""grad_clip"": 1.0, ""lr_scheduler"": ""cosine"", ""lr_min"": 1e-05, ""latent_dim"": 64, ""head_hidden"": 32, ""common_encoder"": false, ""groups"": [{""name"": ""survey_only"", ""encoder"": ""mlp_tabular_ln"", ""input_dim"": 10, ""hidden_dim"": 64, ""dropout"": 0.1}, {""name"": ""exam"", ""encoder"": ""mlp_tabular_ln"", ""input_dim"": 13, ""hidden_dim"": 64, ""dropout"": 0.1}, {""name"": ""vitals_labs"", ""encoder"": ""mlp_tabular_ln"", ""input_dim"": 20, ""hidden_dim"": 64, ""dropout"": 0.1}], ""anchor_eps"": 0.0001, ""sep_samples_per_class"": 4, ""sep_method"": ""classifier"", ""sep_margin"": 1.0, ""lambda_fit"": 0.1, ""lambda_sep"": 0.1, ""groupdro_enabled"": true, ""groupdro_eta"": 1.0, ""groupdro_gamma"": 0.9, ""groupdro_update_mode"": ""softmax"", ""groupdro_objective"": ""weighted"", ""groupdro_kl_lambda"": 0.0, ""groupdro_uniform_init"": false, ""log_interval"": 20, ""save_every"": 10, ""random_anchor_targets"": ""permute""}","{""num_groups"": 3, ""num_classes"": 2, ""train_total"": 13604, ""test_total"": 3401, ""train_group_counts"": [2133, 2118, 9353], ""test_group_counts"": [533, 530, 2338], ""train_class_counts"": [12174, 1430], ""test_class_counts"": [3043, 358], ""train_group_class_counts"": [[1876, 257], [1908, 210], [8390, 963]], ""test_group_class_counts"": [[469, 64], [477, 53], [2097, 241]], ""group_proportions"": [0.15679211996471626, 0.15568950308732726, 0.6875183769479565], ""group_names"": [""survey_only"", ""exam"", ""vitals_labs""], ""group_feature_counts"": {""0"": 10, ""1"": 13, ""2"": 20}, ""max_features"": 20, ""feature_mode"": ""nested""}","{""num_groups"": 3, ""eta"": 1.0, ""update_mode"": ""softmax"", ""robust_objective"": ""weighted"", ""gamma"": 0.9, ""kl_lambda"": 0.0, ""initial_pi"": [0.15679211914539337, 0.15568950772285461, 0.6875183582305908]}",2026-09-10T06:10:26.837222,30,0.34277429512603674,0.7483655274711427,0.001,0.7115554248750368,0.7395751353424594,0.6869118905047049,0.8188679245283019,0.6058700209643606,"[0.7289445628997868, 0.6058700209643606, 0.7226347855165549]","[0.7129455909943715, 0.8188679245283019, 0.6869118905047049]","[0.5016582513545689, 0.39111112425026084, 0.5497469599756083]","[0.7127834373973053, 0.7011173184357542]","[[0.7078891257995735, 0.75], [0.8721174004192872, 0.33962264150943394], [0.6776347162613257, 0.7676348547717843]]","[533, 530, 2338]",0.7761181904802119,"[0.75, 0.33962264150943394, 0.7676348547717843]","[0.7078891257995735, 0.8721174004192872, 0.6776347162613257]","[0.3855421686746988, 0.27272727272727265, 0.3357531760435572]","[0.7662413379530917, 0.7492978916973222, 0.8088654608341892]",0.3313408724818429,0.27272727272727265,"[0.0, 0.0, 1.0]","[0.15679211914539337, 0.15568950772285461, 0.6875183582305908]"
"{""run_name"": ""nhanes_pergroup_gdro"", ""seed"": 1337, ""run_dir"": ""runs/anchorctl2/permuted_s1337"", ""use_nhanes"": true, ""num_classes"": 2, ""stratified_batching"": true, ""train_frac"": 0.8, ""use_post_pandemic"": true, ""data_split_seed"": 100, ""batch_size"": 128, ""num_workers"": 0, ""epochs"": 100, ""early_stopping_patience"": 25, ""lr"": 0.001, ""weight_decay"": 0.0001, ""optimizer"": ""adam"", ""grad_clip"": 1.0, ""lr_scheduler"": ""cosine"", ""lr_min"": 1e-05, ""latent_dim"": 64, ""head_hidden"": 32, ""common_encoder"": false, ""groups"": [{""name"": ""survey_only"", ""encoder"": ""mlp_tabular_ln"", ""input_dim"": 10, ""hidden_dim"": 64, ""dropout"": 0.1}, {""name"": ""exam"", ""encoder"": ""mlp_tabular_ln"", ""input_dim"": 13, ""hidden_dim"": 64, ""dropout"": 0.1}, {""name"": ""vitals_labs"", ""encoder"": ""mlp_tabular_ln"", ""input_dim"": 20, ""hidden_dim"": 64, ""dropout"": 0.1}], ""anchor_eps"": 0.0001, ""sep_samples_per_class"": 4, ""sep_method"": ""classifier"", ""sep_margin"": 1.0, ""lambda_fit"": 0.1, ""lambda_sep"": 0.1, ""groupdro_enabled"": true, ""groupdro_eta"": 1.0, ""groupdro_gamma"": 0.9, ""groupdro_update_mode"": ""softmax"", ""groupdro_objective"": ""weighted"", ""groupdro_kl_lambda"": 0.0, ""groupdro_uniform_init"": false, ""log_interval"": 20, ""save_every"": 10, ""random_anchor_targets"": ""permute""}","{""num_groups"": 3, ""num_classes"": 2, ""train_total"": 13604, ""test_total"": 3401, ""train_group_counts"": [2133, 2118, 9353], ""test_group_counts"": [533, 530, 2338], ""train_class_counts"": [12174, 1430], ""test_class_counts"": [3043, 358], ""train_group_class_counts"": [[1876, 257], [1908, 210], [8390, 963]], ""test_group_class_counts"": [[469, 64], [477, 53], [2097, 241]], ""group_proportions"": [0.15679211996471626, 0.15568950308732726, 0.6875183769479565], ""group_names"": [""survey_only"", ""exam"", ""vitals_labs""], ""group_feature_counts"": {""0"": 10, ""1"": 13, ""2"": 20}, ""max_features"": 20, ""feature_mode"": ""nested""}","{""num_groups"": 3, ""eta"": 1.0, ""update_mode"": ""softmax"", ""robust_objective"": ""weighted"", ""gamma"": 0.9, ""kl_lambda"": 0.0, ""initial_pi"": [0.15679211914539337, 0.15568950772285461, 0.6875183582305908]}",2026-09-10T06:10:26.837222,31,0.36088245296062016,0.7487369984786897,0.001,0.7330197000882094,0.7256684902699821,0.7110694183864915,0.7395209580838323,0.6635220125786163,"[0.7278784648187633, 0.6635220125786163, 0.7170735906066165]","[0.7110694183864915, 0.7264150943396226, 0.7395209580838323]","[0.5346791575651106, 0.48135403110511177, 0.4539265343287029]","[0.7387446598751233, 0.6843575418994413]","[[0.7057569296375267, 0.75], [0.7421383647798742, 0.5849056603773585], [0.7453505007153076, 0.6887966804979253]]","[533, 530, 2338]",0.7869379673469838,"[0.75, 0.5849056603773585, 0.6887966804979253]","[0.7057569296375267, 0.7421383647798742, 0.7453505007153076]","[0.384, 0.2995169082125604, 0.3528161530286929]","[0.7654084488272921, 0.7467663462679484, 0.8071301226609047]",0.34544435374708443,0.2995169082125604,"[0.0, 0.0, 1.0]","[0.15679211914539337, 0.15568950772285461, 0.6875183582305908]"
"{""run_name"": ""nhanes_pergroup_gdro"", ""seed"": 1337, ""run_dir"": ""runs/anchorctl2/permuted_s1337"", ""use_nhanes"": true, ""num_classes"": 2, ""stratified_batching"": true, ""train_frac"": 0.8, ""use_post_pandemic"": true, ""data_split_seed"": 100, ""batch_size"": 128, ""num_workers"": 0, ""epochs"": 100, ""early_stopping_patience"": 25, ""lr"": 0.001, ""weight_decay"": 0.0001, ""optimizer"": ""adam"", ""grad_clip"": 1.0, ""lr_scheduler"": ""cosine"", ""lr_min"": 1e-05, ""latent_dim"": 64, ""head_hidden"": 32, ""common_encoder"": false, ""groups"": [{""name"": ""survey_only"", ""encoder"": ""mlp_tabular_ln"", ""input_dim"": 10, ""hidden_dim"": 64, ""dropout"": 0.1}, {""name"": ""exam"", ""encoder"": ""mlp_tabular_ln"", ""input_dim"": 13, ""hidden_dim"": 64, ""dropout"": 0.1}, {""name"": ""vitals_labs"", ""encoder"": ""mlp_tabular_ln"", ""input_dim"": 20, ""hidden_dim"": 64, ""dropout"": 0.1}], ""anchor_eps"": 0.0001, ""sep_samples_per_class"": 4, ""sep_method"": ""classifier"", ""sep_margin"": 1.0, ""lambda_fit"": 0.1, ""lambda_sep"": 0.1, ""groupdro_enabled"": true, ""groupdro_eta"": 1.0, ""groupdro_gamma"": 0.9, ""groupdro_update_mode"": ""softmax"", ""groupdro_objective"": ""weighted"", ""groupdro_kl_lambda"": 0.0, ""groupdro_uniform_init"": false, ""log_interval"": 20, ""save_every"": 10, ""random_anchor_targets"": ""permute""}","{""num_groups"": 3, ""num_classes"": 2, ""train_total"": 13604, ""test_total"": 3401, ""train_group_counts"": [2133, 2118, 9353], ""test_group_counts"": [533, 530, 2338], ""train_class_counts"": [12174, 1430], ""test_class_counts"": [3043, 358], ""train_group_class_counts"": [[1876, 257], [1908, 210], [8390, 963]], ""test_group_class_counts"": [[469, 64], [477, 53], [2097, 241]], ""group_proportions"": [0.15679211996471626, 0.15568950308732726, 0.6875183769479565], ""group_names"": [""survey_only"", ""exam"", ""vitals_labs""], ""group_feature_counts"": {""0"": 10, ""1"": 13, ""2"": 20}, ""max_features"": 20, ""feature_mode"": ""nested""}","{""num_groups"": 3, ""eta"": 1.0, ""update_mode"": ""softmax"", ""robust_objective"": ""weighted"", ""gamma"": 0.9, ""kl_lambda"": 0.0, ""initial_pi"": [0.15679211914539337, 0.15568950772285461, 0.6875183582305908]}",2026-09-10T06:10:26.837222,32,0.3613557000338677,0.7439078751857355,0.001,0.7133196118788592,0.7151823881403838,0.6904315196998124,0.7433962264150943,0.6394129979035639,"[0.7094049840085288, 0.6394129979035639, 0.7327915595684014]","[0.6904315196998124, 0.7433962264150943, 0.7117194183062446]","[0.5174142645753215, 0.4682371964127941, 0.4994736134262944]","[0.7127834373973053, 0.7178770949720671]","[[0.6844349680170576, 0.734375], [0.7693920335429769, 0.5094339622641509], [0.7062470195517406, 0.7593360995850622]]","[533, 530, 2338]",0.7850910689796345,"[0.734375, 0.5094339622641509, 0.7593360995850622]","[0.6844349680170576, 0.7693920335429769, 0.7062470195517406]","[0.36293436293436293, 0.28421052631578947, 0.35192307692307695]","[0.7666078091684434, 0.7373917170997983, 0.8101041400776055]",0.33302265539107645,0.28421052631578947,"[0.0, 0.0, 1.0]","[0.15679211914539337, 0.15568950772285461, 0.6875183582305908]"
"{""run_name"": ""nhanes_pergroup_gdro"", ""seed"": 1337, ""run_dir"": ""runs/anchorctl2/permuted_s1337"", ""use_nhanes"": true, ""num_classes"": 2, ""stratified_batching"": true, ""train_frac"": 0.8, ""use_post_pandemic"": true, ""data_split_seed"": 100, ""batch_size"": 128, ""num_workers"": 0, ""epochs"": 100, ""early_stopping_patience"": 25, ""lr"": 0.001, ""weight_decay"": 0.0001, ""optimizer"": ""adam"", ""grad_clip"": 1.0, ""lr_scheduler"": ""cosine"", ""lr_min"": 1e-05, ""latent_dim"": 64, ""head_hidden"": 32, ""common_encoder"": false, ""groups"": [{""name"": ""survey_only"", ""encoder"": ""mlp_tabular_ln"", ""input_dim"": 10, ""hidden_dim"": 64, ""dropout"": 0.1}, {""name"": ""exam"", ""encoder"": ""mlp_tabular_ln"", ""input_dim"": 13, ""hidden_dim"": 64, ""dropout"": 0.1}, {""name"": ""vitals_labs"", ""encoder"": ""mlp_tabular_ln"", ""input_dim"": 20, ""hidden_dim"": 64, ""dropout"": 0.1}], ""anchor_eps"": 0.0001, ""sep_samples_per_class"": 4, ""sep_method"": ""classifier"", ""sep_margin"": 1.0, ""lambda_fit"": 0.1, ""lambda_sep"": 0.1, ""groupdro_enabled"": true, ""groupdro_eta"": 1.0, ""groupdro_gamma"": 0.9, ""groupdro_update_mode"": ""softmax"", ""groupdro_objective"": ""weighted"", ""groupdro_kl_lambda"": 0.0, ""groupdro_uniform_init"": false, ""log_interval"": 20, ""save_every"": 10, ""random_anchor_targets"": ""permute""}","{""num_groups"": 3, ""num_classes"": 2, ""train_total"": 13604, ""test_total"": 3401, ""train_group_counts"": [2133, 2118, 9353], ""test_group_counts"": [533, 530, 2338], ""train_class_counts"": [12174, 1430], ""test_class_counts"": [3043, 358], ""train_group_class_counts"": [[1876, 257], [1908, 210], [8390, 963]], ""test_group_class_counts"": [[469, 64], [477, 53], [2097, 241]], ""group_proportions"": [0.15679211996471626, 0.15568950308732726, 0.6875183769479565], ""group_names"": [""survey_only"", ""exam"", ""vitals_labs""], ""group_feature_counts"": {""0"": 10, ""1"": 13, ""2"": 20}, ""max_features"": 20, ""feature_mode"": ""nested""}","{""num_groups"": 3, ""eta"": 1.0, ""update_mode"": ""softmax"", ""robust_objective"": ""weighted"", ""gamma"": 0.9, ""kl_lambda"": 0.0, ""initial_pi"": [0.15679211914539337, 0.15568950772285461, 0.6875183582305908]}",2026-09-10T06:10:26.837222,33,0.3478413460542341,0.7612927191679049,0.001,0.7006762716847986,0.6926217908014095,0.6341463414634146,0.7358490566037735,0.6841684434968017,"[0.6841684434968017, 0.6855345911949685, 0.7233006250779122]","[0.6341463414634146, 0.7358490566037735, 0.7078699743370402]","[0.5646120491137293, 0.4558693374612562, 0.5254134449620242]","[0.6976667762076898, 0.7262569832402235]","[[0.6183368869936035, 0.75], [0.7484276729559748, 0.6226415094339622], [0.703862660944206, 0.7427385892116183]]","[533, 530, 2338]",0.7866359645821439,"[0.75, 0.6226415094339622, 0.7427385892116183]","[0.6183368869936035, 0.7484276729559748, 0.703862660944206]","[0.3298969072164949, 0.32038834951456313, 0.3439000960614793]","[0.7552805170575693, 0.7559431984494285, 0.8107986710910864]",0.33139511759751245,0.32038834951456313,"[0.0, 0.0, 1.0]","[0.15679211914539337, 0.15568950772285461, 0.6875183582305908]"
"{""run_name"": ""nhanes_pergroup_gdro"", ""seed"": 1337, ""run_dir"": ""runs/anchorctl2/permuted_s1337"", ""use_nhanes"": true, ""num_classes"": 2, ""stratified_batching"": true, ""train_frac"": 0.8, ""use_post_pandemic"": true, ""data_split_seed"": 100, ""batch_size"": 128, ""num_workers"": 0, ""epochs"": 100, ""early_stopping_patience"": 25, ""lr"": 0.001, ""weight_decay"": 0.0001, ""optimizer"": ""adam"", ""grad_clip"": 1.0, ""lr_scheduler"": ""cosine"", ""lr_min"": 1e-05, ""latent_dim"": 64, ""head_hidden"": 32, ""common_encoder"": false, ""groups"": [{""name"": ""survey_only"", ""encoder"": ""mlp_tabular_ln"", ""input_dim"": 10, ""hidden_dim"": 64, ""dropout"": 0.1}, {""name"": ""exam"", ""encoder"": ""mlp_tabular_ln"", ""input_dim"": 13, ""hidden_dim"": 64, ""dropout"": 0.1}, {""name"": ""vitals_labs"", ""encoder"": ""mlp_tabular_ln"", ""input_dim"": 20, ""hidden_dim"": 64, ""dropout"": 0.1}], ""anchor_eps"": 0.0001, ""sep_samples_per_class"": 4, ""sep_method"": ""classifier"", ""sep_margin"": 1.0, ""lambda_fit"": 0.1, ""lambda_sep"": 0.1, ""groupdro_enabled"": true, ""groupdro_eta"": 1.0, ""groupdro_gamma"": 0.9, ""groupdro_update_mode"": ""softmax"", ""groupdro_objective"": ""weighted"", ""groupdro_kl_lambda"": 0.0, ""groupdro_uniform_init"": false, ""log_interval"": 20, ""save_every"": 10, ""random_anchor_targets"": ""permute""}","{""num_groups"": 3, ""num_classes"": 2, ""train_total"": 13604, ""test_total"": 3401, ""train_group_counts"": [2133, 2118, 9353], ""test_group_counts"": [533, 530, 2338], ""train_class_counts"": [12174, 1430], ""test_class_counts"": [3043, 358], ""train_group_class_counts"": [[1876, 257], [1908, 210], [8390, 963]], ""test_group_class_counts"": [[469, 64], [477, 53], [2097, 241]], ""group_proportions"": [0.15679211996471626, 0.15568950308732726, 0.6875183769479565], ""group_names"": [""survey_only"", ""exam"", ""vitals_labs""], ""group_feature_counts"": {""0"": 10, ""1"": 13, ""2"": 20}, ""max_features"": 20, ""feature_mode"": ""nested""}","{""num_groups"": 3, ""eta"": 1.0, ""update_mode"": ""softmax"", ""robust_objective"": ""weighted"", ""gamma"": 0.9, ""kl_lambda"": 0.0, ""initial_pi"": [0.15679211914539337, 0.15568950772285461, 0.6875183582305908]}",2026-09-10T06:10:26.837222,34,0.34625654049926224,0.7559435364395867,0.001,0.735665980593943,0.7328941425342274,0.6547842401500938,0.8056603773584906,0.6153039832285115,"[0.6891491204690832, 0.6153039832285115, 0.716358283024356]","[0.6547842401500938, 0.8056603773584906, 0.7382378100940975]","[0.5678324785429065, 0.4042010813624349, 0.4758137047734057]","[0.7456457443312521, 0.6508379888268156]","[[0.6439232409381663, 0.734375], [0.8532494758909853, 0.37735849056603776], [0.7439198855507868, 0.6887966804979253]]","[533, 530, 2338]",0.7833639619825334,"[0.734375, 0.37735849056603776, 0.6887966804979253]","[0.6439232409381663, 0.8532494758909853, 0.7439198855507868]","[0.3381294964028777, 0.27972027972027974, 0.3516949152542373]","[0.760027985074627, 0.7440370238519046, 0.8056599330796613]",0.32318156379246493,0.27972027972027974,"[0.0, 0.0, 1.0]","[0.15679211914539337, 0.15568950772285461, 0.6875183582305908]"
"{""run_name"": ""nhanes_pergroup_gdro"", ""seed"": 1337, ""run_dir"": ""runs/anchorctl2/permuted_s1337"", ""use_nhanes"": true, ""num_classes"": 2, ""stratified_batching"": true, ""train_frac"": 0.8, ""use_post_pandemic"": true, ""data_split_seed"": 100, ""batch_size"": 128, ""num_workers"": 0, ""epochs"": 100, ""early_stopping_patience"": 25, ""lr"": 0.001, ""weight_decay"": 0.0001, ""optimizer"": ""adam"", ""grad_clip"": 1.0, ""lr_scheduler"": ""cosine"", ""lr_min"": 1e-05, ""latent_dim"": 64, ""head_hidden"": 32, ""common_encoder"": false, ""groups"": [{""name"": ""survey_only"", ""encoder"": ""mlp_tabular_ln"", ""input_dim"": 10, ""hidden_dim"": 64, ""dropout"": 0.1}, {""name"": ""exam"", ""encoder"": ""mlp_tabular_ln"", ""input_dim"": 13, ""hidden_dim"": 64, ""dropout"": 0.1}, {""name"": ""vitals_labs"", ""encoder"": ""mlp_tabular_ln"", ""input_dim"": 20, ""hidden_dim"": 64, ""dropout"": 0.1}], ""anchor_eps"": 0.0001, ""sep_samples_per_class"": 4, ""sep_method"": ""classifier"", ""sep_margin"": 1.0, ""lambda_fit"": 0.1, ""lambda_sep"": 0.1, ""groupdro_enabled"": true, ""groupdro_eta"": 1.0, ""groupdro_gamma"": 0.9, ""groupdro_update_mode"": ""softmax"", ""groupdro_objective"": ""weighted"", ""groupdro_kl_lambda"": 0.0, ""groupdro_uniform_init"": false, ""log_interval"": 20, ""save_every"": 10, ""random_anchor_targets"": ""permute""}","{""num_groups"": 3, ""num_classes"": 2, ""train_total"": 13604, ""test_total"": 3401, ""train_group_counts"": [2133, 2118, 9353], ""test_group_counts"": [533, 530, 2338], ""train_class_counts"": [12174, 1430], ""test_class_counts"": [3043, 358], ""train_group_class_counts"": [[1876, 257], [1908, 210], [8390, 963]], ""test_group_class_counts"": [[469, 64], [477, 53], [2097, 241]], ""group_proportions"": [0.15679211996471626, 0.15568950308732726, 0.6875183769479565], ""group_names"": [""survey_only"", ""exam"", ""vitals_labs""], ""group_feature_counts"": {""0"": 10, ""1"": 13, ""2"": 20}, ""max_features"": 20, ""feature_mode"": ""nested""}","{""num_groups"": 3, ""eta"": 1.0, ""update_mode"": ""softmax"", ""robust_objective"": ""weighted"", ""gamma"": 0.9, ""kl_lambda"": 0.0, ""initial_pi"": [0.15679211914539337, 0.15568950772285461, 0.6875183582305908]}",2026-09-10T06:10:26.837222,35,0.33620699598034637,0.7585438335809807,0.001,0.7421346662746251,0.7141870590451568,0.6322701688555347,0.7668947818648417,0.6561844863731656,"[0.6898487473347548, 0.6561844863731656, 0.7102984504637132]","[0.6322701688555347, 0.7433962264150943, 0.7668947818648417]","[0.6361431110760383, 0.43185886059274264, 0.4253324186884487]","[0.7532040749260598, 0.6480446927374302]","[[0.6140724946695096, 0.765625], [0.7651991614255765, 0.5471698113207547], [0.7815927515498331, 0.6390041493775933]]","[533, 530, 2338]",0.7814092054848842,"[0.765625, 0.5471698113207547, 0.6390041493775933]","[0.6140724946695096, 0.7651991614255765, 0.7815927515498331]","[0.3333333333333333, 0.29896907216494845, 0.3610785463071512]","[0.7534481609808102, 0.7608085123215063, 0.7993557284957565]",0.33112698393514434,0.29896907216494845,"[0.0, 0.0, 1.0]","[0.15679211914539337, 0.15568950772285461, 0.6875183582305908]"
"{""run_name"": ""nhanes_pergroup_gdro"", ""seed"": 1337, ""run_dir"": ""runs/anchorctl2/permuted_s1337"", ""use_nhanes"": true, ""num_classes"": 2, ""stratified_batching"": true, ""train_frac"": 0.8, ""use_post_pandemic"": true, ""data_split_seed"": 100, ""batch_size"": 128, ""num_workers"": 0, ""epochs"": 100, ""early_stopping_patience"": 25, ""lr"": 0.001, ""weight_decay"": 0.0001, ""optimizer"": ""adam"", ""grad_clip"": 1.0, ""lr_scheduler"": ""cosine"", ""lr_min"": 1e-05, ""latent_dim"": 64, ""head_hidden"": 32, ""common_encoder"": false, ""groups"": [{""name"": ""survey_only"", ""encoder"": ""mlp_tabular_ln"", ""input_dim"": 10, ""hidden_dim"": 64, ""dropout"": 0.1}, {""name"": ""exam"", ""encoder"": ""mlp_tabular_ln"", ""input_dim"": 13, ""hidden_dim"": 64, ""dropout"": 0.1}, {""name"": ""vitals_labs"", ""encoder"": ""mlp_tabular_ln"", ""input_dim"": 20, ""hidden_dim"": 64, ""dropout"": 0.1}], ""anchor_eps"": 0.0001, ""sep_samples_per_class"": 4, ""sep_method"": ""classifier"", ""sep_margin"": 1.0, ""lambda_fit"": 0.1, ""lambda_sep"": 0.1, ""groupdro_enabled"": true, ""groupdro_eta"": 1.0, ""groupdro_gamma"": 0.9, ""groupdro_update_mode"": ""softmax"", ""groupdro_objective"": ""weighted"", ""groupdro_kl_lambda"": 0.0, ""groupdro_uniform_init"": false, ""log_interval"": 20, ""save_every"": 10, ""random_anchor_targets"": ""permute""}","{""num_groups"": 3, ""num_classes"": 2, ""train_total"": 13604, ""test_total"": 3401, ""train_group_counts"": [2133, 2118, 9353], ""test_group_counts"": [533, 530, 2338], ""train_class_counts"": [12174, 1430], ""test_class_counts"": [3043, 358], ""train_group_class_counts"": [[1876, 257], [1908, 210], [8390, 963]], ""test_group_class_counts"": [[469, 64], [477, 53], [2097, 241]], ""group_proportions"": [0.15679211996471626, 0.15568950308732726, 0.6875183769479565], ""group_names"": [""survey_only"", ""exam"", ""vitals_labs""], ""group_feature_counts"": {""0"": 10, ""1"": 13, ""2"": 20}, ""max_features"": 20, ""feature_mode"": ""nested""}","{""num_groups"": 3, ""eta"": 1.0, ""update_mode"": ""softmax"", ""robust_objective"": ""weighted"", ""gamma"": 0.9, ""kl_lambda"": 0.0, ""initial_pi"": [0.15679211914539337, 0.15568950772285461, 0.6875183582305908]}",2026-09-10T06:10:26.837222,36,0.34218352159255505,0.7565378900268634,0.001,0.7424286974419289,0.7221113721440267,0.6322701688555347,0.7735849056603774,0.6477987421383649,"[0.6898487473347548, 0.6477987421383649, 0.7140669242961195]","[0.6322701688555347, 0.7735849056603774, 0.7604790419161677]","[0.5915185761362564, 0.40739150674841923, 0.4229989228511713]","[0.7532040749260598, 0.6508379888268156]","[[0.6140724946695096, 0.765625], [0.8050314465408805, 0.49056603773584906], [0.7725321888412017, 0.6556016597510373]]","[533, 530, 2338]",0.7864771606966809,"[0.765625, 0.49056603773584906, 0.6556016597510373]","[0.6140724946695096, 0.8050314465408805, 0.7725321888412017]","[0.3333333333333333, 0.3023255813953488, 0.3607305936073059]","[0.749950026652452, 0.7597800719908232, 0.8075713774073613]",0.33212983611199604,0.3023255813953488,"[0.0, 0.0, 1.0]","[0.15679211914539337, 0.15568950772285461, 0.6875183582305908]"
"{""run_name"": ""nhanes_pergroup_gdro"", ""seed"": 1337, ""run_dir"": ""runs/anchorctl2/permuted_s1337"", ""use_nhanes"": true, ""num_classes"": 2, ""stratified_batching"": true, ""train_frac"": 0.8, ""use_post_pandemic"": true, ""data_split_seed"": 100, ""batch_size"": 128, ""num_workers"": 0, ""epochs"": 100, ""early_stopping_patience"": 25, ""lr"": 0.001, ""weight_decay"": 0.0001, ""optimizer"": ""adam"", ""grad_clip"": 1.0, ""lr_scheduler"": ""cosine"", ""lr_min"": 1e-05, ""latent_dim"": 64, ""head_hidden"": 32, ""common_encoder"": false, ""groups"": [{""name"": ""survey_only"", ""encoder"": ""mlp_tabular_ln"", ""input_dim"": 10, ""hidden_dim"": 64, ""dropout"": 0.1}, {""name"": ""exam"", ""encoder"": ""mlp_tabular_ln"", ""input_dim"": 13, ""hidden_dim"": 64, ""dropout"": 0.1}, {""name"": ""vitals_labs"", ""encoder"": ""mlp_tabular_ln"", ""input_dim"": 20, ""hidden_dim"": 64, ""dropout"": 0.1}], ""anchor_eps"": 0.0001, ""sep_samples_per_class"": 4, ""sep_method"": ""classifier"", ""sep_margin"": 1.0, ""lambda_fit"": 0.1, ""lambda_sep"": 0.1, ""groupdro_enabled"": true, ""groupdro_eta"": 1.0, ""groupdro_gamma"": 0.9, ""groupdro_update_mode"": ""softmax"", ""groupdro_objective"": ""weighted"", ""groupdro_kl_lambda"": 0.0, ""groupdro_uniform_init"": false, ""log_interval"": 20, ""save_every"": 10, ""random_anchor_targets"": ""permute""}","{""num_groups"": 3, ""num_classes"": 2, ""train_total"": 13604, ""test_total"": 3401, ""train_group_counts"": [2133, 2118, 9353], ""test_group_counts"": [533, 530, 2338], ""train_class_counts"": [12174, 1430], ""test_class_counts"": [3043, 358], ""train_group_class_counts"": [[1876, 257], [1908, 210], [8390, 963]], ""test_group_class_counts"": [[469, 64], [477, 53], [2097, 241]], ""group_proportions"": [0.15679211996471626, 0.15568950308732726, 0.6875183769479565], ""group_names"": [""survey_only"", ""exam"", ""vitals_labs""], ""group_feature_counts"": {""0"": 10, ""1"": 13, ""2"": 20}, ""max_features"": 20, ""feature_mode"": ""nested""}","{""num_groups"": 3, ""eta"": 1.0, ""update_mode"": ""softmax"", ""robust_objective"": ""weighted"", ""gamma"": 0.9, ""kl_lambda"": 0.0, ""initial_pi"": [0.15679211914539337, 0.15568950772285461, 0.6875183582305908]}",2026-09-10T06:10:26.837222,37,0.33684547119794683,0.7648588410458275,0.001,0.7265510144075272,0.7071241818209916,0.6285178236397748,0.7490566037735849,0.6677148846960168,"[0.6877165511727079, 0.6677148846960168, 0.7286392138937863]","[0.6285178236397748, 0.7490566037735849, 0.743798118049615]","[0.626283472950468, 0.4543873375428721, 0.4705029276413598]","[0.7298718370029577, 0.6983240223463687]","[[0.6098081023454158, 0.765625], [0.7693920335429769, 0.5660377358490566], [0.7477348593228421, 0.7095435684647303]]","[533, 530, 2338]",0.7904913190269086,"[0.765625, 0.5660377358490566, 0.7095435684647303]","[0.6098081023454158, 0.7693920335429769, 0.7477348593228421]","[0.33108108108108103, 0.31088082901554404, 0.363443145589798]","[0.75394789445629, 0.750682330604011, 0.811253776883396]",0.33513501856214106,0.31088082901554404,"[0.0, 0.0, 1.0]","[0.15679211914539337, 0.15568950772285461, 0.6875183582305908]"
"{""run_name"": ""nhanes_pergroup_gdro"", ""seed"": 1337, ""run_dir"": ""runs/anchorctl2/permuted_s1337"", ""use_nhanes"": true, ""num_classes"": 2, ""stratified_batching"": true, ""train_frac"": 0.8, ""use_post_pandemic"": true, ""data_split_seed"": 100, ""batch_size"": 128, ""num_workers"": 0, ""epochs"": 100, ""early_stopping_patience"": 25, ""lr"": 0.001, ""weight_decay"": 0.0001, ""optimizer"": ""adam"", ""grad_clip"": 1.0, ""lr_scheduler"": ""cosine"", ""lr_min"": 1e-05, ""latent_dim"": 64, ""head_hidden"": 32, ""common_encoder"": false, ""groups"": [{""name"": ""survey_only"", ""encoder"": ""mlp_tabular_ln"", ""input_dim"": 10, ""hidden_dim"": 64, ""dropout"": 0.1}, {""name"": ""exam"", ""encoder"": ""mlp_tabular_ln"", ""input_dim"": 13, ""hidden_dim"": 64, ""dropout"": 0.1}, {""name"": ""vitals_labs"", ""encoder"": ""mlp_tabular_ln"", ""input_dim"": 20, ""hidden_dim"": 64, ""dropout"": 0.1}], ""anchor_eps"": 0.0001, ""sep_samples_per_class"": 4, ""sep_method"": ""classifier"", ""sep_margin"": 1.0, ""lambda_fit"": 0.1, ""lambda_sep"": 0.1, ""groupdro_enabled"": true, ""groupdro_eta"": 1.0, ""groupdro_gamma"": 0.9, ""groupdro_update_mode"": ""softmax"", ""groupdro_objective"": ""weighted"", ""groupdro_kl_lambda"": 0.0, ""groupdro_uniform_init"": false, ""log_interval"": 20, ""save_every"": 10, ""random_anchor_targets"": ""permute""}","{""num_groups"": 3, ""num_classes"": 2, ""train_total"": 13604, ""test_total"": 3401, ""train_group_counts"": [2133, 2118, 9353], ""test_group_counts"": [533, 530, 2338], ""train_class_counts"": [12174, 1430], ""test_class_counts"": [3043, 358], ""train_group_class_counts"": [[1876, 257], [1908, 210], [8390, 963]], ""test_group_class_counts"": [[469, 64], [477, 53], [2097, 241]], ""group_proportions"": [0.15679211996471626, 0.15568950308732726, 0.6875183769479565], ""group_names"": [""survey_only"", ""exam"", ""vitals_labs""], ""group_feature_counts"": {""0"": 10, ""1"": 13, ""2"": 20}, ""max_features"": 20, ""feature_mode"": ""nested""}","{""num_groups"": 3, ""eta"": 1.0, ""update_mode"": ""softmax"", ""robust_objective"": ""weighted"", ""gamma"": 0.9, ""kl_lambda"": 0.0, ""initial_pi"": [0.15679211914539337, 0.15568950772285461, 0.6875183582305908]}",2026-09-10T06:10:26.837222,38,0.32889280258214315,0.7629271916436228,0.001,0.7209644222287562,0.7126550941748894,0.6435272045028143,0.7660377358490567,0.6436058700209644,"[0.689498933901919, 0.6436058700209644, 0.7347455463940781]","[0.6435272045028143, 0.7660377358490567, 0.7284003421727973]","[0.5873064092638862, 0.41471730820398905, 0.4980887646333357]","[0.7226421294774893, 0.7067039106145251]","[[0.6289978678038379, 0.75], [0.7966457023060797, 0.49056603773584906], [0.7267525035765379, 0.7427385892116183]]","[533, 530, 2338]",0.782862765904714,"[0.75, 0.49056603773584906, 0.7427385892116183]","[0.6289978678038379, 0.7966457023060797, 0.7267525035765379]","[0.3356643356643357, 0.29545454545454547, 0.36052366565961735]","[0.7528318230277184, 0.7456192397452632, 0.8067917613979267]",0.33054751559283285,0.29545454545454547,"[0.0, 0.0, 1.0]","[0.15679211914539337, 0.15568950772285461, 0.6875183582305908]"
"{""run_name"": ""nhanes_pergroup_gdro"", ""seed"": 1337, ""run_dir"": ""runs/anchorctl2/permuted_s1337"", ""use_nhanes"": true, ""num_classes"": 2, ""stratified_batching"": true, ""train_frac"": 0.8, ""use_post_pandemic"": true, ""data_split_seed"": 100, ""batch_size"": 128, ""num_workers"": 0, ""epochs"": 100, ""early_stopping_patience"": 25, ""lr"": 0.001, ""weight_decay"": 0.0001, ""optimizer"": ""adam"", ""grad_clip"": 1.0, ""lr_scheduler"": ""cosine"", ""lr_min"": 1e-05, ""latent_dim"": 64, ""head_hidden"": 32, ""common_encoder"": false, ""groups"": [{""name"": ""survey_only"", ""encoder"": ""mlp_tabular_ln"", ""input_dim"": 10, ""hidden_dim"": 64, ""dropout"": 0.1}, {""name"": ""exam"", ""encoder"": ""mlp_tabular_ln"", ""input_dim"": 13, ""hidden_dim"": 64, ""dropout"": 0.1}, {""name"": ""vitals_labs"", ""encoder"": ""mlp_tabular_ln"", ""input_dim"": 20, ""hidden_dim"": 64, ""dropout"": 0.1}], ""anchor_eps"": 0.0001, ""sep_samples_per_class"": 4, ""sep_method"": ""classifier"", ""sep_margin"": 1.0, ""lambda_fit"": 0.1, ""lambda_sep"": 0.1, ""groupdro_enabled"": true, ""groupdro_eta"": 1.0, ""groupdro_gamma"": 0.9, ""groupdro_update_mode"": ""softmax"", ""groupdro_objective"": ""weighted"", ""groupdro_kl_lambda"": 0.0, ""groupdro_uniform_init"": false, ""log_interval"": 20, ""save_every"": 10, ""random_anchor_targets"": ""permute""}","{""num_groups"": 3, ""num_classes"": 2, ""train_total"": 13604, ""test_total"": 3401, ""train_group_counts"": [2133, 2118, 9353], ""test_group_counts"": [533, 530, 2338], ""train_class_counts"": [12174, 1430], ""test_class_counts"": [3043, 358], ""train_group_class_counts"": [[1876, 257], [1908, 210], [8390, 963]], ""test_group_class_counts"": [[469, 64], [477, 53], [2097, 241]], ""group_proportions"": [0.15679211996471626, 0.15568950308732726, 0.6875183769479565], ""group_names"": [""survey_only"", ""exam"", ""vitals_labs""], ""group_feature_counts"": {""0"": 10, ""1"": 13, ""2"": 20}, ""max_features"": 20, ""feature_mode"": ""nested""}","{""num_groups"": 3, ""eta"": 1.0, ""update_mode"": ""softmax"", ""robust_objective"": ""weighted"", ""gamma"": 0.9, ""kl_lambda"": 0.0, ""initial_pi"": [0.15679211914539337, 0.15568950772285461, 0.6875183582305908]}",2026-09-10T06:10:26.837222,39,0.3343530559948304,0.7568350668647845,0.001,0.7515436636283446,0.7410439898082193,0.6735459662288931,0.7886792452830189,0.6394129979035639,"[0.7133029051172708, 0.6394129979035639, 0.714305360156873]","[0.6735459662288931, 0.7886792452830189, 0.760906757912746]","[0.5306120831934901, 0.44307418770395945, 0.43165851975354724]","[0.7640486362142622, 0.6452513966480447]","[[0.6609808102345416, 0.765625], [0.8259958071278826, 0.4528301886792453], [0.7730090605627087, 0.6556016597510373]]","[533, 530, 2338]",0.7854261176397153,"[0.765625, 0.4528301886792453, 0.6556016597510373]","[0.6609808102345416, 0.8259958071278826, 0.7730090605627087]","[0.36029411764705876, 0.3, 0.36114285714285715]","[0.7594116471215351, 0.745896127526601, 0.8075377391531471]",0.34047899159663864,0.3,"[0.0, 0.0, 1.0]","[0.15679211914539337, 0.15568950772285461, 0.6875183582305908]"
"{""run_name"": ""nhanes_pergroup_gdro"", ""seed"": 1337, ""run_dir"": ""runs/anchorctl2/permuted_s1337"", ""use_nhanes"": true, ""num_classes"": 2, ""stratified_batching"": true, ""train_frac"": 0.8, ""use_post_pandemic"": true, ""data_split_seed"": 100, ""batch_size"": 128, ""num_workers"": 0, ""epochs"": 100, ""early_stopping_patience"": 25, ""lr"": 0.001, ""weight_decay"": 0.0001, ""optimizer"": ""adam"", ""grad_clip"": 1.0, ""lr_scheduler"": ""cosine"", ""lr_min"": 1e-05, ""latent_dim"": 64, ""head_hidden"": 32, ""common_encoder"": false, ""groups"": [{""name"": ""survey_only"", ""encoder"": ""mlp_tabular_ln"", ""input_dim"": 10, ""hidden_dim"": 64, ""dropout"": 0.1}, {""name"": ""exam"", ""encoder"": ""mlp_tabular_ln"", ""input_dim"": 13, ""hidden_dim"": 64, ""dropout"": 0.1}, {""name"": ""vitals_labs"", ""encoder"": ""mlp_tabular_ln"", ""input_dim"": 20, ""hidden_dim"": 64, ""dropout"": 0.1}], ""anchor_eps"": 0.0001, ""sep_samples_per_class"": 4, ""sep_method"": ""classifier"", ""sep_margin"": 1.0, ""lambda_fit"": 0.1, ""lambda_sep"": 0.1, ""groupdro_enabled"": true, ""groupdro_eta"": 1.0, ""groupdro_gamma"": 0.9, ""groupdro_update_mode"": ""softmax"", ""groupdro_objective"": ""weighted"", ""groupdro_kl_lambda"": 0.0, ""groupdro_uniform_init"": false, ""log_interval"": 20, ""save_every"": 10, ""random_anchor_targets"": ""permute""}","{""num_groups"": 3, ""num_classes"": 2, ""train_total"": 13604, ""test_total"": 3401, ""train_group_counts"": [2133, 2118, 9353], ""test_group_counts"": [533, 530, 2338], ""train_class_counts"": [12174, 1430], ""test_class_counts"": [3043, 358], ""train_group_class_counts"": [[1876, 257], [1908, 210], [8390, 963]], ""test_group_class_counts"": [[469, 64], [477, 53], [2097, 241]], ""group_proportions"": [0.15679211996471626, 0.15568950308732726, 0.6875183769479565], ""group_names"": [""survey_only"", ""exam"", ""vitals_labs""], ""group_feature_counts"": {""0"": 10, ""1"": 13, ""2"": 20}, ""max_features"": 20, ""feature_mode"": ""nested""}","{""num_groups"": 3, ""eta"": 1.0, ""update_mode"": ""softmax"", ""robust_objective"": ""weighted"", ""gamma"": 0.9, ""kl_lambda"": 0.0, ""initial_pi"": [0.15679211914539337, 0.15568950772285461, 0.6875183582305908]}",2026-09-10T06:10:26.837222,40,0.32757604853436906,0.761515601800774,0.001,0.7297853572478683,0.7184125702868246,0.6322701688555347,0.7830188679245284,0.6278825995807128,"[0.6898487473347548, 0.6278825995807128, 0.7154757735314429]","[0.6322701688555347, 0.7830188679245284, 0.7399486740804107]","[0.5860017108669051, 0.4168008302699199, 0.45797658856757784]","[0.7377587906671048, 0.6620111731843575]","[[0.6140724946695096, 0.765625], [0.8218029350104822, 0.4339622641509434], [0.7463042441583214, 0.6846473029045643]]","[533, 530, 2338]",0.782517619887754,"[0.765625, 0.4339622641509434, 0.6846473029045643]","[0.6140724946695096, 0.8218029350104822, 0.7463042441583214]","[0.3333333333333333, 0.28571428571428575, 0.35181236673773986]","[0.7520655650319829, 0.7359677227957755, 0.8069619313898337]",0.3236199952617863,0.28571428571428575,"[0.0, 0.0, 1.0]","[0.15679211914539337, 0.15568950772285461, 0.6875183582305908]"
"{""run_name"": ""nhanes_pergroup_gdro"", ""seed"": 1337, ""run_dir"": ""runs/anchorctl2/permuted_s1337"", ""use_nhanes"": true, ""num_classes"": 2, ""stratified_batching"": true, ""train_frac"": 0.8, ""use_post_pandemic"": true, ""data_split_seed"": 100, ""batch_size"": 128, ""num_workers"": 0, ""epochs"": 100, ""early_stopping_patience"": 25, ""lr"": 0.001, ""weight_decay"": 0.0001, ""optimizer"": ""adam"", ""grad_clip"": 1.0, ""lr_scheduler"": ""cosine"", ""lr_min"": 1e-05, ""latent_dim"": 64, ""head_hidden"": 32, ""common_encoder"": false, ""groups"": [{""name"": ""survey_only"", ""encoder"": ""mlp_tabular_ln"", ""input_dim"": 10, ""hidden_dim"": 64, ""dropout"": 0.1}, {""name"": ""exam"", ""encoder"": ""mlp_tabular_ln"", ""input_dim"": 13, ""hidden_dim"": 64, ""dropout"": 0.1}, {""name"": ""vitals_labs"", ""encoder"": ""mlp_tabular_ln"", ""input_dim"": 20, ""hidden_dim"": 64, ""dropout"": 0.1}], ""anchor_eps"": 0.0001, ""sep_samples_per_class"": 4, ""sep_method"": ""classifier"", ""sep_margin"": 1.0, ""lambda_fit"": 0.1, ""lambda_sep"": 0.1, ""groupdro_enabled"": true, ""groupdro_eta"": 1.0, ""groupdro_gamma"": 0.9, ""groupdro_update_mode"": ""softmax"", ""groupdro_objective"": ""weighted"", ""groupdro_kl_lambda"": 0.0, ""groupdro_uniform_init"": false, ""log_interval"": 20, ""save_every"": 10, ""random_anchor_targets"": ""permute""}","{""num_groups"": 3, ""num_classes"": 2, ""train_total"": 13604, ""test_total"": 3401, ""train_group_counts"": [2133, 2118, 9353], ""test_group_counts"": [533, 530, 2338], ""train_class_counts"": [12174, 1430], ""test_class_counts"": [3043, 358], ""train_group_class_counts"": [[1876, 257], [1908, 210], [8390, 963]], ""test_group_class_counts"": [[469, 64], [477, 53], [2097, 241]], ""group_proportions"": [0.15679211996471626, 0.15568950308732726, 0.6875183769479565], ""group_names"": [""survey_only"", ""exam"", ""vitals_labs""], ""group_feature_counts"": {""0"": 10, ""1"": 13, ""2"": 20}, ""max_features"": 20, ""feature_mode"": ""nested""}","{""num_groups"": 3, ""eta"": 1.0, ""update_mode"": ""softmax"", ""robust_objective"": ""weighted"", ""gamma"": 0.9, ""kl_lambda"": 0.0, ""initial_pi"": [0.15679211914539337, 0.15568950772285461, 0.6875183582305908]}",2026-09-10T06:10:26.837222,41,0.31472385923570523,0.7674591382226477,0.001,0.725668920905616,0.7342667007155793,0.7091932457786116,0.7754716981132076,0.6320754716981132,"[0.7065731609808102, 0.6320754716981132, 0.7290230857359952]","[0.7091932457786116, 0.7754716981132076, 0.7181351582549187]","[0.4970112943932585, 0.4363344099951476, 0.511813741197138]","[0.7295432139336181, 0.6927374301675978]","[[0.7100213219616205, 0.703125], [0.8113207547169812, 0.4528301886792453], [0.7153075822603719, 0.7427385892116183]]","[533, 530, 2338]",0.774662335206546,"[0.703125, 0.4528301886792453, 0.7427385892116183]","[0.7100213219616205, 0.8113207547169812, 0.7153075822603719]","[0.3673469387755102, 0.2874251497005988, 0.352015732546706]","[0.7553138326226013, 0.7406748150785175, 0.7997593875463268]",0.3355959403409383,0.2874251497005988,"[0.0, 0.0, 1.0]","[0.15679211914539337, 0.15568950772285461, 0.6875183582305908]"
"{""run_name"": ""nhanes_pergroup_gdro"", ""seed"": 1337, ""run_dir"": ""runs/anchorctl2/permuted_s1337"", ""use_nhanes"": true, ""num_classes"": 2, ""stratified_batching"": true, ""train_frac"": 0.8, ""use_post_pandemic"": true, ""data_split_seed"": 100, ""batch_size"": 128, ""num_workers"": 0, ""epochs"": 100, ""early_stopping_patience"": 25, ""lr"": 0.001, ""weight_decay"": 0.0001, ""optimizer"": ""adam"", ""grad_clip"": 1.0, ""lr_scheduler"": ""cosine"", ""lr_min"": 1e-05, ""latent_dim"": 64, ""head_hidden"": 32, ""common_encoder"": false, ""groups"": [{""name"": ""survey_only"", ""encoder"": ""mlp_tabular_ln"", ""input_dim"": 10, ""hidden_dim"": 64, ""dropout"": 0.1}, {""name"": ""exam"", ""encoder"": ""mlp_tabular_ln"", ""input_dim"": 13, ""hidden_dim"": 64, ""dropout"": 0.1}, {""name"": ""vitals_labs"", ""encoder"": ""mlp_tabular_ln"", ""input_dim"": 20, ""hidden_dim"": 64, ""dropout"": 0.1}], ""anchor_eps"": 0.0001, ""sep_samples_per_class"": 4, ""sep_method"": ""classifier"", ""sep_margin"": 1.0, ""lambda_fit"": 0.1, ""lambda_sep"": 0.1, ""groupdro_enabled"": true, ""groupdro_eta"": 1.0, ""groupdro_gamma"": 0.9, ""groupdro_update_mode"": ""softmax"", ""groupdro_objective"": ""weighted"", ""groupdro_kl_lambda"": 0.0, ""groupdro_uniform_init"": false, ""log_interval"": 20, ""save_every"": 10, ""random_anchor_targets"": ""permute""}","{""num_groups"": 3, ""num_classes"": 2, ""train_total"": 13604, ""test_total"": 3401, ""train_group_counts"": [2133, 2118, 9353], ""test_group_counts"": [533, 530, 2338], ""train_class_counts"": [12174, 1430], ""test_class_counts"": [3043, 358], ""train_group_class_counts"": [[1876, 257], [1908, 210], [8390, 963]], ""test_group_class_counts"": [[469, 64], [477, 53], [2097, 241]], ""group_proportions"": [0.15679211996471626, 0.15568950308732726, 0.6875183769479565], ""group_names"": [""survey_only"", ""exam"", ""vitals_labs""], ""group_feature_counts"": {""0"": 10, ""1"": 13, ""2"": 20}, ""max_features"": 20, ""feature_mode"": ""nested""}","{""num_groups"": 3, ""eta"": 1.0, ""update_mode"": ""softmax"", ""robust_objective"": ""weighted"", ""gamma"": 0.9, ""kl_lambda"": 0.0, ""initial_pi"": [0.15679211914539337, 0.15568950772285461, 0.6875183582305908]}",2026-09-10T06:10:26.837222,42,0.32729115808413073,0.7630014858486748,0.001,0.7250808585710086,0.7209206675779284,0.6716697936210131,0.7622641509433963,0.6750524109014675,"[0.7054904051172708, 0.6750524109014675, 0.7239664646392693]","[0.6716697936210131, 0.7622641509433963, 0.7288280581693756]","[0.5408233769540391, 0.4419073616721879, 0.4857139232200674]","[0.7279000985869208, 0.7011173184357542]","[[0.6609808102345416, 0.75], [0.7840670859538784, 0.5660377358490566], [0.7300906056270863, 0.7178423236514523]]","[533, 530, 2338]",0.7771765770694532,"[0.75, 0.5660377358490566, 0.7178423236514523]","[0.6609808102345416, 0.7840670859538784, 0.7300906056270863]","[0.35424354243542433, 0.3225806451612903, 0.3530612244897959]","[0.7332922441364605, 0.7500494442466674, 0.803435850859853]",0.34329513736217016,0.3225806451612903,"[0.0, 0.0, 1.0]","[0.15679211914539337, 0.15568950772285461, 0.6875183582305908]"
"{""run_name"": ""nhanes_pergroup_gdro"", ""seed"": 1337, ""run_dir"": ""runs/anchorctl2/permuted_s1337"", ""use_nhanes"": true, ""num_classes"": 2, ""stratified_batching"": true, ""train_frac"": 0.8, ""use_post_pandemic"": true, ""data_split_seed"": 100, ""batch_size"": 128, ""num_workers"": 0, ""epochs"": 100, ""early_stopping_patience"": 25, ""lr"": 0.001, ""weight_decay"": 0.0001, ""optimizer"": ""adam"", ""grad_clip"": 1.0, ""lr_scheduler"": ""cosine"", ""lr_min"": 1e-05, ""latent_dim"": 64, ""head_hidden"": 32, ""common_encoder"": false, ""groups"": [{""name"": ""survey_only"", ""encoder"": ""mlp_tabular_ln"", ""input_dim"": 10, ""hidden_dim"": 64, ""dropout"": 0.1}, {""name"": ""exam"", ""encoder"": ""mlp_tabular_ln"", ""input_dim"": 13, ""hidden_dim"": 64, ""dropout"": 0.1}, {""name"": ""vitals_labs"", ""encoder"": ""mlp_tabular_ln"", ""input_dim"": 20, ""hidden_dim"": 64, ""dropout"": 0.1}], ""anchor_eps"": 0.0001, ""sep_samples_per_class"": 4, ""sep_method"": ""classifier"", ""sep_margin"": 1.0, ""lambda_fit"": 0.1, ""lambda_sep"": 0.1, ""groupdro_enabled"": true, ""groupdro_eta"": 1.0, ""groupdro_gamma"": 0.9, ""groupdro_update_mode"": ""softmax"", ""groupdro_objective"": ""weighted"", ""groupdro_kl_lambda"": 0.0, ""groupdro_uniform_init"": false, ""log_interval"": 20, ""save_every"": 10, ""random_anchor_targets"": ""permute""}","{""num_groups"": 3, ""num_classes"": 2, ""train_total"": 13604, ""test_total"": 3401, ""train_group_counts"": [2133, 2118, 9353], ""test_group_counts"": [533, 530, 2338], ""train_class_counts"": [12174, 1430], ""test_class_counts"": [3043, 358], ""train_group_class_counts"": [[1876, 257], [1908, 210], [8390, 963]], ""test_group_class_counts"": [[469, 64], [477, 53], [2097, 241]], ""group_proportions"": [0.15679211996471626, 0.15568950308732726, 0.6875183769479565], ""group_names"": [""survey_only"", ""exam"", ""vitals_labs""], ""group_feature_counts"": {""0"": 10, ""1"": 13, ""2"": 20}, ""max_features"": 20, ""feature_mode"": ""nested""}","{""num_groups"": 3, ""eta"": 1.0, ""update_mode"": ""softmax"", ""robust_objective"": ""weighted"", ""gamma"": 0.9, ""kl_lambda"": 0.0, ""initial_pi"": [0.15679211914539337, 0.15568950772285461, 0.6875183582305908]}",2026-09-10T06:10:26.837222,43,0.32554688159968664,0.761515601800774,0.001,0.7350779182593354,0.7229561610761476,0.6153846153846154,0.8075471698113208,0.6582809224318658,"[0.6870002665245203, 0.6582809224318658, 0.7224863814538454]","[0.6153846153846154, 0.8075471698113208, 0.7459366980325064]","[0.6260765807883986, 0.4009026093157651, 0.4582743668781157]","[0.7420308905685179, 0.6759776536312849]","[[0.5927505330490405, 0.78125], [0.8448637316561844, 0.4716981132075472], [0.7520267048164044, 0.6929460580912863]]","[533, 530, 2338]",0.7795485379945181,"[0.78125, 0.4716981132075472, 0.6929460580912863]","[0.5927505330490405, 0.8448637316561844, 0.7520267048164044]","[0.32786885245901637, 0.32894736842105265, 0.3599137931034483]","[0.7452858475479746, 0.7497330010679958, 0.8016925978032241]",0.33891000466117244,0.32786885245901637,"[0.0, 0.0, 1.0]","[0.15679211914539337, 0.15568950772285461, 0.6875183582305908]"
"{""run_name"": ""nhanes_pergroup_gdro"", ""seed"": 1337, ""run_dir"": ""runs/anchorctl2/permuted_s1337"", ""use_nhanes"": true, ""num_classes"": 2, ""stratified_batching"": true, ""train_frac"": 0.8, ""use_post_pandemic"": true, ""data_split_seed"": 100, ""batch_size"": 128, ""num_workers"": 0, ""epochs"": 100, ""early_stopping_patience"": 25, ""lr"": 0.001, ""weight_decay"": 0.0001, ""optimizer"": ""adam"", ""grad_clip"": 1.0, ""lr_scheduler"": ""cosine"", ""lr_min"": 1e-05, ""latent_dim"": 64, ""head_hidden"": 32, ""common_encoder"": false, ""groups"": [{""name"": ""survey_only"", ""encoder"": ""mlp_tabular_ln"", ""input_dim"": 10, ""hidden_dim"": 64, ""dropout"": 0.1}, {""name"": ""exam"", ""encoder"": ""mlp_tabular_ln"", ""input_dim"": 13, ""hidden_dim"": 64, ""dropout"": 0.1}, {""name"": ""vitals_labs"", ""encoder"": ""mlp_tabular_ln"", ""input_dim"": 20, ""hidden_dim"": 64, ""dropout"": 0.1}], ""anchor_eps"": 0.0001, ""sep_samples_per_class"": 4, ""sep_method"": ""classifier"", ""sep_margin"": 1.0, ""lambda_fit"": 0.1, ""lambda_sep"": 0.1, ""groupdro_enabled"": true, ""groupdro_eta"": 1.0, ""groupdro_gamma"": 0.9, ""groupdro_update_mode"": ""softmax"", ""groupdro_objective"": ""weighted"", ""groupdro_kl_lambda"": 0.0, ""groupdro_uniform_init"": false, ""log_interval"": 20, ""save_every"": 10, ""random_anchor_targets"": ""permute""}","{""num_groups"": 3, ""num_classes"": 2, ""train_total"": 13604, ""test_total"": 3401, ""train_group_counts"": [2133, 2118, 9353], ""test_group_counts"": [533, 530, 2338], ""train_class_counts"": [12174, 1430], ""test_class_counts"": [3043, 358], ""train_group_class_counts"": [[1876, 257], [1908, 210], [8390, 963]], ""test_group_class_counts"": [[469, 64], [477, 53], [2097, 241]], ""group_proportions"": [0.15679211996471626, 0.15568950308732726, 0.6875183769479565], ""group_names"": [""survey_only"", ""exam"", ""vitals_labs""], ""group_feature_counts"": {""0"": 10, ""1"": 13, ""2"": 20}, ""max_features"": 20, ""feature_mode"": ""nested""}","{""num_groups"": 3, ""eta"": 1.0, ""update_mode"": ""softmax"", ""robust_objective"": ""weighted"", ""gamma"": 0.9, ""kl_lambda"": 0.0, ""initial_pi"": [0.15679211914539337, 0.15568950772285461, 0.6875183582305908]}",2026-09-10T06:10:26.837222,44,0.31622726868569606,0.7664190192987802,0.001,0.7133196118788592,0.7045143536627205,0.6735459662288931,0.7211291702309667,0.6509433962264151,"[0.7065565031982942, 0.6509433962264151, 0.7306921367612693]","[0.6735459662288931, 0.7188679245283018, 0.7211291702309667]","[0.5589296370930904, 0.5196044944414887, 0.5145171379083295]","[0.7127834373973053, 0.7178770949720671]","[[0.6631130063965884, 0.75], [0.7358490566037735, 0.5660377358490566], [0.7186456843109204, 0.7427385892116183]]","[533, 530, 2338]",0.7809479398638142,"[0.75, 0.5660377358490566, 0.7427385892116183]","[0.6631130063965884, 0.7358490566037735, 0.7186456843109204]","[0.35555555555555557, 0.2870813397129187, 0.3544554455445545]","[0.7492004264392326, 0.740041928721174, 0.8048526149785208]",0.3323641136043429,0.2870813397129187,"[0.0, 0.0, 1.0]","[0.15679211914539337, 0.15568950772285461, 0.6875183582305908]"
