config,dataset_info,groupdro_config,start_time,epoch,train_loss,train_acc,learning_rate,test_overall_acc,test_balanced_acc,test_worst_group_acc,test_best_group_acc,test_per_group_acc,test_per_group_loss,test_per_class_acc,test_per_group_per_class_acc,test_per_group_counts,test_overall_macro_f1,test_per_group_f1,test_worst_group_f1,test_worst_group_loss,val_overall_acc,val_balanced_acc,val_worst_group_acc,val_best_group_acc,val_per_group_acc,val_per_group_loss,val_per_class_acc,val_per_group_per_class_acc,val_per_group_counts,val_overall_macro_f1,val_per_group_f1,val_worst_group_f1,val_worst_group_loss,groupdro_weights,train_per_group_loss,groupdro_weights_mean,groupdro_pi,groupdro_kl_penalty
"{""run_name"": ""fedheart_exp_paper_hetagg_gdro"", ""seed"": 7, ""run_dir"": ""runs/fedheart_uncapped/Shared_Anchors_GDRO_s7_f1"", ""use_fedheart"": true, ""num_classes"": 2, ""stratified_batching"": true, ""train_frac"": 0.8, ""group_max_train_samples"": null, ""true_hetero_input_dim"": true, ""feature_mask"": [[0, 1, 2, 3, 5, 6, 7, 8, 9, 10], [0, 1, 2, 3, 5, 6, 11, 12], [0, 1, 2, 4, 5, 7, 11, 12], [0, 1, 2, 4, 5, 6, 8, 9, 10]], ""batch_size"": 64, ""num_workers"": 0, ""epochs"": 100, ""early_stopping_patience"": 30, ""lr"": 0.001, ""weight_decay"": 0.0001, ""optimizer"": ""adam"", ""grad_clip"": 1.0, ""lr_scheduler"": ""cosine"", ""lr_min"": 1e-05, ""latent_dim"": 64, ""head_hidden"": 32, ""groups"": [{""name"": ""cleveland"", ""encoder"": ""mlp_tabular_ln"", ""input_dim"": 13, ""hidden_dim"": 64, ""dropout"": 0.1}, {""name"": ""hungarian"", ""encoder"": ""mlp_tabular_ln"", ""input_dim"": 13, ""hidden_dim"": 64, ""dropout"": 0.1}, {""name"": ""switzerland"", ""encoder"": ""mlp_tabular_ln"", ""input_dim"": 13, ""hidden_dim"": 64, ""dropout"": 0.1}, {""name"": ""va_long_beach"", ""encoder"": ""mlp_tabular_ln"", ""input_dim"": 13, ""hidden_dim"": 64, ""dropout"": 0.1}], ""anchor_eps"": 0.0001, ""sep_samples_per_class"": 4, ""sep_method"": ""classifier"", ""sep_margin"": 1.0, ""lambda_fit"": 0.1, ""lambda_sep"": 0.1, ""groupdro_enabled"": true, ""groupdro_eta"": 0.02, ""groupdro_gamma"": 0.9, ""groupdro_update_mode"": ""exp"", ""groupdro_objective"": ""weighted"", ""groupdro_kl_lambda"": 0.0, ""groupdro_uniform_init"": false, ""log_interval"": 20, ""save_every"": 10, ""groupdro_ema_decay"": 0.9, ""groupdro_update_every"": 1, ""dro_signal"": ""val"", ""val_frac"": 0.15, ""impute_missing"": true, ""common_encoder"": true, ""use_regret"": false, ""data_split_seed"": 1001}","{""num_groups"": 4, ""num_classes"": 2, ""train_total"": 623, ""test_total"": 185, ""train_group_counts"": [205, 199, 83, 136], ""test_group_counts"": [61, 59, 25, 40], ""train_class_counts"": [278, 345], ""test_class_counts"": [83, 102], ""train_group_class_counts"": [[111, 94], [127, 72], [5, 78], [35, 101]], ""test_group_class_counts"": [[33, 28], [38, 21], [2, 23], [10, 30]], ""group_proportions"": [0.3290529695024077, 0.31942215088282505, 0.1332263242375602, 0.21829855537720708], ""val_group_counts"": [37, 36, 15, 24], ""val_total"": 112}","{""num_groups"": 4, ""eta"": 0.02, ""update_mode"": ""exp"", ""robust_objective"": ""weighted"", ""gamma"": 0.9, ""kl_lambda"": 0.0, ""initial_pi"": [0.32905295491218567, 0.3194221556186676, 0.13322632014751434, 0.2182985544204712]}",2026-09-16T04:08:51.852823,1,3.336859623591105,0.5277777777777778,0.001,0.5513513513513514,0.6210982217282579,0.3389830508474576,0.92,"[0.47540983606557374, 0.3389830508474576, 0.92, 0.75]","[0.6882484736012631, 0.7066892193535627, 0.5896414840221404, 0.6292229034006596]","[0.012048192771084338, 0.9901960784313726]","[[0.030303030303030304, 1.0], [0.0, 0.9523809523809523], [0.0, 1.0], [0.0, 1.0]]","[61, 59, 25, 40]",0.36615067079463365,"[0.34759358288770054, 0.25316455696202533, 0.4791666666666667, 0.42857142857142855]",0.25316455696202533,0.7066892193535627,0.5714285714285714,0.6301426426426426,0.4444444444444444,0.8666666666666667,"[0.4594594594594595, 0.4444444444444444, 0.8666666666666667, 0.75]","[0.6987731972256223, 0.717632434434361, 0.6087618788083394, 0.6303339277704557]","[0.06, 0.9838709677419355]","[[0.0, 1.0], [0.13043478260869565, 1.0], [0.0, 0.9285714285714286], [0.0, 1.0]]","[37, 36, 15, 24]",0.41437908496732023,"[0.3148148148148148, 0.39799331103678925, 0.4642857142857143, 0.42857142857142855]",0.3148148148148148,0.717632434434361,"[0.3291904628276825, 0.3196761906147003, 0.13304229080677032, 0.21809107065200806]","[0.7103270159827338, 0.7424641052881876, 0.6259106132719252, 0.641924586560991]","[0.32905295491218567, 0.3194221556186676, 0.13322632014751434, 0.2182985544204712]","[0.32905295491218567, 0.3194221556186676, 0.13322632014751434, 0.2182985544204712]",0.0
"{""run_name"": ""fedheart_exp_paper_hetagg_gdro"", ""seed"": 7, ""run_dir"": ""runs/fedheart_uncapped/Shared_Anchors_GDRO_s7_f1"", ""use_fedheart"": true, ""num_classes"": 2, ""stratified_batching"": true, ""train_frac"": 0.8, ""group_max_train_samples"": null, ""true_hetero_input_dim"": true, ""feature_mask"": [[0, 1, 2, 3, 5, 6, 7, 8, 9, 10], [0, 1, 2, 3, 5, 6, 11, 12], [0, 1, 2, 4, 5, 7, 11, 12], [0, 1, 2, 4, 5, 6, 8, 9, 10]], ""batch_size"": 64, ""num_workers"": 0, ""epochs"": 100, ""early_stopping_patience"": 30, ""lr"": 0.001, ""weight_decay"": 0.0001, ""optimizer"": ""adam"", ""grad_clip"": 1.0, ""lr_scheduler"": ""cosine"", ""lr_min"": 1e-05, ""latent_dim"": 64, ""head_hidden"": 32, ""groups"": [{""name"": ""cleveland"", ""encoder"": ""mlp_tabular_ln"", ""input_dim"": 13, ""hidden_dim"": 64, ""dropout"": 0.1}, {""name"": ""hungarian"", ""encoder"": ""mlp_tabular_ln"", ""input_dim"": 13, ""hidden_dim"": 64, ""dropout"": 0.1}, {""name"": ""switzerland"", ""encoder"": ""mlp_tabular_ln"", ""input_dim"": 13, ""hidden_dim"": 64, ""dropout"": 0.1}, {""name"": ""va_long_beach"", ""encoder"": ""mlp_tabular_ln"", ""input_dim"": 13, ""hidden_dim"": 64, ""dropout"": 0.1}], ""anchor_eps"": 0.0001, ""sep_samples_per_class"": 4, ""sep_method"": ""classifier"", ""sep_margin"": 1.0, ""lambda_fit"": 0.1, ""lambda_sep"": 0.1, ""groupdro_enabled"": true, ""groupdro_eta"": 0.02, ""groupdro_gamma"": 0.9, ""groupdro_update_mode"": ""exp"", ""groupdro_objective"": ""weighted"", ""groupdro_kl_lambda"": 0.0, ""groupdro_uniform_init"": false, ""log_interval"": 20, ""save_every"": 10, ""groupdro_ema_decay"": 0.9, ""groupdro_update_every"": 1, ""dro_signal"": ""val"", ""val_frac"": 0.15, ""impute_missing"": true, ""common_encoder"": true, ""use_regret"": false, ""data_split_seed"": 1001}","{""num_groups"": 4, ""num_classes"": 2, ""train_total"": 623, ""test_total"": 185, ""train_group_counts"": [205, 199, 83, 136], ""test_group_counts"": [61, 59, 25, 40], ""train_class_counts"": [278, 345], ""test_class_counts"": [83, 102], ""train_group_class_counts"": [[111, 94], [127, 72], [5, 78], [35, 101]], ""test_group_class_counts"": [[33, 28], [38, 21], [2, 23], [10, 30]], ""group_proportions"": [0.3290529695024077, 0.31942215088282505, 0.1332263242375602, 0.21829855537720708], ""val_group_counts"": [37, 36, 15, 24], ""val_total"": 112}","{""num_groups"": 4, ""eta"": 0.02, ""update_mode"": ""exp"", ""robust_objective"": ""weighted"", ""gamma"": 0.9, ""kl_lambda"": 0.0, ""initial_pi"": [0.32905295491218567, 0.3194221556186676, 0.13322632014751434, 0.2182985544204712]}",2026-09-16T04:08:51.852823,2,2.07537141111162,0.5763888888888888,0.001,0.572972972972973,0.6400600861350375,0.3898305084745763,0.92,"[0.47540983606557374, 0.3898305084745763, 0.92, 0.775]","[0.6749411684567811, 0.6931569763159348, 0.5948880779743194, 0.6349938921630383]","[0.07228915662650602, 0.9803921568627451]","[[0.030303030303030304, 1.0], [0.07894736842105263, 0.9523809523809523], [0.0, 1.0], [0.2, 0.9666666666666667]]","[61, 59, 25, 40]",0.42435700500216633,"[0.34759358288770054, 0.33458646616541354, 0.4791666666666667, 0.5866819747416762]",0.33458646616541354,0.6931569763159348,0.6071428571428571,0.6644894894894895,0.4444444444444444,0.8666666666666667,"[0.5135135135135135, 0.4444444444444444, 0.8666666666666667, 0.8333333333333334]","[0.6826064103358501, 0.7035522643062804, 0.617945913473765, 0.6299789845943451]","[0.14, 0.9838709677419355]","[[0.1, 1.0], [0.13043478260869565, 1.0], [0.0, 0.9285714285714286], [0.3333333333333333, 1.0]]","[37, 36, 15, 24]",0.488159534690486,"[0.4178321678321678, 0.39799331103678925, 0.4642857142857143, 0.7]",0.39799331103678925,0.7035522643062804,"[0.329322874546051, 0.31992673873901367, 0.1328631490468979, 0.21788723766803741]","[0.686006592379676, 0.7136965658929613, 0.6212509208255343, 0.6391338441107008]","[0.3291904628276825, 0.3196761906147003, 0.13304229080677032, 0.21809107065200806]","[0.32905295491218567, 0.3194221556186676, 0.13322632014751434, 0.2182985544204712]",0.0
"{""run_name"": ""fedheart_exp_paper_hetagg_gdro"", ""seed"": 7, ""run_dir"": ""runs/fedheart_uncapped/Shared_Anchors_GDRO_s7_f1"", ""use_fedheart"": true, ""num_classes"": 2, ""stratified_batching"": true, ""train_frac"": 0.8, ""group_max_train_samples"": null, ""true_hetero_input_dim"": true, ""feature_mask"": [[0, 1, 2, 3, 5, 6, 7, 8, 9, 10], [0, 1, 2, 3, 5, 6, 11, 12], [0, 1, 2, 4, 5, 7, 11, 12], [0, 1, 2, 4, 5, 6, 8, 9, 10]], ""batch_size"": 64, ""num_workers"": 0, ""epochs"": 100, ""early_stopping_patience"": 30, ""lr"": 0.001, ""weight_decay"": 0.0001, ""optimizer"": ""adam"", ""grad_clip"": 1.0, ""lr_scheduler"": ""cosine"", ""lr_min"": 1e-05, ""latent_dim"": 64, ""head_hidden"": 32, ""groups"": [{""name"": ""cleveland"", ""encoder"": ""mlp_tabular_ln"", ""input_dim"": 13, ""hidden_dim"": 64, ""dropout"": 0.1}, {""name"": ""hungarian"", ""encoder"": ""mlp_tabular_ln"", ""input_dim"": 13, ""hidden_dim"": 64, ""dropout"": 0.1}, {""name"": ""switzerland"", ""encoder"": ""mlp_tabular_ln"", ""input_dim"": 13, ""hidden_dim"": 64, ""dropout"": 0.1}, {""name"": ""va_long_beach"", ""encoder"": ""mlp_tabular_ln"", ""input_dim"": 13, ""hidden_dim"": 64, ""dropout"": 0.1}], ""anchor_eps"": 0.0001, ""sep_samples_per_class"": 4, ""sep_method"": ""classifier"", ""sep_margin"": 1.0, ""lambda_fit"": 0.1, ""lambda_sep"": 0.1, ""groupdro_enabled"": true, ""groupdro_eta"": 0.02, ""groupdro_gamma"": 0.9, ""groupdro_update_mode"": ""exp"", ""groupdro_objective"": ""weighted"", ""groupdro_kl_lambda"": 0.0, ""groupdro_uniform_init"": false, ""log_interval"": 20, ""save_every"": 10, ""groupdro_ema_decay"": 0.9, ""groupdro_update_every"": 1, ""dro_signal"": ""val"", ""val_frac"": 0.15, ""impute_missing"": true, ""common_encoder"": true, ""use_regret"": false, ""data_split_seed"": 1001}","{""num_groups"": 4, ""num_classes"": 2, ""train_total"": 623, ""test_total"": 185, ""train_group_counts"": [205, 199, 83, 136], ""test_group_counts"": [61, 59, 25, 40], ""train_class_counts"": [278, 345], ""test_class_counts"": [83, 102], ""train_group_class_counts"": [[111, 94], [127, 72], [5, 78], [35, 101]], ""test_group_class_counts"": [[33, 28], [38, 21], [2, 23], [10, 30]], ""group_proportions"": [0.3290529695024077, 0.31942215088282505, 0.1332263242375602, 0.21829855537720708], ""val_group_counts"": [37, 36, 15, 24], ""val_total"": 112}","{""num_groups"": 4, ""eta"": 0.02, ""update_mode"": ""exp"", ""robust_objective"": ""weighted"", ""gamma"": 0.9, ""kl_lambda"": 0.0, ""initial_pi"": [0.32905295491218567, 0.3194221556186676, 0.13322632014751434, 0.2182985544204712]}",2026-09-16T04:08:51.852823,3,1.4913874864578247,0.5954861111111112,0.001,0.5945945945945946,0.6611735898860794,0.4406779661016949,0.92,"[0.45901639344262296, 0.4406779661016949, 0.92, 0.825]","[0.6694775448470819, 0.6859173188775273, 0.5751910364627838, 0.6262435235083104]","[0.10843373493975904, 0.9901960784313726]","[[0.0, 1.0], [0.13157894736842105, 1.0], [0.0, 1.0], [0.4, 0.9666666666666667]]","[61, 59, 25, 40]",0.461395132176546,"[0.3146067415730337, 0.39627906976744187, 0.4791666666666667, 0.7128205128205127]",0.3146067415730337,0.6859173188775273,0.6428571428571429,0.7052740240240241,0.4722222222222222,0.9333333333333333,"[0.5405405405405406, 0.4722222222222222, 0.9333333333333333, 0.875]","[0.6712672211028434, 0.704112203584777, 0.6028038958708445, 0.6162724867463112]","[0.2, 1.0]","[[0.15, 1.0], [0.17391304347826086, 1.0], [0.0, 1.0], [0.5, 1.0]]","[37, 36, 15, 24]",0.5447154471544715,"[0.46376811594202894, 0.437037037037037, 0.4827586206896552, 0.7948717948717948]",0.437037037037037,0.704112203584777,"[0.3294488489627838, 0.3201799988746643, 0.13268667459487915, 0.21768449246883392]","[0.672604156865014, 0.6954620149400499, 0.6202559669812521, 0.6391600304179721]","[0.329322874546051, 0.31992673873901367, 0.1328631490468979, 0.21788723766803741]","[0.32905295491218567, 0.3194221556186676, 0.13322632014751434, 0.2182985544204712]",0.0
"{""run_name"": ""fedheart_exp_paper_hetagg_gdro"", ""seed"": 7, ""run_dir"": ""runs/fedheart_uncapped/Shared_Anchors_GDRO_s7_f1"", ""use_fedheart"": true, ""num_classes"": 2, ""stratified_batching"": true, ""train_frac"": 0.8, ""group_max_train_samples"": null, ""true_hetero_input_dim"": true, ""feature_mask"": [[0, 1, 2, 3, 5, 6, 7, 8, 9, 10], [0, 1, 2, 3, 5, 6, 11, 12], [0, 1, 2, 4, 5, 7, 11, 12], [0, 1, 2, 4, 5, 6, 8, 9, 10]], ""batch_size"": 64, ""num_workers"": 0, ""epochs"": 100, ""early_stopping_patience"": 30, ""lr"": 0.001, ""weight_decay"": 0.0001, ""optimizer"": ""adam"", ""grad_clip"": 1.0, ""lr_scheduler"": ""cosine"", ""lr_min"": 1e-05, ""latent_dim"": 64, ""head_hidden"": 32, ""groups"": [{""name"": ""cleveland"", ""encoder"": ""mlp_tabular_ln"", ""input_dim"": 13, ""hidden_dim"": 64, ""dropout"": 0.1}, {""name"": ""hungarian"", ""encoder"": ""mlp_tabular_ln"", ""input_dim"": 13, ""hidden_dim"": 64, ""dropout"": 0.1}, {""name"": ""switzerland"", ""encoder"": ""mlp_tabular_ln"", ""input_dim"": 13, ""hidden_dim"": 64, ""dropout"": 0.1}, {""name"": ""va_long_beach"", ""encoder"": ""mlp_tabular_ln"", ""input_dim"": 13, ""hidden_dim"": 64, ""dropout"": 0.1}], ""anchor_eps"": 0.0001, ""sep_samples_per_class"": 4, ""sep_method"": ""classifier"", ""sep_margin"": 1.0, ""lambda_fit"": 0.1, ""lambda_sep"": 0.1, ""groupdro_enabled"": true, ""groupdro_eta"": 0.02, ""groupdro_gamma"": 0.9, ""groupdro_update_mode"": ""exp"", ""groupdro_objective"": ""weighted"", ""groupdro_kl_lambda"": 0.0, ""groupdro_uniform_init"": false, ""log_interval"": 20, ""save_every"": 10, ""groupdro_ema_decay"": 0.9, ""groupdro_update_every"": 1, ""dro_signal"": ""val"", ""val_frac"": 0.15, ""impute_missing"": true, ""common_encoder"": true, ""use_regret"": false, ""data_split_seed"": 1001}","{""num_groups"": 4, ""num_classes"": 2, ""train_total"": 623, ""test_total"": 185, ""train_group_counts"": [205, 199, 83, 136], ""test_group_counts"": [61, 59, 25, 40], ""train_class_counts"": [278, 345], ""test_class_counts"": [83, 102], ""train_group_class_counts"": [[111, 94], [127, 72], [5, 78], [35, 101]], ""test_group_class_counts"": [[33, 28], [38, 21], [2, 23], [10, 30]], ""group_proportions"": [0.3290529695024077, 0.31942215088282505, 0.1332263242375602, 0.21829855537720708], ""val_group_counts"": [37, 36, 15, 24], ""val_total"": 112}","{""num_groups"": 4, ""eta"": 0.02, ""update_mode"": ""exp"", ""robust_objective"": ""weighted"", ""gamma"": 0.9, ""kl_lambda"": 0.0, ""initial_pi"": [0.32905295491218567, 0.3194221556186676, 0.13322632014751434, 0.2182985544204712]}",2026-09-16T04:08:51.852823,4,1.1858462625079684,0.6215277777777778,0.001,0.654054054054054,0.7065358432898027,0.5423728813559322,0.96,"[0.5737704918032787, 0.5423728813559322, 0.96, 0.75]","[0.6587915293505935, 0.6737148468777284, 0.5765993666648864, 0.6313812710344792]","[0.2891566265060241, 0.9509803921568627]","[[0.24242424242424243, 0.9642857142857143], [0.2894736842105263, 1.0], [0.5, 1.0], [0.4, 0.8666666666666667]]","[61, 59, 25, 40]",0.5902547065337763,"[0.5279761904761904, 0.5288376220053239, 0.8226950354609929, 0.6415770609318997]",0.5279761904761904,0.6737148468777284,0.6785714285714286,0.7284534534534535,0.4444444444444444,0.9333333333333333,"[0.7027027027027027, 0.4444444444444444, 0.9333333333333333, 0.8333333333333334]","[0.6573444749857928, 0.6957903421587415, 0.6085236430168152, 0.6177446867028872]","[0.32, 0.967741935483871]","[[0.45, 1.0], [0.17391304347826086, 0.9230769230769231], [0.0, 1.0], [0.5, 0.9444444444444444]]","[37, 36, 15, 24]",0.6199095022624435,"[0.6881226053639846, 0.41558441558441556, 0.4827586206896552, 0.7473684210526316]",0.41558441558441556,0.6957903421587415,"[0.3295639157295227, 0.3204343318939209, 0.1325157731771469, 0.21748602390289307]","[0.6656770706176758, 0.6890762249628702, 0.6140027973386977, 0.6378941999541389]","[0.3294488489627838, 0.3201799988746643, 0.13268667459487915, 0.21768449246883392]","[0.32905295491218567, 0.3194221556186676, 0.13322632014751434, 0.2182985544204712]",0.0
"{""run_name"": ""fedheart_exp_paper_hetagg_gdro"", ""seed"": 7, ""run_dir"": ""runs/fedheart_uncapped/Shared_Anchors_GDRO_s7_f1"", ""use_fedheart"": true, ""num_classes"": 2, ""stratified_batching"": true, ""train_frac"": 0.8, ""group_max_train_samples"": null, ""true_hetero_input_dim"": true, ""feature_mask"": [[0, 1, 2, 3, 5, 6, 7, 8, 9, 10], [0, 1, 2, 3, 5, 6, 11, 12], [0, 1, 2, 4, 5, 7, 11, 12], [0, 1, 2, 4, 5, 6, 8, 9, 10]], ""batch_size"": 64, ""num_workers"": 0, ""epochs"": 100, ""early_stopping_patience"": 30, ""lr"": 0.001, ""weight_decay"": 0.0001, ""optimizer"": ""adam"", ""grad_clip"": 1.0, ""lr_scheduler"": ""cosine"", ""lr_min"": 1e-05, ""latent_dim"": 64, ""head_hidden"": 32, ""groups"": [{""name"": ""cleveland"", ""encoder"": ""mlp_tabular_ln"", ""input_dim"": 13, ""hidden_dim"": 64, ""dropout"": 0.1}, {""name"": ""hungarian"", ""encoder"": ""mlp_tabular_ln"", ""input_dim"": 13, ""hidden_dim"": 64, ""dropout"": 0.1}, {""name"": ""switzerland"", ""encoder"": ""mlp_tabular_ln"", ""input_dim"": 13, ""hidden_dim"": 64, ""dropout"": 0.1}, {""name"": ""va_long_beach"", ""encoder"": ""mlp_tabular_ln"", ""input_dim"": 13, ""hidden_dim"": 64, ""dropout"": 0.1}], ""anchor_eps"": 0.0001, ""sep_samples_per_class"": 4, ""sep_method"": ""classifier"", ""sep_margin"": 1.0, ""lambda_fit"": 0.1, ""lambda_sep"": 0.1, ""groupdro_enabled"": true, ""groupdro_eta"": 0.02, ""groupdro_gamma"": 0.9, ""groupdro_update_mode"": ""exp"", ""groupdro_objective"": ""weighted"", ""groupdro_kl_lambda"": 0.0, ""groupdro_uniform_init"": false, ""log_interval"": 20, ""save_every"": 10, ""groupdro_ema_decay"": 0.9, ""groupdro_update_every"": 1, ""dro_signal"": ""val"", ""val_frac"": 0.15, ""impute_missing"": true, ""common_encoder"": true, ""use_regret"": false, ""data_split_seed"": 1001}","{""num_groups"": 4, ""num_classes"": 2, ""train_total"": 623, ""test_total"": 185, ""train_group_counts"": [205, 199, 83, 136], ""test_group_counts"": [61, 59, 25, 40], ""train_class_counts"": [278, 345], ""test_class_counts"": [83, 102], ""train_group_class_counts"": [[111, 94], [127, 72], [5, 78], [35, 101]], ""test_group_class_counts"": [[33, 28], [38, 21], [2, 23], [10, 30]], ""group_proportions"": [0.3290529695024077, 0.31942215088282505, 0.1332263242375602, 0.21829855537720708], ""val_group_counts"": [37, 36, 15, 24], ""val_total"": 112}","{""num_groups"": 4, ""eta"": 0.02, ""update_mode"": ""exp"", ""robust_objective"": ""weighted"", ""gamma"": 0.9, ""kl_lambda"": 0.0, ""initial_pi"": [0.32905295491218567, 0.3194221556186676, 0.13322632014751434, 0.2182985544204712]}",2026-09-16T04:08:51.852823,5,1.0265306764178805,0.6232638888888888,0.001,0.6594594594594595,0.7086214920811336,0.559322033898305,0.96,"[0.5901639344262295, 0.559322033898305, 0.96, 0.725]","[0.6505445222385594, 0.6678090034905126, 0.5531482744216919, 0.6223932966589928]","[0.3253012048192771, 0.9313725490196079]","[[0.2727272727272727, 0.9642857142857143], [0.34210526315789475, 0.9523809523809523], [0.5, 1.0], [0.4, 0.8333333333333334]]","[61, 59, 25, 40]",0.6062633019154758,"[0.5510744774801295, 0.553030303030303, 0.8226950354609929, 0.6203623813632442]",0.5510744774801295,0.6678090034905126,0.6875,0.7353978978978979,0.4722222222222222,0.9333333333333333,"[0.7027027027027027, 0.4722222222222222, 0.9333333333333333, 0.8333333333333334]","[0.6441414960332819, 0.6916706934571266, 0.5921891470750172, 0.6022789080937704]","[0.34, 0.967741935483871]","[[0.45, 1.0], [0.21739130434782608, 0.9230769230769231], [0.0, 1.0], [0.5, 0.9444444444444444]]","[37, 36, 15, 24]",0.6334735857877513,"[0.6881226053639846, 0.45148356054530875, 0.4827586206896552, 0.7473684210526316]",0.45148356054530875,0.6916706934571266,"[0.3296677768230438, 0.3206941485404968, 0.13234849274158478, 0.217289537191391]","[0.6561529967519972, 0.6887741949823167, 0.6016891797383627, 0.6303462187449137]","[0.3295639157295227, 0.3204343318939209, 0.1325157731771469, 0.21748602390289307]","[0.32905295491218567, 0.3194221556186676, 0.13322632014751434, 0.2182985544204712]",0.0
"{""run_name"": ""fedheart_exp_paper_hetagg_gdro"", ""seed"": 7, ""run_dir"": ""runs/fedheart_uncapped/Shared_Anchors_GDRO_s7_f1"", ""use_fedheart"": true, ""num_classes"": 2, ""stratified_batching"": true, ""train_frac"": 0.8, ""group_max_train_samples"": null, ""true_hetero_input_dim"": true, ""feature_mask"": [[0, 1, 2, 3, 5, 6, 7, 8, 9, 10], [0, 1, 2, 3, 5, 6, 11, 12], [0, 1, 2, 4, 5, 7, 11, 12], [0, 1, 2, 4, 5, 6, 8, 9, 10]], ""batch_size"": 64, ""num_workers"": 0, ""epochs"": 100, ""early_stopping_patience"": 30, ""lr"": 0.001, ""weight_decay"": 0.0001, ""optimizer"": ""adam"", ""grad_clip"": 1.0, ""lr_scheduler"": ""cosine"", ""lr_min"": 1e-05, ""latent_dim"": 64, ""head_hidden"": 32, ""groups"": [{""name"": ""cleveland"", ""encoder"": ""mlp_tabular_ln"", ""input_dim"": 13, ""hidden_dim"": 64, ""dropout"": 0.1}, {""name"": ""hungarian"", ""encoder"": ""mlp_tabular_ln"", ""input_dim"": 13, ""hidden_dim"": 64, ""dropout"": 0.1}, {""name"": ""switzerland"", ""encoder"": ""mlp_tabular_ln"", ""input_dim"": 13, ""hidden_dim"": 64, ""dropout"": 0.1}, {""name"": ""va_long_beach"", ""encoder"": ""mlp_tabular_ln"", ""input_dim"": 13, ""hidden_dim"": 64, ""dropout"": 0.1}], ""anchor_eps"": 0.0001, ""sep_samples_per_class"": 4, ""sep_method"": ""classifier"", ""sep_margin"": 1.0, ""lambda_fit"": 0.1, ""lambda_sep"": 0.1, ""groupdro_enabled"": true, ""groupdro_eta"": 0.02, ""groupdro_gamma"": 0.9, ""groupdro_update_mode"": ""exp"", ""groupdro_objective"": ""weighted"", ""groupdro_kl_lambda"": 0.0, ""groupdro_uniform_init"": false, ""log_interval"": 20, ""save_every"": 10, ""groupdro_ema_decay"": 0.9, ""groupdro_update_every"": 1, ""dro_signal"": ""val"", ""val_frac"": 0.15, ""impute_missing"": true, ""common_encoder"": true, ""use_regret"": false, ""data_split_seed"": 1001}","{""num_groups"": 4, ""num_classes"": 2, ""train_total"": 623, ""test_total"": 185, ""train_group_counts"": [205, 199, 83, 136], ""test_group_counts"": [61, 59, 25, 40], ""train_class_counts"": [278, 345], ""test_class_counts"": [83, 102], ""train_group_class_counts"": [[111, 94], [127, 72], [5, 78], [35, 101]], ""test_group_class_counts"": [[33, 28], [38, 21], [2, 23], [10, 30]], ""group_proportions"": [0.3290529695024077, 0.31942215088282505, 0.1332263242375602, 0.21829855537720708], ""val_group_counts"": [37, 36, 15, 24], ""val_total"": 112}","{""num_groups"": 4, ""eta"": 0.02, ""update_mode"": ""exp"", ""robust_objective"": ""weighted"", ""gamma"": 0.9, ""kl_lambda"": 0.0, ""initial_pi"": [0.32905295491218567, 0.3194221556186676, 0.13322632014751434, 0.2182985544204712]}",2026-09-16T04:08:51.852823,6,0.9239445792304145,0.6788194444444444,0.001,0.7351351351351352,0.7692616004445679,0.6721311475409836,0.96,"[0.6721311475409836, 0.6949152542372882, 0.96, 0.75]","[0.62977519484817, 0.6449941977605982, 0.5371546351909637, 0.6184640146791935]","[0.5421686746987951, 0.8921568627450981]","[[0.45454545454545453, 0.9285714285714286], [0.5789473684210527, 0.9047619047619048], [1.0, 0.9565217391304348], [0.6, 0.8]]","[61, 59, 25, 40]",0.7176804011336386,"[0.6611111111111112, 0.6941244239631337, 0.8888888888888888, 0.6865203761755486]",0.6611111111111112,0.6449941977605982,0.7678571428571429,0.7975225225225225,0.6666666666666666,0.9333333333333333,"[0.7567567567567568, 0.6666666666666666, 0.9333333333333333, 0.8333333333333334]","[0.6159179782545244, 0.675321001973417, 0.5871158977349599, 0.5866113044321537]","[0.56, 0.9354838709677419]","[[0.55, 1.0], [0.5652173913043478, 0.8461538461538461], [0.0, 1.0], [0.6666666666666666, 0.8888888888888888]]","[37, 36, 15, 24]",0.7499141188594984,"[0.7501875468867217, 0.6656346749226006, 0.4827586206896552, 0.7777777777777777]",0.4827586206896552,0.675321001973417,"[0.3297552764415741, 0.3209604322910309, 0.1321881115436554, 0.21709617972373962]","[0.6308687859111362, 0.6617834369341532, 0.5970816678471036, 0.621387607521481]","[0.3296677768230438, 0.3206941485404968, 0.13234849274158478, 0.217289537191391]","[0.32905295491218567, 0.3194221556186676, 0.13322632014751434, 0.2182985544204712]",0.0
"{""run_name"": ""fedheart_exp_paper_hetagg_gdro"", ""seed"": 7, ""run_dir"": ""runs/fedheart_uncapped/Shared_Anchors_GDRO_s7_f1"", ""use_fedheart"": true, ""num_classes"": 2, ""stratified_batching"": true, ""train_frac"": 0.8, ""group_max_train_samples"": null, ""true_hetero_input_dim"": true, ""feature_mask"": [[0, 1, 2, 3, 5, 6, 7, 8, 9, 10], [0, 1, 2, 3, 5, 6, 11, 12], [0, 1, 2, 4, 5, 7, 11, 12], [0, 1, 2, 4, 5, 6, 8, 9, 10]], ""batch_size"": 64, ""num_workers"": 0, ""epochs"": 100, ""early_stopping_patience"": 30, ""lr"": 0.001, ""weight_decay"": 0.0001, ""optimizer"": ""adam"", ""grad_clip"": 1.0, ""lr_scheduler"": ""cosine"", ""lr_min"": 1e-05, ""latent_dim"": 64, ""head_hidden"": 32, ""groups"": [{""name"": ""cleveland"", ""encoder"": ""mlp_tabular_ln"", ""input_dim"": 13, ""hidden_dim"": 64, ""dropout"": 0.1}, {""name"": ""hungarian"", ""encoder"": ""mlp_tabular_ln"", ""input_dim"": 13, ""hidden_dim"": 64, ""dropout"": 0.1}, {""name"": ""switzerland"", ""encoder"": ""mlp_tabular_ln"", ""input_dim"": 13, ""hidden_dim"": 64, ""dropout"": 0.1}, {""name"": ""va_long_beach"", ""encoder"": ""mlp_tabular_ln"", ""input_dim"": 13, ""hidden_dim"": 64, ""dropout"": 0.1}], ""anchor_eps"": 0.0001, ""sep_samples_per_class"": 4, ""sep_method"": ""classifier"", ""sep_margin"": 1.0, ""lambda_fit"": 0.1, ""lambda_sep"": 0.1, ""groupdro_enabled"": true, ""groupdro_eta"": 0.02, ""groupdro_gamma"": 0.9, ""groupdro_update_mode"": ""exp"", ""groupdro_objective"": ""weighted"", ""groupdro_kl_lambda"": 0.0, ""groupdro_uniform_init"": false, ""log_interval"": 20, ""save_every"": 10, ""groupdro_ema_decay"": 0.9, ""groupdro_update_every"": 1, ""dro_signal"": ""val"", ""val_frac"": 0.15, ""impute_missing"": true, ""common_encoder"": true, ""use_regret"": false, ""data_split_seed"": 1001}","{""num_groups"": 4, ""num_classes"": 2, ""train_total"": 623, ""test_total"": 185, ""train_group_counts"": [205, 199, 83, 136], ""test_group_counts"": [61, 59, 25, 40], ""train_class_counts"": [278, 345], ""test_class_counts"": [83, 102], ""train_group_class_counts"": [[111, 94], [127, 72], [5, 78], [35, 101]], ""test_group_class_counts"": [[33, 28], [38, 21], [2, 23], [10, 30]], ""group_proportions"": [0.3290529695024077, 0.31942215088282505, 0.1332263242375602, 0.21829855537720708], ""val_group_counts"": [37, 36, 15, 24], ""val_total"": 112}","{""num_groups"": 4, ""eta"": 0.02, ""update_mode"": ""exp"", ""robust_objective"": ""weighted"", ""gamma"": 0.9, ""kl_lambda"": 0.0, ""initial_pi"": [0.32905295491218567, 0.3194221556186676, 0.13322632014751434, 0.2182985544204712]}",2026-09-16T04:08:51.852823,7,0.8595234817928739,0.6875,0.001,0.7351351351351352,0.7594734648513476,0.6721311475409836,0.92,"[0.6721311475409836, 0.7457627118644068, 0.92, 0.7]","[0.6075305919178197, 0.6255836704019773, 0.5045025527477265, 0.604210102558136]","[0.6024096385542169, 0.8431372549019608]","[[0.5151515151515151, 0.8571428571428571], [0.6578947368421053, 0.9047619047619048], [1.0, 0.9130434782608695], [0.6, 0.7333333333333333]]","[61, 59, 25, 40]",0.7247107412918703,"[0.667755991285403, 0.7431059506531205, 0.8106060606060606, 0.6428571428571428]",0.6428571428571428,0.6255836704019773,0.7857142857142857,0.8075638138138138,0.6944444444444444,0.9333333333333333,"[0.8108108108108109, 0.6944444444444444, 0.9333333333333333, 0.7916666666666666]","[0.586727588563352, 0.6612525234619776, 0.5704948365688324, 0.5587255470454693]","[0.64, 0.9032258064516129]","[[0.65, 1.0], [0.6521739130434783, 0.7692307692307693], [0.0, 1.0], [0.6666666666666666, 0.8333333333333334]]","[37, 36, 15, 24]",0.7754010695187166,"[0.8085735402808574, 0.6884343036978757, 0.4827586206896552, 0.7362637362637362]",0.4827586206896552,0.6612525234619776,"[0.32982349395751953, 0.3212378919124603, 0.13203543424606323, 0.2169032096862793]","[0.6136771572960747, 0.6441554890738593, 0.6023164325290256, 0.6110570563210381]","[0.3297552764415741, 0.3209604322910309, 0.1321881115436554, 0.21709617972373962]","[0.32905295491218567, 0.3194221556186676, 0.13322632014751434, 0.2182985544204712]",0.0
"{""run_name"": ""fedheart_exp_paper_hetagg_gdro"", ""seed"": 7, ""run_dir"": ""runs/fedheart_uncapped/Shared_Anchors_GDRO_s7_f1"", ""use_fedheart"": true, ""num_classes"": 2, ""stratified_batching"": true, ""train_frac"": 0.8, ""group_max_train_samples"": null, ""true_hetero_input_dim"": true, ""feature_mask"": [[0, 1, 2, 3, 5, 6, 7, 8, 9, 10], [0, 1, 2, 3, 5, 6, 11, 12], [0, 1, 2, 4, 5, 7, 11, 12], [0, 1, 2, 4, 5, 6, 8, 9, 10]], ""batch_size"": 64, ""num_workers"": 0, ""epochs"": 100, ""early_stopping_patience"": 30, ""lr"": 0.001, ""weight_decay"": 0.0001, ""optimizer"": ""adam"", ""grad_clip"": 1.0, ""lr_scheduler"": ""cosine"", ""lr_min"": 1e-05, ""latent_dim"": 64, ""head_hidden"": 32, ""groups"": [{""name"": ""cleveland"", ""encoder"": ""mlp_tabular_ln"", ""input_dim"": 13, ""hidden_dim"": 64, ""dropout"": 0.1}, {""name"": ""hungarian"", ""encoder"": ""mlp_tabular_ln"", ""input_dim"": 13, ""hidden_dim"": 64, ""dropout"": 0.1}, {""name"": ""switzerland"", ""encoder"": ""mlp_tabular_ln"", ""input_dim"": 13, ""hidden_dim"": 64, ""dropout"": 0.1}, {""name"": ""va_long_beach"", ""encoder"": ""mlp_tabular_ln"", ""input_dim"": 13, ""hidden_dim"": 64, ""dropout"": 0.1}], ""anchor_eps"": 0.0001, ""sep_samples_per_class"": 4, ""sep_method"": ""classifier"", ""sep_margin"": 1.0, ""lambda_fit"": 0.1, ""lambda_sep"": 0.1, ""groupdro_enabled"": true, ""groupdro_eta"": 0.02, ""groupdro_gamma"": 0.9, ""groupdro_update_mode"": ""exp"", ""groupdro_objective"": ""weighted"", ""groupdro_kl_lambda"": 0.0, ""groupdro_uniform_init"": false, ""log_interval"": 20, ""save_every"": 10, ""groupdro_ema_decay"": 0.9, ""groupdro_update_every"": 1, ""dro_signal"": ""val"", ""val_frac"": 0.15, ""impute_missing"": true, ""common_encoder"": true, ""use_regret"": false, ""data_split_seed"": 1001}","{""num_groups"": 4, ""num_classes"": 2, ""train_total"": 623, ""test_total"": 185, ""train_group_counts"": [205, 199, 83, 136], ""test_group_counts"": [61, 59, 25, 40], ""train_class_counts"": [278, 345], ""test_class_counts"": [83, 102], ""train_group_class_counts"": [[111, 94], [127, 72], [5, 78], [35, 101]], ""test_group_class_counts"": [[33, 28], [38, 21], [2, 23], [10, 30]], ""group_proportions"": [0.3290529695024077, 0.31942215088282505, 0.1332263242375602, 0.21829855537720708], ""val_group_counts"": [37, 36, 15, 24], ""val_total"": 112}","{""num_groups"": 4, ""eta"": 0.02, ""update_mode"": ""exp"", ""robust_objective"": ""weighted"", ""gamma"": 0.9, ""kl_lambda"": 0.0, ""initial_pi"": [0.32905295491218567, 0.3194221556186676, 0.13322632014751434, 0.2182985544204712]}",2026-09-16T04:08:51.852823,8,0.8101203441619873,0.7118055555555556,0.001,0.7675675675675676,0.7608738538482912,0.7,0.7966101694915254,"[0.7868852459016393, 0.7966101694915254, 0.76, 0.7]","[0.5724687234300082, 0.5865328084614317, 0.5123663234710694, 0.6169491201639176]","[0.7590361445783133, 0.7745098039215687]","[[0.7272727272727273, 0.8571428571428571], [0.7894736842105263, 0.8095238095238095], [1.0, 0.7391304347826086], [0.7, 0.7]]","[61, 59, 25, 40]",0.7658158909594042,"[0.7868852459016394, 0.7862318840579711, 0.625, 0.658119658119658]",0.625,0.6169491201639176,0.7767857142857143,0.7578828828828829,0.6666666666666666,0.8648648648648649,"[0.8648648648648649, 0.75, 0.6666666666666666, 0.75]","[0.544322716223227, 0.6302232344945272, 0.5966862301031749, 0.5592865310609341]","[0.8, 0.7580645161290323]","[[0.8, 0.9411764705882353], [0.8260869565217391, 0.6153846153846154], [0.0, 0.7142857142857143], [0.8333333333333334, 0.7222222222222222]]","[37, 36, 15, 24]",0.7759103641456582,"[0.8648648648648648, 0.7242553191489363, 0.4, 0.71875]",0.4,0.6302232344945272,"[0.32985979318618774, 0.32151859998703003, 0.13190193474292755, 0.21671967208385468]","[0.5859044790267944, 0.6174957950909933, 0.6079333358340793, 0.6019848320219252]","[0.32982349395751953, 0.3212378919124603, 0.13203543424606323, 0.2169032096862793]","[0.32905295491218567, 0.3194221556186676, 0.13322632014751434, 0.2182985544204712]",0.0
"{""run_name"": ""fedheart_exp_paper_hetagg_gdro"", ""seed"": 7, ""run_dir"": ""runs/fedheart_uncapped/Shared_Anchors_GDRO_s7_f1"", ""use_fedheart"": true, ""num_classes"": 2, ""stratified_batching"": true, ""train_frac"": 0.8, ""group_max_train_samples"": null, ""true_hetero_input_dim"": true, ""feature_mask"": [[0, 1, 2, 3, 5, 6, 7, 8, 9, 10], [0, 1, 2, 3, 5, 6, 11, 12], [0, 1, 2, 4, 5, 7, 11, 12], [0, 1, 2, 4, 5, 6, 8, 9, 10]], ""batch_size"": 64, ""num_workers"": 0, ""epochs"": 100, ""early_stopping_patience"": 30, ""lr"": 0.001, ""weight_decay"": 0.0001, ""optimizer"": ""adam"", ""grad_clip"": 1.0, ""lr_scheduler"": ""cosine"", ""lr_min"": 1e-05, ""latent_dim"": 64, ""head_hidden"": 32, ""groups"": [{""name"": ""cleveland"", ""encoder"": ""mlp_tabular_ln"", ""input_dim"": 13, ""hidden_dim"": 64, ""dropout"": 0.1}, {""name"": ""hungarian"", ""encoder"": ""mlp_tabular_ln"", ""input_dim"": 13, ""hidden_dim"": 64, ""dropout"": 0.1}, {""name"": ""switzerland"", ""encoder"": ""mlp_tabular_ln"", ""input_dim"": 13, ""hidden_dim"": 64, ""dropout"": 0.1}, {""name"": ""va_long_beach"", ""encoder"": ""mlp_tabular_ln"", ""input_dim"": 13, ""hidden_dim"": 64, ""dropout"": 0.1}], ""anchor_eps"": 0.0001, ""sep_samples_per_class"": 4, ""sep_method"": ""classifier"", ""sep_margin"": 1.0, ""lambda_fit"": 0.1, ""lambda_sep"": 0.1, ""groupdro_enabled"": true, ""groupdro_eta"": 0.02, ""groupdro_gamma"": 0.9, ""groupdro_update_mode"": ""exp"", ""groupdro_objective"": ""weighted"", ""groupdro_kl_lambda"": 0.0, ""groupdro_uniform_init"": false, ""log_interval"": 20, ""save_every"": 10, ""groupdro_ema_decay"": 0.9, ""groupdro_update_every"": 1, ""dro_signal"": ""val"", ""val_frac"": 0.15, ""impute_missing"": true, ""common_encoder"": true, ""use_regret"": false, ""data_split_seed"": 1001}","{""num_groups"": 4, ""num_classes"": 2, ""train_total"": 623, ""test_total"": 185, ""train_group_counts"": [205, 199, 83, 136], ""test_group_counts"": [61, 59, 25, 40], ""train_class_counts"": [278, 345], ""test_class_counts"": [83, 102], ""train_group_class_counts"": [[111, 94], [127, 72], [5, 78], [35, 101]], ""test_group_class_counts"": [[33, 28], [38, 21], [2, 23], [10, 30]], ""group_proportions"": [0.3290529695024077, 0.31942215088282505, 0.1332263242375602, 0.21829855537720708], ""val_group_counts"": [37, 36, 15, 24], ""val_total"": 112}","{""num_groups"": 4, ""eta"": 0.02, ""update_mode"": ""exp"", ""robust_objective"": ""weighted"", ""gamma"": 0.9, ""kl_lambda"": 0.0, ""initial_pi"": [0.32905295491218567, 0.3194221556186676, 0.13322632014751434, 0.2182985544204712]}",2026-09-16T04:08:51.852823,9,0.7700003054406908,0.6961805555555556,0.001,0.745945945945946,0.7521169074742984,0.725,0.8,"[0.7377049180327869, 0.7457627118644068, 0.8, 0.725]","[0.5645887155513294, 0.5884591818360959, 0.4437374192476273, 0.5849127665162086]","[0.6746987951807228, 0.803921568627451]","[[0.6363636363636364, 0.8571428571428571], [0.6842105263157895, 0.8571428571428571], [1.0, 0.782608695652174], [0.7, 0.7333333333333333]]","[61, 59, 25, 40]",0.7408268502786968,"[0.7370689655172413, 0.7410008779631255, 0.6612466124661247, 0.68]",0.6612466124661247,0.5884591818360959,0.8125,0.8280217717717717,0.7222222222222222,0.9333333333333333,"[0.8648648648648649, 0.7222222222222222, 0.9333333333333333, 0.7916666666666666]","[0.5250527826515404, 0.6247892023788558, 0.5324662566184998, 0.5158216481407484]","[0.74, 0.8709677419354839]","[[0.75, 1.0], [0.7391304347826086, 0.6923076923076923], [0.0, 1.0], [0.8333333333333334, 0.7777777777777778]]","[37, 36, 15, 24]",0.808078335373317,"[0.8644688644688645, 0.7077922077922079, 0.4827586206896552, 0.7575757575757576]",0.4827586206896552,0.6247892023788558,"[0.3298717737197876, 0.32181549072265625, 0.1317756026983261, 0.21653708815574646]","[0.5701960126558939, 0.5938130882051256, 0.6124426656299167, 0.6099452575047811]","[0.32985979318618774, 0.32151859998703003, 0.13190193474292755, 0.21671967208385468]","[0.32905295491218567, 0.3194221556186676, 0.13322632014751434, 0.2182985544204712]",0.0
"{""run_name"": ""fedheart_exp_paper_hetagg_gdro"", ""seed"": 7, ""run_dir"": ""runs/fedheart_uncapped/Shared_Anchors_GDRO_s7_f1"", ""use_fedheart"": true, ""num_classes"": 2, ""stratified_batching"": true, ""train_frac"": 0.8, ""group_max_train_samples"": null, ""true_hetero_input_dim"": true, ""feature_mask"": [[0, 1, 2, 3, 5, 6, 7, 8, 9, 10], [0, 1, 2, 3, 5, 6, 11, 12], [0, 1, 2, 4, 5, 7, 11, 12], [0, 1, 2, 4, 5, 6, 8, 9, 10]], ""batch_size"": 64, ""num_workers"": 0, ""epochs"": 100, ""early_stopping_patience"": 30, ""lr"": 0.001, ""weight_decay"": 0.0001, ""optimizer"": ""adam"", ""grad_clip"": 1.0, ""lr_scheduler"": ""cosine"", ""lr_min"": 1e-05, ""latent_dim"": 64, ""head_hidden"": 32, ""groups"": [{""name"": ""cleveland"", ""encoder"": ""mlp_tabular_ln"", ""input_dim"": 13, ""hidden_dim"": 64, ""dropout"": 0.1}, {""name"": ""hungarian"", ""encoder"": ""mlp_tabular_ln"", ""input_dim"": 13, ""hidden_dim"": 64, ""dropout"": 0.1}, {""name"": ""switzerland"", ""encoder"": ""mlp_tabular_ln"", ""input_dim"": 13, ""hidden_dim"": 64, ""dropout"": 0.1}, {""name"": ""va_long_beach"", ""encoder"": ""mlp_tabular_ln"", ""input_dim"": 13, ""hidden_dim"": 64, ""dropout"": 0.1}], ""anchor_eps"": 0.0001, ""sep_samples_per_class"": 4, ""sep_method"": ""classifier"", ""sep_margin"": 1.0, ""lambda_fit"": 0.1, ""lambda_sep"": 0.1, ""groupdro_enabled"": true, ""groupdro_eta"": 0.02, ""groupdro_gamma"": 0.9, ""groupdro_update_mode"": ""exp"", ""groupdro_objective"": ""weighted"", ""groupdro_kl_lambda"": 0.0, ""groupdro_uniform_init"": false, ""log_interval"": 20, ""save_every"": 10, ""groupdro_ema_decay"": 0.9, ""groupdro_update_every"": 1, ""dro_signal"": ""val"", ""val_frac"": 0.15, ""impute_missing"": true, ""common_encoder"": true, ""use_regret"": false, ""data_split_seed"": 1001}","{""num_groups"": 4, ""num_classes"": 2, ""train_total"": 623, ""test_total"": 185, ""train_group_counts"": [205, 199, 83, 136], ""test_group_counts"": [61, 59, 25, 40], ""train_class_counts"": [278, 345], ""test_class_counts"": [83, 102], ""train_group_class_counts"": [[111, 94], [127, 72], [5, 78], [35, 101]], ""test_group_class_counts"": [[33, 28], [38, 21], [2, 23], [10, 30]], ""group_proportions"": [0.3290529695024077, 0.31942215088282505, 0.1332263242375602, 0.21829855537720708], ""val_group_counts"": [37, 36, 15, 24], ""val_total"": 112}","{""num_groups"": 4, ""eta"": 0.02, ""update_mode"": ""exp"", ""robust_objective"": ""weighted"", ""gamma"": 0.9, ""kl_lambda"": 0.0, ""initial_pi"": [0.32905295491218567, 0.3194221556186676, 0.13322632014751434, 0.2182985544204712]}",2026-09-16T04:08:51.852823,10,0.7274247209231058,0.7083333333333334,0.001,0.7405405405405405,0.7418414837454849,0.65,0.8,"[0.7377049180327869, 0.7796610169491526, 0.8, 0.65]","[0.5338339786060521, 0.5549003923848524, 0.4592353278398514, 0.6113519068807364]","[0.7228915662650602, 0.7549019607843137]","[[0.6666666666666666, 0.8214285714285714], [0.7631578947368421, 0.8095238095238095], [1.0, 0.782608695652174], [0.7, 0.6333333333333333]]","[61, 59, 25, 40]",0.7383309759547383,"[0.7376344086021505, 0.7701528318849266, 0.6612466124661247, 0.6153846153846154]",0.6153846153846154,0.6113519068807364,0.7678571428571429,0.7474662162162162,0.6666666666666666,0.8648648648648649,"[0.8648648648648649, 0.75, 0.6666666666666666, 0.7083333333333334]","[0.48953972917956273, 0.5987059651977487, 0.5606851875782013, 0.5318213974436125]","[0.78, 0.7580645161290323]","[[0.75, 1.0], [0.8260869565217391, 0.6153846153846154], [0.0, 0.7142857142857143], [0.8333333333333334, 0.6666666666666666]]","[37, 36, 15, 24]",0.7666666666666667,"[0.8644688644688645, 0.7242553191489363, 0.4, 0.6812144212523719]",0.4,0.5987059651977487,"[0.3298470377922058, 0.32211849093437195, 0.13166655600070953, 0.21636785566806793]","[0.5482270121574402, 0.575279543797175, 0.573507825533549, 0.6013336446550157]","[0.3298717737197876, 0.32181549072265625, 0.1317756026983261, 0.21653708815574646]","[0.32905295491218567, 0.3194221556186676, 0.13322632014751434, 0.2182985544204712]",0.0
"{""run_name"": ""fedheart_exp_paper_hetagg_gdro"", ""seed"": 7, ""run_dir"": ""runs/fedheart_uncapped/Shared_Anchors_GDRO_s7_f1"", ""use_fedheart"": true, ""num_classes"": 2, ""stratified_batching"": true, ""train_frac"": 0.8, ""group_max_train_samples"": null, ""true_hetero_input_dim"": true, ""feature_mask"": [[0, 1, 2, 3, 5, 6, 7, 8, 9, 10], [0, 1, 2, 3, 5, 6, 11, 12], [0, 1, 2, 4, 5, 7, 11, 12], [0, 1, 2, 4, 5, 6, 8, 9, 10]], ""batch_size"": 64, ""num_workers"": 0, ""epochs"": 100, ""early_stopping_patience"": 30, ""lr"": 0.001, ""weight_decay"": 0.0001, ""optimizer"": ""adam"", ""grad_clip"": 1.0, ""lr_scheduler"": ""cosine"", ""lr_min"": 1e-05, ""latent_dim"": 64, ""head_hidden"": 32, ""groups"": [{""name"": ""cleveland"", ""encoder"": ""mlp_tabular_ln"", ""input_dim"": 13, ""hidden_dim"": 64, ""dropout"": 0.1}, {""name"": ""hungarian"", ""encoder"": ""mlp_tabular_ln"", ""input_dim"": 13, ""hidden_dim"": 64, ""dropout"": 0.1}, {""name"": ""switzerland"", ""encoder"": ""mlp_tabular_ln"", ""input_dim"": 13, ""hidden_dim"": 64, ""dropout"": 0.1}, {""name"": ""va_long_beach"", ""encoder"": ""mlp_tabular_ln"", ""input_dim"": 13, ""hidden_dim"": 64, ""dropout"": 0.1}], ""anchor_eps"": 0.0001, ""sep_samples_per_class"": 4, ""sep_method"": ""classifier"", ""sep_margin"": 1.0, ""lambda_fit"": 0.1, ""lambda_sep"": 0.1, ""groupdro_enabled"": true, ""groupdro_eta"": 0.02, ""groupdro_gamma"": 0.9, ""groupdro_update_mode"": ""exp"", ""groupdro_objective"": ""weighted"", ""groupdro_kl_lambda"": 0.0, ""groupdro_uniform_init"": false, ""log_interval"": 20, ""save_every"": 10, ""groupdro_ema_decay"": 0.9, ""groupdro_update_every"": 1, ""dro_signal"": ""val"", ""val_frac"": 0.15, ""impute_missing"": true, ""common_encoder"": true, ""use_regret"": false, ""data_split_seed"": 1001}","{""num_groups"": 4, ""num_classes"": 2, ""train_total"": 623, ""test_total"": 185, ""train_group_counts"": [205, 199, 83, 136], ""test_group_counts"": [61, 59, 25, 40], ""train_class_counts"": [278, 345], ""test_class_counts"": [83, 102], ""train_group_class_counts"": [[111, 94], [127, 72], [5, 78], [35, 101]], ""test_group_class_counts"": [[33, 28], [38, 21], [2, 23], [10, 30]], ""group_proportions"": [0.3290529695024077, 0.31942215088282505, 0.1332263242375602, 0.21829855537720708], ""val_group_counts"": [37, 36, 15, 24], ""val_total"": 112}","{""num_groups"": 4, ""eta"": 0.02, ""update_mode"": ""exp"", ""robust_objective"": ""weighted"", ""gamma"": 0.9, ""kl_lambda"": 0.0, ""initial_pi"": [0.32905295491218567, 0.3194221556186676, 0.13322632014751434, 0.2182985544204712]}",2026-09-16T04:08:51.852823,11,0.689677980211046,0.7378472222222222,0.001,0.7405405405405405,0.746005834954154,0.7,0.8,"[0.7213114754098361, 0.7627118644067796, 0.8, 0.7]","[0.538610968677724, 0.5608342156066732, 0.4201072359085083, 0.5900648802518844]","[0.6867469879518072, 0.7843137254901961]","[[0.6363636363636364, 0.8214285714285714], [0.7105263157894737, 0.8571428571428571], [1.0, 0.782608695652174], [0.7, 0.7]]","[61, 59, 25, 40]",0.7364672364672364,"[0.7210115684691955, 0.7570588235294118, 0.6612466124661247, 0.658119658119658]",0.658119658119658,0.5900648802518844,0.7946428571428571,0.7877439939939941,0.7083333333333334,0.8648648648648649,"[0.8648648648648649, 0.7777777777777778, 0.8, 0.7083333333333334]","[0.4849367375309403, 0.5955491840011544, 0.508291287223498, 0.5028995151321093]","[0.78, 0.8064516129032258]","[[0.75, 1.0], [0.8260869565217391, 0.6923076923076923], [0.0, 0.8571428571428571], [0.8333333333333334, 0.6666666666666666]]","[37, 36, 15, 24]",0.7926426789020365,"[0.8644688644688645, 0.7591973244147157, 0.4444444444444445, 0.6812144212523719]",0.4444444444444445,0.5955491840011544,"[0.32979655265808105, 0.322435200214386, 0.13156338036060333, 0.2162049263715744]","[0.5264142155647278, 0.5391301777627733, 0.5431802041000791, 0.625017417801751]","[0.3298470377922058, 0.32211849093437195, 0.13166655600070953, 0.21636785566806793]","[0.32905295491218567, 0.3194221556186676, 0.13322632014751434, 0.2182985544204712]",0.0
"{""run_name"": ""fedheart_exp_paper_hetagg_gdro"", ""seed"": 7, ""run_dir"": ""runs/fedheart_uncapped/Shared_Anchors_GDRO_s7_f1"", ""use_fedheart"": true, ""num_classes"": 2, ""stratified_batching"": true, ""train_frac"": 0.8, ""group_max_train_samples"": null, ""true_hetero_input_dim"": true, ""feature_mask"": [[0, 1, 2, 3, 5, 6, 7, 8, 9, 10], [0, 1, 2, 3, 5, 6, 11, 12], [0, 1, 2, 4, 5, 7, 11, 12], [0, 1, 2, 4, 5, 6, 8, 9, 10]], ""batch_size"": 64, ""num_workers"": 0, ""epochs"": 100, ""early_stopping_patience"": 30, ""lr"": 0.001, ""weight_decay"": 0.0001, ""optimizer"": ""adam"", ""grad_clip"": 1.0, ""lr_scheduler"": ""cosine"", ""lr_min"": 1e-05, ""latent_dim"": 64, ""head_hidden"": 32, ""groups"": [{""name"": ""cleveland"", ""encoder"": ""mlp_tabular_ln"", ""input_dim"": 13, ""hidden_dim"": 64, ""dropout"": 0.1}, {""name"": ""hungarian"", ""encoder"": ""mlp_tabular_ln"", ""input_dim"": 13, ""hidden_dim"": 64, ""dropout"": 0.1}, {""name"": ""switzerland"", ""encoder"": ""mlp_tabular_ln"", ""input_dim"": 13, ""hidden_dim"": 64, ""dropout"": 0.1}, {""name"": ""va_long_beach"", ""encoder"": ""mlp_tabular_ln"", ""input_dim"": 13, ""hidden_dim"": 64, ""dropout"": 0.1}], ""anchor_eps"": 0.0001, ""sep_samples_per_class"": 4, ""sep_method"": ""classifier"", ""sep_margin"": 1.0, ""lambda_fit"": 0.1, ""lambda_sep"": 0.1, ""groupdro_enabled"": true, ""groupdro_eta"": 0.02, ""groupdro_gamma"": 0.9, ""groupdro_update_mode"": ""exp"", ""groupdro_objective"": ""weighted"", ""groupdro_kl_lambda"": 0.0, ""groupdro_uniform_init"": false, ""log_interval"": 20, ""save_every"": 10, ""groupdro_ema_decay"": 0.9, ""groupdro_update_every"": 1, ""dro_signal"": ""val"", ""val_frac"": 0.15, ""impute_missing"": true, ""common_encoder"": true, ""use_regret"": false, ""data_split_seed"": 1001}","{""num_groups"": 4, ""num_classes"": 2, ""train_total"": 623, ""test_total"": 185, ""train_group_counts"": [205, 199, 83, 136], ""test_group_counts"": [61, 59, 25, 40], ""train_class_counts"": [278, 345], ""test_class_counts"": [83, 102], ""train_group_class_counts"": [[111, 94], [127, 72], [5, 78], [35, 101]], ""test_group_class_counts"": [[33, 28], [38, 21], [2, 23], [10, 30]], ""group_proportions"": [0.3290529695024077, 0.31942215088282505, 0.1332263242375602, 0.21829855537720708], ""val_group_counts"": [37, 36, 15, 24], ""val_total"": 112}","{""num_groups"": 4, ""eta"": 0.02, ""update_mode"": ""exp"", ""robust_objective"": ""weighted"", ""gamma"": 0.9, ""kl_lambda"": 0.0, ""initial_pi"": [0.32905295491218567, 0.3194221556186676, 0.13322632014751434, 0.2182985544204712]}",2026-09-16T04:08:51.852823,12,0.6640338102976481,0.734375,0.001,0.7513513513513513,0.7621169074742984,0.725,0.84,"[0.7377049180327869, 0.7457627118644068, 0.84, 0.725]","[0.5467404008644526, 0.565692513676013, 0.3917018872499466, 0.5768331721425056]","[0.6746987951807228, 0.8137254901960784]","[[0.6363636363636364, 0.8571428571428571], [0.6842105263157895, 0.8571428571428571], [1.0, 0.8260869565217391], [0.7, 0.7333333333333333]]","[61, 59, 25, 40]",0.7459398137090996,"[0.7370689655172413, 0.7410008779631255, 0.7023809523809523, 0.68]",0.68,0.5768331721425056,0.8125,0.8280217717717717,0.7222222222222222,0.9333333333333333,"[0.8648648648648649, 0.7222222222222222, 0.9333333333333333, 0.7916666666666666]","[0.4818846406163396, 0.5920948891176118, 0.46962269246578214, 0.48340908748408157]","[0.74, 0.8709677419354839]","[[0.75, 1.0], [0.7391304347826086, 0.6923076923076923], [0.0, 1.0], [0.8333333333333334, 0.7777777777777778]]","[37, 36, 15, 24]",0.808078335373317,"[0.8644688644688645, 0.7077922077922079, 0.4827586206896552, 0.7575757575757576]",0.4827586206896552,0.5920948891176118,"[0.3297283351421356, 0.32276928424835205, 0.13145828247070312, 0.216044083237648]","[0.519119961394204, 0.5246343182192909, 0.5833510259787241, 0.6408230066299438]","[0.32979655265808105, 0.322435200214386, 0.13156338036060333, 0.2162049263715744]","[0.32905295491218567, 0.3194221556186676, 0.13322632014751434, 0.2182985544204712]",0.0
"{""run_name"": ""fedheart_exp_paper_hetagg_gdro"", ""seed"": 7, ""run_dir"": ""runs/fedheart_uncapped/Shared_Anchors_GDRO_s7_f1"", ""use_fedheart"": true, ""num_classes"": 2, ""stratified_batching"": true, ""train_frac"": 0.8, ""group_max_train_samples"": null, ""true_hetero_input_dim"": true, ""feature_mask"": [[0, 1, 2, 3, 5, 6, 7, 8, 9, 10], [0, 1, 2, 3, 5, 6, 11, 12], [0, 1, 2, 4, 5, 7, 11, 12], [0, 1, 2, 4, 5, 6, 8, 9, 10]], ""batch_size"": 64, ""num_workers"": 0, ""epochs"": 100, ""early_stopping_patience"": 30, ""lr"": 0.001, ""weight_decay"": 0.0001, ""optimizer"": ""adam"", ""grad_clip"": 1.0, ""lr_scheduler"": ""cosine"", ""lr_min"": 1e-05, ""latent_dim"": 64, ""head_hidden"": 32, ""groups"": [{""name"": ""cleveland"", ""encoder"": ""mlp_tabular_ln"", ""input_dim"": 13, ""hidden_dim"": 64, ""dropout"": 0.1}, {""name"": ""hungarian"", ""encoder"": ""mlp_tabular_ln"", ""input_dim"": 13, ""hidden_dim"": 64, ""dropout"": 0.1}, {""name"": ""switzerland"", ""encoder"": ""mlp_tabular_ln"", ""input_dim"": 13, ""hidden_dim"": 64, ""dropout"": 0.1}, {""name"": ""va_long_beach"", ""encoder"": ""mlp_tabular_ln"", ""input_dim"": 13, ""hidden_dim"": 64, ""dropout"": 0.1}], ""anchor_eps"": 0.0001, ""sep_samples_per_class"": 4, ""sep_method"": ""classifier"", ""sep_margin"": 1.0, ""lambda_fit"": 0.1, ""lambda_sep"": 0.1, ""groupdro_enabled"": true, ""groupdro_eta"": 0.02, ""groupdro_gamma"": 0.9, ""groupdro_update_mode"": ""exp"", ""groupdro_objective"": ""weighted"", ""groupdro_kl_lambda"": 0.0, ""groupdro_uniform_init"": false, ""log_interval"": 20, ""save_every"": 10, ""groupdro_ema_decay"": 0.9, ""groupdro_update_every"": 1, ""dro_signal"": ""val"", ""val_frac"": 0.15, ""impute_missing"": true, ""common_encoder"": true, ""use_regret"": false, ""data_split_seed"": 1001}","{""num_groups"": 4, ""num_classes"": 2, ""train_total"": 623, ""test_total"": 185, ""train_group_counts"": [205, 199, 83, 136], ""test_group_counts"": [61, 59, 25, 40], ""train_class_counts"": [278, 345], ""test_class_counts"": [83, 102], ""train_group_class_counts"": [[111, 94], [127, 72], [5, 78], [35, 101]], ""test_group_class_counts"": [[33, 28], [38, 21], [2, 23], [10, 30]], ""group_proportions"": [0.3290529695024077, 0.31942215088282505, 0.1332263242375602, 0.21829855537720708], ""val_group_counts"": [37, 36, 15, 24], ""val_total"": 112}","{""num_groups"": 4, ""eta"": 0.02, ""update_mode"": ""exp"", ""robust_objective"": ""weighted"", ""gamma"": 0.9, ""kl_lambda"": 0.0, ""initial_pi"": [0.32905295491218567, 0.3194221556186676, 0.13322632014751434, 0.2182985544204712]}",2026-09-16T04:08:51.852823,13,0.6316301491525438,0.7447916666666666,0.001,0.7351351351351352,0.7196238538482912,0.575,0.7966101694915254,"[0.7868852459016393, 0.7966101694915254, 0.72, 0.575]","[0.5052053934482278, 0.5104270832518399, 0.48332127630710603, 0.6593557383865118]","[0.7831325301204819, 0.696078431372549]","[[0.7878787878787878, 0.7857142857142857], [0.7894736842105263, 0.8095238095238095], [1.0, 0.6956521739130435], [0.7, 0.5333333333333333]]","[61, 59, 25, 40]",0.7348562403112111,"[0.7859649122807018, 0.7862318840579711, 0.592074592074592, 0.5523370638578012]",0.5523370638578012,0.6593557383865118,0.75,0.7238551051051051,0.6,0.8648648648648649,"[0.8648648648648649, 0.7222222222222222, 0.6, 0.7083333333333334]","[0.4331536264838399, 0.5714662964973185, 0.5619744608799616, 0.547038576255242]","[0.84, 0.6774193548387096]","[[0.8, 0.9411764705882353], [0.8695652173913043, 0.46153846153846156], [0.0, 0.6428571428571429], [1.0, 0.6111111111111112]]","[37, 36, 15, 24]",0.75,"[0.8648648648648648, 0.6727272727272727, 0.375, 0.6950998185117967]",0.375,0.5714662964973185,"[0.3296099603176117, 0.32310381531715393, 0.13137489557266235, 0.21591134369373322]","[0.5055440730518765, 0.5174756381246779, 0.5022040969795651, 0.6185487575001187]","[0.3297283351421356, 0.32276928424835205, 0.13145828247070312, 0.216044083237648]","[0.32905295491218567, 0.3194221556186676, 0.13322632014751434, 0.2182985544204712]",0.0
"{""run_name"": ""fedheart_exp_paper_hetagg_gdro"", ""seed"": 7, ""run_dir"": ""runs/fedheart_uncapped/Shared_Anchors_GDRO_s7_f1"", ""use_fedheart"": true, ""num_classes"": 2, ""stratified_batching"": true, ""train_frac"": 0.8, ""group_max_train_samples"": null, ""true_hetero_input_dim"": true, ""feature_mask"": [[0, 1, 2, 3, 5, 6, 7, 8, 9, 10], [0, 1, 2, 3, 5, 6, 11, 12], [0, 1, 2, 4, 5, 7, 11, 12], [0, 1, 2, 4, 5, 6, 8, 9, 10]], ""batch_size"": 64, ""num_workers"": 0, ""epochs"": 100, ""early_stopping_patience"": 30, ""lr"": 0.001, ""weight_decay"": 0.0001, ""optimizer"": ""adam"", ""grad_clip"": 1.0, ""lr_scheduler"": ""cosine"", ""lr_min"": 1e-05, ""latent_dim"": 64, ""head_hidden"": 32, ""groups"": [{""name"": ""cleveland"", ""encoder"": ""mlp_tabular_ln"", ""input_dim"": 13, ""hidden_dim"": 64, ""dropout"": 0.1}, {""name"": ""hungarian"", ""encoder"": ""mlp_tabular_ln"", ""input_dim"": 13, ""hidden_dim"": 64, ""dropout"": 0.1}, {""name"": ""switzerland"", ""encoder"": ""mlp_tabular_ln"", ""input_dim"": 13, ""hidden_dim"": 64, ""dropout"": 0.1}, {""name"": ""va_long_beach"", ""encoder"": ""mlp_tabular_ln"", ""input_dim"": 13, ""hidden_dim"": 64, ""dropout"": 0.1}], ""anchor_eps"": 0.0001, ""sep_samples_per_class"": 4, ""sep_method"": ""classifier"", ""sep_margin"": 1.0, ""lambda_fit"": 0.1, ""lambda_sep"": 0.1, ""groupdro_enabled"": true, ""groupdro_eta"": 0.02, ""groupdro_gamma"": 0.9, ""groupdro_update_mode"": ""exp"", ""groupdro_objective"": ""weighted"", ""groupdro_kl_lambda"": 0.0, ""groupdro_uniform_init"": false, ""log_interval"": 20, ""save_every"": 10, ""groupdro_ema_decay"": 0.9, ""groupdro_update_every"": 1, ""dro_signal"": ""val"", ""val_frac"": 0.15, ""impute_missing"": true, ""common_encoder"": true, ""use_regret"": false, ""data_split_seed"": 1001}","{""num_groups"": 4, ""num_classes"": 2, ""train_total"": 623, ""test_total"": 185, ""train_group_counts"": [205, 199, 83, 136], ""test_group_counts"": [61, 59, 25, 40], ""train_class_counts"": [278, 345], ""test_class_counts"": [83, 102], ""train_group_class_counts"": [[111, 94], [127, 72], [5, 78], [35, 101]], ""test_group_class_counts"": [[33, 28], [38, 21], [2, 23], [10, 30]], ""group_proportions"": [0.3290529695024077, 0.31942215088282505, 0.1332263242375602, 0.21829855537720708], ""val_group_counts"": [37, 36, 15, 24], ""val_total"": 112}","{""num_groups"": 4, ""eta"": 0.02, ""update_mode"": ""exp"", ""robust_objective"": ""weighted"", ""gamma"": 0.9, ""kl_lambda"": 0.0, ""initial_pi"": [0.32905295491218567, 0.3194221556186676, 0.13322632014751434, 0.2182985544204712]}",2026-09-16T04:08:51.852823,14,0.6025485992431641,0.7361111111111112,0.001,0.7621621621621621,0.7783669074742985,0.7377049180327869,0.88,"[0.7377049180327869, 0.7457627118644068, 0.88, 0.75]","[0.5745754047739701, 0.5801035293330581, 0.34548440992832186, 0.5696773776784539]","[0.6626506024096386, 0.8431372549019608]","[[0.6363636363636364, 0.8571428571428571], [0.6842105263157895, 0.8571428571428571], [1.0, 0.8695652173913043], [0.6, 0.8]]","[61, 59, 25, 40]",0.7552910052910053,"[0.7370689655172413, 0.7410008779631255, 0.7508305647840532, 0.6865203761755486]",0.6865203761755486,0.5801035293330581,0.8035714285714286,0.8078828828828829,0.75,0.8666666666666667,"[0.8648648648648649, 0.75, 0.8666666666666667, 0.75]","[0.4688688738120569, 0.5950907104545169, 0.4035572409629822, 0.45033061038702726]","[0.76, 0.8387096774193549]","[[0.75, 1.0], [0.782608695652174, 0.6923076923076923], [0.0, 0.9285714285714286], [0.8333333333333334, 0.7222222222222222]]","[37, 36, 15, 24]",0.800453514739229,"[0.8644688644688645, 0.7333333333333334, 0.4642857142857143, 0.71875]",0.4642857142857143,0.5950907104545169,"[0.3294847011566162, 0.323468416929245, 0.13127528131008148, 0.2157716304063797]","[0.4779825707276662, 0.4978521631823646, 0.5398429532845815, 0.6197663214471605]","[0.3296099603176117, 0.32310381531715393, 0.13137489557266235, 0.21591134369373322]","[0.32905295491218567, 0.3194221556186676, 0.13322632014751434, 0.2182985544204712]",0.0
"{""run_name"": ""fedheart_exp_paper_hetagg_gdro"", ""seed"": 7, ""run_dir"": ""runs/fedheart_uncapped/Shared_Anchors_GDRO_s7_f1"", ""use_fedheart"": true, ""num_classes"": 2, ""stratified_batching"": true, ""train_frac"": 0.8, ""group_max_train_samples"": null, ""true_hetero_input_dim"": true, ""feature_mask"": [[0, 1, 2, 3, 5, 6, 7, 8, 9, 10], [0, 1, 2, 3, 5, 6, 11, 12], [0, 1, 2, 4, 5, 7, 11, 12], [0, 1, 2, 4, 5, 6, 8, 9, 10]], ""batch_size"": 64, ""num_workers"": 0, ""epochs"": 100, ""early_stopping_patience"": 30, ""lr"": 0.001, ""weight_decay"": 0.0001, ""optimizer"": ""adam"", ""grad_clip"": 1.0, ""lr_scheduler"": ""cosine"", ""lr_min"": 1e-05, ""latent_dim"": 64, ""head_hidden"": 32, ""groups"": [{""name"": ""cleveland"", ""encoder"": ""mlp_tabular_ln"", ""input_dim"": 13, ""hidden_dim"": 64, ""dropout"": 0.1}, {""name"": ""hungarian"", ""encoder"": ""mlp_tabular_ln"", ""input_dim"": 13, ""hidden_dim"": 64, ""dropout"": 0.1}, {""name"": ""switzerland"", ""encoder"": ""mlp_tabular_ln"", ""input_dim"": 13, ""hidden_dim"": 64, ""dropout"": 0.1}, {""name"": ""va_long_beach"", ""encoder"": ""mlp_tabular_ln"", ""input_dim"": 13, ""hidden_dim"": 64, ""dropout"": 0.1}], ""anchor_eps"": 0.0001, ""sep_samples_per_class"": 4, ""sep_method"": ""classifier"", ""sep_margin"": 1.0, ""lambda_fit"": 0.1, ""lambda_sep"": 0.1, ""groupdro_enabled"": true, ""groupdro_eta"": 0.02, ""groupdro_gamma"": 0.9, ""groupdro_update_mode"": ""exp"", ""groupdro_objective"": ""weighted"", ""groupdro_kl_lambda"": 0.0, ""groupdro_uniform_init"": false, ""log_interval"": 20, ""save_every"": 10, ""groupdro_ema_decay"": 0.9, ""groupdro_update_every"": 1, ""dro_signal"": ""val"", ""val_frac"": 0.15, ""impute_missing"": true, ""common_encoder"": true, ""use_regret"": false, ""data_split_seed"": 1001}","{""num_groups"": 4, ""num_classes"": 2, ""train_total"": 623, ""test_total"": 185, ""train_group_counts"": [205, 199, 83, 136], ""test_group_counts"": [61, 59, 25, 40], ""train_class_counts"": [278, 345], ""test_class_counts"": [83, 102], ""train_group_class_counts"": [[111, 94], [127, 72], [5, 78], [35, 101]], ""test_group_class_counts"": [[33, 28], [38, 21], [2, 23], [10, 30]], ""group_proportions"": [0.3290529695024077, 0.31942215088282505, 0.1332263242375602, 0.21829855537720708], ""val_group_counts"": [37, 36, 15, 24], ""val_total"": 112}","{""num_groups"": 4, ""eta"": 0.02, ""update_mode"": ""exp"", ""robust_objective"": ""weighted"", ""gamma"": 0.9, ""kl_lambda"": 0.0, ""initial_pi"": [0.32905295491218567, 0.3194221556186676, 0.13322632014751434, 0.2182985544204712]}",2026-09-16T04:08:51.852823,15,0.6104288697242737,0.7291666666666666,0.001,0.7297297297297297,0.7133738538482912,0.55,0.7966101694915254,"[0.7868852459016393, 0.7966101694915254, 0.72, 0.55]","[0.4925547211629445, 0.49846733614044675, 0.5109696969389915, 0.6975859414786101]","[0.7831325301204819, 0.6862745098039216]","[[0.7878787878787878, 0.7857142857142857], [0.7894736842105263, 0.8095238095238095], [1.0, 0.6956521739130435], [0.7, 0.5]]","[61, 59, 25, 40]",0.7295321637426901,"[0.7859649122807018, 0.7862318840579711, 0.592074592074592, 0.53125]",0.53125,0.6975859414786101,0.7410714285714286,0.7170983483483484,0.6,0.8378378378378378,"[0.8378378378378378, 0.7222222222222222, 0.6, 0.7083333333333334]","[0.4200529129924001, 0.5758457241786851, 0.5727457384268443, 0.5732651573295394]","[0.86, 0.6451612903225806]","[[0.8, 0.8823529411764706], [0.9130434782608695, 0.38461538461538464], [0.0, 0.6428571428571429], [1.0, 0.6111111111111112]]","[37, 36, 15, 24]",0.740885520542481,"[0.8377192982456141, 0.6538461538461537, 0.375, 0.6950998185117967]",0.375,0.5758457241786851,"[0.3293036222457886, 0.32383060455322266, 0.13119849562644958, 0.21566727757453918]","[0.5023326112164391, 0.557190113597446, 0.4559010730849372, 0.6289858884281583]","[0.3294847011566162, 0.323468416929245, 0.13127528131008148, 0.2157716304063797]","[0.32905295491218567, 0.3194221556186676, 0.13322632014751434, 0.2182985544204712]",0.0
"{""run_name"": ""fedheart_exp_paper_hetagg_gdro"", ""seed"": 7, ""run_dir"": ""runs/fedheart_uncapped/Shared_Anchors_GDRO_s7_f1"", ""use_fedheart"": true, ""num_classes"": 2, ""stratified_batching"": true, ""train_frac"": 0.8, ""group_max_train_samples"": null, ""true_hetero_input_dim"": true, ""feature_mask"": [[0, 1, 2, 3, 5, 6, 7, 8, 9, 10], [0, 1, 2, 3, 5, 6, 11, 12], [0, 1, 2, 4, 5, 7, 11, 12], [0, 1, 2, 4, 5, 6, 8, 9, 10]], ""batch_size"": 64, ""num_workers"": 0, ""epochs"": 100, ""early_stopping_patience"": 30, ""lr"": 0.001, ""weight_decay"": 0.0001, ""optimizer"": ""adam"", ""grad_clip"": 1.0, ""lr_scheduler"": ""cosine"", ""lr_min"": 1e-05, ""latent_dim"": 64, ""head_hidden"": 32, ""groups"": [{""name"": ""cleveland"", ""encoder"": ""mlp_tabular_ln"", ""input_dim"": 13, ""hidden_dim"": 64, ""dropout"": 0.1}, {""name"": ""hungarian"", ""encoder"": ""mlp_tabular_ln"", ""input_dim"": 13, ""hidden_dim"": 64, ""dropout"": 0.1}, {""name"": ""switzerland"", ""encoder"": ""mlp_tabular_ln"", ""input_dim"": 13, ""hidden_dim"": 64, ""dropout"": 0.1}, {""name"": ""va_long_beach"", ""encoder"": ""mlp_tabular_ln"", ""input_dim"": 13, ""hidden_dim"": 64, ""dropout"": 0.1}], ""anchor_eps"": 0.0001, ""sep_samples_per_class"": 4, ""sep_method"": ""classifier"", ""sep_margin"": 1.0, ""lambda_fit"": 0.1, ""lambda_sep"": 0.1, ""groupdro_enabled"": true, ""groupdro_eta"": 0.02, ""groupdro_gamma"": 0.9, ""groupdro_update_mode"": ""exp"", ""groupdro_objective"": ""weighted"", ""groupdro_kl_lambda"": 0.0, ""groupdro_uniform_init"": false, ""log_interval"": 20, ""save_every"": 10, ""groupdro_ema_decay"": 0.9, ""groupdro_update_every"": 1, ""dro_signal"": ""val"", ""val_frac"": 0.15, ""impute_missing"": true, ""common_encoder"": true, ""use_regret"": false, ""data_split_seed"": 1001}","{""num_groups"": 4, ""num_classes"": 2, ""train_total"": 623, ""test_total"": 185, ""train_group_counts"": [205, 199, 83, 136], ""test_group_counts"": [61, 59, 25, 40], ""train_class_counts"": [278, 345], ""test_class_counts"": [83, 102], ""train_group_class_counts"": [[111, 94], [127, 72], [5, 78], [35, 101]], ""test_group_class_counts"": [[33, 28], [38, 21], [2, 23], [10, 30]], ""group_proportions"": [0.3290529695024077, 0.31942215088282505, 0.1332263242375602, 0.21829855537720708], ""val_group_counts"": [37, 36, 15, 24], ""val_total"": 112}","{""num_groups"": 4, ""eta"": 0.02, ""update_mode"": ""exp"", ""robust_objective"": ""weighted"", ""gamma"": 0.9, ""kl_lambda"": 0.0, ""initial_pi"": [0.32905295491218567, 0.3194221556186676, 0.13322632014751434, 0.2182985544204712]}",2026-09-16T04:08:51.852823,16,0.5893822146786584,0.7447916666666666,0.001,0.7513513513513513,0.7681574742984162,0.7049180327868853,0.88,"[0.7049180327868853, 0.7627118644067796, 0.88, 0.725]","[0.5614793517428344, 0.5766627649634571, 0.3518969112634659, 0.5746638601645827]","[0.6506024096385542, 0.8333333333333334]","[[0.5757575757575758, 0.8571428571428571], [0.7105263157894737, 0.8571428571428571], [1.0, 0.8695652173913043], [0.6, 0.7666666666666667]]","[61, 59, 25, 40]",0.7441678691678691,"[0.702922077922078, 0.7570588235294118, 0.7508305647840532, 0.6643783371472158]",0.6643783371472158,0.5766627649634571,0.7946428571428571,0.7912162162162162,0.75,0.8648648648648649,"[0.8648648648648649, 0.75, 0.8, 0.75]","[0.45795477141399643, 0.5935356701827712, 0.4102828900019328, 0.44968526158481836]","[0.76, 0.8225806451612904]","[[0.75, 1.0], [0.782608695652174, 0.6923076923076923], [0.0, 0.8571428571428571], [0.8333333333333334, 0.7222222222222222]]","[37, 36, 15, 24]",0.7918383838383838,"[0.8644688644688645, 0.7333333333333334, 0.4444444444444445, 0.71875]",0.4444444444444445,0.5935356701827712,"[0.32911691069602966, 0.32422134280204773, 0.13110744953155518, 0.21555422246456146]","[0.4874374436007606, 0.5155278709199693, 0.5262421634462144, 0.6209945778052012]","[0.3293036222457886, 0.32383060455322266, 0.13119849562644958, 0.21566727757453918]","[0.32905295491218567, 0.3194221556186676, 0.13322632014751434, 0.2182985544204712]",0.0
"{""run_name"": ""fedheart_exp_paper_hetagg_gdro"", ""seed"": 7, ""run_dir"": ""runs/fedheart_uncapped/Shared_Anchors_GDRO_s7_f1"", ""use_fedheart"": true, ""num_classes"": 2, ""stratified_batching"": true, ""train_frac"": 0.8, ""group_max_train_samples"": null, ""true_hetero_input_dim"": true, ""feature_mask"": [[0, 1, 2, 3, 5, 6, 7, 8, 9, 10], [0, 1, 2, 3, 5, 6, 11, 12], [0, 1, 2, 4, 5, 7, 11, 12], [0, 1, 2, 4, 5, 6, 8, 9, 10]], ""batch_size"": 64, ""num_workers"": 0, ""epochs"": 100, ""early_stopping_patience"": 30, ""lr"": 0.001, ""weight_decay"": 0.0001, ""optimizer"": ""adam"", ""grad_clip"": 1.0, ""lr_scheduler"": ""cosine"", ""lr_min"": 1e-05, ""latent_dim"": 64, ""head_hidden"": 32, ""groups"": [{""name"": ""cleveland"", ""encoder"": ""mlp_tabular_ln"", ""input_dim"": 13, ""hidden_dim"": 64, ""dropout"": 0.1}, {""name"": ""hungarian"", ""encoder"": ""mlp_tabular_ln"", ""input_dim"": 13, ""hidden_dim"": 64, ""dropout"": 0.1}, {""name"": ""switzerland"", ""encoder"": ""mlp_tabular_ln"", ""input_dim"": 13, ""hidden_dim"": 64, ""dropout"": 0.1}, {""name"": ""va_long_beach"", ""encoder"": ""mlp_tabular_ln"", ""input_dim"": 13, ""hidden_dim"": 64, ""dropout"": 0.1}], ""anchor_eps"": 0.0001, ""sep_samples_per_class"": 4, ""sep_method"": ""classifier"", ""sep_margin"": 1.0, ""lambda_fit"": 0.1, ""lambda_sep"": 0.1, ""groupdro_enabled"": true, ""groupdro_eta"": 0.02, ""groupdro_gamma"": 0.9, ""groupdro_update_mode"": ""exp"", ""groupdro_objective"": ""weighted"", ""groupdro_kl_lambda"": 0.0, ""groupdro_uniform_init"": false, ""log_interval"": 20, ""save_every"": 10, ""groupdro_ema_decay"": 0.9, ""groupdro_update_every"": 1, ""dro_signal"": ""val"", ""val_frac"": 0.15, ""impute_missing"": true, ""common_encoder"": true, ""use_regret"": false, ""data_split_seed"": 1001}","{""num_groups"": 4, ""num_classes"": 2, ""train_total"": 623, ""test_total"": 185, ""train_group_counts"": [205, 199, 83, 136], ""test_group_counts"": [61, 59, 25, 40], ""train_class_counts"": [278, 345], ""test_class_counts"": [83, 102], ""train_group_class_counts"": [[111, 94], [127, 72], [5, 78], [35, 101]], ""test_group_class_counts"": [[33, 28], [38, 21], [2, 23], [10, 30]], ""group_proportions"": [0.3290529695024077, 0.31942215088282505, 0.1332263242375602, 0.21829855537720708], ""val_group_counts"": [37, 36, 15, 24], ""val_total"": 112}","{""num_groups"": 4, ""eta"": 0.02, ""update_mode"": ""exp"", ""robust_objective"": ""weighted"", ""gamma"": 0.9, ""kl_lambda"": 0.0, ""initial_pi"": [0.32905295491218567, 0.3194221556186676, 0.13322632014751434, 0.2182985544204712]}",2026-09-16T04:08:51.852823,17,0.5450160172250536,0.7534722222222222,0.001,0.7405405405405405,0.7418414837454849,0.65,0.8,"[0.7377049180327869, 0.7796610169491526, 0.8, 0.65]","[0.5225663575969759, 0.5422168387952497, 0.41425522208213805, 0.621896144375205]","[0.7108433734939759, 0.7647058823529411]","[[0.6666666666666666, 0.8214285714285714], [0.7368421052631579, 0.8571428571428571], [1.0, 0.782608695652174], [0.7, 0.6333333333333333]]","[61, 59, 25, 40]",0.7377746279234585,"[0.7376344086021505, 0.7731440402247856, 0.6612466124661247, 0.6153846153846154]",0.6153846153846154,0.621896144375205,0.7946428571428571,0.7816816816816816,0.7333333333333333,0.8378378378378378,"[0.8378378378378378, 0.8055555555555556, 0.7333333333333333, 0.75]","[0.4263066687696689, 0.5815626507004102, 0.4580437098940214, 0.49292862694710493]","[0.8, 0.7903225806451613]","[[0.75, 0.9411764705882353], [0.8695652173913043, 0.6923076923076923], [0.0, 0.7857142857142857], [0.8333333333333334, 0.7222222222222222]]","[37, 36, 15, 24]",0.7933081922490572,"[0.8377192982456141, 0.785531914893617, 0.4230769230769231, 0.71875]",0.4230769230769231,0.5815626507004102,"[0.3289034962654114, 0.3246293067932129, 0.13101574778556824, 0.2154514491558075]","[0.47838814391030204, 0.474880940384335, 0.5010674761401283, 0.5625650485356649]","[0.32911691069602966, 0.32422134280204773, 0.13110744953155518, 0.21555422246456146]","[0.32905295491218567, 0.3194221556186676, 0.13322632014751434, 0.2182985544204712]",0.0
"{""run_name"": ""fedheart_exp_paper_hetagg_gdro"", ""seed"": 7, ""run_dir"": ""runs/fedheart_uncapped/Shared_Anchors_GDRO_s7_f1"", ""use_fedheart"": true, ""num_classes"": 2, ""stratified_batching"": true, ""train_frac"": 0.8, ""group_max_train_samples"": null, ""true_hetero_input_dim"": true, ""feature_mask"": [[0, 1, 2, 3, 5, 6, 7, 8, 9, 10], [0, 1, 2, 3, 5, 6, 11, 12], [0, 1, 2, 4, 5, 7, 11, 12], [0, 1, 2, 4, 5, 6, 8, 9, 10]], ""batch_size"": 64, ""num_workers"": 0, ""epochs"": 100, ""early_stopping_patience"": 30, ""lr"": 0.001, ""weight_decay"": 0.0001, ""optimizer"": ""adam"", ""grad_clip"": 1.0, ""lr_scheduler"": ""cosine"", ""lr_min"": 1e-05, ""latent_dim"": 64, ""head_hidden"": 32, ""groups"": [{""name"": ""cleveland"", ""encoder"": ""mlp_tabular_ln"", ""input_dim"": 13, ""hidden_dim"": 64, ""dropout"": 0.1}, {""name"": ""hungarian"", ""encoder"": ""mlp_tabular_ln"", ""input_dim"": 13, ""hidden_dim"": 64, ""dropout"": 0.1}, {""name"": ""switzerland"", ""encoder"": ""mlp_tabular_ln"", ""input_dim"": 13, ""hidden_dim"": 64, ""dropout"": 0.1}, {""name"": ""va_long_beach"", ""encoder"": ""mlp_tabular_ln"", ""input_dim"": 13, ""hidden_dim"": 64, ""dropout"": 0.1}], ""anchor_eps"": 0.0001, ""sep_samples_per_class"": 4, ""sep_method"": ""classifier"", ""sep_margin"": 1.0, ""lambda_fit"": 0.1, ""lambda_sep"": 0.1, ""groupdro_enabled"": true, ""groupdro_eta"": 0.02, ""groupdro_gamma"": 0.9, ""groupdro_update_mode"": ""exp"", ""groupdro_objective"": ""weighted"", ""groupdro_kl_lambda"": 0.0, ""groupdro_uniform_init"": false, ""log_interval"": 20, ""save_every"": 10, ""groupdro_ema_decay"": 0.9, ""groupdro_update_every"": 1, ""dro_signal"": ""val"", ""val_frac"": 0.15, ""impute_missing"": true, ""common_encoder"": true, ""use_regret"": false, ""data_split_seed"": 1001}","{""num_groups"": 4, ""num_classes"": 2, ""train_total"": 623, ""test_total"": 185, ""train_group_counts"": [205, 199, 83, 136], ""test_group_counts"": [61, 59, 25, 40], ""train_class_counts"": [278, 345], ""test_class_counts"": [83, 102], ""train_group_class_counts"": [[111, 94], [127, 72], [5, 78], [35, 101]], ""test_group_class_counts"": [[33, 28], [38, 21], [2, 23], [10, 30]], ""group_proportions"": [0.3290529695024077, 0.31942215088282505, 0.1332263242375602, 0.21829855537720708], ""val_group_counts"": [37, 36, 15, 24], ""val_total"": 112}","{""num_groups"": 4, ""eta"": 0.02, ""update_mode"": ""exp"", ""robust_objective"": ""weighted"", ""gamma"": 0.9, ""kl_lambda"": 0.0, ""initial_pi"": [0.32905295491218567, 0.3194221556186676, 0.13322632014751434, 0.2182985544204712]}",2026-09-16T04:08:51.852823,18,0.5375666684574552,0.7534722222222222,0.001,0.745945945945946,0.7598947624340094,0.675,0.88,"[0.7049180327868853, 0.7796610169491526, 0.88, 0.675]","[0.5386015554798431, 0.5543406720636255, 0.39263379663228987, 0.6217948386445642]","[0.6987951807228916, 0.7843137254901961]","[[0.6363636363636364, 0.7857142857142857], [0.7368421052631579, 0.8571428571428571], [1.0, 0.8695652173913043], [0.7, 0.6666666666666666]]","[61, 59, 25, 40]",0.7423016508105866,"[0.7048387096774194, 0.7731440402247856, 0.7508305647840532, 0.636617749825297]",0.636617749825297,0.6217948386445642,0.7946428571428571,0.7877439939939941,0.7083333333333334,0.8648648648648649,"[0.8648648648648649, 0.7777777777777778, 0.8, 0.7083333333333334]","[0.42632978369255325, 0.5846862190713485, 0.43727239867051443, 0.489540146663785]","[0.8, 0.7903225806451613]","[[0.75, 1.0], [0.8695652173913043, 0.6153846153846154], [0.0, 0.8571428571428571], [0.8333333333333334, 0.6666666666666666]]","[37, 36, 15, 24]",0.7933081922490572,"[0.8644688644688645, 0.75, 0.4444444444444445, 0.6812144212523719]",0.4444444444444445,0.5846862190713485,"[0.3286675810813904, 0.32505640387535095, 0.13091863691806793, 0.21535742282867432]","[0.4753124846352471, 0.4840312633249495, 0.46071105533176, 0.5932576788796319]","[0.3289034962654114, 0.3246293067932129, 0.13101574778556824, 0.2154514491558075]","[0.32905295491218567, 0.3194221556186676, 0.13322632014751434, 0.2182985544204712]",0.0
"{""run_name"": ""fedheart_exp_paper_hetagg_gdro"", ""seed"": 7, ""run_dir"": ""runs/fedheart_uncapped/Shared_Anchors_GDRO_s7_f1"", ""use_fedheart"": true, ""num_classes"": 2, ""stratified_batching"": true, ""train_frac"": 0.8, ""group_max_train_samples"": null, ""true_hetero_input_dim"": true, ""feature_mask"": [[0, 1, 2, 3, 5, 6, 7, 8, 9, 10], [0, 1, 2, 3, 5, 6, 11, 12], [0, 1, 2, 4, 5, 7, 11, 12], [0, 1, 2, 4, 5, 6, 8, 9, 10]], ""batch_size"": 64, ""num_workers"": 0, ""epochs"": 100, ""early_stopping_patience"": 30, ""lr"": 0.001, ""weight_decay"": 0.0001, ""optimizer"": ""adam"", ""grad_clip"": 1.0, ""lr_scheduler"": ""cosine"", ""lr_min"": 1e-05, ""latent_dim"": 64, ""head_hidden"": 32, ""groups"": [{""name"": ""cleveland"", ""encoder"": ""mlp_tabular_ln"", ""input_dim"": 13, ""hidden_dim"": 64, ""dropout"": 0.1}, {""name"": ""hungarian"", ""encoder"": ""mlp_tabular_ln"", ""input_dim"": 13, ""hidden_dim"": 64, ""dropout"": 0.1}, {""name"": ""switzerland"", ""encoder"": ""mlp_tabular_ln"", ""input_dim"": 13, ""hidden_dim"": 64, ""dropout"": 0.1}, {""name"": ""va_long_beach"", ""encoder"": ""mlp_tabular_ln"", ""input_dim"": 13, ""hidden_dim"": 64, ""dropout"": 0.1}], ""anchor_eps"": 0.0001, ""sep_samples_per_class"": 4, ""sep_method"": ""classifier"", ""sep_margin"": 1.0, ""lambda_fit"": 0.1, ""lambda_sep"": 0.1, ""groupdro_enabled"": true, ""groupdro_eta"": 0.02, ""groupdro_gamma"": 0.9, ""groupdro_update_mode"": ""exp"", ""groupdro_objective"": ""weighted"", ""groupdro_kl_lambda"": 0.0, ""groupdro_uniform_init"": false, ""log_interval"": 20, ""save_every"": 10, ""groupdro_ema_decay"": 0.9, ""groupdro_update_every"": 1, ""dro_signal"": ""val"", ""val_frac"": 0.15, ""impute_missing"": true, ""common_encoder"": true, ""use_regret"": false, ""data_split_seed"": 1001}","{""num_groups"": 4, ""num_classes"": 2, ""train_total"": 623, ""test_total"": 185, ""train_group_counts"": [205, 199, 83, 136], ""test_group_counts"": [61, 59, 25, 40], ""train_class_counts"": [278, 345], ""test_class_counts"": [83, 102], ""train_group_class_counts"": [[111, 94], [127, 72], [5, 78], [35, 101]], ""test_group_class_counts"": [[33, 28], [38, 21], [2, 23], [10, 30]], ""group_proportions"": [0.3290529695024077, 0.31942215088282505, 0.1332263242375602, 0.21829855537720708], ""val_group_counts"": [37, 36, 15, 24], ""val_total"": 112}","{""num_groups"": 4, ""eta"": 0.02, ""update_mode"": ""exp"", ""robust_objective"": ""weighted"", ""gamma"": 0.9, ""kl_lambda"": 0.0, ""initial_pi"": [0.32905295491218567, 0.3194221556186676, 0.13322632014751434, 0.2182985544204712]}",2026-09-16T04:08:51.852823,19,0.5370076166258918,0.7534722222222222,0.001,0.745945945945946,0.7598947624340094,0.675,0.88,"[0.7049180327868853, 0.7796610169491526, 0.88, 0.675]","[0.5643269554024837, 0.5717348404607531, 0.35668352201581, 0.6116643708199263]","[0.6867469879518072, 0.7941176470588235]","[[0.6060606060606061, 0.8214285714285714], [0.7368421052631579, 0.8571428571428571], [1.0, 0.8695652173913043], [0.7, 0.6666666666666666]]","[61, 59, 25, 40]",0.7415970756931856,"[0.7042025862068965, 0.7731440402247856, 0.7508305647840532, 0.636617749825297]",0.636617749825297,0.6116643708199263,0.7946428571428571,0.7912162162162162,0.75,0.8648648648648649,"[0.8648648648648649, 0.75, 0.8, 0.75]","[0.43396448132556836, 0.5919952868587441, 0.4217633982499441, 0.46016816577563685]","[0.76, 0.8225806451612904]","[[0.75, 1.0], [0.782608695652174, 0.6923076923076923], [0.0, 0.8571428571428571], [0.8333333333333334, 0.7222222222222222]]","[37, 36, 15, 24]",0.7918383838383838,"[0.8644688644688645, 0.7333333333333334, 0.4444444444444445, 0.71875]",0.4444444444444445,0.5919952868587441,"[0.32841870188713074, 0.3255077302455902, 0.13081347942352295, 0.21526004374027252]","[0.48944928910997176, 0.45905253622266984, 0.5093600716855791, 0.612386984957589]","[0.3286675810813904, 0.32505640387535095, 0.13091863691806793, 0.21535742282867432]","[0.32905295491218567, 0.3194221556186676, 0.13322632014751434, 0.2182985544204712]",0.0
"{""run_name"": ""fedheart_exp_paper_hetagg_gdro"", ""seed"": 7, ""run_dir"": ""runs/fedheart_uncapped/Shared_Anchors_GDRO_s7_f1"", ""use_fedheart"": true, ""num_classes"": 2, ""stratified_batching"": true, ""train_frac"": 0.8, ""group_max_train_samples"": null, ""true_hetero_input_dim"": true, ""feature_mask"": [[0, 1, 2, 3, 5, 6, 7, 8, 9, 10], [0, 1, 2, 3, 5, 6, 11, 12], [0, 1, 2, 4, 5, 7, 11, 12], [0, 1, 2, 4, 5, 6, 8, 9, 10]], ""batch_size"": 64, ""num_workers"": 0, ""epochs"": 100, ""early_stopping_patience"": 30, ""lr"": 0.001, ""weight_decay"": 0.0001, ""optimizer"": ""adam"", ""grad_clip"": 1.0, ""lr_scheduler"": ""cosine"", ""lr_min"": 1e-05, ""latent_dim"": 64, ""head_hidden"": 32, ""groups"": [{""name"": ""cleveland"", ""encoder"": ""mlp_tabular_ln"", ""input_dim"": 13, ""hidden_dim"": 64, ""dropout"": 0.1}, {""name"": ""hungarian"", ""encoder"": ""mlp_tabular_ln"", ""input_dim"": 13, ""hidden_dim"": 64, ""dropout"": 0.1}, {""name"": ""switzerland"", ""encoder"": ""mlp_tabular_ln"", ""input_dim"": 13, ""hidden_dim"": 64, ""dropout"": 0.1}, {""name"": ""va_long_beach"", ""encoder"": ""mlp_tabular_ln"", ""input_dim"": 13, ""hidden_dim"": 64, ""dropout"": 0.1}], ""anchor_eps"": 0.0001, ""sep_samples_per_class"": 4, ""sep_method"": ""classifier"", ""sep_margin"": 1.0, ""lambda_fit"": 0.1, ""lambda_sep"": 0.1, ""groupdro_enabled"": true, ""groupdro_eta"": 0.02, ""groupdro_gamma"": 0.9, ""groupdro_update_mode"": ""exp"", ""groupdro_objective"": ""weighted"", ""groupdro_kl_lambda"": 0.0, ""groupdro_uniform_init"": false, ""log_interval"": 20, ""save_every"": 10, ""groupdro_ema_decay"": 0.9, ""groupdro_update_every"": 1, ""dro_signal"": ""val"", ""val_frac"": 0.15, ""impute_missing"": true, ""common_encoder"": true, ""use_regret"": false, ""data_split_seed"": 1001}","{""num_groups"": 4, ""num_classes"": 2, ""train_total"": 623, ""test_total"": 185, ""train_group_counts"": [205, 199, 83, 136], ""test_group_counts"": [61, 59, 25, 40], ""train_class_counts"": [278, 345], ""test_class_counts"": [83, 102], ""train_group_class_counts"": [[111, 94], [127, 72], [5, 78], [35, 101]], ""test_group_class_counts"": [[33, 28], [38, 21], [2, 23], [10, 30]], ""group_proportions"": [0.3290529695024077, 0.31942215088282505, 0.1332263242375602, 0.21829855537720708], ""val_group_counts"": [37, 36, 15, 24], ""val_total"": 112}","{""num_groups"": 4, ""eta"": 0.02, ""update_mode"": ""exp"", ""robust_objective"": ""weighted"", ""gamma"": 0.9, ""kl_lambda"": 0.0, ""initial_pi"": [0.32905295491218567, 0.3194221556186676, 0.13322632014751434, 0.2182985544204712]}",2026-09-16T04:08:51.852823,20,0.5062970221042633,0.7604166666666666,0.001,0.7297297297297297,0.7351041956098916,0.6,0.84,"[0.7377049180327869, 0.7627118644067796, 0.84, 0.6]","[0.5424897104013161, 0.5482270385501748, 0.42073494955897334, 0.6487867224961519]","[0.7228915662650602, 0.7352941176470589]","[[0.696969696969697, 0.7857142857142857], [0.7368421052631579, 0.8095238095238095], [1.0, 0.8260869565217391], [0.7, 0.5666666666666667]]","[61, 59, 25, 40]",0.7279411764705882,"[0.7376344086021506, 0.7541666666666667, 0.7023809523809523, 0.5733333333333334]",0.5733333333333334,0.6487867224961519,0.7678571428571429,0.7670983483483483,0.7083333333333334,0.8378378378378378,"[0.8378378378378378, 0.7222222222222222, 0.8, 0.7083333333333334]","[0.41976523077165756, 0.5977888837870624, 0.4564769824345907, 0.5003328543777267]","[0.82, 0.7258064516129032]","[[0.75, 0.9411764705882353], [0.8695652173913043, 0.46153846153846156], [0.0, 0.8571428571428571], [1.0, 0.6111111111111112]]","[37, 36, 15, 24]",0.7675606641123882,"[0.8377192982456141, 0.6727272727272727, 0.4444444444444445, 0.6950998185117967]",0.4444444444444445,0.5977888837870624,"[0.3281420171260834, 0.32597804069519043, 0.13070747256278992, 0.21517248451709747]","[0.4759066071775224, 0.4731852644019657, 0.4334320392873552, 0.5640222628911337]","[0.32841870188713074, 0.3255077302455902, 0.13081347942352295, 0.21526004374027252]","[0.32905295491218567, 0.3194221556186676, 0.13322632014751434, 0.2182985544204712]",0.0
"{""run_name"": ""fedheart_exp_paper_hetagg_gdro"", ""seed"": 7, ""run_dir"": ""runs/fedheart_uncapped/Shared_Anchors_GDRO_s7_f1"", ""use_fedheart"": true, ""num_classes"": 2, ""stratified_batching"": true, ""train_frac"": 0.8, ""group_max_train_samples"": null, ""true_hetero_input_dim"": true, ""feature_mask"": [[0, 1, 2, 3, 5, 6, 7, 8, 9, 10], [0, 1, 2, 3, 5, 6, 11, 12], [0, 1, 2, 4, 5, 7, 11, 12], [0, 1, 2, 4, 5, 6, 8, 9, 10]], ""batch_size"": 64, ""num_workers"": 0, ""epochs"": 100, ""early_stopping_patience"": 30, ""lr"": 0.001, ""weight_decay"": 0.0001, ""optimizer"": ""adam"", ""grad_clip"": 1.0, ""lr_scheduler"": ""cosine"", ""lr_min"": 1e-05, ""latent_dim"": 64, ""head_hidden"": 32, ""groups"": [{""name"": ""cleveland"", ""encoder"": ""mlp_tabular_ln"", ""input_dim"": 13, ""hidden_dim"": 64, ""dropout"": 0.1}, {""name"": ""hungarian"", ""encoder"": ""mlp_tabular_ln"", ""input_dim"": 13, ""hidden_dim"": 64, ""dropout"": 0.1}, {""name"": ""switzerland"", ""encoder"": ""mlp_tabular_ln"", ""input_dim"": 13, ""hidden_dim"": 64, ""dropout"": 0.1}, {""name"": ""va_long_beach"", ""encoder"": ""mlp_tabular_ln"", ""input_dim"": 13, ""hidden_dim"": 64, ""dropout"": 0.1}], ""anchor_eps"": 0.0001, ""sep_samples_per_class"": 4, ""sep_method"": ""classifier"", ""sep_margin"": 1.0, ""lambda_fit"": 0.1, ""lambda_sep"": 0.1, ""groupdro_enabled"": true, ""groupdro_eta"": 0.02, ""groupdro_gamma"": 0.9, ""groupdro_update_mode"": ""exp"", ""groupdro_objective"": ""weighted"", ""groupdro_kl_lambda"": 0.0, ""groupdro_uniform_init"": false, ""log_interval"": 20, ""save_every"": 10, ""groupdro_ema_decay"": 0.9, ""groupdro_update_every"": 1, ""dro_signal"": ""val"", ""val_frac"": 0.15, ""impute_missing"": true, ""common_encoder"": true, ""use_regret"": false, ""data_split_seed"": 1001}","{""num_groups"": 4, ""num_classes"": 2, ""train_total"": 623, ""test_total"": 185, ""train_group_counts"": [205, 199, 83, 136], ""test_group_counts"": [61, 59, 25, 40], ""train_class_counts"": [278, 345], ""test_class_counts"": [83, 102], ""train_group_class_counts"": [[111, 94], [127, 72], [5, 78], [35, 101]], ""test_group_class_counts"": [[33, 28], [38, 21], [2, 23], [10, 30]], ""group_proportions"": [0.3290529695024077, 0.31942215088282505, 0.1332263242375602, 0.21829855537720708], ""val_group_counts"": [37, 36, 15, 24], ""val_total"": 112}","{""num_groups"": 4, ""eta"": 0.02, ""update_mode"": ""exp"", ""robust_objective"": ""weighted"", ""gamma"": 0.9, ""kl_lambda"": 0.0, ""initial_pi"": [0.32905295491218567, 0.3194221556186676, 0.13322632014751434, 0.2182985544204712]}",2026-09-16T04:08:51.852823,21,0.49941059284740025,0.7760416666666666,0.001,0.7405405405405405,0.7580869686023896,0.6557377049180327,0.88,"[0.6557377049180327, 0.7966101694915254, 0.88, 0.7]","[0.580219994436522, 0.5875964651547246, 0.35891315922141076, 0.5899539484642446]","[0.6385542168674698, 0.8235294117647058]","[[0.5151515151515151, 0.8214285714285714], [0.7368421052631579, 0.9047619047619048], [1.0, 0.8695652173913043], [0.6, 0.7333333333333333]]","[61, 59, 25, 40]",0.733044733044733,"[0.6523744911804614, 0.7917647058823529, 0.7508305647840532, 0.6428571428571428]",0.6428571428571428,0.5899539484642446,0.8125,0.8051051051051051,0.75,0.8648648648648649,"[0.8648648648648649, 0.8055555555555556, 0.8, 0.75]","[0.42825646094373754, 0.6091038141813543, 0.39436717530091603, 0.44752274360507727]","[0.8, 0.8225806451612904]","[[0.75, 1.0], [0.8695652173913043, 0.6923076923076923], [0.0, 0.8571428571428571], [0.8333333333333334, 0.7222222222222222]]","[37, 36, 15, 24]",0.8106737503018595,"[0.8644688644688645, 0.785531914893617, 0.4444444444444445, 0.71875]",0.4444444444444445,0.6091038141813543,"[0.3278543949127197, 0.32648134231567383, 0.13058781623840332, 0.2150765210390091]","[0.4255652262104882, 0.45271582735909355, 0.49576349722014534, 0.6141737931304507]","[0.3281420171260834, 0.32597804069519043, 0.13070747256278992, 0.21517248451709747]","[0.32905295491218567, 0.3194221556186676, 0.13322632014751434, 0.2182985544204712]",0.0
"{""run_name"": ""fedheart_exp_paper_hetagg_gdro"", ""seed"": 7, ""run_dir"": ""runs/fedheart_uncapped/Shared_Anchors_GDRO_s7_f1"", ""use_fedheart"": true, ""num_classes"": 2, ""stratified_batching"": true, ""train_frac"": 0.8, ""group_max_train_samples"": null, ""true_hetero_input_dim"": true, ""feature_mask"": [[0, 1, 2, 3, 5, 6, 7, 8, 9, 10], [0, 1, 2, 3, 5, 6, 11, 12], [0, 1, 2, 4, 5, 7, 11, 12], [0, 1, 2, 4, 5, 6, 8, 9, 10]], ""batch_size"": 64, ""num_workers"": 0, ""epochs"": 100, ""early_stopping_patience"": 30, ""lr"": 0.001, ""weight_decay"": 0.0001, ""optimizer"": ""adam"", ""grad_clip"": 1.0, ""lr_scheduler"": ""cosine"", ""lr_min"": 1e-05, ""latent_dim"": 64, ""head_hidden"": 32, ""groups"": [{""name"": ""cleveland"", ""encoder"": ""mlp_tabular_ln"", ""input_dim"": 13, ""hidden_dim"": 64, ""dropout"": 0.1}, {""name"": ""hungarian"", ""encoder"": ""mlp_tabular_ln"", ""input_dim"": 13, ""hidden_dim"": 64, ""dropout"": 0.1}, {""name"": ""switzerland"", ""encoder"": ""mlp_tabular_ln"", ""input_dim"": 13, ""hidden_dim"": 64, ""dropout"": 0.1}, {""name"": ""va_long_beach"", ""encoder"": ""mlp_tabular_ln"", ""input_dim"": 13, ""hidden_dim"": 64, ""dropout"": 0.1}], ""anchor_eps"": 0.0001, ""sep_samples_per_class"": 4, ""sep_method"": ""classifier"", ""sep_margin"": 1.0, ""lambda_fit"": 0.1, ""lambda_sep"": 0.1, ""groupdro_enabled"": true, ""groupdro_eta"": 0.02, ""groupdro_gamma"": 0.9, ""groupdro_update_mode"": ""exp"", ""groupdro_objective"": ""weighted"", ""groupdro_kl_lambda"": 0.0, ""groupdro_uniform_init"": false, ""log_interval"": 20, ""save_every"": 10, ""groupdro_ema_decay"": 0.9, ""groupdro_update_every"": 1, ""dro_signal"": ""val"", ""val_frac"": 0.15, ""impute_missing"": true, ""common_encoder"": true, ""use_regret"": false, ""data_split_seed"": 1001}","{""num_groups"": 4, ""num_classes"": 2, ""train_total"": 623, ""test_total"": 185, ""train_group_counts"": [205, 199, 83, 136], ""test_group_counts"": [61, 59, 25, 40], ""train_class_counts"": [278, 345], ""test_class_counts"": [83, 102], ""train_group_class_counts"": [[111, 94], [127, 72], [5, 78], [35, 101]], ""test_group_class_counts"": [[33, 28], [38, 21], [2, 23], [10, 30]], ""group_proportions"": [0.3290529695024077, 0.31942215088282505, 0.1332263242375602, 0.21829855537720708], ""val_group_counts"": [37, 36, 15, 24], ""val_total"": 112}","{""num_groups"": 4, ""eta"": 0.02, ""update_mode"": ""exp"", ""robust_objective"": ""weighted"", ""gamma"": 0.9, ""kl_lambda"": 0.0, ""initial_pi"": [0.32905295491218567, 0.3194221556186676, 0.13322632014751434, 0.2182985544204712]}",2026-09-16T04:08:51.852823,22,0.4944581157631344,0.7777777777777778,0.001,0.7405405405405405,0.754198041122534,0.6721311475409836,0.84,"[0.6721311475409836, 0.7796610169491526, 0.84, 0.725]","[0.5743345590155633, 0.5828533608908371, 0.371036846190691, 0.6037471620365977]","[0.6626506024096386, 0.803921568627451]","[[0.5454545454545454, 0.8214285714285714], [0.7368421052631579, 0.8571428571428571], [1.0, 0.8260869565217391], [0.7, 0.7333333333333333]]","[61, 59, 25, 40]",0.7348937186529736,"[0.6699134199134199, 0.7731440402247856, 0.7023809523809523, 0.68]",0.6699134199134199,0.6037471620365977,0.8035714285714286,0.7981606606606607,0.75,0.8648648648648649,"[0.8648648648648649, 0.7777777777777778, 0.8, 0.75]","[0.41884742979262324, 0.6061594242023097, 0.4119743123650551, 0.4514234658951561]","[0.8, 0.8064516129032258]","[[0.75, 1.0], [0.8695652173913043, 0.6153846153846154], [0.0, 0.8571428571428571], [0.8333333333333334, 0.7222222222222222]]","[37, 36, 15, 24]",0.8019929283188685,"[0.8644688644688645, 0.75, 0.4444444444444445, 0.71875]",0.4444444444444445,0.6061594242023097,"[0.3275512456893921, 0.3270130455493927, 0.1304607093334198, 0.2149750143289566]","[0.49040516051981187, 0.45328085290061104, 0.39517153965102303, 0.580694811211692]","[0.3278543949127197, 0.32648134231567383, 0.13058781623840332, 0.2150765210390091]","[0.32905295491218567, 0.3194221556186676, 0.13322632014751434, 0.2182985544204712]",0.0
"{""run_name"": ""fedheart_exp_paper_hetagg_gdro"", ""seed"": 7, ""run_dir"": ""runs/fedheart_uncapped/Shared_Anchors_GDRO_s7_f1"", ""use_fedheart"": true, ""num_classes"": 2, ""stratified_batching"": true, ""train_frac"": 0.8, ""group_max_train_samples"": null, ""true_hetero_input_dim"": true, ""feature_mask"": [[0, 1, 2, 3, 5, 6, 7, 8, 9, 10], [0, 1, 2, 3, 5, 6, 11, 12], [0, 1, 2, 4, 5, 7, 11, 12], [0, 1, 2, 4, 5, 6, 8, 9, 10]], ""batch_size"": 64, ""num_workers"": 0, ""epochs"": 100, ""early_stopping_patience"": 30, ""lr"": 0.001, ""weight_decay"": 0.0001, ""optimizer"": ""adam"", ""grad_clip"": 1.0, ""lr_scheduler"": ""cosine"", ""lr_min"": 1e-05, ""latent_dim"": 64, ""head_hidden"": 32, ""groups"": [{""name"": ""cleveland"", ""encoder"": ""mlp_tabular_ln"", ""input_dim"": 13, ""hidden_dim"": 64, ""dropout"": 0.1}, {""name"": ""hungarian"", ""encoder"": ""mlp_tabular_ln"", ""input_dim"": 13, ""hidden_dim"": 64, ""dropout"": 0.1}, {""name"": ""switzerland"", ""encoder"": ""mlp_tabular_ln"", ""input_dim"": 13, ""hidden_dim"": 64, ""dropout"": 0.1}, {""name"": ""va_long_beach"", ""encoder"": ""mlp_tabular_ln"", ""input_dim"": 13, ""hidden_dim"": 64, ""dropout"": 0.1}], ""anchor_eps"": 0.0001, ""sep_samples_per_class"": 4, ""sep_method"": ""classifier"", ""sep_margin"": 1.0, ""lambda_fit"": 0.1, ""lambda_sep"": 0.1, ""groupdro_enabled"": true, ""groupdro_eta"": 0.02, ""groupdro_gamma"": 0.9, ""groupdro_update_mode"": ""exp"", ""groupdro_objective"": ""weighted"", ""groupdro_kl_lambda"": 0.0, ""groupdro_uniform_init"": false, ""log_interval"": 20, ""save_every"": 10, ""groupdro_ema_decay"": 0.9, ""groupdro_update_every"": 1, ""dro_signal"": ""val"", ""val_frac"": 0.15, ""impute_missing"": true, ""common_encoder"": true, ""use_regret"": false, ""data_split_seed"": 1001}","{""num_groups"": 4, ""num_classes"": 2, ""train_total"": 623, ""test_total"": 185, ""train_group_counts"": [205, 199, 83, 136], ""test_group_counts"": [61, 59, 25, 40], ""train_class_counts"": [278, 345], ""test_class_counts"": [83, 102], ""train_group_class_counts"": [[111, 94], [127, 72], [5, 78], [35, 101]], ""test_group_class_counts"": [[33, 28], [38, 21], [2, 23], [10, 30]], ""group_proportions"": [0.3290529695024077, 0.31942215088282505, 0.1332263242375602, 0.21829855537720708], ""val_group_counts"": [37, 36, 15, 24], ""val_total"": 112}","{""num_groups"": 4, ""eta"": 0.02, ""update_mode"": ""exp"", ""robust_objective"": ""weighted"", ""gamma"": 0.9, ""kl_lambda"": 0.0, ""initial_pi"": [0.32905295491218567, 0.3194221556186676, 0.13322632014751434, 0.2182985544204712]}",2026-09-16T04:08:51.852823,23,0.4534206920199924,0.7899305555555556,0.001,0.7243243243243244,0.7330185468185607,0.625,0.84,"[0.7213114754098361, 0.7457627118644068, 0.84, 0.625]","[0.5657793245293566, 0.5747939105761253, 0.41770164981484414, 0.6477976625785231]","[0.6987951807228916, 0.7450980392156863]","[[0.6363636363636364, 0.8214285714285714], [0.7368421052631579, 0.7619047619047619], [1.0, 0.8260869565217391], [0.7, 0.6]]","[61, 59, 25, 40]",0.7216896256747589,"[0.7210115684691955, 0.7347917290979922, 0.7023809523809523, 0.5943204868154157]",0.5943204868154157,0.6477976625785231,0.7678571428571429,0.7669106606606607,0.6944444444444444,0.8648648648648649,"[0.8648648648648649, 0.6944444444444444, 0.8, 0.7083333333333334]","[0.40846895043914383, 0.611289829843574, 0.4414085417985916, 0.47734734571228427]","[0.82, 0.7258064516129032]","[[0.8, 0.9411764705882353], [0.8695652173913043, 0.38461538461538464], [0.0, 0.8571428571428571], [0.8333333333333334, 0.6666666666666666]]","[37, 36, 15, 24]",0.7675606641123882,"[0.8648648648648648, 0.6302521008403361, 0.4444444444444445, 0.6812144212523719]",0.4444444444444445,0.611289829843574,"[0.3272223174571991, 0.32756879925727844, 0.1303325593471527, 0.21487630903720856]","[0.4648491111066606, 0.43563324875301784, 0.3162962595621745, 0.5363291501998901]","[0.3275512456893921, 0.3270130455493927, 0.1304607093334198, 0.2149750143289566]","[0.32905295491218567, 0.3194221556186676, 0.13322632014751434, 0.2182985544204712]",0.0
"{""run_name"": ""fedheart_exp_paper_hetagg_gdro"", ""seed"": 7, ""run_dir"": ""runs/fedheart_uncapped/Shared_Anchors_GDRO_s7_f1"", ""use_fedheart"": true, ""num_classes"": 2, ""stratified_batching"": true, ""train_frac"": 0.8, ""group_max_train_samples"": null, ""true_hetero_input_dim"": true, ""feature_mask"": [[0, 1, 2, 3, 5, 6, 7, 8, 9, 10], [0, 1, 2, 3, 5, 6, 11, 12], [0, 1, 2, 4, 5, 7, 11, 12], [0, 1, 2, 4, 5, 6, 8, 9, 10]], ""batch_size"": 64, ""num_workers"": 0, ""epochs"": 100, ""early_stopping_patience"": 30, ""lr"": 0.001, ""weight_decay"": 0.0001, ""optimizer"": ""adam"", ""grad_clip"": 1.0, ""lr_scheduler"": ""cosine"", ""lr_min"": 1e-05, ""latent_dim"": 64, ""head_hidden"": 32, ""groups"": [{""name"": ""cleveland"", ""encoder"": ""mlp_tabular_ln"", ""input_dim"": 13, ""hidden_dim"": 64, ""dropout"": 0.1}, {""name"": ""hungarian"", ""encoder"": ""mlp_tabular_ln"", ""input_dim"": 13, ""hidden_dim"": 64, ""dropout"": 0.1}, {""name"": ""switzerland"", ""encoder"": ""mlp_tabular_ln"", ""input_dim"": 13, ""hidden_dim"": 64, ""dropout"": 0.1}, {""name"": ""va_long_beach"", ""encoder"": ""mlp_tabular_ln"", ""input_dim"": 13, ""hidden_dim"": 64, ""dropout"": 0.1}], ""anchor_eps"": 0.0001, ""sep_samples_per_class"": 4, ""sep_method"": ""classifier"", ""sep_margin"": 1.0, ""lambda_fit"": 0.1, ""lambda_sep"": 0.1, ""groupdro_enabled"": true, ""groupdro_eta"": 0.02, ""groupdro_gamma"": 0.9, ""groupdro_update_mode"": ""exp"", ""groupdro_objective"": ""weighted"", ""groupdro_kl_lambda"": 0.0, ""groupdro_uniform_init"": false, ""log_interval"": 20, ""save_every"": 10, ""groupdro_ema_decay"": 0.9, ""groupdro_update_every"": 1, ""dro_signal"": ""val"", ""val_frac"": 0.15, ""impute_missing"": true, ""common_encoder"": true, ""use_regret"": false, ""data_split_seed"": 1001}","{""num_groups"": 4, ""num_classes"": 2, ""train_total"": 623, ""test_total"": 185, ""train_group_counts"": [205, 199, 83, 136], ""test_group_counts"": [61, 59, 25, 40], ""train_class_counts"": [278, 345], ""test_class_counts"": [83, 102], ""train_group_class_counts"": [[111, 94], [127, 72], [5, 78], [35, 101]], ""test_group_class_counts"": [[33, 28], [38, 21], [2, 23], [10, 30]], ""group_proportions"": [0.3290529695024077, 0.31942215088282505, 0.1332263242375602, 0.21829855537720708], ""val_group_counts"": [37, 36, 15, 24], ""val_total"": 112}","{""num_groups"": 4, ""eta"": 0.02, ""update_mode"": ""exp"", ""robust_objective"": ""weighted"", ""gamma"": 0.9, ""kl_lambda"": 0.0, ""initial_pi"": [0.32905295491218567, 0.3194221556186676, 0.13322632014751434, 0.2182985544204712]}",2026-09-16T04:08:51.852823,24,0.47088022033373517,0.8003472222222222,0.001,0.7243243243243244,0.7416251041956099,0.6557377049180327,0.84,"[0.6557377049180327, 0.7457627118644068, 0.84, 0.725]","[0.6406070849873492, 0.6458823159337044, 0.3293248984217644, 0.585956132505089]","[0.6024096385542169, 0.8235294117647058]","[[0.48484848484848486, 0.8571428571428571], [0.6842105263157895, 0.8571428571428571], [1.0, 0.8260869565217391], [0.6, 0.7666666666666667]]","[61, 59, 25, 40]",0.7146874716501861,"[0.649712879409352, 0.7410008779631255, 0.7023809523809523, 0.6643783371472158]",0.649712879409352,0.6458823159337044,0.8035714285714286,0.8113551051051051,0.7222222222222222,0.8666666666666667,"[0.8648648648648649, 0.7222222222222222, 0.8666666666666667, 0.7916666666666666]","[0.430803519346424, 0.6219514651844898, 0.3682493103047212, 0.40111310221254826]","[0.74, 0.8548387096774194]","[[0.75, 1.0], [0.7391304347826086, 0.6923076923076923], [0.0, 0.9285714285714286], [0.8333333333333334, 0.7777777777777778]]","[37, 36, 15, 24]",0.7994791666666666,"[0.8644688644688645, 0.7077922077922079, 0.4642857142857143, 0.7575757575757576]",0.4642857142857143,0.6219514651844898,"[0.3268946409225464, 0.32816317677497864, 0.13018833100795746, 0.21475377678871155]","[0.47500302725368077, 0.4418472515212165, 0.3795858456028832, 0.5651752220259773]","[0.3272223174571991, 0.32756879925727844, 0.1303325593471527, 0.21487630903720856]","[0.32905295491218567, 0.3194221556186676, 0.13322632014751434, 0.2182985544204712]",0.0
"{""run_name"": ""fedheart_exp_paper_hetagg_gdro"", ""seed"": 7, ""run_dir"": ""runs/fedheart_uncapped/Shared_Anchors_GDRO_s7_f1"", ""use_fedheart"": true, ""num_classes"": 2, ""stratified_batching"": true, ""train_frac"": 0.8, ""group_max_train_samples"": null, ""true_hetero_input_dim"": true, ""feature_mask"": [[0, 1, 2, 3, 5, 6, 7, 8, 9, 10], [0, 1, 2, 3, 5, 6, 11, 12], [0, 1, 2, 4, 5, 7, 11, 12], [0, 1, 2, 4, 5, 6, 8, 9, 10]], ""batch_size"": 64, ""num_workers"": 0, ""epochs"": 100, ""early_stopping_patience"": 30, ""lr"": 0.001, ""weight_decay"": 0.0001, ""optimizer"": ""adam"", ""grad_clip"": 1.0, ""lr_scheduler"": ""cosine"", ""lr_min"": 1e-05, ""latent_dim"": 64, ""head_hidden"": 32, ""groups"": [{""name"": ""cleveland"", ""encoder"": ""mlp_tabular_ln"", ""input_dim"": 13, ""hidden_dim"": 64, ""dropout"": 0.1}, {""name"": ""hungarian"", ""encoder"": ""mlp_tabular_ln"", ""input_dim"": 13, ""hidden_dim"": 64, ""dropout"": 0.1}, {""name"": ""switzerland"", ""encoder"": ""mlp_tabular_ln"", ""input_dim"": 13, ""hidden_dim"": 64, ""dropout"": 0.1}, {""name"": ""va_long_beach"", ""encoder"": ""mlp_tabular_ln"", ""input_dim"": 13, ""hidden_dim"": 64, ""dropout"": 0.1}], ""anchor_eps"": 0.0001, ""sep_samples_per_class"": 4, ""sep_method"": ""classifier"", ""sep_margin"": 1.0, ""lambda_fit"": 0.1, ""lambda_sep"": 0.1, ""groupdro_enabled"": true, ""groupdro_eta"": 0.02, ""groupdro_gamma"": 0.9, ""groupdro_update_mode"": ""exp"", ""groupdro_objective"": ""weighted"", ""groupdro_kl_lambda"": 0.0, ""groupdro_uniform_init"": false, ""log_interval"": 20, ""save_every"": 10, ""groupdro_ema_decay"": 0.9, ""groupdro_update_every"": 1, ""dro_signal"": ""val"", ""val_frac"": 0.15, ""impute_missing"": true, ""common_encoder"": true, ""use_regret"": false, ""data_split_seed"": 1001}","{""num_groups"": 4, ""num_classes"": 2, ""train_total"": 623, ""test_total"": 185, ""train_group_counts"": [205, 199, 83, 136], ""test_group_counts"": [61, 59, 25, 40], ""train_class_counts"": [278, 345], ""test_class_counts"": [83, 102], ""train_group_class_counts"": [[111, 94], [127, 72], [5, 78], [35, 101]], ""test_group_class_counts"": [[33, 28], [38, 21], [2, 23], [10, 30]], ""group_proportions"": [0.3290529695024077, 0.31942215088282505, 0.1332263242375602, 0.21829855537720708], ""val_group_counts"": [37, 36, 15, 24], ""val_total"": 112}","{""num_groups"": 4, ""eta"": 0.02, ""update_mode"": ""exp"", ""robust_objective"": ""weighted"", ""gamma"": 0.9, ""kl_lambda"": 0.0, ""initial_pi"": [0.32905295491218567, 0.3194221556186676, 0.13322632014751434, 0.2182985544204712]}",2026-09-16T04:08:51.852823,25,0.46199871434105766,0.7934027777777778,0.001,0.7243243243243244,0.731420186162823,0.675,0.8,"[0.7049180327868853, 0.7457627118644068, 0.8, 0.675]","[0.5973820333353809, 0.5925224623563936, 0.373759408891201, 0.6403138722293079]","[0.6746987951807228, 0.7647058823529411]","[[0.6060606060606061, 0.8214285714285714], [0.7105263157894737, 0.8095238095238095], [1.0, 0.782608695652174], [0.7, 0.6666666666666666]]","[61, 59, 25, 40]",0.7203698764114874,"[0.7042025862068965, 0.7382431233362912, 0.6612466124661247, 0.636617749825297]",0.636617749825297,0.6403138722293079,0.8035714285714286,0.7981606606606607,0.75,0.8648648648648649,"[0.8648648648648649, 0.7777777777777778, 0.8, 0.75]","[0.4036264814235069, 0.6130061464177238, 0.4217730330924193, 0.45505432691425085]","[0.84, 0.7741935483870968]","[[0.8, 0.9411764705882353], [0.9130434782608695, 0.5384615384615384], [0.0, 0.8571428571428571], [0.8333333333333334, 0.7222222222222222]]","[37, 36, 15, 24]",0.8030060761112887,"[0.8648648648648648, 0.7381818181818182, 0.4444444444444445, 0.71875]",0.4444444444444445,0.6130061464177238,"[0.32654592394828796, 0.32878223061561584, 0.13004185259342194, 0.21463006734848022]","[0.46138022508886123, 0.39490438832177055, 0.42342408498128253, 0.6063330007923974]","[0.3268946409225464, 0.32816317677497864, 0.13018833100795746, 0.21475377678871155]","[0.32905295491218567, 0.3194221556186676, 0.13322632014751434, 0.2182985544204712]",0.0
"{""run_name"": ""fedheart_exp_paper_hetagg_gdro"", ""seed"": 7, ""run_dir"": ""runs/fedheart_uncapped/Shared_Anchors_GDRO_s7_f1"", ""use_fedheart"": true, ""num_classes"": 2, ""stratified_batching"": true, ""train_frac"": 0.8, ""group_max_train_samples"": null, ""true_hetero_input_dim"": true, ""feature_mask"": [[0, 1, 2, 3, 5, 6, 7, 8, 9, 10], [0, 1, 2, 3, 5, 6, 11, 12], [0, 1, 2, 4, 5, 7, 11, 12], [0, 1, 2, 4, 5, 6, 8, 9, 10]], ""batch_size"": 64, ""num_workers"": 0, ""epochs"": 100, ""early_stopping_patience"": 30, ""lr"": 0.001, ""weight_decay"": 0.0001, ""optimizer"": ""adam"", ""grad_clip"": 1.0, ""lr_scheduler"": ""cosine"", ""lr_min"": 1e-05, ""latent_dim"": 64, ""head_hidden"": 32, ""groups"": [{""name"": ""cleveland"", ""encoder"": ""mlp_tabular_ln"", ""input_dim"": 13, ""hidden_dim"": 64, ""dropout"": 0.1}, {""name"": ""hungarian"", ""encoder"": ""mlp_tabular_ln"", ""input_dim"": 13, ""hidden_dim"": 64, ""dropout"": 0.1}, {""name"": ""switzerland"", ""encoder"": ""mlp_tabular_ln"", ""input_dim"": 13, ""hidden_dim"": 64, ""dropout"": 0.1}, {""name"": ""va_long_beach"", ""encoder"": ""mlp_tabular_ln"", ""input_dim"": 13, ""hidden_dim"": 64, ""dropout"": 0.1}], ""anchor_eps"": 0.0001, ""sep_samples_per_class"": 4, ""sep_method"": ""classifier"", ""sep_margin"": 1.0, ""lambda_fit"": 0.1, ""lambda_sep"": 0.1, ""groupdro_enabled"": true, ""groupdro_eta"": 0.02, ""groupdro_gamma"": 0.9, ""groupdro_update_mode"": ""exp"", ""groupdro_objective"": ""weighted"", ""groupdro_kl_lambda"": 0.0, ""groupdro_uniform_init"": false, ""log_interval"": 20, ""save_every"": 10, ""groupdro_ema_decay"": 0.9, ""groupdro_update_every"": 1, ""dro_signal"": ""val"", ""val_frac"": 0.15, ""impute_missing"": true, ""common_encoder"": true, ""use_regret"": false, ""data_split_seed"": 1001}","{""num_groups"": 4, ""num_classes"": 2, ""train_total"": 623, ""test_total"": 185, ""train_group_counts"": [205, 199, 83, 136], ""test_group_counts"": [61, 59, 25, 40], ""train_class_counts"": [278, 345], ""test_class_counts"": [83, 102], ""train_group_class_counts"": [[111, 94], [127, 72], [5, 78], [35, 101]], ""test_group_class_counts"": [[33, 28], [38, 21], [2, 23], [10, 30]], ""group_proportions"": [0.3290529695024077, 0.31942215088282505, 0.1332263242375602, 0.21829855537720708], ""val_group_counts"": [37, 36, 15, 24], ""val_total"": 112}","{""num_groups"": 4, ""eta"": 0.02, ""update_mode"": ""exp"", ""robust_objective"": ""weighted"", ""gamma"": 0.9, ""kl_lambda"": 0.0, ""initial_pi"": [0.32905295491218567, 0.3194221556186676, 0.13322632014751434, 0.2182985544204712]}",2026-09-16T04:08:51.852823,26,0.4677076008584764,0.7916666666666666,0.001,0.7351351351351352,0.7557234648513476,0.6721311475409836,0.88,"[0.6721311475409836, 0.7457627118644068, 0.88, 0.725]","[0.6384129231704063, 0.6204926640552989, 0.3447413881123066, 0.6226835678331554]","[0.6265060240963856, 0.8235294117647058]","[[0.5454545454545454, 0.8214285714285714], [0.6842105263157895, 0.8571428571428571], [1.0, 0.8695652173913043], [0.6, 0.7666666666666667]]","[61, 59, 25, 40]",0.7269660552393,"[0.6699134199134199, 0.7410008779631255, 0.7508305647840532, 0.6643783371472158]",0.6643783371472158,0.6384129231704063,0.8125,0.8051051051051051,0.75,0.8648648648648649,"[0.8648648648648649, 0.8055555555555556, 0.8, 0.75]","[0.4217301466175028, 0.6216833928806914, 0.38891467501719795, 0.4200921067968011]","[0.82, 0.8064516129032258]","[[0.75, 1.0], [0.9130434782608695, 0.6153846153846154], [0.0, 0.8571428571428571], [0.8333333333333334, 0.7222222222222222]]","[37, 36, 15, 24]",0.8112813929230522,"[0.8644688644688645, 0.7763975155279503, 0.4444444444444445, 0.71875]",0.4444444444444445,0.6216833928806914,"[0.32619181275367737, 0.3294311761856079, 0.1298854798078537, 0.21449142694473267]","[0.4457271198431651, 0.4587262173493703, 0.35198235346211326, 0.637675811847051]","[0.32654592394828796, 0.32878223061561584, 0.13004185259342194, 0.21463006734848022]","[0.32905295491218567, 0.3194221556186676, 0.13322632014751434, 0.2182985544204712]",0.0
"{""run_name"": ""fedheart_exp_paper_hetagg_gdro"", ""seed"": 7, ""run_dir"": ""runs/fedheart_uncapped/Shared_Anchors_GDRO_s7_f1"", ""use_fedheart"": true, ""num_classes"": 2, ""stratified_batching"": true, ""train_frac"": 0.8, ""group_max_train_samples"": null, ""true_hetero_input_dim"": true, ""feature_mask"": [[0, 1, 2, 3, 5, 6, 7, 8, 9, 10], [0, 1, 2, 3, 5, 6, 11, 12], [0, 1, 2, 4, 5, 7, 11, 12], [0, 1, 2, 4, 5, 6, 8, 9, 10]], ""batch_size"": 64, ""num_workers"": 0, ""epochs"": 100, ""early_stopping_patience"": 30, ""lr"": 0.001, ""weight_decay"": 0.0001, ""optimizer"": ""adam"", ""grad_clip"": 1.0, ""lr_scheduler"": ""cosine"", ""lr_min"": 1e-05, ""latent_dim"": 64, ""head_hidden"": 32, ""groups"": [{""name"": ""cleveland"", ""encoder"": ""mlp_tabular_ln"", ""input_dim"": 13, ""hidden_dim"": 64, ""dropout"": 0.1}, {""name"": ""hungarian"", ""encoder"": ""mlp_tabular_ln"", ""input_dim"": 13, ""hidden_dim"": 64, ""dropout"": 0.1}, {""name"": ""switzerland"", ""encoder"": ""mlp_tabular_ln"", ""input_dim"": 13, ""hidden_dim"": 64, ""dropout"": 0.1}, {""name"": ""va_long_beach"", ""encoder"": ""mlp_tabular_ln"", ""input_dim"": 13, ""hidden_dim"": 64, ""dropout"": 0.1}], ""anchor_eps"": 0.0001, ""sep_samples_per_class"": 4, ""sep_method"": ""classifier"", ""sep_margin"": 1.0, ""lambda_fit"": 0.1, ""lambda_sep"": 0.1, ""groupdro_enabled"": true, ""groupdro_eta"": 0.02, ""groupdro_gamma"": 0.9, ""groupdro_update_mode"": ""exp"", ""groupdro_objective"": ""weighted"", ""groupdro_kl_lambda"": 0.0, ""groupdro_uniform_init"": false, ""log_interval"": 20, ""save_every"": 10, ""groupdro_ema_decay"": 0.9, ""groupdro_update_every"": 1, ""dro_signal"": ""val"", ""val_frac"": 0.15, ""impute_missing"": true, ""common_encoder"": true, ""use_regret"": false, ""data_split_seed"": 1001}","{""num_groups"": 4, ""num_classes"": 2, ""train_total"": 623, ""test_total"": 185, ""train_group_counts"": [205, 199, 83, 136], ""test_group_counts"": [61, 59, 25, 40], ""train_class_counts"": [278, 345], ""test_class_counts"": [83, 102], ""train_group_class_counts"": [[111, 94], [127, 72], [5, 78], [35, 101]], ""test_group_class_counts"": [[33, 28], [38, 21], [2, 23], [10, 30]], ""group_proportions"": [0.3290529695024077, 0.31942215088282505, 0.1332263242375602, 0.21829855537720708], ""val_group_counts"": [37, 36, 15, 24], ""val_total"": 112}","{""num_groups"": 4, ""eta"": 0.02, ""update_mode"": ""exp"", ""robust_objective"": ""weighted"", ""gamma"": 0.9, ""kl_lambda"": 0.0, ""initial_pi"": [0.32905295491218567, 0.3194221556186676, 0.13322632014751434, 0.2182985544204712]}",2026-09-16T04:08:51.852823,27,0.4356486366854774,0.7916666666666666,0.001,0.7297297297297297,0.7457234648513476,0.6721311475409836,0.84,"[0.6721311475409836, 0.7457627118644068, 0.84, 0.725]","[0.6276629832191546, 0.6072907777408422, 0.37265501633286474, 0.6285701853223145]","[0.6265060240963856, 0.8137254901960784]","[[0.5454545454545454, 0.8214285714285714], [0.6842105263157895, 0.8571428571428571], [1.0, 0.8260869565217391], [0.6, 0.7666666666666667]]","[61, 59, 25, 40]",0.7219215969215969,"[0.6699134199134199, 0.7410008779631255, 0.7023809523809523, 0.6643783371472158]",0.6643783371472158,0.6285701853223145,0.7946428571428571,0.7912162162162162,0.75,0.8648648648648649,"[0.8648648648648649, 0.75, 0.8, 0.75]","[0.4252628002416443, 0.621846743962831, 0.41427670493721963, 0.44103960165133077]","[0.8, 0.7903225806451613]","[[0.8, 0.9411764705882353], [0.8260869565217391, 0.6153846153846154], [0.0, 0.8571428571428571], [0.8333333333333334, 0.7222222222222222]]","[37, 36, 15, 24]",0.7933081922490572,"[0.8648648648648648, 0.7242553191489363, 0.4444444444444445, 0.71875]",0.4444444444444445,0.621846743962831,"[0.3258294463157654, 0.33010149002075195, 0.12972451746463776, 0.21434451639652252]","[0.4186539418167538, 0.4172780182626512, 0.39638207190566593, 0.5793545974625481]","[0.32619181275367737, 0.3294311761856079, 0.1298854798078537, 0.21449142694473267]","[0.32905295491218567, 0.3194221556186676, 0.13322632014751434, 0.2182985544204712]",0.0
"{""run_name"": ""fedheart_exp_paper_hetagg_gdro"", ""seed"": 7, ""run_dir"": ""runs/fedheart_uncapped/Shared_Anchors_GDRO_s7_f1"", ""use_fedheart"": true, ""num_classes"": 2, ""stratified_batching"": true, ""train_frac"": 0.8, ""group_max_train_samples"": null, ""true_hetero_input_dim"": true, ""feature_mask"": [[0, 1, 2, 3, 5, 6, 7, 8, 9, 10], [0, 1, 2, 3, 5, 6, 11, 12], [0, 1, 2, 4, 5, 7, 11, 12], [0, 1, 2, 4, 5, 6, 8, 9, 10]], ""batch_size"": 64, ""num_workers"": 0, ""epochs"": 100, ""early_stopping_patience"": 30, ""lr"": 0.001, ""weight_decay"": 0.0001, ""optimizer"": ""adam"", ""grad_clip"": 1.0, ""lr_scheduler"": ""cosine"", ""lr_min"": 1e-05, ""latent_dim"": 64, ""head_hidden"": 32, ""groups"": [{""name"": ""cleveland"", ""encoder"": ""mlp_tabular_ln"", ""input_dim"": 13, ""hidden_dim"": 64, ""dropout"": 0.1}, {""name"": ""hungarian"", ""encoder"": ""mlp_tabular_ln"", ""input_dim"": 13, ""hidden_dim"": 64, ""dropout"": 0.1}, {""name"": ""switzerland"", ""encoder"": ""mlp_tabular_ln"", ""input_dim"": 13, ""hidden_dim"": 64, ""dropout"": 0.1}, {""name"": ""va_long_beach"", ""encoder"": ""mlp_tabular_ln"", ""input_dim"": 13, ""hidden_dim"": 64, ""dropout"": 0.1}], ""anchor_eps"": 0.0001, ""sep_samples_per_class"": 4, ""sep_method"": ""classifier"", ""sep_margin"": 1.0, ""lambda_fit"": 0.1, ""lambda_sep"": 0.1, ""groupdro_enabled"": true, ""groupdro_eta"": 0.02, ""groupdro_gamma"": 0.9, ""groupdro_update_mode"": ""exp"", ""groupdro_objective"": ""weighted"", ""groupdro_kl_lambda"": 0.0, ""groupdro_uniform_init"": false, ""log_interval"": 20, ""save_every"": 10, ""groupdro_ema_decay"": 0.9, ""groupdro_update_every"": 1, ""dro_signal"": ""val"", ""val_frac"": 0.15, ""impute_missing"": true, ""common_encoder"": true, ""use_regret"": false, ""data_split_seed"": 1001}","{""num_groups"": 4, ""num_classes"": 2, ""train_total"": 623, ""test_total"": 185, ""train_group_counts"": [205, 199, 83, 136], ""test_group_counts"": [61, 59, 25, 40], ""train_class_counts"": [278, 345], ""test_class_counts"": [83, 102], ""train_group_class_counts"": [[111, 94], [127, 72], [5, 78], [35, 101]], ""test_group_class_counts"": [[33, 28], [38, 21], [2, 23], [10, 30]], ""group_proportions"": [0.3290529695024077, 0.31942215088282505, 0.1332263242375602, 0.21829855537720708], ""val_group_counts"": [37, 36, 15, 24], ""val_total"": 112}","{""num_groups"": 4, ""eta"": 0.02, ""update_mode"": ""exp"", ""robust_objective"": ""weighted"", ""gamma"": 0.9, ""kl_lambda"": 0.0, ""initial_pi"": [0.32905295491218567, 0.3194221556186676, 0.13322632014751434, 0.2182985544204712]}",2026-09-16T04:08:51.852823,28,0.4210890962017907,0.8020833333333334,0.001,0.7243243243243244,0.7358623923312031,0.6557377049180327,0.8,"[0.6557377049180327, 0.7627118644067796, 0.8, 0.725]","[0.6324398162179306, 0.6133743165913275, 0.3779043138027191, 0.6310156983323395]","[0.6265060240963856, 0.803921568627451]","[[0.5151515151515151, 0.8214285714285714], [0.7105263157894737, 0.8571428571428571], [1.0, 0.782608695652174], [0.6, 0.7666666666666667]]","[61, 59, 25, 40]",0.7168792198049513,"[0.6523744911804614, 0.7570588235294118, 0.6612466124661247, 0.6643783371472158]",0.6523744911804614,0.6324398162179306,0.8125,0.8051051051051051,0.75,0.8648648648648649,"[0.8648648648648649, 0.8055555555555556, 0.8, 0.75]","[0.42694781207152316, 0.6243429467495945, 0.41159467001756034, 0.45645416031281155]","[0.84, 0.7903225806451613]","[[0.8, 0.9411764705882353], [0.9130434782608695, 0.6153846153846154], [0.0, 0.8571428571428571], [0.8333333333333334, 0.7222222222222222]]","[37, 36, 15, 24]",0.811764705882353,"[0.8648648648648648, 0.7763975155279503, 0.4444444444444445, 0.71875]",0.4444444444444445,0.6243429467495945,"[0.32545772194862366, 0.33078986406326294, 0.1295575648546219, 0.21419481933116913]","[0.43162885970539516, 0.3902657363149855, 0.32454213831159806, 0.5858424570825365]","[0.3258294463157654, 0.33010149002075195, 0.12972451746463776, 0.21434451639652252]","[0.32905295491218567, 0.3194221556186676, 0.13322632014751434, 0.2182985544204712]",0.0
"{""run_name"": ""fedheart_exp_paper_hetagg_gdro"", ""seed"": 7, ""run_dir"": ""runs/fedheart_uncapped/Shared_Anchors_GDRO_s7_f1"", ""use_fedheart"": true, ""num_classes"": 2, ""stratified_batching"": true, ""train_frac"": 0.8, ""group_max_train_samples"": null, ""true_hetero_input_dim"": true, ""feature_mask"": [[0, 1, 2, 3, 5, 6, 7, 8, 9, 10], [0, 1, 2, 3, 5, 6, 11, 12], [0, 1, 2, 4, 5, 7, 11, 12], [0, 1, 2, 4, 5, 6, 8, 9, 10]], ""batch_size"": 64, ""num_workers"": 0, ""epochs"": 100, ""early_stopping_patience"": 30, ""lr"": 0.001, ""weight_decay"": 0.0001, ""optimizer"": ""adam"", ""grad_clip"": 1.0, ""lr_scheduler"": ""cosine"", ""lr_min"": 1e-05, ""latent_dim"": 64, ""head_hidden"": 32, ""groups"": [{""name"": ""cleveland"", ""encoder"": ""mlp_tabular_ln"", ""input_dim"": 13, ""hidden_dim"": 64, ""dropout"": 0.1}, {""name"": ""hungarian"", ""encoder"": ""mlp_tabular_ln"", ""input_dim"": 13, ""hidden_dim"": 64, ""dropout"": 0.1}, {""name"": ""switzerland"", ""encoder"": ""mlp_tabular_ln"", ""input_dim"": 13, ""hidden_dim"": 64, ""dropout"": 0.1}, {""name"": ""va_long_beach"", ""encoder"": ""mlp_tabular_ln"", ""input_dim"": 13, ""hidden_dim"": 64, ""dropout"": 0.1}], ""anchor_eps"": 0.0001, ""sep_samples_per_class"": 4, ""sep_method"": ""classifier"", ""sep_margin"": 1.0, ""lambda_fit"": 0.1, ""lambda_sep"": 0.1, ""groupdro_enabled"": true, ""groupdro_eta"": 0.02, ""groupdro_gamma"": 0.9, ""groupdro_update_mode"": ""exp"", ""groupdro_objective"": ""weighted"", ""groupdro_kl_lambda"": 0.0, ""groupdro_uniform_init"": false, ""log_interval"": 20, ""save_every"": 10, ""groupdro_ema_decay"": 0.9, ""groupdro_update_every"": 1, ""dro_signal"": ""val"", ""val_frac"": 0.15, ""impute_missing"": true, ""common_encoder"": true, ""use_regret"": false, ""data_split_seed"": 1001}","{""num_groups"": 4, ""num_classes"": 2, ""train_total"": 623, ""test_total"": 185, ""train_group_counts"": [205, 199, 83, 136], ""test_group_counts"": [61, 59, 25, 40], ""train_class_counts"": [278, 345], ""test_class_counts"": [83, 102], ""train_group_class_counts"": [[111, 94], [127, 72], [5, 78], [35, 101]], ""test_group_class_counts"": [[33, 28], [38, 21], [2, 23], [10, 30]], ""group_proportions"": [0.3290529695024077, 0.31942215088282505, 0.1332263242375602, 0.21829855537720708], ""val_group_counts"": [37, 36, 15, 24], ""val_total"": 112}","{""num_groups"": 4, ""eta"": 0.02, ""update_mode"": ""exp"", ""robust_objective"": ""weighted"", ""gamma"": 0.9, ""kl_lambda"": 0.0, ""initial_pi"": [0.32905295491218567, 0.3194221556186676, 0.13322632014751434, 0.2182985544204712]}",2026-09-16T04:08:51.852823,29,0.4285890625582801,0.7881944444444444,0.001,0.7243243243243244,0.7315591136426786,0.675,0.8,"[0.6885245901639344, 0.7627118644067796, 0.8, 0.675]","[0.6296271780414171, 0.6102456301450729, 0.3742354713380337, 0.6599034915678204]","[0.6506024096385542, 0.7843137254901961]","[[0.5757575757575758, 0.8214285714285714], [0.7105263157894737, 0.8571428571428571], [1.0, 0.782608695652174], [0.6, 0.7]]","[61, 59, 25, 40]",0.7187695609407136,"[0.6871794871794872, 0.7570588235294118, 0.6612466124661247, 0.6218181818181818]",0.6218181818181818,0.6599034915678204,0.8035714285714286,0.7981606606606607,0.75,0.8648648648648649,"[0.8648648648648649, 0.7777777777777778, 0.8, 0.75]","[0.4125974708916368, 0.6297166487202048, 0.4241813339293003, 0.49432135559618473]","[0.84, 0.7741935483870968]","[[0.8, 0.9411764705882353], [0.9130434782608695, 0.5384615384615384], [0.0, 0.8571428571428571], [0.8333333333333334, 0.7222222222222222]]","[37, 36, 15, 24]",0.8030060761112887,"[0.8648648648648648, 0.7381818181818182, 0.4444444444444445, 0.71875]",0.4444444444444445,0.6297166487202048,"[0.3250637948513031, 0.33149367570877075, 0.12938672304153442, 0.2140558362007141]","[0.4141404264503055, 0.46007606718275285, 0.3458106915156047, 0.5522952543364631]","[0.32545772194862366, 0.33078986406326294, 0.1295575648546219, 0.21419481933116913]","[0.32905295491218567, 0.3194221556186676, 0.13322632014751434, 0.2182985544204712]",0.0
"{""run_name"": ""fedheart_exp_paper_hetagg_gdro"", ""seed"": 7, ""run_dir"": ""runs/fedheart_uncapped/Shared_Anchors_GDRO_s7_f1"", ""use_fedheart"": true, ""num_classes"": 2, ""stratified_batching"": true, ""train_frac"": 0.8, ""group_max_train_samples"": null, ""true_hetero_input_dim"": true, ""feature_mask"": [[0, 1, 2, 3, 5, 6, 7, 8, 9, 10], [0, 1, 2, 3, 5, 6, 11, 12], [0, 1, 2, 4, 5, 7, 11, 12], [0, 1, 2, 4, 5, 6, 8, 9, 10]], ""batch_size"": 64, ""num_workers"": 0, ""epochs"": 100, ""early_stopping_patience"": 30, ""lr"": 0.001, ""weight_decay"": 0.0001, ""optimizer"": ""adam"", ""grad_clip"": 1.0, ""lr_scheduler"": ""cosine"", ""lr_min"": 1e-05, ""latent_dim"": 64, ""head_hidden"": 32, ""groups"": [{""name"": ""cleveland"", ""encoder"": ""mlp_tabular_ln"", ""input_dim"": 13, ""hidden_dim"": 64, ""dropout"": 0.1}, {""name"": ""hungarian"", ""encoder"": ""mlp_tabular_ln"", ""input_dim"": 13, ""hidden_dim"": 64, ""dropout"": 0.1}, {""name"": ""switzerland"", ""encoder"": ""mlp_tabular_ln"", ""input_dim"": 13, ""hidden_dim"": 64, ""dropout"": 0.1}, {""name"": ""va_long_beach"", ""encoder"": ""mlp_tabular_ln"", ""input_dim"": 13, ""hidden_dim"": 64, ""dropout"": 0.1}], ""anchor_eps"": 0.0001, ""sep_samples_per_class"": 4, ""sep_method"": ""classifier"", ""sep_margin"": 1.0, ""lambda_fit"": 0.1, ""lambda_sep"": 0.1, ""groupdro_enabled"": true, ""groupdro_eta"": 0.02, ""groupdro_gamma"": 0.9, ""groupdro_update_mode"": ""exp"", ""groupdro_objective"": ""weighted"", ""groupdro_kl_lambda"": 0.0, ""groupdro_uniform_init"": false, ""log_interval"": 20, ""save_every"": 10, ""groupdro_ema_decay"": 0.9, ""groupdro_update_every"": 1, ""dro_signal"": ""val"", ""val_frac"": 0.15, ""impute_missing"": true, ""common_encoder"": true, ""use_regret"": false, ""data_split_seed"": 1001}","{""num_groups"": 4, ""num_classes"": 2, ""train_total"": 623, ""test_total"": 185, ""train_group_counts"": [205, 199, 83, 136], ""test_group_counts"": [61, 59, 25, 40], ""train_class_counts"": [278, 345], ""test_class_counts"": [83, 102], ""train_group_class_counts"": [[111, 94], [127, 72], [5, 78], [35, 101]], ""test_group_class_counts"": [[33, 28], [38, 21], [2, 23], [10, 30]], ""group_proportions"": [0.3290529695024077, 0.31942215088282505, 0.1332263242375602, 0.21829855537720708], ""val_group_counts"": [37, 36, 15, 24], ""val_total"": 112}","{""num_groups"": 4, ""eta"": 0.02, ""update_mode"": ""exp"", ""robust_objective"": ""weighted"", ""gamma"": 0.9, ""kl_lambda"": 0.0, ""initial_pi"": [0.32905295491218567, 0.3194221556186676, 0.13322632014751434, 0.2182985544204712]}",2026-09-16T04:08:51.852823,30,0.40327636400858563,0.8090277777777778,0.001,0.7243243243243244,0.7414861767157543,0.6721311475409836,0.84,"[0.6721311475409836, 0.7288135593220338, 0.84, 0.725]","[0.6789037689383401, 0.6519247018179651, 0.3448255880922079, 0.6117590714246035]","[0.6024096385542169, 0.8235294117647058]","[[0.5151515151515151, 0.8571428571428571], [0.6578947368421053, 0.8571428571428571], [1.0, 0.8260869565217391], [0.6, 0.7666666666666667]]","[61, 59, 25, 40]",0.7146874716501861,"[0.667755991285403, 0.7249417249417249, 0.7023809523809523, 0.6643783371472158]",0.6643783371472158,0.6789037689383401,0.7857142857142857,0.7842717717717718,0.7222222222222222,0.8648648648648649,"[0.8648648648648649, 0.7222222222222222, 0.8, 0.75]","[0.43790150534462285, 0.6365751506139835, 0.381726020326217, 0.4282321633460621]","[0.78, 0.7903225806451613]","[[0.75, 1.0], [0.8260869565217391, 0.5384615384615384], [0.0, 0.8571428571428571], [0.8333333333333334, 0.7222222222222222]]","[37, 36, 15, 24]",0.7839922854387656,"[0.8644688644688645, 0.6875, 0.4444444444444445, 0.71875]",0.4444444444444445,0.6365751506139835,"[0.32467222213745117, 0.332222044467926, 0.12920373678207397, 0.21390202641487122]","[0.4095536337958442, 0.38746876186794704, 0.3704005910290612, 0.5545795692337884]","[0.3250637948513031, 0.33149367570877075, 0.12938672304153442, 0.2140558362007141]","[0.32905295491218567, 0.3194221556186676, 0.13322632014751434, 0.2182985544204712]",0.0
"{""run_name"": ""fedheart_exp_paper_hetagg_gdro"", ""seed"": 7, ""run_dir"": ""runs/fedheart_uncapped/Shared_Anchors_GDRO_s7_f1"", ""use_fedheart"": true, ""num_classes"": 2, ""stratified_batching"": true, ""train_frac"": 0.8, ""group_max_train_samples"": null, ""true_hetero_input_dim"": true, ""feature_mask"": [[0, 1, 2, 3, 5, 6, 7, 8, 9, 10], [0, 1, 2, 3, 5, 6, 11, 12], [0, 1, 2, 4, 5, 7, 11, 12], [0, 1, 2, 4, 5, 6, 8, 9, 10]], ""batch_size"": 64, ""num_workers"": 0, ""epochs"": 100, ""early_stopping_patience"": 30, ""lr"": 0.001, ""weight_decay"": 0.0001, ""optimizer"": ""adam"", ""grad_clip"": 1.0, ""lr_scheduler"": ""cosine"", ""lr_min"": 1e-05, ""latent_dim"": 64, ""head_hidden"": 32, ""groups"": [{""name"": ""cleveland"", ""encoder"": ""mlp_tabular_ln"", ""input_dim"": 13, ""hidden_dim"": 64, ""dropout"": 0.1}, {""name"": ""hungarian"", ""encoder"": ""mlp_tabular_ln"", ""input_dim"": 13, ""hidden_dim"": 64, ""dropout"": 0.1}, {""name"": ""switzerland"", ""encoder"": ""mlp_tabular_ln"", ""input_dim"": 13, ""hidden_dim"": 64, ""dropout"": 0.1}, {""name"": ""va_long_beach"", ""encoder"": ""mlp_tabular_ln"", ""input_dim"": 13, ""hidden_dim"": 64, ""dropout"": 0.1}], ""anchor_eps"": 0.0001, ""sep_samples_per_class"": 4, ""sep_method"": ""classifier"", ""sep_margin"": 1.0, ""lambda_fit"": 0.1, ""lambda_sep"": 0.1, ""groupdro_enabled"": true, ""groupdro_eta"": 0.02, ""groupdro_gamma"": 0.9, ""groupdro_update_mode"": ""exp"", ""groupdro_objective"": ""weighted"", ""groupdro_kl_lambda"": 0.0, ""groupdro_uniform_init"": false, ""log_interval"": 20, ""save_every"": 10, ""groupdro_ema_decay"": 0.9, ""groupdro_update_every"": 1, ""dro_signal"": ""val"", ""val_frac"": 0.15, ""impute_missing"": true, ""common_encoder"": true, ""use_regret"": false, ""data_split_seed"": 1001}","{""num_groups"": 4, ""num_classes"": 2, ""train_total"": 623, ""test_total"": 185, ""train_group_counts"": [205, 199, 83, 136], ""test_group_counts"": [61, 59, 25, 40], ""train_class_counts"": [278, 345], ""test_class_counts"": [83, 102], ""train_group_class_counts"": [[111, 94], [127, 72], [5, 78], [35, 101]], ""test_group_class_counts"": [[33, 28], [38, 21], [2, 23], [10, 30]], ""group_proportions"": [0.3290529695024077, 0.31942215088282505, 0.1332263242375602, 0.21829855537720708], ""val_group_counts"": [37, 36, 15, 24], ""val_total"": 112}","{""num_groups"": 4, ""eta"": 0.02, ""update_mode"": ""exp"", ""robust_objective"": ""weighted"", ""gamma"": 0.9, ""kl_lambda"": 0.0, ""initial_pi"": [0.32905295491218567, 0.3194221556186676, 0.13322632014751434, 0.2182985544204712]}",2026-09-16T04:08:51.852823,31,0.41682685414950055,0.8090277777777778,0.001,0.7297297297297297,0.7415591136426785,0.675,0.84,"[0.6885245901639344, 0.7627118644067796, 0.84, 0.675]","[0.6434699598028034, 0.6222535570041609, 0.38421450175344946, 0.6637906234245747]","[0.6506024096385542, 0.7941176470588235]","[[0.5757575757575758, 0.8214285714285714], [0.7105263157894737, 0.8571428571428571], [1.0, 0.8260869565217391], [0.6, 0.7]]","[61, 59, 25, 40]",0.7238476235968474,"[0.6871794871794872, 0.7570588235294118, 0.7023809523809523, 0.6218181818181818]",0.6218181818181818,0.6637906234245747,0.7857142857142857,0.7842717717717718,0.7222222222222222,0.8648648648648649,"[0.8648648648648649, 0.7222222222222222, 0.8, 0.75]","[0.4224965655924501, 0.6456094415237507, 0.4247026612361272, 0.47772555565461516]","[0.82, 0.7580645161290323]","[[0.75, 1.0], [0.9130434782608695, 0.38461538461538464], [0.0, 0.8571428571428571], [0.8333333333333334, 0.7222222222222222]]","[37, 36, 15, 24]",0.7850975375759515,"[0.8644688644688645, 0.6538461538461537, 0.4444444444444445, 0.71875]",0.4444444444444445,0.6456094415237507,"[0.3242635428905487, 0.3329692780971527, 0.12901729345321655, 0.2137499302625656]","[0.43855776720576817, 0.4010346432526906, 0.3542851077185737, 0.5673189130094316]","[0.32467222213745117, 0.332222044467926, 0.12920373678207397, 0.21390202641487122]","[0.32905295491218567, 0.3194221556186676, 0.13322632014751434, 0.2182985544204712]",0.0
"{""run_name"": ""fedheart_exp_paper_hetagg_gdro"", ""seed"": 7, ""run_dir"": ""runs/fedheart_uncapped/Shared_Anchors_GDRO_s7_f1"", ""use_fedheart"": true, ""num_classes"": 2, ""stratified_batching"": true, ""train_frac"": 0.8, ""group_max_train_samples"": null, ""true_hetero_input_dim"": true, ""feature_mask"": [[0, 1, 2, 3, 5, 6, 7, 8, 9, 10], [0, 1, 2, 3, 5, 6, 11, 12], [0, 1, 2, 4, 5, 7, 11, 12], [0, 1, 2, 4, 5, 6, 8, 9, 10]], ""batch_size"": 64, ""num_workers"": 0, ""epochs"": 100, ""early_stopping_patience"": 30, ""lr"": 0.001, ""weight_decay"": 0.0001, ""optimizer"": ""adam"", ""grad_clip"": 1.0, ""lr_scheduler"": ""cosine"", ""lr_min"": 1e-05, ""latent_dim"": 64, ""head_hidden"": 32, ""groups"": [{""name"": ""cleveland"", ""encoder"": ""mlp_tabular_ln"", ""input_dim"": 13, ""hidden_dim"": 64, ""dropout"": 0.1}, {""name"": ""hungarian"", ""encoder"": ""mlp_tabular_ln"", ""input_dim"": 13, ""hidden_dim"": 64, ""dropout"": 0.1}, {""name"": ""switzerland"", ""encoder"": ""mlp_tabular_ln"", ""input_dim"": 13, ""hidden_dim"": 64, ""dropout"": 0.1}, {""name"": ""va_long_beach"", ""encoder"": ""mlp_tabular_ln"", ""input_dim"": 13, ""hidden_dim"": 64, ""dropout"": 0.1}], ""anchor_eps"": 0.0001, ""sep_samples_per_class"": 4, ""sep_method"": ""classifier"", ""sep_margin"": 1.0, ""lambda_fit"": 0.1, ""lambda_sep"": 0.1, ""groupdro_enabled"": true, ""groupdro_eta"": 0.02, ""groupdro_gamma"": 0.9, ""groupdro_update_mode"": ""exp"", ""groupdro_objective"": ""weighted"", ""groupdro_kl_lambda"": 0.0, ""groupdro_uniform_init"": false, ""log_interval"": 20, ""save_every"": 10, ""groupdro_ema_decay"": 0.9, ""groupdro_update_every"": 1, ""dro_signal"": ""val"", ""val_frac"": 0.15, ""impute_missing"": true, ""common_encoder"": true, ""use_regret"": false, ""data_split_seed"": 1001}","{""num_groups"": 4, ""num_classes"": 2, ""train_total"": 623, ""test_total"": 185, ""train_group_counts"": [205, 199, 83, 136], ""test_group_counts"": [61, 59, 25, 40], ""train_class_counts"": [278, 345], ""test_class_counts"": [83, 102], ""train_group_class_counts"": [[111, 94], [127, 72], [5, 78], [35, 101]], ""test_group_class_counts"": [[33, 28], [38, 21], [2, 23], [10, 30]], ""group_proportions"": [0.3290529695024077, 0.31942215088282505, 0.1332263242375602, 0.21829855537720708], ""val_group_counts"": [37, 36, 15, 24], ""val_total"": 112}","{""num_groups"": 4, ""eta"": 0.02, ""update_mode"": ""exp"", ""robust_objective"": ""weighted"", ""gamma"": 0.9, ""kl_lambda"": 0.0, ""initial_pi"": [0.32905295491218567, 0.3194221556186676, 0.13322632014751434, 0.2182985544204712]}",2026-09-16T04:08:51.852823,32,0.40317442350917393,0.796875,0.001,0.7405405405405405,0.7618345373714921,0.6885245901639344,0.88,"[0.6885245901639344, 0.7288135593220338, 0.88, 0.75]","[0.6984871923465465, 0.6804871066647061, 0.3274889874458313, 0.636619882658124]","[0.6144578313253012, 0.8431372549019608]","[[0.5454545454545454, 0.8571428571428571], [0.6578947368421053, 0.8571428571428571], [1.0, 0.8695652173913043], [0.6, 0.8]]","[61, 59, 25, 40]",0.730909090909091,"[0.6854816824966079, 0.7249417249417249, 0.7508305647840532, 0.6865203761755486]",0.6854816824966079,0.6984871923465465,0.7767857142857143,0.7870495495495495,0.6666666666666666,0.8666666666666667,"[0.8648648648648649, 0.6666666666666666, 0.8666666666666667, 0.75]","[0.43128181993961334, 0.644615600299504, 0.3758207879960537, 0.42576025364299613]","[0.78, 0.7741935483870968]","[[0.75, 1.0], [0.8260869565217391, 0.38461538461538464], [0.0, 0.9285714285714286], [0.8333333333333334, 0.7222222222222222]]","[37, 36, 15, 24]",0.7753349915750622,"[0.8644688644688645, 0.6072727272727273, 0.4642857142857143, 0.71875]",0.4642857142857143,0.644615600299504,"[0.3238547146320343, 0.3337429165840149, 0.12881894409656525, 0.21358345448970795]","[0.441263895895746, 0.3981126712428199, 0.3576877704925007, 0.5006872448656294]","[0.3242635428905487, 0.3329692780971527, 0.12901729345321655, 0.2137499302625656]","[0.32905295491218567, 0.3194221556186676, 0.13322632014751434, 0.2182985544204712]",0.0
"{""run_name"": ""fedheart_exp_paper_hetagg_gdro"", ""seed"": 7, ""run_dir"": ""runs/fedheart_uncapped/Shared_Anchors_GDRO_s7_f1"", ""use_fedheart"": true, ""num_classes"": 2, ""stratified_batching"": true, ""train_frac"": 0.8, ""group_max_train_samples"": null, ""true_hetero_input_dim"": true, ""feature_mask"": [[0, 1, 2, 3, 5, 6, 7, 8, 9, 10], [0, 1, 2, 3, 5, 6, 11, 12], [0, 1, 2, 4, 5, 7, 11, 12], [0, 1, 2, 4, 5, 6, 8, 9, 10]], ""batch_size"": 64, ""num_workers"": 0, ""epochs"": 100, ""early_stopping_patience"": 30, ""lr"": 0.001, ""weight_decay"": 0.0001, ""optimizer"": ""adam"", ""grad_clip"": 1.0, ""lr_scheduler"": ""cosine"", ""lr_min"": 1e-05, ""latent_dim"": 64, ""head_hidden"": 32, ""groups"": [{""name"": ""cleveland"", ""encoder"": ""mlp_tabular_ln"", ""input_dim"": 13, ""hidden_dim"": 64, ""dropout"": 0.1}, {""name"": ""hungarian"", ""encoder"": ""mlp_tabular_ln"", ""input_dim"": 13, ""hidden_dim"": 64, ""dropout"": 0.1}, {""name"": ""switzerland"", ""encoder"": ""mlp_tabular_ln"", ""input_dim"": 13, ""hidden_dim"": 64, ""dropout"": 0.1}, {""name"": ""va_long_beach"", ""encoder"": ""mlp_tabular_ln"", ""input_dim"": 13, ""hidden_dim"": 64, ""dropout"": 0.1}], ""anchor_eps"": 0.0001, ""sep_samples_per_class"": 4, ""sep_method"": ""classifier"", ""sep_margin"": 1.0, ""lambda_fit"": 0.1, ""lambda_sep"": 0.1, ""groupdro_enabled"": true, ""groupdro_eta"": 0.02, ""groupdro_gamma"": 0.9, ""groupdro_update_mode"": ""exp"", ""groupdro_objective"": ""weighted"", ""groupdro_kl_lambda"": 0.0, ""groupdro_uniform_init"": false, ""log_interval"": 20, ""save_every"": 10, ""groupdro_ema_decay"": 0.9, ""groupdro_update_every"": 1, ""dro_signal"": ""val"", ""val_frac"": 0.15, ""impute_missing"": true, ""common_encoder"": true, ""use_regret"": false, ""data_split_seed"": 1001}","{""num_groups"": 4, ""num_classes"": 2, ""train_total"": 623, ""test_total"": 185, ""train_group_counts"": [205, 199, 83, 136], ""test_group_counts"": [61, 59, 25, 40], ""train_class_counts"": [278, 345], ""test_class_counts"": [83, 102], ""train_group_class_counts"": [[111, 94], [127, 72], [5, 78], [35, 101]], ""test_group_class_counts"": [[33, 28], [38, 21], [2, 23], [10, 30]], ""group_proportions"": [0.3290529695024077, 0.31942215088282505, 0.1332263242375602, 0.21829855537720708], ""val_group_counts"": [37, 36, 15, 24], ""val_total"": 112}","{""num_groups"": 4, ""eta"": 0.02, ""update_mode"": ""exp"", ""robust_objective"": ""weighted"", ""gamma"": 0.9, ""kl_lambda"": 0.0, ""initial_pi"": [0.32905295491218567, 0.3194221556186676, 0.13322632014751434, 0.2182985544204712]}",2026-09-16T04:08:51.852823,33,0.3932042585478889,0.7986111111111112,0.001,0.7351351351351352,0.7577361767157543,0.6721311475409836,0.88,"[0.6721311475409836, 0.7288135593220338, 0.88, 0.75]","[0.7086160950606963, 0.6796751225967024, 0.32741427309811116, 0.6303275412879884]","[0.6144578313253012, 0.8333333333333334]","[[0.5454545454545454, 0.8214285714285714], [0.6578947368421053, 0.8571428571428571], [1.0, 0.8695652173913043], [0.6, 0.8]]","[61, 59, 25, 40]",0.7258761982521394,"[0.6699134199134199, 0.7249417249417249, 0.7508305647840532, 0.6865203761755486]",0.6699134199134199,0.7086160950606963,0.7946428571428571,0.8009384384384385,0.7222222222222222,0.8666666666666667,"[0.8648648648648649, 0.7222222222222222, 0.8666666666666667, 0.75]","[0.4278010526621664, 0.6525574106102189, 0.3795336461315552, 0.42418719579776126]","[0.8, 0.7903225806451613]","[[0.75, 1.0], [0.8695652173913043, 0.46153846153846156], [0.0, 0.9285714285714286], [0.8333333333333334, 0.7222222222222222]]","[37, 36, 15, 24]",0.7933081922490572,"[0.8644688644688645, 0.6727272727272727, 0.4642857142857143, 0.71875]",0.4642857142857143,0.6525574106102189,"[0.3234423100948334, 0.33454465866088867, 0.12861041724681854, 0.21340256929397583]","[0.4197099043263329, 0.3948982026841905, 0.324152323934767, 0.5382604069179959]","[0.3238547146320343, 0.3337429165840149, 0.12881894409656525, 0.21358345448970795]","[0.32905295491218567, 0.3194221556186676, 0.13322632014751434, 0.2182985544204712]",0.0
"{""run_name"": ""fedheart_exp_paper_hetagg_gdro"", ""seed"": 7, ""run_dir"": ""runs/fedheart_uncapped/Shared_Anchors_GDRO_s7_f1"", ""use_fedheart"": true, ""num_classes"": 2, ""stratified_batching"": true, ""train_frac"": 0.8, ""group_max_train_samples"": null, ""true_hetero_input_dim"": true, ""feature_mask"": [[0, 1, 2, 3, 5, 6, 7, 8, 9, 10], [0, 1, 2, 3, 5, 6, 11, 12], [0, 1, 2, 4, 5, 7, 11, 12], [0, 1, 2, 4, 5, 6, 8, 9, 10]], ""batch_size"": 64, ""num_workers"": 0, ""epochs"": 100, ""early_stopping_patience"": 30, ""lr"": 0.001, ""weight_decay"": 0.0001, ""optimizer"": ""adam"", ""grad_clip"": 1.0, ""lr_scheduler"": ""cosine"", ""lr_min"": 1e-05, ""latent_dim"": 64, ""head_hidden"": 32, ""groups"": [{""name"": ""cleveland"", ""encoder"": ""mlp_tabular_ln"", ""input_dim"": 13, ""hidden_dim"": 64, ""dropout"": 0.1}, {""name"": ""hungarian"", ""encoder"": ""mlp_tabular_ln"", ""input_dim"": 13, ""hidden_dim"": 64, ""dropout"": 0.1}, {""name"": ""switzerland"", ""encoder"": ""mlp_tabular_ln"", ""input_dim"": 13, ""hidden_dim"": 64, ""dropout"": 0.1}, {""name"": ""va_long_beach"", ""encoder"": ""mlp_tabular_ln"", ""input_dim"": 13, ""hidden_dim"": 64, ""dropout"": 0.1}], ""anchor_eps"": 0.0001, ""sep_samples_per_class"": 4, ""sep_method"": ""classifier"", ""sep_margin"": 1.0, ""lambda_fit"": 0.1, ""lambda_sep"": 0.1, ""groupdro_enabled"": true, ""groupdro_eta"": 0.02, ""groupdro_gamma"": 0.9, ""groupdro_update_mode"": ""exp"", ""groupdro_objective"": ""weighted"", ""groupdro_kl_lambda"": 0.0, ""groupdro_uniform_init"": false, ""log_interval"": 20, ""save_every"": 10, ""groupdro_ema_decay"": 0.9, ""groupdro_update_every"": 1, ""dro_signal"": ""val"", ""val_frac"": 0.15, ""impute_missing"": true, ""common_encoder"": true, ""use_regret"": false, ""data_split_seed"": 1001}","{""num_groups"": 4, ""num_classes"": 2, ""train_total"": 623, ""test_total"": 185, ""train_group_counts"": [205, 199, 83, 136], ""test_group_counts"": [61, 59, 25, 40], ""train_class_counts"": [278, 345], ""test_class_counts"": [83, 102], ""train_group_class_counts"": [[111, 94], [127, 72], [5, 78], [35, 101]], ""test_group_class_counts"": [[33, 28], [38, 21], [2, 23], [10, 30]], ""group_proportions"": [0.3290529695024077, 0.31942215088282505, 0.1332263242375602, 0.21829855537720708], ""val_group_counts"": [37, 36, 15, 24], ""val_total"": 112}","{""num_groups"": 4, ""eta"": 0.02, ""update_mode"": ""exp"", ""robust_objective"": ""weighted"", ""gamma"": 0.9, ""kl_lambda"": 0.0, ""initial_pi"": [0.32905295491218567, 0.3194221556186676, 0.13322632014751434, 0.2182985544204712]}",2026-09-16T04:08:51.852823,34,0.3960881763034397,0.8229166666666666,0.001,0.7189189189189189,0.7332234648513476,0.6721311475409836,0.84,"[0.6721311475409836, 0.7457627118644068, 0.84, 0.675]","[0.6647468192930348, 0.6349313147997452, 0.38289003513753417, 0.6691049423068762]","[0.6265060240963856, 0.7941176470588235]","[[0.5454545454545454, 0.8214285714285714], [0.6842105263157895, 0.8571428571428571], [1.0, 0.8260869565217391], [0.6, 0.7]]","[61, 59, 25, 40]",0.7118380062305296,"[0.6699134199134199, 0.7410008779631255, 0.7023809523809523, 0.6218181818181818]",0.6218181818181818,0.6691049423068762,0.7678571428571429,0.7703828828828829,0.6666666666666666,0.8648648648648649,"[0.8648648648648649, 0.6666666666666666, 0.8, 0.75]","[0.40610629727912917, 0.6771175566439828, 0.4222841886182626, 0.460344888890783]","[0.82, 0.7258064516129032]","[[0.8, 0.9411764705882353], [0.8695652173913043, 0.3076923076923077], [0.0, 0.8571428571428571], [0.8333333333333334, 0.7222222222222222]]","[37, 36, 15, 24]",0.7675606641123882,"[0.8648648648648648, 0.5846153846153846, 0.4444444444444445, 0.71875]",0.4444444444444445,0.6771175566439828,"[0.32300329208374023, 0.3353786766529083, 0.1284000426530838, 0.21321794390678406]","[0.4191902544763353, 0.44697033365567523, 0.2667657501167721, 0.5231954389148288]","[0.3234423100948334, 0.33454465866088867, 0.12861041724681854, 0.21340256929397583]","[0.32905295491218567, 0.3194221556186676, 0.13322632014751434, 0.2182985544204712]",0.0
"{""run_name"": ""fedheart_exp_paper_hetagg_gdro"", ""seed"": 7, ""run_dir"": ""runs/fedheart_uncapped/Shared_Anchors_GDRO_s7_f1"", ""use_fedheart"": true, ""num_classes"": 2, ""stratified_batching"": true, ""train_frac"": 0.8, ""group_max_train_samples"": null, ""true_hetero_input_dim"": true, ""feature_mask"": [[0, 1, 2, 3, 5, 6, 7, 8, 9, 10], [0, 1, 2, 3, 5, 6, 11, 12], [0, 1, 2, 4, 5, 7, 11, 12], [0, 1, 2, 4, 5, 6, 8, 9, 10]], ""batch_size"": 64, ""num_workers"": 0, ""epochs"": 100, ""early_stopping_patience"": 30, ""lr"": 0.001, ""weight_decay"": 0.0001, ""optimizer"": ""adam"", ""grad_clip"": 1.0, ""lr_scheduler"": ""cosine"", ""lr_min"": 1e-05, ""latent_dim"": 64, ""head_hidden"": 32, ""groups"": [{""name"": ""cleveland"", ""encoder"": ""mlp_tabular_ln"", ""input_dim"": 13, ""hidden_dim"": 64, ""dropout"": 0.1}, {""name"": ""hungarian"", ""encoder"": ""mlp_tabular_ln"", ""input_dim"": 13, ""hidden_dim"": 64, ""dropout"": 0.1}, {""name"": ""switzerland"", ""encoder"": ""mlp_tabular_ln"", ""input_dim"": 13, ""hidden_dim"": 64, ""dropout"": 0.1}, {""name"": ""va_long_beach"", ""encoder"": ""mlp_tabular_ln"", ""input_dim"": 13, ""hidden_dim"": 64, ""dropout"": 0.1}], ""anchor_eps"": 0.0001, ""sep_samples_per_class"": 4, ""sep_method"": ""classifier"", ""sep_margin"": 1.0, ""lambda_fit"": 0.1, ""lambda_sep"": 0.1, ""groupdro_enabled"": true, ""groupdro_eta"": 0.02, ""groupdro_gamma"": 0.9, ""groupdro_update_mode"": ""exp"", ""groupdro_objective"": ""weighted"", ""groupdro_kl_lambda"": 0.0, ""groupdro_uniform_init"": false, ""log_interval"": 20, ""save_every"": 10, ""groupdro_ema_decay"": 0.9, ""groupdro_update_every"": 1, ""dro_signal"": ""val"", ""val_frac"": 0.15, ""impute_missing"": true, ""common_encoder"": true, ""use_regret"": false, ""data_split_seed"": 1001}","{""num_groups"": 4, ""num_classes"": 2, ""train_total"": 623, ""test_total"": 185, ""train_group_counts"": [205, 199, 83, 136], ""test_group_counts"": [61, 59, 25, 40], ""train_class_counts"": [278, 345], ""test_class_counts"": [83, 102], ""train_group_class_counts"": [[111, 94], [127, 72], [5, 78], [35, 101]], ""test_group_class_counts"": [[33, 28], [38, 21], [2, 23], [10, 30]], ""group_proportions"": [0.3290529695024077, 0.31942215088282505, 0.1332263242375602, 0.21829855537720708], ""val_group_counts"": [37, 36, 15, 24], ""val_total"": 112}","{""num_groups"": 4, ""eta"": 0.02, ""update_mode"": ""exp"", ""robust_objective"": ""weighted"", ""gamma"": 0.9, ""kl_lambda"": 0.0, ""initial_pi"": [0.32905295491218567, 0.3194221556186676, 0.13322632014751434, 0.2182985544204712]}",2026-09-16T04:08:51.852823,35,0.3771618604660034,0.8038194444444444,0.001,0.7297297297297297,0.7514861767157544,0.6721311475409836,0.88,"[0.6721311475409836, 0.7288135593220338, 0.88, 0.725]","[0.7096449376282389, 0.6812580855784275, 0.3440750823169947, 0.6343205571174622]","[0.6144578313253012, 0.8235294117647058]","[[0.5454545454545454, 0.8214285714285714], [0.6578947368421053, 0.8571428571428571], [1.0, 0.8695652173913043], [0.6, 0.7666666666666667]]","[61, 59, 25, 40]",0.7208474167069048,"[0.6699134199134199, 0.7249417249417249, 0.7508305647840532, 0.6643783371472158]",0.6643783371472158,0.7096449376282389,0.8035714285714286,0.8113551051051051,0.7222222222222222,0.8666666666666667,"[0.8648648648648649, 0.7222222222222222, 0.8666666666666667, 0.7916666666666666]","[0.4280696759453496, 0.6728271784053909, 0.3917584220568339, 0.4153513633646071]","[0.8, 0.8064516129032258]","[[0.75, 1.0], [0.8695652173913043, 0.46153846153846156], [0.0, 0.9285714285714286], [0.8333333333333334, 0.7777777777777778]]","[37, 36, 15, 24]",0.8019929283188685,"[0.8644688644688645, 0.6727272727272727, 0.4642857142857143, 0.7575757575757576]",0.4642857142857143,0.6728271784053909,"[0.3225594758987427, 0.3362444043159485, 0.12818212807178497, 0.21301399171352386]","[0.4157107538647122, 0.3952526201804479, 0.32642794483237797, 0.49708480801847243]","[0.32300329208374023, 0.3353786766529083, 0.1284000426530838, 0.21321794390678406]","[0.32905295491218567, 0.3194221556186676, 0.13322632014751434, 0.2182985544204712]",0.0
"{""run_name"": ""fedheart_exp_paper_hetagg_gdro"", ""seed"": 7, ""run_dir"": ""runs/fedheart_uncapped/Shared_Anchors_GDRO_s7_f1"", ""use_fedheart"": true, ""num_classes"": 2, ""stratified_batching"": true, ""train_frac"": 0.8, ""group_max_train_samples"": null, ""true_hetero_input_dim"": true, ""feature_mask"": [[0, 1, 2, 3, 5, 6, 7, 8, 9, 10], [0, 1, 2, 3, 5, 6, 11, 12], [0, 1, 2, 4, 5, 7, 11, 12], [0, 1, 2, 4, 5, 6, 8, 9, 10]], ""batch_size"": 64, ""num_workers"": 0, ""epochs"": 100, ""early_stopping_patience"": 30, ""lr"": 0.001, ""weight_decay"": 0.0001, ""optimizer"": ""adam"", ""grad_clip"": 1.0, ""lr_scheduler"": ""cosine"", ""lr_min"": 1e-05, ""latent_dim"": 64, ""head_hidden"": 32, ""groups"": [{""name"": ""cleveland"", ""encoder"": ""mlp_tabular_ln"", ""input_dim"": 13, ""hidden_dim"": 64, ""dropout"": 0.1}, {""name"": ""hungarian"", ""encoder"": ""mlp_tabular_ln"", ""input_dim"": 13, ""hidden_dim"": 64, ""dropout"": 0.1}, {""name"": ""switzerland"", ""encoder"": ""mlp_tabular_ln"", ""input_dim"": 13, ""hidden_dim"": 64, ""dropout"": 0.1}, {""name"": ""va_long_beach"", ""encoder"": ""mlp_tabular_ln"", ""input_dim"": 13, ""hidden_dim"": 64, ""dropout"": 0.1}], ""anchor_eps"": 0.0001, ""sep_samples_per_class"": 4, ""sep_method"": ""classifier"", ""sep_margin"": 1.0, ""lambda_fit"": 0.1, ""lambda_sep"": 0.1, ""groupdro_enabled"": true, ""groupdro_eta"": 0.02, ""groupdro_gamma"": 0.9, ""groupdro_update_mode"": ""exp"", ""groupdro_objective"": ""weighted"", ""groupdro_kl_lambda"": 0.0, ""groupdro_uniform_init"": false, ""log_interval"": 20, ""save_every"": 10, ""groupdro_ema_decay"": 0.9, ""groupdro_update_every"": 1, ""dro_signal"": ""val"", ""val_frac"": 0.15, ""impute_missing"": true, ""common_encoder"": true, ""use_regret"": false, ""data_split_seed"": 1001}","{""num_groups"": 4, ""num_classes"": 2, ""train_total"": 623, ""test_total"": 185, ""train_group_counts"": [205, 199, 83, 136], ""test_group_counts"": [61, 59, 25, 40], ""train_class_counts"": [278, 345], ""test_class_counts"": [83, 102], ""train_group_class_counts"": [[111, 94], [127, 72], [5, 78], [35, 101]], ""test_group_class_counts"": [[33, 28], [38, 21], [2, 23], [10, 30]], ""group_proportions"": [0.3290529695024077, 0.31942215088282505, 0.1332263242375602, 0.21829855537720708], ""val_group_counts"": [37, 36, 15, 24], ""val_total"": 112}","{""num_groups"": 4, ""eta"": 0.02, ""update_mode"": ""exp"", ""robust_objective"": ""weighted"", ""gamma"": 0.9, ""kl_lambda"": 0.0, ""initial_pi"": [0.32905295491218567, 0.3194221556186676, 0.13322632014751434, 0.2182985544204712]}",2026-09-16T04:08:51.852823,36,0.36184173160129124,0.8350694444444444,0.001,0.7297297297297297,0.749334537371492,0.6885245901639344,0.88,"[0.6885245901639344, 0.7288135593220338, 0.88, 0.7]","[0.7086616810258539, 0.6853082325246375, 0.37038268595933915, 0.6430714308749884]","[0.6144578313253012, 0.8235294117647058]","[[0.5454545454545454, 0.8571428571428571], [0.6578947368421053, 0.8571428571428571], [1.0, 0.8695652173913043], [0.6, 0.7333333333333333]]","[61, 59, 25, 40]",0.7208474167069048,"[0.6854816824966079, 0.7249417249417249, 0.7508305647840532, 0.6428571428571428]",0.6428571428571428,0.7086616810258539,0.8035714285714286,0.8113551051051051,0.7222222222222222,0.8666666666666667,"[0.8648648648648649, 0.7222222222222222, 0.8666666666666667, 0.7916666666666666]","[0.422912889135045, 0.6734366309829056, 0.4001248564571142, 0.426423092217495]","[0.8, 0.8064516129032258]","[[0.75, 1.0], [0.8695652173913043, 0.46153846153846156], [0.0, 0.9285714285714286], [0.8333333333333334, 0.7777777777777778]]","[37, 36, 15, 24]",0.8019929283188685,"[0.8644688644688645, 0.6727272727272727, 0.4642857142857143, 0.7575757575757576]",0.4642857142857143,0.6734366309829056,"[0.3221065402030945, 0.3371378779411316, 0.12795904278755188, 0.21279644966125488]","[0.39860158496432835, 0.4036230842272441, 0.2847820065087742, 0.4672929180992974]","[0.3225594758987427, 0.3362444043159485, 0.12818212807178497, 0.21301399171352386]","[0.32905295491218567, 0.3194221556186676, 0.13322632014751434, 0.2182985544204712]",0.0
"{""run_name"": ""fedheart_exp_paper_hetagg_gdro"", ""seed"": 7, ""run_dir"": ""runs/fedheart_uncapped/Shared_Anchors_GDRO_s7_f1"", ""use_fedheart"": true, ""num_classes"": 2, ""stratified_batching"": true, ""train_frac"": 0.8, ""group_max_train_samples"": null, ""true_hetero_input_dim"": true, ""feature_mask"": [[0, 1, 2, 3, 5, 6, 7, 8, 9, 10], [0, 1, 2, 3, 5, 6, 11, 12], [0, 1, 2, 4, 5, 7, 11, 12], [0, 1, 2, 4, 5, 6, 8, 9, 10]], ""batch_size"": 64, ""num_workers"": 0, ""epochs"": 100, ""early_stopping_patience"": 30, ""lr"": 0.001, ""weight_decay"": 0.0001, ""optimizer"": ""adam"", ""grad_clip"": 1.0, ""lr_scheduler"": ""cosine"", ""lr_min"": 1e-05, ""latent_dim"": 64, ""head_hidden"": 32, ""groups"": [{""name"": ""cleveland"", ""encoder"": ""mlp_tabular_ln"", ""input_dim"": 13, ""hidden_dim"": 64, ""dropout"": 0.1}, {""name"": ""hungarian"", ""encoder"": ""mlp_tabular_ln"", ""input_dim"": 13, ""hidden_dim"": 64, ""dropout"": 0.1}, {""name"": ""switzerland"", ""encoder"": ""mlp_tabular_ln"", ""input_dim"": 13, ""hidden_dim"": 64, ""dropout"": 0.1}, {""name"": ""va_long_beach"", ""encoder"": ""mlp_tabular_ln"", ""input_dim"": 13, ""hidden_dim"": 64, ""dropout"": 0.1}], ""anchor_eps"": 0.0001, ""sep_samples_per_class"": 4, ""sep_method"": ""classifier"", ""sep_margin"": 1.0, ""lambda_fit"": 0.1, ""lambda_sep"": 0.1, ""groupdro_enabled"": true, ""groupdro_eta"": 0.02, ""groupdro_gamma"": 0.9, ""groupdro_update_mode"": ""exp"", ""groupdro_objective"": ""weighted"", ""groupdro_kl_lambda"": 0.0, ""groupdro_uniform_init"": false, ""log_interval"": 20, ""save_every"": 10, ""groupdro_ema_decay"": 0.9, ""groupdro_update_every"": 1, ""dro_signal"": ""val"", ""val_frac"": 0.15, ""impute_missing"": true, ""common_encoder"": true, ""use_regret"": false, ""data_split_seed"": 1001}","{""num_groups"": 4, ""num_classes"": 2, ""train_total"": 623, ""test_total"": 185, ""train_group_counts"": [205, 199, 83, 136], ""test_group_counts"": [61, 59, 25, 40], ""train_class_counts"": [278, 345], ""test_class_counts"": [83, 102], ""train_group_class_counts"": [[111, 94], [127, 72], [5, 78], [35, 101]], ""test_group_class_counts"": [[33, 28], [38, 21], [2, 23], [10, 30]], ""group_proportions"": [0.3290529695024077, 0.31942215088282505, 0.1332263242375602, 0.21829855537720708], ""val_group_counts"": [37, 36, 15, 24], ""val_total"": 112}","{""num_groups"": 4, ""eta"": 0.02, ""update_mode"": ""exp"", ""robust_objective"": ""weighted"", ""gamma"": 0.9, ""kl_lambda"": 0.0, ""initial_pi"": [0.32905295491218567, 0.3194221556186676, 0.13322632014751434, 0.2182985544204712]}",2026-09-16T04:08:51.852823,37,0.38672228654225665,0.8159722222222222,0.001,0.7189189189189189,0.7389861767157544,0.6721311475409836,0.88,"[0.6721311475409836, 0.7288135593220338, 0.88, 0.675]","[0.7122532723654733, 0.6815449772876198, 0.37176645413041115, 0.6589696554001421]","[0.6144578313253012, 0.803921568627451]","[[0.5454545454545454, 0.8214285714285714], [0.6578947368421053, 0.8571428571428571], [1.0, 0.8695652173913043], [0.6, 0.7]]","[61, 59, 25, 40]",0.7107984607984608,"[0.6699134199134199, 0.7249417249417249, 0.7508305647840532, 0.6218181818181818]",0.6218181818181818,0.7122532723654733,0.8035714285714286,0.8113551051051051,0.7222222222222222,0.8666666666666667,"[0.8648648648648649, 0.7222222222222222, 0.8666666666666667, 0.7916666666666666]","[0.4259902798646205, 0.6713585997931659, 0.415362441043059, 0.436676361442854]","[0.8, 0.8064516129032258]","[[0.75, 1.0], [0.8695652173913043, 0.46153846153846156], [0.0, 0.9285714285714286], [0.8333333333333334, 0.7777777777777778]]","[37, 36, 15, 24]",0.8019929283188685,"[0.8644688644688645, 0.6727272727272727, 0.4642857142857143, 0.7575757575757576]",0.4642857142857143,0.6713585997931659,"[0.3216445744037628, 0.3380522131919861, 0.12773407995700836, 0.21256910264492035]","[0.38649024897151524, 0.45559705131583744, 0.35347892675134873, 0.48804635140630936]","[0.3221065402030945, 0.3371378779411316, 0.12795904278755188, 0.21279644966125488]","[0.32905295491218567, 0.3194221556186676, 0.13322632014751434, 0.2182985544204712]",0.0
"{""run_name"": ""fedheart_exp_paper_hetagg_gdro"", ""seed"": 7, ""run_dir"": ""runs/fedheart_uncapped/Shared_Anchors_GDRO_s7_f1"", ""use_fedheart"": true, ""num_classes"": 2, ""stratified_batching"": true, ""train_frac"": 0.8, ""group_max_train_samples"": null, ""true_hetero_input_dim"": true, ""feature_mask"": [[0, 1, 2, 3, 5, 6, 7, 8, 9, 10], [0, 1, 2, 3, 5, 6, 11, 12], [0, 1, 2, 4, 5, 7, 11, 12], [0, 1, 2, 4, 5, 6, 8, 9, 10]], ""batch_size"": 64, ""num_workers"": 0, ""epochs"": 100, ""early_stopping_patience"": 30, ""lr"": 0.001, ""weight_decay"": 0.0001, ""optimizer"": ""adam"", ""grad_clip"": 1.0, ""lr_scheduler"": ""cosine"", ""lr_min"": 1e-05, ""latent_dim"": 64, ""head_hidden"": 32, ""groups"": [{""name"": ""cleveland"", ""encoder"": ""mlp_tabular_ln"", ""input_dim"": 13, ""hidden_dim"": 64, ""dropout"": 0.1}, {""name"": ""hungarian"", ""encoder"": ""mlp_tabular_ln"", ""input_dim"": 13, ""hidden_dim"": 64, ""dropout"": 0.1}, {""name"": ""switzerland"", ""encoder"": ""mlp_tabular_ln"", ""input_dim"": 13, ""hidden_dim"": 64, ""dropout"": 0.1}, {""name"": ""va_long_beach"", ""encoder"": ""mlp_tabular_ln"", ""input_dim"": 13, ""hidden_dim"": 64, ""dropout"": 0.1}], ""anchor_eps"": 0.0001, ""sep_samples_per_class"": 4, ""sep_method"": ""classifier"", ""sep_margin"": 1.0, ""lambda_fit"": 0.1, ""lambda_sep"": 0.1, ""groupdro_enabled"": true, ""groupdro_eta"": 0.02, ""groupdro_gamma"": 0.9, ""groupdro_update_mode"": ""exp"", ""groupdro_objective"": ""weighted"", ""groupdro_kl_lambda"": 0.0, ""groupdro_uniform_init"": false, ""log_interval"": 20, ""save_every"": 10, ""groupdro_ema_decay"": 0.9, ""groupdro_update_every"": 1, ""dro_signal"": ""val"", ""val_frac"": 0.15, ""impute_missing"": true, ""common_encoder"": true, ""use_regret"": false, ""data_split_seed"": 1001}","{""num_groups"": 4, ""num_classes"": 2, ""train_total"": 623, ""test_total"": 185, ""train_group_counts"": [205, 199, 83, 136], ""test_group_counts"": [61, 59, 25, 40], ""train_class_counts"": [278, 345], ""test_class_counts"": [83, 102], ""train_group_class_counts"": [[111, 94], [127, 72], [5, 78], [35, 101]], ""test_group_class_counts"": [[33, 28], [38, 21], [2, 23], [10, 30]], ""group_proportions"": [0.3290529695024077, 0.31942215088282505, 0.1332263242375602, 0.21829855537720708], ""val_group_counts"": [37, 36, 15, 24], ""val_total"": 112}","{""num_groups"": 4, ""eta"": 0.02, ""update_mode"": ""exp"", ""robust_objective"": ""weighted"", ""gamma"": 0.9, ""kl_lambda"": 0.0, ""initial_pi"": [0.32905295491218567, 0.3194221556186676, 0.13322632014751434, 0.2182985544204712]}",2026-09-16T04:08:51.852823,38,0.3553168210718367,0.8298611111111112,0.001,0.7189189189189189,0.7389861767157544,0.6721311475409836,0.88,"[0.6721311475409836, 0.7288135593220338, 0.88, 0.675]","[0.7269174235063742, 0.6974560231033523, 0.36212838761508465, 0.6677652856335043]","[0.6144578313253012, 0.803921568627451]","[[0.5454545454545454, 0.8214285714285714], [0.6578947368421053, 0.8571428571428571], [1.0, 0.8695652173913043], [0.6, 0.7]]","[61, 59, 25, 40]",0.7107984607984608,"[0.6699134199134199, 0.7249417249417249, 0.7508305647840532, 0.6218181818181818]",0.6218181818181818,0.7269174235063742,0.7946428571428571,0.8045983483483483,0.7222222222222222,0.8666666666666667,"[0.8378378378378378, 0.7222222222222222, 0.8666666666666667, 0.7916666666666666]","[0.4382898168185273, 0.6693213035662969, 0.40836147281030816, 0.4357017898000777]","[0.8, 0.7903225806451613]","[[0.75, 0.9411764705882353], [0.8695652173913043, 0.46153846153846156], [0.0, 0.9285714285714286], [0.8333333333333334, 0.7777777777777778]]","[37, 36, 15, 24]",0.7933081922490572,"[0.8377192982456141, 0.6727272727272727, 0.4642857142857143, 0.7575757575757576]",0.4642857142857143,0.6693213035662969,"[0.3211808204650879, 0.33898261189460754, 0.12750503420829773, 0.21233151853084564]","[0.41597044467926025, 0.3514149487018585, 0.27707283529970383, 0.5122816562652588]","[0.3216445744037628, 0.3380522131919861, 0.12773407995700836, 0.21256910264492035]","[0.32905295491218567, 0.3194221556186676, 0.13322632014751434, 0.2182985544204712]",0.0
"{""run_name"": ""fedheart_exp_paper_hetagg_gdro"", ""seed"": 7, ""run_dir"": ""runs/fedheart_uncapped/Shared_Anchors_GDRO_s7_f1"", ""use_fedheart"": true, ""num_classes"": 2, ""stratified_batching"": true, ""train_frac"": 0.8, ""group_max_train_samples"": null, ""true_hetero_input_dim"": true, ""feature_mask"": [[0, 1, 2, 3, 5, 6, 7, 8, 9, 10], [0, 1, 2, 3, 5, 6, 11, 12], [0, 1, 2, 4, 5, 7, 11, 12], [0, 1, 2, 4, 5, 6, 8, 9, 10]], ""batch_size"": 64, ""num_workers"": 0, ""epochs"": 100, ""early_stopping_patience"": 30, ""lr"": 0.001, ""weight_decay"": 0.0001, ""optimizer"": ""adam"", ""grad_clip"": 1.0, ""lr_scheduler"": ""cosine"", ""lr_min"": 1e-05, ""latent_dim"": 64, ""head_hidden"": 32, ""groups"": [{""name"": ""cleveland"", ""encoder"": ""mlp_tabular_ln"", ""input_dim"": 13, ""hidden_dim"": 64, ""dropout"": 0.1}, {""name"": ""hungarian"", ""encoder"": ""mlp_tabular_ln"", ""input_dim"": 13, ""hidden_dim"": 64, ""dropout"": 0.1}, {""name"": ""switzerland"", ""encoder"": ""mlp_tabular_ln"", ""input_dim"": 13, ""hidden_dim"": 64, ""dropout"": 0.1}, {""name"": ""va_long_beach"", ""encoder"": ""mlp_tabular_ln"", ""input_dim"": 13, ""hidden_dim"": 64, ""dropout"": 0.1}], ""anchor_eps"": 0.0001, ""sep_samples_per_class"": 4, ""sep_method"": ""classifier"", ""sep_margin"": 1.0, ""lambda_fit"": 0.1, ""lambda_sep"": 0.1, ""groupdro_enabled"": true, ""groupdro_eta"": 0.02, ""groupdro_gamma"": 0.9, ""groupdro_update_mode"": ""exp"", ""groupdro_objective"": ""weighted"", ""groupdro_kl_lambda"": 0.0, ""groupdro_uniform_init"": false, ""log_interval"": 20, ""save_every"": 10, ""groupdro_ema_decay"": 0.9, ""groupdro_update_every"": 1, ""dro_signal"": ""val"", ""val_frac"": 0.15, ""impute_missing"": true, ""common_encoder"": true, ""use_regret"": false, ""data_split_seed"": 1001}","{""num_groups"": 4, ""num_classes"": 2, ""train_total"": 623, ""test_total"": 185, ""train_group_counts"": [205, 199, 83, 136], ""test_group_counts"": [61, 59, 25, 40], ""train_class_counts"": [278, 345], ""test_class_counts"": [83, 102], ""train_group_class_counts"": [[111, 94], [127, 72], [5, 78], [35, 101]], ""test_group_class_counts"": [[33, 28], [38, 21], [2, 23], [10, 30]], ""group_proportions"": [0.3290529695024077, 0.31942215088282505, 0.1332263242375602, 0.21829855537720708], ""val_group_counts"": [37, 36, 15, 24], ""val_total"": 112}","{""num_groups"": 4, ""eta"": 0.02, ""update_mode"": ""exp"", ""robust_objective"": ""weighted"", ""gamma"": 0.9, ""kl_lambda"": 0.0, ""initial_pi"": [0.32905295491218567, 0.3194221556186676, 0.13322632014751434, 0.2182985544204712]}",2026-09-16T04:08:51.852823,39,0.35279447005854714,0.8350694444444444,0.001,0.7243243243243244,0.731420186162823,0.675,0.8,"[0.7049180327868853, 0.7457627118644068, 0.8, 0.675]","[0.6873502502614846, 0.662226360101821, 0.4159942639619112, 0.6798163604922592]","[0.6385542168674698, 0.7941176470588235]","[[0.5757575757575758, 0.8571428571428571], [0.6842105263157895, 0.8571428571428571], [1.0, 0.782608695652174], [0.6, 0.7]]","[61, 59, 25, 40]",0.71786130797524,"[0.702922077922078, 0.7410008779631255, 0.6612466124661247, 0.6218181818181818]",0.6218181818181818,0.6873502502614846,0.7857142857142857,0.7881193693693693,0.75,0.8108108108108109,"[0.8108108108108109, 0.75, 0.8, 0.7916666666666666]","[0.43202095453602235, 0.6775213387898273, 0.43652889716128507, 0.48171912754575413]","[0.82, 0.7580645161290323]","[[0.75, 0.8823529411764706], [0.9130434782608695, 0.46153846153846156], [0.0, 0.8571428571428571], [0.8333333333333334, 0.7777777777777778]]","[37, 36, 15, 24]",0.7850975375759515,"[0.8108108108108107, 0.6974789915966386, 0.4444444444444445, 0.7575757575757576]",0.4444444444444445,0.6775213387898273,"[0.32070228457450867, 0.3399236500263214, 0.12727589905261993, 0.21209816634655]","[0.3513219753901164, 0.3827498472399182, 0.2767348455058204, 0.5702196194065942]","[0.3211808204650879, 0.33898261189460754, 0.12750503420829773, 0.21233151853084564]","[0.32905295491218567, 0.3194221556186676, 0.13322632014751434, 0.2182985544204712]",0.0
"{""run_name"": ""fedheart_exp_paper_hetagg_gdro"", ""seed"": 7, ""run_dir"": ""runs/fedheart_uncapped/Shared_Anchors_GDRO_s7_f1"", ""use_fedheart"": true, ""num_classes"": 2, ""stratified_batching"": true, ""train_frac"": 0.8, ""group_max_train_samples"": null, ""true_hetero_input_dim"": true, ""feature_mask"": [[0, 1, 2, 3, 5, 6, 7, 8, 9, 10], [0, 1, 2, 3, 5, 6, 11, 12], [0, 1, 2, 4, 5, 7, 11, 12], [0, 1, 2, 4, 5, 6, 8, 9, 10]], ""batch_size"": 64, ""num_workers"": 0, ""epochs"": 100, ""early_stopping_patience"": 30, ""lr"": 0.001, ""weight_decay"": 0.0001, ""optimizer"": ""adam"", ""grad_clip"": 1.0, ""lr_scheduler"": ""cosine"", ""lr_min"": 1e-05, ""latent_dim"": 64, ""head_hidden"": 32, ""groups"": [{""name"": ""cleveland"", ""encoder"": ""mlp_tabular_ln"", ""input_dim"": 13, ""hidden_dim"": 64, ""dropout"": 0.1}, {""name"": ""hungarian"", ""encoder"": ""mlp_tabular_ln"", ""input_dim"": 13, ""hidden_dim"": 64, ""dropout"": 0.1}, {""name"": ""switzerland"", ""encoder"": ""mlp_tabular_ln"", ""input_dim"": 13, ""hidden_dim"": 64, ""dropout"": 0.1}, {""name"": ""va_long_beach"", ""encoder"": ""mlp_tabular_ln"", ""input_dim"": 13, ""hidden_dim"": 64, ""dropout"": 0.1}], ""anchor_eps"": 0.0001, ""sep_samples_per_class"": 4, ""sep_method"": ""classifier"", ""sep_margin"": 1.0, ""lambda_fit"": 0.1, ""lambda_sep"": 0.1, ""groupdro_enabled"": true, ""groupdro_eta"": 0.02, ""groupdro_gamma"": 0.9, ""groupdro_update_mode"": ""exp"", ""groupdro_objective"": ""weighted"", ""groupdro_kl_lambda"": 0.0, ""groupdro_uniform_init"": false, ""log_interval"": 20, ""save_every"": 10, ""groupdro_ema_decay"": 0.9, ""groupdro_update_every"": 1, ""dro_signal"": ""val"", ""val_frac"": 0.15, ""impute_missing"": true, ""common_encoder"": true, ""use_regret"": false, ""data_split_seed"": 1001}","{""num_groups"": 4, ""num_classes"": 2, ""train_total"": 623, ""test_total"": 185, ""train_group_counts"": [205, 199, 83, 136], ""test_group_counts"": [61, 59, 25, 40], ""train_class_counts"": [278, 345], ""test_class_counts"": [83, 102], ""train_group_class_counts"": [[111, 94], [127, 72], [5, 78], [35, 101]], ""test_group_class_counts"": [[33, 28], [38, 21], [2, 23], [10, 30]], ""group_proportions"": [0.3290529695024077, 0.31942215088282505, 0.1332263242375602, 0.21829855537720708], ""val_group_counts"": [37, 36, 15, 24], ""val_total"": 112}","{""num_groups"": 4, ""eta"": 0.02, ""update_mode"": ""exp"", ""robust_objective"": ""weighted"", ""gamma"": 0.9, ""kl_lambda"": 0.0, ""initial_pi"": [0.32905295491218567, 0.3194221556186676, 0.13322632014751434, 0.2182985544204712]}",2026-09-16T04:08:51.852823,40,0.34249944157070583,0.8211805555555556,0.001,0.7243243243243244,0.7413472492358988,0.6885245901639344,0.84,"[0.6885245901639344, 0.711864406779661, 0.84, 0.725]","[0.7311504916440634, 0.7089906568812617, 0.37639666121453047, 0.6666343699442223]","[0.5903614457831325, 0.8333333333333334]","[[0.5454545454545454, 0.8571428571428571], [0.631578947368421, 0.8571428571428571], [0.5, 0.8695652173913043], [0.6, 0.7666666666666667]]","[61, 59, 25, 40]",0.7134744450180692,"[0.6854816824966079, 0.7088534107402031, 0.6212121212121211, 0.6643783371472158]",0.6212121212121211,0.7311504916440634,0.8125,0.8182995495495495,0.75,0.8666666666666667,"[0.8648648648648649, 0.75, 0.8666666666666667, 0.7916666666666666]","[0.45139519180599097, 0.675200495765441, 0.4147873849918445, 0.4443836390661697]","[0.8, 0.8225806451612904]","[[0.75, 1.0], [0.8695652173913043, 0.5384615384615384], [0.0, 0.9285714285714286], [0.8333333333333334, 0.7777777777777778]]","[37, 36, 15, 24]",0.8106737503018595,"[0.8644688644688645, 0.712511091393079, 0.4642857142857143, 0.7575757575757576]",0.4642857142857143,0.675200495765441,"[0.3202262222766876, 0.34087640047073364, 0.1270424723625183, 0.2118549644947052]","[0.36377465228239697, 0.3989063733153873, 0.2761077466938231, 0.47708553241358864]","[0.32070228457450867, 0.3399236500263214, 0.12727589905261993, 0.21209816634655]","[0.32905295491218567, 0.3194221556186676, 0.13322632014751434, 0.2182985544204712]",0.0
"{""run_name"": ""fedheart_exp_paper_hetagg_gdro"", ""seed"": 7, ""run_dir"": ""runs/fedheart_uncapped/Shared_Anchors_GDRO_s7_f1"", ""use_fedheart"": true, ""num_classes"": 2, ""stratified_batching"": true, ""train_frac"": 0.8, ""group_max_train_samples"": null, ""true_hetero_input_dim"": true, ""feature_mask"": [[0, 1, 2, 3, 5, 6, 7, 8, 9, 10], [0, 1, 2, 3, 5, 6, 11, 12], [0, 1, 2, 4, 5, 7, 11, 12], [0, 1, 2, 4, 5, 6, 8, 9, 10]], ""batch_size"": 64, ""num_workers"": 0, ""epochs"": 100, ""early_stopping_patience"": 30, ""lr"": 0.001, ""weight_decay"": 0.0001, ""optimizer"": ""adam"", ""grad_clip"": 1.0, ""lr_scheduler"": ""cosine"", ""lr_min"": 1e-05, ""latent_dim"": 64, ""head_hidden"": 32, ""groups"": [{""name"": ""cleveland"", ""encoder"": ""mlp_tabular_ln"", ""input_dim"": 13, ""hidden_dim"": 64, ""dropout"": 0.1}, {""name"": ""hungarian"", ""encoder"": ""mlp_tabular_ln"", ""input_dim"": 13, ""hidden_dim"": 64, ""dropout"": 0.1}, {""name"": ""switzerland"", ""encoder"": ""mlp_tabular_ln"", ""input_dim"": 13, ""hidden_dim"": 64, ""dropout"": 0.1}, {""name"": ""va_long_beach"", ""encoder"": ""mlp_tabular_ln"", ""input_dim"": 13, ""hidden_dim"": 64, ""dropout"": 0.1}], ""anchor_eps"": 0.0001, ""sep_samples_per_class"": 4, ""sep_method"": ""classifier"", ""sep_margin"": 1.0, ""lambda_fit"": 0.1, ""lambda_sep"": 0.1, ""groupdro_enabled"": true, ""groupdro_eta"": 0.02, ""groupdro_gamma"": 0.9, ""groupdro_update_mode"": ""exp"", ""groupdro_objective"": ""weighted"", ""groupdro_kl_lambda"": 0.0, ""groupdro_uniform_init"": false, ""log_interval"": 20, ""save_every"": 10, ""groupdro_ema_decay"": 0.9, ""groupdro_update_every"": 1, ""dro_signal"": ""val"", ""val_frac"": 0.15, ""impute_missing"": true, ""common_encoder"": true, ""use_regret"": false, ""data_split_seed"": 1001}","{""num_groups"": 4, ""num_classes"": 2, ""train_total"": 623, ""test_total"": 185, ""train_group_counts"": [205, 199, 83, 136], ""test_group_counts"": [61, 59, 25, 40], ""train_class_counts"": [278, 345], ""test_class_counts"": [83, 102], ""train_group_class_counts"": [[111, 94], [127, 72], [5, 78], [35, 101]], ""test_group_class_counts"": [[33, 28], [38, 21], [2, 23], [10, 30]], ""group_proportions"": [0.3290529695024077, 0.31942215088282505, 0.1332263242375602, 0.21829855537720708], ""val_group_counts"": [37, 36, 15, 24], ""val_total"": 112}","{""num_groups"": 4, ""eta"": 0.02, ""update_mode"": ""exp"", ""robust_objective"": ""weighted"", ""gamma"": 0.9, ""kl_lambda"": 0.0, ""initial_pi"": [0.32905295491218567, 0.3194221556186676, 0.13322632014751434, 0.2182985544204712]}",2026-09-16T04:08:51.852823,41,0.35419999063014984,0.8159722222222222,0.001,0.7297297297297297,0.749334537371492,0.6885245901639344,0.88,"[0.6885245901639344, 0.7288135593220338, 0.88, 0.7]","[0.7579294026554486, 0.7171744777805219, 0.35120790023356674, 0.6782511824509129]","[0.6144578313253012, 0.8235294117647058]","[[0.5454545454545454, 0.8571428571428571], [0.6578947368421053, 0.8571428571428571], [1.0, 0.8695652173913043], [0.6, 0.7333333333333333]]","[61, 59, 25, 40]",0.7208474167069048,"[0.6854816824966079, 0.7249417249417249, 0.7508305647840532, 0.6428571428571428]",0.6428571428571428,0.7579294026554486,0.7946428571428571,0.804786036036036,0.75,0.8666666666666667,"[0.8108108108108109, 0.75, 0.8666666666666667, 0.7916666666666666]","[0.45774587873067407, 0.6771236342481441, 0.4110492226978143, 0.43388655145342153]","[0.78, 0.8064516129032258]","[[0.7, 0.9411764705882353], [0.8695652173913043, 0.5384615384615384], [0.0, 0.9285714285714286], [0.8333333333333334, 0.7777777777777778]]","[37, 36, 15, 24]",0.7926426789020365,"[0.8102564102564103, 0.712511091393079, 0.4642857142857143, 0.7575757575757576]",0.4642857142857143,0.6771236342481441,"[0.31975629925727844, 0.3418411314487457, 0.12680421769618988, 0.21159838140010834]","[0.38402405546771157, 0.4060596095191108, 0.28009092311064404, 0.4880276123682658]","[0.3202262222766876, 0.34087640047073364, 0.1270424723625183, 0.2118549644947052]","[0.32905295491218567, 0.3194221556186676, 0.13322632014751434, 0.2182985544204712]",0.0
"{""run_name"": ""fedheart_exp_paper_hetagg_gdro"", ""seed"": 7, ""run_dir"": ""runs/fedheart_uncapped/Shared_Anchors_GDRO_s7_f1"", ""use_fedheart"": true, ""num_classes"": 2, ""stratified_batching"": true, ""train_frac"": 0.8, ""group_max_train_samples"": null, ""true_hetero_input_dim"": true, ""feature_mask"": [[0, 1, 2, 3, 5, 6, 7, 8, 9, 10], [0, 1, 2, 3, 5, 6, 11, 12], [0, 1, 2, 4, 5, 7, 11, 12], [0, 1, 2, 4, 5, 6, 8, 9, 10]], ""batch_size"": 64, ""num_workers"": 0, ""epochs"": 100, ""early_stopping_patience"": 30, ""lr"": 0.001, ""weight_decay"": 0.0001, ""optimizer"": ""adam"", ""grad_clip"": 1.0, ""lr_scheduler"": ""cosine"", ""lr_min"": 1e-05, ""latent_dim"": 64, ""head_hidden"": 32, ""groups"": [{""name"": ""cleveland"", ""encoder"": ""mlp_tabular_ln"", ""input_dim"": 13, ""hidden_dim"": 64, ""dropout"": 0.1}, {""name"": ""hungarian"", ""encoder"": ""mlp_tabular_ln"", ""input_dim"": 13, ""hidden_dim"": 64, ""dropout"": 0.1}, {""name"": ""switzerland"", ""encoder"": ""mlp_tabular_ln"", ""input_dim"": 13, ""hidden_dim"": 64, ""dropout"": 0.1}, {""name"": ""va_long_beach"", ""encoder"": ""mlp_tabular_ln"", ""input_dim"": 13, ""hidden_dim"": 64, ""dropout"": 0.1}], ""anchor_eps"": 0.0001, ""sep_samples_per_class"": 4, ""sep_method"": ""classifier"", ""sep_margin"": 1.0, ""lambda_fit"": 0.1, ""lambda_sep"": 0.1, ""groupdro_enabled"": true, ""groupdro_eta"": 0.02, ""groupdro_gamma"": 0.9, ""groupdro_update_mode"": ""exp"", ""groupdro_objective"": ""weighted"", ""groupdro_kl_lambda"": 0.0, ""groupdro_uniform_init"": false, ""log_interval"": 20, ""save_every"": 10, ""groupdro_ema_decay"": 0.9, ""groupdro_update_every"": 1, ""dro_signal"": ""val"", ""val_frac"": 0.15, ""impute_missing"": true, ""common_encoder"": true, ""use_regret"": false, ""data_split_seed"": 1001}","{""num_groups"": 4, ""num_classes"": 2, ""train_total"": 623, ""test_total"": 185, ""train_group_counts"": [205, 199, 83, 136], ""test_group_counts"": [61, 59, 25, 40], ""train_class_counts"": [278, 345], ""test_class_counts"": [83, 102], ""train_group_class_counts"": [[111, 94], [127, 72], [5, 78], [35, 101]], ""test_group_class_counts"": [[33, 28], [38, 21], [2, 23], [10, 30]], ""group_proportions"": [0.3290529695024077, 0.31942215088282505, 0.1332263242375602, 0.21829855537720708], ""val_group_counts"": [37, 36, 15, 24], ""val_total"": 112}","{""num_groups"": 4, ""eta"": 0.02, ""update_mode"": ""exp"", ""robust_objective"": ""weighted"", ""gamma"": 0.9, ""kl_lambda"": 0.0, ""initial_pi"": [0.32905295491218567, 0.3194221556186676, 0.13322632014751434, 0.2182985544204712]}",2026-09-16T04:08:51.852823,42,0.3723654051621755,0.8159722222222222,0.001,0.7135135135135136,0.7289861767157544,0.6721311475409836,0.84,"[0.6721311475409836, 0.7288135593220338, 0.84, 0.675]","[0.7351758021662836, 0.6799873751035687, 0.3558936097472906, 0.7169236733578146]","[0.6144578313253012, 0.7941176470588235]","[[0.5454545454545454, 0.8214285714285714], [0.6578947368421053, 0.8571428571428571], [1.0, 0.8260869565217391], [0.6, 0.7]]","[61, 59, 25, 40]",0.7057764441110278,"[0.6699134199134199, 0.7249417249417249, 0.7023809523809523, 0.6218181818181818]",0.6218181818181818,0.7351758021662836,0.7946428571428571,0.804786036036036,0.75,0.8666666666666667,"[0.8108108108108109, 0.75, 0.8666666666666667, 0.7916666666666666]","[0.4333968296949122, 0.6773008032598429, 0.43220838469763595, 0.44256072118878365]","[0.82, 0.7741935483870968]","[[0.75, 0.8823529411764706], [0.9130434782608695, 0.46153846153846156], [0.0, 0.9285714285714286], [0.8333333333333334, 0.7777777777777778]]","[37, 36, 15, 24]",0.7938375350140056,"[0.8108108108108107, 0.6974789915966386, 0.4642857142857143, 0.7575757575757576]",0.4642857142857143,0.6773008032598429,"[0.3192782700061798, 0.3428191542625427, 0.1265678107738495, 0.2113347351551056]","[0.39206550849808586, 0.4080437951617771, 0.2613930445578363, 0.566681855254703]","[0.31975629925727844, 0.3418411314487457, 0.12680421769618988, 0.21159838140010834]","[0.32905295491218567, 0.3194221556186676, 0.13322632014751434, 0.2182985544204712]",0.0
"{""run_name"": ""fedheart_exp_paper_hetagg_gdro"", ""seed"": 7, ""run_dir"": ""runs/fedheart_uncapped/Shared_Anchors_GDRO_s7_f1"", ""use_fedheart"": true, ""num_classes"": 2, ""stratified_batching"": true, ""train_frac"": 0.8, ""group_max_train_samples"": null, ""true_hetero_input_dim"": true, ""feature_mask"": [[0, 1, 2, 3, 5, 6, 7, 8, 9, 10], [0, 1, 2, 3, 5, 6, 11, 12], [0, 1, 2, 4, 5, 7, 11, 12], [0, 1, 2, 4, 5, 6, 8, 9, 10]], ""batch_size"": 64, ""num_workers"": 0, ""epochs"": 100, ""early_stopping_patience"": 30, ""lr"": 0.001, ""weight_decay"": 0.0001, ""optimizer"": ""adam"", ""grad_clip"": 1.0, ""lr_scheduler"": ""cosine"", ""lr_min"": 1e-05, ""latent_dim"": 64, ""head_hidden"": 32, ""groups"": [{""name"": ""cleveland"", ""encoder"": ""mlp_tabular_ln"", ""input_dim"": 13, ""hidden_dim"": 64, ""dropout"": 0.1}, {""name"": ""hungarian"", ""encoder"": ""mlp_tabular_ln"", ""input_dim"": 13, ""hidden_dim"": 64, ""dropout"": 0.1}, {""name"": ""switzerland"", ""encoder"": ""mlp_tabular_ln"", ""input_dim"": 13, ""hidden_dim"": 64, ""dropout"": 0.1}, {""name"": ""va_long_beach"", ""encoder"": ""mlp_tabular_ln"", ""input_dim"": 13, ""hidden_dim"": 64, ""dropout"": 0.1}], ""anchor_eps"": 0.0001, ""sep_samples_per_class"": 4, ""sep_method"": ""classifier"", ""sep_margin"": 1.0, ""lambda_fit"": 0.1, ""lambda_sep"": 0.1, ""groupdro_enabled"": true, ""groupdro_eta"": 0.02, ""groupdro_gamma"": 0.9, ""groupdro_update_mode"": ""exp"", ""groupdro_objective"": ""weighted"", ""groupdro_kl_lambda"": 0.0, ""groupdro_uniform_init"": false, ""log_interval"": 20, ""save_every"": 10, ""groupdro_ema_decay"": 0.9, ""groupdro_update_every"": 1, ""dro_signal"": ""val"", ""val_frac"": 0.15, ""impute_missing"": true, ""common_encoder"": true, ""use_regret"": false, ""data_split_seed"": 1001}","{""num_groups"": 4, ""num_classes"": 2, ""train_total"": 623, ""test_total"": 185, ""train_group_counts"": [205, 199, 83, 136], ""test_group_counts"": [61, 59, 25, 40], ""train_class_counts"": [278, 345], ""test_class_counts"": [83, 102], ""train_group_class_counts"": [[111, 94], [127, 72], [5, 78], [35, 101]], ""test_group_class_counts"": [[33, 28], [38, 21], [2, 23], [10, 30]], ""group_proportions"": [0.3290529695024077, 0.31942215088282505, 0.1332263242375602, 0.21829855537720708], ""val_group_counts"": [37, 36, 15, 24], ""val_total"": 112}","{""num_groups"": 4, ""eta"": 0.02, ""update_mode"": ""exp"", ""robust_objective"": ""weighted"", ""gamma"": 0.9, ""kl_lambda"": 0.0, ""initial_pi"": [0.32905295491218567, 0.3194221556186676, 0.13322632014751434, 0.2182985544204712]}",2026-09-16T04:08:51.852823,43,0.3573355774084727,0.8246527777777778,0.001,0.7135135135135136,0.7268345373714921,0.65,0.84,"[0.6885245901639344, 0.7288135593220338, 0.84, 0.65]","[0.7165287477651336, 0.6490572031776783, 0.38647462815046313, 0.7178031049668789]","[0.6265060240963856, 0.7843137254901961]","[[0.5757575757575758, 0.8214285714285714], [0.6578947368421053, 0.8571428571428571], [1.0, 0.8260869565217391], [0.6, 0.6666666666666666]]","[61, 59, 25, 40]",0.7067970455428965,"[0.6871794871794872, 0.7249417249417249, 0.7023809523809523, 0.6011396011396012]",0.6011396011396012,0.7178031049668789,0.7678571428571429,0.7742304804804805,0.6944444444444444,0.8108108108108109,"[0.8108108108108109, 0.6944444444444444, 0.8, 0.7916666666666666]","[0.4288609910857033, 0.6781879795922173, 0.46365497695902985, 0.44134661710510653]","[0.82, 0.7258064516129032]","[[0.75, 0.8823529411764706], [0.9130434782608695, 0.3076923076923077], [0.0, 0.8571428571428571], [0.8333333333333334, 0.7777777777777778]]","[37, 36, 15, 24]",0.7675606641123882,"[0.8108108108108107, 0.6067527308838133, 0.4444444444444445, 0.7575757575757576]",0.4444444444444445,0.6781879795922173,"[0.3187883794307709, 0.34380820393562317, 0.1263403296470642, 0.21106308698654175]","[0.3926246977514691, 0.35911427934964496, 0.34792747100194293, 0.5414605720175637]","[0.3192782700061798, 0.3428191542625427, 0.1265678107738495, 0.2113347351551056]","[0.32905295491218567, 0.3194221556186676, 0.13322632014751434, 0.2182985544204712]",0.0
"{""run_name"": ""fedheart_exp_paper_hetagg_gdro"", ""seed"": 7, ""run_dir"": ""runs/fedheart_uncapped/Shared_Anchors_GDRO_s7_f1"", ""use_fedheart"": true, ""num_classes"": 2, ""stratified_batching"": true, ""train_frac"": 0.8, ""group_max_train_samples"": null, ""true_hetero_input_dim"": true, ""feature_mask"": [[0, 1, 2, 3, 5, 6, 7, 8, 9, 10], [0, 1, 2, 3, 5, 6, 11, 12], [0, 1, 2, 4, 5, 7, 11, 12], [0, 1, 2, 4, 5, 6, 8, 9, 10]], ""batch_size"": 64, ""num_workers"": 0, ""epochs"": 100, ""early_stopping_patience"": 30, ""lr"": 0.001, ""weight_decay"": 0.0001, ""optimizer"": ""adam"", ""grad_clip"": 1.0, ""lr_scheduler"": ""cosine"", ""lr_min"": 1e-05, ""latent_dim"": 64, ""head_hidden"": 32, ""groups"": [{""name"": ""cleveland"", ""encoder"": ""mlp_tabular_ln"", ""input_dim"": 13, ""hidden_dim"": 64, ""dropout"": 0.1}, {""name"": ""hungarian"", ""encoder"": ""mlp_tabular_ln"", ""input_dim"": 13, ""hidden_dim"": 64, ""dropout"": 0.1}, {""name"": ""switzerland"", ""encoder"": ""mlp_tabular_ln"", ""input_dim"": 13, ""hidden_dim"": 64, ""dropout"": 0.1}, {""name"": ""va_long_beach"", ""encoder"": ""mlp_tabular_ln"", ""input_dim"": 13, ""hidden_dim"": 64, ""dropout"": 0.1}], ""anchor_eps"": 0.0001, ""sep_samples_per_class"": 4, ""sep_method"": ""classifier"", ""sep_margin"": 1.0, ""lambda_fit"": 0.1, ""lambda_sep"": 0.1, ""groupdro_enabled"": true, ""groupdro_eta"": 0.02, ""groupdro_gamma"": 0.9, ""groupdro_update_mode"": ""exp"", ""groupdro_objective"": ""weighted"", ""groupdro_kl_lambda"": 0.0, ""groupdro_uniform_init"": false, ""log_interval"": 20, ""save_every"": 10, ""groupdro_ema_decay"": 0.9, ""groupdro_update_every"": 1, ""dro_signal"": ""val"", ""val_frac"": 0.15, ""impute_missing"": true, ""common_encoder"": true, ""use_regret"": false, ""data_split_seed"": 1001}","{""num_groups"": 4, ""num_classes"": 2, ""train_total"": 623, ""test_total"": 185, ""train_group_counts"": [205, 199, 83, 136], ""test_group_counts"": [61, 59, 25, 40], ""train_class_counts"": [278, 345], ""test_class_counts"": [83, 102], ""train_group_class_counts"": [[111, 94], [127, 72], [5, 78], [35, 101]], ""test_group_class_counts"": [[33, 28], [38, 21], [2, 23], [10, 30]], ""group_proportions"": [0.3290529695024077, 0.31942215088282505, 0.1332263242375602, 0.21829855537720708], ""val_group_counts"": [37, 36, 15, 24], ""val_total"": 112}","{""num_groups"": 4, ""eta"": 0.02, ""update_mode"": ""exp"", ""robust_objective"": ""weighted"", ""gamma"": 0.9, ""kl_lambda"": 0.0, ""initial_pi"": [0.32905295491218567, 0.3194221556186676, 0.13322632014751434, 0.2182985544204712]}",2026-09-16T04:08:51.852823,44,0.35582957333988613,0.8263888888888888,0.001,0.7081081081081081,0.7227361767157543,0.65,0.84,"[0.6721311475409836, 0.7288135593220338, 0.84, 0.65]","[0.7349219861760979, 0.6548374806357137, 0.36862762898206713, 0.7049828584305942]","[0.6144578313253012, 0.7843137254901961]","[[0.5454545454545454, 0.8214285714285714], [0.6578947368421053, 0.8571428571428571], [1.0, 0.8260869565217391], [0.6, 0.6666666666666666]]","[61, 59, 25, 40]",0.7007548526240115,"[0.6699134199134199, 0.7249417249417249, 0.7023809523809523, 0.6011396011396012]",0.6011396011396012,0.7349219861760979,0.7857142857142857,0.7978415915915916,0.7222222222222222,0.8666666666666667,"[0.8108108108108109, 0.7222222222222222, 0.8666666666666667, 0.7916666666666666]","[0.44130470009671674, 0.6738517605182197, 0.45964997621874015, 0.41796548043688136]","[0.84, 0.7419354838709677]","[[0.8, 0.8235294117647058], [0.9130434782608695, 0.38461538461538464], [0.0, 0.9285714285714286], [0.8333333333333334, 0.7777777777777778]]","[37, 36, 15, 24]",0.7854406130268199,"[0.8102564102564103, 0.6538461538461537, 0.4642857142857143, 0.7575757575757576]",0.4642857142857143,0.6738517605182197,"[0.31829753518104553, 0.34480634331703186, 0.12612052261829376, 0.21077558398246765]","[0.36423789461453754, 0.3933568166361915, 0.3070457528034846, 0.5475699769126045]","[0.3187883794307709, 0.34380820393562317, 0.1263403296470642, 0.21106308698654175]","[0.32905295491218567, 0.3194221556186676, 0.13322632014751434, 0.2182985544204712]",0.0
