config,dataset_info,groupdro_config,start_time,epoch,train_loss,train_acc,learning_rate,test_overall_acc,test_balanced_acc,test_worst_group_acc,test_best_group_acc,test_per_group_acc,test_per_group_loss,test_per_class_acc,test_per_group_per_class_acc,test_per_group_counts,test_overall_macro_f1,test_per_group_f1,test_worst_group_f1,test_worst_group_loss,val_overall_acc,val_balanced_acc,val_worst_group_acc,val_best_group_acc,val_per_group_acc,val_per_group_loss,val_per_class_acc,val_per_group_per_class_acc,val_per_group_counts,val_overall_macro_f1,val_per_group_f1,val_worst_group_f1,val_worst_group_loss,groupdro_weights,train_per_group_loss,groupdro_weights_mean,groupdro_pi,groupdro_kl_penalty
"{""run_name"": ""fedheart_exp_paper_hetagg_gdro"", ""seed"": 1337, ""run_dir"": ""runs/fedheart_cv/PerGroupOnly_s1337_f1"", ""use_fedheart"": true, ""num_classes"": 2, ""stratified_batching"": true, ""train_frac"": 0.8, ""group_max_train_samples"": [null, null, 20, 25], ""true_hetero_input_dim"": true, ""feature_mask"": [[0, 1, 2, 3, 5, 6, 7, 8, 9, 10], [0, 1, 2, 3, 5, 6, 11, 12], [0, 1, 2, 4, 5, 7, 11, 12], [0, 1, 2, 4, 5, 6, 8, 9, 10]], ""batch_size"": 64, ""num_workers"": 0, ""epochs"": 100, ""early_stopping_patience"": 30, ""lr"": 0.001, ""weight_decay"": 0.0001, ""optimizer"": ""adam"", ""grad_clip"": 1.0, ""lr_scheduler"": ""cosine"", ""lr_min"": 1e-05, ""latent_dim"": 64, ""head_hidden"": 32, ""groups"": [{""name"": ""cleveland"", ""encoder"": ""mlp_tabular_ln"", ""input_dim"": 10, ""hidden_dim"": 64, ""dropout"": 0.1}, {""name"": ""hungarian"", ""encoder"": ""mlp_tabular_ln"", ""input_dim"": 8, ""hidden_dim"": 64, ""dropout"": 0.1}, {""name"": ""switzerland"", ""encoder"": ""mlp_tabular_ln"", ""input_dim"": 8, ""hidden_dim"": 64, ""dropout"": 0.1}, {""name"": ""va_long_beach"", ""encoder"": ""mlp_tabular_ln"", ""input_dim"": 9, ""hidden_dim"": 64, ""dropout"": 0.1}], ""anchor_eps"": 0.0001, ""sep_samples_per_class"": 4, ""sep_method"": ""classifier"", ""sep_margin"": 1.0, ""lambda_fit"": 0.001, ""lambda_sep"": 0.001, ""groupdro_enabled"": false, ""groupdro_eta"": 0.02, ""groupdro_gamma"": 0.9, ""groupdro_update_mode"": ""exp"", ""groupdro_objective"": ""weighted"", ""groupdro_kl_lambda"": 0.0, ""groupdro_uniform_init"": false, ""log_interval"": 20, ""save_every"": 10, ""groupdro_ema_decay"": 0.9, ""groupdro_update_every"": 1, ""dro_signal"": ""val"", ""val_frac"": 0.15, ""impute_missing"": true, ""common_encoder"": false, ""use_regret"": false, ""data_split_seed"": 1001}","{""num_groups"": 4, ""num_classes"": 2, ""train_total"": 449, ""test_total"": 185, ""train_group_counts"": [205, 199, 20, 25], ""test_group_counts"": [61, 59, 25, 40], ""train_class_counts"": [246, 203], ""test_class_counts"": [83, 102], ""train_group_class_counts"": [[111, 94], [127, 72], [3, 17], [5, 20]], ""test_group_class_counts"": [[33, 28], [38, 21], [2, 23], [10, 30]], ""group_proportions"": [0.45657015590200445, 0.44320712694877507, 0.044543429844097995, 0.0556792873051225], ""val_group_counts"": [37, 36, 15, 24], ""val_total"": 112}",,2026-09-15T20:30:26.917242,1,0.6808152821869536,0.6349206335690557,0.001,0.6594594594594595,0.6169026118366213,0.32,0.7704918032786885,"[0.7704918032786885, 0.6271186440677966, 0.32, 0.75]","[0.5561756477004192, 0.5939461543398389, 0.7194221615791321, 0.637228037416935]","[0.7951807228915663, 0.5490196078431373]","[[0.8181818181818182, 0.7142857142857143], [0.9736842105263158, 0.0], [0.5, 0.30434782608695654], [0.1, 0.9666666666666667]]","[61, 59, 25, 40]",0.6584615384615384,"[0.7674291938997821, 0.38541666666666674, 0.27843803056027167, 0.5098039215686275]",0.27843803056027167,0.7194221615791321,0.6964285714285714,0.6801614114114114,0.5333333333333333,0.7916666666666666,"[0.7567567567567568, 0.6388888888888888, 0.5333333333333333, 0.7916666666666666]","[0.5408875378402503, 0.6215004523595175, 0.6771936138470968, 0.6539006928602854]","[0.76, 0.6451612903225806]","[[0.7, 0.8235294117647058], [1.0, 0.0], [0.0, 0.5714285714285714], [0.16666666666666666, 1.0]]","[37, 36, 15, 24]",0.6963317384370016,"[0.7567567567567567, 0.38983050847457623, 0.34782608695652173, 0.5818815331010454]",0.34782608695652173,0.6771936138470968,,"[NaN, NaN, NaN, NaN]",,,
"{""run_name"": ""fedheart_exp_paper_hetagg_gdro"", ""seed"": 1337, ""run_dir"": ""runs/fedheart_cv/PerGroupOnly_s1337_f1"", ""use_fedheart"": true, ""num_classes"": 2, ""stratified_batching"": true, ""train_frac"": 0.8, ""group_max_train_samples"": [null, null, 20, 25], ""true_hetero_input_dim"": true, ""feature_mask"": [[0, 1, 2, 3, 5, 6, 7, 8, 9, 10], [0, 1, 2, 3, 5, 6, 11, 12], [0, 1, 2, 4, 5, 7, 11, 12], [0, 1, 2, 4, 5, 6, 8, 9, 10]], ""batch_size"": 64, ""num_workers"": 0, ""epochs"": 100, ""early_stopping_patience"": 30, ""lr"": 0.001, ""weight_decay"": 0.0001, ""optimizer"": ""adam"", ""grad_clip"": 1.0, ""lr_scheduler"": ""cosine"", ""lr_min"": 1e-05, ""latent_dim"": 64, ""head_hidden"": 32, ""groups"": [{""name"": ""cleveland"", ""encoder"": ""mlp_tabular_ln"", ""input_dim"": 10, ""hidden_dim"": 64, ""dropout"": 0.1}, {""name"": ""hungarian"", ""encoder"": ""mlp_tabular_ln"", ""input_dim"": 8, ""hidden_dim"": 64, ""dropout"": 0.1}, {""name"": ""switzerland"", ""encoder"": ""mlp_tabular_ln"", ""input_dim"": 8, ""hidden_dim"": 64, ""dropout"": 0.1}, {""name"": ""va_long_beach"", ""encoder"": ""mlp_tabular_ln"", ""input_dim"": 9, ""hidden_dim"": 64, ""dropout"": 0.1}], ""anchor_eps"": 0.0001, ""sep_samples_per_class"": 4, ""sep_method"": ""classifier"", ""sep_margin"": 1.0, ""lambda_fit"": 0.001, ""lambda_sep"": 0.001, ""groupdro_enabled"": false, ""groupdro_eta"": 0.02, ""groupdro_gamma"": 0.9, ""groupdro_update_mode"": ""exp"", ""groupdro_objective"": ""weighted"", ""groupdro_kl_lambda"": 0.0, ""groupdro_uniform_init"": false, ""log_interval"": 20, ""save_every"": 10, ""groupdro_ema_decay"": 0.9, ""groupdro_update_every"": 1, ""dro_signal"": ""val"", ""val_frac"": 0.15, ""impute_missing"": true, ""common_encoder"": false, ""use_regret"": false, ""data_split_seed"": 1001}","{""num_groups"": 4, ""num_classes"": 2, ""train_total"": 449, ""test_total"": 185, ""train_group_counts"": [205, 199, 20, 25], ""test_group_counts"": [61, 59, 25, 40], ""train_class_counts"": [246, 203], ""test_class_counts"": [83, 102], ""train_group_class_counts"": [[111, 94], [127, 72], [3, 17], [5, 20]], ""test_group_class_counts"": [[33, 28], [38, 21], [2, 23], [10, 30]], ""group_proportions"": [0.45657015590200445, 0.44320712694877507, 0.044543429844097995, 0.0556792873051225], ""val_group_counts"": [37, 36, 15, 24], ""val_total"": 112}",,2026-09-15T20:30:26.917242,2,0.5996067246882554,0.743764172200443,0.001,0.7783783783783784,0.7964247013059182,0.7288135593220338,0.92,"[0.7868852459016393, 0.7288135593220338, 0.92, 0.75]","[0.48963897711918003, 0.546498557773687, 0.5404381966590881, 0.5837371602654458]","[0.7349397590361446, 0.8137254901960784]","[[0.8181818181818182, 0.75], [0.8947368421052632, 0.42857142857142855], [0.0, 1.0], [0.0, 1.0]]","[61, 59, 25, 40]",0.775199312409235,"[0.7848032564450476, 0.669467787114846, 0.4791666666666667, 0.42857142857142855]",0.42857142857142855,0.5837371602654458,0.75,0.7768768768768769,0.6944444444444444,0.9333333333333333,"[0.7297297297297297, 0.6944444444444444, 0.9333333333333333, 0.75]","[0.47636828027866984, 0.599830348458555, 0.4925648351510366, 0.5982290667792162]","[0.7, 0.7903225806451613]","[[0.7, 0.7647058823529411], [0.9130434782608695, 0.3076923076923077], [0.0, 1.0], [0.0, 1.0]]","[37, 36, 15, 24]",0.746031746031746,"[0.7295321637426899, 0.6067527308838133, 0.4827586206896552, 0.42857142857142855]",0.42857142857142855,0.599830348458555,,"[NaN, NaN, NaN, NaN]",,,
"{""run_name"": ""fedheart_exp_paper_hetagg_gdro"", ""seed"": 1337, ""run_dir"": ""runs/fedheart_cv/PerGroupOnly_s1337_f1"", ""use_fedheart"": true, ""num_classes"": 2, ""stratified_batching"": true, ""train_frac"": 0.8, ""group_max_train_samples"": [null, null, 20, 25], ""true_hetero_input_dim"": true, ""feature_mask"": [[0, 1, 2, 3, 5, 6, 7, 8, 9, 10], [0, 1, 2, 3, 5, 6, 11, 12], [0, 1, 2, 4, 5, 7, 11, 12], [0, 1, 2, 4, 5, 6, 8, 9, 10]], ""batch_size"": 64, ""num_workers"": 0, ""epochs"": 100, ""early_stopping_patience"": 30, ""lr"": 0.001, ""weight_decay"": 0.0001, ""optimizer"": ""adam"", ""grad_clip"": 1.0, ""lr_scheduler"": ""cosine"", ""lr_min"": 1e-05, ""latent_dim"": 64, ""head_hidden"": 32, ""groups"": [{""name"": ""cleveland"", ""encoder"": ""mlp_tabular_ln"", ""input_dim"": 10, ""hidden_dim"": 64, ""dropout"": 0.1}, {""name"": ""hungarian"", ""encoder"": ""mlp_tabular_ln"", ""input_dim"": 8, ""hidden_dim"": 64, ""dropout"": 0.1}, {""name"": ""switzerland"", ""encoder"": ""mlp_tabular_ln"", ""input_dim"": 8, ""hidden_dim"": 64, ""dropout"": 0.1}, {""name"": ""va_long_beach"", ""encoder"": ""mlp_tabular_ln"", ""input_dim"": 9, ""hidden_dim"": 64, ""dropout"": 0.1}], ""anchor_eps"": 0.0001, ""sep_samples_per_class"": 4, ""sep_method"": ""classifier"", ""sep_margin"": 1.0, ""lambda_fit"": 0.001, ""lambda_sep"": 0.001, ""groupdro_enabled"": false, ""groupdro_eta"": 0.02, ""groupdro_gamma"": 0.9, ""groupdro_update_mode"": ""exp"", ""groupdro_objective"": ""weighted"", ""groupdro_kl_lambda"": 0.0, ""groupdro_uniform_init"": false, ""log_interval"": 20, ""save_every"": 10, ""groupdro_ema_decay"": 0.9, ""groupdro_update_every"": 1, ""dro_signal"": ""val"", ""val_frac"": 0.15, ""impute_missing"": true, ""common_encoder"": false, ""use_regret"": false, ""data_split_seed"": 1001}","{""num_groups"": 4, ""num_classes"": 2, ""train_total"": 449, ""test_total"": 185, ""train_group_counts"": [205, 199, 20, 25], ""test_group_counts"": [61, 59, 25, 40], ""train_class_counts"": [246, 203], ""test_class_counts"": [83, 102], ""train_group_class_counts"": [[111, 94], [127, 72], [3, 17], [5, 20]], ""test_group_class_counts"": [[33, 28], [38, 21], [2, 23], [10, 30]], ""group_proportions"": [0.45657015590200445, 0.44320712694877507, 0.044543429844097995, 0.0556792873051225], ""val_group_counts"": [37, 36, 15, 24], ""val_total"": 112}",,2026-09-15T20:30:26.917242,3,0.5422030940077472,0.7800453493113961,0.001,0.7891891891891892,0.8048992775771048,0.75,0.92,"[0.7868852459016393, 0.7627118644067796, 0.92, 0.75]","[0.4626681974432508, 0.515281487319429, 0.4018580883741379, 0.5480159912258387]","[0.7228915662650602, 0.8431372549019608]","[[0.8181818181818182, 0.75], [0.868421052631579, 0.5714285714285714], [0.0, 1.0], [0.0, 1.0]]","[61, 59, 25, 40]",0.7849414289546635,"[0.7848032564450476, 0.7282894736842105, 0.4791666666666667, 0.42857142857142855]",0.42857142857142855,0.5480159912258387,0.7678571428571429,0.7905780780780781,0.7222222222222222,0.9333333333333333,"[0.7567567567567568, 0.7222222222222222, 0.9333333333333333, 0.75]","[0.4520278873073088, 0.5872101411223412, 0.365908549229304, 0.5612101803223292]","[0.7, 0.8225806451612904]","[[0.7, 0.8235294117647058], [0.9130434782608695, 0.38461538461538464], [0.0, 1.0], [0.0, 1.0]]","[37, 36, 15, 24]",0.7630208333333334,"[0.7567567567567567, 0.6538461538461537, 0.4827586206896552, 0.42857142857142855]",0.42857142857142855,0.5872101411223412,,"[NaN, NaN, NaN, NaN]",,,
"{""run_name"": ""fedheart_exp_paper_hetagg_gdro"", ""seed"": 1337, ""run_dir"": ""runs/fedheart_cv/PerGroupOnly_s1337_f1"", ""use_fedheart"": true, ""num_classes"": 2, ""stratified_batching"": true, ""train_frac"": 0.8, ""group_max_train_samples"": [null, null, 20, 25], ""true_hetero_input_dim"": true, ""feature_mask"": [[0, 1, 2, 3, 5, 6, 7, 8, 9, 10], [0, 1, 2, 3, 5, 6, 11, 12], [0, 1, 2, 4, 5, 7, 11, 12], [0, 1, 2, 4, 5, 6, 8, 9, 10]], ""batch_size"": 64, ""num_workers"": 0, ""epochs"": 100, ""early_stopping_patience"": 30, ""lr"": 0.001, ""weight_decay"": 0.0001, ""optimizer"": ""adam"", ""grad_clip"": 1.0, ""lr_scheduler"": ""cosine"", ""lr_min"": 1e-05, ""latent_dim"": 64, ""head_hidden"": 32, ""groups"": [{""name"": ""cleveland"", ""encoder"": ""mlp_tabular_ln"", ""input_dim"": 10, ""hidden_dim"": 64, ""dropout"": 0.1}, {""name"": ""hungarian"", ""encoder"": ""mlp_tabular_ln"", ""input_dim"": 8, ""hidden_dim"": 64, ""dropout"": 0.1}, {""name"": ""switzerland"", ""encoder"": ""mlp_tabular_ln"", ""input_dim"": 8, ""hidden_dim"": 64, ""dropout"": 0.1}, {""name"": ""va_long_beach"", ""encoder"": ""mlp_tabular_ln"", ""input_dim"": 9, ""hidden_dim"": 64, ""dropout"": 0.1}], ""anchor_eps"": 0.0001, ""sep_samples_per_class"": 4, ""sep_method"": ""classifier"", ""sep_margin"": 1.0, ""lambda_fit"": 0.001, ""lambda_sep"": 0.001, ""groupdro_enabled"": false, ""groupdro_eta"": 0.02, ""groupdro_gamma"": 0.9, ""groupdro_update_mode"": ""exp"", ""groupdro_objective"": ""weighted"", ""groupdro_kl_lambda"": 0.0, ""groupdro_uniform_init"": false, ""log_interval"": 20, ""save_every"": 10, ""groupdro_ema_decay"": 0.9, ""groupdro_update_every"": 1, ""dro_signal"": ""val"", ""val_frac"": 0.15, ""impute_missing"": true, ""common_encoder"": false, ""use_regret"": false, ""data_split_seed"": 1001}","{""num_groups"": 4, ""num_classes"": 2, ""train_total"": 449, ""test_total"": 185, ""train_group_counts"": [205, 199, 20, 25], ""test_group_counts"": [61, 59, 25, 40], ""train_class_counts"": [246, 203], ""test_class_counts"": [83, 102], ""train_group_class_counts"": [[111, 94], [127, 72], [3, 17], [5, 20]], ""test_group_class_counts"": [[33, 28], [38, 21], [2, 23], [10, 30]], ""group_proportions"": [0.45657015590200445, 0.44320712694877507, 0.044543429844097995, 0.0556792873051225], ""val_group_counts"": [37, 36, 15, 24], ""val_total"": 112}",,2026-09-15T20:30:26.917242,4,0.5032939575697019,0.8072562394769284,0.001,0.7945945945945946,0.809136565712698,0.75,0.92,"[0.7868852459016393, 0.7796610169491526, 0.92, 0.75]","[0.44680254448388446, 0.505071544546192, 0.3345926135778427, 0.5426043540239334]","[0.7108433734939759, 0.8627450980392157]","[[0.8181818181818182, 0.75], [0.8421052631578947, 0.6666666666666666], [0.0, 1.0], [0.0, 1.0]]","[61, 59, 25, 40]",0.7894200814761563,"[0.7848032564450476, 0.7570478302185619, 0.4791666666666667, 0.42857142857142855]",0.42857142857142855,0.5426043540239334,0.7857142857142857,0.8040915915915916,0.7222222222222222,0.9333333333333333,"[0.8108108108108109, 0.7222222222222222, 0.9333333333333333, 0.75]","[0.4311834767058089, 0.5868698733134402, 0.30713508228460945, 0.5486403219401836]","[0.72, 0.8387096774193549]","[[0.75, 0.8823529411764706], [0.9130434782608695, 0.38461538461538464], [0.0, 1.0], [0.0, 1.0]]","[37, 36, 15, 24]",0.78125,"[0.8108108108108107, 0.6538461538461537, 0.4827586206896552, 0.42857142857142855]",0.42857142857142855,0.5868698733134402,,"[NaN, NaN, NaN, NaN]",,,
"{""run_name"": ""fedheart_exp_paper_hetagg_gdro"", ""seed"": 1337, ""run_dir"": ""runs/fedheart_cv/PerGroupOnly_s1337_f1"", ""use_fedheart"": true, ""num_classes"": 2, ""stratified_batching"": true, ""train_frac"": 0.8, ""group_max_train_samples"": [null, null, 20, 25], ""true_hetero_input_dim"": true, ""feature_mask"": [[0, 1, 2, 3, 5, 6, 7, 8, 9, 10], [0, 1, 2, 3, 5, 6, 11, 12], [0, 1, 2, 4, 5, 7, 11, 12], [0, 1, 2, 4, 5, 6, 8, 9, 10]], ""batch_size"": 64, ""num_workers"": 0, ""epochs"": 100, ""early_stopping_patience"": 30, ""lr"": 0.001, ""weight_decay"": 0.0001, ""optimizer"": ""adam"", ""grad_clip"": 1.0, ""lr_scheduler"": ""cosine"", ""lr_min"": 1e-05, ""latent_dim"": 64, ""head_hidden"": 32, ""groups"": [{""name"": ""cleveland"", ""encoder"": ""mlp_tabular_ln"", ""input_dim"": 10, ""hidden_dim"": 64, ""dropout"": 0.1}, {""name"": ""hungarian"", ""encoder"": ""mlp_tabular_ln"", ""input_dim"": 8, ""hidden_dim"": 64, ""dropout"": 0.1}, {""name"": ""switzerland"", ""encoder"": ""mlp_tabular_ln"", ""input_dim"": 8, ""hidden_dim"": 64, ""dropout"": 0.1}, {""name"": ""va_long_beach"", ""encoder"": ""mlp_tabular_ln"", ""input_dim"": 9, ""hidden_dim"": 64, ""dropout"": 0.1}], ""anchor_eps"": 0.0001, ""sep_samples_per_class"": 4, ""sep_method"": ""classifier"", ""sep_margin"": 1.0, ""lambda_fit"": 0.001, ""lambda_sep"": 0.001, ""groupdro_enabled"": false, ""groupdro_eta"": 0.02, ""groupdro_gamma"": 0.9, ""groupdro_update_mode"": ""exp"", ""groupdro_objective"": ""weighted"", ""groupdro_kl_lambda"": 0.0, ""groupdro_uniform_init"": false, ""log_interval"": 20, ""save_every"": 10, ""groupdro_ema_decay"": 0.9, ""groupdro_update_every"": 1, ""dro_signal"": ""val"", ""val_frac"": 0.15, ""impute_missing"": true, ""common_encoder"": false, ""use_regret"": false, ""data_split_seed"": 1001}","{""num_groups"": 4, ""num_classes"": 2, ""train_total"": 449, ""test_total"": 185, ""train_group_counts"": [205, 199, 20, 25], ""test_group_counts"": [61, 59, 25, 40], ""train_class_counts"": [246, 203], ""test_class_counts"": [83, 102], ""train_group_class_counts"": [[111, 94], [127, 72], [3, 17], [5, 20]], ""test_group_class_counts"": [[33, 28], [38, 21], [2, 23], [10, 30]], ""group_proportions"": [0.45657015590200445, 0.44320712694877507, 0.044543429844097995, 0.0556792873051225], ""val_group_counts"": [37, 36, 15, 24], ""val_total"": 112}",,2026-09-15T20:30:26.917242,5,0.4667226704610448,0.8231292515655223,0.001,0.8,0.8132349263684358,0.75,0.92,"[0.8032786885245902, 0.7796610169491526, 0.92, 0.75]","[0.4367349879419217, 0.5151937369699195, 0.29256269097328186, 0.5654569728299975]","[0.7108433734939759, 0.8725490196078431]","[[0.8484848484848485, 0.75], [0.8157894736842105, 0.7142857142857143], [0.0, 1.0], [0.0, 1.0]]","[61, 59, 25, 40]",0.7945986496624156,"[0.8006535947712419, 0.7621705426356589, 0.4791666666666667, 0.42857142857142855]",0.42857142857142855,0.5654569728299975,0.7857142857142857,0.8040915915915916,0.7222222222222222,0.9333333333333333,"[0.8108108108108109, 0.7222222222222222, 0.9333333333333333, 0.75]","[0.41081573632923335, 0.5949528055886427, 0.27388164003690085, 0.5603987264136473]","[0.72, 0.8387096774193549]","[[0.75, 0.8823529411764706], [0.9130434782608695, 0.38461538461538464], [0.0, 1.0], [0.0, 1.0]]","[37, 36, 15, 24]",0.78125,"[0.8108108108108107, 0.6538461538461537, 0.4827586206896552, 0.42857142857142855]",0.42857142857142855,0.5949528055886427,,"[NaN, NaN, NaN, NaN]",,,
"{""run_name"": ""fedheart_exp_paper_hetagg_gdro"", ""seed"": 1337, ""run_dir"": ""runs/fedheart_cv/PerGroupOnly_s1337_f1"", ""use_fedheart"": true, ""num_classes"": 2, ""stratified_batching"": true, ""train_frac"": 0.8, ""group_max_train_samples"": [null, null, 20, 25], ""true_hetero_input_dim"": true, ""feature_mask"": [[0, 1, 2, 3, 5, 6, 7, 8, 9, 10], [0, 1, 2, 3, 5, 6, 11, 12], [0, 1, 2, 4, 5, 7, 11, 12], [0, 1, 2, 4, 5, 6, 8, 9, 10]], ""batch_size"": 64, ""num_workers"": 0, ""epochs"": 100, ""early_stopping_patience"": 30, ""lr"": 0.001, ""weight_decay"": 0.0001, ""optimizer"": ""adam"", ""grad_clip"": 1.0, ""lr_scheduler"": ""cosine"", ""lr_min"": 1e-05, ""latent_dim"": 64, ""head_hidden"": 32, ""groups"": [{""name"": ""cleveland"", ""encoder"": ""mlp_tabular_ln"", ""input_dim"": 10, ""hidden_dim"": 64, ""dropout"": 0.1}, {""name"": ""hungarian"", ""encoder"": ""mlp_tabular_ln"", ""input_dim"": 8, ""hidden_dim"": 64, ""dropout"": 0.1}, {""name"": ""switzerland"", ""encoder"": ""mlp_tabular_ln"", ""input_dim"": 8, ""hidden_dim"": 64, ""dropout"": 0.1}, {""name"": ""va_long_beach"", ""encoder"": ""mlp_tabular_ln"", ""input_dim"": 9, ""hidden_dim"": 64, ""dropout"": 0.1}], ""anchor_eps"": 0.0001, ""sep_samples_per_class"": 4, ""sep_method"": ""classifier"", ""sep_margin"": 1.0, ""lambda_fit"": 0.001, ""lambda_sep"": 0.001, ""groupdro_enabled"": false, ""groupdro_eta"": 0.02, ""groupdro_gamma"": 0.9, ""groupdro_update_mode"": ""exp"", ""groupdro_objective"": ""weighted"", ""groupdro_kl_lambda"": 0.0, ""groupdro_uniform_init"": false, ""log_interval"": 20, ""save_every"": 10, ""groupdro_ema_decay"": 0.9, ""groupdro_update_every"": 1, ""dro_signal"": ""val"", ""val_frac"": 0.15, ""impute_missing"": true, ""common_encoder"": false, ""use_regret"": false, ""data_split_seed"": 1001}","{""num_groups"": 4, ""num_classes"": 2, ""train_total"": 449, ""test_total"": 185, ""train_group_counts"": [205, 199, 20, 25], ""test_group_counts"": [61, 59, 25, 40], ""train_class_counts"": [246, 203], ""test_class_counts"": [83, 102], ""train_group_class_counts"": [[111, 94], [127, 72], [3, 17], [5, 20]], ""test_group_class_counts"": [[33, 28], [38, 21], [2, 23], [10, 30]], ""group_proportions"": [0.45657015590200445, 0.44320712694877507, 0.044543429844097995, 0.0556792873051225], ""val_group_counts"": [37, 36, 15, 24], ""val_total"": 112}",,2026-09-15T20:30:26.917242,6,0.45897614455817776,0.8095238092534937,0.001,0.8,0.8132349263684358,0.75,0.92,"[0.8032786885245902, 0.7796610169491526, 0.92, 0.75]","[0.4297821633823094, 0.5341382902431286, 0.28092299699783324, 0.5913989277556538]","[0.6987951807228916, 0.8823529411764706]","[[0.8181818181818182, 0.7857142857142857], [0.8157894736842105, 0.7142857142857143], [0.0, 1.0], [0.0, 1.0]]","[61, 59, 25, 40]",0.7938315110990634,"[0.801948051948052, 0.7621705426356589, 0.4791666666666667, 0.42857142857142855]",0.42857142857142855,0.5913989277556538,0.7767857142857143,0.7973348348348348,0.7222222222222222,0.9333333333333333,"[0.7837837837837838, 0.7222222222222222, 0.9333333333333333, 0.75]","[0.39933975252348025, 0.6084834104403853, 0.26657920628786086, 0.5759026774515709]","[0.72, 0.8225806451612904]","[[0.75, 0.8235294117647058], [0.9130434782608695, 0.38461538461538464], [0.0, 1.0], [0.0, 1.0]]","[37, 36, 15, 24]",0.772708823768163,"[0.783625730994152, 0.6538461538461537, 0.4827586206896552, 0.42857142857142855]",0.42857142857142855,0.6084834104403853,,"[NaN, NaN, NaN, NaN]",,,
"{""run_name"": ""fedheart_exp_paper_hetagg_gdro"", ""seed"": 1337, ""run_dir"": ""runs/fedheart_cv/PerGroupOnly_s1337_f1"", ""use_fedheart"": true, ""num_classes"": 2, ""stratified_batching"": true, ""train_frac"": 0.8, ""group_max_train_samples"": [null, null, 20, 25], ""true_hetero_input_dim"": true, ""feature_mask"": [[0, 1, 2, 3, 5, 6, 7, 8, 9, 10], [0, 1, 2, 3, 5, 6, 11, 12], [0, 1, 2, 4, 5, 7, 11, 12], [0, 1, 2, 4, 5, 6, 8, 9, 10]], ""batch_size"": 64, ""num_workers"": 0, ""epochs"": 100, ""early_stopping_patience"": 30, ""lr"": 0.001, ""weight_decay"": 0.0001, ""optimizer"": ""adam"", ""grad_clip"": 1.0, ""lr_scheduler"": ""cosine"", ""lr_min"": 1e-05, ""latent_dim"": 64, ""head_hidden"": 32, ""groups"": [{""name"": ""cleveland"", ""encoder"": ""mlp_tabular_ln"", ""input_dim"": 10, ""hidden_dim"": 64, ""dropout"": 0.1}, {""name"": ""hungarian"", ""encoder"": ""mlp_tabular_ln"", ""input_dim"": 8, ""hidden_dim"": 64, ""dropout"": 0.1}, {""name"": ""switzerland"", ""encoder"": ""mlp_tabular_ln"", ""input_dim"": 8, ""hidden_dim"": 64, ""dropout"": 0.1}, {""name"": ""va_long_beach"", ""encoder"": ""mlp_tabular_ln"", ""input_dim"": 9, ""hidden_dim"": 64, ""dropout"": 0.1}], ""anchor_eps"": 0.0001, ""sep_samples_per_class"": 4, ""sep_method"": ""classifier"", ""sep_margin"": 1.0, ""lambda_fit"": 0.001, ""lambda_sep"": 0.001, ""groupdro_enabled"": false, ""groupdro_eta"": 0.02, ""groupdro_gamma"": 0.9, ""groupdro_update_mode"": ""exp"", ""groupdro_objective"": ""weighted"", ""groupdro_kl_lambda"": 0.0, ""groupdro_uniform_init"": false, ""log_interval"": 20, ""save_every"": 10, ""groupdro_ema_decay"": 0.9, ""groupdro_update_every"": 1, ""dro_signal"": ""val"", ""val_frac"": 0.15, ""impute_missing"": true, ""common_encoder"": false, ""use_regret"": false, ""data_split_seed"": 1001}","{""num_groups"": 4, ""num_classes"": 2, ""train_total"": 449, ""test_total"": 185, ""train_group_counts"": [205, 199, 20, 25], ""test_group_counts"": [61, 59, 25, 40], ""train_class_counts"": [246, 203], ""test_class_counts"": [83, 102], ""train_group_class_counts"": [[111, 94], [127, 72], [3, 17], [5, 20]], ""test_group_class_counts"": [[33, 28], [38, 21], [2, 23], [10, 30]], ""group_proportions"": [0.45657015590200445, 0.44320712694877507, 0.044543429844097995, 0.0556792873051225], ""val_group_counts"": [37, 36, 15, 24], ""val_total"": 112}",,2026-09-15T20:30:26.917242,7,0.45541406069753393,0.8208616778693772,0.001,0.8054054054054054,0.817472214504029,0.75,0.92,"[0.8032786885245902, 0.7966101694915254, 0.92, 0.75]","[0.43357791067635426, 0.5491469110346446, 0.27885005533695223, 0.5924791448749602]","[0.7108433734939759, 0.8823529411764706]","[[0.8181818181818182, 0.7857142857142857], [0.8421052631578947, 0.7142857142857143], [0.0, 1.0], [0.0, 1.0]]","[61, 59, 25, 40]",0.7997835497835497,"[0.801948051948052, 0.7781954887218046, 0.4791666666666667, 0.42857142857142855]",0.42857142857142855,0.5924791448749602,0.7946428571428571,0.8108483483483484,0.7222222222222222,0.9333333333333333,"[0.8378378378378378, 0.7222222222222222, 0.9333333333333333, 0.75]","[0.3953192694163, 0.6346704808788167, 0.26876129979888597, 0.570389250603815]","[0.72, 0.8548387096774194]","[[0.75, 0.9411764705882353], [0.9130434782608695, 0.38461538461538464], [0.0, 1.0], [0.0, 1.0]]","[37, 36, 15, 24]",0.7898000815993471,"[0.8377192982456141, 0.6538461538461537, 0.4827586206896552, 0.42857142857142855]",0.42857142857142855,0.6346704808788167,,"[NaN, NaN, NaN, NaN]",,,
"{""run_name"": ""fedheart_exp_paper_hetagg_gdro"", ""seed"": 1337, ""run_dir"": ""runs/fedheart_cv/PerGroupOnly_s1337_f1"", ""use_fedheart"": true, ""num_classes"": 2, ""stratified_batching"": true, ""train_frac"": 0.8, ""group_max_train_samples"": [null, null, 20, 25], ""true_hetero_input_dim"": true, ""feature_mask"": [[0, 1, 2, 3, 5, 6, 7, 8, 9, 10], [0, 1, 2, 3, 5, 6, 11, 12], [0, 1, 2, 4, 5, 7, 11, 12], [0, 1, 2, 4, 5, 6, 8, 9, 10]], ""batch_size"": 64, ""num_workers"": 0, ""epochs"": 100, ""early_stopping_patience"": 30, ""lr"": 0.001, ""weight_decay"": 0.0001, ""optimizer"": ""adam"", ""grad_clip"": 1.0, ""lr_scheduler"": ""cosine"", ""lr_min"": 1e-05, ""latent_dim"": 64, ""head_hidden"": 32, ""groups"": [{""name"": ""cleveland"", ""encoder"": ""mlp_tabular_ln"", ""input_dim"": 10, ""hidden_dim"": 64, ""dropout"": 0.1}, {""name"": ""hungarian"", ""encoder"": ""mlp_tabular_ln"", ""input_dim"": 8, ""hidden_dim"": 64, ""dropout"": 0.1}, {""name"": ""switzerland"", ""encoder"": ""mlp_tabular_ln"", ""input_dim"": 8, ""hidden_dim"": 64, ""dropout"": 0.1}, {""name"": ""va_long_beach"", ""encoder"": ""mlp_tabular_ln"", ""input_dim"": 9, ""hidden_dim"": 64, ""dropout"": 0.1}], ""anchor_eps"": 0.0001, ""sep_samples_per_class"": 4, ""sep_method"": ""classifier"", ""sep_margin"": 1.0, ""lambda_fit"": 0.001, ""lambda_sep"": 0.001, ""groupdro_enabled"": false, ""groupdro_eta"": 0.02, ""groupdro_gamma"": 0.9, ""groupdro_update_mode"": ""exp"", ""groupdro_objective"": ""weighted"", ""groupdro_kl_lambda"": 0.0, ""groupdro_uniform_init"": false, ""log_interval"": 20, ""save_every"": 10, ""groupdro_ema_decay"": 0.9, ""groupdro_update_every"": 1, ""dro_signal"": ""val"", ""val_frac"": 0.15, ""impute_missing"": true, ""common_encoder"": false, ""use_regret"": false, ""data_split_seed"": 1001}","{""num_groups"": 4, ""num_classes"": 2, ""train_total"": 449, ""test_total"": 185, ""train_group_counts"": [205, 199, 20, 25], ""test_group_counts"": [61, 59, 25, 40], ""train_class_counts"": [246, 203], ""test_class_counts"": [83, 102], ""train_group_class_counts"": [[111, 94], [127, 72], [3, 17], [5, 20]], ""test_group_class_counts"": [[33, 28], [38, 21], [2, 23], [10, 30]], ""group_proportions"": [0.45657015590200445, 0.44320712694877507, 0.044543429844097995, 0.0556792873051225], ""val_group_counts"": [37, 36, 15, 24], ""val_total"": 112}",,2026-09-15T20:30:26.917242,8,0.41917036173024685,0.825396826207773,0.001,0.8054054054054054,0.817472214504029,0.75,0.92,"[0.8032786885245902, 0.7966101694915254, 0.92, 0.75]","[0.43598553904744447, 0.562873836859303, 0.28197545498609544, 0.588959079887718]","[0.7108433734939759, 0.8823529411764706]","[[0.8181818181818182, 0.7857142857142857], [0.8421052631578947, 0.7142857142857143], [0.0, 1.0], [0.0, 1.0]]","[61, 59, 25, 40]",0.7997835497835497,"[0.801948051948052, 0.7781954887218046, 0.4791666666666667, 0.42857142857142855]",0.42857142857142855,0.588959079887718,0.7946428571428571,0.8108483483483484,0.7222222222222222,0.9333333333333333,"[0.8378378378378378, 0.7222222222222222, 0.9333333333333333, 0.75]","[0.39425589506690567, 0.627295089368191, 0.27174451276659967, 0.5654877323346833]","[0.74, 0.8387096774193549]","[[0.8, 0.8823529411764706], [0.9130434782608695, 0.38461538461538464], [0.0, 1.0], [0.0, 1.0]]","[37, 36, 15, 24]",0.79089211786671,"[0.8377192982456141, 0.6538461538461537, 0.4827586206896552, 0.42857142857142855]",0.42857142857142855,0.627295089368191,,"[NaN, NaN, NaN, NaN]",,,
"{""run_name"": ""fedheart_exp_paper_hetagg_gdro"", ""seed"": 1337, ""run_dir"": ""runs/fedheart_cv/PerGroupOnly_s1337_f1"", ""use_fedheart"": true, ""num_classes"": 2, ""stratified_batching"": true, ""train_frac"": 0.8, ""group_max_train_samples"": [null, null, 20, 25], ""true_hetero_input_dim"": true, ""feature_mask"": [[0, 1, 2, 3, 5, 6, 7, 8, 9, 10], [0, 1, 2, 3, 5, 6, 11, 12], [0, 1, 2, 4, 5, 7, 11, 12], [0, 1, 2, 4, 5, 6, 8, 9, 10]], ""batch_size"": 64, ""num_workers"": 0, ""epochs"": 100, ""early_stopping_patience"": 30, ""lr"": 0.001, ""weight_decay"": 0.0001, ""optimizer"": ""adam"", ""grad_clip"": 1.0, ""lr_scheduler"": ""cosine"", ""lr_min"": 1e-05, ""latent_dim"": 64, ""head_hidden"": 32, ""groups"": [{""name"": ""cleveland"", ""encoder"": ""mlp_tabular_ln"", ""input_dim"": 10, ""hidden_dim"": 64, ""dropout"": 0.1}, {""name"": ""hungarian"", ""encoder"": ""mlp_tabular_ln"", ""input_dim"": 8, ""hidden_dim"": 64, ""dropout"": 0.1}, {""name"": ""switzerland"", ""encoder"": ""mlp_tabular_ln"", ""input_dim"": 8, ""hidden_dim"": 64, ""dropout"": 0.1}, {""name"": ""va_long_beach"", ""encoder"": ""mlp_tabular_ln"", ""input_dim"": 9, ""hidden_dim"": 64, ""dropout"": 0.1}], ""anchor_eps"": 0.0001, ""sep_samples_per_class"": 4, ""sep_method"": ""classifier"", ""sep_margin"": 1.0, ""lambda_fit"": 0.001, ""lambda_sep"": 0.001, ""groupdro_enabled"": false, ""groupdro_eta"": 0.02, ""groupdro_gamma"": 0.9, ""groupdro_update_mode"": ""exp"", ""groupdro_objective"": ""weighted"", ""groupdro_kl_lambda"": 0.0, ""groupdro_uniform_init"": false, ""log_interval"": 20, ""save_every"": 10, ""groupdro_ema_decay"": 0.9, ""groupdro_update_every"": 1, ""dro_signal"": ""val"", ""val_frac"": 0.15, ""impute_missing"": true, ""common_encoder"": false, ""use_regret"": false, ""data_split_seed"": 1001}","{""num_groups"": 4, ""num_classes"": 2, ""train_total"": 449, ""test_total"": 185, ""train_group_counts"": [205, 199, 20, 25], ""test_group_counts"": [61, 59, 25, 40], ""train_class_counts"": [246, 203], ""test_class_counts"": [83, 102], ""train_group_class_counts"": [[111, 94], [127, 72], [3, 17], [5, 20]], ""test_group_class_counts"": [[33, 28], [38, 21], [2, 23], [10, 30]], ""group_proportions"": [0.45657015590200445, 0.44320712694877507, 0.044543429844097995, 0.0556792873051225], ""val_group_counts"": [37, 36, 15, 24], ""val_total"": 112}",,2026-09-15T20:30:26.917242,9,0.41881625148174173,0.8367346965807095,0.001,0.8,0.8110832870241734,0.725,0.92,"[0.819672131147541, 0.7796610169491526, 0.92, 0.725]","[0.43636620612662347, 0.5812835538665116, 0.29145856082439425, 0.5883384472690523]","[0.7228915662650602, 0.8627450980392157]","[[0.8484848484848485, 0.7857142857142857], [0.8421052631578947, 0.6666666666666666], [0.0, 1.0], [0.0, 0.9666666666666667]]","[61, 59, 25, 40]",0.7953111450016447,"[0.817910447761194, 0.7570478302185619, 0.4791666666666667, 0.42028985507246375]",0.42028985507246375,0.5883384472690523,0.7946428571428571,0.8108483483483484,0.7222222222222222,0.9333333333333333,"[0.8378378378378378, 0.7222222222222222, 0.9333333333333333, 0.75]","[0.3903275108015215, 0.6441725144266255, 0.27455438996354736, 0.5497559760697186]","[0.76, 0.8225806451612904]","[[0.85, 0.8235294117647058], [0.9130434782608695, 0.38461538461538464], [0.0, 1.0], [0.0, 1.0]]","[37, 36, 15, 24]",0.7918383838383838,"[0.8367647058823529, 0.6538461538461537, 0.4827586206896552, 0.42857142857142855]",0.42857142857142855,0.6441725144266255,,"[NaN, NaN, NaN, NaN]",,,
"{""run_name"": ""fedheart_exp_paper_hetagg_gdro"", ""seed"": 1337, ""run_dir"": ""runs/fedheart_cv/PerGroupOnly_s1337_f1"", ""use_fedheart"": true, ""num_classes"": 2, ""stratified_batching"": true, ""train_frac"": 0.8, ""group_max_train_samples"": [null, null, 20, 25], ""true_hetero_input_dim"": true, ""feature_mask"": [[0, 1, 2, 3, 5, 6, 7, 8, 9, 10], [0, 1, 2, 3, 5, 6, 11, 12], [0, 1, 2, 4, 5, 7, 11, 12], [0, 1, 2, 4, 5, 6, 8, 9, 10]], ""batch_size"": 64, ""num_workers"": 0, ""epochs"": 100, ""early_stopping_patience"": 30, ""lr"": 0.001, ""weight_decay"": 0.0001, ""optimizer"": ""adam"", ""grad_clip"": 1.0, ""lr_scheduler"": ""cosine"", ""lr_min"": 1e-05, ""latent_dim"": 64, ""head_hidden"": 32, ""groups"": [{""name"": ""cleveland"", ""encoder"": ""mlp_tabular_ln"", ""input_dim"": 10, ""hidden_dim"": 64, ""dropout"": 0.1}, {""name"": ""hungarian"", ""encoder"": ""mlp_tabular_ln"", ""input_dim"": 8, ""hidden_dim"": 64, ""dropout"": 0.1}, {""name"": ""switzerland"", ""encoder"": ""mlp_tabular_ln"", ""input_dim"": 8, ""hidden_dim"": 64, ""dropout"": 0.1}, {""name"": ""va_long_beach"", ""encoder"": ""mlp_tabular_ln"", ""input_dim"": 9, ""hidden_dim"": 64, ""dropout"": 0.1}], ""anchor_eps"": 0.0001, ""sep_samples_per_class"": 4, ""sep_method"": ""classifier"", ""sep_margin"": 1.0, ""lambda_fit"": 0.001, ""lambda_sep"": 0.001, ""groupdro_enabled"": false, ""groupdro_eta"": 0.02, ""groupdro_gamma"": 0.9, ""groupdro_update_mode"": ""exp"", ""groupdro_objective"": ""weighted"", ""groupdro_kl_lambda"": 0.0, ""groupdro_uniform_init"": false, ""log_interval"": 20, ""save_every"": 10, ""groupdro_ema_decay"": 0.9, ""groupdro_update_every"": 1, ""dro_signal"": ""val"", ""val_frac"": 0.15, ""impute_missing"": true, ""common_encoder"": false, ""use_regret"": false, ""data_split_seed"": 1001}","{""num_groups"": 4, ""num_classes"": 2, ""train_total"": 449, ""test_total"": 185, ""train_group_counts"": [205, 199, 20, 25], ""test_group_counts"": [61, 59, 25, 40], ""train_class_counts"": [246, 203], ""test_class_counts"": [83, 102], ""train_group_class_counts"": [[111, 94], [127, 72], [3, 17], [5, 20]], ""test_group_class_counts"": [[33, 28], [38, 21], [2, 23], [10, 30]], ""group_proportions"": [0.45657015590200445, 0.44320712694877507, 0.044543429844097995, 0.0556792873051225], ""val_group_counts"": [37, 36, 15, 24], ""val_total"": 112}",,2026-09-15T20:30:26.917242,10,0.40182669795289333,0.8390022683846436,0.001,0.8,0.807472214504029,0.75,0.88,"[0.8032786885245902, 0.7966101694915254, 0.88, 0.75]","[0.44197326822236915, 0.600997058043288, 0.30876344367861747, 0.6061337859369814]","[0.7349397590361446, 0.8529411764705882]","[[0.8484848484848485, 0.75], [0.8421052631578947, 0.7142857142857143], [0.0, 0.9565217391304348], [0.1, 0.9666666666666667]]","[61, 59, 25, 40]",0.795970073623655,"[0.8006535947712419, 0.7781954887218046, 0.4680851063829787, 0.5098039215686275]",0.4680851063829787,0.6061337859369814,0.8035714285714286,0.8176051051051051,0.7222222222222222,0.9333333333333333,"[0.8648648648648649, 0.7222222222222222, 0.9333333333333333, 0.75]","[0.39398015814053045, 0.6521400226694014, 0.2805172257125378, 0.5536003261804581]","[0.76, 0.8387096774193549]","[[0.85, 0.8823529411764706], [0.9130434782608695, 0.38461538461538464], [0.0, 1.0], [0.0, 1.0]]","[37, 36, 15, 24]",0.800453514739229,"[0.8644688644688645, 0.6538461538461537, 0.4827586206896552, 0.42857142857142855]",0.42857142857142855,0.6521400226694014,,"[NaN, NaN, NaN, NaN]",,,
"{""run_name"": ""fedheart_exp_paper_hetagg_gdro"", ""seed"": 1337, ""run_dir"": ""runs/fedheart_cv/PerGroupOnly_s1337_f1"", ""use_fedheart"": true, ""num_classes"": 2, ""stratified_batching"": true, ""train_frac"": 0.8, ""group_max_train_samples"": [null, null, 20, 25], ""true_hetero_input_dim"": true, ""feature_mask"": [[0, 1, 2, 3, 5, 6, 7, 8, 9, 10], [0, 1, 2, 3, 5, 6, 11, 12], [0, 1, 2, 4, 5, 7, 11, 12], [0, 1, 2, 4, 5, 6, 8, 9, 10]], ""batch_size"": 64, ""num_workers"": 0, ""epochs"": 100, ""early_stopping_patience"": 30, ""lr"": 0.001, ""weight_decay"": 0.0001, ""optimizer"": ""adam"", ""grad_clip"": 1.0, ""lr_scheduler"": ""cosine"", ""lr_min"": 1e-05, ""latent_dim"": 64, ""head_hidden"": 32, ""groups"": [{""name"": ""cleveland"", ""encoder"": ""mlp_tabular_ln"", ""input_dim"": 10, ""hidden_dim"": 64, ""dropout"": 0.1}, {""name"": ""hungarian"", ""encoder"": ""mlp_tabular_ln"", ""input_dim"": 8, ""hidden_dim"": 64, ""dropout"": 0.1}, {""name"": ""switzerland"", ""encoder"": ""mlp_tabular_ln"", ""input_dim"": 8, ""hidden_dim"": 64, ""dropout"": 0.1}, {""name"": ""va_long_beach"", ""encoder"": ""mlp_tabular_ln"", ""input_dim"": 9, ""hidden_dim"": 64, ""dropout"": 0.1}], ""anchor_eps"": 0.0001, ""sep_samples_per_class"": 4, ""sep_method"": ""classifier"", ""sep_margin"": 1.0, ""lambda_fit"": 0.001, ""lambda_sep"": 0.001, ""groupdro_enabled"": false, ""groupdro_eta"": 0.02, ""groupdro_gamma"": 0.9, ""groupdro_update_mode"": ""exp"", ""groupdro_objective"": ""weighted"", ""groupdro_kl_lambda"": 0.0, ""groupdro_uniform_init"": false, ""log_interval"": 20, ""save_every"": 10, ""groupdro_ema_decay"": 0.9, ""groupdro_update_every"": 1, ""dro_signal"": ""val"", ""val_frac"": 0.15, ""impute_missing"": true, ""common_encoder"": false, ""use_regret"": false, ""data_split_seed"": 1001}","{""num_groups"": 4, ""num_classes"": 2, ""train_total"": 449, ""test_total"": 185, ""train_group_counts"": [205, 199, 20, 25], ""test_group_counts"": [61, 59, 25, 40], ""train_class_counts"": [246, 203], ""test_class_counts"": [83, 102], ""train_group_class_counts"": [[111, 94], [127, 72], [3, 17], [5, 20]], ""test_group_class_counts"": [[33, 28], [38, 21], [2, 23], [10, 30]], ""group_proportions"": [0.45657015590200445, 0.44320712694877507, 0.044543429844097995, 0.0556792873051225], ""val_group_counts"": [37, 36, 15, 24], ""val_total"": 112}",,2026-09-15T20:30:26.917242,11,0.3792161895574626,0.8526077124537254,0.001,0.7945945945945946,0.8033738538482912,0.75,0.88,"[0.7868852459016393, 0.7966101694915254, 0.88, 0.75]","[0.46117625200785084, 0.6206963582879911, 0.31008550435304644, 0.6498038353864104]","[0.7108433734939759, 0.8627450980392157]","[[0.7878787878787878, 0.7857142857142857], [0.8421052631578947, 0.7142857142857143], [0.0, 0.9565217391304348], [0.1, 0.9666666666666667]]","[61, 59, 25, 40]",0.7894200814761563,"[0.7859649122807018, 0.7781954887218046, 0.4680851063829787, 0.5098039215686275]",0.4680851063829787,0.6498038353864104,0.7857142857142857,0.8040915915915916,0.7222222222222222,0.9333333333333333,"[0.8108108108108109, 0.7222222222222222, 0.9333333333333333, 0.75]","[0.4076237623655313, 0.6572487432923582, 0.2846396806339423, 0.5817611734382808]","[0.72, 0.8387096774193549]","[[0.75, 0.8823529411764706], [0.9130434782608695, 0.38461538461538464], [0.0, 1.0], [0.0, 1.0]]","[37, 36, 15, 24]",0.78125,"[0.8108108108108107, 0.6538461538461537, 0.4827586206896552, 0.42857142857142855]",0.42857142857142855,0.6572487432923582,,"[NaN, NaN, NaN, NaN]",,,
"{""run_name"": ""fedheart_exp_paper_hetagg_gdro"", ""seed"": 1337, ""run_dir"": ""runs/fedheart_cv/PerGroupOnly_s1337_f1"", ""use_fedheart"": true, ""num_classes"": 2, ""stratified_batching"": true, ""train_frac"": 0.8, ""group_max_train_samples"": [null, null, 20, 25], ""true_hetero_input_dim"": true, ""feature_mask"": [[0, 1, 2, 3, 5, 6, 7, 8, 9, 10], [0, 1, 2, 3, 5, 6, 11, 12], [0, 1, 2, 4, 5, 7, 11, 12], [0, 1, 2, 4, 5, 6, 8, 9, 10]], ""batch_size"": 64, ""num_workers"": 0, ""epochs"": 100, ""early_stopping_patience"": 30, ""lr"": 0.001, ""weight_decay"": 0.0001, ""optimizer"": ""adam"", ""grad_clip"": 1.0, ""lr_scheduler"": ""cosine"", ""lr_min"": 1e-05, ""latent_dim"": 64, ""head_hidden"": 32, ""groups"": [{""name"": ""cleveland"", ""encoder"": ""mlp_tabular_ln"", ""input_dim"": 10, ""hidden_dim"": 64, ""dropout"": 0.1}, {""name"": ""hungarian"", ""encoder"": ""mlp_tabular_ln"", ""input_dim"": 8, ""hidden_dim"": 64, ""dropout"": 0.1}, {""name"": ""switzerland"", ""encoder"": ""mlp_tabular_ln"", ""input_dim"": 8, ""hidden_dim"": 64, ""dropout"": 0.1}, {""name"": ""va_long_beach"", ""encoder"": ""mlp_tabular_ln"", ""input_dim"": 9, ""hidden_dim"": 64, ""dropout"": 0.1}], ""anchor_eps"": 0.0001, ""sep_samples_per_class"": 4, ""sep_method"": ""classifier"", ""sep_margin"": 1.0, ""lambda_fit"": 0.001, ""lambda_sep"": 0.001, ""groupdro_enabled"": false, ""groupdro_eta"": 0.02, ""groupdro_gamma"": 0.9, ""groupdro_update_mode"": ""exp"", ""groupdro_objective"": ""weighted"", ""groupdro_kl_lambda"": 0.0, ""groupdro_uniform_init"": false, ""log_interval"": 20, ""save_every"": 10, ""groupdro_ema_decay"": 0.9, ""groupdro_update_every"": 1, ""dro_signal"": ""val"", ""val_frac"": 0.15, ""impute_missing"": true, ""common_encoder"": false, ""use_regret"": false, ""data_split_seed"": 1001}","{""num_groups"": 4, ""num_classes"": 2, ""train_total"": 449, ""test_total"": 185, ""train_group_counts"": [205, 199, 20, 25], ""test_group_counts"": [61, 59, 25, 40], ""train_class_counts"": [246, 203], ""test_class_counts"": [83, 102], ""train_group_class_counts"": [[111, 94], [127, 72], [3, 17], [5, 20]], ""test_group_class_counts"": [[33, 28], [38, 21], [2, 23], [10, 30]], ""group_proportions"": [0.45657015590200445, 0.44320712694877507, 0.044543429844097995, 0.0556792873051225], ""val_group_counts"": [37, 36, 15, 24], ""val_total"": 112}",,2026-09-15T20:30:26.917242,12,0.3902340813829245,0.8412698401885779,0.001,0.8,0.807472214504029,0.75,0.88,"[0.8032786885245902, 0.7966101694915254, 0.88, 0.75]","[0.4495690324511684, 0.6380227005456464, 0.3241378390789032, 0.6987838738365099]","[0.7228915662650602, 0.8627450980392157]","[[0.8181818181818182, 0.7857142857142857], [0.8421052631578947, 0.7142857142857143], [0.0, 0.9565217391304348], [0.1, 0.9666666666666667]]","[61, 59, 25, 40]",0.7953111450016447,"[0.801948051948052, 0.7781954887218046, 0.4680851063829787, 0.5098039215686275]",0.4680851063829787,0.6987838738365099,0.7767857142857143,0.7934872372372372,0.6944444444444444,0.9333333333333333,"[0.8378378378378378, 0.6944444444444444, 0.9333333333333333, 0.7083333333333334]","[0.4143350296024535, 0.6780511999709739, 0.29267529733479025, 0.6287182595891257]","[0.74, 0.8064516129032258]","[[0.8, 0.8823529411764706], [0.9130434782608695, 0.3076923076923077], [0.0, 1.0], [0.0, 0.9444444444444444]]","[37, 36, 15, 24]",0.7737373737373736,"[0.8377192982456141, 0.6067527308838133, 0.4827586206896552, 0.41463414634146345]",0.41463414634146345,0.6780511999709739,,"[NaN, NaN, NaN, NaN]",,,
"{""run_name"": ""fedheart_exp_paper_hetagg_gdro"", ""seed"": 1337, ""run_dir"": ""runs/fedheart_cv/PerGroupOnly_s1337_f1"", ""use_fedheart"": true, ""num_classes"": 2, ""stratified_batching"": true, ""train_frac"": 0.8, ""group_max_train_samples"": [null, null, 20, 25], ""true_hetero_input_dim"": true, ""feature_mask"": [[0, 1, 2, 3, 5, 6, 7, 8, 9, 10], [0, 1, 2, 3, 5, 6, 11, 12], [0, 1, 2, 4, 5, 7, 11, 12], [0, 1, 2, 4, 5, 6, 8, 9, 10]], ""batch_size"": 64, ""num_workers"": 0, ""epochs"": 100, ""early_stopping_patience"": 30, ""lr"": 0.001, ""weight_decay"": 0.0001, ""optimizer"": ""adam"", ""grad_clip"": 1.0, ""lr_scheduler"": ""cosine"", ""lr_min"": 1e-05, ""latent_dim"": 64, ""head_hidden"": 32, ""groups"": [{""name"": ""cleveland"", ""encoder"": ""mlp_tabular_ln"", ""input_dim"": 10, ""hidden_dim"": 64, ""dropout"": 0.1}, {""name"": ""hungarian"", ""encoder"": ""mlp_tabular_ln"", ""input_dim"": 8, ""hidden_dim"": 64, ""dropout"": 0.1}, {""name"": ""switzerland"", ""encoder"": ""mlp_tabular_ln"", ""input_dim"": 8, ""hidden_dim"": 64, ""dropout"": 0.1}, {""name"": ""va_long_beach"", ""encoder"": ""mlp_tabular_ln"", ""input_dim"": 9, ""hidden_dim"": 64, ""dropout"": 0.1}], ""anchor_eps"": 0.0001, ""sep_samples_per_class"": 4, ""sep_method"": ""classifier"", ""sep_margin"": 1.0, ""lambda_fit"": 0.001, ""lambda_sep"": 0.001, ""groupdro_enabled"": false, ""groupdro_eta"": 0.02, ""groupdro_gamma"": 0.9, ""groupdro_update_mode"": ""exp"", ""groupdro_objective"": ""weighted"", ""groupdro_kl_lambda"": 0.0, ""groupdro_uniform_init"": false, ""log_interval"": 20, ""save_every"": 10, ""groupdro_ema_decay"": 0.9, ""groupdro_update_every"": 1, ""dro_signal"": ""val"", ""val_frac"": 0.15, ""impute_missing"": true, ""common_encoder"": false, ""use_regret"": false, ""data_split_seed"": 1001}","{""num_groups"": 4, ""num_classes"": 2, ""train_total"": 449, ""test_total"": 185, ""train_group_counts"": [205, 199, 20, 25], ""test_group_counts"": [61, 59, 25, 40], ""train_class_counts"": [246, 203], ""test_class_counts"": [83, 102], ""train_group_class_counts"": [[111, 94], [127, 72], [3, 17], [5, 20]], ""test_group_class_counts"": [[33, 28], [38, 21], [2, 23], [10, 30]], ""group_proportions"": [0.45657015590200445, 0.44320712694877507, 0.044543429844097995, 0.0556792873051225], ""val_group_counts"": [37, 36, 15, 24], ""val_total"": 112}",,2026-09-15T20:30:26.917242,13,0.39179948120971386,0.84580499136529,0.001,0.7945945945945946,0.8032349263684357,0.75,0.88,"[0.8032786885245902, 0.7796610169491526, 0.88, 0.75]","[0.4357768042226795, 0.6555543446408237, 0.332341583147645, 0.7188580895774066]","[0.7349397590361446, 0.8431372549019608]","[[0.8484848484848485, 0.75], [0.8421052631578947, 0.6666666666666666], [0.0, 0.9565217391304348], [0.1, 0.9666666666666667]]","[61, 59, 25, 40]",0.7907738095238095,"[0.8006535947712419, 0.7570478302185619, 0.4680851063829787, 0.5098039215686275]",0.4680851063829787,0.7188580895774066,0.7589285714285714,0.7763138138138138,0.6666666666666666,0.9333333333333333,"[0.8108108108108109, 0.6944444444444444, 0.9333333333333333, 0.6666666666666666]","[0.42244599910603986, 0.6902510280617409, 0.298461739346385, 0.643237451945121]","[0.76, 0.7580645161290323]","[[0.85, 0.7647058823529411], [0.9130434782608695, 0.3076923076923077], [0.0, 1.0], [0.0, 0.8888888888888888]]","[37, 36, 15, 24]",0.7573617909010671,"[0.8085735402808574, 0.6067527308838133, 0.4827586206896552, 0.39999999999999997]",0.39999999999999997,0.6902510280617409,,"[NaN, NaN, NaN, NaN]",,,
"{""run_name"": ""fedheart_exp_paper_hetagg_gdro"", ""seed"": 1337, ""run_dir"": ""runs/fedheart_cv/PerGroupOnly_s1337_f1"", ""use_fedheart"": true, ""num_classes"": 2, ""stratified_batching"": true, ""train_frac"": 0.8, ""group_max_train_samples"": [null, null, 20, 25], ""true_hetero_input_dim"": true, ""feature_mask"": [[0, 1, 2, 3, 5, 6, 7, 8, 9, 10], [0, 1, 2, 3, 5, 6, 11, 12], [0, 1, 2, 4, 5, 7, 11, 12], [0, 1, 2, 4, 5, 6, 8, 9, 10]], ""batch_size"": 64, ""num_workers"": 0, ""epochs"": 100, ""early_stopping_patience"": 30, ""lr"": 0.001, ""weight_decay"": 0.0001, ""optimizer"": ""adam"", ""grad_clip"": 1.0, ""lr_scheduler"": ""cosine"", ""lr_min"": 1e-05, ""latent_dim"": 64, ""head_hidden"": 32, ""groups"": [{""name"": ""cleveland"", ""encoder"": ""mlp_tabular_ln"", ""input_dim"": 10, ""hidden_dim"": 64, ""dropout"": 0.1}, {""name"": ""hungarian"", ""encoder"": ""mlp_tabular_ln"", ""input_dim"": 8, ""hidden_dim"": 64, ""dropout"": 0.1}, {""name"": ""switzerland"", ""encoder"": ""mlp_tabular_ln"", ""input_dim"": 8, ""hidden_dim"": 64, ""dropout"": 0.1}, {""name"": ""va_long_beach"", ""encoder"": ""mlp_tabular_ln"", ""input_dim"": 9, ""hidden_dim"": 64, ""dropout"": 0.1}], ""anchor_eps"": 0.0001, ""sep_samples_per_class"": 4, ""sep_method"": ""classifier"", ""sep_margin"": 1.0, ""lambda_fit"": 0.001, ""lambda_sep"": 0.001, ""groupdro_enabled"": false, ""groupdro_eta"": 0.02, ""groupdro_gamma"": 0.9, ""groupdro_update_mode"": ""exp"", ""groupdro_objective"": ""weighted"", ""groupdro_kl_lambda"": 0.0, ""groupdro_uniform_init"": false, ""log_interval"": 20, ""save_every"": 10, ""groupdro_ema_decay"": 0.9, ""groupdro_update_every"": 1, ""dro_signal"": ""val"", ""val_frac"": 0.15, ""impute_missing"": true, ""common_encoder"": false, ""use_regret"": false, ""data_split_seed"": 1001}","{""num_groups"": 4, ""num_classes"": 2, ""train_total"": 449, ""test_total"": 185, ""train_group_counts"": [205, 199, 20, 25], ""test_group_counts"": [61, 59, 25, 40], ""train_class_counts"": [246, 203], ""test_class_counts"": [83, 102], ""train_group_class_counts"": [[111, 94], [127, 72], [3, 17], [5, 20]], ""test_group_class_counts"": [[33, 28], [38, 21], [2, 23], [10, 30]], ""group_proportions"": [0.45657015590200445, 0.44320712694877507, 0.044543429844097995, 0.0556792873051225], ""val_group_counts"": [37, 36, 15, 24], ""val_total"": 112}",,2026-09-15T20:30:26.917242,14,0.36925696508954714,0.8571428570076992,0.001,0.8,0.8096238538482912,0.775,0.88,"[0.7868852459016393, 0.7966101694915254, 0.88, 0.775]","[0.43334765675798304, 0.6754927943476429, 0.3391635388880968, 0.736891028424725]","[0.7349397590361446, 0.8529411764705882]","[[0.8181818181818182, 0.75], [0.8421052631578947, 0.7142857142857143], [0.0, 0.9565217391304348], [0.2, 0.9666666666666667]]","[61, 59, 25, 40]",0.795970073623655,"[0.7848032564450476, 0.7781954887218046, 0.4680851063829787, 0.5866819747416762]",0.4680851063829787,0.736891028424725,0.7767857142857143,0.7898273273273273,0.6666666666666666,0.9333333333333333,"[0.8648648648648649, 0.6944444444444444, 0.9333333333333333, 0.6666666666666666]","[0.4262437190659143, 0.702433804075958, 0.30783985555171967, 0.6495943485448757]","[0.76, 0.7903225806451613]","[[0.85, 0.8823529411764706], [0.9130434782608695, 0.3076923076923077], [0.0, 1.0], [0.0, 0.8888888888888888]]","[37, 36, 15, 24]",0.7746116075022136,"[0.8644688644688645, 0.6067527308838133, 0.4827586206896552, 0.39999999999999997]",0.39999999999999997,0.702433804075958,,"[NaN, NaN, NaN, NaN]",,,
"{""run_name"": ""fedheart_exp_paper_hetagg_gdro"", ""seed"": 1337, ""run_dir"": ""runs/fedheart_cv/PerGroupOnly_s1337_f1"", ""use_fedheart"": true, ""num_classes"": 2, ""stratified_batching"": true, ""train_frac"": 0.8, ""group_max_train_samples"": [null, null, 20, 25], ""true_hetero_input_dim"": true, ""feature_mask"": [[0, 1, 2, 3, 5, 6, 7, 8, 9, 10], [0, 1, 2, 3, 5, 6, 11, 12], [0, 1, 2, 4, 5, 7, 11, 12], [0, 1, 2, 4, 5, 6, 8, 9, 10]], ""batch_size"": 64, ""num_workers"": 0, ""epochs"": 100, ""early_stopping_patience"": 30, ""lr"": 0.001, ""weight_decay"": 0.0001, ""optimizer"": ""adam"", ""grad_clip"": 1.0, ""lr_scheduler"": ""cosine"", ""lr_min"": 1e-05, ""latent_dim"": 64, ""head_hidden"": 32, ""groups"": [{""name"": ""cleveland"", ""encoder"": ""mlp_tabular_ln"", ""input_dim"": 10, ""hidden_dim"": 64, ""dropout"": 0.1}, {""name"": ""hungarian"", ""encoder"": ""mlp_tabular_ln"", ""input_dim"": 8, ""hidden_dim"": 64, ""dropout"": 0.1}, {""name"": ""switzerland"", ""encoder"": ""mlp_tabular_ln"", ""input_dim"": 8, ""hidden_dim"": 64, ""dropout"": 0.1}, {""name"": ""va_long_beach"", ""encoder"": ""mlp_tabular_ln"", ""input_dim"": 9, ""hidden_dim"": 64, ""dropout"": 0.1}], ""anchor_eps"": 0.0001, ""sep_samples_per_class"": 4, ""sep_method"": ""classifier"", ""sep_margin"": 1.0, ""lambda_fit"": 0.001, ""lambda_sep"": 0.001, ""groupdro_enabled"": false, ""groupdro_eta"": 0.02, ""groupdro_gamma"": 0.9, ""groupdro_update_mode"": ""exp"", ""groupdro_objective"": ""weighted"", ""groupdro_kl_lambda"": 0.0, ""groupdro_uniform_init"": false, ""log_interval"": 20, ""save_every"": 10, ""groupdro_ema_decay"": 0.9, ""groupdro_update_every"": 1, ""dro_signal"": ""val"", ""val_frac"": 0.15, ""impute_missing"": true, ""common_encoder"": false, ""use_regret"": false, ""data_split_seed"": 1001}","{""num_groups"": 4, ""num_classes"": 2, ""train_total"": 449, ""test_total"": 185, ""train_group_counts"": [205, 199, 20, 25], ""test_group_counts"": [61, 59, 25, 40], ""train_class_counts"": [246, 203], ""test_class_counts"": [83, 102], ""train_group_class_counts"": [[111, 94], [127, 72], [3, 17], [5, 20]], ""test_group_class_counts"": [[33, 28], [38, 21], [2, 23], [10, 30]], ""group_proportions"": [0.45657015590200445, 0.44320712694877507, 0.044543429844097995, 0.0556792873051225], ""val_group_counts"": [37, 36, 15, 24], ""val_total"": 112}",,2026-09-15T20:30:26.917242,15,0.33968142904932536,0.870748297292359,0.001,0.8108108108108109,0.8199722145040289,0.7966101694915254,0.88,"[0.8032786885245902, 0.7966101694915254, 0.88, 0.8]","[0.43544441586757293, 0.6966283256345887, 0.3583559684827924, 0.7832314639235847]","[0.7469879518072289, 0.8627450980392157]","[[0.8181818181818182, 0.7857142857142857], [0.8421052631578947, 0.7142857142857143], [0.0, 0.9565217391304348], [0.3, 0.9666666666666667]]","[61, 59, 25, 40]",0.8069987182926466,"[0.801948051948052, 0.7781954887218046, 0.4680851063829787, 0.6536796536796536]",0.4680851063829787,0.7832314639235847,0.7678571428571429,0.7830705705705705,0.6666666666666666,0.9333333333333333,"[0.8378378378378378, 0.6944444444444444, 0.9333333333333333, 0.6666666666666666]","[0.437130977449989, 0.7250883634357402, 0.320781882169346, 0.6917100142066678]","[0.74, 0.7903225806451613]","[[0.8, 0.8823529411764706], [0.9130434782608695, 0.3076923076923077], [0.0, 1.0], [0.0, 0.8888888888888888]]","[37, 36, 15, 24]",0.7651612903225806,"[0.8377192982456141, 0.6067527308838133, 0.4827586206896552, 0.39999999999999997]",0.39999999999999997,0.7250883634357402,,"[NaN, NaN, NaN, NaN]",,,
"{""run_name"": ""fedheart_exp_paper_hetagg_gdro"", ""seed"": 1337, ""run_dir"": ""runs/fedheart_cv/PerGroupOnly_s1337_f1"", ""use_fedheart"": true, ""num_classes"": 2, ""stratified_batching"": true, ""train_frac"": 0.8, ""group_max_train_samples"": [null, null, 20, 25], ""true_hetero_input_dim"": true, ""feature_mask"": [[0, 1, 2, 3, 5, 6, 7, 8, 9, 10], [0, 1, 2, 3, 5, 6, 11, 12], [0, 1, 2, 4, 5, 7, 11, 12], [0, 1, 2, 4, 5, 6, 8, 9, 10]], ""batch_size"": 64, ""num_workers"": 0, ""epochs"": 100, ""early_stopping_patience"": 30, ""lr"": 0.001, ""weight_decay"": 0.0001, ""optimizer"": ""adam"", ""grad_clip"": 1.0, ""lr_scheduler"": ""cosine"", ""lr_min"": 1e-05, ""latent_dim"": 64, ""head_hidden"": 32, ""groups"": [{""name"": ""cleveland"", ""encoder"": ""mlp_tabular_ln"", ""input_dim"": 10, ""hidden_dim"": 64, ""dropout"": 0.1}, {""name"": ""hungarian"", ""encoder"": ""mlp_tabular_ln"", ""input_dim"": 8, ""hidden_dim"": 64, ""dropout"": 0.1}, {""name"": ""switzerland"", ""encoder"": ""mlp_tabular_ln"", ""input_dim"": 8, ""hidden_dim"": 64, ""dropout"": 0.1}, {""name"": ""va_long_beach"", ""encoder"": ""mlp_tabular_ln"", ""input_dim"": 9, ""hidden_dim"": 64, ""dropout"": 0.1}], ""anchor_eps"": 0.0001, ""sep_samples_per_class"": 4, ""sep_method"": ""classifier"", ""sep_margin"": 1.0, ""lambda_fit"": 0.001, ""lambda_sep"": 0.001, ""groupdro_enabled"": false, ""groupdro_eta"": 0.02, ""groupdro_gamma"": 0.9, ""groupdro_update_mode"": ""exp"", ""groupdro_objective"": ""weighted"", ""groupdro_kl_lambda"": 0.0, ""groupdro_uniform_init"": false, ""log_interval"": 20, ""save_every"": 10, ""groupdro_ema_decay"": 0.9, ""groupdro_update_every"": 1, ""dro_signal"": ""val"", ""val_frac"": 0.15, ""impute_missing"": true, ""common_encoder"": false, ""use_regret"": false, ""data_split_seed"": 1001}","{""num_groups"": 4, ""num_classes"": 2, ""train_total"": 449, ""test_total"": 185, ""train_group_counts"": [205, 199, 20, 25], ""test_group_counts"": [61, 59, 25, 40], ""train_class_counts"": [246, 203], ""test_class_counts"": [83, 102], ""train_group_class_counts"": [[111, 94], [127, 72], [3, 17], [5, 20]], ""test_group_class_counts"": [[33, 28], [38, 21], [2, 23], [10, 30]], ""group_proportions"": [0.45657015590200445, 0.44320712694877507, 0.044543429844097995, 0.0556792873051225], ""val_group_counts"": [37, 36, 15, 24], ""val_total"": 112}",,2026-09-15T20:30:26.917242,16,0.3512654109201193,0.8730158700423987,0.001,0.7945945945945946,0.7994849263684357,0.775,0.84,"[0.8032786885245902, 0.7796610169491526, 0.84, 0.775]","[0.44313660128897087, 0.7211420144175448, 0.38406412238255144, 0.8163684922154062]","[0.7469879518072289, 0.8333333333333334]","[[0.8181818181818182, 0.7857142857142857], [0.8421052631578947, 0.6666666666666666], [0.0, 0.9130434782608695], [0.3, 0.9333333333333333]]","[61, 59, 25, 40]",0.7913698955365622,"[0.801948051948052, 0.7570478302185619, 0.45652173913043476, 0.6307692307692307]",0.45652173913043476,0.8163684922154062,0.7767857142857143,0.7934872372372372,0.6944444444444444,0.9333333333333333,"[0.8378378378378378, 0.6944444444444444, 0.9333333333333333, 0.7083333333333334]","[0.4411080338413248, 0.7643572965947291, 0.3321813327570756, 0.7208821505385762]","[0.78, 0.7741935483870968]","[[0.85, 0.8235294117647058], [0.9130434782608695, 0.3076923076923077], [0.0, 1.0], [0.16666666666666666, 0.8888888888888888]]","[37, 36, 15, 24]",0.7753349915750622,"[0.8367647058823529, 0.6067527308838133, 0.4827586206896552, 0.5213675213675213]",0.4827586206896552,0.7643572965947291,,"[NaN, NaN, NaN, NaN]",,,
"{""run_name"": ""fedheart_exp_paper_hetagg_gdro"", ""seed"": 1337, ""run_dir"": ""runs/fedheart_cv/PerGroupOnly_s1337_f1"", ""use_fedheart"": true, ""num_classes"": 2, ""stratified_batching"": true, ""train_frac"": 0.8, ""group_max_train_samples"": [null, null, 20, 25], ""true_hetero_input_dim"": true, ""feature_mask"": [[0, 1, 2, 3, 5, 6, 7, 8, 9, 10], [0, 1, 2, 3, 5, 6, 11, 12], [0, 1, 2, 4, 5, 7, 11, 12], [0, 1, 2, 4, 5, 6, 8, 9, 10]], ""batch_size"": 64, ""num_workers"": 0, ""epochs"": 100, ""early_stopping_patience"": 30, ""lr"": 0.001, ""weight_decay"": 0.0001, ""optimizer"": ""adam"", ""grad_clip"": 1.0, ""lr_scheduler"": ""cosine"", ""lr_min"": 1e-05, ""latent_dim"": 64, ""head_hidden"": 32, ""groups"": [{""name"": ""cleveland"", ""encoder"": ""mlp_tabular_ln"", ""input_dim"": 10, ""hidden_dim"": 64, ""dropout"": 0.1}, {""name"": ""hungarian"", ""encoder"": ""mlp_tabular_ln"", ""input_dim"": 8, ""hidden_dim"": 64, ""dropout"": 0.1}, {""name"": ""switzerland"", ""encoder"": ""mlp_tabular_ln"", ""input_dim"": 8, ""hidden_dim"": 64, ""dropout"": 0.1}, {""name"": ""va_long_beach"", ""encoder"": ""mlp_tabular_ln"", ""input_dim"": 9, ""hidden_dim"": 64, ""dropout"": 0.1}], ""anchor_eps"": 0.0001, ""sep_samples_per_class"": 4, ""sep_method"": ""classifier"", ""sep_margin"": 1.0, ""lambda_fit"": 0.001, ""lambda_sep"": 0.001, ""groupdro_enabled"": false, ""groupdro_eta"": 0.02, ""groupdro_gamma"": 0.9, ""groupdro_update_mode"": ""exp"", ""groupdro_objective"": ""weighted"", ""groupdro_kl_lambda"": 0.0, ""groupdro_uniform_init"": false, ""log_interval"": 20, ""save_every"": 10, ""groupdro_ema_decay"": 0.9, ""groupdro_update_every"": 1, ""dro_signal"": ""val"", ""val_frac"": 0.15, ""impute_missing"": true, ""common_encoder"": false, ""use_regret"": false, ""data_split_seed"": 1001}","{""num_groups"": 4, ""num_classes"": 2, ""train_total"": 449, ""test_total"": 185, ""train_group_counts"": [205, 199, 20, 25], ""test_group_counts"": [61, 59, 25, 40], ""train_class_counts"": [246, 203], ""test_class_counts"": [83, 102], ""train_group_class_counts"": [[111, 94], [127, 72], [3, 17], [5, 20]], ""test_group_class_counts"": [[33, 28], [38, 21], [2, 23], [10, 30]], ""group_proportions"": [0.45657015590200445, 0.44320712694877507, 0.044543429844097995, 0.0556792873051225], ""val_group_counts"": [37, 36, 15, 24], ""val_total"": 112}",,2026-09-15T20:30:26.917242,17,0.34913923724843804,0.8548752872311339,0.001,0.7945945945945946,0.7976111419838844,0.75,0.84,"[0.7868852459016393, 0.8135593220338984, 0.84, 0.75]","[0.45225716005155786, 0.741289905982755, 0.41267224177718165, 0.8310627542610746]","[0.7469879518072289, 0.8333333333333334]","[[0.8181818181818182, 0.75], [0.8421052631578947, 0.7619047619047619], [0.0, 0.9130434782608695], [0.3, 0.9]]","[61, 59, 25, 40]",0.7913698955365622,"[0.7848032564450476, 0.7987596899224807, 0.45652173913043476, 0.609375]",0.45652173913043476,0.8310627542610746,0.7767857142857143,0.790015015015015,0.6666666666666666,0.9333333333333333,"[0.8378378378378378, 0.7222222222222222, 0.9333333333333333, 0.6666666666666666]","[0.44005583767854684, 0.7435912466090586, 0.34280124756818015, 0.7247715761962658]","[0.76, 0.7903225806451613]","[[0.8, 0.8823529411764706], [0.9130434782608695, 0.38461538461538464], [0.0, 1.0], [0.16666666666666666, 0.8333333333333334]]","[37, 36, 15, 24]",0.7746116075022136,"[0.8377192982456141, 0.6538461538461537, 0.4827586206896552, 0.49473684210526314]",0.4827586206896552,0.7435912466090586,,"[NaN, NaN, NaN, NaN]",,,
"{""run_name"": ""fedheart_exp_paper_hetagg_gdro"", ""seed"": 1337, ""run_dir"": ""runs/fedheart_cv/PerGroupOnly_s1337_f1"", ""use_fedheart"": true, ""num_classes"": 2, ""stratified_batching"": true, ""train_frac"": 0.8, ""group_max_train_samples"": [null, null, 20, 25], ""true_hetero_input_dim"": true, ""feature_mask"": [[0, 1, 2, 3, 5, 6, 7, 8, 9, 10], [0, 1, 2, 3, 5, 6, 11, 12], [0, 1, 2, 4, 5, 7, 11, 12], [0, 1, 2, 4, 5, 6, 8, 9, 10]], ""batch_size"": 64, ""num_workers"": 0, ""epochs"": 100, ""early_stopping_patience"": 30, ""lr"": 0.001, ""weight_decay"": 0.0001, ""optimizer"": ""adam"", ""grad_clip"": 1.0, ""lr_scheduler"": ""cosine"", ""lr_min"": 1e-05, ""latent_dim"": 64, ""head_hidden"": 32, ""groups"": [{""name"": ""cleveland"", ""encoder"": ""mlp_tabular_ln"", ""input_dim"": 10, ""hidden_dim"": 64, ""dropout"": 0.1}, {""name"": ""hungarian"", ""encoder"": ""mlp_tabular_ln"", ""input_dim"": 8, ""hidden_dim"": 64, ""dropout"": 0.1}, {""name"": ""switzerland"", ""encoder"": ""mlp_tabular_ln"", ""input_dim"": 8, ""hidden_dim"": 64, ""dropout"": 0.1}, {""name"": ""va_long_beach"", ""encoder"": ""mlp_tabular_ln"", ""input_dim"": 9, ""hidden_dim"": 64, ""dropout"": 0.1}], ""anchor_eps"": 0.0001, ""sep_samples_per_class"": 4, ""sep_method"": ""classifier"", ""sep_margin"": 1.0, ""lambda_fit"": 0.001, ""lambda_sep"": 0.001, ""groupdro_enabled"": false, ""groupdro_eta"": 0.02, ""groupdro_gamma"": 0.9, ""groupdro_update_mode"": ""exp"", ""groupdro_objective"": ""weighted"", ""groupdro_kl_lambda"": 0.0, ""groupdro_uniform_init"": false, ""log_interval"": 20, ""save_every"": 10, ""groupdro_ema_decay"": 0.9, ""groupdro_update_every"": 1, ""dro_signal"": ""val"", ""val_frac"": 0.15, ""impute_missing"": true, ""common_encoder"": false, ""use_regret"": false, ""data_split_seed"": 1001}","{""num_groups"": 4, ""num_classes"": 2, ""train_total"": 449, ""test_total"": 185, ""train_group_counts"": [205, 199, 20, 25], ""test_group_counts"": [61, 59, 25, 40], ""train_class_counts"": [246, 203], ""test_class_counts"": [83, 102], ""train_group_class_counts"": [[111, 94], [127, 72], [3, 17], [5, 20]], ""test_group_class_counts"": [[33, 28], [38, 21], [2, 23], [10, 30]], ""group_proportions"": [0.45657015590200445, 0.44320712694877507, 0.044543429844097995, 0.0556792873051225], ""val_group_counts"": [37, 36, 15, 24], ""val_total"": 112}",,2026-09-15T20:30:26.917242,18,0.32159321743344504,0.8639455809344511,0.001,0.7945945945945946,0.7954595026396221,0.725,0.84,"[0.8032786885245902, 0.8135593220338984, 0.84, 0.725]","[0.44972980756801173, 0.7487014573761972, 0.43719902655109766, 0.8581245050416328]","[0.7469879518072289, 0.8333333333333334]","[[0.8181818181818182, 0.7857142857142857], [0.8421052631578947, 0.7619047619047619], [0.0, 0.9130434782608695], [0.3, 0.8666666666666667]]","[61, 59, 25, 40]",0.7913698955365622,"[0.801948051948052, 0.7987596899224807, 0.45652173913043476, 0.5891690009337067]",0.45652173913043476,0.8581245050416328,0.7857142857142857,0.8004316816816817,0.7083333333333334,0.9333333333333333,"[0.8378378378378378, 0.7222222222222222, 0.9333333333333333, 0.7083333333333334]","[0.4454535559021138, 0.7632822531223711, 0.3613580862681071, 0.7522383696438434]","[0.78, 0.7903225806451613]","[[0.8, 0.8823529411764706], [0.9130434782608695, 0.38461538461538464], [0.0, 1.0], [0.3333333333333333, 0.8333333333333334]]","[37, 36, 15, 24]",0.7839922854387656,"[0.8377192982456141, 0.6538461538461537, 0.4827586206896552, 0.5872235872235873]",0.4827586206896552,0.7632822531223711,,"[NaN, NaN, NaN, NaN]",,,
"{""run_name"": ""fedheart_exp_paper_hetagg_gdro"", ""seed"": 1337, ""run_dir"": ""runs/fedheart_cv/PerGroupOnly_s1337_f1"", ""use_fedheart"": true, ""num_classes"": 2, ""stratified_batching"": true, ""train_frac"": 0.8, ""group_max_train_samples"": [null, null, 20, 25], ""true_hetero_input_dim"": true, ""feature_mask"": [[0, 1, 2, 3, 5, 6, 7, 8, 9, 10], [0, 1, 2, 3, 5, 6, 11, 12], [0, 1, 2, 4, 5, 7, 11, 12], [0, 1, 2, 4, 5, 6, 8, 9, 10]], ""batch_size"": 64, ""num_workers"": 0, ""epochs"": 100, ""early_stopping_patience"": 30, ""lr"": 0.001, ""weight_decay"": 0.0001, ""optimizer"": ""adam"", ""grad_clip"": 1.0, ""lr_scheduler"": ""cosine"", ""lr_min"": 1e-05, ""latent_dim"": 64, ""head_hidden"": 32, ""groups"": [{""name"": ""cleveland"", ""encoder"": ""mlp_tabular_ln"", ""input_dim"": 10, ""hidden_dim"": 64, ""dropout"": 0.1}, {""name"": ""hungarian"", ""encoder"": ""mlp_tabular_ln"", ""input_dim"": 8, ""hidden_dim"": 64, ""dropout"": 0.1}, {""name"": ""switzerland"", ""encoder"": ""mlp_tabular_ln"", ""input_dim"": 8, ""hidden_dim"": 64, ""dropout"": 0.1}, {""name"": ""va_long_beach"", ""encoder"": ""mlp_tabular_ln"", ""input_dim"": 9, ""hidden_dim"": 64, ""dropout"": 0.1}], ""anchor_eps"": 0.0001, ""sep_samples_per_class"": 4, ""sep_method"": ""classifier"", ""sep_margin"": 1.0, ""lambda_fit"": 0.001, ""lambda_sep"": 0.001, ""groupdro_enabled"": false, ""groupdro_eta"": 0.02, ""groupdro_gamma"": 0.9, ""groupdro_update_mode"": ""exp"", ""groupdro_objective"": ""weighted"", ""groupdro_kl_lambda"": 0.0, ""groupdro_uniform_init"": false, ""log_interval"": 20, ""save_every"": 10, ""groupdro_ema_decay"": 0.9, ""groupdro_update_every"": 1, ""dro_signal"": ""val"", ""val_frac"": 0.15, ""impute_missing"": true, ""common_encoder"": false, ""use_regret"": false, ""data_split_seed"": 1001}","{""num_groups"": 4, ""num_classes"": 2, ""train_total"": 449, ""test_total"": 185, ""train_group_counts"": [205, 199, 20, 25], ""test_group_counts"": [61, 59, 25, 40], ""train_class_counts"": [246, 203], ""test_class_counts"": [83, 102], ""train_group_class_counts"": [[111, 94], [127, 72], [3, 17], [5, 20]], ""test_group_class_counts"": [[33, 28], [38, 21], [2, 23], [10, 30]], ""group_proportions"": [0.45657015590200445, 0.44320712694877507, 0.044543429844097995, 0.0556792873051225], ""val_group_counts"": [37, 36, 15, 24], ""val_total"": 112}",,2026-09-15T20:30:26.917242,19,0.3185174949044814,0.8752834475229657,0.001,0.7783783783783784,0.7827476382328424,0.725,0.84,"[0.8032786885245902, 0.7627118644067796, 0.84, 0.725]","[0.45187443312349135, 0.7623892599732568, 0.4701211668550968, 0.8966781615570654]","[0.7469879518072289, 0.803921568627451]","[[0.8181818181818182, 0.7857142857142857], [0.8421052631578947, 0.6190476190476191], [0.0, 0.9130434782608695], [0.3, 0.8666666666666667]]","[61, 59, 25, 40]",0.7757575757575758,"[0.801948051948052, 0.7352564102564103, 0.45652173913043476, 0.5891690009337067]",0.45652173913043476,0.8966781615570654,0.7678571428571429,0.7867304804804804,0.6944444444444444,0.9333333333333333,"[0.8108108108108109, 0.6944444444444444, 0.9333333333333333, 0.7083333333333334]","[0.44615041586645954, 0.8314395975838933, 0.37455119226748745, 0.799188041962528]","[0.78, 0.7580645161290323]","[[0.8, 0.8235294117647058], [0.9130434782608695, 0.3076923076923077], [0.0, 1.0], [0.3333333333333333, 0.8333333333333334]]","[37, 36, 15, 24]",0.7666666666666667,"[0.8102564102564103, 0.6067527308838133, 0.4827586206896552, 0.5872235872235873]",0.4827586206896552,0.8314395975838933,,"[NaN, NaN, NaN, NaN]",,,
"{""run_name"": ""fedheart_exp_paper_hetagg_gdro"", ""seed"": 1337, ""run_dir"": ""runs/fedheart_cv/PerGroupOnly_s1337_f1"", ""use_fedheart"": true, ""num_classes"": 2, ""stratified_batching"": true, ""train_frac"": 0.8, ""group_max_train_samples"": [null, null, 20, 25], ""true_hetero_input_dim"": true, ""feature_mask"": [[0, 1, 2, 3, 5, 6, 7, 8, 9, 10], [0, 1, 2, 3, 5, 6, 11, 12], [0, 1, 2, 4, 5, 7, 11, 12], [0, 1, 2, 4, 5, 6, 8, 9, 10]], ""batch_size"": 64, ""num_workers"": 0, ""epochs"": 100, ""early_stopping_patience"": 30, ""lr"": 0.001, ""weight_decay"": 0.0001, ""optimizer"": ""adam"", ""grad_clip"": 1.0, ""lr_scheduler"": ""cosine"", ""lr_min"": 1e-05, ""latent_dim"": 64, ""head_hidden"": 32, ""groups"": [{""name"": ""cleveland"", ""encoder"": ""mlp_tabular_ln"", ""input_dim"": 10, ""hidden_dim"": 64, ""dropout"": 0.1}, {""name"": ""hungarian"", ""encoder"": ""mlp_tabular_ln"", ""input_dim"": 8, ""hidden_dim"": 64, ""dropout"": 0.1}, {""name"": ""switzerland"", ""encoder"": ""mlp_tabular_ln"", ""input_dim"": 8, ""hidden_dim"": 64, ""dropout"": 0.1}, {""name"": ""va_long_beach"", ""encoder"": ""mlp_tabular_ln"", ""input_dim"": 9, ""hidden_dim"": 64, ""dropout"": 0.1}], ""anchor_eps"": 0.0001, ""sep_samples_per_class"": 4, ""sep_method"": ""classifier"", ""sep_margin"": 1.0, ""lambda_fit"": 0.001, ""lambda_sep"": 0.001, ""groupdro_enabled"": false, ""groupdro_eta"": 0.02, ""groupdro_gamma"": 0.9, ""groupdro_update_mode"": ""exp"", ""groupdro_objective"": ""weighted"", ""groupdro_kl_lambda"": 0.0, ""groupdro_uniform_init"": false, ""log_interval"": 20, ""save_every"": 10, ""groupdro_ema_decay"": 0.9, ""groupdro_update_every"": 1, ""dro_signal"": ""val"", ""val_frac"": 0.15, ""impute_missing"": true, ""common_encoder"": false, ""use_regret"": false, ""data_split_seed"": 1001}","{""num_groups"": 4, ""num_classes"": 2, ""train_total"": 449, ""test_total"": 185, ""train_group_counts"": [205, 199, 20, 25], ""test_group_counts"": [61, 59, 25, 40], ""train_class_counts"": [246, 203], ""test_class_counts"": [83, 102], ""train_group_class_counts"": [[111, 94], [127, 72], [3, 17], [5, 20]], ""test_group_class_counts"": [[33, 28], [38, 21], [2, 23], [10, 30]], ""group_proportions"": [0.45657015590200445, 0.44320712694877507, 0.044543429844097995, 0.0556792873051225], ""val_group_counts"": [37, 36, 15, 24], ""val_total"": 112}",,2026-09-15T20:30:26.917242,20,0.33282044529914856,0.8684807245423194,0.001,0.7837837837837838,0.7869849263684356,0.725,0.84,"[0.8032786885245902, 0.7796610169491526, 0.84, 0.725]","[0.4593921634521274, 0.7644198497725745, 0.48221671854145826, 0.9270578052732162]","[0.7469879518072289, 0.8137254901960784]","[[0.8181818181818182, 0.7857142857142857], [0.8421052631578947, 0.6666666666666666], [0.0, 0.9130434782608695], [0.3, 0.8666666666666667]]","[61, 59, 25, 40]",0.7809614018470281,"[0.801948051948052, 0.7570478302185619, 0.45652173913043476, 0.5891690009337067]",0.45652173913043476,0.9270578052732162,0.7678571428571429,0.7867304804804804,0.6944444444444444,0.9333333333333333,"[0.8108108108108109, 0.6944444444444444, 0.9333333333333333, 0.7083333333333334]","[0.45359042522220594, 0.8033562966415452, 0.3922931818291545, 0.8210311271541286]","[0.78, 0.7580645161290323]","[[0.8, 0.8235294117647058], [0.9130434782608695, 0.3076923076923077], [0.0, 1.0], [0.3333333333333333, 0.8333333333333334]]","[37, 36, 15, 24]",0.7666666666666667,"[0.8102564102564103, 0.6067527308838133, 0.4827586206896552, 0.5872235872235873]",0.4827586206896552,0.8210311271541286,,"[NaN, NaN, NaN, NaN]",,,
"{""run_name"": ""fedheart_exp_paper_hetagg_gdro"", ""seed"": 1337, ""run_dir"": ""runs/fedheart_cv/PerGroupOnly_s1337_f1"", ""use_fedheart"": true, ""num_classes"": 2, ""stratified_batching"": true, ""train_frac"": 0.8, ""group_max_train_samples"": [null, null, 20, 25], ""true_hetero_input_dim"": true, ""feature_mask"": [[0, 1, 2, 3, 5, 6, 7, 8, 9, 10], [0, 1, 2, 3, 5, 6, 11, 12], [0, 1, 2, 4, 5, 7, 11, 12], [0, 1, 2, 4, 5, 6, 8, 9, 10]], ""batch_size"": 64, ""num_workers"": 0, ""epochs"": 100, ""early_stopping_patience"": 30, ""lr"": 0.001, ""weight_decay"": 0.0001, ""optimizer"": ""adam"", ""grad_clip"": 1.0, ""lr_scheduler"": ""cosine"", ""lr_min"": 1e-05, ""latent_dim"": 64, ""head_hidden"": 32, ""groups"": [{""name"": ""cleveland"", ""encoder"": ""mlp_tabular_ln"", ""input_dim"": 10, ""hidden_dim"": 64, ""dropout"": 0.1}, {""name"": ""hungarian"", ""encoder"": ""mlp_tabular_ln"", ""input_dim"": 8, ""hidden_dim"": 64, ""dropout"": 0.1}, {""name"": ""switzerland"", ""encoder"": ""mlp_tabular_ln"", ""input_dim"": 8, ""hidden_dim"": 64, ""dropout"": 0.1}, {""name"": ""va_long_beach"", ""encoder"": ""mlp_tabular_ln"", ""input_dim"": 9, ""hidden_dim"": 64, ""dropout"": 0.1}], ""anchor_eps"": 0.0001, ""sep_samples_per_class"": 4, ""sep_method"": ""classifier"", ""sep_margin"": 1.0, ""lambda_fit"": 0.001, ""lambda_sep"": 0.001, ""groupdro_enabled"": false, ""groupdro_eta"": 0.02, ""groupdro_gamma"": 0.9, ""groupdro_update_mode"": ""exp"", ""groupdro_objective"": ""weighted"", ""groupdro_kl_lambda"": 0.0, ""groupdro_uniform_init"": false, ""log_interval"": 20, ""save_every"": 10, ""groupdro_ema_decay"": 0.9, ""groupdro_update_every"": 1, ""dro_signal"": ""val"", ""val_frac"": 0.15, ""impute_missing"": true, ""common_encoder"": false, ""use_regret"": false, ""data_split_seed"": 1001}","{""num_groups"": 4, ""num_classes"": 2, ""train_total"": 449, ""test_total"": 185, ""train_group_counts"": [205, 199, 20, 25], ""test_group_counts"": [61, 59, 25, 40], ""train_class_counts"": [246, 203], ""test_class_counts"": [83, 102], ""train_group_class_counts"": [[111, 94], [127, 72], [3, 17], [5, 20]], ""test_group_class_counts"": [[33, 28], [38, 21], [2, 23], [10, 30]], ""group_proportions"": [0.45657015590200445, 0.44320712694877507, 0.044543429844097995, 0.0556792873051225], ""val_group_counts"": [37, 36, 15, 24], ""val_total"": 112}",,2026-09-15T20:30:26.917242,21,0.3281314364231092,0.8866213131653748,0.001,0.7891891891891892,0.7913611419838844,0.725,0.84,"[0.7868852459016393, 0.8135593220338984, 0.84, 0.725]","[0.46132690086197414, 0.7769881397233172, 0.4994296929333359, 0.9479024461325025]","[0.7469879518072289, 0.8235294117647058]","[[0.8181818181818182, 0.75], [0.8421052631578947, 0.7619047619047619], [0.0, 0.9130434782608695], [0.3, 0.8666666666666667]]","[61, 59, 25, 40]",0.7861651996087845,"[0.7848032564450476, 0.7987596899224807, 0.45652173913043476, 0.5891690009337067]",0.45652173913043476,0.9479024461325025,0.75,0.7730292792792792,0.6666666666666666,0.9333333333333333,"[0.7837837837837838, 0.6666666666666666, 0.9333333333333333, 0.7083333333333334]","[0.45646267885191216, 0.772685074648406, 0.4031113488910099, 0.8410156978934538]","[0.76, 0.7419354838709677]","[[0.8, 0.7647058823529411], [0.8695652173913043, 0.3076923076923077], [0.0, 1.0], [0.3333333333333333, 0.8333333333333334]]","[37, 36, 15, 24]",0.7487179487179487,"[0.7823529411764707, 0.5846153846153846, 0.4827586206896552, 0.5872235872235873]",0.4827586206896552,0.8410156978934538,,"[NaN, NaN, NaN, NaN]",,,
"{""run_name"": ""fedheart_exp_paper_hetagg_gdro"", ""seed"": 1337, ""run_dir"": ""runs/fedheart_cv/PerGroupOnly_s1337_f1"", ""use_fedheart"": true, ""num_classes"": 2, ""stratified_batching"": true, ""train_frac"": 0.8, ""group_max_train_samples"": [null, null, 20, 25], ""true_hetero_input_dim"": true, ""feature_mask"": [[0, 1, 2, 3, 5, 6, 7, 8, 9, 10], [0, 1, 2, 3, 5, 6, 11, 12], [0, 1, 2, 4, 5, 7, 11, 12], [0, 1, 2, 4, 5, 6, 8, 9, 10]], ""batch_size"": 64, ""num_workers"": 0, ""epochs"": 100, ""early_stopping_patience"": 30, ""lr"": 0.001, ""weight_decay"": 0.0001, ""optimizer"": ""adam"", ""grad_clip"": 1.0, ""lr_scheduler"": ""cosine"", ""lr_min"": 1e-05, ""latent_dim"": 64, ""head_hidden"": 32, ""groups"": [{""name"": ""cleveland"", ""encoder"": ""mlp_tabular_ln"", ""input_dim"": 10, ""hidden_dim"": 64, ""dropout"": 0.1}, {""name"": ""hungarian"", ""encoder"": ""mlp_tabular_ln"", ""input_dim"": 8, ""hidden_dim"": 64, ""dropout"": 0.1}, {""name"": ""switzerland"", ""encoder"": ""mlp_tabular_ln"", ""input_dim"": 8, ""hidden_dim"": 64, ""dropout"": 0.1}, {""name"": ""va_long_beach"", ""encoder"": ""mlp_tabular_ln"", ""input_dim"": 9, ""hidden_dim"": 64, ""dropout"": 0.1}], ""anchor_eps"": 0.0001, ""sep_samples_per_class"": 4, ""sep_method"": ""classifier"", ""sep_margin"": 1.0, ""lambda_fit"": 0.001, ""lambda_sep"": 0.001, ""groupdro_enabled"": false, ""groupdro_eta"": 0.02, ""groupdro_gamma"": 0.9, ""groupdro_update_mode"": ""exp"", ""groupdro_objective"": ""weighted"", ""groupdro_kl_lambda"": 0.0, ""groupdro_uniform_init"": false, ""log_interval"": 20, ""save_every"": 10, ""groupdro_ema_decay"": 0.9, ""groupdro_update_every"": 1, ""dro_signal"": ""val"", ""val_frac"": 0.15, ""impute_missing"": true, ""common_encoder"": false, ""use_regret"": false, ""data_split_seed"": 1001}","{""num_groups"": 4, ""num_classes"": 2, ""train_total"": 449, ""test_total"": 185, ""train_group_counts"": [205, 199, 20, 25], ""test_group_counts"": [61, 59, 25, 40], ""train_class_counts"": [246, 203], ""test_class_counts"": [83, 102], ""train_group_class_counts"": [[111, 94], [127, 72], [3, 17], [5, 20]], ""test_group_class_counts"": [[33, 28], [38, 21], [2, 23], [10, 30]], ""group_proportions"": [0.45657015590200445, 0.44320712694877507, 0.044543429844097995, 0.0556792873051225], ""val_group_counts"": [37, 36, 15, 24], ""val_total"": 112}",,2026-09-15T20:30:26.917242,22,0.30675089629599295,0.8798185920769395,0.001,0.7891891891891892,0.7912222145040289,0.725,0.84,"[0.8032786885245902, 0.7966101694915254, 0.84, 0.725]","[0.47112849639484383, 0.7961466450212618, 0.5225810552248731, 0.9679299652692862]","[0.7469879518072289, 0.8235294117647058]","[[0.8181818181818182, 0.7857142857142857], [0.8421052631578947, 0.7142857142857143], [0.0, 0.9130434782608695], [0.3, 0.8666666666666667]]","[61, 59, 25, 40]",0.7861651996087845,"[0.801948051948052, 0.7781954887218046, 0.45652173913043476, 0.5891690009337067]",0.45652173913043476,0.9679299652692862,0.7678571428571429,0.7867304804804804,0.6944444444444444,0.9333333333333333,"[0.8108108108108109, 0.6944444444444444, 0.9333333333333333, 0.7083333333333334]","[0.4657471370505723, 0.8237031449874243, 0.4150543204586332, 0.8462750871888906]","[0.78, 0.7580645161290323]","[[0.8, 0.8235294117647058], [0.9130434782608695, 0.3076923076923077], [0.0, 1.0], [0.3333333333333333, 0.8333333333333334]]","[37, 36, 15, 24]",0.7666666666666667,"[0.8102564102564103, 0.6067527308838133, 0.4827586206896552, 0.5872235872235873]",0.4827586206896552,0.8462750871888906,,"[NaN, NaN, NaN, NaN]",,,
"{""run_name"": ""fedheart_exp_paper_hetagg_gdro"", ""seed"": 1337, ""run_dir"": ""runs/fedheart_cv/PerGroupOnly_s1337_f1"", ""use_fedheart"": true, ""num_classes"": 2, ""stratified_batching"": true, ""train_frac"": 0.8, ""group_max_train_samples"": [null, null, 20, 25], ""true_hetero_input_dim"": true, ""feature_mask"": [[0, 1, 2, 3, 5, 6, 7, 8, 9, 10], [0, 1, 2, 3, 5, 6, 11, 12], [0, 1, 2, 4, 5, 7, 11, 12], [0, 1, 2, 4, 5, 6, 8, 9, 10]], ""batch_size"": 64, ""num_workers"": 0, ""epochs"": 100, ""early_stopping_patience"": 30, ""lr"": 0.001, ""weight_decay"": 0.0001, ""optimizer"": ""adam"", ""grad_clip"": 1.0, ""lr_scheduler"": ""cosine"", ""lr_min"": 1e-05, ""latent_dim"": 64, ""head_hidden"": 32, ""groups"": [{""name"": ""cleveland"", ""encoder"": ""mlp_tabular_ln"", ""input_dim"": 10, ""hidden_dim"": 64, ""dropout"": 0.1}, {""name"": ""hungarian"", ""encoder"": ""mlp_tabular_ln"", ""input_dim"": 8, ""hidden_dim"": 64, ""dropout"": 0.1}, {""name"": ""switzerland"", ""encoder"": ""mlp_tabular_ln"", ""input_dim"": 8, ""hidden_dim"": 64, ""dropout"": 0.1}, {""name"": ""va_long_beach"", ""encoder"": ""mlp_tabular_ln"", ""input_dim"": 9, ""hidden_dim"": 64, ""dropout"": 0.1}], ""anchor_eps"": 0.0001, ""sep_samples_per_class"": 4, ""sep_method"": ""classifier"", ""sep_margin"": 1.0, ""lambda_fit"": 0.001, ""lambda_sep"": 0.001, ""groupdro_enabled"": false, ""groupdro_eta"": 0.02, ""groupdro_gamma"": 0.9, ""groupdro_update_mode"": ""exp"", ""groupdro_objective"": ""weighted"", ""groupdro_kl_lambda"": 0.0, ""groupdro_uniform_init"": false, ""log_interval"": 20, ""save_every"": 10, ""groupdro_ema_decay"": 0.9, ""groupdro_update_every"": 1, ""dro_signal"": ""val"", ""val_frac"": 0.15, ""impute_missing"": true, ""common_encoder"": false, ""use_regret"": false, ""data_split_seed"": 1001}","{""num_groups"": 4, ""num_classes"": 2, ""train_total"": 449, ""test_total"": 185, ""train_group_counts"": [205, 199, 20, 25], ""test_group_counts"": [61, 59, 25, 40], ""train_class_counts"": [246, 203], ""test_class_counts"": [83, 102], ""train_group_class_counts"": [[111, 94], [127, 72], [3, 17], [5, 20]], ""test_group_class_counts"": [[33, 28], [38, 21], [2, 23], [10, 30]], ""group_proportions"": [0.45657015590200445, 0.44320712694877507, 0.044543429844097995, 0.0556792873051225], ""val_group_counts"": [37, 36, 15, 24], ""val_total"": 112}",,2026-09-15T20:30:26.917242,23,0.3100224882702168,0.873015876665137,0.001,0.7837837837837838,0.7869849263684356,0.725,0.84,"[0.8032786885245902, 0.7796610169491526, 0.84, 0.725]","[0.48666723548495744, 0.8241173475467742, 0.5465945574222133, 0.9852883567014942]","[0.7469879518072289, 0.8137254901960784]","[[0.8181818181818182, 0.7857142857142857], [0.8421052631578947, 0.6666666666666666], [0.0, 0.9130434782608695], [0.3, 0.8666666666666667]]","[61, 59, 25, 40]",0.7809614018470281,"[0.801948051948052, 0.7570478302185619, 0.45652173913043476, 0.5891690009337067]",0.45652173913043476,0.9852883567014942,0.7678571428571429,0.7867304804804804,0.6944444444444444,0.9333333333333333,"[0.8108108108108109, 0.6944444444444444, 0.9333333333333333, 0.7083333333333334]","[0.487267338293227, 0.8938280947622843, 0.4222775755139689, 0.8720572517631808]","[0.78, 0.7580645161290323]","[[0.8, 0.8235294117647058], [0.9130434782608695, 0.3076923076923077], [0.0, 1.0], [0.3333333333333333, 0.8333333333333334]]","[37, 36, 15, 24]",0.7666666666666667,"[0.8102564102564103, 0.6067527308838133, 0.4827586206896552, 0.5872235872235873]",0.4827586206896552,0.8938280947622843,,"[NaN, NaN, NaN, NaN]",,,
"{""run_name"": ""fedheart_exp_paper_hetagg_gdro"", ""seed"": 1337, ""run_dir"": ""runs/fedheart_cv/PerGroupOnly_s1337_f1"", ""use_fedheart"": true, ""num_classes"": 2, ""stratified_batching"": true, ""train_frac"": 0.8, ""group_max_train_samples"": [null, null, 20, 25], ""true_hetero_input_dim"": true, ""feature_mask"": [[0, 1, 2, 3, 5, 6, 7, 8, 9, 10], [0, 1, 2, 3, 5, 6, 11, 12], [0, 1, 2, 4, 5, 7, 11, 12], [0, 1, 2, 4, 5, 6, 8, 9, 10]], ""batch_size"": 64, ""num_workers"": 0, ""epochs"": 100, ""early_stopping_patience"": 30, ""lr"": 0.001, ""weight_decay"": 0.0001, ""optimizer"": ""adam"", ""grad_clip"": 1.0, ""lr_scheduler"": ""cosine"", ""lr_min"": 1e-05, ""latent_dim"": 64, ""head_hidden"": 32, ""groups"": [{""name"": ""cleveland"", ""encoder"": ""mlp_tabular_ln"", ""input_dim"": 10, ""hidden_dim"": 64, ""dropout"": 0.1}, {""name"": ""hungarian"", ""encoder"": ""mlp_tabular_ln"", ""input_dim"": 8, ""hidden_dim"": 64, ""dropout"": 0.1}, {""name"": ""switzerland"", ""encoder"": ""mlp_tabular_ln"", ""input_dim"": 8, ""hidden_dim"": 64, ""dropout"": 0.1}, {""name"": ""va_long_beach"", ""encoder"": ""mlp_tabular_ln"", ""input_dim"": 9, ""hidden_dim"": 64, ""dropout"": 0.1}], ""anchor_eps"": 0.0001, ""sep_samples_per_class"": 4, ""sep_method"": ""classifier"", ""sep_margin"": 1.0, ""lambda_fit"": 0.001, ""lambda_sep"": 0.001, ""groupdro_enabled"": false, ""groupdro_eta"": 0.02, ""groupdro_gamma"": 0.9, ""groupdro_update_mode"": ""exp"", ""groupdro_objective"": ""weighted"", ""groupdro_kl_lambda"": 0.0, ""groupdro_uniform_init"": false, ""log_interval"": 20, ""save_every"": 10, ""groupdro_ema_decay"": 0.9, ""groupdro_update_every"": 1, ""dro_signal"": ""val"", ""val_frac"": 0.15, ""impute_missing"": true, ""common_encoder"": false, ""use_regret"": false, ""data_split_seed"": 1001}","{""num_groups"": 4, ""num_classes"": 2, ""train_total"": 449, ""test_total"": 185, ""train_group_counts"": [205, 199, 20, 25], ""test_group_counts"": [61, 59, 25, 40], ""train_class_counts"": [246, 203], ""test_class_counts"": [83, 102], ""train_group_class_counts"": [[111, 94], [127, 72], [3, 17], [5, 20]], ""test_group_class_counts"": [[33, 28], [38, 21], [2, 23], [10, 30]], ""group_proportions"": [0.45657015590200445, 0.44320712694877507, 0.044543429844097995, 0.0556792873051225], ""val_group_counts"": [37, 36, 15, 24], ""val_total"": 112}",,2026-09-15T20:30:26.917242,24,0.30688724844228654,0.8752834437385438,0.001,0.7945945945945946,0.7974722145040289,0.75,0.84,"[0.8032786885245902, 0.7966101694915254, 0.84, 0.75]","[0.5069235581293946, 0.8281189957554689, 0.5715900061978028, 1.0027418121375375]","[0.7349397590361446, 0.8431372549019608]","[[0.7878787878787878, 0.8214285714285714], [0.8421052631578947, 0.7142857142857143], [0.0, 0.9130434782608695], [0.3, 0.9]]","[61, 59, 25, 40]",0.7907738095238095,"[0.802801724137931, 0.7781954887218046, 0.45652173913043476, 0.609375]",0.45652173913043476,1.0027418121375375,0.7767857142857143,0.7934872372372372,0.6944444444444444,0.9333333333333333,"[0.8378378378378378, 0.6944444444444444, 0.9333333333333333, 0.7083333333333334]","[0.4969057707632011, 0.8521243977011181, 0.43172616287289806, 0.9131722094656046]","[0.78, 0.7741935483870968]","[[0.8, 0.8823529411764706], [0.9130434782608695, 0.3076923076923077], [0.0, 1.0], [0.3333333333333333, 0.8333333333333334]]","[37, 36, 15, 24]",0.7753349915750622,"[0.8377192982456141, 0.6067527308838133, 0.4827586206896552, 0.5872235872235873]",0.4827586206896552,0.9131722094656046,,"[NaN, NaN, NaN, NaN]",,,
"{""run_name"": ""fedheart_exp_paper_hetagg_gdro"", ""seed"": 1337, ""run_dir"": ""runs/fedheart_cv/PerGroupOnly_s1337_f1"", ""use_fedheart"": true, ""num_classes"": 2, ""stratified_batching"": true, ""train_frac"": 0.8, ""group_max_train_samples"": [null, null, 20, 25], ""true_hetero_input_dim"": true, ""feature_mask"": [[0, 1, 2, 3, 5, 6, 7, 8, 9, 10], [0, 1, 2, 3, 5, 6, 11, 12], [0, 1, 2, 4, 5, 7, 11, 12], [0, 1, 2, 4, 5, 6, 8, 9, 10]], ""batch_size"": 64, ""num_workers"": 0, ""epochs"": 100, ""early_stopping_patience"": 30, ""lr"": 0.001, ""weight_decay"": 0.0001, ""optimizer"": ""adam"", ""grad_clip"": 1.0, ""lr_scheduler"": ""cosine"", ""lr_min"": 1e-05, ""latent_dim"": 64, ""head_hidden"": 32, ""groups"": [{""name"": ""cleveland"", ""encoder"": ""mlp_tabular_ln"", ""input_dim"": 10, ""hidden_dim"": 64, ""dropout"": 0.1}, {""name"": ""hungarian"", ""encoder"": ""mlp_tabular_ln"", ""input_dim"": 8, ""hidden_dim"": 64, ""dropout"": 0.1}, {""name"": ""switzerland"", ""encoder"": ""mlp_tabular_ln"", ""input_dim"": 8, ""hidden_dim"": 64, ""dropout"": 0.1}, {""name"": ""va_long_beach"", ""encoder"": ""mlp_tabular_ln"", ""input_dim"": 9, ""hidden_dim"": 64, ""dropout"": 0.1}], ""anchor_eps"": 0.0001, ""sep_samples_per_class"": 4, ""sep_method"": ""classifier"", ""sep_margin"": 1.0, ""lambda_fit"": 0.001, ""lambda_sep"": 0.001, ""groupdro_enabled"": false, ""groupdro_eta"": 0.02, ""groupdro_gamma"": 0.9, ""groupdro_update_mode"": ""exp"", ""groupdro_objective"": ""weighted"", ""groupdro_kl_lambda"": 0.0, ""groupdro_uniform_init"": false, ""log_interval"": 20, ""save_every"": 10, ""groupdro_ema_decay"": 0.9, ""groupdro_update_every"": 1, ""dro_signal"": ""val"", ""val_frac"": 0.15, ""impute_missing"": true, ""common_encoder"": false, ""use_regret"": false, ""data_split_seed"": 1001}","{""num_groups"": 4, ""num_classes"": 2, ""train_total"": 449, ""test_total"": 185, ""train_group_counts"": [205, 199, 20, 25], ""test_group_counts"": [61, 59, 25, 40], ""train_class_counts"": [246, 203], ""test_class_counts"": [83, 102], ""train_group_class_counts"": [[111, 94], [127, 72], [3, 17], [5, 20]], ""test_group_class_counts"": [[33, 28], [38, 21], [2, 23], [10, 30]], ""group_proportions"": [0.45657015590200445, 0.44320712694877507, 0.044543429844097995, 0.0556792873051225], ""val_group_counts"": [37, 36, 15, 24], ""val_total"": 112}",,2026-09-15T20:30:26.917242,25,0.29177167018254596,0.8662131536844907,0.001,0.7945945945945946,0.7974722145040289,0.75,0.84,"[0.8032786885245902, 0.7966101694915254, 0.84, 0.75]","[0.5125251025167584, 0.8450025936778066, 0.5959245179174468, 0.9689894211362116]","[0.7469879518072289, 0.8333333333333334]","[[0.8181818181818182, 0.7857142857142857], [0.8421052631578947, 0.7142857142857143], [0.0, 0.9130434782608695], [0.3, 0.9]]","[61, 59, 25, 40]",0.7913698955365622,"[0.801948051948052, 0.7781954887218046, 0.45652173913043476, 0.609375]",0.45652173913043476,0.9689894211362116,0.7767857142857143,0.7934872372372372,0.6944444444444444,0.9333333333333333,"[0.8378378378378378, 0.6944444444444444, 0.9333333333333333, 0.7083333333333334]","[0.5019885911291616, 0.8670992474136356, 0.4398913278516072, 0.8980001241628391]","[0.78, 0.7741935483870968]","[[0.8, 0.8823529411764706], [0.9130434782608695, 0.3076923076923077], [0.0, 1.0], [0.3333333333333333, 0.8333333333333334]]","[37, 36, 15, 24]",0.7753349915750622,"[0.8377192982456141, 0.6067527308838133, 0.4827586206896552, 0.5872235872235873]",0.4827586206896552,0.8980001241628391,,"[NaN, NaN, NaN, NaN]",,,
"{""run_name"": ""fedheart_exp_paper_hetagg_gdro"", ""seed"": 1337, ""run_dir"": ""runs/fedheart_cv/PerGroupOnly_s1337_f1"", ""use_fedheart"": true, ""num_classes"": 2, ""stratified_batching"": true, ""train_frac"": 0.8, ""group_max_train_samples"": [null, null, 20, 25], ""true_hetero_input_dim"": true, ""feature_mask"": [[0, 1, 2, 3, 5, 6, 7, 8, 9, 10], [0, 1, 2, 3, 5, 6, 11, 12], [0, 1, 2, 4, 5, 7, 11, 12], [0, 1, 2, 4, 5, 6, 8, 9, 10]], ""batch_size"": 64, ""num_workers"": 0, ""epochs"": 100, ""early_stopping_patience"": 30, ""lr"": 0.001, ""weight_decay"": 0.0001, ""optimizer"": ""adam"", ""grad_clip"": 1.0, ""lr_scheduler"": ""cosine"", ""lr_min"": 1e-05, ""latent_dim"": 64, ""head_hidden"": 32, ""groups"": [{""name"": ""cleveland"", ""encoder"": ""mlp_tabular_ln"", ""input_dim"": 10, ""hidden_dim"": 64, ""dropout"": 0.1}, {""name"": ""hungarian"", ""encoder"": ""mlp_tabular_ln"", ""input_dim"": 8, ""hidden_dim"": 64, ""dropout"": 0.1}, {""name"": ""switzerland"", ""encoder"": ""mlp_tabular_ln"", ""input_dim"": 8, ""hidden_dim"": 64, ""dropout"": 0.1}, {""name"": ""va_long_beach"", ""encoder"": ""mlp_tabular_ln"", ""input_dim"": 9, ""hidden_dim"": 64, ""dropout"": 0.1}], ""anchor_eps"": 0.0001, ""sep_samples_per_class"": 4, ""sep_method"": ""classifier"", ""sep_margin"": 1.0, ""lambda_fit"": 0.001, ""lambda_sep"": 0.001, ""groupdro_enabled"": false, ""groupdro_eta"": 0.02, ""groupdro_gamma"": 0.9, ""groupdro_update_mode"": ""exp"", ""groupdro_objective"": ""weighted"", ""groupdro_kl_lambda"": 0.0, ""groupdro_uniform_init"": false, ""log_interval"": 20, ""save_every"": 10, ""groupdro_ema_decay"": 0.9, ""groupdro_update_every"": 1, ""dro_signal"": ""val"", ""val_frac"": 0.15, ""impute_missing"": true, ""common_encoder"": false, ""use_regret"": false, ""data_split_seed"": 1001}","{""num_groups"": 4, ""num_classes"": 2, ""train_total"": 449, ""test_total"": 185, ""train_group_counts"": [205, 199, 20, 25], ""test_group_counts"": [61, 59, 25, 40], ""train_class_counts"": [246, 203], ""test_class_counts"": [83, 102], ""train_group_class_counts"": [[111, 94], [127, 72], [3, 17], [5, 20]], ""test_group_class_counts"": [[33, 28], [38, 21], [2, 23], [10, 30]], ""group_proportions"": [0.45657015590200445, 0.44320712694877507, 0.044543429844097995, 0.0556792873051225], ""val_group_counts"": [37, 36, 15, 24], ""val_total"": 112}",,2026-09-15T20:30:26.917242,26,0.2885719441772859,0.8798185920769395,0.001,0.7837837837837838,0.7892754931925534,0.75,0.84,"[0.7704918032786885, 0.7966101694915254, 0.84, 0.75]","[0.5100458971297246, 0.8606298865347911, 0.6261337841441855, 0.9661796154105105]","[0.7469879518072289, 0.8137254901960784]","[[0.8181818181818182, 0.7142857142857143], [0.8421052631578947, 0.7142857142857143], [0.0, 0.9130434782608695], [0.3, 0.9]]","[61, 59, 25, 40]",0.7809614018470281,"[0.7674291938997821, 0.7781954887218046, 0.45652173913043476, 0.609375]",0.45652173913043476,0.9661796154105105,0.75,0.773216966966967,0.6944444444444444,0.9333333333333333,"[0.7567567567567568, 0.6944444444444444, 0.9333333333333333, 0.7083333333333334]","[0.5101734897203593, 0.9061647472456874, 0.44817047244869174, 0.9067272443401938]","[0.78, 0.7258064516129032]","[[0.8, 0.7058823529411765], [0.9130434782608695, 0.3076923076923077], [0.0, 1.0], [0.3333333333333333, 0.8333333333333334]]","[37, 36, 15, 24]",0.7492804605052767,"[0.753880266075388, 0.6067527308838133, 0.4827586206896552, 0.5872235872235873]",0.4827586206896552,0.9067272443401938,,"[NaN, NaN, NaN, NaN]",,,
"{""run_name"": ""fedheart_exp_paper_hetagg_gdro"", ""seed"": 1337, ""run_dir"": ""runs/fedheart_cv/PerGroupOnly_s1337_f1"", ""use_fedheart"": true, ""num_classes"": 2, ""stratified_batching"": true, ""train_frac"": 0.8, ""group_max_train_samples"": [null, null, 20, 25], ""true_hetero_input_dim"": true, ""feature_mask"": [[0, 1, 2, 3, 5, 6, 7, 8, 9, 10], [0, 1, 2, 3, 5, 6, 11, 12], [0, 1, 2, 4, 5, 7, 11, 12], [0, 1, 2, 4, 5, 6, 8, 9, 10]], ""batch_size"": 64, ""num_workers"": 0, ""epochs"": 100, ""early_stopping_patience"": 30, ""lr"": 0.001, ""weight_decay"": 0.0001, ""optimizer"": ""adam"", ""grad_clip"": 1.0, ""lr_scheduler"": ""cosine"", ""lr_min"": 1e-05, ""latent_dim"": 64, ""head_hidden"": 32, ""groups"": [{""name"": ""cleveland"", ""encoder"": ""mlp_tabular_ln"", ""input_dim"": 10, ""hidden_dim"": 64, ""dropout"": 0.1}, {""name"": ""hungarian"", ""encoder"": ""mlp_tabular_ln"", ""input_dim"": 8, ""hidden_dim"": 64, ""dropout"": 0.1}, {""name"": ""switzerland"", ""encoder"": ""mlp_tabular_ln"", ""input_dim"": 8, ""hidden_dim"": 64, ""dropout"": 0.1}, {""name"": ""va_long_beach"", ""encoder"": ""mlp_tabular_ln"", ""input_dim"": 9, ""hidden_dim"": 64, ""dropout"": 0.1}], ""anchor_eps"": 0.0001, ""sep_samples_per_class"": 4, ""sep_method"": ""classifier"", ""sep_margin"": 1.0, ""lambda_fit"": 0.001, ""lambda_sep"": 0.001, ""groupdro_enabled"": false, ""groupdro_eta"": 0.02, ""groupdro_gamma"": 0.9, ""groupdro_update_mode"": ""exp"", ""groupdro_objective"": ""weighted"", ""groupdro_kl_lambda"": 0.0, ""groupdro_uniform_init"": false, ""log_interval"": 20, ""save_every"": 10, ""groupdro_ema_decay"": 0.9, ""groupdro_update_every"": 1, ""dro_signal"": ""val"", ""val_frac"": 0.15, ""impute_missing"": true, ""common_encoder"": false, ""use_regret"": false, ""data_split_seed"": 1001}","{""num_groups"": 4, ""num_classes"": 2, ""train_total"": 449, ""test_total"": 185, ""train_group_counts"": [205, 199, 20, 25], ""test_group_counts"": [61, 59, 25, 40], ""train_class_counts"": [246, 203], ""test_class_counts"": [83, 102], ""train_group_class_counts"": [[111, 94], [127, 72], [3, 17], [5, 20]], ""test_group_class_counts"": [[33, 28], [38, 21], [2, 23], [10, 30]], ""group_proportions"": [0.45657015590200445, 0.44320712694877507, 0.044543429844097995, 0.0556792873051225], ""val_group_counts"": [37, 36, 15, 24], ""val_total"": 112}",,2026-09-15T20:30:26.917242,27,0.2798362177650945,0.8820861657730846,0.001,0.7783783783783784,0.7830254931925534,0.725,0.84,"[0.7704918032786885, 0.7966101694915254, 0.84, 0.725]","[0.5196943412760089, 0.8912572410723226, 0.6493830278282985, 0.9788498756854096]","[0.7469879518072289, 0.803921568627451]","[[0.8181818181818182, 0.7142857142857143], [0.8421052631578947, 0.7142857142857143], [0.0, 0.9130434782608695], [0.3, 0.8666666666666667]]","[61, 59, 25, 40]",0.7757575757575758,"[0.7674291938997821, 0.7781954887218046, 0.45652173913043476, 0.5891690009337067]",0.45652173913043476,0.9788498756854096,0.7589285714285714,0.7799737237237238,0.6944444444444444,0.9333333333333333,"[0.7837837837837838, 0.6944444444444444, 0.9333333333333333, 0.7083333333333334]","[0.5035949438980252, 0.9088209545912428, 0.4612174491281621, 0.91617428799024]","[0.78, 0.7419354838709677]","[[0.8, 0.7647058823529411], [0.9130434782608695, 0.3076923076923077], [0.0, 1.0], [0.3333333333333333, 0.8333333333333334]]","[37, 36, 15, 24]",0.7579831932773109,"[0.7823529411764707, 0.6067527308838133, 0.4827586206896552, 0.5872235872235873]",0.4827586206896552,0.91617428799024,,"[NaN, NaN, NaN, NaN]",,,
"{""run_name"": ""fedheart_exp_paper_hetagg_gdro"", ""seed"": 1337, ""run_dir"": ""runs/fedheart_cv/PerGroupOnly_s1337_f1"", ""use_fedheart"": true, ""num_classes"": 2, ""stratified_batching"": true, ""train_frac"": 0.8, ""group_max_train_samples"": [null, null, 20, 25], ""true_hetero_input_dim"": true, ""feature_mask"": [[0, 1, 2, 3, 5, 6, 7, 8, 9, 10], [0, 1, 2, 3, 5, 6, 11, 12], [0, 1, 2, 4, 5, 7, 11, 12], [0, 1, 2, 4, 5, 6, 8, 9, 10]], ""batch_size"": 64, ""num_workers"": 0, ""epochs"": 100, ""early_stopping_patience"": 30, ""lr"": 0.001, ""weight_decay"": 0.0001, ""optimizer"": ""adam"", ""grad_clip"": 1.0, ""lr_scheduler"": ""cosine"", ""lr_min"": 1e-05, ""latent_dim"": 64, ""head_hidden"": 32, ""groups"": [{""name"": ""cleveland"", ""encoder"": ""mlp_tabular_ln"", ""input_dim"": 10, ""hidden_dim"": 64, ""dropout"": 0.1}, {""name"": ""hungarian"", ""encoder"": ""mlp_tabular_ln"", ""input_dim"": 8, ""hidden_dim"": 64, ""dropout"": 0.1}, {""name"": ""switzerland"", ""encoder"": ""mlp_tabular_ln"", ""input_dim"": 8, ""hidden_dim"": 64, ""dropout"": 0.1}, {""name"": ""va_long_beach"", ""encoder"": ""mlp_tabular_ln"", ""input_dim"": 9, ""hidden_dim"": 64, ""dropout"": 0.1}], ""anchor_eps"": 0.0001, ""sep_samples_per_class"": 4, ""sep_method"": ""classifier"", ""sep_margin"": 1.0, ""lambda_fit"": 0.001, ""lambda_sep"": 0.001, ""groupdro_enabled"": false, ""groupdro_eta"": 0.02, ""groupdro_gamma"": 0.9, ""groupdro_update_mode"": ""exp"", ""groupdro_objective"": ""weighted"", ""groupdro_kl_lambda"": 0.0, ""groupdro_uniform_init"": false, ""log_interval"": 20, ""save_every"": 10, ""groupdro_ema_decay"": 0.9, ""groupdro_update_every"": 1, ""dro_signal"": ""val"", ""val_frac"": 0.15, ""impute_missing"": true, ""common_encoder"": false, ""use_regret"": false, ""data_split_seed"": 1001}","{""num_groups"": 4, ""num_classes"": 2, ""train_total"": 449, ""test_total"": 185, ""train_group_counts"": [205, 199, 20, 25], ""test_group_counts"": [61, 59, 25, 40], ""train_class_counts"": [246, 203], ""test_class_counts"": [83, 102], ""train_group_class_counts"": [[111, 94], [127, 72], [3, 17], [5, 20]], ""test_group_class_counts"": [[33, 28], [38, 21], [2, 23], [10, 30]], ""group_proportions"": [0.45657015590200445, 0.44320712694877507, 0.044543429844097995, 0.0556792873051225], ""val_group_counts"": [37, 36, 15, 24], ""val_total"": 112}",,2026-09-15T20:30:26.917242,28,0.27662634633295663,0.8843537404153352,0.001,0.7891891891891892,0.7910832870241734,0.725,0.84,"[0.819672131147541, 0.7796610169491526, 0.84, 0.725]","[0.5426433550529792, 0.9187814209677311, 0.6666326247854159, 1.0009424169838894]","[0.7469879518072289, 0.8235294117647058]","[[0.8181818181818182, 0.8214285714285714], [0.8421052631578947, 0.6666666666666666], [0.0, 0.9130434782608695], [0.3, 0.8666666666666667]]","[61, 59, 25, 40]",0.7861651996087845,"[0.81889338731444, 0.7570478302185619, 0.45652173913043476, 0.5891690009337067]",0.45652173913043476,1.0009424169838894,0.7589285714285714,0.7799737237237238,0.6944444444444444,0.9333333333333333,"[0.7837837837837838, 0.6944444444444444, 0.9333333333333333, 0.7083333333333334]","[0.4931254267151392, 0.9452568923815206, 0.48464493586798196, 0.9383805844602952]","[0.76, 0.7580645161290323]","[[0.75, 0.8235294117647058], [0.9130434782608695, 0.3076923076923077], [0.0, 1.0], [0.3333333333333333, 0.8333333333333334]]","[37, 36, 15, 24]",0.7573617909010671,"[0.783625730994152, 0.6067527308838133, 0.4827586206896552, 0.5872235872235873]",0.4827586206896552,0.9452568923815206,,"[NaN, NaN, NaN, NaN]",,,
"{""run_name"": ""fedheart_exp_paper_hetagg_gdro"", ""seed"": 1337, ""run_dir"": ""runs/fedheart_cv/PerGroupOnly_s1337_f1"", ""use_fedheart"": true, ""num_classes"": 2, ""stratified_batching"": true, ""train_frac"": 0.8, ""group_max_train_samples"": [null, null, 20, 25], ""true_hetero_input_dim"": true, ""feature_mask"": [[0, 1, 2, 3, 5, 6, 7, 8, 9, 10], [0, 1, 2, 3, 5, 6, 11, 12], [0, 1, 2, 4, 5, 7, 11, 12], [0, 1, 2, 4, 5, 6, 8, 9, 10]], ""batch_size"": 64, ""num_workers"": 0, ""epochs"": 100, ""early_stopping_patience"": 30, ""lr"": 0.001, ""weight_decay"": 0.0001, ""optimizer"": ""adam"", ""grad_clip"": 1.0, ""lr_scheduler"": ""cosine"", ""lr_min"": 1e-05, ""latent_dim"": 64, ""head_hidden"": 32, ""groups"": [{""name"": ""cleveland"", ""encoder"": ""mlp_tabular_ln"", ""input_dim"": 10, ""hidden_dim"": 64, ""dropout"": 0.1}, {""name"": ""hungarian"", ""encoder"": ""mlp_tabular_ln"", ""input_dim"": 8, ""hidden_dim"": 64, ""dropout"": 0.1}, {""name"": ""switzerland"", ""encoder"": ""mlp_tabular_ln"", ""input_dim"": 8, ""hidden_dim"": 64, ""dropout"": 0.1}, {""name"": ""va_long_beach"", ""encoder"": ""mlp_tabular_ln"", ""input_dim"": 9, ""hidden_dim"": 64, ""dropout"": 0.1}], ""anchor_eps"": 0.0001, ""sep_samples_per_class"": 4, ""sep_method"": ""classifier"", ""sep_margin"": 1.0, ""lambda_fit"": 0.001, ""lambda_sep"": 0.001, ""groupdro_enabled"": false, ""groupdro_eta"": 0.02, ""groupdro_gamma"": 0.9, ""groupdro_update_mode"": ""exp"", ""groupdro_objective"": ""weighted"", ""groupdro_kl_lambda"": 0.0, ""groupdro_uniform_init"": false, ""log_interval"": 20, ""save_every"": 10, ""groupdro_ema_decay"": 0.9, ""groupdro_update_every"": 1, ""dro_signal"": ""val"", ""val_frac"": 0.15, ""impute_missing"": true, ""common_encoder"": false, ""use_regret"": false, ""data_split_seed"": 1001}","{""num_groups"": 4, ""num_classes"": 2, ""train_total"": 449, ""test_total"": 185, ""train_group_counts"": [205, 199, 20, 25], ""test_group_counts"": [61, 59, 25, 40], ""train_class_counts"": [246, 203], ""test_class_counts"": [83, 102], ""train_group_class_counts"": [[111, 94], [127, 72], [3, 17], [5, 20]], ""test_group_class_counts"": [[33, 28], [38, 21], [2, 23], [10, 30]], ""group_proportions"": [0.45657015590200445, 0.44320712694877507, 0.044543429844097995, 0.0556792873051225], ""val_group_counts"": [37, 36, 15, 24], ""val_total"": 112}",,2026-09-15T20:30:26.917242,29,0.26853470568483917,0.893424040065601,0.001,0.7837837837837838,0.7871238538482912,0.725,0.84,"[0.7868852459016393, 0.7966101694915254, 0.84, 0.725]","[0.5591608086509294, 0.9393049204461592, 0.6772206103557256, 1.0359105462644949]","[0.7469879518072289, 0.8137254901960784]","[[0.8181818181818182, 0.75], [0.8421052631578947, 0.7142857142857143], [0.0, 0.9130434782608695], [0.3, 0.8666666666666667]]","[61, 59, 25, 40]",0.7809614018470281,"[0.7848032564450476, 0.7781954887218046, 0.45652173913043476, 0.5891690009337067]",0.45652173913043476,1.0359105462644949,0.75,0.773216966966967,0.6944444444444444,0.9333333333333333,"[0.7567567567567568, 0.6944444444444444, 0.9333333333333333, 0.7083333333333334]","[0.5024503123745121, 0.9487238814633909, 0.4990019995777402, 0.9854245275176557]","[0.76, 0.7419354838709677]","[[0.75, 0.7647058823529411], [0.9130434782608695, 0.3076923076923077], [0.0, 1.0], [0.3333333333333333, 0.8333333333333334]]","[37, 36, 15, 24]",0.7487179487179487,"[0.756043956043956, 0.6067527308838133, 0.4827586206896552, 0.5872235872235873]",0.4827586206896552,0.9854245275176557,,"[NaN, NaN, NaN, NaN]",,,
"{""run_name"": ""fedheart_exp_paper_hetagg_gdro"", ""seed"": 1337, ""run_dir"": ""runs/fedheart_cv/PerGroupOnly_s1337_f1"", ""use_fedheart"": true, ""num_classes"": 2, ""stratified_batching"": true, ""train_frac"": 0.8, ""group_max_train_samples"": [null, null, 20, 25], ""true_hetero_input_dim"": true, ""feature_mask"": [[0, 1, 2, 3, 5, 6, 7, 8, 9, 10], [0, 1, 2, 3, 5, 6, 11, 12], [0, 1, 2, 4, 5, 7, 11, 12], [0, 1, 2, 4, 5, 6, 8, 9, 10]], ""batch_size"": 64, ""num_workers"": 0, ""epochs"": 100, ""early_stopping_patience"": 30, ""lr"": 0.001, ""weight_decay"": 0.0001, ""optimizer"": ""adam"", ""grad_clip"": 1.0, ""lr_scheduler"": ""cosine"", ""lr_min"": 1e-05, ""latent_dim"": 64, ""head_hidden"": 32, ""groups"": [{""name"": ""cleveland"", ""encoder"": ""mlp_tabular_ln"", ""input_dim"": 10, ""hidden_dim"": 64, ""dropout"": 0.1}, {""name"": ""hungarian"", ""encoder"": ""mlp_tabular_ln"", ""input_dim"": 8, ""hidden_dim"": 64, ""dropout"": 0.1}, {""name"": ""switzerland"", ""encoder"": ""mlp_tabular_ln"", ""input_dim"": 8, ""hidden_dim"": 64, ""dropout"": 0.1}, {""name"": ""va_long_beach"", ""encoder"": ""mlp_tabular_ln"", ""input_dim"": 9, ""hidden_dim"": 64, ""dropout"": 0.1}], ""anchor_eps"": 0.0001, ""sep_samples_per_class"": 4, ""sep_method"": ""classifier"", ""sep_margin"": 1.0, ""lambda_fit"": 0.001, ""lambda_sep"": 0.001, ""groupdro_enabled"": false, ""groupdro_eta"": 0.02, ""groupdro_gamma"": 0.9, ""groupdro_update_mode"": ""exp"", ""groupdro_objective"": ""weighted"", ""groupdro_kl_lambda"": 0.0, ""groupdro_uniform_init"": false, ""log_interval"": 20, ""save_every"": 10, ""groupdro_ema_decay"": 0.9, ""groupdro_update_every"": 1, ""dro_signal"": ""val"", ""val_frac"": 0.15, ""impute_missing"": true, ""common_encoder"": false, ""use_regret"": false, ""data_split_seed"": 1001}","{""num_groups"": 4, ""num_classes"": 2, ""train_total"": 449, ""test_total"": 185, ""train_group_counts"": [205, 199, 20, 25], ""test_group_counts"": [61, 59, 25, 40], ""train_class_counts"": [246, 203], ""test_class_counts"": [83, 102], ""train_group_class_counts"": [[111, 94], [127, 72], [3, 17], [5, 20]], ""test_group_class_counts"": [[33, 28], [38, 21], [2, 23], [10, 30]], ""group_proportions"": [0.45657015590200445, 0.44320712694877507, 0.044543429844097995, 0.0556792873051225], ""val_group_counts"": [37, 36, 15, 24], ""val_total"": 112}",,2026-09-15T20:30:26.917242,30,0.26832002945362576,0.8911564605576652,0.001,0.772972972972973,0.7787882050569602,0.725,0.84,"[0.7704918032786885, 0.7796610169491526, 0.84, 0.725]","[0.5743679359715554, 0.9481648154126606, 0.68584077958134, 1.0595376698838663]","[0.7349397590361446, 0.803921568627451]","[[0.8181818181818182, 0.7142857142857143], [0.8157894736842105, 0.7142857142857143], [0.0, 0.9130434782608695], [0.3, 0.8666666666666667]]","[61, 59, 25, 40]",0.7700094719393795,"[0.7674291938997821, 0.7621705426356589, 0.45652173913043476, 0.5891690009337067]",0.45652173913043476,1.0595376698838663,0.75,0.773216966966967,0.6944444444444444,0.9333333333333333,"[0.7567567567567568, 0.6944444444444444, 0.9333333333333333, 0.7083333333333334]","[0.515580479596817, 0.9520152476680879, 0.50627322786216, 1.0162080665080186]","[0.78, 0.7258064516129032]","[[0.8, 0.7058823529411765], [0.9130434782608695, 0.3076923076923077], [0.0, 1.0], [0.3333333333333333, 0.8333333333333334]]","[37, 36, 15, 24]",0.7492804605052767,"[0.753880266075388, 0.6067527308838133, 0.4827586206896552, 0.5872235872235873]",0.4827586206896552,1.0162080665080186,,"[NaN, NaN, NaN, NaN]",,,
"{""run_name"": ""fedheart_exp_paper_hetagg_gdro"", ""seed"": 1337, ""run_dir"": ""runs/fedheart_cv/PerGroupOnly_s1337_f1"", ""use_fedheart"": true, ""num_classes"": 2, ""stratified_batching"": true, ""train_frac"": 0.8, ""group_max_train_samples"": [null, null, 20, 25], ""true_hetero_input_dim"": true, ""feature_mask"": [[0, 1, 2, 3, 5, 6, 7, 8, 9, 10], [0, 1, 2, 3, 5, 6, 11, 12], [0, 1, 2, 4, 5, 7, 11, 12], [0, 1, 2, 4, 5, 6, 8, 9, 10]], ""batch_size"": 64, ""num_workers"": 0, ""epochs"": 100, ""early_stopping_patience"": 30, ""lr"": 0.001, ""weight_decay"": 0.0001, ""optimizer"": ""adam"", ""grad_clip"": 1.0, ""lr_scheduler"": ""cosine"", ""lr_min"": 1e-05, ""latent_dim"": 64, ""head_hidden"": 32, ""groups"": [{""name"": ""cleveland"", ""encoder"": ""mlp_tabular_ln"", ""input_dim"": 10, ""hidden_dim"": 64, ""dropout"": 0.1}, {""name"": ""hungarian"", ""encoder"": ""mlp_tabular_ln"", ""input_dim"": 8, ""hidden_dim"": 64, ""dropout"": 0.1}, {""name"": ""switzerland"", ""encoder"": ""mlp_tabular_ln"", ""input_dim"": 8, ""hidden_dim"": 64, ""dropout"": 0.1}, {""name"": ""va_long_beach"", ""encoder"": ""mlp_tabular_ln"", ""input_dim"": 9, ""hidden_dim"": 64, ""dropout"": 0.1}], ""anchor_eps"": 0.0001, ""sep_samples_per_class"": 4, ""sep_method"": ""classifier"", ""sep_margin"": 1.0, ""lambda_fit"": 0.001, ""lambda_sep"": 0.001, ""groupdro_enabled"": false, ""groupdro_eta"": 0.02, ""groupdro_gamma"": 0.9, ""groupdro_update_mode"": ""exp"", ""groupdro_objective"": ""weighted"", ""groupdro_kl_lambda"": 0.0, ""groupdro_uniform_init"": false, ""log_interval"": 20, ""save_every"": 10, ""groupdro_ema_decay"": 0.9, ""groupdro_update_every"": 1, ""dro_signal"": ""val"", ""val_frac"": 0.15, ""impute_missing"": true, ""common_encoder"": false, ""use_regret"": false, ""data_split_seed"": 1001}","{""num_groups"": 4, ""num_classes"": 2, ""train_total"": 449, ""test_total"": 185, ""train_group_counts"": [205, 199, 20, 25], ""test_group_counts"": [61, 59, 25, 40], ""train_class_counts"": [246, 203], ""test_class_counts"": [83, 102], ""train_group_class_counts"": [[111, 94], [127, 72], [3, 17], [5, 20]], ""test_group_class_counts"": [[33, 28], [38, 21], [2, 23], [10, 30]], ""group_proportions"": [0.45657015590200445, 0.44320712694877507, 0.044543429844097995, 0.0556792873051225], ""val_group_counts"": [37, 36, 15, 24], ""val_total"": 112}",,2026-09-15T20:30:26.917242,31,0.26221411061935684,0.8934240351999158,0.001,0.772972972972973,0.7787882050569602,0.725,0.84,"[0.7704918032786885, 0.7796610169491526, 0.84, 0.725]","[0.5727547299427926, 0.964209057574192, 0.7015287991589867, 1.095662965370866]","[0.7349397590361446, 0.803921568627451]","[[0.8181818181818182, 0.7142857142857143], [0.8157894736842105, 0.7142857142857143], [0.0, 0.9130434782608695], [0.3, 0.8666666666666667]]","[61, 59, 25, 40]",0.7700094719393795,"[0.7674291938997821, 0.7621705426356589, 0.45652173913043476, 0.5891690009337067]",0.45652173913043476,1.095662965370866,0.75,0.773216966966967,0.6944444444444444,0.9333333333333333,"[0.7567567567567568, 0.6944444444444444, 0.9333333333333333, 0.7083333333333334]","[0.5328792923482487, 0.9720638737004871, 0.5189110345469089, 1.0627831811798387]","[0.78, 0.7258064516129032]","[[0.8, 0.7058823529411765], [0.9130434782608695, 0.3076923076923077], [0.0, 1.0], [0.3333333333333333, 0.8333333333333334]]","[37, 36, 15, 24]",0.7492804605052767,"[0.753880266075388, 0.6067527308838133, 0.4827586206896552, 0.5872235872235873]",0.4827586206896552,1.0627831811798387,,"[NaN, NaN, NaN, NaN]",,,
"{""run_name"": ""fedheart_exp_paper_hetagg_gdro"", ""seed"": 1337, ""run_dir"": ""runs/fedheart_cv/PerGroupOnly_s1337_f1"", ""use_fedheart"": true, ""num_classes"": 2, ""stratified_batching"": true, ""train_frac"": 0.8, ""group_max_train_samples"": [null, null, 20, 25], ""true_hetero_input_dim"": true, ""feature_mask"": [[0, 1, 2, 3, 5, 6, 7, 8, 9, 10], [0, 1, 2, 3, 5, 6, 11, 12], [0, 1, 2, 4, 5, 7, 11, 12], [0, 1, 2, 4, 5, 6, 8, 9, 10]], ""batch_size"": 64, ""num_workers"": 0, ""epochs"": 100, ""early_stopping_patience"": 30, ""lr"": 0.001, ""weight_decay"": 0.0001, ""optimizer"": ""adam"", ""grad_clip"": 1.0, ""lr_scheduler"": ""cosine"", ""lr_min"": 1e-05, ""latent_dim"": 64, ""head_hidden"": 32, ""groups"": [{""name"": ""cleveland"", ""encoder"": ""mlp_tabular_ln"", ""input_dim"": 10, ""hidden_dim"": 64, ""dropout"": 0.1}, {""name"": ""hungarian"", ""encoder"": ""mlp_tabular_ln"", ""input_dim"": 8, ""hidden_dim"": 64, ""dropout"": 0.1}, {""name"": ""switzerland"", ""encoder"": ""mlp_tabular_ln"", ""input_dim"": 8, ""hidden_dim"": 64, ""dropout"": 0.1}, {""name"": ""va_long_beach"", ""encoder"": ""mlp_tabular_ln"", ""input_dim"": 9, ""hidden_dim"": 64, ""dropout"": 0.1}], ""anchor_eps"": 0.0001, ""sep_samples_per_class"": 4, ""sep_method"": ""classifier"", ""sep_margin"": 1.0, ""lambda_fit"": 0.001, ""lambda_sep"": 0.001, ""groupdro_enabled"": false, ""groupdro_eta"": 0.02, ""groupdro_gamma"": 0.9, ""groupdro_update_mode"": ""exp"", ""groupdro_objective"": ""weighted"", ""groupdro_kl_lambda"": 0.0, ""groupdro_uniform_init"": false, ""log_interval"": 20, ""save_every"": 10, ""groupdro_ema_decay"": 0.9, ""groupdro_update_every"": 1, ""dro_signal"": ""val"", ""val_frac"": 0.15, ""impute_missing"": true, ""common_encoder"": false, ""use_regret"": false, ""data_split_seed"": 1001}","{""num_groups"": 4, ""num_classes"": 2, ""train_total"": 449, ""test_total"": 185, ""train_group_counts"": [205, 199, 20, 25], ""test_group_counts"": [61, 59, 25, 40], ""train_class_counts"": [246, 203], ""test_class_counts"": [83, 102], ""train_group_class_counts"": [[111, 94], [127, 72], [3, 17], [5, 20]], ""test_group_class_counts"": [[33, 28], [38, 21], [2, 23], [10, 30]], ""group_proportions"": [0.45657015590200445, 0.44320712694877507, 0.044543429844097995, 0.0556792873051225], ""val_group_counts"": [37, 36, 15, 24], ""val_total"": 112}",,2026-09-15T20:30:26.917242,32,0.24832222811759463,0.9002267572344566,0.001,0.772972972972973,0.7786492775771048,0.725,0.84,"[0.7868852459016393, 0.7627118644067796, 0.84, 0.725]","[0.5706927833981339, 0.9663658125160294, 0.7157061766739935, 1.1088748772788677]","[0.7228915662650602, 0.8137254901960784]","[[0.8181818181818182, 0.75], [0.7894736842105263, 0.7142857142857143], [0.0, 0.9130434782608695], [0.3, 0.8666666666666667]]","[61, 59, 25, 40]",0.7694088319088319,"[0.7848032564450476, 0.7463144963144963, 0.45652173913043476, 0.5891690009337067]",0.45652173913043476,1.1088748772788677,0.75,0.773216966966967,0.6944444444444444,0.9333333333333333,"[0.7567567567567568, 0.6944444444444444, 0.9333333333333333, 0.7083333333333334]","[0.5588024076156167, 0.9721392143013267, 0.527128928041202, 1.0733586510080688]","[0.76, 0.7419354838709677]","[[0.75, 0.7647058823529411], [0.9130434782608695, 0.3076923076923077], [0.0, 1.0], [0.3333333333333333, 0.8333333333333334]]","[37, 36, 15, 24]",0.7487179487179487,"[0.756043956043956, 0.6067527308838133, 0.4827586206896552, 0.5872235872235873]",0.4827586206896552,1.0733586510080688,,"[NaN, NaN, NaN, NaN]",,,
"{""run_name"": ""fedheart_exp_paper_hetagg_gdro"", ""seed"": 1337, ""run_dir"": ""runs/fedheart_cv/PerGroupOnly_s1337_f1"", ""use_fedheart"": true, ""num_classes"": 2, ""stratified_batching"": true, ""train_frac"": 0.8, ""group_max_train_samples"": [null, null, 20, 25], ""true_hetero_input_dim"": true, ""feature_mask"": [[0, 1, 2, 3, 5, 6, 7, 8, 9, 10], [0, 1, 2, 3, 5, 6, 11, 12], [0, 1, 2, 4, 5, 7, 11, 12], [0, 1, 2, 4, 5, 6, 8, 9, 10]], ""batch_size"": 64, ""num_workers"": 0, ""epochs"": 100, ""early_stopping_patience"": 30, ""lr"": 0.001, ""weight_decay"": 0.0001, ""optimizer"": ""adam"", ""grad_clip"": 1.0, ""lr_scheduler"": ""cosine"", ""lr_min"": 1e-05, ""latent_dim"": 64, ""head_hidden"": 32, ""groups"": [{""name"": ""cleveland"", ""encoder"": ""mlp_tabular_ln"", ""input_dim"": 10, ""hidden_dim"": 64, ""dropout"": 0.1}, {""name"": ""hungarian"", ""encoder"": ""mlp_tabular_ln"", ""input_dim"": 8, ""hidden_dim"": 64, ""dropout"": 0.1}, {""name"": ""switzerland"", ""encoder"": ""mlp_tabular_ln"", ""input_dim"": 8, ""hidden_dim"": 64, ""dropout"": 0.1}, {""name"": ""va_long_beach"", ""encoder"": ""mlp_tabular_ln"", ""input_dim"": 9, ""hidden_dim"": 64, ""dropout"": 0.1}], ""anchor_eps"": 0.0001, ""sep_samples_per_class"": 4, ""sep_method"": ""classifier"", ""sep_margin"": 1.0, ""lambda_fit"": 0.001, ""lambda_sep"": 0.001, ""groupdro_enabled"": false, ""groupdro_eta"": 0.02, ""groupdro_gamma"": 0.9, ""groupdro_update_mode"": ""exp"", ""groupdro_objective"": ""weighted"", ""groupdro_kl_lambda"": 0.0, ""groupdro_uniform_init"": false, ""log_interval"": 20, ""save_every"": 10, ""groupdro_ema_decay"": 0.9, ""groupdro_update_every"": 1, ""dro_signal"": ""val"", ""val_frac"": 0.15, ""impute_missing"": true, ""common_encoder"": false, ""use_regret"": false, ""data_split_seed"": 1001}","{""num_groups"": 4, ""num_classes"": 2, ""train_total"": 449, ""test_total"": 185, ""train_group_counts"": [205, 199, 20, 25], ""test_group_counts"": [61, 59, 25, 40], ""train_class_counts"": [246, 203], ""test_class_counts"": [83, 102], ""train_group_class_counts"": [[111, 94], [127, 72], [3, 17], [5, 20]], ""test_group_class_counts"": [[33, 28], [38, 21], [2, 23], [10, 30]], ""group_proportions"": [0.45657015590200445, 0.44320712694877507, 0.044543429844097995, 0.0556792873051225], ""val_group_counts"": [37, 36, 15, 24], ""val_total"": 112}",,2026-09-15T20:30:26.917242,33,0.2458687259767061,0.8956916128156407,0.001,0.772972972972973,0.7787882050569602,0.725,0.84,"[0.7704918032786885, 0.7796610169491526, 0.84, 0.725]","[0.5712151223350866, 0.9766414295309775, 0.7264866851316765, 1.1156537657268928]","[0.7349397590361446, 0.803921568627451]","[[0.8181818181818182, 0.7142857142857143], [0.8157894736842105, 0.7142857142857143], [0.0, 0.9130434782608695], [0.3, 0.8666666666666667]]","[61, 59, 25, 40]",0.7700094719393795,"[0.7674291938997821, 0.7621705426356589, 0.45652173913043476, 0.5891690009337067]",0.45652173913043476,1.1156537657268928,0.75,0.773216966966967,0.6944444444444444,0.9333333333333333,"[0.7567567567567568, 0.6944444444444444, 0.9333333333333333, 0.7083333333333334]","[0.570371746477306, 0.9809520581750095, 0.5294282003082723, 1.0832158808989334]","[0.76, 0.7419354838709677]","[[0.75, 0.7647058823529411], [0.9130434782608695, 0.3076923076923077], [0.0, 1.0], [0.3333333333333333, 0.8333333333333334]]","[37, 36, 15, 24]",0.7487179487179487,"[0.756043956043956, 0.6067527308838133, 0.4827586206896552, 0.5872235872235873]",0.4827586206896552,1.0832158808989334,,"[NaN, NaN, NaN, NaN]",,,
"{""run_name"": ""fedheart_exp_paper_hetagg_gdro"", ""seed"": 1337, ""run_dir"": ""runs/fedheart_cv/PerGroupOnly_s1337_f1"", ""use_fedheart"": true, ""num_classes"": 2, ""stratified_batching"": true, ""train_frac"": 0.8, ""group_max_train_samples"": [null, null, 20, 25], ""true_hetero_input_dim"": true, ""feature_mask"": [[0, 1, 2, 3, 5, 6, 7, 8, 9, 10], [0, 1, 2, 3, 5, 6, 11, 12], [0, 1, 2, 4, 5, 7, 11, 12], [0, 1, 2, 4, 5, 6, 8, 9, 10]], ""batch_size"": 64, ""num_workers"": 0, ""epochs"": 100, ""early_stopping_patience"": 30, ""lr"": 0.001, ""weight_decay"": 0.0001, ""optimizer"": ""adam"", ""grad_clip"": 1.0, ""lr_scheduler"": ""cosine"", ""lr_min"": 1e-05, ""latent_dim"": 64, ""head_hidden"": 32, ""groups"": [{""name"": ""cleveland"", ""encoder"": ""mlp_tabular_ln"", ""input_dim"": 10, ""hidden_dim"": 64, ""dropout"": 0.1}, {""name"": ""hungarian"", ""encoder"": ""mlp_tabular_ln"", ""input_dim"": 8, ""hidden_dim"": 64, ""dropout"": 0.1}, {""name"": ""switzerland"", ""encoder"": ""mlp_tabular_ln"", ""input_dim"": 8, ""hidden_dim"": 64, ""dropout"": 0.1}, {""name"": ""va_long_beach"", ""encoder"": ""mlp_tabular_ln"", ""input_dim"": 9, ""hidden_dim"": 64, ""dropout"": 0.1}], ""anchor_eps"": 0.0001, ""sep_samples_per_class"": 4, ""sep_method"": ""classifier"", ""sep_margin"": 1.0, ""lambda_fit"": 0.001, ""lambda_sep"": 0.001, ""groupdro_enabled"": false, ""groupdro_eta"": 0.02, ""groupdro_gamma"": 0.9, ""groupdro_update_mode"": ""exp"", ""groupdro_objective"": ""weighted"", ""groupdro_kl_lambda"": 0.0, ""groupdro_uniform_init"": false, ""log_interval"": 20, ""save_every"": 10, ""groupdro_ema_decay"": 0.9, ""groupdro_update_every"": 1, ""dro_signal"": ""val"", ""val_frac"": 0.15, ""impute_missing"": true, ""common_encoder"": false, ""use_regret"": false, ""data_split_seed"": 1001}","{""num_groups"": 4, ""num_classes"": 2, ""train_total"": 449, ""test_total"": 185, ""train_group_counts"": [205, 199, 20, 25], ""test_group_counts"": [61, 59, 25, 40], ""train_class_counts"": [246, 203], ""test_class_counts"": [83, 102], ""train_group_class_counts"": [[111, 94], [127, 72], [3, 17], [5, 20]], ""test_group_class_counts"": [[33, 28], [38, 21], [2, 23], [10, 30]], ""group_proportions"": [0.45657015590200445, 0.44320712694877507, 0.044543429844097995, 0.0556792873051225], ""val_group_counts"": [37, 36, 15, 24], ""val_total"": 112}",,2026-09-15T20:30:26.917242,34,0.25521812437613267,0.8866213122192694,0.001,0.7837837837837838,0.7871238538482912,0.725,0.84,"[0.7868852459016393, 0.7966101694915254, 0.84, 0.725]","[0.586081051244305, 1.0092961175388941, 0.7795910959411413, 1.140512905253854]","[0.7469879518072289, 0.8137254901960784]","[[0.8181818181818182, 0.75], [0.8421052631578947, 0.7142857142857143], [0.0, 0.9130434782608695], [0.3, 0.8666666666666667]]","[61, 59, 25, 40]",0.7809614018470281,"[0.7848032564450476, 0.7781954887218046, 0.45652173913043476, 0.5891690009337067]",0.45652173913043476,1.140512905253854,0.75,0.773216966966967,0.6944444444444444,0.9333333333333333,"[0.7567567567567568, 0.6944444444444444, 0.9333333333333333, 0.7083333333333334]","[0.5738706977745341, 1.0235236897246471, 0.5167276024352759, 1.1156128583679674]","[0.78, 0.7258064516129032]","[[0.8, 0.7058823529411765], [0.9130434782608695, 0.3076923076923077], [0.0, 1.0], [0.3333333333333333, 0.8333333333333334]]","[37, 36, 15, 24]",0.7492804605052767,"[0.753880266075388, 0.6067527308838133, 0.4827586206896552, 0.5872235872235873]",0.4827586206896552,1.1156128583679674,,"[NaN, NaN, NaN, NaN]",,,
"{""run_name"": ""fedheart_exp_paper_hetagg_gdro"", ""seed"": 1337, ""run_dir"": ""runs/fedheart_cv/PerGroupOnly_s1337_f1"", ""use_fedheart"": true, ""num_classes"": 2, ""stratified_batching"": true, ""train_frac"": 0.8, ""group_max_train_samples"": [null, null, 20, 25], ""true_hetero_input_dim"": true, ""feature_mask"": [[0, 1, 2, 3, 5, 6, 7, 8, 9, 10], [0, 1, 2, 3, 5, 6, 11, 12], [0, 1, 2, 4, 5, 7, 11, 12], [0, 1, 2, 4, 5, 6, 8, 9, 10]], ""batch_size"": 64, ""num_workers"": 0, ""epochs"": 100, ""early_stopping_patience"": 30, ""lr"": 0.001, ""weight_decay"": 0.0001, ""optimizer"": ""adam"", ""grad_clip"": 1.0, ""lr_scheduler"": ""cosine"", ""lr_min"": 1e-05, ""latent_dim"": 64, ""head_hidden"": 32, ""groups"": [{""name"": ""cleveland"", ""encoder"": ""mlp_tabular_ln"", ""input_dim"": 10, ""hidden_dim"": 64, ""dropout"": 0.1}, {""name"": ""hungarian"", ""encoder"": ""mlp_tabular_ln"", ""input_dim"": 8, ""hidden_dim"": 64, ""dropout"": 0.1}, {""name"": ""switzerland"", ""encoder"": ""mlp_tabular_ln"", ""input_dim"": 8, ""hidden_dim"": 64, ""dropout"": 0.1}, {""name"": ""va_long_beach"", ""encoder"": ""mlp_tabular_ln"", ""input_dim"": 9, ""hidden_dim"": 64, ""dropout"": 0.1}], ""anchor_eps"": 0.0001, ""sep_samples_per_class"": 4, ""sep_method"": ""classifier"", ""sep_margin"": 1.0, ""lambda_fit"": 0.001, ""lambda_sep"": 0.001, ""groupdro_enabled"": false, ""groupdro_eta"": 0.02, ""groupdro_gamma"": 0.9, ""groupdro_update_mode"": ""exp"", ""groupdro_objective"": ""weighted"", ""groupdro_kl_lambda"": 0.0, ""groupdro_uniform_init"": false, ""log_interval"": 20, ""save_every"": 10, ""groupdro_ema_decay"": 0.9, ""groupdro_update_every"": 1, ""dro_signal"": ""val"", ""val_frac"": 0.15, ""impute_missing"": true, ""common_encoder"": false, ""use_regret"": false, ""data_split_seed"": 1001}","{""num_groups"": 4, ""num_classes"": 2, ""train_total"": 449, ""test_total"": 185, ""train_group_counts"": [205, 199, 20, 25], ""test_group_counts"": [61, 59, 25, 40], ""train_class_counts"": [246, 203], ""test_class_counts"": [83, 102], ""train_group_class_counts"": [[111, 94], [127, 72], [3, 17], [5, 20]], ""test_group_class_counts"": [[33, 28], [38, 21], [2, 23], [10, 30]], ""group_proportions"": [0.45657015590200445, 0.44320712694877507, 0.044543429844097995, 0.0556792873051225], ""val_group_counts"": [37, 36, 15, 24], ""val_total"": 112}",,2026-09-15T20:30:26.917242,35,0.24049978569791972,0.9002267553422456,0.001,0.7675675675675676,0.7687882050569603,0.725,0.8,"[0.7704918032786885, 0.7796610169491526, 0.8, 0.725]","[0.6039052044674105, 1.0148286008250393, 0.8115304943325463, 1.1583421399816871]","[0.7349397590361446, 0.7941176470588235]","[[0.8181818181818182, 0.7142857142857143], [0.8157894736842105, 0.7142857142857143], [0.0, 0.8695652173913043], [0.3, 0.8666666666666667]]","[61, 59, 25, 40]",0.7648189209164818,"[0.7674291938997821, 0.7621705426356589, 0.4444444444444445, 0.5891690009337067]",0.4444444444444445,1.1583421399816871,0.75,0.7730292792792792,0.6666666666666666,0.9333333333333333,"[0.7837837837837838, 0.6666666666666666, 0.9333333333333333, 0.7083333333333334]","[0.573346271773492, 1.0275800569603841, 0.51093710885422, 1.1242976241677145]","[0.76, 0.7419354838709677]","[[0.8, 0.7647058823529411], [0.8695652173913043, 0.3076923076923077], [0.0, 1.0], [0.3333333333333333, 0.8333333333333334]]","[37, 36, 15, 24]",0.7487179487179487,"[0.7823529411764707, 0.5846153846153846, 0.4827586206896552, 0.5872235872235873]",0.4827586206896552,1.1242976241677145,,"[NaN, NaN, NaN, NaN]",,,
"{""run_name"": ""fedheart_exp_paper_hetagg_gdro"", ""seed"": 1337, ""run_dir"": ""runs/fedheart_cv/PerGroupOnly_s1337_f1"", ""use_fedheart"": true, ""num_classes"": 2, ""stratified_batching"": true, ""train_frac"": 0.8, ""group_max_train_samples"": [null, null, 20, 25], ""true_hetero_input_dim"": true, ""feature_mask"": [[0, 1, 2, 3, 5, 6, 7, 8, 9, 10], [0, 1, 2, 3, 5, 6, 11, 12], [0, 1, 2, 4, 5, 7, 11, 12], [0, 1, 2, 4, 5, 6, 8, 9, 10]], ""batch_size"": 64, ""num_workers"": 0, ""epochs"": 100, ""early_stopping_patience"": 30, ""lr"": 0.001, ""weight_decay"": 0.0001, ""optimizer"": ""adam"", ""grad_clip"": 1.0, ""lr_scheduler"": ""cosine"", ""lr_min"": 1e-05, ""latent_dim"": 64, ""head_hidden"": 32, ""groups"": [{""name"": ""cleveland"", ""encoder"": ""mlp_tabular_ln"", ""input_dim"": 10, ""hidden_dim"": 64, ""dropout"": 0.1}, {""name"": ""hungarian"", ""encoder"": ""mlp_tabular_ln"", ""input_dim"": 8, ""hidden_dim"": 64, ""dropout"": 0.1}, {""name"": ""switzerland"", ""encoder"": ""mlp_tabular_ln"", ""input_dim"": 8, ""hidden_dim"": 64, ""dropout"": 0.1}, {""name"": ""va_long_beach"", ""encoder"": ""mlp_tabular_ln"", ""input_dim"": 9, ""hidden_dim"": 64, ""dropout"": 0.1}], ""anchor_eps"": 0.0001, ""sep_samples_per_class"": 4, ""sep_method"": ""classifier"", ""sep_margin"": 1.0, ""lambda_fit"": 0.001, ""lambda_sep"": 0.001, ""groupdro_enabled"": false, ""groupdro_eta"": 0.02, ""groupdro_gamma"": 0.9, ""groupdro_update_mode"": ""exp"", ""groupdro_objective"": ""weighted"", ""groupdro_kl_lambda"": 0.0, ""groupdro_uniform_init"": false, ""log_interval"": 20, ""save_every"": 10, ""groupdro_ema_decay"": 0.9, ""groupdro_update_every"": 1, ""dro_signal"": ""val"", ""val_frac"": 0.15, ""impute_missing"": true, ""common_encoder"": false, ""use_regret"": false, ""data_split_seed"": 1001}","{""num_groups"": 4, ""num_classes"": 2, ""train_total"": 449, ""test_total"": 185, ""train_group_counts"": [205, 199, 20, 25], ""test_group_counts"": [61, 59, 25, 40], ""train_class_counts"": [246, 203], ""test_class_counts"": [83, 102], ""train_group_class_counts"": [[111, 94], [127, 72], [3, 17], [5, 20]], ""test_group_class_counts"": [[33, 28], [38, 21], [2, 23], [10, 30]], ""group_proportions"": [0.45657015590200445, 0.44320712694877507, 0.044543429844097995, 0.0556792873051225], ""val_group_counts"": [37, 36, 15, 24], ""val_total"": 112}",,2026-09-15T20:30:26.917242,36,0.23386594619340095,0.9047619027345359,0.001,0.7675675675675676,0.7687882050569603,0.725,0.8,"[0.7704918032786885, 0.7796610169491526, 0.8, 0.725]","[0.640509144801429, 1.0291276602178094, 0.8347270612488501, 1.1936773616915162]","[0.7349397590361446, 0.7941176470588235]","[[0.8181818181818182, 0.7142857142857143], [0.8157894736842105, 0.7142857142857143], [0.0, 0.8695652173913043], [0.3, 0.8666666666666667]]","[61, 59, 25, 40]",0.7648189209164818,"[0.7674291938997821, 0.7621705426356589, 0.4444444444444445, 0.5891690009337067]",0.4444444444444445,1.1936773616915162,0.7410714285714286,0.7662725225225225,0.6666666666666666,0.9333333333333333,"[0.7567567567567568, 0.6666666666666666, 0.9333333333333333, 0.7083333333333334]","[0.5995765151310479, 1.0659484086605113, 0.5130218032960935, 1.1508706801493342]","[0.76, 0.7258064516129032]","[[0.8, 0.7058823529411765], [0.8695652173913043, 0.3076923076923077], [0.0, 1.0], [0.3333333333333333, 0.8333333333333334]]","[37, 36, 15, 24]",0.7400560224089636,"[0.753880266075388, 0.5846153846153846, 0.4827586206896552, 0.5872235872235873]",0.4827586206896552,1.1508706801493342,,"[NaN, NaN, NaN, NaN]",,,
"{""run_name"": ""fedheart_exp_paper_hetagg_gdro"", ""seed"": 1337, ""run_dir"": ""runs/fedheart_cv/PerGroupOnly_s1337_f1"", ""use_fedheart"": true, ""num_classes"": 2, ""stratified_batching"": true, ""train_frac"": 0.8, ""group_max_train_samples"": [null, null, 20, 25], ""true_hetero_input_dim"": true, ""feature_mask"": [[0, 1, 2, 3, 5, 6, 7, 8, 9, 10], [0, 1, 2, 3, 5, 6, 11, 12], [0, 1, 2, 4, 5, 7, 11, 12], [0, 1, 2, 4, 5, 6, 8, 9, 10]], ""batch_size"": 64, ""num_workers"": 0, ""epochs"": 100, ""early_stopping_patience"": 30, ""lr"": 0.001, ""weight_decay"": 0.0001, ""optimizer"": ""adam"", ""grad_clip"": 1.0, ""lr_scheduler"": ""cosine"", ""lr_min"": 1e-05, ""latent_dim"": 64, ""head_hidden"": 32, ""groups"": [{""name"": ""cleveland"", ""encoder"": ""mlp_tabular_ln"", ""input_dim"": 10, ""hidden_dim"": 64, ""dropout"": 0.1}, {""name"": ""hungarian"", ""encoder"": ""mlp_tabular_ln"", ""input_dim"": 8, ""hidden_dim"": 64, ""dropout"": 0.1}, {""name"": ""switzerland"", ""encoder"": ""mlp_tabular_ln"", ""input_dim"": 8, ""hidden_dim"": 64, ""dropout"": 0.1}, {""name"": ""va_long_beach"", ""encoder"": ""mlp_tabular_ln"", ""input_dim"": 9, ""hidden_dim"": 64, ""dropout"": 0.1}], ""anchor_eps"": 0.0001, ""sep_samples_per_class"": 4, ""sep_method"": ""classifier"", ""sep_margin"": 1.0, ""lambda_fit"": 0.001, ""lambda_sep"": 0.001, ""groupdro_enabled"": false, ""groupdro_eta"": 0.02, ""groupdro_gamma"": 0.9, ""groupdro_update_mode"": ""exp"", ""groupdro_objective"": ""weighted"", ""groupdro_kl_lambda"": 0.0, ""groupdro_uniform_init"": false, ""log_interval"": 20, ""save_every"": 10, ""groupdro_ema_decay"": 0.9, ""groupdro_update_every"": 1, ""dro_signal"": ""val"", ""val_frac"": 0.15, ""impute_missing"": true, ""common_encoder"": false, ""use_regret"": false, ""data_split_seed"": 1001}","{""num_groups"": 4, ""num_classes"": 2, ""train_total"": 449, ""test_total"": 185, ""train_group_counts"": [205, 199, 20, 25], ""test_group_counts"": [61, 59, 25, 40], ""train_class_counts"": [246, 203], ""test_class_counts"": [83, 102], ""train_group_class_counts"": [[111, 94], [127, 72], [3, 17], [5, 20]], ""test_group_class_counts"": [[33, 28], [38, 21], [2, 23], [10, 30]], ""group_proportions"": [0.45657015590200445, 0.44320712694877507, 0.044543429844097995, 0.0556792873051225], ""val_group_counts"": [37, 36, 15, 24], ""val_total"": 112}",,2026-09-15T20:30:26.917242,37,0.25268392802095735,0.897959182592206,0.001,0.7621621621621621,0.764550916921367,0.725,0.8,"[0.7704918032786885, 0.7627118644067796, 0.8, 0.725]","[0.6444979945484446, 1.0366089030753987, 0.8527745833923109, 1.2219506632711272]","[0.7228915662650602, 0.7941176470588235]","[[0.8181818181818182, 0.7142857142857143], [0.7894736842105263, 0.7142857142857143], [0.0, 0.8695652173913043], [0.3, 0.8666666666666667]]","[61, 59, 25, 40]",0.7590575420317311,"[0.7674291938997821, 0.7463144963144963, 0.4444444444444445, 0.5891690009337067]",0.4444444444444445,1.2219506632711272,0.75,0.7730292792792792,0.6666666666666666,0.9333333333333333,"[0.7837837837837838, 0.6666666666666666, 0.9333333333333333, 0.7083333333333334]","[0.6084187163234329, 1.0817843056009022, 0.5193638748237087, 1.1884847867707624]","[0.76, 0.7419354838709677]","[[0.8, 0.7647058823529411], [0.8695652173913043, 0.3076923076923077], [0.0, 1.0], [0.3333333333333333, 0.8333333333333334]]","[37, 36, 15, 24]",0.7487179487179487,"[0.7823529411764707, 0.5846153846153846, 0.4827586206896552, 0.5872235872235873]",0.4827586206896552,1.1884847867707624,,"[NaN, NaN, NaN, NaN]",,,
"{""run_name"": ""fedheart_exp_paper_hetagg_gdro"", ""seed"": 1337, ""run_dir"": ""runs/fedheart_cv/PerGroupOnly_s1337_f1"", ""use_fedheart"": true, ""num_classes"": 2, ""stratified_batching"": true, ""train_frac"": 0.8, ""group_max_train_samples"": [null, null, 20, 25], ""true_hetero_input_dim"": true, ""feature_mask"": [[0, 1, 2, 3, 5, 6, 7, 8, 9, 10], [0, 1, 2, 3, 5, 6, 11, 12], [0, 1, 2, 4, 5, 7, 11, 12], [0, 1, 2, 4, 5, 6, 8, 9, 10]], ""batch_size"": 64, ""num_workers"": 0, ""epochs"": 100, ""early_stopping_patience"": 30, ""lr"": 0.001, ""weight_decay"": 0.0001, ""optimizer"": ""adam"", ""grad_clip"": 1.0, ""lr_scheduler"": ""cosine"", ""lr_min"": 1e-05, ""latent_dim"": 64, ""head_hidden"": 32, ""groups"": [{""name"": ""cleveland"", ""encoder"": ""mlp_tabular_ln"", ""input_dim"": 10, ""hidden_dim"": 64, ""dropout"": 0.1}, {""name"": ""hungarian"", ""encoder"": ""mlp_tabular_ln"", ""input_dim"": 8, ""hidden_dim"": 64, ""dropout"": 0.1}, {""name"": ""switzerland"", ""encoder"": ""mlp_tabular_ln"", ""input_dim"": 8, ""hidden_dim"": 64, ""dropout"": 0.1}, {""name"": ""va_long_beach"", ""encoder"": ""mlp_tabular_ln"", ""input_dim"": 9, ""hidden_dim"": 64, ""dropout"": 0.1}], ""anchor_eps"": 0.0001, ""sep_samples_per_class"": 4, ""sep_method"": ""classifier"", ""sep_margin"": 1.0, ""lambda_fit"": 0.001, ""lambda_sep"": 0.001, ""groupdro_enabled"": false, ""groupdro_eta"": 0.02, ""groupdro_gamma"": 0.9, ""groupdro_update_mode"": ""exp"", ""groupdro_objective"": ""weighted"", ""groupdro_kl_lambda"": 0.0, ""groupdro_uniform_init"": false, ""log_interval"": 20, ""save_every"": 10, ""groupdro_ema_decay"": 0.9, ""groupdro_update_every"": 1, ""dro_signal"": ""val"", ""val_frac"": 0.15, ""impute_missing"": true, ""common_encoder"": false, ""use_regret"": false, ""data_split_seed"": 1001}","{""num_groups"": 4, ""num_classes"": 2, ""train_total"": 449, ""test_total"": 185, ""train_group_counts"": [205, 199, 20, 25], ""test_group_counts"": [61, 59, 25, 40], ""train_class_counts"": [246, 203], ""test_class_counts"": [83, 102], ""train_group_class_counts"": [[111, 94], [127, 72], [3, 17], [5, 20]], ""test_group_class_counts"": [[33, 28], [38, 21], [2, 23], [10, 30]], ""group_proportions"": [0.45657015590200445, 0.44320712694877507, 0.044543429844097995, 0.0556792873051225], ""val_group_counts"": [37, 36, 15, 24], ""val_total"": 112}",,2026-09-15T20:30:26.917242,38,0.22461888133263103,0.9002267543961402,0.001,0.7513513513513513,0.7563541956098916,0.725,0.8,"[0.7377049180327869, 0.7627118644067796, 0.8, 0.725]","[0.6572944170811603, 1.026981360483737, 0.8640299230295931, 1.2490165703835374]","[0.6987951807228916, 0.7941176470588235]","[[0.7575757575757576, 0.7142857142857143], [0.7894736842105263, 0.7142857142857143], [0.0, 0.8695652173913043], [0.3, 0.8666666666666667]]","[61, 59, 25, 40]",0.7474477682811016,"[0.7359307359307359, 0.7463144963144963, 0.4444444444444445, 0.5891690009337067]",0.4444444444444445,1.2490165703835374,0.7589285714285714,0.7799737237237238,0.6944444444444444,0.9333333333333333,"[0.7837837837837838, 0.6944444444444444, 0.9333333333333333, 0.7083333333333334]","[0.6034248707748358, 1.074631265268383, 0.5260407359543023, 1.2281700267461322]","[0.78, 0.7419354838709677]","[[0.8, 0.7647058823529411], [0.9130434782608695, 0.3076923076923077], [0.0, 1.0], [0.3333333333333333, 0.8333333333333334]]","[37, 36, 15, 24]",0.7579831932773109,"[0.7823529411764707, 0.6067527308838133, 0.4827586206896552, 0.5872235872235873]",0.4827586206896552,1.2281700267461322,,"[NaN, NaN, NaN, NaN]",,,
"{""run_name"": ""fedheart_exp_paper_hetagg_gdro"", ""seed"": 1337, ""run_dir"": ""runs/fedheart_cv/PerGroupOnly_s1337_f1"", ""use_fedheart"": true, ""num_classes"": 2, ""stratified_batching"": true, ""train_frac"": 0.8, ""group_max_train_samples"": [null, null, 20, 25], ""true_hetero_input_dim"": true, ""feature_mask"": [[0, 1, 2, 3, 5, 6, 7, 8, 9, 10], [0, 1, 2, 3, 5, 6, 11, 12], [0, 1, 2, 4, 5, 7, 11, 12], [0, 1, 2, 4, 5, 6, 8, 9, 10]], ""batch_size"": 64, ""num_workers"": 0, ""epochs"": 100, ""early_stopping_patience"": 30, ""lr"": 0.001, ""weight_decay"": 0.0001, ""optimizer"": ""adam"", ""grad_clip"": 1.0, ""lr_scheduler"": ""cosine"", ""lr_min"": 1e-05, ""latent_dim"": 64, ""head_hidden"": 32, ""groups"": [{""name"": ""cleveland"", ""encoder"": ""mlp_tabular_ln"", ""input_dim"": 10, ""hidden_dim"": 64, ""dropout"": 0.1}, {""name"": ""hungarian"", ""encoder"": ""mlp_tabular_ln"", ""input_dim"": 8, ""hidden_dim"": 64, ""dropout"": 0.1}, {""name"": ""switzerland"", ""encoder"": ""mlp_tabular_ln"", ""input_dim"": 8, ""hidden_dim"": 64, ""dropout"": 0.1}, {""name"": ""va_long_beach"", ""encoder"": ""mlp_tabular_ln"", ""input_dim"": 9, ""hidden_dim"": 64, ""dropout"": 0.1}], ""anchor_eps"": 0.0001, ""sep_samples_per_class"": 4, ""sep_method"": ""classifier"", ""sep_margin"": 1.0, ""lambda_fit"": 0.001, ""lambda_sep"": 0.001, ""groupdro_enabled"": false, ""groupdro_eta"": 0.02, ""groupdro_gamma"": 0.9, ""groupdro_update_mode"": ""exp"", ""groupdro_objective"": ""weighted"", ""groupdro_kl_lambda"": 0.0, ""groupdro_uniform_init"": false, ""log_interval"": 20, ""save_every"": 10, ""groupdro_ema_decay"": 0.9, ""groupdro_update_every"": 1, ""dro_signal"": ""val"", ""val_frac"": 0.15, ""impute_missing"": true, ""common_encoder"": false, ""use_regret"": false, ""data_split_seed"": 1001}","{""num_groups"": 4, ""num_classes"": 2, ""train_total"": 449, ""test_total"": 185, ""train_group_counts"": [205, 199, 20, 25], ""test_group_counts"": [61, 59, 25, 40], ""train_class_counts"": [246, 203], ""test_class_counts"": [83, 102], ""train_group_class_counts"": [[111, 94], [127, 72], [3, 17], [5, 20]], ""test_group_class_counts"": [[33, 28], [38, 21], [2, 23], [10, 30]], ""group_proportions"": [0.45657015590200445, 0.44320712694877507, 0.044543429844097995, 0.0556792873051225], ""val_group_counts"": [37, 36, 15, 24], ""val_total"": 112}",,2026-09-15T20:30:26.917242,39,0.22109870477463384,0.9070294754845756,0.001,0.7513513513513513,0.7563541956098916,0.725,0.8,"[0.7377049180327869, 0.7627118644067796, 0.8, 0.725]","[0.6598035750865792, 1.041765010454475, 0.8747460078471341, 1.2630443296293379]","[0.7108433734939759, 0.7843137254901961]","[[0.7575757575757576, 0.7142857142857143], [0.8157894736842105, 0.6666666666666666], [0.0, 0.8695652173913043], [0.3, 0.8666666666666667]]","[61, 59, 25, 40]",0.7481056121240824,"[0.7359307359307359, 0.7412280701754386, 0.4444444444444445, 0.5891690009337067]",0.4444444444444445,1.2630443296293379,0.75,0.773216966966967,0.6944444444444444,0.9333333333333333,"[0.7567567567567568, 0.6944444444444444, 0.9333333333333333, 0.7083333333333334]","[0.6208414263099847, 1.1282511506833544, 0.526833438698668, 1.2599952268307486]","[0.78, 0.7258064516129032]","[[0.8, 0.7058823529411765], [0.9130434782608695, 0.3076923076923077], [0.0, 1.0], [0.3333333333333333, 0.8333333333333334]]","[37, 36, 15, 24]",0.7492804605052767,"[0.753880266075388, 0.6067527308838133, 0.4827586206896552, 0.5872235872235873]",0.4827586206896552,1.2599952268307486,,"[NaN, NaN, NaN, NaN]",,,
"{""run_name"": ""fedheart_exp_paper_hetagg_gdro"", ""seed"": 1337, ""run_dir"": ""runs/fedheart_cv/PerGroupOnly_s1337_f1"", ""use_fedheart"": true, ""num_classes"": 2, ""stratified_batching"": true, ""train_frac"": 0.8, ""group_max_train_samples"": [null, null, 20, 25], ""true_hetero_input_dim"": true, ""feature_mask"": [[0, 1, 2, 3, 5, 6, 7, 8, 9, 10], [0, 1, 2, 3, 5, 6, 11, 12], [0, 1, 2, 4, 5, 7, 11, 12], [0, 1, 2, 4, 5, 6, 8, 9, 10]], ""batch_size"": 64, ""num_workers"": 0, ""epochs"": 100, ""early_stopping_patience"": 30, ""lr"": 0.001, ""weight_decay"": 0.0001, ""optimizer"": ""adam"", ""grad_clip"": 1.0, ""lr_scheduler"": ""cosine"", ""lr_min"": 1e-05, ""latent_dim"": 64, ""head_hidden"": 32, ""groups"": [{""name"": ""cleveland"", ""encoder"": ""mlp_tabular_ln"", ""input_dim"": 10, ""hidden_dim"": 64, ""dropout"": 0.1}, {""name"": ""hungarian"", ""encoder"": ""mlp_tabular_ln"", ""input_dim"": 8, ""hidden_dim"": 64, ""dropout"": 0.1}, {""name"": ""switzerland"", ""encoder"": ""mlp_tabular_ln"", ""input_dim"": 8, ""hidden_dim"": 64, ""dropout"": 0.1}, {""name"": ""va_long_beach"", ""encoder"": ""mlp_tabular_ln"", ""input_dim"": 9, ""hidden_dim"": 64, ""dropout"": 0.1}], ""anchor_eps"": 0.0001, ""sep_samples_per_class"": 4, ""sep_method"": ""classifier"", ""sep_margin"": 1.0, ""lambda_fit"": 0.001, ""lambda_sep"": 0.001, ""groupdro_enabled"": false, ""groupdro_eta"": 0.02, ""groupdro_gamma"": 0.9, ""groupdro_update_mode"": ""exp"", ""groupdro_objective"": ""weighted"", ""groupdro_kl_lambda"": 0.0, ""groupdro_uniform_init"": false, ""log_interval"": 20, ""save_every"": 10, ""groupdro_ema_decay"": 0.9, ""groupdro_update_every"": 1, ""dro_signal"": ""val"", ""val_frac"": 0.15, ""impute_missing"": true, ""common_encoder"": false, ""use_regret"": false, ""data_split_seed"": 1001}","{""num_groups"": 4, ""num_classes"": 2, ""train_total"": 449, ""test_total"": 185, ""train_group_counts"": [205, 199, 20, 25], ""test_group_counts"": [61, 59, 25, 40], ""train_class_counts"": [246, 203], ""test_class_counts"": [83, 102], ""train_group_class_counts"": [[111, 94], [127, 72], [3, 17], [5, 20]], ""test_group_class_counts"": [[33, 28], [38, 21], [2, 23], [10, 30]], ""group_proportions"": [0.45657015590200445, 0.44320712694877507, 0.044543429844097995, 0.0556792873051225], ""val_group_counts"": [37, 36, 15, 24], ""val_total"": 112}",,2026-09-15T20:30:26.917242,40,0.23133260653673116,0.907029476430681,0.001,0.7621621621621621,0.7704525562656293,0.725,0.84,"[0.7540983606557377, 0.7627118644067796, 0.84, 0.725]","[0.6550556090254848, 1.05380810121759, 0.8742726812692126, 1.2623602360632504]","[0.7108433734939759, 0.803921568627451]","[[0.7878787878787878, 0.7142857142857143], [0.7894736842105263, 0.7142857142857143], [0.0, 0.9130434782608695], [0.3, 0.8666666666666667]]","[61, 59, 25, 40]",0.7584283000949668,"[0.7516960651289009, 0.7463144963144963, 0.45652173913043476, 0.5891690009337067]",0.45652173913043476,1.2623602360632504,0.75,0.7730292792792792,0.6666666666666666,0.9333333333333333,"[0.7837837837837838, 0.6666666666666666, 0.9333333333333333, 0.7083333333333334]","[0.6466991247350077, 1.1330455741505527, 0.5345501508389134, 1.2537178036169887]","[0.78, 0.7258064516129032]","[[0.85, 0.7058823529411765], [0.8695652173913043, 0.3076923076923077], [0.0, 1.0], [0.3333333333333333, 0.8333333333333334]]","[37, 36, 15, 24]",0.7492804605052767,"[0.7797619047619049, 0.5846153846153846, 0.4827586206896552, 0.5872235872235873]",0.4827586206896552,1.2537178036169887,,"[NaN, NaN, NaN, NaN]",,,
"{""run_name"": ""fedheart_exp_paper_hetagg_gdro"", ""seed"": 1337, ""run_dir"": ""runs/fedheart_cv/PerGroupOnly_s1337_f1"", ""use_fedheart"": true, ""num_classes"": 2, ""stratified_batching"": true, ""train_frac"": 0.8, ""group_max_train_samples"": [null, null, 20, 25], ""true_hetero_input_dim"": true, ""feature_mask"": [[0, 1, 2, 3, 5, 6, 7, 8, 9, 10], [0, 1, 2, 3, 5, 6, 11, 12], [0, 1, 2, 4, 5, 7, 11, 12], [0, 1, 2, 4, 5, 6, 8, 9, 10]], ""batch_size"": 64, ""num_workers"": 0, ""epochs"": 100, ""early_stopping_patience"": 30, ""lr"": 0.001, ""weight_decay"": 0.0001, ""optimizer"": ""adam"", ""grad_clip"": 1.0, ""lr_scheduler"": ""cosine"", ""lr_min"": 1e-05, ""latent_dim"": 64, ""head_hidden"": 32, ""groups"": [{""name"": ""cleveland"", ""encoder"": ""mlp_tabular_ln"", ""input_dim"": 10, ""hidden_dim"": 64, ""dropout"": 0.1}, {""name"": ""hungarian"", ""encoder"": ""mlp_tabular_ln"", ""input_dim"": 8, ""hidden_dim"": 64, ""dropout"": 0.1}, {""name"": ""switzerland"", ""encoder"": ""mlp_tabular_ln"", ""input_dim"": 8, ""hidden_dim"": 64, ""dropout"": 0.1}, {""name"": ""va_long_beach"", ""encoder"": ""mlp_tabular_ln"", ""input_dim"": 9, ""hidden_dim"": 64, ""dropout"": 0.1}], ""anchor_eps"": 0.0001, ""sep_samples_per_class"": 4, ""sep_method"": ""classifier"", ""sep_margin"": 1.0, ""lambda_fit"": 0.001, ""lambda_sep"": 0.001, ""groupdro_enabled"": false, ""groupdro_eta"": 0.02, ""groupdro_gamma"": 0.9, ""groupdro_update_mode"": ""exp"", ""groupdro_objective"": ""weighted"", ""groupdro_kl_lambda"": 0.0, ""groupdro_uniform_init"": false, ""log_interval"": 20, ""save_every"": 10, ""groupdro_ema_decay"": 0.9, ""groupdro_update_every"": 1, ""dro_signal"": ""val"", ""val_frac"": 0.15, ""impute_missing"": true, ""common_encoder"": false, ""use_regret"": false, ""data_split_seed"": 1001}","{""num_groups"": 4, ""num_classes"": 2, ""train_total"": 449, ""test_total"": 185, ""train_group_counts"": [205, 199, 20, 25], ""test_group_counts"": [61, 59, 25, 40], ""train_class_counts"": [246, 203], ""test_class_counts"": [83, 102], ""train_group_class_counts"": [[111, 94], [127, 72], [3, 17], [5, 20]], ""test_group_class_counts"": [[33, 28], [38, 21], [2, 23], [10, 30]], ""group_proportions"": [0.45657015590200445, 0.44320712694877507, 0.044543429844097995, 0.0556792873051225], ""val_group_counts"": [37, 36, 15, 24], ""val_total"": 112}",,2026-09-15T20:30:26.917242,41,0.2709799557586376,0.8639455771500291,0.001,0.7621621621621621,0.764550916921367,0.725,0.8,"[0.7704918032786885, 0.7627118644067796, 0.8, 0.725]","[0.6392681976400038, 1.0676172857875226, 0.877081593425828, 1.240192055964144]","[0.7108433734939759, 0.803921568627451]","[[0.7878787878787878, 0.75], [0.7894736842105263, 0.7142857142857143], [0.0, 0.8695652173913043], [0.3, 0.8666666666666667]]","[61, 59, 25, 40]",0.7584283000949668,"[0.7689393939393939, 0.7463144963144963, 0.4444444444444445, 0.5891690009337067]",0.4444444444444445,1.240192055964144,0.7321428571428571,0.7593280780780781,0.6388888888888888,0.9333333333333333,"[0.7567567567567568, 0.6388888888888888, 0.9333333333333333, 0.7083333333333334]","[0.6547193869097296, 1.1035475442877214, 0.529544623210677, 1.231565310547012]","[0.74, 0.7258064516129032]","[[0.8, 0.7058823529411765], [0.8260869565217391, 0.3076923076923077], [0.0, 1.0], [0.3333333333333333, 0.8333333333333334]]","[37, 36, 15, 24]",0.7307692307692308,"[0.753880266075388, 0.5630252100840337, 0.4827586206896552, 0.5872235872235873]",0.4827586206896552,1.231565310547012,,"[NaN, NaN, NaN, NaN]",,,
"{""run_name"": ""fedheart_exp_paper_hetagg_gdro"", ""seed"": 1337, ""run_dir"": ""runs/fedheart_cv/PerGroupOnly_s1337_f1"", ""use_fedheart"": true, ""num_classes"": 2, ""stratified_batching"": true, ""train_frac"": 0.8, ""group_max_train_samples"": [null, null, 20, 25], ""true_hetero_input_dim"": true, ""feature_mask"": [[0, 1, 2, 3, 5, 6, 7, 8, 9, 10], [0, 1, 2, 3, 5, 6, 11, 12], [0, 1, 2, 4, 5, 7, 11, 12], [0, 1, 2, 4, 5, 6, 8, 9, 10]], ""batch_size"": 64, ""num_workers"": 0, ""epochs"": 100, ""early_stopping_patience"": 30, ""lr"": 0.001, ""weight_decay"": 0.0001, ""optimizer"": ""adam"", ""grad_clip"": 1.0, ""lr_scheduler"": ""cosine"", ""lr_min"": 1e-05, ""latent_dim"": 64, ""head_hidden"": 32, ""groups"": [{""name"": ""cleveland"", ""encoder"": ""mlp_tabular_ln"", ""input_dim"": 10, ""hidden_dim"": 64, ""dropout"": 0.1}, {""name"": ""hungarian"", ""encoder"": ""mlp_tabular_ln"", ""input_dim"": 8, ""hidden_dim"": 64, ""dropout"": 0.1}, {""name"": ""switzerland"", ""encoder"": ""mlp_tabular_ln"", ""input_dim"": 8, ""hidden_dim"": 64, ""dropout"": 0.1}, {""name"": ""va_long_beach"", ""encoder"": ""mlp_tabular_ln"", ""input_dim"": 9, ""hidden_dim"": 64, ""dropout"": 0.1}], ""anchor_eps"": 0.0001, ""sep_samples_per_class"": 4, ""sep_method"": ""classifier"", ""sep_margin"": 1.0, ""lambda_fit"": 0.001, ""lambda_sep"": 0.001, ""groupdro_enabled"": false, ""groupdro_eta"": 0.02, ""groupdro_gamma"": 0.9, ""groupdro_update_mode"": ""exp"", ""groupdro_objective"": ""weighted"", ""groupdro_kl_lambda"": 0.0, ""groupdro_uniform_init"": false, ""log_interval"": 20, ""save_every"": 10, ""groupdro_ema_decay"": 0.9, ""groupdro_update_every"": 1, ""dro_signal"": ""val"", ""val_frac"": 0.15, ""impute_missing"": true, ""common_encoder"": false, ""use_regret"": false, ""data_split_seed"": 1001}","{""num_groups"": 4, ""num_classes"": 2, ""train_total"": 449, ""test_total"": 185, ""train_group_counts"": [205, 199, 20, 25], ""test_group_counts"": [61, 59, 25, 40], ""train_class_counts"": [246, 203], ""test_class_counts"": [83, 102], ""train_group_class_counts"": [[111, 94], [127, 72], [3, 17], [5, 20]], ""test_group_class_counts"": [[33, 28], [38, 21], [2, 23], [10, 30]], ""group_proportions"": [0.45657015590200445, 0.44320712694877507, 0.044543429844097995, 0.0556792873051225], ""val_group_counts"": [37, 36, 15, 24], ""val_total"": 112}",,2026-09-15T20:30:26.917242,42,0.2301417337793882,0.8911564624498761,0.001,0.7567567567567568,0.7604525562656294,0.725,0.8,"[0.7540983606557377, 0.7627118644067796, 0.8, 0.725]","[0.6395114085324047, 1.0698793744056692, 0.8727735388814472, 1.2245218377400306]","[0.7108433734939759, 0.7941176470588235]","[[0.7878787878787878, 0.7142857142857143], [0.7894736842105263, 0.7142857142857143], [0.0, 0.8695652173913043], [0.3, 0.8666666666666667]]","[61, 59, 25, 40]",0.7532675380101361,"[0.7516960651289009, 0.7463144963144963, 0.4444444444444445, 0.5891690009337067]",0.4444444444444445,1.2245218377400306,0.7321428571428571,0.7593280780780781,0.6388888888888888,0.9333333333333333,"[0.7567567567567568, 0.6388888888888888, 0.9333333333333333, 0.7083333333333334]","[0.6524038740163952, 1.127030819294709, 0.5245832062248762, 1.2100366108837382]","[0.74, 0.7258064516129032]","[[0.8, 0.7058823529411765], [0.8260869565217391, 0.3076923076923077], [0.0, 1.0], [0.3333333333333333, 0.8333333333333334]]","[37, 36, 15, 24]",0.7307692307692308,"[0.753880266075388, 0.5630252100840337, 0.4827586206896552, 0.5872235872235873]",0.4827586206896552,1.2100366108837382,,"[NaN, NaN, NaN, NaN]",,,
"{""run_name"": ""fedheart_exp_paper_hetagg_gdro"", ""seed"": 1337, ""run_dir"": ""runs/fedheart_cv/PerGroupOnly_s1337_f1"", ""use_fedheart"": true, ""num_classes"": 2, ""stratified_batching"": true, ""train_frac"": 0.8, ""group_max_train_samples"": [null, null, 20, 25], ""true_hetero_input_dim"": true, ""feature_mask"": [[0, 1, 2, 3, 5, 6, 7, 8, 9, 10], [0, 1, 2, 3, 5, 6, 11, 12], [0, 1, 2, 4, 5, 7, 11, 12], [0, 1, 2, 4, 5, 6, 8, 9, 10]], ""batch_size"": 64, ""num_workers"": 0, ""epochs"": 100, ""early_stopping_patience"": 30, ""lr"": 0.001, ""weight_decay"": 0.0001, ""optimizer"": ""adam"", ""grad_clip"": 1.0, ""lr_scheduler"": ""cosine"", ""lr_min"": 1e-05, ""latent_dim"": 64, ""head_hidden"": 32, ""groups"": [{""name"": ""cleveland"", ""encoder"": ""mlp_tabular_ln"", ""input_dim"": 10, ""hidden_dim"": 64, ""dropout"": 0.1}, {""name"": ""hungarian"", ""encoder"": ""mlp_tabular_ln"", ""input_dim"": 8, ""hidden_dim"": 64, ""dropout"": 0.1}, {""name"": ""switzerland"", ""encoder"": ""mlp_tabular_ln"", ""input_dim"": 8, ""hidden_dim"": 64, ""dropout"": 0.1}, {""name"": ""va_long_beach"", ""encoder"": ""mlp_tabular_ln"", ""input_dim"": 9, ""hidden_dim"": 64, ""dropout"": 0.1}], ""anchor_eps"": 0.0001, ""sep_samples_per_class"": 4, ""sep_method"": ""classifier"", ""sep_margin"": 1.0, ""lambda_fit"": 0.001, ""lambda_sep"": 0.001, ""groupdro_enabled"": false, ""groupdro_eta"": 0.02, ""groupdro_gamma"": 0.9, ""groupdro_update_mode"": ""exp"", ""groupdro_objective"": ""weighted"", ""groupdro_kl_lambda"": 0.0, ""groupdro_uniform_init"": false, ""log_interval"": 20, ""save_every"": 10, ""groupdro_ema_decay"": 0.9, ""groupdro_update_every"": 1, ""dro_signal"": ""val"", ""val_frac"": 0.15, ""impute_missing"": true, ""common_encoder"": false, ""use_regret"": false, ""data_split_seed"": 1001}","{""num_groups"": 4, ""num_classes"": 2, ""train_total"": 449, ""test_total"": 185, ""train_group_counts"": [205, 199, 20, 25], ""test_group_counts"": [61, 59, 25, 40], ""train_class_counts"": [246, 203], ""test_class_counts"": [83, 102], ""train_group_class_counts"": [[111, 94], [127, 72], [3, 17], [5, 20]], ""test_group_class_counts"": [[33, 28], [38, 21], [2, 23], [10, 30]], ""group_proportions"": [0.45657015590200445, 0.44320712694877507, 0.044543429844097995, 0.0556792873051225], ""val_group_counts"": [37, 36, 15, 24], ""val_total"": 112}",,2026-09-15T20:30:26.917242,43,0.22795022686187372,0.9160997770270523,0.001,0.7513513513513513,0.7563541956098916,0.725,0.8,"[0.7377049180327869, 0.7627118644067796, 0.8, 0.725]","[0.6542902892771784, 1.0745200460763862, 0.8737036359356716, 1.227905288162583]","[0.7108433734939759, 0.7843137254901961]","[[0.7878787878787878, 0.6785714285714286], [0.7894736842105263, 0.7142857142857143], [0.0, 0.8695652173913043], [0.3, 0.8666666666666667]]","[61, 59, 25, 40]",0.7481056121240824,"[0.7342047930283225, 0.7463144963144963, 0.4444444444444445, 0.5891690009337067]",0.4444444444444445,1.227905288162583,0.7410714285714286,0.7662725225225225,0.6666666666666666,0.9333333333333333,"[0.7567567567567568, 0.6666666666666666, 0.9333333333333333, 0.7083333333333334]","[0.664551217888869, 1.1261215624035685, 0.5226263145285581, 1.2224559581760939]","[0.78, 0.7096774193548387]","[[0.85, 0.6470588235294118], [0.8695652173913043, 0.3076923076923077], [0.0, 1.0], [0.3333333333333333, 0.8333333333333334]]","[37, 36, 15, 24]",0.7405543573767873,"[0.7501875468867216, 0.5846153846153846, 0.4827586206896552, 0.5872235872235873]",0.4827586206896552,1.2224559581760939,,"[NaN, NaN, NaN, NaN]",,,
"{""run_name"": ""fedheart_exp_paper_hetagg_gdro"", ""seed"": 1337, ""run_dir"": ""runs/fedheart_cv/PerGroupOnly_s1337_f1"", ""use_fedheart"": true, ""num_classes"": 2, ""stratified_batching"": true, ""train_frac"": 0.8, ""group_max_train_samples"": [null, null, 20, 25], ""true_hetero_input_dim"": true, ""feature_mask"": [[0, 1, 2, 3, 5, 6, 7, 8, 9, 10], [0, 1, 2, 3, 5, 6, 11, 12], [0, 1, 2, 4, 5, 7, 11, 12], [0, 1, 2, 4, 5, 6, 8, 9, 10]], ""batch_size"": 64, ""num_workers"": 0, ""epochs"": 100, ""early_stopping_patience"": 30, ""lr"": 0.001, ""weight_decay"": 0.0001, ""optimizer"": ""adam"", ""grad_clip"": 1.0, ""lr_scheduler"": ""cosine"", ""lr_min"": 1e-05, ""latent_dim"": 64, ""head_hidden"": 32, ""groups"": [{""name"": ""cleveland"", ""encoder"": ""mlp_tabular_ln"", ""input_dim"": 10, ""hidden_dim"": 64, ""dropout"": 0.1}, {""name"": ""hungarian"", ""encoder"": ""mlp_tabular_ln"", ""input_dim"": 8, ""hidden_dim"": 64, ""dropout"": 0.1}, {""name"": ""switzerland"", ""encoder"": ""mlp_tabular_ln"", ""input_dim"": 8, ""hidden_dim"": 64, ""dropout"": 0.1}, {""name"": ""va_long_beach"", ""encoder"": ""mlp_tabular_ln"", ""input_dim"": 9, ""hidden_dim"": 64, ""dropout"": 0.1}], ""anchor_eps"": 0.0001, ""sep_samples_per_class"": 4, ""sep_method"": ""classifier"", ""sep_margin"": 1.0, ""lambda_fit"": 0.001, ""lambda_sep"": 0.001, ""groupdro_enabled"": false, ""groupdro_eta"": 0.02, ""groupdro_gamma"": 0.9, ""groupdro_update_mode"": ""exp"", ""groupdro_objective"": ""weighted"", ""groupdro_kl_lambda"": 0.0, ""groupdro_uniform_init"": false, ""log_interval"": 20, ""save_every"": 10, ""groupdro_ema_decay"": 0.9, ""groupdro_update_every"": 1, ""dro_signal"": ""val"", ""val_frac"": 0.15, ""impute_missing"": true, ""common_encoder"": false, ""use_regret"": false, ""data_split_seed"": 1001}","{""num_groups"": 4, ""num_classes"": 2, ""train_total"": 449, ""test_total"": 185, ""train_group_counts"": [205, 199, 20, 25], ""test_group_counts"": [61, 59, 25, 40], ""train_class_counts"": [246, 203], ""test_class_counts"": [83, 102], ""train_group_class_counts"": [[111, 94], [127, 72], [3, 17], [5, 20]], ""test_group_class_counts"": [[33, 28], [38, 21], [2, 23], [10, 30]], ""group_proportions"": [0.45657015590200445, 0.44320712694877507, 0.044543429844097995, 0.0556792873051225], ""val_group_counts"": [37, 36, 15, 24], ""val_total"": 112}",,2026-09-15T20:30:26.917242,44,0.23261744395540415,0.8979591844844169,0.001,0.7567567567567568,0.7604525562656294,0.725,0.8,"[0.7540983606557377, 0.7627118644067796, 0.8, 0.725]","[0.6579965882029072, 1.0873223141810493, 0.8797687165206298, 1.247078719761339]","[0.7108433734939759, 0.7941176470588235]","[[0.7878787878787878, 0.7142857142857143], [0.7894736842105263, 0.7142857142857143], [0.0, 0.8695652173913043], [0.3, 0.8666666666666667]]","[61, 59, 25, 40]",0.7532675380101361,"[0.7516960651289009, 0.7463144963144963, 0.4444444444444445, 0.5891690009337067]",0.4444444444444445,1.247078719761339,0.75,0.773216966966967,0.6944444444444444,0.9333333333333333,"[0.7567567567567568, 0.6944444444444444, 0.9333333333333333, 0.7083333333333334]","[0.6434713399751156, 1.1180791586420027, 0.5292358866912158, 1.2285069816037624]","[0.78, 0.7258064516129032]","[[0.8, 0.7058823529411765], [0.9130434782608695, 0.3076923076923077], [0.0, 1.0], [0.3333333333333333, 0.8333333333333334]]","[37, 36, 15, 24]",0.7492804605052767,"[0.753880266075388, 0.6067527308838133, 0.4827586206896552, 0.5872235872235873]",0.4827586206896552,1.2285069816037624,,"[NaN, NaN, NaN, NaN]",,,
"{""run_name"": ""fedheart_exp_paper_hetagg_gdro"", ""seed"": 1337, ""run_dir"": ""runs/fedheart_cv/PerGroupOnly_s1337_f1"", ""use_fedheart"": true, ""num_classes"": 2, ""stratified_batching"": true, ""train_frac"": 0.8, ""group_max_train_samples"": [null, null, 20, 25], ""true_hetero_input_dim"": true, ""feature_mask"": [[0, 1, 2, 3, 5, 6, 7, 8, 9, 10], [0, 1, 2, 3, 5, 6, 11, 12], [0, 1, 2, 4, 5, 7, 11, 12], [0, 1, 2, 4, 5, 6, 8, 9, 10]], ""batch_size"": 64, ""num_workers"": 0, ""epochs"": 100, ""early_stopping_patience"": 30, ""lr"": 0.001, ""weight_decay"": 0.0001, ""optimizer"": ""adam"", ""grad_clip"": 1.0, ""lr_scheduler"": ""cosine"", ""lr_min"": 1e-05, ""latent_dim"": 64, ""head_hidden"": 32, ""groups"": [{""name"": ""cleveland"", ""encoder"": ""mlp_tabular_ln"", ""input_dim"": 10, ""hidden_dim"": 64, ""dropout"": 0.1}, {""name"": ""hungarian"", ""encoder"": ""mlp_tabular_ln"", ""input_dim"": 8, ""hidden_dim"": 64, ""dropout"": 0.1}, {""name"": ""switzerland"", ""encoder"": ""mlp_tabular_ln"", ""input_dim"": 8, ""hidden_dim"": 64, ""dropout"": 0.1}, {""name"": ""va_long_beach"", ""encoder"": ""mlp_tabular_ln"", ""input_dim"": 9, ""hidden_dim"": 64, ""dropout"": 0.1}], ""anchor_eps"": 0.0001, ""sep_samples_per_class"": 4, ""sep_method"": ""classifier"", ""sep_margin"": 1.0, ""lambda_fit"": 0.001, ""lambda_sep"": 0.001, ""groupdro_enabled"": false, ""groupdro_eta"": 0.02, ""groupdro_gamma"": 0.9, ""groupdro_update_mode"": ""exp"", ""groupdro_objective"": ""weighted"", ""groupdro_kl_lambda"": 0.0, ""groupdro_uniform_init"": false, ""log_interval"": 20, ""save_every"": 10, ""groupdro_ema_decay"": 0.9, ""groupdro_update_every"": 1, ""dro_signal"": ""val"", ""val_frac"": 0.15, ""impute_missing"": true, ""common_encoder"": false, ""use_regret"": false, ""data_split_seed"": 1001}","{""num_groups"": 4, ""num_classes"": 2, ""train_total"": 449, ""test_total"": 185, ""train_group_counts"": [205, 199, 20, 25], ""test_group_counts"": [61, 59, 25, 40], ""train_class_counts"": [246, 203], ""test_class_counts"": [83, 102], ""train_group_class_counts"": [[111, 94], [127, 72], [3, 17], [5, 20]], ""test_group_class_counts"": [[33, 28], [38, 21], [2, 23], [10, 30]], ""group_proportions"": [0.45657015590200445, 0.44320712694877507, 0.044543429844097995, 0.0556792873051225], ""val_group_counts"": [37, 36, 15, 24], ""val_total"": 112}",,2026-09-15T20:30:26.917242,45,0.20624349737653927,0.9183673458575121,0.001,0.7513513513513513,0.7563541956098916,0.725,0.8,"[0.7377049180327869, 0.7627118644067796, 0.8, 0.725]","[0.678990659919199, 1.1055575356275136, 0.8932248926348985, 1.278402657310653]","[0.6987951807228916, 0.7941176470588235]","[[0.7575757575757576, 0.7142857142857143], [0.7894736842105263, 0.7142857142857143], [0.0, 0.8695652173913043], [0.3, 0.8666666666666667]]","[61, 59, 25, 40]",0.7474477682811016,"[0.7359307359307359, 0.7463144963144963, 0.4444444444444445, 0.5891690009337067]",0.4444444444444445,1.278402657310653,0.7678571428571429,0.7867304804804804,0.6944444444444444,0.9333333333333333,"[0.8108108108108109, 0.6944444444444444, 0.9333333333333333, 0.7083333333333334]","[0.6444804919270068, 1.135910303121313, 0.5376656669764391, 1.2547044614390568]","[0.78, 0.7580645161290323]","[[0.8, 0.8235294117647058], [0.9130434782608695, 0.3076923076923077], [0.0, 1.0], [0.3333333333333333, 0.8333333333333334]]","[37, 36, 15, 24]",0.7666666666666667,"[0.8102564102564103, 0.6067527308838133, 0.4827586206896552, 0.5872235872235873]",0.4827586206896552,1.2547044614390568,,"[NaN, NaN, NaN, NaN]",,,
