config,dataset_info,groupdro_config,start_time,epoch,train_loss,train_acc,learning_rate,test_overall_acc,test_balanced_acc,test_worst_group_acc,test_best_group_acc,test_per_group_acc,test_per_group_loss,test_per_class_acc,test_per_group_per_class_acc,test_per_group_counts,test_overall_macro_f1,test_per_group_f1,test_worst_group_f1,test_worst_group_loss,val_overall_acc,val_balanced_acc,val_worst_group_acc,val_best_group_acc,val_per_group_acc,val_per_group_loss,val_per_class_acc,val_per_group_per_class_acc,val_per_group_counts,val_overall_macro_f1,val_per_group_f1,val_worst_group_f1,val_worst_group_loss,groupdro_weights,train_per_group_loss,groupdro_weights_mean,groupdro_pi,groupdro_kl_penalty
"{""run_name"": ""fedheart_exp_paper_hetagg_gdro"", ""seed"": 44, ""run_dir"": ""runs/fedheart_uncapped/Ours_Regret_s44_f4"", ""use_fedheart"": true, ""num_classes"": 2, ""stratified_batching"": true, ""train_frac"": 0.8, ""group_max_train_samples"": null, ""true_hetero_input_dim"": true, ""feature_mask"": [[0, 1, 2, 3, 5, 6, 7, 8, 9, 10], [0, 1, 2, 3, 5, 6, 11, 12], [0, 1, 2, 4, 5, 7, 11, 12], [0, 1, 2, 4, 5, 6, 8, 9, 10]], ""batch_size"": 64, ""num_workers"": 0, ""epochs"": 100, ""early_stopping_patience"": 30, ""lr"": 0.001, ""weight_decay"": 0.0001, ""optimizer"": ""adam"", ""grad_clip"": 1.0, ""lr_scheduler"": ""cosine"", ""lr_min"": 1e-05, ""latent_dim"": 64, ""head_hidden"": 32, ""groups"": [{""name"": ""cleveland"", ""encoder"": ""mlp_tabular_ln"", ""input_dim"": 10, ""hidden_dim"": 64, ""dropout"": 0.1}, {""name"": ""hungarian"", ""encoder"": ""mlp_tabular_ln"", ""input_dim"": 8, ""hidden_dim"": 64, ""dropout"": 0.1}, {""name"": ""switzerland"", ""encoder"": ""mlp_tabular_ln"", ""input_dim"": 8, ""hidden_dim"": 64, ""dropout"": 0.1}, {""name"": ""va_long_beach"", ""encoder"": ""mlp_tabular_ln"", ""input_dim"": 9, ""hidden_dim"": 64, ""dropout"": 0.1}], ""anchor_eps"": 0.0001, ""sep_samples_per_class"": 4, ""sep_method"": ""classifier"", ""sep_margin"": 1.0, ""lambda_fit"": 0.1, ""lambda_sep"": 0.1, ""groupdro_enabled"": true, ""groupdro_eta"": 0.02, ""groupdro_gamma"": 0.9, ""groupdro_update_mode"": ""exp"", ""groupdro_objective"": ""weighted"", ""groupdro_kl_lambda"": 0.0, ""groupdro_uniform_init"": false, ""log_interval"": 20, ""save_every"": 10, ""groupdro_ema_decay"": 0.9, ""groupdro_update_every"": 1, ""dro_signal"": ""val"", ""val_frac"": 0.15, ""impute_missing"": true, ""common_encoder"": false, ""use_regret"": true, ""optimal_losses"": [0.468332, 0.498132, 0.341179, 0.597641], ""data_split_seed"": 1004}","{""num_groups"": 4, ""num_classes"": 2, ""train_total"": 623, ""test_total"": 185, ""train_group_counts"": [205, 199, 83, 136], ""test_group_counts"": [61, 59, 25, 40], ""train_class_counts"": [278, 345], ""test_class_counts"": [83, 102], ""train_group_class_counts"": [[111, 94], [127, 72], [5, 78], [35, 101]], ""test_group_class_counts"": [[33, 28], [38, 21], [2, 23], [10, 30]], ""group_proportions"": [0.3290529695024077, 0.31942215088282505, 0.1332263242375602, 0.21829855537720708], ""val_group_counts"": [37, 36, 15, 24], ""val_total"": 112}","{""num_groups"": 4, ""eta"": 0.02, ""update_mode"": ""exp"", ""robust_objective"": ""weighted"", ""gamma"": 0.9, ""kl_lambda"": 0.0, ""initial_pi"": [0.32905295491218567, 0.3194221556186676, 0.13322632014751434, 0.2182985544204712]}",2026-09-16T04:21:08.534186,1,3.287690771950616,0.5416666666666666,0.001,0.6378378378378379,0.6183554459572104,0.48,0.711864406779661,"[0.6065573770491803, 0.711864406779661, 0.48, 0.675]","[0.6841271949596093, 0.6473909535650479, 0.6944833540916443, 0.6665958598256111]","[0.6385542168674698, 0.6372549019607843]","[[0.6363636363636364, 0.5714285714285714], [0.7894736842105263, 0.5714285714285714], [0.0, 0.5217391304347826], [0.2, 0.8333333333333334]]","[61, 59, 25, 40]",0.6363076200815703,"[0.6038961038961039, 0.6822933164396578, 0.3243243243243243, 0.5144724556489263]",0.3243243243243243,0.6944833540916443,0.6785714285714286,0.6523836336336336,0.5333333333333333,0.7567567567567568,"[0.7567567567567568, 0.6944444444444444, 0.5333333333333333, 0.625]","[0.6479967977549579, 0.6586130443546507, 0.6730854988098145, 0.6740598405400912]","[0.74, 0.6290322580645161]","[[0.7, 0.8235294117647058], [0.9130434782608695, 0.3076923076923077], [0.0, 0.5714285714285714], [0.3333333333333333, 0.7222222222222222]]","[37, 36, 15, 24]",0.6784688995215311,"[0.7567567567567567, 0.6067527308838133, 0.34782608695652173, 0.5252747252747252]",0.34782608695652173,0.6740598405400912,"[0.3290584683418274, 0.31941527128219604, 0.13326913118362427, 0.2182571440935135]","[0.6780166427294413, 0.6701529290941026, 0.7051369945208231, 0.6914332177903917]","[0.32905295491218567, 0.3194221556186676, 0.13322632014751434, 0.2182985544204712]","[0.32905295491218567, 0.3194221556186676, 0.13322632014751434, 0.2182985544204712]",0.0
"{""run_name"": ""fedheart_exp_paper_hetagg_gdro"", ""seed"": 44, ""run_dir"": ""runs/fedheart_uncapped/Ours_Regret_s44_f4"", ""use_fedheart"": true, ""num_classes"": 2, ""stratified_batching"": true, ""train_frac"": 0.8, ""group_max_train_samples"": null, ""true_hetero_input_dim"": true, ""feature_mask"": [[0, 1, 2, 3, 5, 6, 7, 8, 9, 10], [0, 1, 2, 3, 5, 6, 11, 12], [0, 1, 2, 4, 5, 7, 11, 12], [0, 1, 2, 4, 5, 6, 8, 9, 10]], ""batch_size"": 64, ""num_workers"": 0, ""epochs"": 100, ""early_stopping_patience"": 30, ""lr"": 0.001, ""weight_decay"": 0.0001, ""optimizer"": ""adam"", ""grad_clip"": 1.0, ""lr_scheduler"": ""cosine"", ""lr_min"": 1e-05, ""latent_dim"": 64, ""head_hidden"": 32, ""groups"": [{""name"": ""cleveland"", ""encoder"": ""mlp_tabular_ln"", ""input_dim"": 10, ""hidden_dim"": 64, ""dropout"": 0.1}, {""name"": ""hungarian"", ""encoder"": ""mlp_tabular_ln"", ""input_dim"": 8, ""hidden_dim"": 64, ""dropout"": 0.1}, {""name"": ""switzerland"", ""encoder"": ""mlp_tabular_ln"", ""input_dim"": 8, ""hidden_dim"": 64, ""dropout"": 0.1}, {""name"": ""va_long_beach"", ""encoder"": ""mlp_tabular_ln"", ""input_dim"": 9, ""hidden_dim"": 64, ""dropout"": 0.1}], ""anchor_eps"": 0.0001, ""sep_samples_per_class"": 4, ""sep_method"": ""classifier"", ""sep_margin"": 1.0, ""lambda_fit"": 0.1, ""lambda_sep"": 0.1, ""groupdro_enabled"": true, ""groupdro_eta"": 0.02, ""groupdro_gamma"": 0.9, ""groupdro_update_mode"": ""exp"", ""groupdro_objective"": ""weighted"", ""groupdro_kl_lambda"": 0.0, ""groupdro_uniform_init"": false, ""log_interval"": 20, ""save_every"": 10, ""groupdro_ema_decay"": 0.9, ""groupdro_update_every"": 1, ""dro_signal"": ""val"", ""val_frac"": 0.15, ""impute_missing"": true, ""common_encoder"": false, ""use_regret"": true, ""optimal_losses"": [0.468332, 0.498132, 0.341179, 0.597641], ""data_split_seed"": 1004}","{""num_groups"": 4, ""num_classes"": 2, ""train_total"": 623, ""test_total"": 185, ""train_group_counts"": [205, 199, 83, 136], ""test_group_counts"": [61, 59, 25, 40], ""train_class_counts"": [278, 345], ""test_class_counts"": [83, 102], ""train_group_class_counts"": [[111, 94], [127, 72], [5, 78], [35, 101]], ""test_group_class_counts"": [[33, 28], [38, 21], [2, 23], [10, 30]], ""group_proportions"": [0.3290529695024077, 0.31942215088282505, 0.1332263242375602, 0.21829855537720708], ""val_group_counts"": [37, 36, 15, 24], ""val_total"": 112}","{""num_groups"": 4, ""eta"": 0.02, ""update_mode"": ""exp"", ""robust_objective"": ""weighted"", ""gamma"": 0.9, ""kl_lambda"": 0.0, ""initial_pi"": [0.32905295491218567, 0.3194221556186676, 0.13322632014751434, 0.2182985544204712]}",2026-09-16T04:21:08.534186,2,2.0978731181886463,0.6909722222222222,0.001,0.7027027027027027,0.7190521672686858,0.639344262295082,0.8,"[0.639344262295082, 0.711864406779661, 0.8, 0.725]","[0.674844922589474, 0.6384868985515529, 0.640943615436554, 0.6599173963069915]","[0.6144578313253012, 0.7745098039215687]","[[0.6363636363636364, 0.6428571428571429], [0.7631578947368421, 0.6190476190476191], [0.0, 0.8695652173913043], [0.1, 0.9333333333333333]]","[61, 59, 25, 40]",0.6957327831105529,"[0.6384698275862069, 0.6889922480620156, 0.4444444444444445, 0.49483352468427094]",0.4444444444444445,0.674844922589474,0.6964285714285714,0.7122935435435436,0.6111111111111112,0.8,"[0.7297297297297297, 0.6111111111111112, 0.8, 0.7083333333333334]","[0.6293158217056377, 0.6570197426610522, 0.6247506658236186, 0.6617433950304985]","[0.58, 0.7903225806451613]","[[0.65, 0.8235294117647058], [0.6521739130434783, 0.5384615384615384], [0.0, 0.8571428571428571], [0.16666666666666666, 0.8888888888888888]]","[37, 36, 15, 24]",0.686429512516469,"[0.72953216374269, 0.5909090909090909, 0.4444444444444445, 0.5213675213675213]",0.4444444444444445,0.6617433950304985,"[0.3290669918060303, 0.31941118836402893, 0.13334181904792786, 0.21818000078201294]","[0.6531957652833726, 0.6414496302604675, 0.6407888995276557, 0.6698597735828824]","[0.3290584683418274, 0.31941527128219604, 0.13326913118362427, 0.2182571440935135]","[0.32905295491218567, 0.3194221556186676, 0.13322632014751434, 0.2182985544204712]",0.0
"{""run_name"": ""fedheart_exp_paper_hetagg_gdro"", ""seed"": 44, ""run_dir"": ""runs/fedheart_uncapped/Ours_Regret_s44_f4"", ""use_fedheart"": true, ""num_classes"": 2, ""stratified_batching"": true, ""train_frac"": 0.8, ""group_max_train_samples"": null, ""true_hetero_input_dim"": true, ""feature_mask"": [[0, 1, 2, 3, 5, 6, 7, 8, 9, 10], [0, 1, 2, 3, 5, 6, 11, 12], [0, 1, 2, 4, 5, 7, 11, 12], [0, 1, 2, 4, 5, 6, 8, 9, 10]], ""batch_size"": 64, ""num_workers"": 0, ""epochs"": 100, ""early_stopping_patience"": 30, ""lr"": 0.001, ""weight_decay"": 0.0001, ""optimizer"": ""adam"", ""grad_clip"": 1.0, ""lr_scheduler"": ""cosine"", ""lr_min"": 1e-05, ""latent_dim"": 64, ""head_hidden"": 32, ""groups"": [{""name"": ""cleveland"", ""encoder"": ""mlp_tabular_ln"", ""input_dim"": 10, ""hidden_dim"": 64, ""dropout"": 0.1}, {""name"": ""hungarian"", ""encoder"": ""mlp_tabular_ln"", ""input_dim"": 8, ""hidden_dim"": 64, ""dropout"": 0.1}, {""name"": ""switzerland"", ""encoder"": ""mlp_tabular_ln"", ""input_dim"": 8, ""hidden_dim"": 64, ""dropout"": 0.1}, {""name"": ""va_long_beach"", ""encoder"": ""mlp_tabular_ln"", ""input_dim"": 9, ""hidden_dim"": 64, ""dropout"": 0.1}], ""anchor_eps"": 0.0001, ""sep_samples_per_class"": 4, ""sep_method"": ""classifier"", ""sep_margin"": 1.0, ""lambda_fit"": 0.1, ""lambda_sep"": 0.1, ""groupdro_enabled"": true, ""groupdro_eta"": 0.02, ""groupdro_gamma"": 0.9, ""groupdro_update_mode"": ""exp"", ""groupdro_objective"": ""weighted"", ""groupdro_kl_lambda"": 0.0, ""groupdro_uniform_init"": false, ""log_interval"": 20, ""save_every"": 10, ""groupdro_ema_decay"": 0.9, ""groupdro_update_every"": 1, ""dro_signal"": ""val"", ""val_frac"": 0.15, ""impute_missing"": true, ""common_encoder"": false, ""use_regret"": true, ""optimal_losses"": [0.468332, 0.498132, 0.341179, 0.597641], ""data_split_seed"": 1004}","{""num_groups"": 4, ""num_classes"": 2, ""train_total"": 623, ""test_total"": 185, ""train_group_counts"": [205, 199, 83, 136], ""test_group_counts"": [61, 59, 25, 40], ""train_class_counts"": [278, 345], ""test_class_counts"": [83, 102], ""train_group_class_counts"": [[111, 94], [127, 72], [5, 78], [35, 101]], ""test_group_class_counts"": [[33, 28], [38, 21], [2, 23], [10, 30]], ""group_proportions"": [0.3290529695024077, 0.31942215088282505, 0.1332263242375602, 0.21829855537720708], ""val_group_counts"": [37, 36, 15, 24], ""val_total"": 112}","{""num_groups"": 4, ""eta"": 0.02, ""update_mode"": ""exp"", ""robust_objective"": ""weighted"", ""gamma"": 0.9, ""kl_lambda"": 0.0, ""initial_pi"": [0.32905295491218567, 0.3194221556186676, 0.13322632014751434, 0.2182985544204712]}",2026-09-16T04:21:08.534186,3,1.5251931879255507,0.7152777777777778,0.001,0.7189189189189189,0.7389861767157544,0.6721311475409836,0.88,"[0.6721311475409836, 0.7288135593220338, 0.88, 0.675]","[0.6629408124040385, 0.6307930279586275, 0.564044498205185, 0.6481188632547855]","[0.6385542168674698, 0.7843137254901961]","[[0.6666666666666666, 0.6785714285714286], [0.7894736842105263, 0.6190476190476191], [0.0, 0.9565217391304348], [0.1, 0.8666666666666667]]","[61, 59, 25, 40]",0.7128015285407212,"[0.6713362068965518, 0.7042606516290727, 0.4680851063829787, 0.4666666666666667]",0.4666666666666667,0.6629408124040385,0.7321428571428571,0.7560435435435435,0.6666666666666666,0.9333333333333333,"[0.7297297297297297, 0.6944444444444444, 0.9333333333333333, 0.6666666666666666]","[0.6176884979815096, 0.6473344357477294, 0.5433560232321422, 0.6477460289994875]","[0.62, 0.8225806451612904]","[[0.65, 0.8235294117647058], [0.782608695652174, 0.5384615384615384], [0.0, 1.0], [0.0, 0.8888888888888888]]","[37, 36, 15, 24]",0.7233201581027668,"[0.72953216374269, 0.6629787234042553, 0.4827586206896552, 0.39999999999999997]",0.39999999999999997,0.6477460289994875,"[0.3290843069553375, 0.31941676139831543, 0.1334252655506134, 0.21807368099689484]","[0.6430039008458456, 0.6345278554492526, 0.5696293314297994, 0.6476191348499722]","[0.3290669918060303, 0.31941118836402893, 0.13334181904792786, 0.21818000078201294]","[0.32905295491218567, 0.3194221556186676, 0.13322632014751434, 0.2182985544204712]",0.0
"{""run_name"": ""fedheart_exp_paper_hetagg_gdro"", ""seed"": 44, ""run_dir"": ""runs/fedheart_uncapped/Ours_Regret_s44_f4"", ""use_fedheart"": true, ""num_classes"": 2, ""stratified_batching"": true, ""train_frac"": 0.8, ""group_max_train_samples"": null, ""true_hetero_input_dim"": true, ""feature_mask"": [[0, 1, 2, 3, 5, 6, 7, 8, 9, 10], [0, 1, 2, 3, 5, 6, 11, 12], [0, 1, 2, 4, 5, 7, 11, 12], [0, 1, 2, 4, 5, 6, 8, 9, 10]], ""batch_size"": 64, ""num_workers"": 0, ""epochs"": 100, ""early_stopping_patience"": 30, ""lr"": 0.001, ""weight_decay"": 0.0001, ""optimizer"": ""adam"", ""grad_clip"": 1.0, ""lr_scheduler"": ""cosine"", ""lr_min"": 1e-05, ""latent_dim"": 64, ""head_hidden"": 32, ""groups"": [{""name"": ""cleveland"", ""encoder"": ""mlp_tabular_ln"", ""input_dim"": 10, ""hidden_dim"": 64, ""dropout"": 0.1}, {""name"": ""hungarian"", ""encoder"": ""mlp_tabular_ln"", ""input_dim"": 8, ""hidden_dim"": 64, ""dropout"": 0.1}, {""name"": ""switzerland"", ""encoder"": ""mlp_tabular_ln"", ""input_dim"": 8, ""hidden_dim"": 64, ""dropout"": 0.1}, {""name"": ""va_long_beach"", ""encoder"": ""mlp_tabular_ln"", ""input_dim"": 9, ""hidden_dim"": 64, ""dropout"": 0.1}], ""anchor_eps"": 0.0001, ""sep_samples_per_class"": 4, ""sep_method"": ""classifier"", ""sep_margin"": 1.0, ""lambda_fit"": 0.1, ""lambda_sep"": 0.1, ""groupdro_enabled"": true, ""groupdro_eta"": 0.02, ""groupdro_gamma"": 0.9, ""groupdro_update_mode"": ""exp"", ""groupdro_objective"": ""weighted"", ""groupdro_kl_lambda"": 0.0, ""groupdro_uniform_init"": false, ""log_interval"": 20, ""save_every"": 10, ""groupdro_ema_decay"": 0.9, ""groupdro_update_every"": 1, ""dro_signal"": ""val"", ""val_frac"": 0.15, ""impute_missing"": true, ""common_encoder"": false, ""use_regret"": true, ""optimal_losses"": [0.468332, 0.498132, 0.341179, 0.597641], ""data_split_seed"": 1004}","{""num_groups"": 4, ""num_classes"": 2, ""train_total"": 623, ""test_total"": 185, ""train_group_counts"": [205, 199, 83, 136], ""test_group_counts"": [61, 59, 25, 40], ""train_class_counts"": [278, 345], ""test_class_counts"": [83, 102], ""train_group_class_counts"": [[111, 94], [127, 72], [5, 78], [35, 101]], ""test_group_class_counts"": [[33, 28], [38, 21], [2, 23], [10, 30]], ""group_proportions"": [0.3290529695024077, 0.31942215088282505, 0.1332263242375602, 0.21829855537720708], ""val_group_counts"": [37, 36, 15, 24], ""val_total"": 112}","{""num_groups"": 4, ""eta"": 0.02, ""update_mode"": ""exp"", ""robust_objective"": ""weighted"", ""gamma"": 0.9, ""kl_lambda"": 0.0, ""initial_pi"": [0.32905295491218567, 0.3194221556186676, 0.13322632014751434, 0.2182985544204712]}",2026-09-16T04:21:08.534186,4,1.2192848655912611,0.7621527777777778,0.001,0.7567567567567568,0.7824607529869408,0.6721311475409836,0.92,"[0.6721311475409836, 0.7627118644067796, 0.92, 0.775]","[0.6453888943937959, 0.614914483943228, 0.48191083550453184, 0.6058406390249729]","[0.6626506024096386, 0.8333333333333334]","[[0.6666666666666666, 0.6785714285714286], [0.8421052631578947, 0.6190476190476191], [0.0, 1.0], [0.1, 1.0]]","[61, 59, 25, 40]",0.7501875468867216,"[0.6713362068965518, 0.7352564102564103, 0.4791666666666667, 0.5256916996047432]",0.4791666666666667,0.6453888943937959,0.7321428571428571,0.7595157657657657,0.6666666666666666,0.9333333333333333,"[0.7297297297297297, 0.6666666666666666, 0.9333333333333333, 0.7083333333333334]","[0.5973229053858164, 0.6340579001439942, 0.4597983121871948, 0.609089232981205]","[0.6, 0.8387096774193549]","[[0.65, 0.8235294117647058], [0.7391304347826086, 0.5384615384615384], [0.0, 1.0], [0.0, 0.9444444444444444]]","[37, 36, 15, 24]",0.7213930348258706,"[0.72953216374269, 0.6387959866220735, 0.4827586206896552, 0.41463414634146345]",0.41463414634146345,0.6340579001439942,"[0.32911619544029236, 0.3194420337677002, 0.1335042417049408, 0.21793755888938904]","[0.6299075484275818, 0.6313101384374831, 0.4677957329485152, 0.6186003751224942]","[0.3290843069553375, 0.31941676139831543, 0.1334252655506134, 0.21807368099689484]","[0.32905295491218567, 0.3194221556186676, 0.13322632014751434, 0.2182985544204712]",0.0
"{""run_name"": ""fedheart_exp_paper_hetagg_gdro"", ""seed"": 44, ""run_dir"": ""runs/fedheart_uncapped/Ours_Regret_s44_f4"", ""use_fedheart"": true, ""num_classes"": 2, ""stratified_batching"": true, ""train_frac"": 0.8, ""group_max_train_samples"": null, ""true_hetero_input_dim"": true, ""feature_mask"": [[0, 1, 2, 3, 5, 6, 7, 8, 9, 10], [0, 1, 2, 3, 5, 6, 11, 12], [0, 1, 2, 4, 5, 7, 11, 12], [0, 1, 2, 4, 5, 6, 8, 9, 10]], ""batch_size"": 64, ""num_workers"": 0, ""epochs"": 100, ""early_stopping_patience"": 30, ""lr"": 0.001, ""weight_decay"": 0.0001, ""optimizer"": ""adam"", ""grad_clip"": 1.0, ""lr_scheduler"": ""cosine"", ""lr_min"": 1e-05, ""latent_dim"": 64, ""head_hidden"": 32, ""groups"": [{""name"": ""cleveland"", ""encoder"": ""mlp_tabular_ln"", ""input_dim"": 10, ""hidden_dim"": 64, ""dropout"": 0.1}, {""name"": ""hungarian"", ""encoder"": ""mlp_tabular_ln"", ""input_dim"": 8, ""hidden_dim"": 64, ""dropout"": 0.1}, {""name"": ""switzerland"", ""encoder"": ""mlp_tabular_ln"", ""input_dim"": 8, ""hidden_dim"": 64, ""dropout"": 0.1}, {""name"": ""va_long_beach"", ""encoder"": ""mlp_tabular_ln"", ""input_dim"": 9, ""hidden_dim"": 64, ""dropout"": 0.1}], ""anchor_eps"": 0.0001, ""sep_samples_per_class"": 4, ""sep_method"": ""classifier"", ""sep_margin"": 1.0, ""lambda_fit"": 0.1, ""lambda_sep"": 0.1, ""groupdro_enabled"": true, ""groupdro_eta"": 0.02, ""groupdro_gamma"": 0.9, ""groupdro_update_mode"": ""exp"", ""groupdro_objective"": ""weighted"", ""groupdro_kl_lambda"": 0.0, ""groupdro_uniform_init"": false, ""log_interval"": 20, ""save_every"": 10, ""groupdro_ema_decay"": 0.9, ""groupdro_update_every"": 1, ""dro_signal"": ""val"", ""val_frac"": 0.15, ""impute_missing"": true, ""common_encoder"": false, ""use_regret"": true, ""optimal_losses"": [0.468332, 0.498132, 0.341179, 0.597641], ""data_split_seed"": 1004}","{""num_groups"": 4, ""num_classes"": 2, ""train_total"": 623, ""test_total"": 185, ""train_group_counts"": [205, 199, 83, 136], ""test_group_counts"": [61, 59, 25, 40], ""train_class_counts"": [278, 345], ""test_class_counts"": [83, 102], ""train_group_class_counts"": [[111, 94], [127, 72], [5, 78], [35, 101]], ""test_group_class_counts"": [[33, 28], [38, 21], [2, 23], [10, 30]], ""group_proportions"": [0.3290529695024077, 0.31942215088282505, 0.1332263242375602, 0.21829855537720708], ""val_group_counts"": [37, 36, 15, 24], ""val_total"": 112}","{""num_groups"": 4, ""eta"": 0.02, ""update_mode"": ""exp"", ""robust_objective"": ""weighted"", ""gamma"": 0.9, ""kl_lambda"": 0.0, ""initial_pi"": [0.32905295491218567, 0.3194221556186676, 0.13322632014751434, 0.2182985544204712]}",2026-09-16T04:21:08.534186,5,1.0286523832215204,0.7916666666666666,0.001,0.7621621621621621,0.786420186162823,0.7049180327868853,0.92,"[0.7049180327868853, 0.7457627118644068, 0.92, 0.775]","[0.6265517908041595, 0.5922552948280916, 0.4029653877019882, 0.5949043519794941]","[0.6746987951807228, 0.8333333333333334]","[[0.696969696969697, 0.7142857142857143], [0.8421052631578947, 0.5714285714285714], [0.0, 1.0], [0.1, 1.0]]","[61, 59, 25, 40]",0.7561706206566019,"[0.7042025862068966, 0.7127555988315482, 0.4791666666666667, 0.5256916996047432]",0.4791666666666667,0.6265517908041595,0.7053571428571429,0.7353978978978979,0.6388888888888888,0.9333333333333333,"[0.7027027027027027, 0.6388888888888888, 0.9333333333333333, 0.6666666666666666]","[0.5757080453473169, 0.6134637080960803, 0.3788596530755361, 0.5956214169661204]","[0.58, 0.8064516129032258]","[[0.6, 0.8235294117647058], [0.7391304347826086, 0.46153846153846156], [0.0, 1.0], [0.0, 0.8888888888888888]]","[37, 36, 15, 24]",0.6946211683053789,"[0.7018315018315018, 0.6017021276595745, 0.4827586206896552, 0.39999999999999997]",0.39999999999999997,0.6134637080960803,"[0.329164981842041, 0.31948933005332947, 0.13356487452983856, 0.21778075397014618]","[0.5846656693352593, 0.5971548557281494, 0.40236926409933305, 0.5869437919722663]","[0.32911619544029236, 0.3194420337677002, 0.1335042417049408, 0.21793755888938904]","[0.32905295491218567, 0.3194221556186676, 0.13322632014751434, 0.2182985544204712]",0.0
"{""run_name"": ""fedheart_exp_paper_hetagg_gdro"", ""seed"": 44, ""run_dir"": ""runs/fedheart_uncapped/Ours_Regret_s44_f4"", ""use_fedheart"": true, ""num_classes"": 2, ""stratified_batching"": true, ""train_frac"": 0.8, ""group_max_train_samples"": null, ""true_hetero_input_dim"": true, ""feature_mask"": [[0, 1, 2, 3, 5, 6, 7, 8, 9, 10], [0, 1, 2, 3, 5, 6, 11, 12], [0, 1, 2, 4, 5, 7, 11, 12], [0, 1, 2, 4, 5, 6, 8, 9, 10]], ""batch_size"": 64, ""num_workers"": 0, ""epochs"": 100, ""early_stopping_patience"": 30, ""lr"": 0.001, ""weight_decay"": 0.0001, ""optimizer"": ""adam"", ""grad_clip"": 1.0, ""lr_scheduler"": ""cosine"", ""lr_min"": 1e-05, ""latent_dim"": 64, ""head_hidden"": 32, ""groups"": [{""name"": ""cleveland"", ""encoder"": ""mlp_tabular_ln"", ""input_dim"": 10, ""hidden_dim"": 64, ""dropout"": 0.1}, {""name"": ""hungarian"", ""encoder"": ""mlp_tabular_ln"", ""input_dim"": 8, ""hidden_dim"": 64, ""dropout"": 0.1}, {""name"": ""switzerland"", ""encoder"": ""mlp_tabular_ln"", ""input_dim"": 8, ""hidden_dim"": 64, ""dropout"": 0.1}, {""name"": ""va_long_beach"", ""encoder"": ""mlp_tabular_ln"", ""input_dim"": 9, ""hidden_dim"": 64, ""dropout"": 0.1}], ""anchor_eps"": 0.0001, ""sep_samples_per_class"": 4, ""sep_method"": ""classifier"", ""sep_margin"": 1.0, ""lambda_fit"": 0.1, ""lambda_sep"": 0.1, ""groupdro_enabled"": true, ""groupdro_eta"": 0.02, ""groupdro_gamma"": 0.9, ""groupdro_update_mode"": ""exp"", ""groupdro_objective"": ""weighted"", ""groupdro_kl_lambda"": 0.0, ""groupdro_uniform_init"": false, ""log_interval"": 20, ""save_every"": 10, ""groupdro_ema_decay"": 0.9, ""groupdro_update_every"": 1, ""dro_signal"": ""val"", ""val_frac"": 0.15, ""impute_missing"": true, ""common_encoder"": false, ""use_regret"": true, ""optimal_losses"": [0.468332, 0.498132, 0.341179, 0.597641], ""data_split_seed"": 1004}","{""num_groups"": 4, ""num_classes"": 2, ""train_total"": 623, ""test_total"": 185, ""train_group_counts"": [205, 199, 83, 136], ""test_group_counts"": [61, 59, 25, 40], ""train_class_counts"": [278, 345], ""test_class_counts"": [83, 102], ""train_group_class_counts"": [[111, 94], [127, 72], [5, 78], [35, 101]], ""test_group_class_counts"": [[33, 28], [38, 21], [2, 23], [10, 30]], ""group_proportions"": [0.3290529695024077, 0.31942215088282505, 0.1332263242375602, 0.21829855537720708], ""val_group_counts"": [37, 36, 15, 24], ""val_total"": 112}","{""num_groups"": 4, ""eta"": 0.02, ""update_mode"": ""exp"", ""robust_objective"": ""weighted"", ""gamma"": 0.9, ""kl_lambda"": 0.0, ""initial_pi"": [0.32905295491218567, 0.3194221556186676, 0.13322632014751434, 0.2182985544204712]}",2026-09-16T04:21:08.534186,6,0.9183765716022916,0.7881944444444444,0.001,0.7567567567567568,0.7823218255070853,0.6885245901639344,0.92,"[0.6885245901639344, 0.7457627118644068, 0.92, 0.775]","[0.5986000827101411, 0.5705011459225315, 0.3626793724298477, 0.5711836837232113]","[0.6746987951807228, 0.8235294117647058]","[[0.696969696969697, 0.6785714285714286], [0.8421052631578947, 0.5714285714285714], [0.0, 1.0], [0.1, 1.0]]","[61, 59, 25, 40]",0.7510540952722705,"[0.6871794871794872, 0.7127555988315482, 0.4791666666666667, 0.5256916996047432]",0.4791666666666667,0.5986000827101411,0.75,0.769557057057057,0.6666666666666666,0.9333333333333333,"[0.7837837837837838, 0.6944444444444444, 0.9333333333333333, 0.6666666666666666]","[0.5391556664898589, 0.5889371476239629, 0.33402921358744303, 0.5703948140144348]","[0.64, 0.8387096774193549]","[[0.75, 0.8235294117647058], [0.7391304347826086, 0.6153846153846154], [0.0, 1.0], [0.0, 0.8888888888888888]]","[37, 36, 15, 24]",0.7417654808959158,"[0.783625730994152, 0.674074074074074, 0.4827586206896552, 0.39999999999999997]",0.39999999999999997,0.5889371476239629,"[0.3292255997657776, 0.3195608854293823, 0.13360542058944702, 0.21760809421539307]","[0.5584796567757925, 0.5645269486639235, 0.3428320288658142, 0.5668631527158949]","[0.329164981842041, 0.31948933005332947, 0.13356487452983856, 0.21778075397014618]","[0.32905295491218567, 0.3194221556186676, 0.13322632014751434, 0.2182985544204712]",0.0
"{""run_name"": ""fedheart_exp_paper_hetagg_gdro"", ""seed"": 44, ""run_dir"": ""runs/fedheart_uncapped/Ours_Regret_s44_f4"", ""use_fedheart"": true, ""num_classes"": 2, ""stratified_batching"": true, ""train_frac"": 0.8, ""group_max_train_samples"": null, ""true_hetero_input_dim"": true, ""feature_mask"": [[0, 1, 2, 3, 5, 6, 7, 8, 9, 10], [0, 1, 2, 3, 5, 6, 11, 12], [0, 1, 2, 4, 5, 7, 11, 12], [0, 1, 2, 4, 5, 6, 8, 9, 10]], ""batch_size"": 64, ""num_workers"": 0, ""epochs"": 100, ""early_stopping_patience"": 30, ""lr"": 0.001, ""weight_decay"": 0.0001, ""optimizer"": ""adam"", ""grad_clip"": 1.0, ""lr_scheduler"": ""cosine"", ""lr_min"": 1e-05, ""latent_dim"": 64, ""head_hidden"": 32, ""groups"": [{""name"": ""cleveland"", ""encoder"": ""mlp_tabular_ln"", ""input_dim"": 10, ""hidden_dim"": 64, ""dropout"": 0.1}, {""name"": ""hungarian"", ""encoder"": ""mlp_tabular_ln"", ""input_dim"": 8, ""hidden_dim"": 64, ""dropout"": 0.1}, {""name"": ""switzerland"", ""encoder"": ""mlp_tabular_ln"", ""input_dim"": 8, ""hidden_dim"": 64, ""dropout"": 0.1}, {""name"": ""va_long_beach"", ""encoder"": ""mlp_tabular_ln"", ""input_dim"": 9, ""hidden_dim"": 64, ""dropout"": 0.1}], ""anchor_eps"": 0.0001, ""sep_samples_per_class"": 4, ""sep_method"": ""classifier"", ""sep_margin"": 1.0, ""lambda_fit"": 0.1, ""lambda_sep"": 0.1, ""groupdro_enabled"": true, ""groupdro_eta"": 0.02, ""groupdro_gamma"": 0.9, ""groupdro_update_mode"": ""exp"", ""groupdro_objective"": ""weighted"", ""groupdro_kl_lambda"": 0.0, ""groupdro_uniform_init"": false, ""log_interval"": 20, ""save_every"": 10, ""groupdro_ema_decay"": 0.9, ""groupdro_update_every"": 1, ""dro_signal"": ""val"", ""val_frac"": 0.15, ""impute_missing"": true, ""common_encoder"": false, ""use_regret"": true, ""optimal_losses"": [0.468332, 0.498132, 0.341179, 0.597641], ""data_split_seed"": 1004}","{""num_groups"": 4, ""num_classes"": 2, ""train_total"": 623, ""test_total"": 185, ""train_group_counts"": [205, 199, 83, 136], ""test_group_counts"": [61, 59, 25, 40], ""train_class_counts"": [278, 345], ""test_class_counts"": [83, 102], ""train_group_class_counts"": [[111, 94], [127, 72], [5, 78], [35, 101]], ""test_group_class_counts"": [[33, 28], [38, 21], [2, 23], [10, 30]], ""group_proportions"": [0.3290529695024077, 0.31942215088282505, 0.1332263242375602, 0.21829855537720708], ""val_group_counts"": [37, 36, 15, 24], ""val_total"": 112}","{""num_groups"": 4, ""eta"": 0.02, ""update_mode"": ""exp"", ""robust_objective"": ""weighted"", ""gamma"": 0.9, ""kl_lambda"": 0.0, ""initial_pi"": [0.32905295491218567, 0.3194221556186676, 0.13322632014751434, 0.2182985544204712]}",2026-09-16T04:21:08.534186,7,0.8238665130403307,0.7899305555555556,0.001,0.7675675675675676,0.7905185468185607,0.7213114754098361,0.92,"[0.7213114754098361, 0.7457627118644068, 0.92, 0.775]","[0.5809927230975667, 0.5524005728252863, 0.34149058282375333, 0.5614937864243984]","[0.6867469879518072, 0.8333333333333334]","[[0.7272727272727273, 0.7142857142857143], [0.8421052631578947, 0.5714285714285714], [0.0, 1.0], [0.1, 1.0]]","[61, 59, 25, 40]",0.7621183577046142,"[0.7201079622132254, 0.7127555988315482, 0.4791666666666667, 0.5256916996047432]",0.4791666666666667,0.5809927230975667,0.7678571428571429,0.7836336336336336,0.6666666666666666,0.9333333333333333,"[0.7567567567567568, 0.7777777777777778, 0.9333333333333333, 0.6666666666666666]","[0.5180654791561333, 0.5635894677705235, 0.3134431213140488, 0.5530038774013519]","[0.66, 0.8548387096774194]","[[0.7, 0.8235294117647058], [0.8260869565217391, 0.6923076923076923], [0.0, 1.0], [0.0, 0.8888888888888888]]","[37, 36, 15, 24]",0.7602108036890645,"[0.7567567567567567, 0.7591973244147157, 0.4827586206896552, 0.39999999999999997]",0.39999999999999997,0.5635894677705235,"[0.32929709553718567, 0.3196518123149872, 0.13362808525562286, 0.2174229621887207]","[0.5175829066170586, 0.539450102382236, 0.30357751581403947, 0.5299764341778226]","[0.3292255997657776, 0.3195608854293823, 0.13360542058944702, 0.21760809421539307]","[0.32905295491218567, 0.3194221556186676, 0.13322632014751434, 0.2182985544204712]",0.0
"{""run_name"": ""fedheart_exp_paper_hetagg_gdro"", ""seed"": 44, ""run_dir"": ""runs/fedheart_uncapped/Ours_Regret_s44_f4"", ""use_fedheart"": true, ""num_classes"": 2, ""stratified_batching"": true, ""train_frac"": 0.8, ""group_max_train_samples"": null, ""true_hetero_input_dim"": true, ""feature_mask"": [[0, 1, 2, 3, 5, 6, 7, 8, 9, 10], [0, 1, 2, 3, 5, 6, 11, 12], [0, 1, 2, 4, 5, 7, 11, 12], [0, 1, 2, 4, 5, 6, 8, 9, 10]], ""batch_size"": 64, ""num_workers"": 0, ""epochs"": 100, ""early_stopping_patience"": 30, ""lr"": 0.001, ""weight_decay"": 0.0001, ""optimizer"": ""adam"", ""grad_clip"": 1.0, ""lr_scheduler"": ""cosine"", ""lr_min"": 1e-05, ""latent_dim"": 64, ""head_hidden"": 32, ""groups"": [{""name"": ""cleveland"", ""encoder"": ""mlp_tabular_ln"", ""input_dim"": 10, ""hidden_dim"": 64, ""dropout"": 0.1}, {""name"": ""hungarian"", ""encoder"": ""mlp_tabular_ln"", ""input_dim"": 8, ""hidden_dim"": 64, ""dropout"": 0.1}, {""name"": ""switzerland"", ""encoder"": ""mlp_tabular_ln"", ""input_dim"": 8, ""hidden_dim"": 64, ""dropout"": 0.1}, {""name"": ""va_long_beach"", ""encoder"": ""mlp_tabular_ln"", ""input_dim"": 9, ""hidden_dim"": 64, ""dropout"": 0.1}], ""anchor_eps"": 0.0001, ""sep_samples_per_class"": 4, ""sep_method"": ""classifier"", ""sep_margin"": 1.0, ""lambda_fit"": 0.1, ""lambda_sep"": 0.1, ""groupdro_enabled"": true, ""groupdro_eta"": 0.02, ""groupdro_gamma"": 0.9, ""groupdro_update_mode"": ""exp"", ""groupdro_objective"": ""weighted"", ""groupdro_kl_lambda"": 0.0, ""groupdro_uniform_init"": false, ""log_interval"": 20, ""save_every"": 10, ""groupdro_ema_decay"": 0.9, ""groupdro_update_every"": 1, ""dro_signal"": ""val"", ""val_frac"": 0.15, ""impute_missing"": true, ""common_encoder"": false, ""use_regret"": true, ""optimal_losses"": [0.468332, 0.498132, 0.341179, 0.597641], ""data_split_seed"": 1004}","{""num_groups"": 4, ""num_classes"": 2, ""train_total"": 623, ""test_total"": 185, ""train_group_counts"": [205, 199, 83, 136], ""test_group_counts"": [61, 59, 25, 40], ""train_class_counts"": [278, 345], ""test_class_counts"": [83, 102], ""train_group_class_counts"": [[111, 94], [127, 72], [5, 78], [35, 101]], ""test_group_class_counts"": [[33, 28], [38, 21], [2, 23], [10, 30]], ""group_proportions"": [0.3290529695024077, 0.31942215088282505, 0.1332263242375602, 0.21829855537720708], ""val_group_counts"": [37, 36, 15, 24], ""val_total"": 112}","{""num_groups"": 4, ""eta"": 0.02, ""update_mode"": ""exp"", ""robust_objective"": ""weighted"", ""gamma"": 0.9, ""kl_lambda"": 0.0, ""initial_pi"": [0.32905295491218567, 0.3194221556186676, 0.13322632014751434, 0.2182985544204712]}",2026-09-16T04:21:08.534186,8,0.7616082164976332,0.7847222222222222,0.001,0.7675675675675676,0.7906574742984163,0.7049180327868853,0.92,"[0.7049180327868853, 0.7627118644067796, 0.92, 0.775]","[0.5699621458522609, 0.5481629859087831, 0.30183745324611666, 0.5485010914504528]","[0.6867469879518072, 0.8333333333333334]","[[0.7272727272727273, 0.6785714285714286], [0.8421052631578947, 0.6190476190476191], [0.0, 1.0], [0.1, 1.0]]","[61, 59, 25, 40]",0.7621183577046142,"[0.702922077922078, 0.7352564102564103, 0.4791666666666667, 0.5256916996047432]",0.4791666666666667,0.5699621458522609,0.75,0.7697447447447447,0.6666666666666666,0.9333333333333333,"[0.7567567567567568, 0.7222222222222222, 0.9333333333333333, 0.6666666666666666]","[0.5015689062105643, 0.549991235964828, 0.26632113407055535, 0.5245301288863023]","[0.62, 0.8548387096774194]","[[0.7, 0.8235294117647058], [0.7391304347826086, 0.6923076923076923], [0.0, 1.0], [0.0, 0.8888888888888888]]","[37, 36, 15, 24]",0.739966832504146,"[0.7567567567567567, 0.7077922077922079, 0.4827586206896552, 0.39999999999999997]",0.39999999999999997,0.549991235964828,"[0.32937806844711304, 0.3197616636753082, 0.133626326918602, 0.21723386645317078]","[0.4910964369773865, 0.5362116561995612, 0.26579907370938194, 0.5278324286142985]","[0.32929709553718567, 0.3196518123149872, 0.13362808525562286, 0.2174229621887207]","[0.32905295491218567, 0.3194221556186676, 0.13322632014751434, 0.2182985544204712]",0.0
"{""run_name"": ""fedheart_exp_paper_hetagg_gdro"", ""seed"": 44, ""run_dir"": ""runs/fedheart_uncapped/Ours_Regret_s44_f4"", ""use_fedheart"": true, ""num_classes"": 2, ""stratified_batching"": true, ""train_frac"": 0.8, ""group_max_train_samples"": null, ""true_hetero_input_dim"": true, ""feature_mask"": [[0, 1, 2, 3, 5, 6, 7, 8, 9, 10], [0, 1, 2, 3, 5, 6, 11, 12], [0, 1, 2, 4, 5, 7, 11, 12], [0, 1, 2, 4, 5, 6, 8, 9, 10]], ""batch_size"": 64, ""num_workers"": 0, ""epochs"": 100, ""early_stopping_patience"": 30, ""lr"": 0.001, ""weight_decay"": 0.0001, ""optimizer"": ""adam"", ""grad_clip"": 1.0, ""lr_scheduler"": ""cosine"", ""lr_min"": 1e-05, ""latent_dim"": 64, ""head_hidden"": 32, ""groups"": [{""name"": ""cleveland"", ""encoder"": ""mlp_tabular_ln"", ""input_dim"": 10, ""hidden_dim"": 64, ""dropout"": 0.1}, {""name"": ""hungarian"", ""encoder"": ""mlp_tabular_ln"", ""input_dim"": 8, ""hidden_dim"": 64, ""dropout"": 0.1}, {""name"": ""switzerland"", ""encoder"": ""mlp_tabular_ln"", ""input_dim"": 8, ""hidden_dim"": 64, ""dropout"": 0.1}, {""name"": ""va_long_beach"", ""encoder"": ""mlp_tabular_ln"", ""input_dim"": 9, ""hidden_dim"": 64, ""dropout"": 0.1}], ""anchor_eps"": 0.0001, ""sep_samples_per_class"": 4, ""sep_method"": ""classifier"", ""sep_margin"": 1.0, ""lambda_fit"": 0.1, ""lambda_sep"": 0.1, ""groupdro_enabled"": true, ""groupdro_eta"": 0.02, ""groupdro_gamma"": 0.9, ""groupdro_update_mode"": ""exp"", ""groupdro_objective"": ""weighted"", ""groupdro_kl_lambda"": 0.0, ""groupdro_uniform_init"": false, ""log_interval"": 20, ""save_every"": 10, ""groupdro_ema_decay"": 0.9, ""groupdro_update_every"": 1, ""dro_signal"": ""val"", ""val_frac"": 0.15, ""impute_missing"": true, ""common_encoder"": false, ""use_regret"": true, ""optimal_losses"": [0.468332, 0.498132, 0.341179, 0.597641], ""data_split_seed"": 1004}","{""num_groups"": 4, ""num_classes"": 2, ""train_total"": 623, ""test_total"": 185, ""train_group_counts"": [205, 199, 83, 136], ""test_group_counts"": [61, 59, 25, 40], ""train_class_counts"": [278, 345], ""test_class_counts"": [83, 102], ""train_group_class_counts"": [[111, 94], [127, 72], [5, 78], [35, 101]], ""test_group_class_counts"": [[33, 28], [38, 21], [2, 23], [10, 30]], ""group_proportions"": [0.3290529695024077, 0.31942215088282505, 0.1332263242375602, 0.21829855537720708], ""val_group_counts"": [37, 36, 15, 24], ""val_total"": 112}","{""num_groups"": 4, ""eta"": 0.02, ""update_mode"": ""exp"", ""robust_objective"": ""weighted"", ""gamma"": 0.9, ""kl_lambda"": 0.0, ""initial_pi"": [0.32905295491218567, 0.3194221556186676, 0.13322632014751434, 0.2182985544204712]}",2026-09-16T04:21:08.534186,9,0.6879860493871901,0.8229166666666666,0.001,0.7675675675675676,0.7906574742984163,0.7049180327868853,0.92,"[0.7049180327868853, 0.7627118644067796, 0.92, 0.775]","[0.5708430873565986, 0.5342022228544041, 0.30150371640920637, 0.5536980517208576]","[0.6987951807228916, 0.8235294117647058]","[[0.7272727272727273, 0.6785714285714286], [0.868421052631579, 0.5714285714285714], [0.0, 1.0], [0.1, 1.0]]","[61, 59, 25, 40]",0.7628841396166801,"[0.702922077922078, 0.7282894736842105, 0.4791666666666667, 0.5256916996047432]",0.4791666666666667,0.5708430873565986,0.7678571428571429,0.7836336336336336,0.6666666666666666,0.9333333333333333,"[0.7567567567567568, 0.7777777777777778, 0.9333333333333333, 0.6666666666666666]","[0.499999323406735, 0.5251842791007625, 0.2626829922199249, 0.5051530823111534]","[0.66, 0.8548387096774194]","[[0.7, 0.8235294117647058], [0.8260869565217391, 0.6923076923076923], [0.0, 1.0], [0.0, 0.8888888888888888]]","[37, 36, 15, 24]",0.7602108036890645,"[0.7567567567567567, 0.7591973244147157, 0.4827586206896552, 0.39999999999999997]",0.39999999999999997,0.5251842791007625,"[0.3294661045074463, 0.31987234950065613, 0.13360147178173065, 0.21706005930900574]","[0.41869090663062203, 0.4980801244576772, 0.2596251534091102, 0.4990108509858449]","[0.32937806844711304, 0.3197616636753082, 0.133626326918602, 0.21723386645317078]","[0.32905295491218567, 0.3194221556186676, 0.13322632014751434, 0.2182985544204712]",0.0
"{""run_name"": ""fedheart_exp_paper_hetagg_gdro"", ""seed"": 44, ""run_dir"": ""runs/fedheart_uncapped/Ours_Regret_s44_f4"", ""use_fedheart"": true, ""num_classes"": 2, ""stratified_batching"": true, ""train_frac"": 0.8, ""group_max_train_samples"": null, ""true_hetero_input_dim"": true, ""feature_mask"": [[0, 1, 2, 3, 5, 6, 7, 8, 9, 10], [0, 1, 2, 3, 5, 6, 11, 12], [0, 1, 2, 4, 5, 7, 11, 12], [0, 1, 2, 4, 5, 6, 8, 9, 10]], ""batch_size"": 64, ""num_workers"": 0, ""epochs"": 100, ""early_stopping_patience"": 30, ""lr"": 0.001, ""weight_decay"": 0.0001, ""optimizer"": ""adam"", ""grad_clip"": 1.0, ""lr_scheduler"": ""cosine"", ""lr_min"": 1e-05, ""latent_dim"": 64, ""head_hidden"": 32, ""groups"": [{""name"": ""cleveland"", ""encoder"": ""mlp_tabular_ln"", ""input_dim"": 10, ""hidden_dim"": 64, ""dropout"": 0.1}, {""name"": ""hungarian"", ""encoder"": ""mlp_tabular_ln"", ""input_dim"": 8, ""hidden_dim"": 64, ""dropout"": 0.1}, {""name"": ""switzerland"", ""encoder"": ""mlp_tabular_ln"", ""input_dim"": 8, ""hidden_dim"": 64, ""dropout"": 0.1}, {""name"": ""va_long_beach"", ""encoder"": ""mlp_tabular_ln"", ""input_dim"": 9, ""hidden_dim"": 64, ""dropout"": 0.1}], ""anchor_eps"": 0.0001, ""sep_samples_per_class"": 4, ""sep_method"": ""classifier"", ""sep_margin"": 1.0, ""lambda_fit"": 0.1, ""lambda_sep"": 0.1, ""groupdro_enabled"": true, ""groupdro_eta"": 0.02, ""groupdro_gamma"": 0.9, ""groupdro_update_mode"": ""exp"", ""groupdro_objective"": ""weighted"", ""groupdro_kl_lambda"": 0.0, ""groupdro_uniform_init"": false, ""log_interval"": 20, ""save_every"": 10, ""groupdro_ema_decay"": 0.9, ""groupdro_update_every"": 1, ""dro_signal"": ""val"", ""val_frac"": 0.15, ""impute_missing"": true, ""common_encoder"": false, ""use_regret"": true, ""optimal_losses"": [0.468332, 0.498132, 0.341179, 0.597641], ""data_split_seed"": 1004}","{""num_groups"": 4, ""num_classes"": 2, ""train_total"": 623, ""test_total"": 185, ""train_group_counts"": [205, 199, 83, 136], ""test_group_counts"": [61, 59, 25, 40], ""train_class_counts"": [278, 345], ""test_class_counts"": [83, 102], ""train_group_class_counts"": [[111, 94], [127, 72], [5, 78], [35, 101]], ""test_group_class_counts"": [[33, 28], [38, 21], [2, 23], [10, 30]], ""group_proportions"": [0.3290529695024077, 0.31942215088282505, 0.1332263242375602, 0.21829855537720708], ""val_group_counts"": [37, 36, 15, 24], ""val_total"": 112}","{""num_groups"": 4, ""eta"": 0.02, ""update_mode"": ""exp"", ""robust_objective"": ""weighted"", ""gamma"": 0.9, ""kl_lambda"": 0.0, ""initial_pi"": [0.32905295491218567, 0.3194221556186676, 0.13322632014751434, 0.2182985544204712]}",2026-09-16T04:21:08.534186,10,0.6600637833277384,0.8090277777777778,0.001,0.7675675675675676,0.7866320505696027,0.7049180327868853,0.92,"[0.7049180327868853, 0.7966101694915254, 0.92, 0.725]","[0.5684498730497282, 0.5315945169935792, 0.2980927112698555, 0.5641071327030659]","[0.7108433734939759, 0.8137254901960784]","[[0.7272727272727273, 0.6785714285714286], [0.8947368421052632, 0.6190476190476191], [0.0, 1.0], [0.1, 0.9333333333333333]]","[61, 59, 25, 40]",0.7635888139320633,"[0.702922077922078, 0.7671052631578947, 0.4791666666666667, 0.49483352468427094]",0.4791666666666667,0.5684498730497282,0.7857142857142857,0.804466966966967,0.75,0.9333333333333333,"[0.7567567567567568, 0.7777777777777778, 0.9333333333333333, 0.75]","[0.5049710120703723, 0.515323725839456, 0.2527463083465894, 0.5035742154965798]","[0.7, 0.8548387096774194]","[[0.7, 0.8235294117647058], [0.8260869565217391, 0.6923076923076923], [0.0, 1.0], [0.3333333333333333, 0.8888888888888888]]","[37, 36, 15, 24]",0.7800327332242225,"[0.7567567567567567, 0.7591973244147157, 0.4827586206896552, 0.6210526315789474]",0.4827586206896552,0.515323725839456,"[0.3295656442642212, 0.3199792206287384, 0.1335539072751999, 0.21690119802951813]","[0.43268703089820015, 0.48278112212816876, 0.24175889376136991, 0.5105019642247094]","[0.3294661045074463, 0.31987234950065613, 0.13360147178173065, 0.21706005930900574]","[0.32905295491218567, 0.3194221556186676, 0.13322632014751434, 0.2182985544204712]",0.0
"{""run_name"": ""fedheart_exp_paper_hetagg_gdro"", ""seed"": 44, ""run_dir"": ""runs/fedheart_uncapped/Ours_Regret_s44_f4"", ""use_fedheart"": true, ""num_classes"": 2, ""stratified_batching"": true, ""train_frac"": 0.8, ""group_max_train_samples"": null, ""true_hetero_input_dim"": true, ""feature_mask"": [[0, 1, 2, 3, 5, 6, 7, 8, 9, 10], [0, 1, 2, 3, 5, 6, 11, 12], [0, 1, 2, 4, 5, 7, 11, 12], [0, 1, 2, 4, 5, 6, 8, 9, 10]], ""batch_size"": 64, ""num_workers"": 0, ""epochs"": 100, ""early_stopping_patience"": 30, ""lr"": 0.001, ""weight_decay"": 0.0001, ""optimizer"": ""adam"", ""grad_clip"": 1.0, ""lr_scheduler"": ""cosine"", ""lr_min"": 1e-05, ""latent_dim"": 64, ""head_hidden"": 32, ""groups"": [{""name"": ""cleveland"", ""encoder"": ""mlp_tabular_ln"", ""input_dim"": 10, ""hidden_dim"": 64, ""dropout"": 0.1}, {""name"": ""hungarian"", ""encoder"": ""mlp_tabular_ln"", ""input_dim"": 8, ""hidden_dim"": 64, ""dropout"": 0.1}, {""name"": ""switzerland"", ""encoder"": ""mlp_tabular_ln"", ""input_dim"": 8, ""hidden_dim"": 64, ""dropout"": 0.1}, {""name"": ""va_long_beach"", ""encoder"": ""mlp_tabular_ln"", ""input_dim"": 9, ""hidden_dim"": 64, ""dropout"": 0.1}], ""anchor_eps"": 0.0001, ""sep_samples_per_class"": 4, ""sep_method"": ""classifier"", ""sep_margin"": 1.0, ""lambda_fit"": 0.1, ""lambda_sep"": 0.1, ""groupdro_enabled"": true, ""groupdro_eta"": 0.02, ""groupdro_gamma"": 0.9, ""groupdro_update_mode"": ""exp"", ""groupdro_objective"": ""weighted"", ""groupdro_kl_lambda"": 0.0, ""groupdro_uniform_init"": false, ""log_interval"": 20, ""save_every"": 10, ""groupdro_ema_decay"": 0.9, ""groupdro_update_every"": 1, ""dro_signal"": ""val"", ""val_frac"": 0.15, ""impute_missing"": true, ""common_encoder"": false, ""use_regret"": true, ""optimal_losses"": [0.468332, 0.498132, 0.341179, 0.597641], ""data_split_seed"": 1004}","{""num_groups"": 4, ""num_classes"": 2, ""train_total"": 623, ""test_total"": 185, ""train_group_counts"": [205, 199, 83, 136], ""test_group_counts"": [61, 59, 25, 40], ""train_class_counts"": [278, 345], ""test_class_counts"": [83, 102], ""train_group_class_counts"": [[111, 94], [127, 72], [5, 78], [35, 101]], ""test_group_class_counts"": [[33, 28], [38, 21], [2, 23], [10, 30]], ""group_proportions"": [0.3290529695024077, 0.31942215088282505, 0.1332263242375602, 0.21829855537720708], ""val_group_counts"": [37, 36, 15, 24], ""val_total"": 112}","{""num_groups"": 4, ""eta"": 0.02, ""update_mode"": ""exp"", ""robust_objective"": ""weighted"", ""gamma"": 0.9, ""kl_lambda"": 0.0, ""initial_pi"": [0.32905295491218567, 0.3194221556186676, 0.13322632014751434, 0.2182985544204712]}",2026-09-16T04:21:08.534186,11,0.6190959877438016,0.8177083333333334,0.001,0.7513513513513513,0.7740591136426785,0.6885245901639344,0.92,"[0.6885245901639344, 0.7627118644067796, 0.92, 0.725]","[0.5930590620417087, 0.5543307797130892, 0.30287791848182677, 0.56158293094486]","[0.6746987951807228, 0.8137254901960784]","[[0.696969696969697, 0.6785714285714286], [0.8421052631578947, 0.6190476190476191], [0.0, 1.0], [0.1, 0.9333333333333333]]","[61, 59, 25, 40]",0.7459398137090996,"[0.6871794871794872, 0.7352564102564103, 0.4791666666666667, 0.49483352468427094]",0.4791666666666667,0.5930590620417087,0.7857142857142857,0.804466966966967,0.75,0.9333333333333333,"[0.7567567567567568, 0.7777777777777778, 0.9333333333333333, 0.75]","[0.5340386911018474, 0.5389017880790763, 0.25929602136214575, 0.49858646964033443]","[0.68, 0.8709677419354839]","[[0.7, 0.8235294117647058], [0.782608695652174, 0.7692307692307693], [0.0, 1.0], [0.3333333333333333, 0.8888888888888888]]","[37, 36, 15, 24]",0.7786561264822136,"[0.7567567567567567, 0.7662337662337662, 0.4827586206896552, 0.6210526315789474]",0.4827586206896552,0.5389017880790763,"[0.329682856798172, 0.3200863003730774, 0.13348288834095, 0.21674799919128418]","[0.41203046838442486, 0.4956088960170746, 0.25545133815871346, 0.5117629335986243]","[0.3295656442642212, 0.3199792206287384, 0.1335539072751999, 0.21690119802951813]","[0.32905295491218567, 0.3194221556186676, 0.13322632014751434, 0.2182985544204712]",0.0
"{""run_name"": ""fedheart_exp_paper_hetagg_gdro"", ""seed"": 44, ""run_dir"": ""runs/fedheart_uncapped/Ours_Regret_s44_f4"", ""use_fedheart"": true, ""num_classes"": 2, ""stratified_batching"": true, ""train_frac"": 0.8, ""group_max_train_samples"": null, ""true_hetero_input_dim"": true, ""feature_mask"": [[0, 1, 2, 3, 5, 6, 7, 8, 9, 10], [0, 1, 2, 3, 5, 6, 11, 12], [0, 1, 2, 4, 5, 7, 11, 12], [0, 1, 2, 4, 5, 6, 8, 9, 10]], ""batch_size"": 64, ""num_workers"": 0, ""epochs"": 100, ""early_stopping_patience"": 30, ""lr"": 0.001, ""weight_decay"": 0.0001, ""optimizer"": ""adam"", ""grad_clip"": 1.0, ""lr_scheduler"": ""cosine"", ""lr_min"": 1e-05, ""latent_dim"": 64, ""head_hidden"": 32, ""groups"": [{""name"": ""cleveland"", ""encoder"": ""mlp_tabular_ln"", ""input_dim"": 10, ""hidden_dim"": 64, ""dropout"": 0.1}, {""name"": ""hungarian"", ""encoder"": ""mlp_tabular_ln"", ""input_dim"": 8, ""hidden_dim"": 64, ""dropout"": 0.1}, {""name"": ""switzerland"", ""encoder"": ""mlp_tabular_ln"", ""input_dim"": 8, ""hidden_dim"": 64, ""dropout"": 0.1}, {""name"": ""va_long_beach"", ""encoder"": ""mlp_tabular_ln"", ""input_dim"": 9, ""hidden_dim"": 64, ""dropout"": 0.1}], ""anchor_eps"": 0.0001, ""sep_samples_per_class"": 4, ""sep_method"": ""classifier"", ""sep_margin"": 1.0, ""lambda_fit"": 0.1, ""lambda_sep"": 0.1, ""groupdro_enabled"": true, ""groupdro_eta"": 0.02, ""groupdro_gamma"": 0.9, ""groupdro_update_mode"": ""exp"", ""groupdro_objective"": ""weighted"", ""groupdro_kl_lambda"": 0.0, ""groupdro_uniform_init"": false, ""log_interval"": 20, ""save_every"": 10, ""groupdro_ema_decay"": 0.9, ""groupdro_update_every"": 1, ""dro_signal"": ""val"", ""val_frac"": 0.15, ""impute_missing"": true, ""common_encoder"": false, ""use_regret"": true, ""optimal_losses"": [0.468332, 0.498132, 0.341179, 0.597641], ""data_split_seed"": 1004}","{""num_groups"": 4, ""num_classes"": 2, ""train_total"": 623, ""test_total"": 185, ""train_group_counts"": [205, 199, 83, 136], ""test_group_counts"": [61, 59, 25, 40], ""train_class_counts"": [278, 345], ""test_class_counts"": [83, 102], ""train_group_class_counts"": [[111, 94], [127, 72], [5, 78], [35, 101]], ""test_group_class_counts"": [[33, 28], [38, 21], [2, 23], [10, 30]], ""group_proportions"": [0.3290529695024077, 0.31942215088282505, 0.1332263242375602, 0.21829855537720708], ""val_group_counts"": [37, 36, 15, 24], ""val_total"": 112}","{""num_groups"": 4, ""eta"": 0.02, ""update_mode"": ""exp"", ""robust_objective"": ""weighted"", ""gamma"": 0.9, ""kl_lambda"": 0.0, ""initial_pi"": [0.32905295491218567, 0.3194221556186676, 0.13322632014751434, 0.2182985544204712]}",2026-09-16T04:21:08.534186,12,0.6005335715081956,0.8229166666666666,0.001,0.7675675675675676,0.7907964017782718,0.6885245901639344,0.92,"[0.6885245901639344, 0.7796610169491526, 0.92, 0.775]","[0.5844468770579236, 0.5310243615659617, 0.29846366122365, 0.5722326751798391]","[0.6987951807228916, 0.8235294117647058]","[[0.696969696969697, 0.6785714285714286], [0.8947368421052632, 0.5714285714285714], [0.0, 1.0], [0.1, 1.0]]","[61, 59, 25, 40]",0.7628841396166801,"[0.6871794871794872, 0.7440774107440773, 0.4791666666666667, 0.5256916996047432]",0.4791666666666667,0.5844468770579236,0.7946428571428571,0.8075638138138138,0.7083333333333334,0.9333333333333333,"[0.8108108108108109, 0.7777777777777778, 0.9333333333333333, 0.7083333333333334]","[0.5208993289317634, 0.5010127371384038, 0.24319122694432735, 0.4960712358976404]","[0.7, 0.8709677419354839]","[[0.8, 0.8235294117647058], [0.8260869565217391, 0.6923076923076923], [0.0, 1.0], [0.0, 0.9444444444444444]]","[37, 36, 15, 24]",0.7885578264795208,"[0.8102564102564103, 0.7591973244147157, 0.4827586206896552, 0.41463414634146345]",0.41463414634146345,0.5208993289317634,"[0.32981786131858826, 0.32017946243286133, 0.13339592516422272, 0.21660678088665009]","[0.41266998317506576, 0.47834450999895733, 0.20266168895694944, 0.5376125971476237]","[0.329682856798172, 0.3200863003730774, 0.13348288834095, 0.21674799919128418]","[0.32905295491218567, 0.3194221556186676, 0.13322632014751434, 0.2182985544204712]",0.0
"{""run_name"": ""fedheart_exp_paper_hetagg_gdro"", ""seed"": 44, ""run_dir"": ""runs/fedheart_uncapped/Ours_Regret_s44_f4"", ""use_fedheart"": true, ""num_classes"": 2, ""stratified_batching"": true, ""train_frac"": 0.8, ""group_max_train_samples"": null, ""true_hetero_input_dim"": true, ""feature_mask"": [[0, 1, 2, 3, 5, 6, 7, 8, 9, 10], [0, 1, 2, 3, 5, 6, 11, 12], [0, 1, 2, 4, 5, 7, 11, 12], [0, 1, 2, 4, 5, 6, 8, 9, 10]], ""batch_size"": 64, ""num_workers"": 0, ""epochs"": 100, ""early_stopping_patience"": 30, ""lr"": 0.001, ""weight_decay"": 0.0001, ""optimizer"": ""adam"", ""grad_clip"": 1.0, ""lr_scheduler"": ""cosine"", ""lr_min"": 1e-05, ""latent_dim"": 64, ""head_hidden"": 32, ""groups"": [{""name"": ""cleveland"", ""encoder"": ""mlp_tabular_ln"", ""input_dim"": 10, ""hidden_dim"": 64, ""dropout"": 0.1}, {""name"": ""hungarian"", ""encoder"": ""mlp_tabular_ln"", ""input_dim"": 8, ""hidden_dim"": 64, ""dropout"": 0.1}, {""name"": ""switzerland"", ""encoder"": ""mlp_tabular_ln"", ""input_dim"": 8, ""hidden_dim"": 64, ""dropout"": 0.1}, {""name"": ""va_long_beach"", ""encoder"": ""mlp_tabular_ln"", ""input_dim"": 9, ""hidden_dim"": 64, ""dropout"": 0.1}], ""anchor_eps"": 0.0001, ""sep_samples_per_class"": 4, ""sep_method"": ""classifier"", ""sep_margin"": 1.0, ""lambda_fit"": 0.1, ""lambda_sep"": 0.1, ""groupdro_enabled"": true, ""groupdro_eta"": 0.02, ""groupdro_gamma"": 0.9, ""groupdro_update_mode"": ""exp"", ""groupdro_objective"": ""weighted"", ""groupdro_kl_lambda"": 0.0, ""groupdro_uniform_init"": false, ""log_interval"": 20, ""save_every"": 10, ""groupdro_ema_decay"": 0.9, ""groupdro_update_every"": 1, ""dro_signal"": ""val"", ""val_frac"": 0.15, ""impute_missing"": true, ""common_encoder"": false, ""use_regret"": true, ""optimal_losses"": [0.468332, 0.498132, 0.341179, 0.597641], ""data_split_seed"": 1004}","{""num_groups"": 4, ""num_classes"": 2, ""train_total"": 623, ""test_total"": 185, ""train_group_counts"": [205, 199, 83, 136], ""test_group_counts"": [61, 59, 25, 40], ""train_class_counts"": [278, 345], ""test_class_counts"": [83, 102], ""train_group_class_counts"": [[111, 94], [127, 72], [5, 78], [35, 101]], ""test_group_class_counts"": [[33, 28], [38, 21], [2, 23], [10, 30]], ""group_proportions"": [0.3290529695024077, 0.31942215088282505, 0.1332263242375602, 0.21829855537720708], ""val_group_counts"": [37, 36, 15, 24], ""val_total"": 112}","{""num_groups"": 4, ""eta"": 0.02, ""update_mode"": ""exp"", ""robust_objective"": ""weighted"", ""gamma"": 0.9, ""kl_lambda"": 0.0, ""initial_pi"": [0.32905295491218567, 0.3194221556186676, 0.13322632014751434, 0.2182985544204712]}",2026-09-16T04:21:08.534186,13,0.5361357662412856,0.8506944444444444,0.001,0.7513513513513513,0.7677431230897471,0.65,0.92,"[0.7213114754098361, 0.7796610169491526, 0.92, 0.65]","[0.6216335067006408, 0.5341721963831934, 0.307176853120327, 0.5763054614886641]","[0.6867469879518072, 0.803921568627451]","[[0.696969696969697, 0.75], [0.868421052631579, 0.6190476190476191], [0.0, 1.0], [0.1, 0.8333333333333334]]","[61, 59, 25, 40]",0.7467261904761905,"[0.7210115684691957, 0.751054852320675, 0.4791666666666667, 0.453125]",0.453125,0.6216335067006408,0.7767857142857143,0.7975225225225225,0.75,0.9333333333333333,"[0.7567567567567568, 0.75, 0.9333333333333333, 0.75]","[0.5686954280512558, 0.5083001694745488, 0.24686438019076984, 0.49597702144334715]","[0.68, 0.8548387096774194]","[[0.7, 0.8235294117647058], [0.782608695652174, 0.6923076923076923], [0.0, 1.0], [0.3333333333333333, 0.8888888888888888]]","[37, 36, 15, 24]",0.7701715505212181,"[0.7567567567567567, 0.7333333333333334, 0.4827586206896552, 0.6210526315789474]",0.4827586206896552,0.5686954280512558,"[0.32998156547546387, 0.32024651765823364, 0.13330797851085663, 0.21646398305892944]","[0.3555922607580821, 0.4488828314675225, 0.22693408363395268, 0.4510239793194665]","[0.32981786131858826, 0.32017946243286133, 0.13339592516422272, 0.21660678088665009]","[0.32905295491218567, 0.3194221556186676, 0.13322632014751434, 0.2182985544204712]",0.0
"{""run_name"": ""fedheart_exp_paper_hetagg_gdro"", ""seed"": 44, ""run_dir"": ""runs/fedheart_uncapped/Ours_Regret_s44_f4"", ""use_fedheart"": true, ""num_classes"": 2, ""stratified_batching"": true, ""train_frac"": 0.8, ""group_max_train_samples"": null, ""true_hetero_input_dim"": true, ""feature_mask"": [[0, 1, 2, 3, 5, 6, 7, 8, 9, 10], [0, 1, 2, 3, 5, 6, 11, 12], [0, 1, 2, 4, 5, 7, 11, 12], [0, 1, 2, 4, 5, 6, 8, 9, 10]], ""batch_size"": 64, ""num_workers"": 0, ""epochs"": 100, ""early_stopping_patience"": 30, ""lr"": 0.001, ""weight_decay"": 0.0001, ""optimizer"": ""adam"", ""grad_clip"": 1.0, ""lr_scheduler"": ""cosine"", ""lr_min"": 1e-05, ""latent_dim"": 64, ""head_hidden"": 32, ""groups"": [{""name"": ""cleveland"", ""encoder"": ""mlp_tabular_ln"", ""input_dim"": 10, ""hidden_dim"": 64, ""dropout"": 0.1}, {""name"": ""hungarian"", ""encoder"": ""mlp_tabular_ln"", ""input_dim"": 8, ""hidden_dim"": 64, ""dropout"": 0.1}, {""name"": ""switzerland"", ""encoder"": ""mlp_tabular_ln"", ""input_dim"": 8, ""hidden_dim"": 64, ""dropout"": 0.1}, {""name"": ""va_long_beach"", ""encoder"": ""mlp_tabular_ln"", ""input_dim"": 9, ""hidden_dim"": 64, ""dropout"": 0.1}], ""anchor_eps"": 0.0001, ""sep_samples_per_class"": 4, ""sep_method"": ""classifier"", ""sep_margin"": 1.0, ""lambda_fit"": 0.1, ""lambda_sep"": 0.1, ""groupdro_enabled"": true, ""groupdro_eta"": 0.02, ""groupdro_gamma"": 0.9, ""groupdro_update_mode"": ""exp"", ""groupdro_objective"": ""weighted"", ""groupdro_kl_lambda"": 0.0, ""groupdro_uniform_init"": false, ""log_interval"": 20, ""save_every"": 10, ""groupdro_ema_decay"": 0.9, ""groupdro_update_every"": 1, ""dro_signal"": ""val"", ""val_frac"": 0.15, ""impute_missing"": true, ""common_encoder"": false, ""use_regret"": true, ""optimal_losses"": [0.468332, 0.498132, 0.341179, 0.597641], ""data_split_seed"": 1004}","{""num_groups"": 4, ""num_classes"": 2, ""train_total"": 623, ""test_total"": 185, ""train_group_counts"": [205, 199, 83, 136], ""test_group_counts"": [61, 59, 25, 40], ""train_class_counts"": [278, 345], ""test_class_counts"": [83, 102], ""train_group_class_counts"": [[111, 94], [127, 72], [5, 78], [35, 101]], ""test_group_class_counts"": [[33, 28], [38, 21], [2, 23], [10, 30]], ""group_proportions"": [0.3290529695024077, 0.31942215088282505, 0.1332263242375602, 0.21829855537720708], ""val_group_counts"": [37, 36, 15, 24], ""val_total"": 112}","{""num_groups"": 4, ""eta"": 0.02, ""update_mode"": ""exp"", ""robust_objective"": ""weighted"", ""gamma"": 0.9, ""kl_lambda"": 0.0, ""initial_pi"": [0.32905295491218567, 0.3194221556186676, 0.13322632014751434, 0.2182985544204712]}",2026-09-16T04:21:08.534186,14,0.5244288179609511,0.8350694444444444,0.001,0.7675675675675676,0.7907964017782718,0.6885245901639344,0.92,"[0.6885245901639344, 0.7796610169491526, 0.92, 0.775]","[0.604180313768934, 0.5490031428003715, 0.30534821569919585, 0.5898659433238208]","[0.6867469879518072, 0.8333333333333334]","[[0.696969696969697, 0.6785714285714286], [0.868421052631579, 0.6190476190476191], [0.0, 1.0], [0.1, 1.0]]","[61, 59, 25, 40]",0.7621183577046142,"[0.6871794871794872, 0.751054852320675, 0.4791666666666667, 0.5256916996047432]",0.4791666666666667,0.604180313768934,0.8035714285714286,0.8216403903903904,0.7777777777777778,0.9333333333333333,"[0.7837837837837838, 0.7777777777777778, 0.9333333333333333, 0.7916666666666666]","[0.5522681778246487, 0.5135638618634807, 0.24185185482104618, 0.47392218466848135]","[0.72, 0.8709677419354839]","[[0.8, 0.7647058823529411], [0.782608695652174, 0.7692307692307693], [0.0, 1.0], [0.3333333333333333, 0.9444444444444444]]","[37, 36, 15, 24]",0.7983633387888708,"[0.7823529411764707, 0.7662337662337662, 0.4827586206896552, 0.6581196581196581]",0.4827586206896552,0.5522681778246487,"[0.33016273379325867, 0.3202957510948181, 0.1332201361656189, 0.21632134914398193]","[0.3829175813330544, 0.4337176978588104, 0.24850647068685955, 0.4829925100008647]","[0.32998156547546387, 0.32024651765823364, 0.13330797851085663, 0.21646398305892944]","[0.32905295491218567, 0.3194221556186676, 0.13322632014751434, 0.2182985544204712]",0.0
"{""run_name"": ""fedheart_exp_paper_hetagg_gdro"", ""seed"": 44, ""run_dir"": ""runs/fedheart_uncapped/Ours_Regret_s44_f4"", ""use_fedheart"": true, ""num_classes"": 2, ""stratified_batching"": true, ""train_frac"": 0.8, ""group_max_train_samples"": null, ""true_hetero_input_dim"": true, ""feature_mask"": [[0, 1, 2, 3, 5, 6, 7, 8, 9, 10], [0, 1, 2, 3, 5, 6, 11, 12], [0, 1, 2, 4, 5, 7, 11, 12], [0, 1, 2, 4, 5, 6, 8, 9, 10]], ""batch_size"": 64, ""num_workers"": 0, ""epochs"": 100, ""early_stopping_patience"": 30, ""lr"": 0.001, ""weight_decay"": 0.0001, ""optimizer"": ""adam"", ""grad_clip"": 1.0, ""lr_scheduler"": ""cosine"", ""lr_min"": 1e-05, ""latent_dim"": 64, ""head_hidden"": 32, ""groups"": [{""name"": ""cleveland"", ""encoder"": ""mlp_tabular_ln"", ""input_dim"": 10, ""hidden_dim"": 64, ""dropout"": 0.1}, {""name"": ""hungarian"", ""encoder"": ""mlp_tabular_ln"", ""input_dim"": 8, ""hidden_dim"": 64, ""dropout"": 0.1}, {""name"": ""switzerland"", ""encoder"": ""mlp_tabular_ln"", ""input_dim"": 8, ""hidden_dim"": 64, ""dropout"": 0.1}, {""name"": ""va_long_beach"", ""encoder"": ""mlp_tabular_ln"", ""input_dim"": 9, ""hidden_dim"": 64, ""dropout"": 0.1}], ""anchor_eps"": 0.0001, ""sep_samples_per_class"": 4, ""sep_method"": ""classifier"", ""sep_margin"": 1.0, ""lambda_fit"": 0.1, ""lambda_sep"": 0.1, ""groupdro_enabled"": true, ""groupdro_eta"": 0.02, ""groupdro_gamma"": 0.9, ""groupdro_update_mode"": ""exp"", ""groupdro_objective"": ""weighted"", ""groupdro_kl_lambda"": 0.0, ""groupdro_uniform_init"": false, ""log_interval"": 20, ""save_every"": 10, ""groupdro_ema_decay"": 0.9, ""groupdro_update_every"": 1, ""dro_signal"": ""val"", ""val_frac"": 0.15, ""impute_missing"": true, ""common_encoder"": false, ""use_regret"": true, ""optimal_losses"": [0.468332, 0.498132, 0.341179, 0.597641], ""data_split_seed"": 1004}","{""num_groups"": 4, ""num_classes"": 2, ""train_total"": 623, ""test_total"": 185, ""train_group_counts"": [205, 199, 83, 136], ""test_group_counts"": [61, 59, 25, 40], ""train_class_counts"": [278, 345], ""test_class_counts"": [83, 102], ""train_group_class_counts"": [[111, 94], [127, 72], [5, 78], [35, 101]], ""test_group_class_counts"": [[33, 28], [38, 21], [2, 23], [10, 30]], ""group_proportions"": [0.3290529695024077, 0.31942215088282505, 0.1332263242375602, 0.21829855537720708], ""val_group_counts"": [37, 36, 15, 24], ""val_total"": 112}","{""num_groups"": 4, ""eta"": 0.02, ""update_mode"": ""exp"", ""robust_objective"": ""weighted"", ""gamma"": 0.9, ""kl_lambda"": 0.0, ""initial_pi"": [0.32905295491218567, 0.3194221556186676, 0.13322632014751434, 0.2182985544204712]}",2026-09-16T04:21:08.534186,15,0.4914711614449819,0.8541666666666666,0.001,0.7567567567567568,0.7741320505696027,0.675,0.92,"[0.7049180327868853, 0.7966101694915254, 0.92, 0.675]","[0.6288750946949251, 0.5536866436822939, 0.29817450255155564, 0.5955075390636921]","[0.6987951807228916, 0.803921568627451]","[[0.696969696969697, 0.7142857142857143], [0.8947368421052632, 0.6190476190476191], [0.0, 1.0], [0.1, 0.8666666666666667]]","[61, 59, 25, 40]",0.7525929448126244,"[0.7042025862068966, 0.7671052631578947, 0.4791666666666667, 0.4666666666666667]",0.4666666666666667,0.6288750946949251,0.7857142857142857,0.804466966966967,0.75,0.9333333333333333,"[0.7567567567567568, 0.7777777777777778, 0.9333333333333333, 0.75]","[0.5798923018816355, 0.5016116466787126, 0.23290578524271646, 0.48143531164775294]","[0.7, 0.8548387096774194]","[[0.75, 0.7647058823529411], [0.782608695652174, 0.7692307692307693], [0.0, 1.0], [0.3333333333333333, 0.8888888888888888]]","[37, 36, 15, 24]",0.7800327332242225,"[0.756043956043956, 0.7662337662337662, 0.4827586206896552, 0.6210526315789474]",0.4827586206896552,0.5798923018816355,"[0.33037444949150085, 0.3203178942203522, 0.1331310123205185, 0.21617662906646729]","[0.34806372390853035, 0.43514057993888855, 0.1869210195210245, 0.4525661998324924]","[0.33016273379325867, 0.3202957510948181, 0.1332201361656189, 0.21632134914398193]","[0.32905295491218567, 0.3194221556186676, 0.13322632014751434, 0.2182985544204712]",0.0
"{""run_name"": ""fedheart_exp_paper_hetagg_gdro"", ""seed"": 44, ""run_dir"": ""runs/fedheart_uncapped/Ours_Regret_s44_f4"", ""use_fedheart"": true, ""num_classes"": 2, ""stratified_batching"": true, ""train_frac"": 0.8, ""group_max_train_samples"": null, ""true_hetero_input_dim"": true, ""feature_mask"": [[0, 1, 2, 3, 5, 6, 7, 8, 9, 10], [0, 1, 2, 3, 5, 6, 11, 12], [0, 1, 2, 4, 5, 7, 11, 12], [0, 1, 2, 4, 5, 6, 8, 9, 10]], ""batch_size"": 64, ""num_workers"": 0, ""epochs"": 100, ""early_stopping_patience"": 30, ""lr"": 0.001, ""weight_decay"": 0.0001, ""optimizer"": ""adam"", ""grad_clip"": 1.0, ""lr_scheduler"": ""cosine"", ""lr_min"": 1e-05, ""latent_dim"": 64, ""head_hidden"": 32, ""groups"": [{""name"": ""cleveland"", ""encoder"": ""mlp_tabular_ln"", ""input_dim"": 10, ""hidden_dim"": 64, ""dropout"": 0.1}, {""name"": ""hungarian"", ""encoder"": ""mlp_tabular_ln"", ""input_dim"": 8, ""hidden_dim"": 64, ""dropout"": 0.1}, {""name"": ""switzerland"", ""encoder"": ""mlp_tabular_ln"", ""input_dim"": 8, ""hidden_dim"": 64, ""dropout"": 0.1}, {""name"": ""va_long_beach"", ""encoder"": ""mlp_tabular_ln"", ""input_dim"": 9, ""hidden_dim"": 64, ""dropout"": 0.1}], ""anchor_eps"": 0.0001, ""sep_samples_per_class"": 4, ""sep_method"": ""classifier"", ""sep_margin"": 1.0, ""lambda_fit"": 0.1, ""lambda_sep"": 0.1, ""groupdro_enabled"": true, ""groupdro_eta"": 0.02, ""groupdro_gamma"": 0.9, ""groupdro_update_mode"": ""exp"", ""groupdro_objective"": ""weighted"", ""groupdro_kl_lambda"": 0.0, ""groupdro_uniform_init"": false, ""log_interval"": 20, ""save_every"": 10, ""groupdro_ema_decay"": 0.9, ""groupdro_update_every"": 1, ""dro_signal"": ""val"", ""val_frac"": 0.15, ""impute_missing"": true, ""common_encoder"": false, ""use_regret"": true, ""optimal_losses"": [0.468332, 0.498132, 0.341179, 0.597641], ""data_split_seed"": 1004}","{""num_groups"": 4, ""num_classes"": 2, ""train_total"": 623, ""test_total"": 185, ""train_group_counts"": [205, 199, 83, 136], ""test_group_counts"": [61, 59, 25, 40], ""train_class_counts"": [278, 345], ""test_class_counts"": [83, 102], ""train_group_class_counts"": [[111, 94], [127, 72], [5, 78], [35, 101]], ""test_group_class_counts"": [[33, 28], [38, 21], [2, 23], [10, 30]], ""group_proportions"": [0.3290529695024077, 0.31942215088282505, 0.1332263242375602, 0.21829855537720708], ""val_group_counts"": [37, 36, 15, 24], ""val_total"": 112}","{""num_groups"": 4, ""eta"": 0.02, ""update_mode"": ""exp"", ""robust_objective"": ""weighted"", ""gamma"": 0.9, ""kl_lambda"": 0.0, ""initial_pi"": [0.32905295491218567, 0.3194221556186676, 0.13322632014751434, 0.2182985544204712]}",2026-09-16T04:21:08.534186,16,0.46909411085976493,0.8576388888888888,0.001,0.7513513513513513,0.7719074742984162,0.7,0.92,"[0.7049180327868853, 0.7627118644067796, 0.92, 0.7]","[0.6176550869265052, 0.565760384171696, 0.2950629658997059, 0.5987405026331544]","[0.6746987951807228, 0.8137254901960784]","[[0.696969696969697, 0.7142857142857143], [0.8421052631578947, 0.6190476190476191], [0.0, 1.0], [0.1, 0.9]]","[61, 59, 25, 40]",0.7459398137090996,"[0.7042025862068966, 0.7352564102564103, 0.4791666666666667, 0.48051948051948057]",0.4791666666666667,0.6176550869265052,0.7946428571428571,0.8148836336336336,0.7567567567567568,0.9333333333333333,"[0.7567567567567568, 0.7777777777777778, 0.9333333333333333, 0.7916666666666666]","[0.5716538593374394, 0.5228391157256232, 0.2302029882868131, 0.496498911951979]","[0.7, 0.8709677419354839]","[[0.75, 0.7647058823529411], [0.782608695652174, 0.7692307692307693], [0.0, 1.0], [0.3333333333333333, 0.9444444444444444]]","[37, 36, 15, 24]",0.7885578264795208,"[0.756043956043956, 0.7662337662337662, 0.4827586206896552, 0.6581196581196581]",0.4827586206896552,0.5716538593374394,"[0.33060550689697266, 0.32032662630081177, 0.13303960859775543, 0.21602821350097656]","[0.3425736642546124, 0.4061117966969808, 0.19905230816867617, 0.4857587665319443]","[0.33037444949150085, 0.3203178942203522, 0.1331310123205185, 0.21617662906646729]","[0.32905295491218567, 0.3194221556186676, 0.13322632014751434, 0.2182985544204712]",0.0
"{""run_name"": ""fedheart_exp_paper_hetagg_gdro"", ""seed"": 44, ""run_dir"": ""runs/fedheart_uncapped/Ours_Regret_s44_f4"", ""use_fedheart"": true, ""num_classes"": 2, ""stratified_batching"": true, ""train_frac"": 0.8, ""group_max_train_samples"": null, ""true_hetero_input_dim"": true, ""feature_mask"": [[0, 1, 2, 3, 5, 6, 7, 8, 9, 10], [0, 1, 2, 3, 5, 6, 11, 12], [0, 1, 2, 4, 5, 7, 11, 12], [0, 1, 2, 4, 5, 6, 8, 9, 10]], ""batch_size"": 64, ""num_workers"": 0, ""epochs"": 100, ""early_stopping_patience"": 30, ""lr"": 0.001, ""weight_decay"": 0.0001, ""optimizer"": ""adam"", ""grad_clip"": 1.0, ""lr_scheduler"": ""cosine"", ""lr_min"": 1e-05, ""latent_dim"": 64, ""head_hidden"": 32, ""groups"": [{""name"": ""cleveland"", ""encoder"": ""mlp_tabular_ln"", ""input_dim"": 10, ""hidden_dim"": 64, ""dropout"": 0.1}, {""name"": ""hungarian"", ""encoder"": ""mlp_tabular_ln"", ""input_dim"": 8, ""hidden_dim"": 64, ""dropout"": 0.1}, {""name"": ""switzerland"", ""encoder"": ""mlp_tabular_ln"", ""input_dim"": 8, ""hidden_dim"": 64, ""dropout"": 0.1}, {""name"": ""va_long_beach"", ""encoder"": ""mlp_tabular_ln"", ""input_dim"": 9, ""hidden_dim"": 64, ""dropout"": 0.1}], ""anchor_eps"": 0.0001, ""sep_samples_per_class"": 4, ""sep_method"": ""classifier"", ""sep_margin"": 1.0, ""lambda_fit"": 0.1, ""lambda_sep"": 0.1, ""groupdro_enabled"": true, ""groupdro_eta"": 0.02, ""groupdro_gamma"": 0.9, ""groupdro_update_mode"": ""exp"", ""groupdro_objective"": ""weighted"", ""groupdro_kl_lambda"": 0.0, ""groupdro_uniform_init"": false, ""log_interval"": 20, ""save_every"": 10, ""groupdro_ema_decay"": 0.9, ""groupdro_update_every"": 1, ""dro_signal"": ""val"", ""val_frac"": 0.15, ""impute_missing"": true, ""common_encoder"": false, ""use_regret"": true, ""optimal_losses"": [0.468332, 0.498132, 0.341179, 0.597641], ""data_split_seed"": 1004}","{""num_groups"": 4, ""num_classes"": 2, ""train_total"": 623, ""test_total"": 185, ""train_group_counts"": [205, 199, 83, 136], ""test_group_counts"": [61, 59, 25, 40], ""train_class_counts"": [278, 345], ""test_class_counts"": [83, 102], ""train_group_class_counts"": [[111, 94], [127, 72], [5, 78], [35, 101]], ""test_group_class_counts"": [[33, 28], [38, 21], [2, 23], [10, 30]], ""group_proportions"": [0.3290529695024077, 0.31942215088282505, 0.1332263242375602, 0.21829855537720708], ""val_group_counts"": [37, 36, 15, 24], ""val_total"": 112}","{""num_groups"": 4, ""eta"": 0.02, ""update_mode"": ""exp"", ""robust_objective"": ""weighted"", ""gamma"": 0.9, ""kl_lambda"": 0.0, ""initial_pi"": [0.32905295491218567, 0.3194221556186676, 0.13322632014751434, 0.2182985544204712]}",2026-09-16T04:21:08.534186,17,0.4693048165904151,0.8402777777777778,0.001,0.7513513513513513,0.7720464017782718,0.6885245901639344,0.92,"[0.6885245901639344, 0.7796610169491526, 0.92, 0.7]","[0.6175067431797259, 0.5563756976971181, 0.29814323216676714, 0.615383782144636]","[0.6867469879518072, 0.803921568627451]","[[0.696969696969697, 0.6785714285714286], [0.868421052631579, 0.6190476190476191], [0.0, 1.0], [0.1, 0.9]]","[61, 59, 25, 40]",0.7467261904761905,"[0.6871794871794872, 0.751054852320675, 0.4791666666666667, 0.48051948051948057]",0.4791666666666667,0.6175067431797259,0.8035714285714286,0.8216403903903904,0.7777777777777778,0.9333333333333333,"[0.7837837837837838, 0.7777777777777778, 0.9333333333333333, 0.7916666666666666]","[0.5694305471119445, 0.5321072013013892, 0.2287501225868861, 0.4618202680721879]","[0.72, 0.8709677419354839]","[[0.8, 0.7647058823529411], [0.782608695652174, 0.7692307692307693], [0.0, 1.0], [0.3333333333333333, 0.9444444444444444]]","[37, 36, 15, 24]",0.7983633387888708,"[0.7823529411764707, 0.7662337662337662, 0.4827586206896552, 0.6581196581196581]",0.4827586206896552,0.5694305471119445,"[0.33085110783576965, 0.3203277885913849, 0.13294559717178345, 0.2158755511045456]","[0.3560943404833476, 0.4176665660407808, 0.2056100087033378, 0.4857697818014357]","[0.33060550689697266, 0.32032662630081177, 0.13303960859775543, 0.21602821350097656]","[0.32905295491218567, 0.3194221556186676, 0.13322632014751434, 0.2182985544204712]",0.0
"{""run_name"": ""fedheart_exp_paper_hetagg_gdro"", ""seed"": 44, ""run_dir"": ""runs/fedheart_uncapped/Ours_Regret_s44_f4"", ""use_fedheart"": true, ""num_classes"": 2, ""stratified_batching"": true, ""train_frac"": 0.8, ""group_max_train_samples"": null, ""true_hetero_input_dim"": true, ""feature_mask"": [[0, 1, 2, 3, 5, 6, 7, 8, 9, 10], [0, 1, 2, 3, 5, 6, 11, 12], [0, 1, 2, 4, 5, 7, 11, 12], [0, 1, 2, 4, 5, 6, 8, 9, 10]], ""batch_size"": 64, ""num_workers"": 0, ""epochs"": 100, ""early_stopping_patience"": 30, ""lr"": 0.001, ""weight_decay"": 0.0001, ""optimizer"": ""adam"", ""grad_clip"": 1.0, ""lr_scheduler"": ""cosine"", ""lr_min"": 1e-05, ""latent_dim"": 64, ""head_hidden"": 32, ""groups"": [{""name"": ""cleveland"", ""encoder"": ""mlp_tabular_ln"", ""input_dim"": 10, ""hidden_dim"": 64, ""dropout"": 0.1}, {""name"": ""hungarian"", ""encoder"": ""mlp_tabular_ln"", ""input_dim"": 8, ""hidden_dim"": 64, ""dropout"": 0.1}, {""name"": ""switzerland"", ""encoder"": ""mlp_tabular_ln"", ""input_dim"": 8, ""hidden_dim"": 64, ""dropout"": 0.1}, {""name"": ""va_long_beach"", ""encoder"": ""mlp_tabular_ln"", ""input_dim"": 9, ""hidden_dim"": 64, ""dropout"": 0.1}], ""anchor_eps"": 0.0001, ""sep_samples_per_class"": 4, ""sep_method"": ""classifier"", ""sep_margin"": 1.0, ""lambda_fit"": 0.1, ""lambda_sep"": 0.1, ""groupdro_enabled"": true, ""groupdro_eta"": 0.02, ""groupdro_gamma"": 0.9, ""groupdro_update_mode"": ""exp"", ""groupdro_objective"": ""weighted"", ""groupdro_kl_lambda"": 0.0, ""groupdro_uniform_init"": false, ""log_interval"": 20, ""save_every"": 10, ""groupdro_ema_decay"": 0.9, ""groupdro_update_every"": 1, ""dro_signal"": ""val"", ""val_frac"": 0.15, ""impute_missing"": true, ""common_encoder"": false, ""use_regret"": true, ""optimal_losses"": [0.468332, 0.498132, 0.341179, 0.597641], ""data_split_seed"": 1004}","{""num_groups"": 4, ""num_classes"": 2, ""train_total"": 623, ""test_total"": 185, ""train_group_counts"": [205, 199, 83, 136], ""test_group_counts"": [61, 59, 25, 40], ""train_class_counts"": [278, 345], ""test_class_counts"": [83, 102], ""train_group_class_counts"": [[111, 94], [127, 72], [5, 78], [35, 101]], ""test_group_class_counts"": [[33, 28], [38, 21], [2, 23], [10, 30]], ""group_proportions"": [0.3290529695024077, 0.31942215088282505, 0.1332263242375602, 0.21829855537720708], ""val_group_counts"": [37, 36, 15, 24], ""val_total"": 112}","{""num_groups"": 4, ""eta"": 0.02, ""update_mode"": ""exp"", ""robust_objective"": ""weighted"", ""gamma"": 0.9, ""kl_lambda"": 0.0, ""initial_pi"": [0.32905295491218567, 0.3194221556186676, 0.13322632014751434, 0.2182985544204712]}",2026-09-16T04:21:08.534186,18,0.44333720207214355,0.8524305555555556,0.001,0.7513513513513513,0.7720464017782718,0.6885245901639344,0.92,"[0.6885245901639344, 0.7796610169491526, 0.92, 0.7]","[0.6375476336870037, 0.5594987409599756, 0.29846337825059893, 0.632333046477288]","[0.6867469879518072, 0.803921568627451]","[[0.696969696969697, 0.6785714285714286], [0.868421052631579, 0.6190476190476191], [0.0, 1.0], [0.1, 0.9]]","[61, 59, 25, 40]",0.7467261904761905,"[0.6871794871794872, 0.751054852320675, 0.4791666666666667, 0.48051948051948057]",0.4791666666666667,0.6375476336870037,0.7946428571428571,0.8148836336336336,0.7567567567567568,0.9333333333333333,"[0.7567567567567568, 0.7777777777777778, 0.9333333333333333, 0.7916666666666666]","[0.6059784574585186, 0.5358533045897881, 0.2257883160064618, 0.4861142320247988]","[0.7, 0.8709677419354839]","[[0.75, 0.7647058823529411], [0.782608695652174, 0.7692307692307693], [0.0, 1.0], [0.3333333333333333, 0.9444444444444444]]","[37, 36, 15, 24]",0.7885578264795208,"[0.756043956043956, 0.7662337662337662, 0.4827586206896552, 0.6581196581196581]",0.4827586206896552,0.6059784574585186,"[0.3311251103878021, 0.320315957069397, 0.1328456699848175, 0.2157132923603058]","[0.36024616327550674, 0.4074075337913301, 0.18726957672172123, 0.44597141775819993]","[0.33085110783576965, 0.3203277885913849, 0.13294559717178345, 0.2158755511045456]","[0.32905295491218567, 0.3194221556186676, 0.13322632014751434, 0.2182985544204712]",0.0
"{""run_name"": ""fedheart_exp_paper_hetagg_gdro"", ""seed"": 44, ""run_dir"": ""runs/fedheart_uncapped/Ours_Regret_s44_f4"", ""use_fedheart"": true, ""num_classes"": 2, ""stratified_batching"": true, ""train_frac"": 0.8, ""group_max_train_samples"": null, ""true_hetero_input_dim"": true, ""feature_mask"": [[0, 1, 2, 3, 5, 6, 7, 8, 9, 10], [0, 1, 2, 3, 5, 6, 11, 12], [0, 1, 2, 4, 5, 7, 11, 12], [0, 1, 2, 4, 5, 6, 8, 9, 10]], ""batch_size"": 64, ""num_workers"": 0, ""epochs"": 100, ""early_stopping_patience"": 30, ""lr"": 0.001, ""weight_decay"": 0.0001, ""optimizer"": ""adam"", ""grad_clip"": 1.0, ""lr_scheduler"": ""cosine"", ""lr_min"": 1e-05, ""latent_dim"": 64, ""head_hidden"": 32, ""groups"": [{""name"": ""cleveland"", ""encoder"": ""mlp_tabular_ln"", ""input_dim"": 10, ""hidden_dim"": 64, ""dropout"": 0.1}, {""name"": ""hungarian"", ""encoder"": ""mlp_tabular_ln"", ""input_dim"": 8, ""hidden_dim"": 64, ""dropout"": 0.1}, {""name"": ""switzerland"", ""encoder"": ""mlp_tabular_ln"", ""input_dim"": 8, ""hidden_dim"": 64, ""dropout"": 0.1}, {""name"": ""va_long_beach"", ""encoder"": ""mlp_tabular_ln"", ""input_dim"": 9, ""hidden_dim"": 64, ""dropout"": 0.1}], ""anchor_eps"": 0.0001, ""sep_samples_per_class"": 4, ""sep_method"": ""classifier"", ""sep_margin"": 1.0, ""lambda_fit"": 0.1, ""lambda_sep"": 0.1, ""groupdro_enabled"": true, ""groupdro_eta"": 0.02, ""groupdro_gamma"": 0.9, ""groupdro_update_mode"": ""exp"", ""groupdro_objective"": ""weighted"", ""groupdro_kl_lambda"": 0.0, ""groupdro_uniform_init"": false, ""log_interval"": 20, ""save_every"": 10, ""groupdro_ema_decay"": 0.9, ""groupdro_update_every"": 1, ""dro_signal"": ""val"", ""val_frac"": 0.15, ""impute_missing"": true, ""common_encoder"": false, ""use_regret"": true, ""optimal_losses"": [0.468332, 0.498132, 0.341179, 0.597641], ""data_split_seed"": 1004}","{""num_groups"": 4, ""num_classes"": 2, ""train_total"": 623, ""test_total"": 185, ""train_group_counts"": [205, 199, 83, 136], ""test_group_counts"": [61, 59, 25, 40], ""train_class_counts"": [278, 345], ""test_class_counts"": [83, 102], ""train_group_class_counts"": [[111, 94], [127, 72], [5, 78], [35, 101]], ""test_group_class_counts"": [[33, 28], [38, 21], [2, 23], [10, 30]], ""group_proportions"": [0.3290529695024077, 0.31942215088282505, 0.1332263242375602, 0.21829855537720708], ""val_group_counts"": [37, 36, 15, 24], ""val_total"": 112}","{""num_groups"": 4, ""eta"": 0.02, ""update_mode"": ""exp"", ""robust_objective"": ""weighted"", ""gamma"": 0.9, ""kl_lambda"": 0.0, ""initial_pi"": [0.32905295491218567, 0.3194221556186676, 0.13322632014751434, 0.2182985544204712]}",2026-09-16T04:21:08.534186,19,0.4499650796254476,0.8368055555555556,0.001,0.7351351351351352,0.7511447624340095,0.6,0.92,"[0.7049180327868853, 0.7796610169491526, 0.92, 0.6]","[0.6646630305064017, 0.5649982836981446, 0.2999281465634704, 0.6427638709545136]","[0.6867469879518072, 0.7745098039215687]","[[0.696969696969697, 0.7142857142857143], [0.868421052631579, 0.6190476190476191], [0.0, 1.0], [0.1, 0.7666666666666667]]","[61, 59, 25, 40]",0.731335763611037,"[0.7042025862068966, 0.751054852320675, 0.4791666666666667, 0.42652329749103945]",0.42652329749103945,0.6646630305064017,0.7857142857142857,0.804466966966967,0.75,0.9333333333333333,"[0.7567567567567568, 0.7777777777777778, 0.9333333333333333, 0.75]","[0.6273342967285095, 0.5284635795073377, 0.22122737610091767, 0.5075253614534935]","[0.68, 0.8709677419354839]","[[0.7, 0.8235294117647058], [0.782608695652174, 0.7692307692307693], [0.0, 1.0], [0.3333333333333333, 0.8888888888888888]]","[37, 36, 15, 24]",0.7786561264822136,"[0.7567567567567567, 0.7662337662337662, 0.4827586206896552, 0.6210526315789474]",0.4827586206896552,0.6273342967285095,"[0.33143582940101624, 0.3202846348285675, 0.13273917138576508, 0.21554036438465118]","[0.37800348301728565, 0.40653659403324127, 0.19185330015089777, 0.4667932473950916]","[0.3311251103878021, 0.320315957069397, 0.1328456699848175, 0.2157132923603058]","[0.32905295491218567, 0.3194221556186676, 0.13322632014751434, 0.2182985544204712]",0.0
"{""run_name"": ""fedheart_exp_paper_hetagg_gdro"", ""seed"": 44, ""run_dir"": ""runs/fedheart_uncapped/Ours_Regret_s44_f4"", ""use_fedheart"": true, ""num_classes"": 2, ""stratified_batching"": true, ""train_frac"": 0.8, ""group_max_train_samples"": null, ""true_hetero_input_dim"": true, ""feature_mask"": [[0, 1, 2, 3, 5, 6, 7, 8, 9, 10], [0, 1, 2, 3, 5, 6, 11, 12], [0, 1, 2, 4, 5, 7, 11, 12], [0, 1, 2, 4, 5, 6, 8, 9, 10]], ""batch_size"": 64, ""num_workers"": 0, ""epochs"": 100, ""early_stopping_patience"": 30, ""lr"": 0.001, ""weight_decay"": 0.0001, ""optimizer"": ""adam"", ""grad_clip"": 1.0, ""lr_scheduler"": ""cosine"", ""lr_min"": 1e-05, ""latent_dim"": 64, ""head_hidden"": 32, ""groups"": [{""name"": ""cleveland"", ""encoder"": ""mlp_tabular_ln"", ""input_dim"": 10, ""hidden_dim"": 64, ""dropout"": 0.1}, {""name"": ""hungarian"", ""encoder"": ""mlp_tabular_ln"", ""input_dim"": 8, ""hidden_dim"": 64, ""dropout"": 0.1}, {""name"": ""switzerland"", ""encoder"": ""mlp_tabular_ln"", ""input_dim"": 8, ""hidden_dim"": 64, ""dropout"": 0.1}, {""name"": ""va_long_beach"", ""encoder"": ""mlp_tabular_ln"", ""input_dim"": 9, ""hidden_dim"": 64, ""dropout"": 0.1}], ""anchor_eps"": 0.0001, ""sep_samples_per_class"": 4, ""sep_method"": ""classifier"", ""sep_margin"": 1.0, ""lambda_fit"": 0.1, ""lambda_sep"": 0.1, ""groupdro_enabled"": true, ""groupdro_eta"": 0.02, ""groupdro_gamma"": 0.9, ""groupdro_update_mode"": ""exp"", ""groupdro_objective"": ""weighted"", ""groupdro_kl_lambda"": 0.0, ""groupdro_uniform_init"": false, ""log_interval"": 20, ""save_every"": 10, ""groupdro_ema_decay"": 0.9, ""groupdro_update_every"": 1, ""dro_signal"": ""val"", ""val_frac"": 0.15, ""impute_missing"": true, ""common_encoder"": false, ""use_regret"": true, ""optimal_losses"": [0.468332, 0.498132, 0.341179, 0.597641], ""data_split_seed"": 1004}","{""num_groups"": 4, ""num_classes"": 2, ""train_total"": 623, ""test_total"": 185, ""train_group_counts"": [205, 199, 83, 136], ""test_group_counts"": [61, 59, 25, 40], ""train_class_counts"": [278, 345], ""test_class_counts"": [83, 102], ""train_group_class_counts"": [[111, 94], [127, 72], [5, 78], [35, 101]], ""test_group_class_counts"": [[33, 28], [38, 21], [2, 23], [10, 30]], ""group_proportions"": [0.3290529695024077, 0.31942215088282505, 0.1332263242375602, 0.21829855537720708], ""val_group_counts"": [37, 36, 15, 24], ""val_total"": 112}","{""num_groups"": 4, ""eta"": 0.02, ""update_mode"": ""exp"", ""robust_objective"": ""weighted"", ""gamma"": 0.9, ""kl_lambda"": 0.0, ""initial_pi"": [0.32905295491218567, 0.3194221556186676, 0.13322632014751434, 0.2182985544204712]}",2026-09-16T04:21:08.534186,20,0.43361450566185844,0.8506944444444444,0.001,0.7567567567567568,0.7761447624340094,0.7,0.92,"[0.7049180327868853, 0.7796610169491526, 0.92, 0.7]","[0.6490821252103711, 0.5601524900076753, 0.28973624810576437, 0.6359082927927375]","[0.7108433734939759, 0.7941176470588235]","[[0.7575757575757576, 0.6428571428571429], [0.868421052631579, 0.6190476190476191], [0.0, 1.0], [0.1, 0.9]]","[61, 59, 25, 40]",0.7532675380101361,"[0.7009803921568627, 0.751054852320675, 0.4791666666666667, 0.48051948051948057]",0.4791666666666667,0.6490821252103711,0.8035714285714286,0.8216403903903904,0.7777777777777778,0.9333333333333333,"[0.7837837837837838, 0.7777777777777778, 0.9333333333333333, 0.7916666666666666]","[0.6136584477750836, 0.5283832924647464, 0.23154244994123777, 0.4770270272468527]","[0.72, 0.8709677419354839]","[[0.8, 0.7647058823529411], [0.782608695652174, 0.7692307692307693], [0.0, 1.0], [0.3333333333333333, 0.9444444444444444]]","[37, 36, 15, 24]",0.7983633387888708,"[0.7823529411764707, 0.7662337662337662, 0.4827586206896552, 0.6581196581196581]",0.4827586206896552,0.6136584477750836,"[0.331773579120636, 0.3202385902404785, 0.13262797892093658, 0.21535980701446533]","[0.31130768524275887, 0.45105743077066207, 0.14989651698205206, 0.49513473113377887]","[0.33143582940101624, 0.3202846348285675, 0.13273917138576508, 0.21554036438465118]","[0.32905295491218567, 0.3194221556186676, 0.13322632014751434, 0.2182985544204712]",0.0
"{""run_name"": ""fedheart_exp_paper_hetagg_gdro"", ""seed"": 44, ""run_dir"": ""runs/fedheart_uncapped/Ours_Regret_s44_f4"", ""use_fedheart"": true, ""num_classes"": 2, ""stratified_batching"": true, ""train_frac"": 0.8, ""group_max_train_samples"": null, ""true_hetero_input_dim"": true, ""feature_mask"": [[0, 1, 2, 3, 5, 6, 7, 8, 9, 10], [0, 1, 2, 3, 5, 6, 11, 12], [0, 1, 2, 4, 5, 7, 11, 12], [0, 1, 2, 4, 5, 6, 8, 9, 10]], ""batch_size"": 64, ""num_workers"": 0, ""epochs"": 100, ""early_stopping_patience"": 30, ""lr"": 0.001, ""weight_decay"": 0.0001, ""optimizer"": ""adam"", ""grad_clip"": 1.0, ""lr_scheduler"": ""cosine"", ""lr_min"": 1e-05, ""latent_dim"": 64, ""head_hidden"": 32, ""groups"": [{""name"": ""cleveland"", ""encoder"": ""mlp_tabular_ln"", ""input_dim"": 10, ""hidden_dim"": 64, ""dropout"": 0.1}, {""name"": ""hungarian"", ""encoder"": ""mlp_tabular_ln"", ""input_dim"": 8, ""hidden_dim"": 64, ""dropout"": 0.1}, {""name"": ""switzerland"", ""encoder"": ""mlp_tabular_ln"", ""input_dim"": 8, ""hidden_dim"": 64, ""dropout"": 0.1}, {""name"": ""va_long_beach"", ""encoder"": ""mlp_tabular_ln"", ""input_dim"": 9, ""hidden_dim"": 64, ""dropout"": 0.1}], ""anchor_eps"": 0.0001, ""sep_samples_per_class"": 4, ""sep_method"": ""classifier"", ""sep_margin"": 1.0, ""lambda_fit"": 0.1, ""lambda_sep"": 0.1, ""groupdro_enabled"": true, ""groupdro_eta"": 0.02, ""groupdro_gamma"": 0.9, ""groupdro_update_mode"": ""exp"", ""groupdro_objective"": ""weighted"", ""groupdro_kl_lambda"": 0.0, ""groupdro_uniform_init"": false, ""log_interval"": 20, ""save_every"": 10, ""groupdro_ema_decay"": 0.9, ""groupdro_update_every"": 1, ""dro_signal"": ""val"", ""val_frac"": 0.15, ""impute_missing"": true, ""common_encoder"": false, ""use_regret"": true, ""optimal_losses"": [0.468332, 0.498132, 0.341179, 0.597641], ""data_split_seed"": 1004}","{""num_groups"": 4, ""num_classes"": 2, ""train_total"": 623, ""test_total"": 185, ""train_group_counts"": [205, 199, 83, 136], ""test_group_counts"": [61, 59, 25, 40], ""train_class_counts"": [278, 345], ""test_class_counts"": [83, 102], ""train_group_class_counts"": [[111, 94], [127, 72], [5, 78], [35, 101]], ""test_group_class_counts"": [[33, 28], [38, 21], [2, 23], [10, 30]], ""group_proportions"": [0.3290529695024077, 0.31942215088282505, 0.1332263242375602, 0.21829855537720708], ""val_group_counts"": [37, 36, 15, 24], ""val_total"": 112}","{""num_groups"": 4, ""eta"": 0.02, ""update_mode"": ""exp"", ""robust_objective"": ""weighted"", ""gamma"": 0.9, ""kl_lambda"": 0.0, ""initial_pi"": [0.32905295491218567, 0.3194221556186676, 0.13322632014751434, 0.2182985544204712]}",2026-09-16T04:21:08.534186,21,0.38812195923593307,0.8611111111111112,0.001,0.7567567567567568,0.7739931230897472,0.675,0.92,"[0.7213114754098361, 0.7796610169491526, 0.92, 0.675]","[0.6839461069340345, 0.5906066809291557, 0.3032598487660289, 0.6445406819228083]","[0.6867469879518072, 0.8137254901960784]","[[0.696969696969697, 0.75], [0.868421052631579, 0.6190476190476191], [0.0, 1.0], [0.1, 0.8666666666666667]]","[61, 59, 25, 40]",0.7518554949476884,"[0.7210115684691957, 0.751054852320675, 0.4791666666666667, 0.4666666666666667]",0.4666666666666667,0.6839461069340345,0.7857142857142857,0.8081268768768769,0.7297297297297297,0.9333333333333333,"[0.7297297297297297, 0.7777777777777778, 0.9333333333333333, 0.7916666666666666]","[0.6709275388637105, 0.5374856366672449, 0.21681394428014755, 0.4484197810913126]","[0.68, 0.8709677419354839]","[[0.7, 0.7647058823529411], [0.782608695652174, 0.7692307692307693], [0.0, 1.0], [0.3333333333333333, 0.9444444444444444]]","[37, 36, 15, 24]",0.7786561264822136,"[0.7295321637426899, 0.7662337662337662, 0.4827586206896552, 0.6581196581196581]",0.4827586206896552,0.6709275388637105,"[0.33215925097465515, 0.3201710879802704, 0.13250675797462463, 0.2151629775762558]","[0.32355302572250366, 0.3766484393013848, 0.16519303702645832, 0.4083491646581226]","[0.331773579120636, 0.3202385902404785, 0.13262797892093658, 0.21535980701446533]","[0.32905295491218567, 0.3194221556186676, 0.13322632014751434, 0.2182985544204712]",0.0
"{""run_name"": ""fedheart_exp_paper_hetagg_gdro"", ""seed"": 44, ""run_dir"": ""runs/fedheart_uncapped/Ours_Regret_s44_f4"", ""use_fedheart"": true, ""num_classes"": 2, ""stratified_batching"": true, ""train_frac"": 0.8, ""group_max_train_samples"": null, ""true_hetero_input_dim"": true, ""feature_mask"": [[0, 1, 2, 3, 5, 6, 7, 8, 9, 10], [0, 1, 2, 3, 5, 6, 11, 12], [0, 1, 2, 4, 5, 7, 11, 12], [0, 1, 2, 4, 5, 6, 8, 9, 10]], ""batch_size"": 64, ""num_workers"": 0, ""epochs"": 100, ""early_stopping_patience"": 30, ""lr"": 0.001, ""weight_decay"": 0.0001, ""optimizer"": ""adam"", ""grad_clip"": 1.0, ""lr_scheduler"": ""cosine"", ""lr_min"": 1e-05, ""latent_dim"": 64, ""head_hidden"": 32, ""groups"": [{""name"": ""cleveland"", ""encoder"": ""mlp_tabular_ln"", ""input_dim"": 10, ""hidden_dim"": 64, ""dropout"": 0.1}, {""name"": ""hungarian"", ""encoder"": ""mlp_tabular_ln"", ""input_dim"": 8, ""hidden_dim"": 64, ""dropout"": 0.1}, {""name"": ""switzerland"", ""encoder"": ""mlp_tabular_ln"", ""input_dim"": 8, ""hidden_dim"": 64, ""dropout"": 0.1}, {""name"": ""va_long_beach"", ""encoder"": ""mlp_tabular_ln"", ""input_dim"": 9, ""hidden_dim"": 64, ""dropout"": 0.1}], ""anchor_eps"": 0.0001, ""sep_samples_per_class"": 4, ""sep_method"": ""classifier"", ""sep_margin"": 1.0, ""lambda_fit"": 0.1, ""lambda_sep"": 0.1, ""groupdro_enabled"": true, ""groupdro_eta"": 0.02, ""groupdro_gamma"": 0.9, ""groupdro_update_mode"": ""exp"", ""groupdro_objective"": ""weighted"", ""groupdro_kl_lambda"": 0.0, ""groupdro_uniform_init"": false, ""log_interval"": 20, ""save_every"": 10, ""groupdro_ema_decay"": 0.9, ""groupdro_update_every"": 1, ""dro_signal"": ""val"", ""val_frac"": 0.15, ""impute_missing"": true, ""common_encoder"": false, ""use_regret"": true, ""optimal_losses"": [0.468332, 0.498132, 0.341179, 0.597641], ""data_split_seed"": 1004}","{""num_groups"": 4, ""num_classes"": 2, ""train_total"": 623, ""test_total"": 185, ""train_group_counts"": [205, 199, 83, 136], ""test_group_counts"": [61, 59, 25, 40], ""train_class_counts"": [278, 345], ""test_class_counts"": [83, 102], ""train_group_class_counts"": [[111, 94], [127, 72], [5, 78], [35, 101]], ""test_group_class_counts"": [[33, 28], [38, 21], [2, 23], [10, 30]], ""group_proportions"": [0.3290529695024077, 0.31942215088282505, 0.1332263242375602, 0.21829855537720708], ""val_group_counts"": [37, 36, 15, 24], ""val_total"": 112}","{""num_groups"": 4, ""eta"": 0.02, ""update_mode"": ""exp"", ""robust_objective"": ""weighted"", ""gamma"": 0.9, ""kl_lambda"": 0.0, ""initial_pi"": [0.32905295491218567, 0.3194221556186676, 0.13322632014751434, 0.2182985544204712]}",2026-09-16T04:21:08.534186,22,0.39373743202951217,0.8628472222222222,0.001,0.7513513513513513,0.7719074742984162,0.7,0.92,"[0.7049180327868853, 0.7627118644067796, 0.92, 0.7]","[0.6654113301182868, 0.5817176569884611, 0.33071374412626026, 0.6549303372390568]","[0.6987951807228916, 0.7941176470588235]","[[0.7272727272727273, 0.6785714285714286], [0.868421052631579, 0.5714285714285714], [0.0, 1.0], [0.1, 0.9]]","[61, 59, 25, 40]",0.7474477682811016,"[0.702922077922078, 0.7282894736842105, 0.4791666666666667, 0.48051948051948057]",0.4791666666666667,0.6654113301182868,0.7946428571428571,0.8148836336336336,0.7567567567567568,0.9333333333333333,"[0.7567567567567568, 0.7777777777777778, 0.9333333333333333, 0.7916666666666666]","[0.6612908086563284, 0.5292035411629412, 0.22812335640192033, 0.4491822710260749]","[0.72, 0.8548387096774194]","[[0.75, 0.7647058823529411], [0.8260869565217391, 0.6923076923076923], [0.0, 1.0], [0.3333333333333333, 0.9444444444444444]]","[37, 36, 15, 24]",0.7898000815993471,"[0.756043956043956, 0.7591973244147157, 0.4827586206896552, 0.6581196581196581]",0.4827586206896552,0.6612908086563284,"[0.33258548378944397, 0.32008251547813416, 0.1323780119419098, 0.2149539291858673]","[0.32131973405679065, 0.3907427357302772, 0.16834953054785728, 0.4307571119732327]","[0.33215925097465515, 0.3201710879802704, 0.13250675797462463, 0.2151629775762558]","[0.32905295491218567, 0.3194221556186676, 0.13322632014751434, 0.2182985544204712]",0.0
"{""run_name"": ""fedheart_exp_paper_hetagg_gdro"", ""seed"": 44, ""run_dir"": ""runs/fedheart_uncapped/Ours_Regret_s44_f4"", ""use_fedheart"": true, ""num_classes"": 2, ""stratified_batching"": true, ""train_frac"": 0.8, ""group_max_train_samples"": null, ""true_hetero_input_dim"": true, ""feature_mask"": [[0, 1, 2, 3, 5, 6, 7, 8, 9, 10], [0, 1, 2, 3, 5, 6, 11, 12], [0, 1, 2, 4, 5, 7, 11, 12], [0, 1, 2, 4, 5, 6, 8, 9, 10]], ""batch_size"": 64, ""num_workers"": 0, ""epochs"": 100, ""early_stopping_patience"": 30, ""lr"": 0.001, ""weight_decay"": 0.0001, ""optimizer"": ""adam"", ""grad_clip"": 1.0, ""lr_scheduler"": ""cosine"", ""lr_min"": 1e-05, ""latent_dim"": 64, ""head_hidden"": 32, ""groups"": [{""name"": ""cleveland"", ""encoder"": ""mlp_tabular_ln"", ""input_dim"": 10, ""hidden_dim"": 64, ""dropout"": 0.1}, {""name"": ""hungarian"", ""encoder"": ""mlp_tabular_ln"", ""input_dim"": 8, ""hidden_dim"": 64, ""dropout"": 0.1}, {""name"": ""switzerland"", ""encoder"": ""mlp_tabular_ln"", ""input_dim"": 8, ""hidden_dim"": 64, ""dropout"": 0.1}, {""name"": ""va_long_beach"", ""encoder"": ""mlp_tabular_ln"", ""input_dim"": 9, ""hidden_dim"": 64, ""dropout"": 0.1}], ""anchor_eps"": 0.0001, ""sep_samples_per_class"": 4, ""sep_method"": ""classifier"", ""sep_margin"": 1.0, ""lambda_fit"": 0.1, ""lambda_sep"": 0.1, ""groupdro_enabled"": true, ""groupdro_eta"": 0.02, ""groupdro_gamma"": 0.9, ""groupdro_update_mode"": ""exp"", ""groupdro_objective"": ""weighted"", ""groupdro_kl_lambda"": 0.0, ""groupdro_uniform_init"": false, ""log_interval"": 20, ""save_every"": 10, ""groupdro_ema_decay"": 0.9, ""groupdro_update_every"": 1, ""dro_signal"": ""val"", ""val_frac"": 0.15, ""impute_missing"": true, ""common_encoder"": false, ""use_regret"": true, ""optimal_losses"": [0.468332, 0.498132, 0.341179, 0.597641], ""data_split_seed"": 1004}","{""num_groups"": 4, ""num_classes"": 2, ""train_total"": 623, ""test_total"": 185, ""train_group_counts"": [205, 199, 83, 136], ""test_group_counts"": [61, 59, 25, 40], ""train_class_counts"": [278, 345], ""test_class_counts"": [83, 102], ""train_group_class_counts"": [[111, 94], [127, 72], [5, 78], [35, 101]], ""test_group_class_counts"": [[33, 28], [38, 21], [2, 23], [10, 30]], ""group_proportions"": [0.3290529695024077, 0.31942215088282505, 0.1332263242375602, 0.21829855537720708], ""val_group_counts"": [37, 36, 15, 24], ""val_total"": 112}","{""num_groups"": 4, ""eta"": 0.02, ""update_mode"": ""exp"", ""robust_objective"": ""weighted"", ""gamma"": 0.9, ""kl_lambda"": 0.0, ""initial_pi"": [0.32905295491218567, 0.3194221556186676, 0.13322632014751434, 0.2182985544204712]}",2026-09-16T04:21:08.534186,23,0.38341405656602645,0.8541666666666666,0.001,0.7567567567567568,0.7739931230897472,0.675,0.92,"[0.7213114754098361, 0.7796610169491526, 0.92, 0.675]","[0.6863828011040316, 0.566711019787748, 0.3087028605490923, 0.6590219368226826]","[0.6867469879518072, 0.8137254901960784]","[[0.696969696969697, 0.75], [0.868421052631579, 0.6190476190476191], [0.0, 1.0], [0.1, 0.8666666666666667]]","[61, 59, 25, 40]",0.7518554949476884,"[0.7210115684691957, 0.751054852320675, 0.4791666666666667, 0.4666666666666667]",0.4666666666666667,0.6863828011040316,0.7767857142857143,0.7977102102102103,0.7297297297297297,0.9333333333333333,"[0.7297297297297297, 0.7777777777777778, 0.9333333333333333, 0.75]","[0.6895536985248327, 0.5302268618510829, 0.22788609651227792, 0.45045411959290504]","[0.68, 0.8548387096774194]","[[0.7, 0.7647058823529411], [0.782608695652174, 0.7692307692307693], [0.0, 1.0], [0.3333333333333333, 0.8888888888888888]]","[37, 36, 15, 24]",0.7701715505212181,"[0.7295321637426899, 0.7662337662337662, 0.4827586206896552, 0.6210526315789474]",0.4827586206896552,0.6895536985248327,"[0.3330608010292053, 0.31996944546699524, 0.13223998248577118, 0.21472980082035065]","[0.314193038476838, 0.42751311924722457, 0.13769889871279398, 0.38750168681144714]","[0.33258548378944397, 0.32008251547813416, 0.1323780119419098, 0.2149539291858673]","[0.32905295491218567, 0.3194221556186676, 0.13322632014751434, 0.2182985544204712]",0.0
"{""run_name"": ""fedheart_exp_paper_hetagg_gdro"", ""seed"": 44, ""run_dir"": ""runs/fedheart_uncapped/Ours_Regret_s44_f4"", ""use_fedheart"": true, ""num_classes"": 2, ""stratified_batching"": true, ""train_frac"": 0.8, ""group_max_train_samples"": null, ""true_hetero_input_dim"": true, ""feature_mask"": [[0, 1, 2, 3, 5, 6, 7, 8, 9, 10], [0, 1, 2, 3, 5, 6, 11, 12], [0, 1, 2, 4, 5, 7, 11, 12], [0, 1, 2, 4, 5, 6, 8, 9, 10]], ""batch_size"": 64, ""num_workers"": 0, ""epochs"": 100, ""early_stopping_patience"": 30, ""lr"": 0.001, ""weight_decay"": 0.0001, ""optimizer"": ""adam"", ""grad_clip"": 1.0, ""lr_scheduler"": ""cosine"", ""lr_min"": 1e-05, ""latent_dim"": 64, ""head_hidden"": 32, ""groups"": [{""name"": ""cleveland"", ""encoder"": ""mlp_tabular_ln"", ""input_dim"": 10, ""hidden_dim"": 64, ""dropout"": 0.1}, {""name"": ""hungarian"", ""encoder"": ""mlp_tabular_ln"", ""input_dim"": 8, ""hidden_dim"": 64, ""dropout"": 0.1}, {""name"": ""switzerland"", ""encoder"": ""mlp_tabular_ln"", ""input_dim"": 8, ""hidden_dim"": 64, ""dropout"": 0.1}, {""name"": ""va_long_beach"", ""encoder"": ""mlp_tabular_ln"", ""input_dim"": 9, ""hidden_dim"": 64, ""dropout"": 0.1}], ""anchor_eps"": 0.0001, ""sep_samples_per_class"": 4, ""sep_method"": ""classifier"", ""sep_margin"": 1.0, ""lambda_fit"": 0.1, ""lambda_sep"": 0.1, ""groupdro_enabled"": true, ""groupdro_eta"": 0.02, ""groupdro_gamma"": 0.9, ""groupdro_update_mode"": ""exp"", ""groupdro_objective"": ""weighted"", ""groupdro_kl_lambda"": 0.0, ""groupdro_uniform_init"": false, ""log_interval"": 20, ""save_every"": 10, ""groupdro_ema_decay"": 0.9, ""groupdro_update_every"": 1, ""dro_signal"": ""val"", ""val_frac"": 0.15, ""impute_missing"": true, ""common_encoder"": false, ""use_regret"": true, ""optimal_losses"": [0.468332, 0.498132, 0.341179, 0.597641], ""data_split_seed"": 1004}","{""num_groups"": 4, ""num_classes"": 2, ""train_total"": 623, ""test_total"": 185, ""train_group_counts"": [205, 199, 83, 136], ""test_group_counts"": [61, 59, 25, 40], ""train_class_counts"": [278, 345], ""test_class_counts"": [83, 102], ""train_group_class_counts"": [[111, 94], [127, 72], [5, 78], [35, 101]], ""test_group_class_counts"": [[33, 28], [38, 21], [2, 23], [10, 30]], ""group_proportions"": [0.3290529695024077, 0.31942215088282505, 0.1332263242375602, 0.21829855537720708], ""val_group_counts"": [37, 36, 15, 24], ""val_total"": 112}","{""num_groups"": 4, ""eta"": 0.02, ""update_mode"": ""exp"", ""robust_objective"": ""weighted"", ""gamma"": 0.9, ""kl_lambda"": 0.0, ""initial_pi"": [0.32905295491218567, 0.3194221556186676, 0.13322632014751434, 0.2182985544204712]}",2026-09-16T04:21:08.534186,24,0.37021586298942566,0.8697916666666666,0.001,0.7567567567567568,0.7760058349541539,0.7,0.92,"[0.7213114754098361, 0.7627118644067796, 0.92, 0.7]","[0.6945780914383711, 0.5821087403001927, 0.33360513594001534, 0.6777771750465036]","[0.6987951807228916, 0.803921568627451]","[[0.7272727272727273, 0.7142857142857143], [0.868421052631579, 0.5714285714285714], [0.0, 1.0], [0.1, 0.9]]","[61, 59, 25, 40]",0.7525929448126244,"[0.7201079622132254, 0.7282894736842105, 0.4791666666666667, 0.48051948051948057]",0.4791666666666667,0.6945780914383711,0.7946428571428571,0.8148836336336336,0.7567567567567568,0.9333333333333333,"[0.7567567567567568, 0.7777777777777778, 0.9333333333333333, 0.7916666666666666]","[0.6952393840797044, 0.528978112878071, 0.24742663564781348, 0.45687819194669527]","[0.7, 0.8709677419354839]","[[0.75, 0.7647058823529411], [0.782608695652174, 0.7692307692307693], [0.0, 1.0], [0.3333333333333333, 0.9444444444444444]]","[37, 36, 15, 24]",0.7885578264795208,"[0.756043956043956, 0.7662337662337662, 0.4827586206896552, 0.6581196581196581]",0.4827586206896552,0.6952393840797044,"[0.3335830867290497, 0.31983238458633423, 0.1320931315422058, 0.2144913375377655]","[0.2937507703900337, 0.3679047574599584, 0.13521110287143123, 0.45939240687423283]","[0.3330608010292053, 0.31996944546699524, 0.13223998248577118, 0.21472980082035065]","[0.32905295491218567, 0.3194221556186676, 0.13322632014751434, 0.2182985544204712]",0.0
"{""run_name"": ""fedheart_exp_paper_hetagg_gdro"", ""seed"": 44, ""run_dir"": ""runs/fedheart_uncapped/Ours_Regret_s44_f4"", ""use_fedheart"": true, ""num_classes"": 2, ""stratified_batching"": true, ""train_frac"": 0.8, ""group_max_train_samples"": null, ""true_hetero_input_dim"": true, ""feature_mask"": [[0, 1, 2, 3, 5, 6, 7, 8, 9, 10], [0, 1, 2, 3, 5, 6, 11, 12], [0, 1, 2, 4, 5, 7, 11, 12], [0, 1, 2, 4, 5, 6, 8, 9, 10]], ""batch_size"": 64, ""num_workers"": 0, ""epochs"": 100, ""early_stopping_patience"": 30, ""lr"": 0.001, ""weight_decay"": 0.0001, ""optimizer"": ""adam"", ""grad_clip"": 1.0, ""lr_scheduler"": ""cosine"", ""lr_min"": 1e-05, ""latent_dim"": 64, ""head_hidden"": 32, ""groups"": [{""name"": ""cleveland"", ""encoder"": ""mlp_tabular_ln"", ""input_dim"": 10, ""hidden_dim"": 64, ""dropout"": 0.1}, {""name"": ""hungarian"", ""encoder"": ""mlp_tabular_ln"", ""input_dim"": 8, ""hidden_dim"": 64, ""dropout"": 0.1}, {""name"": ""switzerland"", ""encoder"": ""mlp_tabular_ln"", ""input_dim"": 8, ""hidden_dim"": 64, ""dropout"": 0.1}, {""name"": ""va_long_beach"", ""encoder"": ""mlp_tabular_ln"", ""input_dim"": 9, ""hidden_dim"": 64, ""dropout"": 0.1}], ""anchor_eps"": 0.0001, ""sep_samples_per_class"": 4, ""sep_method"": ""classifier"", ""sep_margin"": 1.0, ""lambda_fit"": 0.1, ""lambda_sep"": 0.1, ""groupdro_enabled"": true, ""groupdro_eta"": 0.02, ""groupdro_gamma"": 0.9, ""groupdro_update_mode"": ""exp"", ""groupdro_objective"": ""weighted"", ""groupdro_kl_lambda"": 0.0, ""groupdro_uniform_init"": false, ""log_interval"": 20, ""save_every"": 10, ""groupdro_ema_decay"": 0.9, ""groupdro_update_every"": 1, ""dro_signal"": ""val"", ""val_frac"": 0.15, ""impute_missing"": true, ""common_encoder"": false, ""use_regret"": true, ""optimal_losses"": [0.468332, 0.498132, 0.341179, 0.597641], ""data_split_seed"": 1004}","{""num_groups"": 4, ""num_classes"": 2, ""train_total"": 623, ""test_total"": 185, ""train_group_counts"": [205, 199, 83, 136], ""test_group_counts"": [61, 59, 25, 40], ""train_class_counts"": [278, 345], ""test_class_counts"": [83, 102], ""train_group_class_counts"": [[111, 94], [127, 72], [5, 78], [35, 101]], ""test_group_class_counts"": [[33, 28], [38, 21], [2, 23], [10, 30]], ""group_proportions"": [0.3290529695024077, 0.31942215088282505, 0.1332263242375602, 0.21829855537720708], ""val_group_counts"": [37, 36, 15, 24], ""val_total"": 112}","{""num_groups"": 4, ""eta"": 0.02, ""update_mode"": ""exp"", ""robust_objective"": ""weighted"", ""gamma"": 0.9, ""kl_lambda"": 0.0, ""initial_pi"": [0.32905295491218567, 0.3194221556186676, 0.13322632014751434, 0.2182985544204712]}",2026-09-16T04:21:08.534186,25,0.37395160231325364,0.8576388888888888,0.001,0.745945945945946,0.7678091136426786,0.6885245901639344,0.92,"[0.6885245901639344, 0.7627118644067796, 0.92, 0.7]","[0.6940924241589229, 0.599368806644264, 0.339189034961164, 0.6735095142852515]","[0.6867469879518072, 0.7941176470588235]","[[0.696969696969697, 0.6785714285714286], [0.868421052631579, 0.5714285714285714], [0.0, 1.0], [0.1, 0.9]]","[61, 59, 25, 40]",0.7415970756931856,"[0.6871794871794872, 0.7282894736842105, 0.4791666666666667, 0.48051948051948057]",0.4791666666666667,0.6940924241589229,0.7857142857142857,0.8081268768768769,0.7297297297297297,0.9333333333333333,"[0.7297297297297297, 0.7777777777777778, 0.9333333333333333, 0.7916666666666666]","[0.6930759630820437, 0.5530585697334673, 0.24092723050465187, 0.4621525142962734]","[0.7, 0.8548387096774194]","[[0.75, 0.7058823529411765], [0.782608695652174, 0.7692307692307693], [0.0, 1.0], [0.3333333333333333, 0.9444444444444444]]","[37, 36, 15, 24]",0.7800327332242225,"[0.7279411764705883, 0.7662337662337662, 0.4827586206896552, 0.6581196581196581]",0.4827586206896552,0.6930759630820437,"[0.3341418206691742, 0.3196846842765808, 0.13193652033805847, 0.2142370492219925]","[0.2748480521970325, 0.4414104289478726, 0.15209328134854636, 0.42713115281528896]","[0.3335830867290497, 0.31983238458633423, 0.1320931315422058, 0.2144913375377655]","[0.32905295491218567, 0.3194221556186676, 0.13322632014751434, 0.2182985544204712]",0.0
"{""run_name"": ""fedheart_exp_paper_hetagg_gdro"", ""seed"": 44, ""run_dir"": ""runs/fedheart_uncapped/Ours_Regret_s44_f4"", ""use_fedheart"": true, ""num_classes"": 2, ""stratified_batching"": true, ""train_frac"": 0.8, ""group_max_train_samples"": null, ""true_hetero_input_dim"": true, ""feature_mask"": [[0, 1, 2, 3, 5, 6, 7, 8, 9, 10], [0, 1, 2, 3, 5, 6, 11, 12], [0, 1, 2, 4, 5, 7, 11, 12], [0, 1, 2, 4, 5, 6, 8, 9, 10]], ""batch_size"": 64, ""num_workers"": 0, ""epochs"": 100, ""early_stopping_patience"": 30, ""lr"": 0.001, ""weight_decay"": 0.0001, ""optimizer"": ""adam"", ""grad_clip"": 1.0, ""lr_scheduler"": ""cosine"", ""lr_min"": 1e-05, ""latent_dim"": 64, ""head_hidden"": 32, ""groups"": [{""name"": ""cleveland"", ""encoder"": ""mlp_tabular_ln"", ""input_dim"": 10, ""hidden_dim"": 64, ""dropout"": 0.1}, {""name"": ""hungarian"", ""encoder"": ""mlp_tabular_ln"", ""input_dim"": 8, ""hidden_dim"": 64, ""dropout"": 0.1}, {""name"": ""switzerland"", ""encoder"": ""mlp_tabular_ln"", ""input_dim"": 8, ""hidden_dim"": 64, ""dropout"": 0.1}, {""name"": ""va_long_beach"", ""encoder"": ""mlp_tabular_ln"", ""input_dim"": 9, ""hidden_dim"": 64, ""dropout"": 0.1}], ""anchor_eps"": 0.0001, ""sep_samples_per_class"": 4, ""sep_method"": ""classifier"", ""sep_margin"": 1.0, ""lambda_fit"": 0.1, ""lambda_sep"": 0.1, ""groupdro_enabled"": true, ""groupdro_eta"": 0.02, ""groupdro_gamma"": 0.9, ""groupdro_update_mode"": ""exp"", ""groupdro_objective"": ""weighted"", ""groupdro_kl_lambda"": 0.0, ""groupdro_uniform_init"": false, ""log_interval"": 20, ""save_every"": 10, ""groupdro_ema_decay"": 0.9, ""groupdro_update_every"": 1, ""dro_signal"": ""val"", ""val_frac"": 0.15, ""impute_missing"": true, ""common_encoder"": false, ""use_regret"": true, ""optimal_losses"": [0.468332, 0.498132, 0.341179, 0.597641], ""data_split_seed"": 1004}","{""num_groups"": 4, ""num_classes"": 2, ""train_total"": 623, ""test_total"": 185, ""train_group_counts"": [205, 199, 83, 136], ""test_group_counts"": [61, 59, 25, 40], ""train_class_counts"": [278, 345], ""test_class_counts"": [83, 102], ""train_group_class_counts"": [[111, 94], [127, 72], [5, 78], [35, 101]], ""test_group_class_counts"": [[33, 28], [38, 21], [2, 23], [10, 30]], ""group_proportions"": [0.3290529695024077, 0.31942215088282505, 0.1332263242375602, 0.21829855537720708], ""val_group_counts"": [37, 36, 15, 24], ""val_total"": 112}","{""num_groups"": 4, ""eta"": 0.02, ""update_mode"": ""exp"", ""robust_objective"": ""weighted"", ""gamma"": 0.9, ""kl_lambda"": 0.0, ""initial_pi"": [0.32905295491218567, 0.3194221556186676, 0.13322632014751434, 0.2182985544204712]}",2026-09-16T04:21:08.534186,26,0.33129780491193134,0.8680555555555556,0.001,0.7567567567567568,0.7761447624340094,0.7,0.92,"[0.7049180327868853, 0.7796610169491526, 0.92, 0.7]","[0.7159279707025309, 0.6044185572951022, 0.35047293189913037, 0.6751271156594157]","[0.6867469879518072, 0.8137254901960784]","[[0.696969696969697, 0.7142857142857143], [0.868421052631579, 0.6190476190476191], [0.0, 1.0], [0.1, 0.9]]","[61, 59, 25, 40]",0.7518554949476884,"[0.7042025862068966, 0.751054852320675, 0.4791666666666667, 0.48051948051948057]",0.4791666666666667,0.7159279707025309,0.7857142857142857,0.8081268768768769,0.7297297297297297,0.9333333333333333,"[0.7297297297297297, 0.7777777777777778, 0.9333333333333333, 0.7916666666666666]","[0.7268490500597132, 0.5462645687576797, 0.25026089828461406, 0.4338062222426136]","[0.7, 0.8548387096774194]","[[0.75, 0.7058823529411765], [0.782608695652174, 0.7692307692307693], [0.0, 1.0], [0.3333333333333333, 0.9444444444444444]]","[37, 36, 15, 24]",0.7800327332242225,"[0.7279411764705883, 0.7662337662337662, 0.4827586206896552, 0.6581196581196581]",0.4827586206896552,0.7268490500597132,"[0.33474981784820557, 0.31951695680618286, 0.13176867365837097, 0.21396450698375702]","[0.26890366276105243, 0.3821864326794942, 0.11369704496529368, 0.3767143289248149]","[0.3341418206691742, 0.3196846842765808, 0.13193652033805847, 0.2142370492219925]","[0.32905295491218567, 0.3194221556186676, 0.13322632014751434, 0.2182985544204712]",0.0
"{""run_name"": ""fedheart_exp_paper_hetagg_gdro"", ""seed"": 44, ""run_dir"": ""runs/fedheart_uncapped/Ours_Regret_s44_f4"", ""use_fedheart"": true, ""num_classes"": 2, ""stratified_batching"": true, ""train_frac"": 0.8, ""group_max_train_samples"": null, ""true_hetero_input_dim"": true, ""feature_mask"": [[0, 1, 2, 3, 5, 6, 7, 8, 9, 10], [0, 1, 2, 3, 5, 6, 11, 12], [0, 1, 2, 4, 5, 7, 11, 12], [0, 1, 2, 4, 5, 6, 8, 9, 10]], ""batch_size"": 64, ""num_workers"": 0, ""epochs"": 100, ""early_stopping_patience"": 30, ""lr"": 0.001, ""weight_decay"": 0.0001, ""optimizer"": ""adam"", ""grad_clip"": 1.0, ""lr_scheduler"": ""cosine"", ""lr_min"": 1e-05, ""latent_dim"": 64, ""head_hidden"": 32, ""groups"": [{""name"": ""cleveland"", ""encoder"": ""mlp_tabular_ln"", ""input_dim"": 10, ""hidden_dim"": 64, ""dropout"": 0.1}, {""name"": ""hungarian"", ""encoder"": ""mlp_tabular_ln"", ""input_dim"": 8, ""hidden_dim"": 64, ""dropout"": 0.1}, {""name"": ""switzerland"", ""encoder"": ""mlp_tabular_ln"", ""input_dim"": 8, ""hidden_dim"": 64, ""dropout"": 0.1}, {""name"": ""va_long_beach"", ""encoder"": ""mlp_tabular_ln"", ""input_dim"": 9, ""hidden_dim"": 64, ""dropout"": 0.1}], ""anchor_eps"": 0.0001, ""sep_samples_per_class"": 4, ""sep_method"": ""classifier"", ""sep_margin"": 1.0, ""lambda_fit"": 0.1, ""lambda_sep"": 0.1, ""groupdro_enabled"": true, ""groupdro_eta"": 0.02, ""groupdro_gamma"": 0.9, ""groupdro_update_mode"": ""exp"", ""groupdro_objective"": ""weighted"", ""groupdro_kl_lambda"": 0.0, ""groupdro_uniform_init"": false, ""log_interval"": 20, ""save_every"": 10, ""groupdro_ema_decay"": 0.9, ""groupdro_update_every"": 1, ""dro_signal"": ""val"", ""val_frac"": 0.15, ""impute_missing"": true, ""common_encoder"": false, ""use_regret"": true, ""optimal_losses"": [0.468332, 0.498132, 0.341179, 0.597641], ""data_split_seed"": 1004}","{""num_groups"": 4, ""num_classes"": 2, ""train_total"": 623, ""test_total"": 185, ""train_group_counts"": [205, 199, 83, 136], ""test_group_counts"": [61, 59, 25, 40], ""train_class_counts"": [278, 345], ""test_class_counts"": [83, 102], ""train_group_class_counts"": [[111, 94], [127, 72], [5, 78], [35, 101]], ""test_group_class_counts"": [[33, 28], [38, 21], [2, 23], [10, 30]], ""group_proportions"": [0.3290529695024077, 0.31942215088282505, 0.1332263242375602, 0.21829855537720708], ""val_group_counts"": [37, 36, 15, 24], ""val_total"": 112}","{""num_groups"": 4, ""eta"": 0.02, ""update_mode"": ""exp"", ""robust_objective"": ""weighted"", ""gamma"": 0.9, ""kl_lambda"": 0.0, ""initial_pi"": [0.32905295491218567, 0.3194221556186676, 0.13322632014751434, 0.2182985544204712]}",2026-09-16T04:21:08.534186,27,0.3320874356561237,0.8993055555555556,0.001,0.7621621621621621,0.7823947624340095,0.7049180327868853,0.92,"[0.7049180327868853, 0.7796610169491526, 0.92, 0.725]","[0.7182223404467595, 0.6169160284354525, 0.3446277932450175, 0.6874895637622103]","[0.7108433734939759, 0.803921568627451]","[[0.7575757575757576, 0.6428571428571429], [0.868421052631579, 0.6190476190476191], [0.0, 1.0], [0.1, 0.9333333333333333]]","[61, 59, 25, 40]",0.7584283000949668,"[0.7009803921568627, 0.751054852320675, 0.4791666666666667, 0.49483352468427094]",0.4791666666666667,0.7182223404467595,0.7857142857142857,0.8081268768768769,0.7297297297297297,0.9333333333333333,"[0.7297297297297297, 0.7777777777777778, 0.9333333333333333, 0.7916666666666666]","[0.7312524742698548, 0.5341837485838268, 0.2539356791724761, 0.4212695822740595]","[0.7, 0.8548387096774194]","[[0.75, 0.7058823529411765], [0.782608695652174, 0.7692307692307693], [0.0, 1.0], [0.3333333333333333, 0.9444444444444444]]","[37, 36, 15, 24]",0.7800327332242225,"[0.7279411764705883, 0.7662337662337662, 0.4827586206896552, 0.6581196581196581]",0.4827586206896552,0.7312524742698548,"[0.33540698885917664, 0.3193250000476837, 0.13159139454364777, 0.21367664635181427]","[0.26183878050910103, 0.371677964925766, 0.21762102759546703, 0.3513087232907613]","[0.33474981784820557, 0.31951695680618286, 0.13176867365837097, 0.21396450698375702]","[0.32905295491218567, 0.3194221556186676, 0.13322632014751434, 0.2182985544204712]",0.0
"{""run_name"": ""fedheart_exp_paper_hetagg_gdro"", ""seed"": 44, ""run_dir"": ""runs/fedheart_uncapped/Ours_Regret_s44_f4"", ""use_fedheart"": true, ""num_classes"": 2, ""stratified_batching"": true, ""train_frac"": 0.8, ""group_max_train_samples"": null, ""true_hetero_input_dim"": true, ""feature_mask"": [[0, 1, 2, 3, 5, 6, 7, 8, 9, 10], [0, 1, 2, 3, 5, 6, 11, 12], [0, 1, 2, 4, 5, 7, 11, 12], [0, 1, 2, 4, 5, 6, 8, 9, 10]], ""batch_size"": 64, ""num_workers"": 0, ""epochs"": 100, ""early_stopping_patience"": 30, ""lr"": 0.001, ""weight_decay"": 0.0001, ""optimizer"": ""adam"", ""grad_clip"": 1.0, ""lr_scheduler"": ""cosine"", ""lr_min"": 1e-05, ""latent_dim"": 64, ""head_hidden"": 32, ""groups"": [{""name"": ""cleveland"", ""encoder"": ""mlp_tabular_ln"", ""input_dim"": 10, ""hidden_dim"": 64, ""dropout"": 0.1}, {""name"": ""hungarian"", ""encoder"": ""mlp_tabular_ln"", ""input_dim"": 8, ""hidden_dim"": 64, ""dropout"": 0.1}, {""name"": ""switzerland"", ""encoder"": ""mlp_tabular_ln"", ""input_dim"": 8, ""hidden_dim"": 64, ""dropout"": 0.1}, {""name"": ""va_long_beach"", ""encoder"": ""mlp_tabular_ln"", ""input_dim"": 9, ""hidden_dim"": 64, ""dropout"": 0.1}], ""anchor_eps"": 0.0001, ""sep_samples_per_class"": 4, ""sep_method"": ""classifier"", ""sep_margin"": 1.0, ""lambda_fit"": 0.1, ""lambda_sep"": 0.1, ""groupdro_enabled"": true, ""groupdro_eta"": 0.02, ""groupdro_gamma"": 0.9, ""groupdro_update_mode"": ""exp"", ""groupdro_objective"": ""weighted"", ""groupdro_kl_lambda"": 0.0, ""groupdro_uniform_init"": false, ""log_interval"": 20, ""save_every"": 10, ""groupdro_ema_decay"": 0.9, ""groupdro_update_every"": 1, ""dro_signal"": ""val"", ""val_frac"": 0.15, ""impute_missing"": true, ""common_encoder"": false, ""use_regret"": true, ""optimal_losses"": [0.468332, 0.498132, 0.341179, 0.597641], ""data_split_seed"": 1004}","{""num_groups"": 4, ""num_classes"": 2, ""train_total"": 623, ""test_total"": 185, ""train_group_counts"": [205, 199, 83, 136], ""test_group_counts"": [61, 59, 25, 40], ""train_class_counts"": [278, 345], ""test_class_counts"": [83, 102], ""train_group_class_counts"": [[111, 94], [127, 72], [5, 78], [35, 101]], ""test_group_class_counts"": [[33, 28], [38, 21], [2, 23], [10, 30]], ""group_proportions"": [0.3290529695024077, 0.31942215088282505, 0.1332263242375602, 0.21829855537720708], ""val_group_counts"": [37, 36, 15, 24], ""val_total"": 112}","{""num_groups"": 4, ""eta"": 0.02, ""update_mode"": ""exp"", ""robust_objective"": ""weighted"", ""gamma"": 0.9, ""kl_lambda"": 0.0, ""initial_pi"": [0.32905295491218567, 0.3194221556186676, 0.13322632014751434, 0.2182985544204712]}",2026-09-16T04:21:08.534186,28,0.3136507140265571,0.8767361111111112,0.001,0.772972972972973,0.7907304112253404,0.7213114754098361,0.92,"[0.7213114754098361, 0.7966101694915254, 0.92, 0.725]","[0.7130813831730639, 0.6189372772824461, 0.36159154364839197, 0.7322845768881961]","[0.7228915662650602, 0.8137254901960784]","[[0.7575757575757576, 0.6785714285714286], [0.8947368421052632, 0.6190476190476191], [0.0, 1.0], [0.1, 0.9333333333333333]]","[61, 59, 25, 40]",0.7694088319088319,"[0.7185888738127544, 0.7671052631578947, 0.4791666666666667, 0.49483352468427094]",0.4791666666666667,0.7322845768881961,0.7946428571428571,0.8150713213213213,0.7297297297297297,0.9333333333333333,"[0.7297297297297297, 0.8055555555555556, 0.9333333333333333, 0.7916666666666666]","[0.7342763097100967, 0.5168419762824973, 0.2574856778606772, 0.46733790698150796]","[0.72, 0.8548387096774194]","[[0.75, 0.7058823529411765], [0.8260869565217391, 0.7692307692307693], [0.0, 1.0], [0.3333333333333333, 0.9444444444444444]]","[37, 36, 15, 24]",0.7898000815993471,"[0.7279411764705883, 0.7925925925925926, 0.4827586206896552, 0.6581196581196581]",0.4827586206896552,0.7342763097100967,"[0.3361136317253113, 0.31910285353660583, 0.1314067542552948, 0.21337682008743286]","[0.26767199403709835, 0.3931344283951653, 0.12489367773135503, 0.32191143102116054]","[0.33540698885917664, 0.3193250000476837, 0.13159139454364777, 0.21367664635181427]","[0.32905295491218567, 0.3194221556186676, 0.13322632014751434, 0.2182985544204712]",0.0
"{""run_name"": ""fedheart_exp_paper_hetagg_gdro"", ""seed"": 44, ""run_dir"": ""runs/fedheart_uncapped/Ours_Regret_s44_f4"", ""use_fedheart"": true, ""num_classes"": 2, ""stratified_batching"": true, ""train_frac"": 0.8, ""group_max_train_samples"": null, ""true_hetero_input_dim"": true, ""feature_mask"": [[0, 1, 2, 3, 5, 6, 7, 8, 9, 10], [0, 1, 2, 3, 5, 6, 11, 12], [0, 1, 2, 4, 5, 7, 11, 12], [0, 1, 2, 4, 5, 6, 8, 9, 10]], ""batch_size"": 64, ""num_workers"": 0, ""epochs"": 100, ""early_stopping_patience"": 30, ""lr"": 0.001, ""weight_decay"": 0.0001, ""optimizer"": ""adam"", ""grad_clip"": 1.0, ""lr_scheduler"": ""cosine"", ""lr_min"": 1e-05, ""latent_dim"": 64, ""head_hidden"": 32, ""groups"": [{""name"": ""cleveland"", ""encoder"": ""mlp_tabular_ln"", ""input_dim"": 10, ""hidden_dim"": 64, ""dropout"": 0.1}, {""name"": ""hungarian"", ""encoder"": ""mlp_tabular_ln"", ""input_dim"": 8, ""hidden_dim"": 64, ""dropout"": 0.1}, {""name"": ""switzerland"", ""encoder"": ""mlp_tabular_ln"", ""input_dim"": 8, ""hidden_dim"": 64, ""dropout"": 0.1}, {""name"": ""va_long_beach"", ""encoder"": ""mlp_tabular_ln"", ""input_dim"": 9, ""hidden_dim"": 64, ""dropout"": 0.1}], ""anchor_eps"": 0.0001, ""sep_samples_per_class"": 4, ""sep_method"": ""classifier"", ""sep_margin"": 1.0, ""lambda_fit"": 0.1, ""lambda_sep"": 0.1, ""groupdro_enabled"": true, ""groupdro_eta"": 0.02, ""groupdro_gamma"": 0.9, ""groupdro_update_mode"": ""exp"", ""groupdro_objective"": ""weighted"", ""groupdro_kl_lambda"": 0.0, ""groupdro_uniform_init"": false, ""log_interval"": 20, ""save_every"": 10, ""groupdro_ema_decay"": 0.9, ""groupdro_update_every"": 1, ""dro_signal"": ""val"", ""val_frac"": 0.15, ""impute_missing"": true, ""common_encoder"": false, ""use_regret"": true, ""optimal_losses"": [0.468332, 0.498132, 0.341179, 0.597641], ""data_split_seed"": 1004}","{""num_groups"": 4, ""num_classes"": 2, ""train_total"": 623, ""test_total"": 185, ""train_group_counts"": [205, 199, 83, 136], ""test_group_counts"": [61, 59, 25, 40], ""train_class_counts"": [278, 345], ""test_class_counts"": [83, 102], ""train_group_class_counts"": [[111, 94], [127, 72], [5, 78], [35, 101]], ""test_group_class_counts"": [[33, 28], [38, 21], [2, 23], [10, 30]], ""group_proportions"": [0.3290529695024077, 0.31942215088282505, 0.1332263242375602, 0.21829855537720708], ""val_group_counts"": [37, 36, 15, 24], ""val_total"": 112}","{""num_groups"": 4, ""eta"": 0.02, ""update_mode"": ""exp"", ""robust_objective"": ""weighted"", ""gamma"": 0.9, ""kl_lambda"": 0.0, ""initial_pi"": [0.32905295491218567, 0.3194221556186676, 0.13322632014751434, 0.2182985544204712]}",2026-09-16T04:21:08.534186,29,0.316634949710634,0.8767361111111112,0.001,0.7621621621621621,0.7803820505696026,0.7,0.92,"[0.7049180327868853, 0.7966101694915254, 0.92, 0.7]","[0.7437954680310929, 0.6431598336577921, 0.3448872219026089, 0.7473280419129879]","[0.6867469879518072, 0.8235294117647058]","[[0.696969696969697, 0.7142857142857143], [0.868421052631579, 0.6666666666666666], [0.0, 1.0], [0.1, 0.9]]","[61, 59, 25, 40]",0.7569859087652258,"[0.7042025862068966, 0.773076923076923, 0.4791666666666667, 0.48051948051948057]",0.4791666666666667,0.7473280419129879,0.7767857142857143,0.7977102102102103,0.7297297297297297,0.9333333333333333,"[0.7297297297297297, 0.7777777777777778, 0.9333333333333333, 0.75]","[0.7601159291492926, 0.5626406775683992, 0.23077785146112242, 0.5027148854763558]","[0.7, 0.8387096774193549]","[[0.75, 0.7058823529411765], [0.782608695652174, 0.7692307692307693], [0.0, 1.0], [0.3333333333333333, 0.8888888888888888]]","[37, 36, 15, 24]",0.7715218278253773,"[0.7279411764705883, 0.7662337662337662, 0.4827586206896552, 0.6210526315789474]",0.4827586206896552,0.7601159291492926,"[0.3368666470050812, 0.3188677430152893, 0.1312093287706375, 0.21305623650550842]","[0.28893887334399754, 0.3668774978982078, 0.1277249524783757, 0.35340121471219593]","[0.3361136317253113, 0.31910285353660583, 0.1314067542552948, 0.21337682008743286]","[0.32905295491218567, 0.3194221556186676, 0.13322632014751434, 0.2182985544204712]",0.0
"{""run_name"": ""fedheart_exp_paper_hetagg_gdro"", ""seed"": 44, ""run_dir"": ""runs/fedheart_uncapped/Ours_Regret_s44_f4"", ""use_fedheart"": true, ""num_classes"": 2, ""stratified_batching"": true, ""train_frac"": 0.8, ""group_max_train_samples"": null, ""true_hetero_input_dim"": true, ""feature_mask"": [[0, 1, 2, 3, 5, 6, 7, 8, 9, 10], [0, 1, 2, 3, 5, 6, 11, 12], [0, 1, 2, 4, 5, 7, 11, 12], [0, 1, 2, 4, 5, 6, 8, 9, 10]], ""batch_size"": 64, ""num_workers"": 0, ""epochs"": 100, ""early_stopping_patience"": 30, ""lr"": 0.001, ""weight_decay"": 0.0001, ""optimizer"": ""adam"", ""grad_clip"": 1.0, ""lr_scheduler"": ""cosine"", ""lr_min"": 1e-05, ""latent_dim"": 64, ""head_hidden"": 32, ""groups"": [{""name"": ""cleveland"", ""encoder"": ""mlp_tabular_ln"", ""input_dim"": 10, ""hidden_dim"": 64, ""dropout"": 0.1}, {""name"": ""hungarian"", ""encoder"": ""mlp_tabular_ln"", ""input_dim"": 8, ""hidden_dim"": 64, ""dropout"": 0.1}, {""name"": ""switzerland"", ""encoder"": ""mlp_tabular_ln"", ""input_dim"": 8, ""hidden_dim"": 64, ""dropout"": 0.1}, {""name"": ""va_long_beach"", ""encoder"": ""mlp_tabular_ln"", ""input_dim"": 9, ""hidden_dim"": 64, ""dropout"": 0.1}], ""anchor_eps"": 0.0001, ""sep_samples_per_class"": 4, ""sep_method"": ""classifier"", ""sep_margin"": 1.0, ""lambda_fit"": 0.1, ""lambda_sep"": 0.1, ""groupdro_enabled"": true, ""groupdro_eta"": 0.02, ""groupdro_gamma"": 0.9, ""groupdro_update_mode"": ""exp"", ""groupdro_objective"": ""weighted"", ""groupdro_kl_lambda"": 0.0, ""groupdro_uniform_init"": false, ""log_interval"": 20, ""save_every"": 10, ""groupdro_ema_decay"": 0.9, ""groupdro_update_every"": 1, ""dro_signal"": ""val"", ""val_frac"": 0.15, ""impute_missing"": true, ""common_encoder"": false, ""use_regret"": true, ""optimal_losses"": [0.468332, 0.498132, 0.341179, 0.597641], ""data_split_seed"": 1004}","{""num_groups"": 4, ""num_classes"": 2, ""train_total"": 623, ""test_total"": 185, ""train_group_counts"": [205, 199, 83, 136], ""test_group_counts"": [61, 59, 25, 40], ""train_class_counts"": [278, 345], ""test_class_counts"": [83, 102], ""train_group_class_counts"": [[111, 94], [127, 72], [5, 78], [35, 101]], ""test_group_class_counts"": [[33, 28], [38, 21], [2, 23], [10, 30]], ""group_proportions"": [0.3290529695024077, 0.31942215088282505, 0.1332263242375602, 0.21829855537720708], ""val_group_counts"": [37, 36, 15, 24], ""val_total"": 112}","{""num_groups"": 4, ""eta"": 0.02, ""update_mode"": ""exp"", ""robust_objective"": ""weighted"", ""gamma"": 0.9, ""kl_lambda"": 0.0, ""initial_pi"": [0.32905295491218567, 0.3194221556186676, 0.13322632014751434, 0.2182985544204712]}",2026-09-16T04:21:08.534186,30,0.3500799338022868,0.8611111111111112,0.001,0.7513513513513513,0.7677431230897471,0.65,0.92,"[0.7213114754098361, 0.7796610169491526, 0.92, 0.65]","[0.7729708416555382, 0.6325988387846846, 0.3434527538157999, 0.7174701482988894]","[0.7108433734939759, 0.7843137254901961]","[[0.7272727272727273, 0.7142857142857143], [0.8947368421052632, 0.5714285714285714], [0.0, 1.0], [0.1, 0.8333333333333334]]","[61, 59, 25, 40]",0.7481056121240824,"[0.7201079622132254, 0.7440774107440773, 0.4791666666666667, 0.453125]",0.453125,0.7729708416555382,0.7857142857142857,0.8046546546546547,0.7297297297297297,0.9333333333333333,"[0.7297297297297297, 0.8055555555555556, 0.9333333333333333, 0.75]","[0.7787436085211968, 0.5346545335940189, 0.22732243031884233, 0.4601825475692749]","[0.72, 0.8387096774193549]","[[0.75, 0.7058823529411765], [0.8260869565217391, 0.7692307692307693], [0.0, 1.0], [0.3333333333333333, 0.8888888888888888]]","[37, 36, 15, 24]",0.78125,"[0.7279411764705883, 0.7925925925925926, 0.4827586206896552, 0.6210526315789474]",0.4827586206896552,0.7787436085211968,"[0.3376760482788086, 0.3186047077178955, 0.13100111484527588, 0.2127181440591812]","[0.28344141278002, 0.40208369493484497, 0.1432138230237696, 0.45629892415470547]","[0.3368666470050812, 0.3188677430152893, 0.1312093287706375, 0.21305623650550842]","[0.32905295491218567, 0.3194221556186676, 0.13322632014751434, 0.2182985544204712]",0.0
"{""run_name"": ""fedheart_exp_paper_hetagg_gdro"", ""seed"": 44, ""run_dir"": ""runs/fedheart_uncapped/Ours_Regret_s44_f4"", ""use_fedheart"": true, ""num_classes"": 2, ""stratified_batching"": true, ""train_frac"": 0.8, ""group_max_train_samples"": null, ""true_hetero_input_dim"": true, ""feature_mask"": [[0, 1, 2, 3, 5, 6, 7, 8, 9, 10], [0, 1, 2, 3, 5, 6, 11, 12], [0, 1, 2, 4, 5, 7, 11, 12], [0, 1, 2, 4, 5, 6, 8, 9, 10]], ""batch_size"": 64, ""num_workers"": 0, ""epochs"": 100, ""early_stopping_patience"": 30, ""lr"": 0.001, ""weight_decay"": 0.0001, ""optimizer"": ""adam"", ""grad_clip"": 1.0, ""lr_scheduler"": ""cosine"", ""lr_min"": 1e-05, ""latent_dim"": 64, ""head_hidden"": 32, ""groups"": [{""name"": ""cleveland"", ""encoder"": ""mlp_tabular_ln"", ""input_dim"": 10, ""hidden_dim"": 64, ""dropout"": 0.1}, {""name"": ""hungarian"", ""encoder"": ""mlp_tabular_ln"", ""input_dim"": 8, ""hidden_dim"": 64, ""dropout"": 0.1}, {""name"": ""switzerland"", ""encoder"": ""mlp_tabular_ln"", ""input_dim"": 8, ""hidden_dim"": 64, ""dropout"": 0.1}, {""name"": ""va_long_beach"", ""encoder"": ""mlp_tabular_ln"", ""input_dim"": 9, ""hidden_dim"": 64, ""dropout"": 0.1}], ""anchor_eps"": 0.0001, ""sep_samples_per_class"": 4, ""sep_method"": ""classifier"", ""sep_margin"": 1.0, ""lambda_fit"": 0.1, ""lambda_sep"": 0.1, ""groupdro_enabled"": true, ""groupdro_eta"": 0.02, ""groupdro_gamma"": 0.9, ""groupdro_update_mode"": ""exp"", ""groupdro_objective"": ""weighted"", ""groupdro_kl_lambda"": 0.0, ""groupdro_uniform_init"": false, ""log_interval"": 20, ""save_every"": 10, ""groupdro_ema_decay"": 0.9, ""groupdro_update_every"": 1, ""dro_signal"": ""val"", ""val_frac"": 0.15, ""impute_missing"": true, ""common_encoder"": false, ""use_regret"": true, ""optimal_losses"": [0.468332, 0.498132, 0.341179, 0.597641], ""data_split_seed"": 1004}","{""num_groups"": 4, ""num_classes"": 2, ""train_total"": 623, ""test_total"": 185, ""train_group_counts"": [205, 199, 83, 136], ""test_group_counts"": [61, 59, 25, 40], ""train_class_counts"": [278, 345], ""test_class_counts"": [83, 102], ""train_group_class_counts"": [[111, 94], [127, 72], [5, 78], [35, 101]], ""test_group_class_counts"": [[33, 28], [38, 21], [2, 23], [10, 30]], ""group_proportions"": [0.3290529695024077, 0.31942215088282505, 0.1332263242375602, 0.21829855537720708], ""val_group_counts"": [37, 36, 15, 24], ""val_total"": 112}","{""num_groups"": 4, ""eta"": 0.02, ""update_mode"": ""exp"", ""robust_objective"": ""weighted"", ""gamma"": 0.9, ""kl_lambda"": 0.0, ""initial_pi"": [0.32905295491218567, 0.3194221556186676, 0.13322632014751434, 0.2182985544204712]}",2026-09-16T04:21:08.534186,31,0.31972088250848985,0.8645833333333334,0.001,0.7567567567567568,0.7803091136426785,0.6885245901639344,0.92,"[0.6885245901639344, 0.7627118644067796, 0.92, 0.75]","[0.7642739299974847, 0.6425988365722409, 0.3298516716621816, 0.7178210825892165]","[0.7108433734939759, 0.7941176470588235]","[[0.7575757575757576, 0.6071428571428571], [0.868421052631579, 0.5714285714285714], [0.0, 1.0], [0.1, 0.9666666666666667]]","[61, 59, 25, 40]",0.7532675380101361,"[0.6830735575608422, 0.7282894736842105, 0.4791666666666667, 0.5098039215686275]",0.4791666666666667,0.7642739299974847,0.7857142857142857,0.8081268768768769,0.7297297297297297,0.9333333333333333,"[0.7297297297297297, 0.7777777777777778, 0.9333333333333333, 0.7916666666666666]","[0.7712443449685501, 0.5511279860511422, 0.23161027602230508, 0.5019489225621024]","[0.7, 0.8548387096774194]","[[0.75, 0.7058823529411765], [0.782608695652174, 0.7692307692307693], [0.0, 1.0], [0.3333333333333333, 0.9444444444444444]]","[37, 36, 15, 24]",0.7800327332242225,"[0.7279411764705883, 0.7662337662337662, 0.4827586206896552, 0.6581196581196581]",0.4827586206896552,0.7712443449685501,"[0.3385295569896698, 0.318325012922287, 0.13078242540359497, 0.21236303448677063]","[0.2776261750194762, 0.3881700436274211, 0.12572412999967733, 0.37000924348831177]","[0.3376760482788086, 0.3186047077178955, 0.13100111484527588, 0.2127181440591812]","[0.32905295491218567, 0.3194221556186676, 0.13322632014751434, 0.2182985544204712]",0.0
"{""run_name"": ""fedheart_exp_paper_hetagg_gdro"", ""seed"": 44, ""run_dir"": ""runs/fedheart_uncapped/Ours_Regret_s44_f4"", ""use_fedheart"": true, ""num_classes"": 2, ""stratified_batching"": true, ""train_frac"": 0.8, ""group_max_train_samples"": null, ""true_hetero_input_dim"": true, ""feature_mask"": [[0, 1, 2, 3, 5, 6, 7, 8, 9, 10], [0, 1, 2, 3, 5, 6, 11, 12], [0, 1, 2, 4, 5, 7, 11, 12], [0, 1, 2, 4, 5, 6, 8, 9, 10]], ""batch_size"": 64, ""num_workers"": 0, ""epochs"": 100, ""early_stopping_patience"": 30, ""lr"": 0.001, ""weight_decay"": 0.0001, ""optimizer"": ""adam"", ""grad_clip"": 1.0, ""lr_scheduler"": ""cosine"", ""lr_min"": 1e-05, ""latent_dim"": 64, ""head_hidden"": 32, ""groups"": [{""name"": ""cleveland"", ""encoder"": ""mlp_tabular_ln"", ""input_dim"": 10, ""hidden_dim"": 64, ""dropout"": 0.1}, {""name"": ""hungarian"", ""encoder"": ""mlp_tabular_ln"", ""input_dim"": 8, ""hidden_dim"": 64, ""dropout"": 0.1}, {""name"": ""switzerland"", ""encoder"": ""mlp_tabular_ln"", ""input_dim"": 8, ""hidden_dim"": 64, ""dropout"": 0.1}, {""name"": ""va_long_beach"", ""encoder"": ""mlp_tabular_ln"", ""input_dim"": 9, ""hidden_dim"": 64, ""dropout"": 0.1}], ""anchor_eps"": 0.0001, ""sep_samples_per_class"": 4, ""sep_method"": ""classifier"", ""sep_margin"": 1.0, ""lambda_fit"": 0.1, ""lambda_sep"": 0.1, ""groupdro_enabled"": true, ""groupdro_eta"": 0.02, ""groupdro_gamma"": 0.9, ""groupdro_update_mode"": ""exp"", ""groupdro_objective"": ""weighted"", ""groupdro_kl_lambda"": 0.0, ""groupdro_uniform_init"": false, ""log_interval"": 20, ""save_every"": 10, ""groupdro_ema_decay"": 0.9, ""groupdro_update_every"": 1, ""dro_signal"": ""val"", ""val_frac"": 0.15, ""impute_missing"": true, ""common_encoder"": false, ""use_regret"": true, ""optimal_losses"": [0.468332, 0.498132, 0.341179, 0.597641], ""data_split_seed"": 1004}","{""num_groups"": 4, ""num_classes"": 2, ""train_total"": 623, ""test_total"": 185, ""train_group_counts"": [205, 199, 83, 136], ""test_group_counts"": [61, 59, 25, 40], ""train_class_counts"": [278, 345], ""test_class_counts"": [83, 102], ""train_group_class_counts"": [[111, 94], [127, 72], [5, 78], [35, 101]], ""test_group_class_counts"": [[33, 28], [38, 21], [2, 23], [10, 30]], ""group_proportions"": [0.3290529695024077, 0.31942215088282505, 0.1332263242375602, 0.21829855537720708], ""val_group_counts"": [37, 36, 15, 24], ""val_total"": 112}","{""num_groups"": 4, ""eta"": 0.02, ""update_mode"": ""exp"", ""robust_objective"": ""weighted"", ""gamma"": 0.9, ""kl_lambda"": 0.0, ""initial_pi"": [0.32905295491218567, 0.3194221556186676, 0.13322632014751434, 0.2182985544204712]}",2026-09-16T04:21:08.534186,32,0.3006259782446755,0.875,0.001,0.7567567567567568,0.7739931230897472,0.675,0.92,"[0.7213114754098361, 0.7796610169491526, 0.92, 0.675]","[0.7633796074870424, 0.631100680079248, 0.3444958411902189, 0.6973912099841982]","[0.6987951807228916, 0.803921568627451]","[[0.7272727272727273, 0.7142857142857143], [0.868421052631579, 0.6190476190476191], [0.0, 1.0], [0.1, 0.8666666666666667]]","[61, 59, 25, 40]",0.7525929448126244,"[0.7201079622132254, 0.751054852320675, 0.4791666666666667, 0.4666666666666667]",0.4666666666666667,0.7633796074870424,0.7678571428571429,0.7907657657657657,0.7297297297297297,0.9333333333333333,"[0.7297297297297297, 0.75, 0.9333333333333333, 0.75]","[0.7852064908255596, 0.5827528283827834, 0.2227757957143088, 0.4674596778738002]","[0.68, 0.8387096774193549]","[[0.75, 0.7058823529411765], [0.7391304347826086, 0.7692307692307693], [0.0, 1.0], [0.3333333333333333, 0.8888888888888888]]","[37, 36, 15, 24]",0.7617021276595746,"[0.7279411764705883, 0.7401764234161989, 0.4827586206896552, 0.6210526315789474]",0.4827586206896552,0.7852064908255596,"[0.3394223749637604, 0.3180409073829651, 0.13055042922496796, 0.21198631823062897]","[0.2562441411945555, 0.3689618441793654, 0.10527574850453271, 0.37083571487002903]","[0.3385295569896698, 0.318325012922287, 0.13078242540359497, 0.21236303448677063]","[0.32905295491218567, 0.3194221556186676, 0.13322632014751434, 0.2182985544204712]",0.0
"{""run_name"": ""fedheart_exp_paper_hetagg_gdro"", ""seed"": 44, ""run_dir"": ""runs/fedheart_uncapped/Ours_Regret_s44_f4"", ""use_fedheart"": true, ""num_classes"": 2, ""stratified_batching"": true, ""train_frac"": 0.8, ""group_max_train_samples"": null, ""true_hetero_input_dim"": true, ""feature_mask"": [[0, 1, 2, 3, 5, 6, 7, 8, 9, 10], [0, 1, 2, 3, 5, 6, 11, 12], [0, 1, 2, 4, 5, 7, 11, 12], [0, 1, 2, 4, 5, 6, 8, 9, 10]], ""batch_size"": 64, ""num_workers"": 0, ""epochs"": 100, ""early_stopping_patience"": 30, ""lr"": 0.001, ""weight_decay"": 0.0001, ""optimizer"": ""adam"", ""grad_clip"": 1.0, ""lr_scheduler"": ""cosine"", ""lr_min"": 1e-05, ""latent_dim"": 64, ""head_hidden"": 32, ""groups"": [{""name"": ""cleveland"", ""encoder"": ""mlp_tabular_ln"", ""input_dim"": 10, ""hidden_dim"": 64, ""dropout"": 0.1}, {""name"": ""hungarian"", ""encoder"": ""mlp_tabular_ln"", ""input_dim"": 8, ""hidden_dim"": 64, ""dropout"": 0.1}, {""name"": ""switzerland"", ""encoder"": ""mlp_tabular_ln"", ""input_dim"": 8, ""hidden_dim"": 64, ""dropout"": 0.1}, {""name"": ""va_long_beach"", ""encoder"": ""mlp_tabular_ln"", ""input_dim"": 9, ""hidden_dim"": 64, ""dropout"": 0.1}], ""anchor_eps"": 0.0001, ""sep_samples_per_class"": 4, ""sep_method"": ""classifier"", ""sep_margin"": 1.0, ""lambda_fit"": 0.1, ""lambda_sep"": 0.1, ""groupdro_enabled"": true, ""groupdro_eta"": 0.02, ""groupdro_gamma"": 0.9, ""groupdro_update_mode"": ""exp"", ""groupdro_objective"": ""weighted"", ""groupdro_kl_lambda"": 0.0, ""groupdro_uniform_init"": false, ""log_interval"": 20, ""save_every"": 10, ""groupdro_ema_decay"": 0.9, ""groupdro_update_every"": 1, ""dro_signal"": ""val"", ""val_frac"": 0.15, ""impute_missing"": true, ""common_encoder"": false, ""use_regret"": true, ""optimal_losses"": [0.468332, 0.498132, 0.341179, 0.597641], ""data_split_seed"": 1004}","{""num_groups"": 4, ""num_classes"": 2, ""train_total"": 623, ""test_total"": 185, ""train_group_counts"": [205, 199, 83, 136], ""test_group_counts"": [61, 59, 25, 40], ""train_class_counts"": [278, 345], ""test_class_counts"": [83, 102], ""train_group_class_counts"": [[111, 94], [127, 72], [5, 78], [35, 101]], ""test_group_class_counts"": [[33, 28], [38, 21], [2, 23], [10, 30]], ""group_proportions"": [0.3290529695024077, 0.31942215088282505, 0.1332263242375602, 0.21829855537720708], ""val_group_counts"": [37, 36, 15, 24], ""val_total"": 112}","{""num_groups"": 4, ""eta"": 0.02, ""update_mode"": ""exp"", ""robust_objective"": ""weighted"", ""gamma"": 0.9, ""kl_lambda"": 0.0, ""initial_pi"": [0.32905295491218567, 0.3194221556186676, 0.13322632014751434, 0.2182985544204712]}",2026-09-16T04:21:08.534186,33,0.32910597655508256,0.859375,0.001,0.7621621621621621,0.7844074742984162,0.7049180327868853,0.92,"[0.7049180327868853, 0.7627118644067796, 0.92, 0.75]","[0.7419598702967289, 0.6221321862569805, 0.34135613866150377, 0.739622536348179]","[0.7108433734939759, 0.803921568627451]","[[0.7575757575757576, 0.6428571428571429], [0.868421052631579, 0.5714285714285714], [0.0, 1.0], [0.1, 0.9666666666666667]]","[61, 59, 25, 40]",0.7584283000949668,"[0.7009803921568627, 0.7282894736842105, 0.4791666666666667, 0.5098039215686275]",0.4791666666666667,0.7419598702967289,0.75,0.7770645645645646,0.7027027027027027,0.9333333333333333,"[0.7027027027027027, 0.7222222222222222, 0.9333333333333333, 0.75]","[0.7881420821933126, 0.5865048738196492, 0.2218948965581755, 0.5055205012516429]","[0.66, 0.8225806451612904]","[[0.75, 0.6470588235294118], [0.7391304347826086, 0.6923076923076923], [0.0, 1.0], [0.16666666666666666, 0.9444444444444444]]","[37, 36, 15, 24]",0.7433715220949262,"[0.6991869918699187, 0.7077922077922079, 0.4827586206896552, 0.55]",0.4827586206896552,0.7881420821933126,"[0.34035128355026245, 0.31775355339050293, 0.13030588626861572, 0.21158923208713531]","[0.28500186734729344, 0.4214904871251848, 0.17121344183882078, 0.35773085554440814]","[0.3394223749637604, 0.3180409073829651, 0.13055042922496796, 0.21198631823062897]","[0.32905295491218567, 0.3194221556186676, 0.13322632014751434, 0.2182985544204712]",0.0
"{""run_name"": ""fedheart_exp_paper_hetagg_gdro"", ""seed"": 44, ""run_dir"": ""runs/fedheart_uncapped/Ours_Regret_s44_f4"", ""use_fedheart"": true, ""num_classes"": 2, ""stratified_batching"": true, ""train_frac"": 0.8, ""group_max_train_samples"": null, ""true_hetero_input_dim"": true, ""feature_mask"": [[0, 1, 2, 3, 5, 6, 7, 8, 9, 10], [0, 1, 2, 3, 5, 6, 11, 12], [0, 1, 2, 4, 5, 7, 11, 12], [0, 1, 2, 4, 5, 6, 8, 9, 10]], ""batch_size"": 64, ""num_workers"": 0, ""epochs"": 100, ""early_stopping_patience"": 30, ""lr"": 0.001, ""weight_decay"": 0.0001, ""optimizer"": ""adam"", ""grad_clip"": 1.0, ""lr_scheduler"": ""cosine"", ""lr_min"": 1e-05, ""latent_dim"": 64, ""head_hidden"": 32, ""groups"": [{""name"": ""cleveland"", ""encoder"": ""mlp_tabular_ln"", ""input_dim"": 10, ""hidden_dim"": 64, ""dropout"": 0.1}, {""name"": ""hungarian"", ""encoder"": ""mlp_tabular_ln"", ""input_dim"": 8, ""hidden_dim"": 64, ""dropout"": 0.1}, {""name"": ""switzerland"", ""encoder"": ""mlp_tabular_ln"", ""input_dim"": 8, ""hidden_dim"": 64, ""dropout"": 0.1}, {""name"": ""va_long_beach"", ""encoder"": ""mlp_tabular_ln"", ""input_dim"": 9, ""hidden_dim"": 64, ""dropout"": 0.1}], ""anchor_eps"": 0.0001, ""sep_samples_per_class"": 4, ""sep_method"": ""classifier"", ""sep_margin"": 1.0, ""lambda_fit"": 0.1, ""lambda_sep"": 0.1, ""groupdro_enabled"": true, ""groupdro_eta"": 0.02, ""groupdro_gamma"": 0.9, ""groupdro_update_mode"": ""exp"", ""groupdro_objective"": ""weighted"", ""groupdro_kl_lambda"": 0.0, ""groupdro_uniform_init"": false, ""log_interval"": 20, ""save_every"": 10, ""groupdro_ema_decay"": 0.9, ""groupdro_update_every"": 1, ""dro_signal"": ""val"", ""val_frac"": 0.15, ""impute_missing"": true, ""common_encoder"": false, ""use_regret"": true, ""optimal_losses"": [0.468332, 0.498132, 0.341179, 0.597641], ""data_split_seed"": 1004}","{""num_groups"": 4, ""num_classes"": 2, ""train_total"": 623, ""test_total"": 185, ""train_group_counts"": [205, 199, 83, 136], ""test_group_counts"": [61, 59, 25, 40], ""train_class_counts"": [278, 345], ""test_class_counts"": [83, 102], ""train_group_class_counts"": [[111, 94], [127, 72], [5, 78], [35, 101]], ""test_group_class_counts"": [[33, 28], [38, 21], [2, 23], [10, 30]], ""group_proportions"": [0.3290529695024077, 0.31942215088282505, 0.1332263242375602, 0.21829855537720708], ""val_group_counts"": [37, 36, 15, 24], ""val_total"": 112}","{""num_groups"": 4, ""eta"": 0.02, ""update_mode"": ""exp"", ""robust_objective"": ""weighted"", ""gamma"": 0.9, ""kl_lambda"": 0.0, ""initial_pi"": [0.32905295491218567, 0.3194221556186676, 0.13322632014751434, 0.2182985544204712]}",2026-09-16T04:21:08.534186,34,0.2798650761445363,0.9010416666666666,0.001,0.745945945945946,0.7657964017782718,0.675,0.92,"[0.6885245901639344, 0.7796610169491526, 0.92, 0.675]","[0.7763616840744422, 0.6163339187406888, 0.39096893289126455, 0.7286635247059167]","[0.7108433734939759, 0.7745098039215687]","[[0.696969696969697, 0.6785714285714286], [0.8947368421052632, 0.5714285714285714], [0.0, 1.0], [0.2, 0.8333333333333334]]","[61, 59, 25, 40]",0.7429416112342941,"[0.6871794871794872, 0.7440774107440773, 0.4791666666666667, 0.5144724556489263]",0.4791666666666667,0.7763616840744422,0.7767857142857143,0.7978978978978979,0.7027027027027027,0.9333333333333333,"[0.7027027027027027, 0.8055555555555556, 0.9333333333333333, 0.75]","[0.8358202659889955, 0.5431390843457646, 0.23584086666814982, 0.49356338622358936]","[0.7, 0.8387096774193549]","[[0.7, 0.7058823529411765], [0.8260869565217391, 0.7692307692307693], [0.0, 1.0], [0.3333333333333333, 0.8888888888888888]]","[37, 36, 15, 24]",0.7715218278253773,"[0.7018315018315018, 0.7925925925925926, 0.4827586206896552, 0.6210526315789474]",0.4827586206896552,0.8358202659889955,"[0.34134384989738464, 0.31743401288986206, 0.1300494223833084, 0.21117278933525085]","[0.23865465985404122, 0.3375810749000973, 0.10320541635155678, 0.38692567580276066]","[0.34035128355026245, 0.31775355339050293, 0.13030588626861572, 0.21158923208713531]","[0.32905295491218567, 0.3194221556186676, 0.13322632014751434, 0.2182985544204712]",0.0
"{""run_name"": ""fedheart_exp_paper_hetagg_gdro"", ""seed"": 44, ""run_dir"": ""runs/fedheart_uncapped/Ours_Regret_s44_f4"", ""use_fedheart"": true, ""num_classes"": 2, ""stratified_batching"": true, ""train_frac"": 0.8, ""group_max_train_samples"": null, ""true_hetero_input_dim"": true, ""feature_mask"": [[0, 1, 2, 3, 5, 6, 7, 8, 9, 10], [0, 1, 2, 3, 5, 6, 11, 12], [0, 1, 2, 4, 5, 7, 11, 12], [0, 1, 2, 4, 5, 6, 8, 9, 10]], ""batch_size"": 64, ""num_workers"": 0, ""epochs"": 100, ""early_stopping_patience"": 30, ""lr"": 0.001, ""weight_decay"": 0.0001, ""optimizer"": ""adam"", ""grad_clip"": 1.0, ""lr_scheduler"": ""cosine"", ""lr_min"": 1e-05, ""latent_dim"": 64, ""head_hidden"": 32, ""groups"": [{""name"": ""cleveland"", ""encoder"": ""mlp_tabular_ln"", ""input_dim"": 10, ""hidden_dim"": 64, ""dropout"": 0.1}, {""name"": ""hungarian"", ""encoder"": ""mlp_tabular_ln"", ""input_dim"": 8, ""hidden_dim"": 64, ""dropout"": 0.1}, {""name"": ""switzerland"", ""encoder"": ""mlp_tabular_ln"", ""input_dim"": 8, ""hidden_dim"": 64, ""dropout"": 0.1}, {""name"": ""va_long_beach"", ""encoder"": ""mlp_tabular_ln"", ""input_dim"": 9, ""hidden_dim"": 64, ""dropout"": 0.1}], ""anchor_eps"": 0.0001, ""sep_samples_per_class"": 4, ""sep_method"": ""classifier"", ""sep_margin"": 1.0, ""lambda_fit"": 0.1, ""lambda_sep"": 0.1, ""groupdro_enabled"": true, ""groupdro_eta"": 0.02, ""groupdro_gamma"": 0.9, ""groupdro_update_mode"": ""exp"", ""groupdro_objective"": ""weighted"", ""groupdro_kl_lambda"": 0.0, ""groupdro_uniform_init"": false, ""log_interval"": 20, ""save_every"": 10, ""groupdro_ema_decay"": 0.9, ""groupdro_update_every"": 1, ""dro_signal"": ""val"", ""val_frac"": 0.15, ""impute_missing"": true, ""common_encoder"": false, ""use_regret"": true, ""optimal_losses"": [0.468332, 0.498132, 0.341179, 0.597641], ""data_split_seed"": 1004}","{""num_groups"": 4, ""num_classes"": 2, ""train_total"": 623, ""test_total"": 185, ""train_group_counts"": [205, 199, 83, 136], ""test_group_counts"": [61, 59, 25, 40], ""train_class_counts"": [278, 345], ""test_class_counts"": [83, 102], ""train_group_class_counts"": [[111, 94], [127, 72], [5, 78], [35, 101]], ""test_group_class_counts"": [[33, 28], [38, 21], [2, 23], [10, 30]], ""group_proportions"": [0.3290529695024077, 0.31942215088282505, 0.1332263242375602, 0.21829855537720708], ""val_group_counts"": [37, 36, 15, 24], ""val_total"": 112}","{""num_groups"": 4, ""eta"": 0.02, ""update_mode"": ""exp"", ""robust_objective"": ""weighted"", ""gamma"": 0.9, ""kl_lambda"": 0.0, ""initial_pi"": [0.32905295491218567, 0.3194221556186676, 0.13322632014751434, 0.2182985544204712]}",2026-09-16T04:21:08.534186,35,0.2938405242231157,0.8819444444444444,0.001,0.7405405405405405,0.761698041122534,0.6721311475409836,0.92,"[0.6721311475409836, 0.7796610169491526, 0.92, 0.675]","[0.7941437767184966, 0.6393008865100347, 0.35293325524777175, 0.7253955740015954]","[0.7228915662650602, 0.7549019607843137]","[[0.7272727272727273, 0.6071428571428571], [0.8947368421052632, 0.5714285714285714], [0.0, 1.0], [0.2, 0.8333333333333334]]","[61, 59, 25, 40]",0.7383309759547383,"[0.667755991285403, 0.7440774107440773, 0.4791666666666667, 0.5144724556489263]",0.4791666666666667,0.7941437767184966,0.7857142857142857,0.8046546546546547,0.7297297297297297,0.9333333333333333,"[0.7297297297297297, 0.8055555555555556, 0.9333333333333333, 0.75]","[0.8363382226812679, 0.5572877208081385, 0.22258517732843758, 0.49419976592374343]","[0.72, 0.8387096774193549]","[[0.75, 0.7058823529411765], [0.8260869565217391, 0.7692307692307693], [0.0, 1.0], [0.3333333333333333, 0.8888888888888888]]","[37, 36, 15, 24]",0.78125,"[0.7279411764705883, 0.7925925925925926, 0.4827586206896552, 0.6210526315789474]",0.4827586206896552,0.8363382226812679,"[0.34239113330841064, 0.3170911371707916, 0.12978093326091766, 0.21073682606220245]","[0.26091212862067753, 0.36907439927260083, 0.07806517897794645, 0.37865585419866776]","[0.34134384989738464, 0.31743401288986206, 0.1300494223833084, 0.21117278933525085]","[0.32905295491218567, 0.3194221556186676, 0.13322632014751434, 0.2182985544204712]",0.0
"{""run_name"": ""fedheart_exp_paper_hetagg_gdro"", ""seed"": 44, ""run_dir"": ""runs/fedheart_uncapped/Ours_Regret_s44_f4"", ""use_fedheart"": true, ""num_classes"": 2, ""stratified_batching"": true, ""train_frac"": 0.8, ""group_max_train_samples"": null, ""true_hetero_input_dim"": true, ""feature_mask"": [[0, 1, 2, 3, 5, 6, 7, 8, 9, 10], [0, 1, 2, 3, 5, 6, 11, 12], [0, 1, 2, 4, 5, 7, 11, 12], [0, 1, 2, 4, 5, 6, 8, 9, 10]], ""batch_size"": 64, ""num_workers"": 0, ""epochs"": 100, ""early_stopping_patience"": 30, ""lr"": 0.001, ""weight_decay"": 0.0001, ""optimizer"": ""adam"", ""grad_clip"": 1.0, ""lr_scheduler"": ""cosine"", ""lr_min"": 1e-05, ""latent_dim"": 64, ""head_hidden"": 32, ""groups"": [{""name"": ""cleveland"", ""encoder"": ""mlp_tabular_ln"", ""input_dim"": 10, ""hidden_dim"": 64, ""dropout"": 0.1}, {""name"": ""hungarian"", ""encoder"": ""mlp_tabular_ln"", ""input_dim"": 8, ""hidden_dim"": 64, ""dropout"": 0.1}, {""name"": ""switzerland"", ""encoder"": ""mlp_tabular_ln"", ""input_dim"": 8, ""hidden_dim"": 64, ""dropout"": 0.1}, {""name"": ""va_long_beach"", ""encoder"": ""mlp_tabular_ln"", ""input_dim"": 9, ""hidden_dim"": 64, ""dropout"": 0.1}], ""anchor_eps"": 0.0001, ""sep_samples_per_class"": 4, ""sep_method"": ""classifier"", ""sep_margin"": 1.0, ""lambda_fit"": 0.1, ""lambda_sep"": 0.1, ""groupdro_enabled"": true, ""groupdro_eta"": 0.02, ""groupdro_gamma"": 0.9, ""groupdro_update_mode"": ""exp"", ""groupdro_objective"": ""weighted"", ""groupdro_kl_lambda"": 0.0, ""groupdro_uniform_init"": false, ""log_interval"": 20, ""save_every"": 10, ""groupdro_ema_decay"": 0.9, ""groupdro_update_every"": 1, ""dro_signal"": ""val"", ""val_frac"": 0.15, ""impute_missing"": true, ""common_encoder"": false, ""use_regret"": true, ""optimal_losses"": [0.468332, 0.498132, 0.341179, 0.597641], ""data_split_seed"": 1004}","{""num_groups"": 4, ""num_classes"": 2, ""train_total"": 623, ""test_total"": 185, ""train_group_counts"": [205, 199, 83, 136], ""test_group_counts"": [61, 59, 25, 40], ""train_class_counts"": [278, 345], ""test_class_counts"": [83, 102], ""train_group_class_counts"": [[111, 94], [127, 72], [5, 78], [35, 101]], ""test_group_class_counts"": [[33, 28], [38, 21], [2, 23], [10, 30]], ""group_proportions"": [0.3290529695024077, 0.31942215088282505, 0.1332263242375602, 0.21829855537720708], ""val_group_counts"": [37, 36, 15, 24], ""val_total"": 112}","{""num_groups"": 4, ""eta"": 0.02, ""update_mode"": ""exp"", ""robust_objective"": ""weighted"", ""gamma"": 0.9, ""kl_lambda"": 0.0, ""initial_pi"": [0.32905295491218567, 0.3194221556186676, 0.13322632014751434, 0.2182985544204712]}",2026-09-16T04:21:08.534186,36,0.2955269714196523,0.8767361111111112,0.001,0.7675675675675676,0.7866320505696027,0.7049180327868853,0.92,"[0.7049180327868853, 0.7966101694915254, 0.92, 0.725]","[0.8151651937896233, 0.6342280291462854, 0.3518067301623523, 0.7409812380326912]","[0.6987951807228916, 0.8235294117647058]","[[0.696969696969697, 0.7142857142857143], [0.8947368421052632, 0.6190476190476191], [0.0, 1.0], [0.1, 0.9333333333333333]]","[61, 59, 25, 40]",0.7628841396166801,"[0.7042025862068966, 0.7671052631578947, 0.4791666666666667, 0.49483352468427094]",0.4791666666666667,0.8151651937896233,0.7767857142857143,0.7978978978978979,0.7027027027027027,0.9333333333333333,"[0.7027027027027027, 0.8055555555555556, 0.9333333333333333, 0.75]","[0.8636109955936067, 0.5603615538631048, 0.21561443383495013, 0.4983459669941415]","[0.7, 0.8387096774193549]","[[0.7, 0.7058823529411765], [0.8695652173913043, 0.6923076923076923], [0.0, 1.0], [0.16666666666666666, 0.9444444444444444]]","[37, 36, 15, 24]",0.7715218278253773,"[0.7018315018315018, 0.785531914893617, 0.4827586206896552, 0.55]",0.4827586206896552,0.8636109955936067,"[0.34349966049194336, 0.31672242283821106, 0.1294989436864853, 0.2102789282798767]","[0.26078758637110394, 0.3465617183181975, 0.13838858157396317, 0.4076387236515681]","[0.34239113330841064, 0.3170911371707916, 0.12978093326091766, 0.21073682606220245]","[0.32905295491218567, 0.3194221556186676, 0.13322632014751434, 0.2182985544204712]",0.0
"{""run_name"": ""fedheart_exp_paper_hetagg_gdro"", ""seed"": 44, ""run_dir"": ""runs/fedheart_uncapped/Ours_Regret_s44_f4"", ""use_fedheart"": true, ""num_classes"": 2, ""stratified_batching"": true, ""train_frac"": 0.8, ""group_max_train_samples"": null, ""true_hetero_input_dim"": true, ""feature_mask"": [[0, 1, 2, 3, 5, 6, 7, 8, 9, 10], [0, 1, 2, 3, 5, 6, 11, 12], [0, 1, 2, 4, 5, 7, 11, 12], [0, 1, 2, 4, 5, 6, 8, 9, 10]], ""batch_size"": 64, ""num_workers"": 0, ""epochs"": 100, ""early_stopping_patience"": 30, ""lr"": 0.001, ""weight_decay"": 0.0001, ""optimizer"": ""adam"", ""grad_clip"": 1.0, ""lr_scheduler"": ""cosine"", ""lr_min"": 1e-05, ""latent_dim"": 64, ""head_hidden"": 32, ""groups"": [{""name"": ""cleveland"", ""encoder"": ""mlp_tabular_ln"", ""input_dim"": 10, ""hidden_dim"": 64, ""dropout"": 0.1}, {""name"": ""hungarian"", ""encoder"": ""mlp_tabular_ln"", ""input_dim"": 8, ""hidden_dim"": 64, ""dropout"": 0.1}, {""name"": ""switzerland"", ""encoder"": ""mlp_tabular_ln"", ""input_dim"": 8, ""hidden_dim"": 64, ""dropout"": 0.1}, {""name"": ""va_long_beach"", ""encoder"": ""mlp_tabular_ln"", ""input_dim"": 9, ""hidden_dim"": 64, ""dropout"": 0.1}], ""anchor_eps"": 0.0001, ""sep_samples_per_class"": 4, ""sep_method"": ""classifier"", ""sep_margin"": 1.0, ""lambda_fit"": 0.1, ""lambda_sep"": 0.1, ""groupdro_enabled"": true, ""groupdro_eta"": 0.02, ""groupdro_gamma"": 0.9, ""groupdro_update_mode"": ""exp"", ""groupdro_objective"": ""weighted"", ""groupdro_kl_lambda"": 0.0, ""groupdro_uniform_init"": false, ""log_interval"": 20, ""save_every"": 10, ""groupdro_ema_decay"": 0.9, ""groupdro_update_every"": 1, ""dro_signal"": ""val"", ""val_frac"": 0.15, ""impute_missing"": true, ""common_encoder"": false, ""use_regret"": true, ""optimal_losses"": [0.468332, 0.498132, 0.341179, 0.597641], ""data_split_seed"": 1004}","{""num_groups"": 4, ""num_classes"": 2, ""train_total"": 623, ""test_total"": 185, ""train_group_counts"": [205, 199, 83, 136], ""test_group_counts"": [61, 59, 25, 40], ""train_class_counts"": [278, 345], ""test_class_counts"": [83, 102], ""train_group_class_counts"": [[111, 94], [127, 72], [5, 78], [35, 101]], ""test_group_class_counts"": [[33, 28], [38, 21], [2, 23], [10, 30]], ""group_proportions"": [0.3290529695024077, 0.31942215088282505, 0.1332263242375602, 0.21829855537720708], ""val_group_counts"": [37, 36, 15, 24], ""val_total"": 112}","{""num_groups"": 4, ""eta"": 0.02, ""update_mode"": ""exp"", ""robust_objective"": ""weighted"", ""gamma"": 0.9, ""kl_lambda"": 0.0, ""initial_pi"": [0.32905295491218567, 0.3194221556186676, 0.13322632014751434, 0.2182985544204712]}",2026-09-16T04:21:08.534186,37,0.27033885651164585,0.8923611111111112,0.001,0.745945945945946,0.7616320505696027,0.625,0.92,"[0.7049180327868853, 0.7966101694915254, 0.92, 0.625]","[0.8293471641143876, 0.6584477704018354, 0.364114553835243, 0.7339471684535965]","[0.6987951807228916, 0.7843137254901961]","[[0.7272727272727273, 0.6785714285714286], [0.868421052631579, 0.6666666666666666], [0.0, 1.0], [0.1, 0.8]]","[61, 59, 25, 40]",0.7423016508105866,"[0.702922077922078, 0.773076923076923, 0.4791666666666667, 0.4397759103641457]",0.4397759103641457,0.8293471641143876,0.7678571428571429,0.7907657657657657,0.7297297297297297,0.9333333333333333,"[0.7297297297297297, 0.75, 0.9333333333333333, 0.75]","[0.858386809169944, 0.6047900366700358, 0.2174864549500247, 0.47671663116974133]","[0.68, 0.8387096774193549]","[[0.75, 0.7058823529411765], [0.7391304347826086, 0.7692307692307693], [0.0, 1.0], [0.3333333333333333, 0.8888888888888888]]","[37, 36, 15, 24]",0.7617021276595746,"[0.7279411764705883, 0.7401764234161989, 0.4827586206896552, 0.6210526315789474]",0.4827586206896552,0.858386809169944,"[0.3446516990661621, 0.3163505494594574, 0.12920160591602325, 0.20979611575603485]","[0.23600688245561388, 0.334786932501528, 0.13555059457818666, 0.3668583904703458]","[0.34349966049194336, 0.31672242283821106, 0.1294989436864853, 0.2102789282798767]","[0.32905295491218567, 0.3194221556186676, 0.13322632014751434, 0.2182985544204712]",0.0
