config,dataset_info,groupdro_config,start_time,epoch,train_loss,train_acc,learning_rate,test_overall_acc,test_balanced_acc,test_worst_group_acc,test_best_group_acc,test_per_group_acc,test_per_group_loss,test_per_class_acc,test_per_group_per_class_acc,test_per_group_counts,test_overall_macro_f1,test_per_group_f1,test_worst_group_f1,test_worst_group_loss,val_overall_acc,val_balanced_acc,val_worst_group_acc,val_best_group_acc,val_per_group_acc,val_per_group_loss,val_per_class_acc,val_per_group_per_class_acc,val_per_group_counts,val_overall_macro_f1,val_per_group_f1,val_worst_group_f1,val_worst_group_loss,groupdro_weights,train_per_group_loss,groupdro_weights_mean,groupdro_pi,groupdro_kl_penalty
"{""run_name"": ""fedheart_exp_paper_hetagg_gdro"", ""seed"": 55, ""run_dir"": ""runs/fedheart_cv/Shared_Anchors_s55_f2"", ""use_fedheart"": true, ""num_classes"": 2, ""stratified_batching"": true, ""train_frac"": 0.8, ""group_max_train_samples"": [null, null, 20, 25], ""true_hetero_input_dim"": true, ""feature_mask"": [[0, 1, 2, 3, 5, 6, 7, 8, 9, 10], [0, 1, 2, 3, 5, 6, 11, 12], [0, 1, 2, 4, 5, 7, 11, 12], [0, 1, 2, 4, 5, 6, 8, 9, 10]], ""batch_size"": 64, ""num_workers"": 0, ""epochs"": 100, ""early_stopping_patience"": 30, ""lr"": 0.001, ""weight_decay"": 0.0001, ""optimizer"": ""adam"", ""grad_clip"": 1.0, ""lr_scheduler"": ""cosine"", ""lr_min"": 1e-05, ""latent_dim"": 64, ""head_hidden"": 32, ""groups"": [{""name"": ""cleveland"", ""encoder"": ""mlp_tabular_ln"", ""input_dim"": 13, ""hidden_dim"": 64, ""dropout"": 0.1}, {""name"": ""hungarian"", ""encoder"": ""mlp_tabular_ln"", ""input_dim"": 13, ""hidden_dim"": 64, ""dropout"": 0.1}, {""name"": ""switzerland"", ""encoder"": ""mlp_tabular_ln"", ""input_dim"": 13, ""hidden_dim"": 64, ""dropout"": 0.1}, {""name"": ""va_long_beach"", ""encoder"": ""mlp_tabular_ln"", ""input_dim"": 13, ""hidden_dim"": 64, ""dropout"": 0.1}], ""anchor_eps"": 0.0001, ""sep_samples_per_class"": 4, ""sep_method"": ""classifier"", ""sep_margin"": 1.0, ""lambda_fit"": 0.1, ""lambda_sep"": 0.1, ""groupdro_enabled"": false, ""groupdro_eta"": 1.0, ""groupdro_gamma"": 0.9, ""groupdro_update_mode"": ""softmax"", ""groupdro_objective"": ""weighted"", ""groupdro_kl_lambda"": 0.0, ""groupdro_uniform_init"": true, ""log_interval"": 20, ""save_every"": 10, ""val_frac"": 0.2, ""impute_missing"": true, ""common_encoder"": true, ""use_regret"": false, ""data_split_seed"": 1002}","{""num_groups"": 4, ""num_classes"": 2, ""train_total"": 426, ""test_total"": 185, ""train_group_counts"": [193, 188, 20, 25], ""test_group_counts"": [61, 59, 25, 40], ""train_class_counts"": [232, 194], ""test_class_counts"": [83, 102], ""train_group_class_counts"": [[104, 89], [120, 68], [1, 19], [7, 18]], ""test_group_class_counts"": [[33, 28], [38, 21], [2, 23], [10, 30]], ""group_proportions"": [0.45305164319248825, 0.4413145539906103, 0.046948356807511735, 0.05868544600938967], ""val_group_counts"": [49, 47, 20, 32], ""val_total"": 148}",,2026-09-14T15:42:29.705726,1,3.511930545171102,0.4739583333333333,0.001,0.6108108108108108,0.6226517782717422,0.5245901639344263,0.68,"[0.5245901639344263, 0.6610169491525424, 0.68, 0.625]","[0.6850523313537973, 0.6844461095535149, 0.6644839000701904, 0.6802416756749153]","[0.40963855421686746, 0.7745098039215687]","[[0.3333333333333333, 0.75], [0.5, 0.9523809523809523], [0.5, 0.6956521739130435], [0.3, 0.7333333333333333]]","[61, 59, 25, 40]",0.5863354037267081,"[0.5114609223971278, 0.6609195402298851, 0.5, 0.5157384987893462]",0.5,0.6850523313537973,0.6486486486486487,0.6658231111593573,0.5319148936170213,0.75,"[0.6938775510204082, 0.5319148936170213, 0.75, 0.6875]","[0.6726136681984882, 0.6822769933558525, 0.6606050342321396, 0.6758069340139627]","[0.42424242424242425, 0.8292682926829268]","[[0.6666666666666666, 0.7272727272727273], [0.3, 0.9411764705882353], [0.0, 0.7894736842105263], [0.125, 0.875]]","[49, 47, 20, 32]",0.6209613869188337,"[0.6933667083854819, 0.5212962962962964, 0.4285714285714286, 0.48717948717948717]",0.4285714285714286,0.6822769933558525,,"[NaN, NaN, NaN, NaN]",,,
"{""run_name"": ""fedheart_exp_paper_hetagg_gdro"", ""seed"": 55, ""run_dir"": ""runs/fedheart_cv/Shared_Anchors_s55_f2"", ""use_fedheart"": true, ""num_classes"": 2, ""stratified_batching"": true, ""train_frac"": 0.8, ""group_max_train_samples"": [null, null, 20, 25], ""true_hetero_input_dim"": true, ""feature_mask"": [[0, 1, 2, 3, 5, 6, 7, 8, 9, 10], [0, 1, 2, 3, 5, 6, 11, 12], [0, 1, 2, 4, 5, 7, 11, 12], [0, 1, 2, 4, 5, 6, 8, 9, 10]], ""batch_size"": 64, ""num_workers"": 0, ""epochs"": 100, ""early_stopping_patience"": 30, ""lr"": 0.001, ""weight_decay"": 0.0001, ""optimizer"": ""adam"", ""grad_clip"": 1.0, ""lr_scheduler"": ""cosine"", ""lr_min"": 1e-05, ""latent_dim"": 64, ""head_hidden"": 32, ""groups"": [{""name"": ""cleveland"", ""encoder"": ""mlp_tabular_ln"", ""input_dim"": 13, ""hidden_dim"": 64, ""dropout"": 0.1}, {""name"": ""hungarian"", ""encoder"": ""mlp_tabular_ln"", ""input_dim"": 13, ""hidden_dim"": 64, ""dropout"": 0.1}, {""name"": ""switzerland"", ""encoder"": ""mlp_tabular_ln"", ""input_dim"": 13, ""hidden_dim"": 64, ""dropout"": 0.1}, {""name"": ""va_long_beach"", ""encoder"": ""mlp_tabular_ln"", ""input_dim"": 13, ""hidden_dim"": 64, ""dropout"": 0.1}], ""anchor_eps"": 0.0001, ""sep_samples_per_class"": 4, ""sep_method"": ""classifier"", ""sep_margin"": 1.0, ""lambda_fit"": 0.1, ""lambda_sep"": 0.1, ""groupdro_enabled"": false, ""groupdro_eta"": 1.0, ""groupdro_gamma"": 0.9, ""groupdro_update_mode"": ""softmax"", ""groupdro_objective"": ""weighted"", ""groupdro_kl_lambda"": 0.0, ""groupdro_uniform_init"": true, ""log_interval"": 20, ""save_every"": 10, ""val_frac"": 0.2, ""impute_missing"": true, ""common_encoder"": true, ""use_regret"": false, ""data_split_seed"": 1002}","{""num_groups"": 4, ""num_classes"": 2, ""train_total"": 426, ""test_total"": 185, ""train_group_counts"": [193, 188, 20, 25], ""test_group_counts"": [61, 59, 25, 40], ""train_class_counts"": [232, 194], ""test_class_counts"": [83, 102], ""train_group_class_counts"": [[104, 89], [120, 68], [1, 19], [7, 18]], ""test_group_class_counts"": [[33, 28], [38, 21], [2, 23], [10, 30]], ""group_proportions"": [0.45305164319248825, 0.4413145539906103, 0.046948356807511735, 0.05868544600938967], ""val_group_counts"": [49, 47, 20, 32], ""val_total"": 148}",,2026-09-14T15:42:29.705726,2,2.5144217014312744,0.6067708333333334,0.001,0.6810810810810811,0.6628091136426785,0.6,0.7627118644067796,"[0.6885245901639344, 0.7627118644067796, 0.6, 0.6]","[0.672091143053086, 0.6523354477801565, 0.6825721240043641, 0.6853992849588394]","[0.6867469879518072, 0.6764705882352942]","[[0.7272727272727273, 0.6428571428571429], [0.7105263157894737, 0.8571428571428571], [0.5, 0.6086956521739131], [0.5, 0.6333333333333333]]","[61, 59, 25, 40]",0.6797335758927262,"[0.6854816824966079, 0.7570588235294118, 0.45175438596491224, 0.5441595441595443]",0.45175438596491224,0.6853992849588394,0.668918918918919,0.654599978289188,0.6,0.7551020408163265,"[0.7551020408163265, 0.6382978723404256, 0.6, 0.625]","[0.652050547453822, 0.6643579475423123, 0.6850266367197037, 0.6791786532849073]","[0.696969696969697, 0.6463414634146342]","[[0.8518518518518519, 0.6363636363636364], [0.5666666666666667, 0.7647058823529411], [1.0, 0.5789473684210527], [0.625, 0.625]]","[49, 47, 20, 32]",0.6681766186227408,"[0.7465517241379311, 0.6356589147286822, 0.4666666666666667, 0.5844155844155844]",0.4666666666666667,0.6850266367197037,,"[NaN, NaN, NaN, NaN]",,,
"{""run_name"": ""fedheart_exp_paper_hetagg_gdro"", ""seed"": 55, ""run_dir"": ""runs/fedheart_cv/Shared_Anchors_s55_f2"", ""use_fedheart"": true, ""num_classes"": 2, ""stratified_batching"": true, ""train_frac"": 0.8, ""group_max_train_samples"": [null, null, 20, 25], ""true_hetero_input_dim"": true, ""feature_mask"": [[0, 1, 2, 3, 5, 6, 7, 8, 9, 10], [0, 1, 2, 3, 5, 6, 11, 12], [0, 1, 2, 4, 5, 7, 11, 12], [0, 1, 2, 4, 5, 6, 8, 9, 10]], ""batch_size"": 64, ""num_workers"": 0, ""epochs"": 100, ""early_stopping_patience"": 30, ""lr"": 0.001, ""weight_decay"": 0.0001, ""optimizer"": ""adam"", ""grad_clip"": 1.0, ""lr_scheduler"": ""cosine"", ""lr_min"": 1e-05, ""latent_dim"": 64, ""head_hidden"": 32, ""groups"": [{""name"": ""cleveland"", ""encoder"": ""mlp_tabular_ln"", ""input_dim"": 13, ""hidden_dim"": 64, ""dropout"": 0.1}, {""name"": ""hungarian"", ""encoder"": ""mlp_tabular_ln"", ""input_dim"": 13, ""hidden_dim"": 64, ""dropout"": 0.1}, {""name"": ""switzerland"", ""encoder"": ""mlp_tabular_ln"", ""input_dim"": 13, ""hidden_dim"": 64, ""dropout"": 0.1}, {""name"": ""va_long_beach"", ""encoder"": ""mlp_tabular_ln"", ""input_dim"": 13, ""hidden_dim"": 64, ""dropout"": 0.1}], ""anchor_eps"": 0.0001, ""sep_samples_per_class"": 4, ""sep_method"": ""classifier"", ""sep_margin"": 1.0, ""lambda_fit"": 0.1, ""lambda_sep"": 0.1, ""groupdro_enabled"": false, ""groupdro_eta"": 1.0, ""groupdro_gamma"": 0.9, ""groupdro_update_mode"": ""softmax"", ""groupdro_objective"": ""weighted"", ""groupdro_kl_lambda"": 0.0, ""groupdro_uniform_init"": true, ""log_interval"": 20, ""save_every"": 10, ""val_frac"": 0.2, ""impute_missing"": true, ""common_encoder"": true, ""use_regret"": false, ""data_split_seed"": 1002}","{""num_groups"": 4, ""num_classes"": 2, ""train_total"": 426, ""test_total"": 185, ""train_group_counts"": [193, 188, 20, 25], ""test_group_counts"": [61, 59, 25, 40], ""train_class_counts"": [232, 194], ""test_class_counts"": [83, 102], ""train_group_class_counts"": [[104, 89], [120, 68], [1, 19], [7, 18]], ""test_group_class_counts"": [[33, 28], [38, 21], [2, 23], [10, 30]], ""group_proportions"": [0.45305164319248825, 0.4413145539906103, 0.046948356807511735, 0.05868544600938967], ""val_group_counts"": [49, 47, 20, 32], ""val_total"": 148}",,2026-09-14T15:42:29.705726,3,1.9160658121109009,0.6223958333333334,0.001,0.6648648648648648,0.6462107529869408,0.55,0.7627118644067796,"[0.6721311475409836, 0.7627118644067796, 0.6, 0.55]","[0.6682572833827285, 0.6395206683773106, 0.6829570388793945, 0.6817100271582603]","[0.7349397590361446, 0.6078431372549019]","[[0.7878787878787878, 0.5357142857142857], [0.7368421052631579, 0.8095238095238095], [0.5, 0.6086956521739131], [0.6, 0.5333333333333333]]","[61, 59, 25, 40]",0.6648550724637681,"[0.661111111111111, 0.7541666666666667, 0.45175438596491224, 0.52]",0.45175438596491224,0.6829570388793945,0.668918918918919,0.6305640740338688,0.45,0.7551020408163265,"[0.7551020408163265, 0.723404255319149, 0.45, 0.59375]","[0.6436764111324232, 0.6576940899199628, 0.6891142904758454, 0.6748505458235741]","[0.7878787878787878, 0.573170731707317]","[[0.8888888888888888, 0.5909090909090909], [0.7333333333333333, 0.7058823529411765], [1.0, 0.42105263157894735], [0.625, 0.5833333333333334]]","[49, 47, 20, 32]",0.6685406097170804,"[0.7421052631578948, 0.710289236605026, 0.3732193732193732, 0.5588547189819725]",0.3732193732193732,0.6891142904758454,,"[NaN, NaN, NaN, NaN]",,,
"{""run_name"": ""fedheart_exp_paper_hetagg_gdro"", ""seed"": 55, ""run_dir"": ""runs/fedheart_cv/Shared_Anchors_s55_f2"", ""use_fedheart"": true, ""num_classes"": 2, ""stratified_batching"": true, ""train_frac"": 0.8, ""group_max_train_samples"": [null, null, 20, 25], ""true_hetero_input_dim"": true, ""feature_mask"": [[0, 1, 2, 3, 5, 6, 7, 8, 9, 10], [0, 1, 2, 3, 5, 6, 11, 12], [0, 1, 2, 4, 5, 7, 11, 12], [0, 1, 2, 4, 5, 6, 8, 9, 10]], ""batch_size"": 64, ""num_workers"": 0, ""epochs"": 100, ""early_stopping_patience"": 30, ""lr"": 0.001, ""weight_decay"": 0.0001, ""optimizer"": ""adam"", ""grad_clip"": 1.0, ""lr_scheduler"": ""cosine"", ""lr_min"": 1e-05, ""latent_dim"": 64, ""head_hidden"": 32, ""groups"": [{""name"": ""cleveland"", ""encoder"": ""mlp_tabular_ln"", ""input_dim"": 13, ""hidden_dim"": 64, ""dropout"": 0.1}, {""name"": ""hungarian"", ""encoder"": ""mlp_tabular_ln"", ""input_dim"": 13, ""hidden_dim"": 64, ""dropout"": 0.1}, {""name"": ""switzerland"", ""encoder"": ""mlp_tabular_ln"", ""input_dim"": 13, ""hidden_dim"": 64, ""dropout"": 0.1}, {""name"": ""va_long_beach"", ""encoder"": ""mlp_tabular_ln"", ""input_dim"": 13, ""hidden_dim"": 64, ""dropout"": 0.1}], ""anchor_eps"": 0.0001, ""sep_samples_per_class"": 4, ""sep_method"": ""classifier"", ""sep_margin"": 1.0, ""lambda_fit"": 0.1, ""lambda_sep"": 0.1, ""groupdro_enabled"": false, ""groupdro_eta"": 1.0, ""groupdro_gamma"": 0.9, ""groupdro_update_mode"": ""softmax"", ""groupdro_objective"": ""weighted"", ""groupdro_kl_lambda"": 0.0, ""groupdro_uniform_init"": true, ""log_interval"": 20, ""save_every"": 10, ""val_frac"": 0.2, ""impute_missing"": true, ""common_encoder"": true, ""use_regret"": false, ""data_split_seed"": 1002}","{""num_groups"": 4, ""num_classes"": 2, ""train_total"": 426, ""test_total"": 185, ""train_group_counts"": [193, 188, 20, 25], ""test_group_counts"": [61, 59, 25, 40], ""train_class_counts"": [232, 194], ""test_class_counts"": [83, 102], ""train_group_class_counts"": [[104, 89], [120, 68], [1, 19], [7, 18]], ""test_group_class_counts"": [[33, 28], [38, 21], [2, 23], [10, 30]], ""group_proportions"": [0.45305164319248825, 0.4413145539906103, 0.046948356807511735, 0.05868544600938967], ""val_group_counts"": [49, 47, 20, 32], ""val_total"": 148}",,2026-09-14T15:42:29.705726,4,1.541444222132365,0.6822916666666666,0.001,0.6810810810810811,0.6489955543206446,0.5,0.847457627118644,"[0.6885245901639344, 0.847457627118644, 0.56, 0.5]","[0.6677362361892325, 0.632292189840543, 0.6886397743225098, 0.6819736659526825]","[0.8433734939759037, 0.5490196078431373]","[[0.8484848484848485, 0.5], [0.8947368421052632, 0.7619047619047619], [0.5, 0.5652173913043478], [0.7, 0.43333333333333335]]","[61, 59, 25, 40]",0.6792441740868084,"[0.6712056737588652, 0.831802343997466, 0.4282744282744282, 0.4884910485933504]",0.4282744282744282,0.6886397743225098,0.6959459459459459,0.6489131024750325,0.45,0.7959183673469388,"[0.7959183673469388, 0.7872340425531915, 0.45, 0.5625]","[0.640336732475125, 0.6518268255477256, 0.7026229530572892, 0.6767530832439661]","[0.8787878787878788, 0.5487804878048781]","[[0.9259259259259259, 0.6363636363636364], [0.8666666666666667, 0.6470588235294118], [1.0, 0.42105263157894735], [0.75, 0.5]]","[49, 47, 20, 32]",0.6935817805383022,"[0.7850877192982456, 0.7631048387096775, 0.3732193732193732, 0.5465587044534412]",0.3732193732193732,0.7026229530572892,,"[NaN, NaN, NaN, NaN]",,,
"{""run_name"": ""fedheart_exp_paper_hetagg_gdro"", ""seed"": 55, ""run_dir"": ""runs/fedheart_cv/Shared_Anchors_s55_f2"", ""use_fedheart"": true, ""num_classes"": 2, ""stratified_batching"": true, ""train_frac"": 0.8, ""group_max_train_samples"": [null, null, 20, 25], ""true_hetero_input_dim"": true, ""feature_mask"": [[0, 1, 2, 3, 5, 6, 7, 8, 9, 10], [0, 1, 2, 3, 5, 6, 11, 12], [0, 1, 2, 4, 5, 7, 11, 12], [0, 1, 2, 4, 5, 6, 8, 9, 10]], ""batch_size"": 64, ""num_workers"": 0, ""epochs"": 100, ""early_stopping_patience"": 30, ""lr"": 0.001, ""weight_decay"": 0.0001, ""optimizer"": ""adam"", ""grad_clip"": 1.0, ""lr_scheduler"": ""cosine"", ""lr_min"": 1e-05, ""latent_dim"": 64, ""head_hidden"": 32, ""groups"": [{""name"": ""cleveland"", ""encoder"": ""mlp_tabular_ln"", ""input_dim"": 13, ""hidden_dim"": 64, ""dropout"": 0.1}, {""name"": ""hungarian"", ""encoder"": ""mlp_tabular_ln"", ""input_dim"": 13, ""hidden_dim"": 64, ""dropout"": 0.1}, {""name"": ""switzerland"", ""encoder"": ""mlp_tabular_ln"", ""input_dim"": 13, ""hidden_dim"": 64, ""dropout"": 0.1}, {""name"": ""va_long_beach"", ""encoder"": ""mlp_tabular_ln"", ""input_dim"": 13, ""hidden_dim"": 64, ""dropout"": 0.1}], ""anchor_eps"": 0.0001, ""sep_samples_per_class"": 4, ""sep_method"": ""classifier"", ""sep_margin"": 1.0, ""lambda_fit"": 0.1, ""lambda_sep"": 0.1, ""groupdro_enabled"": false, ""groupdro_eta"": 1.0, ""groupdro_gamma"": 0.9, ""groupdro_update_mode"": ""softmax"", ""groupdro_objective"": ""weighted"", ""groupdro_kl_lambda"": 0.0, ""groupdro_uniform_init"": true, ""log_interval"": 20, ""save_every"": 10, ""val_frac"": 0.2, ""impute_missing"": true, ""common_encoder"": true, ""use_regret"": false, ""data_split_seed"": 1002}","{""num_groups"": 4, ""num_classes"": 2, ""train_total"": 426, ""test_total"": 185, ""train_group_counts"": [193, 188, 20, 25], ""test_group_counts"": [61, 59, 25, 40], ""train_class_counts"": [232, 194], ""test_class_counts"": [83, 102], ""train_group_class_counts"": [[104, 89], [120, 68], [1, 19], [7, 18]], ""test_group_class_counts"": [[33, 28], [38, 21], [2, 23], [10, 30]], ""group_proportions"": [0.45305164319248825, 0.4413145539906103, 0.046948356807511735, 0.05868544600938967], ""val_group_counts"": [49, 47, 20, 32], ""val_total"": 148}",,2026-09-14T15:42:29.705726,5,1.2889265616734822,0.6927083333333334,0.001,0.6486486486486487,0.6005234092803556,0.425,0.8813559322033898,"[0.6557377049180327, 0.8813559322033898, 0.44, 0.425]","[0.6675601669999419, 0.626782574896085, 0.7031918263435364, 0.6901985362172127]","[0.891566265060241, 0.45098039215686275]","[[0.8787878787878788, 0.39285714285714285], [0.9473684210526315, 0.7619047619047619], [0.5, 0.43478260869565216], [0.8, 0.3]]","[61, 59, 25, 40]",0.6404114709488353,"[0.6229025610833088, 0.8659526127880559, 0.35661764705882354, 0.42464040025015637]",0.35661764705882354,0.7031918263435364,0.6554054054054054,0.5810118595310465,0.25,0.8297872340425532,"[0.7755102040816326, 0.8297872340425532, 0.25, 0.46875]","[0.6377900194148628, 0.6456418696870195, 0.7248613059520721, 0.6843208726495504]","[0.9393939393939394, 0.4268292682926829]","[[0.9629629629629629, 0.5454545454545454], [0.9666666666666667, 0.5882352941176471], [1.0, 0.21052631578947367], [0.75, 0.375]]","[49, 47, 20, 32]",0.6435419126328217,"[0.7555555555555555, 0.7965367965367967, 0.23273657289002558, 0.4640394088669951]",0.23273657289002558,0.7248613059520721,,"[NaN, NaN, NaN, NaN]",,,
"{""run_name"": ""fedheart_exp_paper_hetagg_gdro"", ""seed"": 55, ""run_dir"": ""runs/fedheart_cv/Shared_Anchors_s55_f2"", ""use_fedheart"": true, ""num_classes"": 2, ""stratified_batching"": true, ""train_frac"": 0.8, ""group_max_train_samples"": [null, null, 20, 25], ""true_hetero_input_dim"": true, ""feature_mask"": [[0, 1, 2, 3, 5, 6, 7, 8, 9, 10], [0, 1, 2, 3, 5, 6, 11, 12], [0, 1, 2, 4, 5, 7, 11, 12], [0, 1, 2, 4, 5, 6, 8, 9, 10]], ""batch_size"": 64, ""num_workers"": 0, ""epochs"": 100, ""early_stopping_patience"": 30, ""lr"": 0.001, ""weight_decay"": 0.0001, ""optimizer"": ""adam"", ""grad_clip"": 1.0, ""lr_scheduler"": ""cosine"", ""lr_min"": 1e-05, ""latent_dim"": 64, ""head_hidden"": 32, ""groups"": [{""name"": ""cleveland"", ""encoder"": ""mlp_tabular_ln"", ""input_dim"": 13, ""hidden_dim"": 64, ""dropout"": 0.1}, {""name"": ""hungarian"", ""encoder"": ""mlp_tabular_ln"", ""input_dim"": 13, ""hidden_dim"": 64, ""dropout"": 0.1}, {""name"": ""switzerland"", ""encoder"": ""mlp_tabular_ln"", ""input_dim"": 13, ""hidden_dim"": 64, ""dropout"": 0.1}, {""name"": ""va_long_beach"", ""encoder"": ""mlp_tabular_ln"", ""input_dim"": 13, ""hidden_dim"": 64, ""dropout"": 0.1}], ""anchor_eps"": 0.0001, ""sep_samples_per_class"": 4, ""sep_method"": ""classifier"", ""sep_margin"": 1.0, ""lambda_fit"": 0.1, ""lambda_sep"": 0.1, ""groupdro_enabled"": false, ""groupdro_eta"": 1.0, ""groupdro_gamma"": 0.9, ""groupdro_update_mode"": ""softmax"", ""groupdro_objective"": ""weighted"", ""groupdro_kl_lambda"": 0.0, ""groupdro_uniform_init"": true, ""log_interval"": 20, ""save_every"": 10, ""val_frac"": 0.2, ""impute_missing"": true, ""common_encoder"": true, ""use_regret"": false, ""data_split_seed"": 1002}","{""num_groups"": 4, ""num_classes"": 2, ""train_total"": 426, ""test_total"": 185, ""train_group_counts"": [193, 188, 20, 25], ""test_group_counts"": [61, 59, 25, 40], ""train_class_counts"": [232, 194], ""test_class_counts"": [83, 102], ""train_group_class_counts"": [[104, 89], [120, 68], [1, 19], [7, 18]], ""test_group_class_counts"": [[33, 28], [38, 21], [2, 23], [10, 30]], ""group_proportions"": [0.45305164319248825, 0.4413145539906103, 0.046948356807511735, 0.05868544600938967], ""val_group_counts"": [49, 47, 20, 32], ""val_total"": 148}",,2026-09-14T15:42:29.705726,6,1.154187758763631,0.6536458333333334,0.001,0.6594594594594595,0.6130234092803556,0.44,0.8813559322033898,"[0.6557377049180327, 0.8813559322033898, 0.44, 0.475]","[0.6655637104003156, 0.6185886971021103, 0.7135979771614075, 0.694587080180645]","[0.9156626506024096, 0.45098039215686275]","[[0.8787878787878788, 0.39285714285714285], [0.9473684210526315, 0.7619047619047619], [0.5, 0.43478260869565216], [1.0, 0.3]]","[61, 59, 25, 40]",0.6502625656414103,"[0.6229025610833088, 0.8659526127880559, 0.35661764705882354, 0.47467166979362097]",0.35661764705882354,0.7135979771614075,0.6418918918918919,0.5680973187147199,0.25,0.8297872340425532,"[0.7551020408163265, 0.8297872340425532, 0.25, 0.4375]","[0.633459784546677, 0.6399732194048293, 0.7412028431892395, 0.6900098081678152]","[0.9393939393939394, 0.4024390243902439]","[[0.9629629629629629, 0.5], [0.9666666666666667, 0.5882352941176471], [1.0, 0.21052631578947367], [0.75, 0.3333333333333333]]","[49, 47, 20, 32]",0.627593410245454,"[0.7297794117647058, 0.7965367965367967, 0.23273657289002558, 0.43529411764705883]",0.23273657289002558,0.7412028431892395,,"[NaN, NaN, NaN, NaN]",,,
"{""run_name"": ""fedheart_exp_paper_hetagg_gdro"", ""seed"": 55, ""run_dir"": ""runs/fedheart_cv/Shared_Anchors_s55_f2"", ""use_fedheart"": true, ""num_classes"": 2, ""stratified_batching"": true, ""train_frac"": 0.8, ""group_max_train_samples"": [null, null, 20, 25], ""true_hetero_input_dim"": true, ""feature_mask"": [[0, 1, 2, 3, 5, 6, 7, 8, 9, 10], [0, 1, 2, 3, 5, 6, 11, 12], [0, 1, 2, 4, 5, 7, 11, 12], [0, 1, 2, 4, 5, 6, 8, 9, 10]], ""batch_size"": 64, ""num_workers"": 0, ""epochs"": 100, ""early_stopping_patience"": 30, ""lr"": 0.001, ""weight_decay"": 0.0001, ""optimizer"": ""adam"", ""grad_clip"": 1.0, ""lr_scheduler"": ""cosine"", ""lr_min"": 1e-05, ""latent_dim"": 64, ""head_hidden"": 32, ""groups"": [{""name"": ""cleveland"", ""encoder"": ""mlp_tabular_ln"", ""input_dim"": 13, ""hidden_dim"": 64, ""dropout"": 0.1}, {""name"": ""hungarian"", ""encoder"": ""mlp_tabular_ln"", ""input_dim"": 13, ""hidden_dim"": 64, ""dropout"": 0.1}, {""name"": ""switzerland"", ""encoder"": ""mlp_tabular_ln"", ""input_dim"": 13, ""hidden_dim"": 64, ""dropout"": 0.1}, {""name"": ""va_long_beach"", ""encoder"": ""mlp_tabular_ln"", ""input_dim"": 13, ""hidden_dim"": 64, ""dropout"": 0.1}], ""anchor_eps"": 0.0001, ""sep_samples_per_class"": 4, ""sep_method"": ""classifier"", ""sep_margin"": 1.0, ""lambda_fit"": 0.1, ""lambda_sep"": 0.1, ""groupdro_enabled"": false, ""groupdro_eta"": 1.0, ""groupdro_gamma"": 0.9, ""groupdro_update_mode"": ""softmax"", ""groupdro_objective"": ""weighted"", ""groupdro_kl_lambda"": 0.0, ""groupdro_uniform_init"": true, ""log_interval"": 20, ""save_every"": 10, ""val_frac"": 0.2, ""impute_missing"": true, ""common_encoder"": true, ""use_regret"": false, ""data_split_seed"": 1002}","{""num_groups"": 4, ""num_classes"": 2, ""train_total"": 426, ""test_total"": 185, ""train_group_counts"": [193, 188, 20, 25], ""test_group_counts"": [61, 59, 25, 40], ""train_class_counts"": [232, 194], ""test_class_counts"": [83, 102], ""train_group_class_counts"": [[104, 89], [120, 68], [1, 19], [7, 18]], ""test_group_class_counts"": [[33, 28], [38, 21], [2, 23], [10, 30]], ""group_proportions"": [0.45305164319248825, 0.4413145539906103, 0.046948356807511735, 0.05868544600938967], ""val_group_counts"": [49, 47, 20, 32], ""val_total"": 148}",,2026-09-14T15:42:29.705726,7,1.0479557911554973,0.6953125,0.001,0.6594594594594595,0.6028184912475688,0.4,0.8813559322033898,"[0.7049180327868853, 0.8813559322033898, 0.4, 0.425]","[0.6603329670233805, 0.605064976518437, 0.7170157170295716, 0.694240553677082]","[0.927710843373494, 0.4411764705882353]","[[0.9393939393939394, 0.42857142857142855], [0.9473684210526315, 0.7619047619047619], [0.5, 0.391304347826087], [0.9, 0.26666666666666666]]","[61, 59, 25, 40]",0.6489563567362429,"[0.6732142857142858, 0.8659526127880559, 0.3315508021390374, 0.4246404002501563]",0.3315508021390374,0.7170157170295716,0.6418918918918919,0.5705906697785497,0.25,0.8085106382978723,"[0.7551020408163265, 0.8085106382978723, 0.25, 0.46875]","[0.6229697995039881, 0.6328612857676567, 0.7502671152353286, 0.6892556417733431]","[0.9242424242424242, 0.4146341463414634]","[[0.9259259259259259, 0.5454545454545454], [0.9333333333333333, 0.5882352941176471], [1.0, 0.21052631578947367], [0.875, 0.3333333333333333]]","[49, 47, 20, 32]",0.6295631641086186,"[0.7365591397849462, 0.7755968169761274, 0.23273657289002558, 0.4682306940371457]",0.23273657289002558,0.7502671152353286,,"[NaN, NaN, NaN, NaN]",,,
"{""run_name"": ""fedheart_exp_paper_hetagg_gdro"", ""seed"": 55, ""run_dir"": ""runs/fedheart_cv/Shared_Anchors_s55_f2"", ""use_fedheart"": true, ""num_classes"": 2, ""stratified_batching"": true, ""train_frac"": 0.8, ""group_max_train_samples"": [null, null, 20, 25], ""true_hetero_input_dim"": true, ""feature_mask"": [[0, 1, 2, 3, 5, 6, 7, 8, 9, 10], [0, 1, 2, 3, 5, 6, 11, 12], [0, 1, 2, 4, 5, 7, 11, 12], [0, 1, 2, 4, 5, 6, 8, 9, 10]], ""batch_size"": 64, ""num_workers"": 0, ""epochs"": 100, ""early_stopping_patience"": 30, ""lr"": 0.001, ""weight_decay"": 0.0001, ""optimizer"": ""adam"", ""grad_clip"": 1.0, ""lr_scheduler"": ""cosine"", ""lr_min"": 1e-05, ""latent_dim"": 64, ""head_hidden"": 32, ""groups"": [{""name"": ""cleveland"", ""encoder"": ""mlp_tabular_ln"", ""input_dim"": 13, ""hidden_dim"": 64, ""dropout"": 0.1}, {""name"": ""hungarian"", ""encoder"": ""mlp_tabular_ln"", ""input_dim"": 13, ""hidden_dim"": 64, ""dropout"": 0.1}, {""name"": ""switzerland"", ""encoder"": ""mlp_tabular_ln"", ""input_dim"": 13, ""hidden_dim"": 64, ""dropout"": 0.1}, {""name"": ""va_long_beach"", ""encoder"": ""mlp_tabular_ln"", ""input_dim"": 13, ""hidden_dim"": 64, ""dropout"": 0.1}], ""anchor_eps"": 0.0001, ""sep_samples_per_class"": 4, ""sep_method"": ""classifier"", ""sep_margin"": 1.0, ""lambda_fit"": 0.1, ""lambda_sep"": 0.1, ""groupdro_enabled"": false, ""groupdro_eta"": 1.0, ""groupdro_gamma"": 0.9, ""groupdro_update_mode"": ""softmax"", ""groupdro_objective"": ""weighted"", ""groupdro_kl_lambda"": 0.0, ""groupdro_uniform_init"": true, ""log_interval"": 20, ""save_every"": 10, ""val_frac"": 0.2, ""impute_missing"": true, ""common_encoder"": true, ""use_regret"": false, ""data_split_seed"": 1002}","{""num_groups"": 4, ""num_classes"": 2, ""train_total"": 426, ""test_total"": 185, ""train_group_counts"": [193, 188, 20, 25], ""test_group_counts"": [61, 59, 25, 40], ""train_class_counts"": [232, 194], ""test_class_counts"": [83, 102], ""train_group_class_counts"": [[104, 89], [120, 68], [1, 19], [7, 18]], ""test_group_class_counts"": [[33, 28], [38, 21], [2, 23], [10, 30]], ""group_proportions"": [0.45305164319248825, 0.4413145539906103, 0.046948356807511735, 0.05868544600938967], ""val_group_counts"": [49, 47, 20, 32], ""val_total"": 148}",,2026-09-14T15:42:29.705726,8,0.9758824209372202,0.65625,0.001,0.6702702702702703,0.6153184912475688,0.4,0.8813559322033898,"[0.7049180327868853, 0.8813559322033898, 0.4, 0.475]","[0.6513414734699687, 0.5829176801746174, 0.7281044888496399, 0.6986855871975421]","[0.9397590361445783, 0.45098039215686275]","[[0.9393939393939394, 0.42857142857142855], [0.9473684210526315, 0.7619047619047619], [0.5, 0.391304347826087], [1.0, 0.3]]","[61, 59, 25, 40]",0.6601005993795368,"[0.6732142857142858, 0.8659526127880559, 0.3315508021390374, 0.47467166979362097]",0.3315508021390374,0.7281044888496399,0.6554054054054054,0.5738310084672167,0.2,0.851063829787234,"[0.7755102040816326, 0.851063829787234, 0.2, 0.46875]","[0.607407130148946, 0.6200752251959861, 0.7703763127326966, 0.694167654030025]","[0.9393939393939394, 0.4268292682926829]","[[0.9259259259259259, 0.5909090909090909], [0.9666666666666667, 0.6470588235294118], [1.0, 0.15789473684210525], [0.875, 0.3333333333333333]]","[49, 47, 20, 32]",0.6435419126328217,"[0.7611874169251219, 0.8254641909814323, 0.1919191919191919, 0.4682306940371457]",0.1919191919191919,0.7703763127326966,,"[NaN, NaN, NaN, NaN]",,,
"{""run_name"": ""fedheart_exp_paper_hetagg_gdro"", ""seed"": 55, ""run_dir"": ""runs/fedheart_cv/Shared_Anchors_s55_f2"", ""use_fedheart"": true, ""num_classes"": 2, ""stratified_batching"": true, ""train_frac"": 0.8, ""group_max_train_samples"": [null, null, 20, 25], ""true_hetero_input_dim"": true, ""feature_mask"": [[0, 1, 2, 3, 5, 6, 7, 8, 9, 10], [0, 1, 2, 3, 5, 6, 11, 12], [0, 1, 2, 4, 5, 7, 11, 12], [0, 1, 2, 4, 5, 6, 8, 9, 10]], ""batch_size"": 64, ""num_workers"": 0, ""epochs"": 100, ""early_stopping_patience"": 30, ""lr"": 0.001, ""weight_decay"": 0.0001, ""optimizer"": ""adam"", ""grad_clip"": 1.0, ""lr_scheduler"": ""cosine"", ""lr_min"": 1e-05, ""latent_dim"": 64, ""head_hidden"": 32, ""groups"": [{""name"": ""cleveland"", ""encoder"": ""mlp_tabular_ln"", ""input_dim"": 13, ""hidden_dim"": 64, ""dropout"": 0.1}, {""name"": ""hungarian"", ""encoder"": ""mlp_tabular_ln"", ""input_dim"": 13, ""hidden_dim"": 64, ""dropout"": 0.1}, {""name"": ""switzerland"", ""encoder"": ""mlp_tabular_ln"", ""input_dim"": 13, ""hidden_dim"": 64, ""dropout"": 0.1}, {""name"": ""va_long_beach"", ""encoder"": ""mlp_tabular_ln"", ""input_dim"": 13, ""hidden_dim"": 64, ""dropout"": 0.1}], ""anchor_eps"": 0.0001, ""sep_samples_per_class"": 4, ""sep_method"": ""classifier"", ""sep_margin"": 1.0, ""lambda_fit"": 0.1, ""lambda_sep"": 0.1, ""groupdro_enabled"": false, ""groupdro_eta"": 1.0, ""groupdro_gamma"": 0.9, ""groupdro_update_mode"": ""softmax"", ""groupdro_objective"": ""weighted"", ""groupdro_kl_lambda"": 0.0, ""groupdro_uniform_init"": true, ""log_interval"": 20, ""save_every"": 10, ""val_frac"": 0.2, ""impute_missing"": true, ""common_encoder"": true, ""use_regret"": false, ""data_split_seed"": 1002}","{""num_groups"": 4, ""num_classes"": 2, ""train_total"": 426, ""test_total"": 185, ""train_group_counts"": [193, 188, 20, 25], ""test_group_counts"": [61, 59, 25, 40], ""train_class_counts"": [232, 194], ""test_class_counts"": [83, 102], ""train_group_class_counts"": [[104, 89], [120, 68], [1, 19], [7, 18]], ""test_group_class_counts"": [[33, 28], [38, 21], [2, 23], [10, 30]], ""group_proportions"": [0.45305164319248825, 0.4413145539906103, 0.046948356807511735, 0.05868544600938967], ""val_group_counts"": [49, 47, 20, 32], ""val_total"": 148}",,2026-09-14T15:42:29.705726,9,0.9058561523755392,0.6692708333333334,0.001,0.6810810810810811,0.6351795637677132,0.475,0.864406779661017,"[0.7213114754098361, 0.864406779661017, 0.48, 0.475]","[0.6382248694779443, 0.5571451475054531, 0.7264426040649414, 0.6916325137019157]","[0.927710843373494, 0.4803921568627451]","[[0.9393939393939394, 0.4642857142857143], [0.9473684210526315, 0.7142857142857143], [0.5, 0.4782608695652174], [0.9, 0.3333333333333333]]","[61, 59, 25, 40]",0.6736042582458658,"[0.694730644686488, 0.8447368421052631, 0.38095238095238093, 0.47467166979362097]",0.38095238095238093,0.7264426040649414,0.6959459459459459,0.6219496309161963,0.3,0.851063829787234,"[0.8367346938775511, 0.851063829787234, 0.3, 0.5]","[0.5858277477780167, 0.6061867475509644, 0.7720171228051186, 0.6864959448575974]","[0.9090909090909091, 0.524390243902439]","[[0.9259259259259259, 0.7272727272727273], [0.9333333333333333, 0.7058823529411765], [1.0, 0.2631578947368421], [0.75, 0.4166666666666667]]","[49, 47, 20, 32]",0.691880638445524,"[0.8310344827586207, 0.8315412186379929, 0.27083333333333337, 0.49206349206349204]",0.27083333333333337,0.7720171228051186,,"[NaN, NaN, NaN, NaN]",,,
"{""run_name"": ""fedheart_exp_paper_hetagg_gdro"", ""seed"": 55, ""run_dir"": ""runs/fedheart_cv/Shared_Anchors_s55_f2"", ""use_fedheart"": true, ""num_classes"": 2, ""stratified_batching"": true, ""train_frac"": 0.8, ""group_max_train_samples"": [null, null, 20, 25], ""true_hetero_input_dim"": true, ""feature_mask"": [[0, 1, 2, 3, 5, 6, 7, 8, 9, 10], [0, 1, 2, 3, 5, 6, 11, 12], [0, 1, 2, 4, 5, 7, 11, 12], [0, 1, 2, 4, 5, 6, 8, 9, 10]], ""batch_size"": 64, ""num_workers"": 0, ""epochs"": 100, ""early_stopping_patience"": 30, ""lr"": 0.001, ""weight_decay"": 0.0001, ""optimizer"": ""adam"", ""grad_clip"": 1.0, ""lr_scheduler"": ""cosine"", ""lr_min"": 1e-05, ""latent_dim"": 64, ""head_hidden"": 32, ""groups"": [{""name"": ""cleveland"", ""encoder"": ""mlp_tabular_ln"", ""input_dim"": 13, ""hidden_dim"": 64, ""dropout"": 0.1}, {""name"": ""hungarian"", ""encoder"": ""mlp_tabular_ln"", ""input_dim"": 13, ""hidden_dim"": 64, ""dropout"": 0.1}, {""name"": ""switzerland"", ""encoder"": ""mlp_tabular_ln"", ""input_dim"": 13, ""hidden_dim"": 64, ""dropout"": 0.1}, {""name"": ""va_long_beach"", ""encoder"": ""mlp_tabular_ln"", ""input_dim"": 13, ""hidden_dim"": 64, ""dropout"": 0.1}], ""anchor_eps"": 0.0001, ""sep_samples_per_class"": 4, ""sep_method"": ""classifier"", ""sep_margin"": 1.0, ""lambda_fit"": 0.1, ""lambda_sep"": 0.1, ""groupdro_enabled"": false, ""groupdro_eta"": 1.0, ""groupdro_gamma"": 0.9, ""groupdro_update_mode"": ""softmax"", ""groupdro_objective"": ""weighted"", ""groupdro_kl_lambda"": 0.0, ""groupdro_uniform_init"": true, ""log_interval"": 20, ""save_every"": 10, ""val_frac"": 0.2, ""impute_missing"": true, ""common_encoder"": true, ""use_regret"": false, ""data_split_seed"": 1002}","{""num_groups"": 4, ""num_classes"": 2, ""train_total"": 426, ""test_total"": 185, ""train_group_counts"": [193, 188, 20, 25], ""test_group_counts"": [61, 59, 25, 40], ""train_class_counts"": [232, 194], ""test_class_counts"": [83, 102], ""train_group_class_counts"": [[104, 89], [120, 68], [1, 19], [7, 18]], ""test_group_class_counts"": [[33, 28], [38, 21], [2, 23], [10, 30]], ""group_proportions"": [0.45305164319248825, 0.4413145539906103, 0.046948356807511735, 0.05868544600938967], ""val_group_counts"": [49, 47, 20, 32], ""val_total"": 148}",,2026-09-14T15:42:29.705726,10,0.8658058345317841,0.7447916666666666,0.001,0.7189189189189189,0.6786541400388997,0.52,0.8983050847457628,"[0.7213114754098361, 0.8983050847457628, 0.52, 0.575]","[0.6217528835671847, 0.5273599528660209, 0.7191869342327117, 0.6784167893230915]","[0.891566265060241, 0.5784313725490197]","[[0.9090909090909091, 0.5], [0.9473684210526315, 0.8095238095238095], [0.5, 0.5217391304347826], [0.7, 0.5333333333333333]]","[61, 59, 25, 40]",0.7170588235294117,"[0.7007215007215006, 0.8865384615384616, 0.40476190476190477, 0.5523370638578012]",0.40476190476190477,0.7191869342327117,0.7162162162162162,0.6500746309161962,0.35,0.851063829787234,"[0.8367346938775511, 0.851063829787234, 0.35, 0.5625]","[0.5602831329618182, 0.5906887694876245, 0.7672151789069176, 0.6744386255741119]","[0.9090909090909091, 0.5609756097560976]","[[0.9259259259259259, 0.7272727272727273], [0.9333333333333333, 0.7058823529411765], [1.0, 0.3157894736842105], [0.75, 0.5]]","[49, 47, 20, 32]",0.7136539524599226,"[0.8310344827586207, 0.8315412186379929, 0.30666666666666664, 0.5465587044534412]",0.30666666666666664,0.7672151789069176,,"[NaN, NaN, NaN, NaN]",,,
"{""run_name"": ""fedheart_exp_paper_hetagg_gdro"", ""seed"": 55, ""run_dir"": ""runs/fedheart_cv/Shared_Anchors_s55_f2"", ""use_fedheart"": true, ""num_classes"": 2, ""stratified_batching"": true, ""train_frac"": 0.8, ""group_max_train_samples"": [null, null, 20, 25], ""true_hetero_input_dim"": true, ""feature_mask"": [[0, 1, 2, 3, 5, 6, 7, 8, 9, 10], [0, 1, 2, 3, 5, 6, 11, 12], [0, 1, 2, 4, 5, 7, 11, 12], [0, 1, 2, 4, 5, 6, 8, 9, 10]], ""batch_size"": 64, ""num_workers"": 0, ""epochs"": 100, ""early_stopping_patience"": 30, ""lr"": 0.001, ""weight_decay"": 0.0001, ""optimizer"": ""adam"", ""grad_clip"": 1.0, ""lr_scheduler"": ""cosine"", ""lr_min"": 1e-05, ""latent_dim"": 64, ""head_hidden"": 32, ""groups"": [{""name"": ""cleveland"", ""encoder"": ""mlp_tabular_ln"", ""input_dim"": 13, ""hidden_dim"": 64, ""dropout"": 0.1}, {""name"": ""hungarian"", ""encoder"": ""mlp_tabular_ln"", ""input_dim"": 13, ""hidden_dim"": 64, ""dropout"": 0.1}, {""name"": ""switzerland"", ""encoder"": ""mlp_tabular_ln"", ""input_dim"": 13, ""hidden_dim"": 64, ""dropout"": 0.1}, {""name"": ""va_long_beach"", ""encoder"": ""mlp_tabular_ln"", ""input_dim"": 13, ""hidden_dim"": 64, ""dropout"": 0.1}], ""anchor_eps"": 0.0001, ""sep_samples_per_class"": 4, ""sep_method"": ""classifier"", ""sep_margin"": 1.0, ""lambda_fit"": 0.1, ""lambda_sep"": 0.1, ""groupdro_enabled"": false, ""groupdro_eta"": 1.0, ""groupdro_gamma"": 0.9, ""groupdro_update_mode"": ""softmax"", ""groupdro_objective"": ""weighted"", ""groupdro_kl_lambda"": 0.0, ""groupdro_uniform_init"": true, ""log_interval"": 20, ""save_every"": 10, ""val_frac"": 0.2, ""impute_missing"": true, ""common_encoder"": true, ""use_regret"": false, ""data_split_seed"": 1002}","{""num_groups"": 4, ""num_classes"": 2, ""train_total"": 426, ""test_total"": 185, ""train_group_counts"": [193, 188, 20, 25], ""test_group_counts"": [61, 59, 25, 40], ""train_class_counts"": [232, 194], ""test_class_counts"": [83, 102], ""train_group_class_counts"": [[104, 89], [120, 68], [1, 19], [7, 18]], ""test_group_class_counts"": [[33, 28], [38, 21], [2, 23], [10, 30]], ""group_proportions"": [0.45305164319248825, 0.4413145539906103, 0.046948356807511735, 0.05868544600938967], ""val_group_counts"": [49, 47, 20, 32], ""val_total"": 148}",,2026-09-14T15:42:29.705726,11,0.815770278374354,0.7291666666666666,0.001,0.7135135135135136,0.6765684912475688,0.52,0.8813559322033898,"[0.7049180327868853, 0.8813559322033898, 0.52, 0.6]","[0.6024227948462377, 0.4952128221422939, 0.7098723113536834, 0.6654318913817405]","[0.8674698795180723, 0.5882352941176471]","[[0.8787878787878788, 0.5], [0.9210526315789473, 0.8095238095238095], [0.5, 0.5217391304347826], [0.7, 0.5666666666666667]]","[61, 59, 25, 40]",0.712303042751093,"[0.6859267734553776, 0.8691796008869179, 0.40476190476190477, 0.5733333333333334]",0.40476190476190477,0.7098723113536834,0.7094594594594594,0.6447554819800261,0.35,0.8367346938775511,"[0.8367346938775511, 0.8297872340425532, 0.35, 0.5625]","[0.5315676532229598, 0.5745634614153111, 0.7554504752159119, 0.6605122983455658]","[0.8939393939393939, 0.5609756097560976]","[[0.9259259259259259, 0.7272727272727273], [0.9, 0.7058823529411765], [1.0, 0.3157894736842105], [0.75, 0.5]]","[49, 47, 20, 32]",0.7072003680699334,"[0.8310344827586207, 0.810483870967742, 0.30666666666666664, 0.5465587044534412]",0.30666666666666664,0.7554504752159119,,"[NaN, NaN, NaN, NaN]",,,
"{""run_name"": ""fedheart_exp_paper_hetagg_gdro"", ""seed"": 55, ""run_dir"": ""runs/fedheart_cv/Shared_Anchors_s55_f2"", ""use_fedheart"": true, ""num_classes"": 2, ""stratified_batching"": true, ""train_frac"": 0.8, ""group_max_train_samples"": [null, null, 20, 25], ""true_hetero_input_dim"": true, ""feature_mask"": [[0, 1, 2, 3, 5, 6, 7, 8, 9, 10], [0, 1, 2, 3, 5, 6, 11, 12], [0, 1, 2, 4, 5, 7, 11, 12], [0, 1, 2, 4, 5, 6, 8, 9, 10]], ""batch_size"": 64, ""num_workers"": 0, ""epochs"": 100, ""early_stopping_patience"": 30, ""lr"": 0.001, ""weight_decay"": 0.0001, ""optimizer"": ""adam"", ""grad_clip"": 1.0, ""lr_scheduler"": ""cosine"", ""lr_min"": 1e-05, ""latent_dim"": 64, ""head_hidden"": 32, ""groups"": [{""name"": ""cleveland"", ""encoder"": ""mlp_tabular_ln"", ""input_dim"": 13, ""hidden_dim"": 64, ""dropout"": 0.1}, {""name"": ""hungarian"", ""encoder"": ""mlp_tabular_ln"", ""input_dim"": 13, ""hidden_dim"": 64, ""dropout"": 0.1}, {""name"": ""switzerland"", ""encoder"": ""mlp_tabular_ln"", ""input_dim"": 13, ""hidden_dim"": 64, ""dropout"": 0.1}, {""name"": ""va_long_beach"", ""encoder"": ""mlp_tabular_ln"", ""input_dim"": 13, ""hidden_dim"": 64, ""dropout"": 0.1}], ""anchor_eps"": 0.0001, ""sep_samples_per_class"": 4, ""sep_method"": ""classifier"", ""sep_margin"": 1.0, ""lambda_fit"": 0.1, ""lambda_sep"": 0.1, ""groupdro_enabled"": false, ""groupdro_eta"": 1.0, ""groupdro_gamma"": 0.9, ""groupdro_update_mode"": ""softmax"", ""groupdro_objective"": ""weighted"", ""groupdro_kl_lambda"": 0.0, ""groupdro_uniform_init"": true, ""log_interval"": 20, ""save_every"": 10, ""val_frac"": 0.2, ""impute_missing"": true, ""common_encoder"": true, ""use_regret"": false, ""data_split_seed"": 1002}","{""num_groups"": 4, ""num_classes"": 2, ""train_total"": 426, ""test_total"": 185, ""train_group_counts"": [193, 188, 20, 25], ""test_group_counts"": [61, 59, 25, 40], ""train_class_counts"": [232, 194], ""test_class_counts"": [83, 102], ""train_group_class_counts"": [[104, 89], [120, 68], [1, 19], [7, 18]], ""test_group_class_counts"": [[33, 28], [38, 21], [2, 23], [10, 30]], ""group_proportions"": [0.45305164319248825, 0.4413145539906103, 0.046948356807511735, 0.05868544600938967], ""val_group_counts"": [49, 47, 20, 32], ""val_total"": 148}",,2026-09-14T15:42:29.705726,12,0.7750812570254008,0.734375,0.001,0.7405405405405405,0.7190684912475688,0.64,0.8813559322033898,"[0.7049180327868853, 0.8813559322033898, 0.64, 0.65]","[0.5826760134736045, 0.4658570729069791, 0.6947080504894256, 0.6476018734276294]","[0.8433734939759037, 0.6568627450980392]","[[0.8484848484848485, 0.5357142857142857], [0.8947368421052632, 0.8571428571428571], [0.5, 0.6521739130434783], [0.7, 0.6333333333333333]]","[61, 59, 25, 40]",0.7404722936637831,"[0.6908783783783784, 0.8719379844961241, 0.4755244755244755, 0.6153846153846154]",0.4755244755244755,0.6947080504894256,0.7162162162162162,0.6743276432913591,0.5,0.8163265306122449,"[0.8163265306122449, 0.7872340425531915, 0.5, 0.59375]","[0.5053393950267714, 0.5637438049975861, 0.7268836662173271, 0.6449492918327451]","[0.8333333333333334, 0.6219512195121951]","[[0.8518518518518519, 0.7727272727272727], [0.8333333333333334, 0.7058823529411765], [1.0, 0.47368421052631576], [0.75, 0.5416666666666666]]","[49, 47, 20, 32]",0.7160087719298246,"[0.8135306553911206, 0.7696078431372549, 0.40476190476190477, 0.5733333333333334]",0.40476190476190477,0.7268836662173271,,"[NaN, NaN, NaN, NaN]",,,
"{""run_name"": ""fedheart_exp_paper_hetagg_gdro"", ""seed"": 55, ""run_dir"": ""runs/fedheart_cv/Shared_Anchors_s55_f2"", ""use_fedheart"": true, ""num_classes"": 2, ""stratified_batching"": true, ""train_frac"": 0.8, ""group_max_train_samples"": [null, null, 20, 25], ""true_hetero_input_dim"": true, ""feature_mask"": [[0, 1, 2, 3, 5, 6, 7, 8, 9, 10], [0, 1, 2, 3, 5, 6, 11, 12], [0, 1, 2, 4, 5, 7, 11, 12], [0, 1, 2, 4, 5, 6, 8, 9, 10]], ""batch_size"": 64, ""num_workers"": 0, ""epochs"": 100, ""early_stopping_patience"": 30, ""lr"": 0.001, ""weight_decay"": 0.0001, ""optimizer"": ""adam"", ""grad_clip"": 1.0, ""lr_scheduler"": ""cosine"", ""lr_min"": 1e-05, ""latent_dim"": 64, ""head_hidden"": 32, ""groups"": [{""name"": ""cleveland"", ""encoder"": ""mlp_tabular_ln"", ""input_dim"": 13, ""hidden_dim"": 64, ""dropout"": 0.1}, {""name"": ""hungarian"", ""encoder"": ""mlp_tabular_ln"", ""input_dim"": 13, ""hidden_dim"": 64, ""dropout"": 0.1}, {""name"": ""switzerland"", ""encoder"": ""mlp_tabular_ln"", ""input_dim"": 13, ""hidden_dim"": 64, ""dropout"": 0.1}, {""name"": ""va_long_beach"", ""encoder"": ""mlp_tabular_ln"", ""input_dim"": 13, ""hidden_dim"": 64, ""dropout"": 0.1}], ""anchor_eps"": 0.0001, ""sep_samples_per_class"": 4, ""sep_method"": ""classifier"", ""sep_margin"": 1.0, ""lambda_fit"": 0.1, ""lambda_sep"": 0.1, ""groupdro_enabled"": false, ""groupdro_eta"": 1.0, ""groupdro_gamma"": 0.9, ""groupdro_update_mode"": ""softmax"", ""groupdro_objective"": ""weighted"", ""groupdro_kl_lambda"": 0.0, ""groupdro_uniform_init"": true, ""log_interval"": 20, ""save_every"": 10, ""val_frac"": 0.2, ""impute_missing"": true, ""common_encoder"": true, ""use_regret"": false, ""data_split_seed"": 1002}","{""num_groups"": 4, ""num_classes"": 2, ""train_total"": 426, ""test_total"": 185, ""train_group_counts"": [193, 188, 20, 25], ""test_group_counts"": [61, 59, 25, 40], ""train_class_counts"": [232, 194], ""test_class_counts"": [83, 102], ""train_group_class_counts"": [[104, 89], [120, 68], [1, 19], [7, 18]], ""test_group_class_counts"": [[33, 28], [38, 21], [2, 23], [10, 30]], ""group_proportions"": [0.45305164319248825, 0.4413145539906103, 0.046948356807511735, 0.05868544600938967], ""val_group_counts"": [49, 47, 20, 32], ""val_total"": 148}",,2026-09-14T15:42:29.705726,13,0.7339084347089132,0.7682291666666666,0.001,0.7513513513513513,0.7294168519033065,0.64,0.8813559322033898,"[0.7213114754098361, 0.8813559322033898, 0.64, 0.675]","[0.568106115352912, 0.43590288950225053, 0.7183055877685547, 0.6537517152726651]","[0.8674698795180723, 0.6568627450980392]","[[0.8787878787878788, 0.5357142857142857], [0.8947368421052632, 0.8571428571428571], [0.5, 0.6521739130434783], [0.8, 0.6333333333333333]]","[61, 59, 25, 40]",0.7511695906432748,"[0.7058156028368794, 0.8719379844961241, 0.4755244755244755, 0.6484110885733604]",0.4755244755244755,0.7183055877685547,0.7094594594594594,0.6593342922275293,0.45,0.8163265306122449,"[0.8163265306122449, 0.8085106382978723, 0.45, 0.5625]","[0.4828147243480293, 0.5485568718707308, 0.7459045633673668, 0.653759179636836]","[0.8484848484848485, 0.5975609756097561]","[[0.8518518518518519, 0.7727272727272727], [0.8666666666666667, 0.7058823529411765], [1.0, 0.42105263157894735], [0.75, 0.5]]","[49, 47, 20, 32]",0.708808053077099,"[0.8135306553911206, 0.7898658718330849, 0.3732193732193732, 0.5465587044534412]",0.3732193732193732,0.7459045633673668,,"[NaN, NaN, NaN, NaN]",,,
"{""run_name"": ""fedheart_exp_paper_hetagg_gdro"", ""seed"": 55, ""run_dir"": ""runs/fedheart_cv/Shared_Anchors_s55_f2"", ""use_fedheart"": true, ""num_classes"": 2, ""stratified_batching"": true, ""train_frac"": 0.8, ""group_max_train_samples"": [null, null, 20, 25], ""true_hetero_input_dim"": true, ""feature_mask"": [[0, 1, 2, 3, 5, 6, 7, 8, 9, 10], [0, 1, 2, 3, 5, 6, 11, 12], [0, 1, 2, 4, 5, 7, 11, 12], [0, 1, 2, 4, 5, 6, 8, 9, 10]], ""batch_size"": 64, ""num_workers"": 0, ""epochs"": 100, ""early_stopping_patience"": 30, ""lr"": 0.001, ""weight_decay"": 0.0001, ""optimizer"": ""adam"", ""grad_clip"": 1.0, ""lr_scheduler"": ""cosine"", ""lr_min"": 1e-05, ""latent_dim"": 64, ""head_hidden"": 32, ""groups"": [{""name"": ""cleveland"", ""encoder"": ""mlp_tabular_ln"", ""input_dim"": 13, ""hidden_dim"": 64, ""dropout"": 0.1}, {""name"": ""hungarian"", ""encoder"": ""mlp_tabular_ln"", ""input_dim"": 13, ""hidden_dim"": 64, ""dropout"": 0.1}, {""name"": ""switzerland"", ""encoder"": ""mlp_tabular_ln"", ""input_dim"": 13, ""hidden_dim"": 64, ""dropout"": 0.1}, {""name"": ""va_long_beach"", ""encoder"": ""mlp_tabular_ln"", ""input_dim"": 13, ""hidden_dim"": 64, ""dropout"": 0.1}], ""anchor_eps"": 0.0001, ""sep_samples_per_class"": 4, ""sep_method"": ""classifier"", ""sep_margin"": 1.0, ""lambda_fit"": 0.1, ""lambda_sep"": 0.1, ""groupdro_enabled"": false, ""groupdro_eta"": 1.0, ""groupdro_gamma"": 0.9, ""groupdro_update_mode"": ""softmax"", ""groupdro_objective"": ""weighted"", ""groupdro_kl_lambda"": 0.0, ""groupdro_uniform_init"": true, ""log_interval"": 20, ""save_every"": 10, ""val_frac"": 0.2, ""impute_missing"": true, ""common_encoder"": true, ""use_regret"": false, ""data_split_seed"": 1002}","{""num_groups"": 4, ""num_classes"": 2, ""train_total"": 426, ""test_total"": 185, ""train_group_counts"": [193, 188, 20, 25], ""test_group_counts"": [61, 59, 25, 40], ""train_class_counts"": [232, 194], ""test_class_counts"": [83, 102], ""train_group_class_counts"": [[104, 89], [120, 68], [1, 19], [7, 18]], ""test_group_class_counts"": [[33, 28], [38, 21], [2, 23], [10, 30]], ""group_proportions"": [0.45305164319248825, 0.4413145539906103, 0.046948356807511735, 0.05868544600938967], ""val_group_counts"": [49, 47, 20, 32], ""val_total"": 148}",,2026-09-14T15:42:29.705726,14,0.7031519114971161,0.7708333333333334,0.001,0.7405405405405405,0.7189295637677133,0.64,0.864406779661017,"[0.7213114754098361, 0.864406779661017, 0.64, 0.65]","[0.5542480217628791, 0.4107117572073209, 0.7229485952854157, 0.6464502178132534]","[0.8433734939759037, 0.6568627450980392]","[[0.8787878787878788, 0.5357142857142857], [0.868421052631579, 0.8571428571428571], [0.5, 0.6521739130434783], [0.7, 0.6333333333333333]]","[61, 59, 25, 40]",0.7404722936637831,"[0.7058156028368794, 0.855036855036855, 0.4755244755244755, 0.6153846153846154]",0.4755244755244755,0.7229485952854157,0.7094594594594594,0.6665151432913591,0.5,0.8163265306122449,"[0.8163265306122449, 0.7872340425531915, 0.5, 0.5625]","[0.4630606867829148, 0.5407242356462681, 0.7334971085190773, 0.6507311309687793]","[0.8333333333333334, 0.6097560975609756]","[[0.8518518518518519, 0.7727272727272727], [0.8333333333333334, 0.7058823529411765], [1.0, 0.47368421052631576], [0.75, 0.5]]","[49, 47, 20, 32]",0.7091274738333562,"[0.8135306553911206, 0.7696078431372549, 0.40476190476190477, 0.5465587044534412]",0.40476190476190477,0.7334971085190773,,"[NaN, NaN, NaN, NaN]",,,
"{""run_name"": ""fedheart_exp_paper_hetagg_gdro"", ""seed"": 55, ""run_dir"": ""runs/fedheart_cv/Shared_Anchors_s55_f2"", ""use_fedheart"": true, ""num_classes"": 2, ""stratified_batching"": true, ""train_frac"": 0.8, ""group_max_train_samples"": [null, null, 20, 25], ""true_hetero_input_dim"": true, ""feature_mask"": [[0, 1, 2, 3, 5, 6, 7, 8, 9, 10], [0, 1, 2, 3, 5, 6, 11, 12], [0, 1, 2, 4, 5, 7, 11, 12], [0, 1, 2, 4, 5, 6, 8, 9, 10]], ""batch_size"": 64, ""num_workers"": 0, ""epochs"": 100, ""early_stopping_patience"": 30, ""lr"": 0.001, ""weight_decay"": 0.0001, ""optimizer"": ""adam"", ""grad_clip"": 1.0, ""lr_scheduler"": ""cosine"", ""lr_min"": 1e-05, ""latent_dim"": 64, ""head_hidden"": 32, ""groups"": [{""name"": ""cleveland"", ""encoder"": ""mlp_tabular_ln"", ""input_dim"": 13, ""hidden_dim"": 64, ""dropout"": 0.1}, {""name"": ""hungarian"", ""encoder"": ""mlp_tabular_ln"", ""input_dim"": 13, ""hidden_dim"": 64, ""dropout"": 0.1}, {""name"": ""switzerland"", ""encoder"": ""mlp_tabular_ln"", ""input_dim"": 13, ""hidden_dim"": 64, ""dropout"": 0.1}, {""name"": ""va_long_beach"", ""encoder"": ""mlp_tabular_ln"", ""input_dim"": 13, ""hidden_dim"": 64, ""dropout"": 0.1}], ""anchor_eps"": 0.0001, ""sep_samples_per_class"": 4, ""sep_method"": ""classifier"", ""sep_margin"": 1.0, ""lambda_fit"": 0.1, ""lambda_sep"": 0.1, ""groupdro_enabled"": false, ""groupdro_eta"": 1.0, ""groupdro_gamma"": 0.9, ""groupdro_update_mode"": ""softmax"", ""groupdro_objective"": ""weighted"", ""groupdro_kl_lambda"": 0.0, ""groupdro_uniform_init"": true, ""log_interval"": 20, ""save_every"": 10, ""val_frac"": 0.2, ""impute_missing"": true, ""common_encoder"": true, ""use_regret"": false, ""data_split_seed"": 1002}","{""num_groups"": 4, ""num_classes"": 2, ""train_total"": 426, ""test_total"": 185, ""train_group_counts"": [193, 188, 20, 25], ""test_group_counts"": [61, 59, 25, 40], ""train_class_counts"": [232, 194], ""test_class_counts"": [83, 102], ""train_group_class_counts"": [[104, 89], [120, 68], [1, 19], [7, 18]], ""test_group_class_counts"": [[33, 28], [38, 21], [2, 23], [10, 30]], ""group_proportions"": [0.45305164319248825, 0.4413145539906103, 0.046948356807511735, 0.05868544600938967], ""val_group_counts"": [49, 47, 20, 32], ""val_total"": 148}",,2026-09-14T15:42:29.705726,15,0.6612111826737722,0.7708333333333334,0.001,0.7351351351351352,0.7205939149763824,0.65,0.847457627118644,"[0.7049180327868853, 0.847457627118644, 0.68, 0.65]","[0.5407388398393256, 0.394085910613254, 0.7082945257425308, 0.6314774889498949]","[0.8192771084337349, 0.6666666666666666]","[[0.8484848484848485, 0.5357142857142857], [0.8421052631578947, 0.8571428571428571], [0.5, 0.6956521739130435], [0.7, 0.6333333333333333]]","[61, 59, 25, 40]",0.7351351351351351,"[0.6908783783783784, 0.8383561643835616, 0.5, 0.6153846153846154]",0.5,0.7082945257425308,0.7162162162162162,0.6886893454190186,0.59375,0.8163265306122449,"[0.8163265306122449, 0.7446808510638298, 0.6, 0.59375]","[0.44827103067417534, 0.5402989251182434, 0.6888985730707645, 0.6376220746897161]","[0.803030303030303, 0.6463414634146342]","[[0.8518518518518519, 0.7727272727272727], [0.7666666666666667, 0.7058823529411765], [1.0, 0.5789473684210527], [0.75, 0.5416666666666666]]","[49, 47, 20, 32]",0.7162162162162163,"[0.8135306553911206, 0.7298850574712643, 0.4666666666666667, 0.5733333333333334]",0.4666666666666667,0.6888985730707645,,"[NaN, NaN, NaN, NaN]",,,
"{""run_name"": ""fedheart_exp_paper_hetagg_gdro"", ""seed"": 55, ""run_dir"": ""runs/fedheart_cv/Shared_Anchors_s55_f2"", ""use_fedheart"": true, ""num_classes"": 2, ""stratified_batching"": true, ""train_frac"": 0.8, ""group_max_train_samples"": [null, null, 20, 25], ""true_hetero_input_dim"": true, ""feature_mask"": [[0, 1, 2, 3, 5, 6, 7, 8, 9, 10], [0, 1, 2, 3, 5, 6, 11, 12], [0, 1, 2, 4, 5, 7, 11, 12], [0, 1, 2, 4, 5, 6, 8, 9, 10]], ""batch_size"": 64, ""num_workers"": 0, ""epochs"": 100, ""early_stopping_patience"": 30, ""lr"": 0.001, ""weight_decay"": 0.0001, ""optimizer"": ""adam"", ""grad_clip"": 1.0, ""lr_scheduler"": ""cosine"", ""lr_min"": 1e-05, ""latent_dim"": 64, ""head_hidden"": 32, ""groups"": [{""name"": ""cleveland"", ""encoder"": ""mlp_tabular_ln"", ""input_dim"": 13, ""hidden_dim"": 64, ""dropout"": 0.1}, {""name"": ""hungarian"", ""encoder"": ""mlp_tabular_ln"", ""input_dim"": 13, ""hidden_dim"": 64, ""dropout"": 0.1}, {""name"": ""switzerland"", ""encoder"": ""mlp_tabular_ln"", ""input_dim"": 13, ""hidden_dim"": 64, ""dropout"": 0.1}, {""name"": ""va_long_beach"", ""encoder"": ""mlp_tabular_ln"", ""input_dim"": 13, ""hidden_dim"": 64, ""dropout"": 0.1}], ""anchor_eps"": 0.0001, ""sep_samples_per_class"": 4, ""sep_method"": ""classifier"", ""sep_margin"": 1.0, ""lambda_fit"": 0.1, ""lambda_sep"": 0.1, ""groupdro_enabled"": false, ""groupdro_eta"": 1.0, ""groupdro_gamma"": 0.9, ""groupdro_update_mode"": ""softmax"", ""groupdro_objective"": ""weighted"", ""groupdro_kl_lambda"": 0.0, ""groupdro_uniform_init"": true, ""log_interval"": 20, ""save_every"": 10, ""val_frac"": 0.2, ""impute_missing"": true, ""common_encoder"": true, ""use_regret"": false, ""data_split_seed"": 1002}","{""num_groups"": 4, ""num_classes"": 2, ""train_total"": 426, ""test_total"": 185, ""train_group_counts"": [193, 188, 20, 25], ""test_group_counts"": [61, 59, 25, 40], ""train_class_counts"": [232, 194], ""test_class_counts"": [83, 102], ""train_group_class_counts"": [[104, 89], [120, 68], [1, 19], [7, 18]], ""test_group_class_counts"": [[33, 28], [38, 21], [2, 23], [10, 30]], ""group_proportions"": [0.45305164319248825, 0.4413145539906103, 0.046948356807511735, 0.05868544600938967], ""val_group_counts"": [49, 47, 20, 32], ""val_total"": 148}",,2026-09-14T15:42:29.705726,16,0.6532450020313263,0.7526041666666666,0.001,0.745945945945946,0.7289295637677133,0.65,0.864406779661017,"[0.7213114754098361, 0.864406779661017, 0.68, 0.65]","[0.5357961754818432, 0.37346646568532715, 0.7413755804300308, 0.6517727021127939]","[0.8433734939759037, 0.6666666666666666]","[[0.8787878787878788, 0.5357142857142857], [0.868421052631579, 0.8571428571428571], [0.5, 0.6956521739130435], [0.7, 0.6333333333333333]]","[61, 59, 25, 40]",0.7459162502556909,"[0.7058156028368794, 0.855036855036855, 0.5, 0.6153846153846154]",0.5,0.7413755804300308,0.7162162162162162,0.6790151432913591,0.55,0.8163265306122449,"[0.8163265306122449, 0.7872340425531915, 0.55, 0.5625]","[0.4332103114955279, 0.5279285622403976, 0.7165069602429867, 0.6512330705299973]","[0.8333333333333334, 0.6219512195121951]","[[0.8518518518518519, 0.7727272727272727], [0.8333333333333334, 0.7058823529411765], [1.0, 0.5263157894736842], [0.75, 0.5]]","[49, 47, 20, 32]",0.7160087719298246,"[0.8135306553911206, 0.7696078431372549, 0.4357366771159875, 0.5465587044534412]",0.4357366771159875,0.7165069602429867,,"[NaN, NaN, NaN, NaN]",,,
"{""run_name"": ""fedheart_exp_paper_hetagg_gdro"", ""seed"": 55, ""run_dir"": ""runs/fedheart_cv/Shared_Anchors_s55_f2"", ""use_fedheart"": true, ""num_classes"": 2, ""stratified_batching"": true, ""train_frac"": 0.8, ""group_max_train_samples"": [null, null, 20, 25], ""true_hetero_input_dim"": true, ""feature_mask"": [[0, 1, 2, 3, 5, 6, 7, 8, 9, 10], [0, 1, 2, 3, 5, 6, 11, 12], [0, 1, 2, 4, 5, 7, 11, 12], [0, 1, 2, 4, 5, 6, 8, 9, 10]], ""batch_size"": 64, ""num_workers"": 0, ""epochs"": 100, ""early_stopping_patience"": 30, ""lr"": 0.001, ""weight_decay"": 0.0001, ""optimizer"": ""adam"", ""grad_clip"": 1.0, ""lr_scheduler"": ""cosine"", ""lr_min"": 1e-05, ""latent_dim"": 64, ""head_hidden"": 32, ""groups"": [{""name"": ""cleveland"", ""encoder"": ""mlp_tabular_ln"", ""input_dim"": 13, ""hidden_dim"": 64, ""dropout"": 0.1}, {""name"": ""hungarian"", ""encoder"": ""mlp_tabular_ln"", ""input_dim"": 13, ""hidden_dim"": 64, ""dropout"": 0.1}, {""name"": ""switzerland"", ""encoder"": ""mlp_tabular_ln"", ""input_dim"": 13, ""hidden_dim"": 64, ""dropout"": 0.1}, {""name"": ""va_long_beach"", ""encoder"": ""mlp_tabular_ln"", ""input_dim"": 13, ""hidden_dim"": 64, ""dropout"": 0.1}], ""anchor_eps"": 0.0001, ""sep_samples_per_class"": 4, ""sep_method"": ""classifier"", ""sep_margin"": 1.0, ""lambda_fit"": 0.1, ""lambda_sep"": 0.1, ""groupdro_enabled"": false, ""groupdro_eta"": 1.0, ""groupdro_gamma"": 0.9, ""groupdro_update_mode"": ""softmax"", ""groupdro_objective"": ""weighted"", ""groupdro_kl_lambda"": 0.0, ""groupdro_uniform_init"": true, ""log_interval"": 20, ""save_every"": 10, ""val_frac"": 0.2, ""impute_missing"": true, ""common_encoder"": true, ""use_regret"": false, ""data_split_seed"": 1002}","{""num_groups"": 4, ""num_classes"": 2, ""train_total"": 426, ""test_total"": 185, ""train_group_counts"": [193, 188, 20, 25], ""test_group_counts"": [61, 59, 25, 40], ""train_class_counts"": [232, 194], ""test_class_counts"": [83, 102], ""train_group_class_counts"": [[104, 89], [120, 68], [1, 19], [7, 18]], ""test_group_class_counts"": [[33, 28], [38, 21], [2, 23], [10, 30]], ""group_proportions"": [0.45305164319248825, 0.4413145539906103, 0.046948356807511735, 0.05868544600938967], ""val_group_counts"": [49, 47, 20, 32], ""val_total"": 148}",,2026-09-14T15:42:29.705726,17,0.6175785760084788,0.7682291666666666,0.001,0.7405405405405405,0.72469227563212,0.65,0.847457627118644,"[0.7213114754098361, 0.847457627118644, 0.68, 0.65]","[0.5285534559458983, 0.3717914141588292, 0.7173498666286469, 0.6313318151980638]","[0.8313253012048193, 0.6666666666666666]","[[0.8787878787878788, 0.5357142857142857], [0.8421052631578947, 0.8571428571428571], [0.5, 0.6956521739130435], [0.7, 0.6333333333333333]]","[61, 59, 25, 40]",0.7405329593267882,"[0.7058156028368794, 0.8383561643835616, 0.5, 0.6153846153846154]",0.5,0.7173498666286469,0.7297297297297297,0.7090018454190187,0.625,0.8163265306122449,"[0.8163265306122449, 0.7446808510638298, 0.65, 0.625]","[0.425205510337742, 0.5355667706499708, 0.6609887965023518, 0.6282254266552627]","[0.803030303030303, 0.6707317073170732]","[[0.8518518518518519, 0.7727272727272727], [0.7666666666666667, 0.7058823529411765], [1.0, 0.631578947368421], [0.75, 0.5833333333333334]]","[49, 47, 20, 32]",0.7296803652968038,"[0.8135306553911206, 0.7298850574712643, 0.4982078853046595, 0.6000000000000001]",0.4982078853046595,0.6609887965023518,,"[NaN, NaN, NaN, NaN]",,,
"{""run_name"": ""fedheart_exp_paper_hetagg_gdro"", ""seed"": 55, ""run_dir"": ""runs/fedheart_cv/Shared_Anchors_s55_f2"", ""use_fedheart"": true, ""num_classes"": 2, ""stratified_batching"": true, ""train_frac"": 0.8, ""group_max_train_samples"": [null, null, 20, 25], ""true_hetero_input_dim"": true, ""feature_mask"": [[0, 1, 2, 3, 5, 6, 7, 8, 9, 10], [0, 1, 2, 3, 5, 6, 11, 12], [0, 1, 2, 4, 5, 7, 11, 12], [0, 1, 2, 4, 5, 6, 8, 9, 10]], ""batch_size"": 64, ""num_workers"": 0, ""epochs"": 100, ""early_stopping_patience"": 30, ""lr"": 0.001, ""weight_decay"": 0.0001, ""optimizer"": ""adam"", ""grad_clip"": 1.0, ""lr_scheduler"": ""cosine"", ""lr_min"": 1e-05, ""latent_dim"": 64, ""head_hidden"": 32, ""groups"": [{""name"": ""cleveland"", ""encoder"": ""mlp_tabular_ln"", ""input_dim"": 13, ""hidden_dim"": 64, ""dropout"": 0.1}, {""name"": ""hungarian"", ""encoder"": ""mlp_tabular_ln"", ""input_dim"": 13, ""hidden_dim"": 64, ""dropout"": 0.1}, {""name"": ""switzerland"", ""encoder"": ""mlp_tabular_ln"", ""input_dim"": 13, ""hidden_dim"": 64, ""dropout"": 0.1}, {""name"": ""va_long_beach"", ""encoder"": ""mlp_tabular_ln"", ""input_dim"": 13, ""hidden_dim"": 64, ""dropout"": 0.1}], ""anchor_eps"": 0.0001, ""sep_samples_per_class"": 4, ""sep_method"": ""classifier"", ""sep_margin"": 1.0, ""lambda_fit"": 0.1, ""lambda_sep"": 0.1, ""groupdro_enabled"": false, ""groupdro_eta"": 1.0, ""groupdro_gamma"": 0.9, ""groupdro_update_mode"": ""softmax"", ""groupdro_objective"": ""weighted"", ""groupdro_kl_lambda"": 0.0, ""groupdro_uniform_init"": true, ""log_interval"": 20, ""save_every"": 10, ""val_frac"": 0.2, ""impute_missing"": true, ""common_encoder"": true, ""use_regret"": false, ""data_split_seed"": 1002}","{""num_groups"": 4, ""num_classes"": 2, ""train_total"": 426, ""test_total"": 185, ""train_group_counts"": [193, 188, 20, 25], ""test_group_counts"": [61, 59, 25, 40], ""train_class_counts"": [232, 194], ""test_class_counts"": [83, 102], ""train_group_class_counts"": [[104, 89], [120, 68], [1, 19], [7, 18]], ""test_group_class_counts"": [[33, 28], [38, 21], [2, 23], [10, 30]], ""group_proportions"": [0.45305164319248825, 0.4413145539906103, 0.046948356807511735, 0.05868544600938967], ""val_group_counts"": [49, 47, 20, 32], ""val_total"": 148}",,2026-09-14T15:42:29.705726,18,0.5949105024337769,0.75,0.001,0.7405405405405405,0.7189295637677133,0.64,0.864406779661017,"[0.7213114754098361, 0.864406779661017, 0.64, 0.65]","[0.5312364160037432, 0.34872711816076507, 0.7838210535049438, 0.6687265913933516]","[0.8433734939759037, 0.6568627450980392]","[[0.8787878787878788, 0.5357142857142857], [0.868421052631579, 0.8571428571428571], [0.5, 0.6521739130434783], [0.7, 0.6333333333333333]]","[61, 59, 25, 40]",0.7404722936637831,"[0.7058156028368794, 0.855036855036855, 0.4755244755244755, 0.6153846153846154]",0.4755244755244755,0.7838210535049438,0.7162162162162162,0.6790151432913591,0.55,0.8163265306122449,"[0.8163265306122449, 0.7872340425531915, 0.55, 0.5625]","[0.41610080703180663, 0.5195475455294264, 0.7380075387656688, 0.667025301605463]","[0.8333333333333334, 0.6219512195121951]","[[0.8518518518518519, 0.7727272727272727], [0.8333333333333334, 0.7058823529411765], [1.0, 0.5263157894736842], [0.75, 0.5]]","[49, 47, 20, 32]",0.7160087719298246,"[0.8135306553911206, 0.7696078431372549, 0.4357366771159875, 0.5465587044534412]",0.4357366771159875,0.7380075387656688,,"[NaN, NaN, NaN, NaN]",,,
"{""run_name"": ""fedheart_exp_paper_hetagg_gdro"", ""seed"": 55, ""run_dir"": ""runs/fedheart_cv/Shared_Anchors_s55_f2"", ""use_fedheart"": true, ""num_classes"": 2, ""stratified_batching"": true, ""train_frac"": 0.8, ""group_max_train_samples"": [null, null, 20, 25], ""true_hetero_input_dim"": true, ""feature_mask"": [[0, 1, 2, 3, 5, 6, 7, 8, 9, 10], [0, 1, 2, 3, 5, 6, 11, 12], [0, 1, 2, 4, 5, 7, 11, 12], [0, 1, 2, 4, 5, 6, 8, 9, 10]], ""batch_size"": 64, ""num_workers"": 0, ""epochs"": 100, ""early_stopping_patience"": 30, ""lr"": 0.001, ""weight_decay"": 0.0001, ""optimizer"": ""adam"", ""grad_clip"": 1.0, ""lr_scheduler"": ""cosine"", ""lr_min"": 1e-05, ""latent_dim"": 64, ""head_hidden"": 32, ""groups"": [{""name"": ""cleveland"", ""encoder"": ""mlp_tabular_ln"", ""input_dim"": 13, ""hidden_dim"": 64, ""dropout"": 0.1}, {""name"": ""hungarian"", ""encoder"": ""mlp_tabular_ln"", ""input_dim"": 13, ""hidden_dim"": 64, ""dropout"": 0.1}, {""name"": ""switzerland"", ""encoder"": ""mlp_tabular_ln"", ""input_dim"": 13, ""hidden_dim"": 64, ""dropout"": 0.1}, {""name"": ""va_long_beach"", ""encoder"": ""mlp_tabular_ln"", ""input_dim"": 13, ""hidden_dim"": 64, ""dropout"": 0.1}], ""anchor_eps"": 0.0001, ""sep_samples_per_class"": 4, ""sep_method"": ""classifier"", ""sep_margin"": 1.0, ""lambda_fit"": 0.1, ""lambda_sep"": 0.1, ""groupdro_enabled"": false, ""groupdro_eta"": 1.0, ""groupdro_gamma"": 0.9, ""groupdro_update_mode"": ""softmax"", ""groupdro_objective"": ""weighted"", ""groupdro_kl_lambda"": 0.0, ""groupdro_uniform_init"": true, ""log_interval"": 20, ""save_every"": 10, ""val_frac"": 0.2, ""impute_missing"": true, ""common_encoder"": true, ""use_regret"": false, ""data_split_seed"": 1002}","{""num_groups"": 4, ""num_classes"": 2, ""train_total"": 426, ""test_total"": 185, ""train_group_counts"": [193, 188, 20, 25], ""test_group_counts"": [61, 59, 25, 40], ""train_class_counts"": [232, 194], ""test_class_counts"": [83, 102], ""train_group_class_counts"": [[104, 89], [120, 68], [1, 19], [7, 18]], ""test_group_class_counts"": [[33, 28], [38, 21], [2, 23], [10, 30]], ""group_proportions"": [0.45305164319248825, 0.4413145539906103, 0.046948356807511735, 0.05868544600938967], ""val_group_counts"": [49, 47, 20, 32], ""val_total"": 148}",,2026-09-14T15:42:29.705726,19,0.5835224688053131,0.7578125,0.001,0.7567567567567568,0.7427500694637399,0.65,0.8305084745762712,"[0.7704918032786885, 0.8305084745762712, 0.72, 0.65]","[0.5204875524171063, 0.3700102411084256, 0.6780631819367409, 0.6004000771790743]","[0.8072289156626506, 0.7156862745098039]","[[0.8484848484848485, 0.6785714285714286], [0.8157894736842105, 0.8571428571428571], [0.5, 0.7391304347826086], [0.7, 0.6333333333333333]]","[61, 59, 25, 40]",0.7565006288572347,"[0.7653846153846154, 0.8218599033816425, 0.5257452574525746, 0.6153846153846154]",0.5257452574525746,0.6780631819367409,0.7432432432432432,0.7387714394268345,0.6808510638297872,0.8367346938775511,"[0.8367346938775511, 0.6808510638297872, 0.75, 0.6875]","[0.421802781066116, 0.5551131144165993, 0.5818224117159844, 0.5971664167009294]","[0.7424242424242424, 0.7439024390243902]","[[0.8148148148148148, 0.8636363636363636], [0.6666666666666666, 0.7058823529411765], [1.0, 0.7368421052631579], [0.75, 0.6666666666666666]]","[49, 47, 20, 32]",0.7415441176470587,"[0.8361204013377926, 0.6713286713286712, 0.5670995670995671, 0.6536796536796536]",0.5670995670995671,0.5971664167009294,,"[NaN, NaN, NaN, NaN]",,,
"{""run_name"": ""fedheart_exp_paper_hetagg_gdro"", ""seed"": 55, ""run_dir"": ""runs/fedheart_cv/Shared_Anchors_s55_f2"", ""use_fedheart"": true, ""num_classes"": 2, ""stratified_batching"": true, ""train_frac"": 0.8, ""group_max_train_samples"": [null, null, 20, 25], ""true_hetero_input_dim"": true, ""feature_mask"": [[0, 1, 2, 3, 5, 6, 7, 8, 9, 10], [0, 1, 2, 3, 5, 6, 11, 12], [0, 1, 2, 4, 5, 7, 11, 12], [0, 1, 2, 4, 5, 6, 8, 9, 10]], ""batch_size"": 64, ""num_workers"": 0, ""epochs"": 100, ""early_stopping_patience"": 30, ""lr"": 0.001, ""weight_decay"": 0.0001, ""optimizer"": ""adam"", ""grad_clip"": 1.0, ""lr_scheduler"": ""cosine"", ""lr_min"": 1e-05, ""latent_dim"": 64, ""head_hidden"": 32, ""groups"": [{""name"": ""cleveland"", ""encoder"": ""mlp_tabular_ln"", ""input_dim"": 13, ""hidden_dim"": 64, ""dropout"": 0.1}, {""name"": ""hungarian"", ""encoder"": ""mlp_tabular_ln"", ""input_dim"": 13, ""hidden_dim"": 64, ""dropout"": 0.1}, {""name"": ""switzerland"", ""encoder"": ""mlp_tabular_ln"", ""input_dim"": 13, ""hidden_dim"": 64, ""dropout"": 0.1}, {""name"": ""va_long_beach"", ""encoder"": ""mlp_tabular_ln"", ""input_dim"": 13, ""hidden_dim"": 64, ""dropout"": 0.1}], ""anchor_eps"": 0.0001, ""sep_samples_per_class"": 4, ""sep_method"": ""classifier"", ""sep_margin"": 1.0, ""lambda_fit"": 0.1, ""lambda_sep"": 0.1, ""groupdro_enabled"": false, ""groupdro_eta"": 1.0, ""groupdro_gamma"": 0.9, ""groupdro_update_mode"": ""softmax"", ""groupdro_objective"": ""weighted"", ""groupdro_kl_lambda"": 0.0, ""groupdro_uniform_init"": true, ""log_interval"": 20, ""save_every"": 10, ""val_frac"": 0.2, ""impute_missing"": true, ""common_encoder"": true, ""use_regret"": false, ""data_split_seed"": 1002}","{""num_groups"": 4, ""num_classes"": 2, ""train_total"": 426, ""test_total"": 185, ""train_group_counts"": [193, 188, 20, 25], ""test_group_counts"": [61, 59, 25, 40], ""train_class_counts"": [232, 194], ""test_class_counts"": [83, 102], ""train_group_class_counts"": [[104, 89], [120, 68], [1, 19], [7, 18]], ""test_group_class_counts"": [[33, 28], [38, 21], [2, 23], [10, 30]], ""group_proportions"": [0.45305164319248825, 0.4413145539906103, 0.046948356807511735, 0.05868544600938967], ""val_group_counts"": [49, 47, 20, 32], ""val_total"": 148}",,2026-09-14T15:42:29.705726,20,0.5896009504795074,0.7578125,0.001,0.745945945945946,0.7287906362878578,0.65,0.847457627118644,"[0.7377049180327869, 0.847457627118644, 0.68, 0.65]","[0.5235990756114975, 0.3449656768875607, 0.7574929028749466, 0.6491054268553853]","[0.8433734939759037, 0.6666666666666666]","[[0.8787878787878788, 0.5714285714285714], [0.8421052631578947, 0.8571428571428571], [1.0, 0.6521739130434783], [0.7, 0.6333333333333333]]","[61, 59, 25, 40]",0.7459162502556909,"[0.7252252252252253, 0.8383561643835616, 0.5614035087719298, 0.6153846153846154]",0.5614035087719298,0.7574929028749466,0.7297297297297297,0.6946401432913591,0.55,0.8163265306122449,"[0.8163265306122449, 0.7872340425531915, 0.55, 0.625]","[0.4101564844652098, 0.5234228535852534, 0.6872911117970943, 0.633460939861834]","[0.8181818181818182, 0.6585365853658537]","[[0.8148148148148148, 0.8181818181818182], [0.8333333333333334, 0.7058823529411765], [1.0, 0.5263157894736842], [0.75, 0.5833333333333334]]","[49, 47, 20, 32]",0.7297297297297297,"[0.8150943396226416, 0.7696078431372549, 0.4357366771159875, 0.6000000000000001]",0.4357366771159875,0.6872911117970943,,"[NaN, NaN, NaN, NaN]",,,
"{""run_name"": ""fedheart_exp_paper_hetagg_gdro"", ""seed"": 55, ""run_dir"": ""runs/fedheart_cv/Shared_Anchors_s55_f2"", ""use_fedheart"": true, ""num_classes"": 2, ""stratified_batching"": true, ""train_frac"": 0.8, ""group_max_train_samples"": [null, null, 20, 25], ""true_hetero_input_dim"": true, ""feature_mask"": [[0, 1, 2, 3, 5, 6, 7, 8, 9, 10], [0, 1, 2, 3, 5, 6, 11, 12], [0, 1, 2, 4, 5, 7, 11, 12], [0, 1, 2, 4, 5, 6, 8, 9, 10]], ""batch_size"": 64, ""num_workers"": 0, ""epochs"": 100, ""early_stopping_patience"": 30, ""lr"": 0.001, ""weight_decay"": 0.0001, ""optimizer"": ""adam"", ""grad_clip"": 1.0, ""lr_scheduler"": ""cosine"", ""lr_min"": 1e-05, ""latent_dim"": 64, ""head_hidden"": 32, ""groups"": [{""name"": ""cleveland"", ""encoder"": ""mlp_tabular_ln"", ""input_dim"": 13, ""hidden_dim"": 64, ""dropout"": 0.1}, {""name"": ""hungarian"", ""encoder"": ""mlp_tabular_ln"", ""input_dim"": 13, ""hidden_dim"": 64, ""dropout"": 0.1}, {""name"": ""switzerland"", ""encoder"": ""mlp_tabular_ln"", ""input_dim"": 13, ""hidden_dim"": 64, ""dropout"": 0.1}, {""name"": ""va_long_beach"", ""encoder"": ""mlp_tabular_ln"", ""input_dim"": 13, ""hidden_dim"": 64, ""dropout"": 0.1}], ""anchor_eps"": 0.0001, ""sep_samples_per_class"": 4, ""sep_method"": ""classifier"", ""sep_margin"": 1.0, ""lambda_fit"": 0.1, ""lambda_sep"": 0.1, ""groupdro_enabled"": false, ""groupdro_eta"": 1.0, ""groupdro_gamma"": 0.9, ""groupdro_update_mode"": ""softmax"", ""groupdro_objective"": ""weighted"", ""groupdro_kl_lambda"": 0.0, ""groupdro_uniform_init"": true, ""log_interval"": 20, ""save_every"": 10, ""val_frac"": 0.2, ""impute_missing"": true, ""common_encoder"": true, ""use_regret"": false, ""data_split_seed"": 1002}","{""num_groups"": 4, ""num_classes"": 2, ""train_total"": 426, ""test_total"": 185, ""train_group_counts"": [193, 188, 20, 25], ""test_group_counts"": [61, 59, 25, 40], ""train_class_counts"": [232, 194], ""test_class_counts"": [83, 102], ""train_group_class_counts"": [[104, 89], [120, 68], [1, 19], [7, 18]], ""test_group_class_counts"": [[33, 28], [38, 21], [2, 23], [10, 30]], ""group_proportions"": [0.45305164319248825, 0.4413145539906103, 0.046948356807511735, 0.05868544600938967], ""val_group_counts"": [49, 47, 20, 32], ""val_total"": 148}",,2026-09-14T15:42:29.705726,21,0.5532377064228058,0.7942708333333334,0.001,0.7513513513513513,0.7386517088080022,0.65,0.8305084745762712,"[0.7540983606557377, 0.8305084745762712, 0.72, 0.65]","[0.5155457846331791, 0.36377175834219333, 0.6973721724748612, 0.6074136067181826]","[0.8313253012048193, 0.6862745098039216]","[[0.8787878787878788, 0.6071428571428571], [0.8157894736842105, 0.8571428571428571], [1.0, 0.6956521739130435], [0.7, 0.6333333333333333]]","[61, 59, 25, 40]",0.7513440860215055,"[0.7441990494828068, 0.8218599033816425, 0.592074592074592, 0.6153846153846154]",0.592074592074592,0.6973721724748612,0.75,0.7344163862353452,0.65625,0.8367346938775511,"[0.8367346938775511, 0.7446808510638298, 0.7, 0.65625]","[0.4165814607119074, 0.5397808161821771, 0.5955867782235146, 0.5907758909743279]","[0.7878787878787878, 0.7195121951219512]","[[0.8148148148148148, 0.8636363636363636], [0.7666666666666667, 0.7058823529411765], [1.0, 0.6842105263157895], [0.75, 0.625]]","[49, 47, 20, 32]",0.7494394875314574,"[0.8361204013377926, 0.7298850574712643, 0.53125, 0.6267232237539768]",0.53125,0.5955867782235146,,"[NaN, NaN, NaN, NaN]",,,
"{""run_name"": ""fedheart_exp_paper_hetagg_gdro"", ""seed"": 55, ""run_dir"": ""runs/fedheart_cv/Shared_Anchors_s55_f2"", ""use_fedheart"": true, ""num_classes"": 2, ""stratified_batching"": true, ""train_frac"": 0.8, ""group_max_train_samples"": [null, null, 20, 25], ""true_hetero_input_dim"": true, ""feature_mask"": [[0, 1, 2, 3, 5, 6, 7, 8, 9, 10], [0, 1, 2, 3, 5, 6, 11, 12], [0, 1, 2, 4, 5, 7, 11, 12], [0, 1, 2, 4, 5, 6, 8, 9, 10]], ""batch_size"": 64, ""num_workers"": 0, ""epochs"": 100, ""early_stopping_patience"": 30, ""lr"": 0.001, ""weight_decay"": 0.0001, ""optimizer"": ""adam"", ""grad_clip"": 1.0, ""lr_scheduler"": ""cosine"", ""lr_min"": 1e-05, ""latent_dim"": 64, ""head_hidden"": 32, ""groups"": [{""name"": ""cleveland"", ""encoder"": ""mlp_tabular_ln"", ""input_dim"": 13, ""hidden_dim"": 64, ""dropout"": 0.1}, {""name"": ""hungarian"", ""encoder"": ""mlp_tabular_ln"", ""input_dim"": 13, ""hidden_dim"": 64, ""dropout"": 0.1}, {""name"": ""switzerland"", ""encoder"": ""mlp_tabular_ln"", ""input_dim"": 13, ""hidden_dim"": 64, ""dropout"": 0.1}, {""name"": ""va_long_beach"", ""encoder"": ""mlp_tabular_ln"", ""input_dim"": 13, ""hidden_dim"": 64, ""dropout"": 0.1}], ""anchor_eps"": 0.0001, ""sep_samples_per_class"": 4, ""sep_method"": ""classifier"", ""sep_margin"": 1.0, ""lambda_fit"": 0.1, ""lambda_sep"": 0.1, ""groupdro_enabled"": false, ""groupdro_eta"": 1.0, ""groupdro_gamma"": 0.9, ""groupdro_update_mode"": ""softmax"", ""groupdro_objective"": ""weighted"", ""groupdro_kl_lambda"": 0.0, ""groupdro_uniform_init"": true, ""log_interval"": 20, ""save_every"": 10, ""val_frac"": 0.2, ""impute_missing"": true, ""common_encoder"": true, ""use_regret"": false, ""data_split_seed"": 1002}","{""num_groups"": 4, ""num_classes"": 2, ""train_total"": 426, ""test_total"": 185, ""train_group_counts"": [193, 188, 20, 25], ""test_group_counts"": [61, 59, 25, 40], ""train_class_counts"": [232, 194], ""test_class_counts"": [83, 102], ""train_group_class_counts"": [[104, 89], [120, 68], [1, 19], [7, 18]], ""test_group_class_counts"": [[33, 28], [38, 21], [2, 23], [10, 30]], ""group_proportions"": [0.45305164319248825, 0.4413145539906103, 0.046948356807511735, 0.05868544600938967], ""val_group_counts"": [49, 47, 20, 32], ""val_total"": 148}",,2026-09-14T15:42:29.705726,22,0.5413602789243063,0.7916666666666666,0.001,0.7513513513513513,0.7386517088080022,0.65,0.8305084745762712,"[0.7540983606557377, 0.8305084745762712, 0.72, 0.65]","[0.5086029316680353, 0.35544925745008354, 0.7102960938215256, 0.6158812414854765]","[0.8313253012048193, 0.6862745098039216]","[[0.8787878787878788, 0.6071428571428571], [0.8157894736842105, 0.8571428571428571], [1.0, 0.6956521739130435], [0.7, 0.6333333333333333]]","[61, 59, 25, 40]",0.7513440860215055,"[0.7441990494828068, 0.8218599033816425, 0.592074592074592, 0.6153846153846154]",0.592074592074592,0.7102960938215256,0.7432432432432432,0.7266038862353452,0.625,0.8367346938775511,"[0.8367346938775511, 0.7446808510638298, 0.7, 0.625]","[0.40848130383053605, 0.5370013260460914, 0.6015580102801323, 0.5991386552341282]","[0.7878787878787878, 0.7073170731707317]","[[0.8148148148148148, 0.8636363636363636], [0.7666666666666667, 0.7058823529411765], [1.0, 0.6842105263157895], [0.75, 0.5833333333333334]]","[49, 47, 20, 32]",0.7428205597219681,"[0.8361204013377926, 0.7298850574712643, 0.53125, 0.6000000000000001]",0.53125,0.6015580102801323,,"[NaN, NaN, NaN, NaN]",,,
"{""run_name"": ""fedheart_exp_paper_hetagg_gdro"", ""seed"": 55, ""run_dir"": ""runs/fedheart_cv/Shared_Anchors_s55_f2"", ""use_fedheart"": true, ""num_classes"": 2, ""stratified_batching"": true, ""train_frac"": 0.8, ""group_max_train_samples"": [null, null, 20, 25], ""true_hetero_input_dim"": true, ""feature_mask"": [[0, 1, 2, 3, 5, 6, 7, 8, 9, 10], [0, 1, 2, 3, 5, 6, 11, 12], [0, 1, 2, 4, 5, 7, 11, 12], [0, 1, 2, 4, 5, 6, 8, 9, 10]], ""batch_size"": 64, ""num_workers"": 0, ""epochs"": 100, ""early_stopping_patience"": 30, ""lr"": 0.001, ""weight_decay"": 0.0001, ""optimizer"": ""adam"", ""grad_clip"": 1.0, ""lr_scheduler"": ""cosine"", ""lr_min"": 1e-05, ""latent_dim"": 64, ""head_hidden"": 32, ""groups"": [{""name"": ""cleveland"", ""encoder"": ""mlp_tabular_ln"", ""input_dim"": 13, ""hidden_dim"": 64, ""dropout"": 0.1}, {""name"": ""hungarian"", ""encoder"": ""mlp_tabular_ln"", ""input_dim"": 13, ""hidden_dim"": 64, ""dropout"": 0.1}, {""name"": ""switzerland"", ""encoder"": ""mlp_tabular_ln"", ""input_dim"": 13, ""hidden_dim"": 64, ""dropout"": 0.1}, {""name"": ""va_long_beach"", ""encoder"": ""mlp_tabular_ln"", ""input_dim"": 13, ""hidden_dim"": 64, ""dropout"": 0.1}], ""anchor_eps"": 0.0001, ""sep_samples_per_class"": 4, ""sep_method"": ""classifier"", ""sep_margin"": 1.0, ""lambda_fit"": 0.1, ""lambda_sep"": 0.1, ""groupdro_enabled"": false, ""groupdro_eta"": 1.0, ""groupdro_gamma"": 0.9, ""groupdro_update_mode"": ""softmax"", ""groupdro_objective"": ""weighted"", ""groupdro_kl_lambda"": 0.0, ""groupdro_uniform_init"": true, ""log_interval"": 20, ""save_every"": 10, ""val_frac"": 0.2, ""impute_missing"": true, ""common_encoder"": true, ""use_regret"": false, ""data_split_seed"": 1002}","{""num_groups"": 4, ""num_classes"": 2, ""train_total"": 426, ""test_total"": 185, ""train_group_counts"": [193, 188, 20, 25], ""test_group_counts"": [61, 59, 25, 40], ""train_class_counts"": [232, 194], ""test_class_counts"": [83, 102], ""train_group_class_counts"": [[104, 89], [120, 68], [1, 19], [7, 18]], ""test_group_class_counts"": [[33, 28], [38, 21], [2, 23], [10, 30]], ""group_proportions"": [0.45305164319248825, 0.4413145539906103, 0.046948356807511735, 0.05868544600938967], ""val_group_counts"": [49, 47, 20, 32], ""val_total"": 148}",,2026-09-14T15:42:29.705726,23,0.5422820349534353,0.7708333333333334,0.001,0.7621621621621621,0.7471262850791887,0.65,0.864406779661017,"[0.7540983606557377, 0.864406779661017, 0.72, 0.65]","[0.5144688175594221, 0.33511181112568256, 0.7779989939928055, 0.656137783266604]","[0.8674698795180723, 0.6764705882352942]","[[0.9090909090909091, 0.5714285714285714], [0.868421052631579, 0.8571428571428571], [1.0, 0.6956521739130435], [0.7, 0.6333333333333333]]","[61, 59, 25, 40]",0.7620996025251345,"[0.7404255319148936, 0.855036855036855, 0.592074592074592, 0.6153846153846154]",0.592074592074592,0.7779989939928055,0.7364864864864865,0.6997421841076856,0.55,0.8367346938775511,"[0.8367346938775511, 0.7872340425531915, 0.55, 0.625]","[0.39178652833310923, 0.5169823730879641, 0.700358746945858, 0.6326642374042422]","[0.8333333333333334, 0.6585365853658537]","[[0.8518518518518519, 0.8181818181818182], [0.8333333333333334, 0.7058823529411765], [1.0, 0.5263157894736842], [0.75, 0.5833333333333334]]","[49, 47, 20, 32]",0.7364744555540338,"[0.835016835016835, 0.7696078431372549, 0.4357366771159875, 0.6000000000000001]",0.4357366771159875,0.700358746945858,,"[NaN, NaN, NaN, NaN]",,,
"{""run_name"": ""fedheart_exp_paper_hetagg_gdro"", ""seed"": 55, ""run_dir"": ""runs/fedheart_cv/Shared_Anchors_s55_f2"", ""use_fedheart"": true, ""num_classes"": 2, ""stratified_batching"": true, ""train_frac"": 0.8, ""group_max_train_samples"": [null, null, 20, 25], ""true_hetero_input_dim"": true, ""feature_mask"": [[0, 1, 2, 3, 5, 6, 7, 8, 9, 10], [0, 1, 2, 3, 5, 6, 11, 12], [0, 1, 2, 4, 5, 7, 11, 12], [0, 1, 2, 4, 5, 6, 8, 9, 10]], ""batch_size"": 64, ""num_workers"": 0, ""epochs"": 100, ""early_stopping_patience"": 30, ""lr"": 0.001, ""weight_decay"": 0.0001, ""optimizer"": ""adam"", ""grad_clip"": 1.0, ""lr_scheduler"": ""cosine"", ""lr_min"": 1e-05, ""latent_dim"": 64, ""head_hidden"": 32, ""groups"": [{""name"": ""cleveland"", ""encoder"": ""mlp_tabular_ln"", ""input_dim"": 13, ""hidden_dim"": 64, ""dropout"": 0.1}, {""name"": ""hungarian"", ""encoder"": ""mlp_tabular_ln"", ""input_dim"": 13, ""hidden_dim"": 64, ""dropout"": 0.1}, {""name"": ""switzerland"", ""encoder"": ""mlp_tabular_ln"", ""input_dim"": 13, ""hidden_dim"": 64, ""dropout"": 0.1}, {""name"": ""va_long_beach"", ""encoder"": ""mlp_tabular_ln"", ""input_dim"": 13, ""hidden_dim"": 64, ""dropout"": 0.1}], ""anchor_eps"": 0.0001, ""sep_samples_per_class"": 4, ""sep_method"": ""classifier"", ""sep_margin"": 1.0, ""lambda_fit"": 0.1, ""lambda_sep"": 0.1, ""groupdro_enabled"": false, ""groupdro_eta"": 1.0, ""groupdro_gamma"": 0.9, ""groupdro_update_mode"": ""softmax"", ""groupdro_objective"": ""weighted"", ""groupdro_kl_lambda"": 0.0, ""groupdro_uniform_init"": true, ""log_interval"": 20, ""save_every"": 10, ""val_frac"": 0.2, ""impute_missing"": true, ""common_encoder"": true, ""use_regret"": false, ""data_split_seed"": 1002}","{""num_groups"": 4, ""num_classes"": 2, ""train_total"": 426, ""test_total"": 185, ""train_group_counts"": [193, 188, 20, 25], ""test_group_counts"": [61, 59, 25, 40], ""train_class_counts"": [232, 194], ""test_class_counts"": [83, 102], ""train_group_class_counts"": [[104, 89], [120, 68], [1, 19], [7, 18]], ""test_group_class_counts"": [[33, 28], [38, 21], [2, 23], [10, 30]], ""group_proportions"": [0.45305164319248825, 0.4413145539906103, 0.046948356807511735, 0.05868544600938967], ""val_group_counts"": [49, 47, 20, 32], ""val_total"": 148}",,2026-09-14T15:42:29.705726,24,0.5127647568782171,0.7864583333333334,0.001,0.7405405405405405,0.7288566268407891,0.68,0.8305084745762712,"[0.7049180327868853, 0.8305084745762712, 0.68, 0.7]","[0.5123103830780162, 0.36552585560386464, 0.6901937010884285, 0.5903245385736227]","[0.7831325301204819, 0.7058823529411765]","[[0.7878787878787878, 0.6071428571428571], [0.8157894736842105, 0.8571428571428571], [0.5, 0.6956521739130435], [0.7, 0.7]]","[61, 59, 25, 40]",0.7401685393258428,"[0.6983516483516483, 0.8218599033816425, 0.5, 0.658119658119658]",0.5,0.6901937010884285,0.7837837837837838,0.7754559270516717,0.7446808510638298,0.8571428571428571,"[0.8571428571428571, 0.7446808510638298, 0.75, 0.75]","[0.4013825453513739, 0.5413928805513585, 0.5702744144946337, 0.5599694023840129]","[0.803030303030303, 0.7682926829268293]","[[0.8518518518518519, 0.8636363636363636], [0.7666666666666667, 0.7058823529411765], [1.0, 0.7368421052631579], [0.75, 0.75]]","[49, 47, 20, 32]",0.7827921482296827,"[0.8561844863731656, 0.7298850574712643, 0.5670995670995671, 0.7090909090909091]",0.5670995670995671,0.5702744144946337,,"[NaN, NaN, NaN, NaN]",,,
"{""run_name"": ""fedheart_exp_paper_hetagg_gdro"", ""seed"": 55, ""run_dir"": ""runs/fedheart_cv/Shared_Anchors_s55_f2"", ""use_fedheart"": true, ""num_classes"": 2, ""stratified_batching"": true, ""train_frac"": 0.8, ""group_max_train_samples"": [null, null, 20, 25], ""true_hetero_input_dim"": true, ""feature_mask"": [[0, 1, 2, 3, 5, 6, 7, 8, 9, 10], [0, 1, 2, 3, 5, 6, 11, 12], [0, 1, 2, 4, 5, 7, 11, 12], [0, 1, 2, 4, 5, 6, 8, 9, 10]], ""batch_size"": 64, ""num_workers"": 0, ""epochs"": 100, ""early_stopping_patience"": 30, ""lr"": 0.001, ""weight_decay"": 0.0001, ""optimizer"": ""adam"", ""grad_clip"": 1.0, ""lr_scheduler"": ""cosine"", ""lr_min"": 1e-05, ""latent_dim"": 64, ""head_hidden"": 32, ""groups"": [{""name"": ""cleveland"", ""encoder"": ""mlp_tabular_ln"", ""input_dim"": 13, ""hidden_dim"": 64, ""dropout"": 0.1}, {""name"": ""hungarian"", ""encoder"": ""mlp_tabular_ln"", ""input_dim"": 13, ""hidden_dim"": 64, ""dropout"": 0.1}, {""name"": ""switzerland"", ""encoder"": ""mlp_tabular_ln"", ""input_dim"": 13, ""hidden_dim"": 64, ""dropout"": 0.1}, {""name"": ""va_long_beach"", ""encoder"": ""mlp_tabular_ln"", ""input_dim"": 13, ""hidden_dim"": 64, ""dropout"": 0.1}], ""anchor_eps"": 0.0001, ""sep_samples_per_class"": 4, ""sep_method"": ""classifier"", ""sep_margin"": 1.0, ""lambda_fit"": 0.1, ""lambda_sep"": 0.1, ""groupdro_enabled"": false, ""groupdro_eta"": 1.0, ""groupdro_gamma"": 0.9, ""groupdro_update_mode"": ""softmax"", ""groupdro_objective"": ""weighted"", ""groupdro_kl_lambda"": 0.0, ""groupdro_uniform_init"": true, ""log_interval"": 20, ""save_every"": 10, ""val_frac"": 0.2, ""impute_missing"": true, ""common_encoder"": true, ""use_regret"": false, ""data_split_seed"": 1002}","{""num_groups"": 4, ""num_classes"": 2, ""train_total"": 426, ""test_total"": 185, ""train_group_counts"": [193, 188, 20, 25], ""test_group_counts"": [61, 59, 25, 40], ""train_class_counts"": [232, 194], ""test_class_counts"": [83, 102], ""train_group_class_counts"": [[104, 89], [120, 68], [1, 19], [7, 18]], ""test_group_class_counts"": [[33, 28], [38, 21], [2, 23], [10, 30]], ""group_proportions"": [0.45305164319248825, 0.4413145539906103, 0.046948356807511735, 0.05868544600938967], ""val_group_counts"": [49, 47, 20, 32], ""val_total"": 148}",,2026-09-14T15:42:29.705726,25,0.50165855884552,0.7864583333333334,0.001,0.745945945945946,0.7330939149763823,0.68,0.847457627118644,"[0.7049180327868853, 0.847457627118644, 0.68, 0.7]","[0.5132050002451802, 0.3595473751804586, 0.7200342583656311, 0.6019130771048367]","[0.7951807228915663, 0.7058823529411765]","[[0.7878787878787878, 0.6071428571428571], [0.8421052631578947, 0.8571428571428571], [0.5, 0.6956521739130435], [0.7, 0.7]]","[61, 59, 25, 40]",0.7456784345842231,"[0.6983516483516483, 0.8383561643835616, 0.5, 0.658119658119658]",0.5,0.7200342583656311,0.7702702702702703,0.7551434270516717,0.7,0.8571428571428571,"[0.8571428571428571, 0.7446808510638298, 0.7, 0.71875]","[0.3959805833137765, 0.5345073797284289, 0.5971022959798574, 0.5736926458775997]","[0.803030303030303, 0.7439024390243902]","[[0.8518518518518519, 0.8636363636363636], [0.7666666666666667, 0.7058823529411765], [1.0, 0.6842105263157895], [0.75, 0.7083333333333334]]","[49, 47, 20, 32]",0.7695970695970695,"[0.8561844863731656, 0.7298850574712643, 0.53125, 0.681063122923588]",0.53125,0.5971022959798574,,"[NaN, NaN, NaN, NaN]",,,
"{""run_name"": ""fedheart_exp_paper_hetagg_gdro"", ""seed"": 55, ""run_dir"": ""runs/fedheart_cv/Shared_Anchors_s55_f2"", ""use_fedheart"": true, ""num_classes"": 2, ""stratified_batching"": true, ""train_frac"": 0.8, ""group_max_train_samples"": [null, null, 20, 25], ""true_hetero_input_dim"": true, ""feature_mask"": [[0, 1, 2, 3, 5, 6, 7, 8, 9, 10], [0, 1, 2, 3, 5, 6, 11, 12], [0, 1, 2, 4, 5, 7, 11, 12], [0, 1, 2, 4, 5, 6, 8, 9, 10]], ""batch_size"": 64, ""num_workers"": 0, ""epochs"": 100, ""early_stopping_patience"": 30, ""lr"": 0.001, ""weight_decay"": 0.0001, ""optimizer"": ""adam"", ""grad_clip"": 1.0, ""lr_scheduler"": ""cosine"", ""lr_min"": 1e-05, ""latent_dim"": 64, ""head_hidden"": 32, ""groups"": [{""name"": ""cleveland"", ""encoder"": ""mlp_tabular_ln"", ""input_dim"": 13, ""hidden_dim"": 64, ""dropout"": 0.1}, {""name"": ""hungarian"", ""encoder"": ""mlp_tabular_ln"", ""input_dim"": 13, ""hidden_dim"": 64, ""dropout"": 0.1}, {""name"": ""switzerland"", ""encoder"": ""mlp_tabular_ln"", ""input_dim"": 13, ""hidden_dim"": 64, ""dropout"": 0.1}, {""name"": ""va_long_beach"", ""encoder"": ""mlp_tabular_ln"", ""input_dim"": 13, ""hidden_dim"": 64, ""dropout"": 0.1}], ""anchor_eps"": 0.0001, ""sep_samples_per_class"": 4, ""sep_method"": ""classifier"", ""sep_margin"": 1.0, ""lambda_fit"": 0.1, ""lambda_sep"": 0.1, ""groupdro_enabled"": false, ""groupdro_eta"": 1.0, ""groupdro_gamma"": 0.9, ""groupdro_update_mode"": ""softmax"", ""groupdro_objective"": ""weighted"", ""groupdro_kl_lambda"": 0.0, ""groupdro_uniform_init"": true, ""log_interval"": 20, ""save_every"": 10, ""val_frac"": 0.2, ""impute_missing"": true, ""common_encoder"": true, ""use_regret"": false, ""data_split_seed"": 1002}","{""num_groups"": 4, ""num_classes"": 2, ""train_total"": 426, ""test_total"": 185, ""train_group_counts"": [193, 188, 20, 25], ""test_group_counts"": [61, 59, 25, 40], ""train_class_counts"": [232, 194], ""test_class_counts"": [83, 102], ""train_group_class_counts"": [[104, 89], [120, 68], [1, 19], [7, 18]], ""test_group_class_counts"": [[33, 28], [38, 21], [2, 23], [10, 30]], ""group_proportions"": [0.45305164319248825, 0.4413145539906103, 0.046948356807511735, 0.05868544600938967], ""val_group_counts"": [49, 47, 20, 32], ""val_total"": 148}",,2026-09-14T15:42:29.705726,26,0.5165899991989136,0.7734375,0.001,0.745945945945946,0.7289295637677133,0.65,0.864406779661017,"[0.7213114754098361, 0.864406779661017, 0.68, 0.65]","[0.5242758398783989, 0.32587795376272527, 0.833725528717041, 0.6749884270131588]","[0.8554216867469879, 0.6568627450980392]","[[0.8787878787878788, 0.5357142857142857], [0.868421052631579, 0.8571428571428571], [1.0, 0.6521739130434783], [0.7, 0.6333333333333333]]","[61, 59, 25, 40]",0.7458271215177292,"[0.7058156028368794, 0.855036855036855, 0.5614035087719298, 0.6153846153846154]",0.5614035087719298,0.833725528717041,0.7432432432432432,0.6927587657403387,0.45,0.8775510204081632,"[0.8775510204081632, 0.7872340425531915, 0.45, 0.65625]","[0.3829698406007825, 0.511384673337353, 0.7587773647159338, 0.6434399376157671]","[0.8484848484848485, 0.6585365853658537]","[[0.8888888888888888, 0.8636363636363636], [0.8333333333333334, 0.7058823529411765], [1.0, 0.42105263157894735], [0.75, 0.625]]","[49, 47, 20, 32]",0.7431963470319634,"[0.8762626262626263, 0.7696078431372549, 0.3732193732193732, 0.6267232237539768]",0.3732193732193732,0.7587773647159338,,"[NaN, NaN, NaN, NaN]",,,
"{""run_name"": ""fedheart_exp_paper_hetagg_gdro"", ""seed"": 55, ""run_dir"": ""runs/fedheart_cv/Shared_Anchors_s55_f2"", ""use_fedheart"": true, ""num_classes"": 2, ""stratified_batching"": true, ""train_frac"": 0.8, ""group_max_train_samples"": [null, null, 20, 25], ""true_hetero_input_dim"": true, ""feature_mask"": [[0, 1, 2, 3, 5, 6, 7, 8, 9, 10], [0, 1, 2, 3, 5, 6, 11, 12], [0, 1, 2, 4, 5, 7, 11, 12], [0, 1, 2, 4, 5, 6, 8, 9, 10]], ""batch_size"": 64, ""num_workers"": 0, ""epochs"": 100, ""early_stopping_patience"": 30, ""lr"": 0.001, ""weight_decay"": 0.0001, ""optimizer"": ""adam"", ""grad_clip"": 1.0, ""lr_scheduler"": ""cosine"", ""lr_min"": 1e-05, ""latent_dim"": 64, ""head_hidden"": 32, ""groups"": [{""name"": ""cleveland"", ""encoder"": ""mlp_tabular_ln"", ""input_dim"": 13, ""hidden_dim"": 64, ""dropout"": 0.1}, {""name"": ""hungarian"", ""encoder"": ""mlp_tabular_ln"", ""input_dim"": 13, ""hidden_dim"": 64, ""dropout"": 0.1}, {""name"": ""switzerland"", ""encoder"": ""mlp_tabular_ln"", ""input_dim"": 13, ""hidden_dim"": 64, ""dropout"": 0.1}, {""name"": ""va_long_beach"", ""encoder"": ""mlp_tabular_ln"", ""input_dim"": 13, ""hidden_dim"": 64, ""dropout"": 0.1}], ""anchor_eps"": 0.0001, ""sep_samples_per_class"": 4, ""sep_method"": ""classifier"", ""sep_margin"": 1.0, ""lambda_fit"": 0.1, ""lambda_sep"": 0.1, ""groupdro_enabled"": false, ""groupdro_eta"": 1.0, ""groupdro_gamma"": 0.9, ""groupdro_update_mode"": ""softmax"", ""groupdro_objective"": ""weighted"", ""groupdro_kl_lambda"": 0.0, ""groupdro_uniform_init"": true, ""log_interval"": 20, ""save_every"": 10, ""val_frac"": 0.2, ""impute_missing"": true, ""common_encoder"": true, ""use_regret"": false, ""data_split_seed"": 1002}","{""num_groups"": 4, ""num_classes"": 2, ""train_total"": 426, ""test_total"": 185, ""train_group_counts"": [193, 188, 20, 25], ""test_group_counts"": [61, 59, 25, 40], ""train_class_counts"": [232, 194], ""test_class_counts"": [83, 102], ""train_group_class_counts"": [[104, 89], [120, 68], [1, 19], [7, 18]], ""test_group_class_counts"": [[33, 28], [38, 21], [2, 23], [10, 30]], ""group_proportions"": [0.45305164319248825, 0.4413145539906103, 0.046948356807511735, 0.05868544600938967], ""val_group_counts"": [49, 47, 20, 32], ""val_total"": 148}",,2026-09-14T15:42:29.705726,27,0.4884689599275589,0.78125,0.001,0.7567567567567568,0.74719227563212,0.7,0.847457627118644,"[0.7213114754098361, 0.847457627118644, 0.72, 0.7]","[0.521462152055541, 0.36251615398263526, 0.7021720436215401, 0.5716723152436316]","[0.7951807228915663, 0.7254901960784313]","[[0.7878787878787878, 0.6428571428571429], [0.8421052631578947, 0.8571428571428571], [0.5, 0.7391304347826086], [0.7, 0.7]]","[61, 59, 25, 40]",0.7563010450513745,"[0.7164342357123326, 0.8383561643835616, 0.5257452574525746, 0.658119658119658]",0.5257452574525746,0.7021720436215401,0.7837837837837838,0.7732617781155016,0.7,0.8571428571428571,"[0.8571428571428571, 0.723404255319149, 0.7, 0.8125]","[0.40888019605558745, 0.5460795316290348, 0.5763802841305733, 0.5636195736005902]","[0.7878787878787878, 0.7804878048780488]","[[0.8518518518518519, 0.8636363636363636], [0.7333333333333333, 0.7058823529411765], [1.0, 0.6842105263157895], [0.75, 0.8333333333333334]]","[49, 47, 20, 32]",0.7823529411764707,"[0.8561844863731656, 0.710289236605026, 0.53125, 0.7681159420289854]",0.53125,0.5763802841305733,,"[NaN, NaN, NaN, NaN]",,,
"{""run_name"": ""fedheart_exp_paper_hetagg_gdro"", ""seed"": 55, ""run_dir"": ""runs/fedheart_cv/Shared_Anchors_s55_f2"", ""use_fedheart"": true, ""num_classes"": 2, ""stratified_batching"": true, ""train_frac"": 0.8, ""group_max_train_samples"": [null, null, 20, 25], ""true_hetero_input_dim"": true, ""feature_mask"": [[0, 1, 2, 3, 5, 6, 7, 8, 9, 10], [0, 1, 2, 3, 5, 6, 11, 12], [0, 1, 2, 4, 5, 7, 11, 12], [0, 1, 2, 4, 5, 6, 8, 9, 10]], ""batch_size"": 64, ""num_workers"": 0, ""epochs"": 100, ""early_stopping_patience"": 30, ""lr"": 0.001, ""weight_decay"": 0.0001, ""optimizer"": ""adam"", ""grad_clip"": 1.0, ""lr_scheduler"": ""cosine"", ""lr_min"": 1e-05, ""latent_dim"": 64, ""head_hidden"": 32, ""groups"": [{""name"": ""cleveland"", ""encoder"": ""mlp_tabular_ln"", ""input_dim"": 13, ""hidden_dim"": 64, ""dropout"": 0.1}, {""name"": ""hungarian"", ""encoder"": ""mlp_tabular_ln"", ""input_dim"": 13, ""hidden_dim"": 64, ""dropout"": 0.1}, {""name"": ""switzerland"", ""encoder"": ""mlp_tabular_ln"", ""input_dim"": 13, ""hidden_dim"": 64, ""dropout"": 0.1}, {""name"": ""va_long_beach"", ""encoder"": ""mlp_tabular_ln"", ""input_dim"": 13, ""hidden_dim"": 64, ""dropout"": 0.1}], ""anchor_eps"": 0.0001, ""sep_samples_per_class"": 4, ""sep_method"": ""classifier"", ""sep_margin"": 1.0, ""lambda_fit"": 0.1, ""lambda_sep"": 0.1, ""groupdro_enabled"": false, ""groupdro_eta"": 1.0, ""groupdro_gamma"": 0.9, ""groupdro_update_mode"": ""softmax"", ""groupdro_objective"": ""weighted"", ""groupdro_kl_lambda"": 0.0, ""groupdro_uniform_init"": true, ""log_interval"": 20, ""save_every"": 10, ""val_frac"": 0.2, ""impute_missing"": true, ""common_encoder"": true, ""use_regret"": false, ""data_split_seed"": 1002}","{""num_groups"": 4, ""num_classes"": 2, ""train_total"": 426, ""test_total"": 185, ""train_group_counts"": [193, 188, 20, 25], ""test_group_counts"": [61, 59, 25, 40], ""train_class_counts"": [232, 194], ""test_class_counts"": [83, 102], ""train_group_class_counts"": [[104, 89], [120, 68], [1, 19], [7, 18]], ""test_group_class_counts"": [[33, 28], [38, 21], [2, 23], [10, 30]], ""group_proportions"": [0.45305164319248825, 0.4413145539906103, 0.046948356807511735, 0.05868544600938967], ""val_group_counts"": [49, 47, 20, 32], ""val_total"": 148}",,2026-09-14T15:42:29.705726,28,0.4775950113932292,0.796875,0.001,0.745945945945946,0.7332328424562379,0.68,0.864406779661017,"[0.6885245901639344, 0.864406779661017, 0.68, 0.7]","[0.5159612090983352, 0.34473833536445087, 0.761145969927311, 0.6055870371870696]","[0.8072289156626506, 0.696078431372549]","[[0.7878787878787878, 0.5714285714285714], [0.868421052631579, 0.8571428571428571], [0.5, 0.6956521739130435], [0.7, 0.7]]","[61, 59, 25, 40]",0.7458271215177292,"[0.6799226732946699, 0.855036855036855, 0.5, 0.658119658119658]",0.5,0.761145969927311,0.7635135135135135,0.7426434270516717,0.65,0.8571428571428571,"[0.8571428571428571, 0.7446808510638298, 0.65, 0.71875]","[0.4034948861416505, 0.5275584847686139, 0.648338383436203, 0.5987484480720013]","[0.803030303030303, 0.7317073170731707]","[[0.8518518518518519, 0.8636363636363636], [0.7666666666666667, 0.7058823529411765], [1.0, 0.631578947368421], [0.75, 0.7083333333333334]]","[49, 47, 20, 32]",0.7629832990162433,"[0.8561844863731656, 0.7298850574712643, 0.4982078853046595, 0.681063122923588]",0.4982078853046595,0.648338383436203,,"[NaN, NaN, NaN, NaN]",,,
"{""run_name"": ""fedheart_exp_paper_hetagg_gdro"", ""seed"": 55, ""run_dir"": ""runs/fedheart_cv/Shared_Anchors_s55_f2"", ""use_fedheart"": true, ""num_classes"": 2, ""stratified_batching"": true, ""train_frac"": 0.8, ""group_max_train_samples"": [null, null, 20, 25], ""true_hetero_input_dim"": true, ""feature_mask"": [[0, 1, 2, 3, 5, 6, 7, 8, 9, 10], [0, 1, 2, 3, 5, 6, 11, 12], [0, 1, 2, 4, 5, 7, 11, 12], [0, 1, 2, 4, 5, 6, 8, 9, 10]], ""batch_size"": 64, ""num_workers"": 0, ""epochs"": 100, ""early_stopping_patience"": 30, ""lr"": 0.001, ""weight_decay"": 0.0001, ""optimizer"": ""adam"", ""grad_clip"": 1.0, ""lr_scheduler"": ""cosine"", ""lr_min"": 1e-05, ""latent_dim"": 64, ""head_hidden"": 32, ""groups"": [{""name"": ""cleveland"", ""encoder"": ""mlp_tabular_ln"", ""input_dim"": 13, ""hidden_dim"": 64, ""dropout"": 0.1}, {""name"": ""hungarian"", ""encoder"": ""mlp_tabular_ln"", ""input_dim"": 13, ""hidden_dim"": 64, ""dropout"": 0.1}, {""name"": ""switzerland"", ""encoder"": ""mlp_tabular_ln"", ""input_dim"": 13, ""hidden_dim"": 64, ""dropout"": 0.1}, {""name"": ""va_long_beach"", ""encoder"": ""mlp_tabular_ln"", ""input_dim"": 13, ""hidden_dim"": 64, ""dropout"": 0.1}], ""anchor_eps"": 0.0001, ""sep_samples_per_class"": 4, ""sep_method"": ""classifier"", ""sep_margin"": 1.0, ""lambda_fit"": 0.1, ""lambda_sep"": 0.1, ""groupdro_enabled"": false, ""groupdro_eta"": 1.0, ""groupdro_gamma"": 0.9, ""groupdro_update_mode"": ""softmax"", ""groupdro_objective"": ""weighted"", ""groupdro_kl_lambda"": 0.0, ""groupdro_uniform_init"": true, ""log_interval"": 20, ""save_every"": 10, ""val_frac"": 0.2, ""impute_missing"": true, ""common_encoder"": true, ""use_regret"": false, ""data_split_seed"": 1002}","{""num_groups"": 4, ""num_classes"": 2, ""train_total"": 426, ""test_total"": 185, ""train_group_counts"": [193, 188, 20, 25], ""test_group_counts"": [61, 59, 25, 40], ""train_class_counts"": [232, 194], ""test_class_counts"": [83, 102], ""train_group_class_counts"": [[104, 89], [120, 68], [1, 19], [7, 18]], ""test_group_class_counts"": [[33, 28], [38, 21], [2, 23], [10, 30]], ""group_proportions"": [0.45305164319248825, 0.4413145539906103, 0.046948356807511735, 0.05868544600938967], ""val_group_counts"": [49, 47, 20, 32], ""val_total"": 148}",,2026-09-14T15:42:29.705726,29,0.4652514010667801,0.8046875,0.001,0.7513513513513513,0.7350406362878578,0.675,0.847457627118644,"[0.7377049180327869, 0.847457627118644, 0.68, 0.675]","[0.5049157326766214, 0.3427663326768552, 0.7759699738025665, 0.6122268451377749]","[0.8192771084337349, 0.696078431372549]","[[0.8484848484848485, 0.6071428571428571], [0.8421052631578947, 0.8571428571428571], [0.5, 0.6956521739130435], [0.7, 0.6666666666666666]]","[61, 59, 25, 40]",0.7512859480944587,"[0.7288888888888889, 0.8383561643835616, 0.5, 0.636617749825297]",0.5,0.7759699738025665,0.777027027027027,0.760462575987842,0.7,0.8571428571428571,"[0.8571428571428571, 0.7659574468085106, 0.7, 0.71875]","[0.41131191487823215, 0.5345808022675362, 0.6370369892567396, 0.6190194864757359]","[0.8181818181818182, 0.7439024390243902]","[[0.8518518518518519, 0.8636363636363636], [0.8, 0.7058823529411765], [1.0, 0.6842105263157895], [0.75, 0.7083333333333334]]","[49, 47, 20, 32]",0.7765271105010296,"[0.8561844863731656, 0.7496368038740919, 0.53125, 0.681063122923588]",0.53125,0.6370369892567396,,"[NaN, NaN, NaN, NaN]",,,
"{""run_name"": ""fedheart_exp_paper_hetagg_gdro"", ""seed"": 55, ""run_dir"": ""runs/fedheart_cv/Shared_Anchors_s55_f2"", ""use_fedheart"": true, ""num_classes"": 2, ""stratified_batching"": true, ""train_frac"": 0.8, ""group_max_train_samples"": [null, null, 20, 25], ""true_hetero_input_dim"": true, ""feature_mask"": [[0, 1, 2, 3, 5, 6, 7, 8, 9, 10], [0, 1, 2, 3, 5, 6, 11, 12], [0, 1, 2, 4, 5, 7, 11, 12], [0, 1, 2, 4, 5, 6, 8, 9, 10]], ""batch_size"": 64, ""num_workers"": 0, ""epochs"": 100, ""early_stopping_patience"": 30, ""lr"": 0.001, ""weight_decay"": 0.0001, ""optimizer"": ""adam"", ""grad_clip"": 1.0, ""lr_scheduler"": ""cosine"", ""lr_min"": 1e-05, ""latent_dim"": 64, ""head_hidden"": 32, ""groups"": [{""name"": ""cleveland"", ""encoder"": ""mlp_tabular_ln"", ""input_dim"": 13, ""hidden_dim"": 64, ""dropout"": 0.1}, {""name"": ""hungarian"", ""encoder"": ""mlp_tabular_ln"", ""input_dim"": 13, ""hidden_dim"": 64, ""dropout"": 0.1}, {""name"": ""switzerland"", ""encoder"": ""mlp_tabular_ln"", ""input_dim"": 13, ""hidden_dim"": 64, ""dropout"": 0.1}, {""name"": ""va_long_beach"", ""encoder"": ""mlp_tabular_ln"", ""input_dim"": 13, ""hidden_dim"": 64, ""dropout"": 0.1}], ""anchor_eps"": 0.0001, ""sep_samples_per_class"": 4, ""sep_method"": ""classifier"", ""sep_margin"": 1.0, ""lambda_fit"": 0.1, ""lambda_sep"": 0.1, ""groupdro_enabled"": false, ""groupdro_eta"": 1.0, ""groupdro_gamma"": 0.9, ""groupdro_update_mode"": ""softmax"", ""groupdro_objective"": ""weighted"", ""groupdro_kl_lambda"": 0.0, ""groupdro_uniform_init"": true, ""log_interval"": 20, ""save_every"": 10, ""val_frac"": 0.2, ""impute_missing"": true, ""common_encoder"": true, ""use_regret"": false, ""data_split_seed"": 1002}","{""num_groups"": 4, ""num_classes"": 2, ""train_total"": 426, ""test_total"": 185, ""train_group_counts"": [193, 188, 20, 25], ""test_group_counts"": [61, 59, 25, 40], ""train_class_counts"": [232, 194], ""test_class_counts"": [83, 102], ""train_group_class_counts"": [[104, 89], [120, 68], [1, 19], [7, 18]], ""test_group_class_counts"": [[33, 28], [38, 21], [2, 23], [10, 30]], ""group_proportions"": [0.45305164319248825, 0.4413145539906103, 0.046948356807511735, 0.05868544600938967], ""val_group_counts"": [49, 47, 20, 32], ""val_total"": 148}",,2026-09-14T15:42:29.705726,30,0.47099147240320843,0.7994791666666666,0.001,0.7513513513513513,0.7328889969435954,0.65,0.847457627118644,"[0.7540983606557377, 0.847457627118644, 0.68, 0.65]","[0.49766446937058795, 0.35148215874777, 0.7728366568684578, 0.6108953582122922]","[0.8192771084337349, 0.696078431372549]","[[0.8484848484848485, 0.6428571428571429], [0.8421052631578947, 0.8571428571428571], [0.5, 0.6956521739130435], [0.7, 0.6333333333333333]]","[61, 59, 25, 40]",0.7512859480944587,"[0.7473073736536868, 0.8383561643835616, 0.5, 0.6153846153846154]",0.5,0.7728366568684578,0.7702702702702703,0.7553605351715154,0.7,0.8367346938775511,"[0.8367346938775511, 0.7659574468085106, 0.7, 0.71875]","[0.4234907675762566, 0.5414252460319945, 0.6107688307762146, 0.6250714173074812]","[0.803030303030303, 0.7439024390243902]","[[0.8148148148148148, 0.8636363636363636], [0.8, 0.7058823529411765], [1.0, 0.6842105263157895], [0.75, 0.7083333333333334]]","[49, 47, 20, 32]",0.7695970695970695,"[0.8361204013377926, 0.7496368038740919, 0.53125, 0.681063122923588]",0.53125,0.6250714173074812,,"[NaN, NaN, NaN, NaN]",,,
"{""run_name"": ""fedheart_exp_paper_hetagg_gdro"", ""seed"": 55, ""run_dir"": ""runs/fedheart_cv/Shared_Anchors_s55_f2"", ""use_fedheart"": true, ""num_classes"": 2, ""stratified_batching"": true, ""train_frac"": 0.8, ""group_max_train_samples"": [null, null, 20, 25], ""true_hetero_input_dim"": true, ""feature_mask"": [[0, 1, 2, 3, 5, 6, 7, 8, 9, 10], [0, 1, 2, 3, 5, 6, 11, 12], [0, 1, 2, 4, 5, 7, 11, 12], [0, 1, 2, 4, 5, 6, 8, 9, 10]], ""batch_size"": 64, ""num_workers"": 0, ""epochs"": 100, ""early_stopping_patience"": 30, ""lr"": 0.001, ""weight_decay"": 0.0001, ""optimizer"": ""adam"", ""grad_clip"": 1.0, ""lr_scheduler"": ""cosine"", ""lr_min"": 1e-05, ""latent_dim"": 64, ""head_hidden"": 32, ""groups"": [{""name"": ""cleveland"", ""encoder"": ""mlp_tabular_ln"", ""input_dim"": 13, ""hidden_dim"": 64, ""dropout"": 0.1}, {""name"": ""hungarian"", ""encoder"": ""mlp_tabular_ln"", ""input_dim"": 13, ""hidden_dim"": 64, ""dropout"": 0.1}, {""name"": ""switzerland"", ""encoder"": ""mlp_tabular_ln"", ""input_dim"": 13, ""hidden_dim"": 64, ""dropout"": 0.1}, {""name"": ""va_long_beach"", ""encoder"": ""mlp_tabular_ln"", ""input_dim"": 13, ""hidden_dim"": 64, ""dropout"": 0.1}], ""anchor_eps"": 0.0001, ""sep_samples_per_class"": 4, ""sep_method"": ""classifier"", ""sep_margin"": 1.0, ""lambda_fit"": 0.1, ""lambda_sep"": 0.1, ""groupdro_enabled"": false, ""groupdro_eta"": 1.0, ""groupdro_gamma"": 0.9, ""groupdro_update_mode"": ""softmax"", ""groupdro_objective"": ""weighted"", ""groupdro_kl_lambda"": 0.0, ""groupdro_uniform_init"": true, ""log_interval"": 20, ""save_every"": 10, ""val_frac"": 0.2, ""impute_missing"": true, ""common_encoder"": true, ""use_regret"": false, ""data_split_seed"": 1002}","{""num_groups"": 4, ""num_classes"": 2, ""train_total"": 426, ""test_total"": 185, ""train_group_counts"": [193, 188, 20, 25], ""test_group_counts"": [61, 59, 25, 40], ""train_class_counts"": [232, 194], ""test_class_counts"": [83, 102], ""train_group_class_counts"": [[104, 89], [120, 68], [1, 19], [7, 18]], ""test_group_class_counts"": [[33, 28], [38, 21], [2, 23], [10, 30]], ""group_proportions"": [0.45305164319248825, 0.4413145539906103, 0.046948356807511735, 0.05868544600938967], ""val_group_counts"": [49, 47, 20, 32], ""val_total"": 148}",,2026-09-14T15:42:29.705726,31,0.46474695205688477,0.8098958333333334,0.001,0.7567567567567568,0.7411517088080022,0.68,0.8305084745762712,"[0.7540983606557377, 0.8305084745762712, 0.68, 0.7]","[0.5012947349641167, 0.3729741539237863, 0.7381418827176094, 0.5859649421647191]","[0.7951807228915663, 0.7254901960784313]","[[0.8181818181818182, 0.6785714285714286], [0.8157894736842105, 0.8571428571428571], [0.5, 0.6956521739130435], [0.7, 0.7]]","[61, 59, 25, 40]",0.7563010450513745,"[0.7497949138638228, 0.8218599033816425, 0.5, 0.658119658119658]",0.5,0.7381418827176094,0.7702702702702703,0.774409737299175,0.6875,0.85,"[0.8367346938775511, 0.723404255319149, 0.85, 0.6875]","[0.4324030440528782, 0.5480978101333405, 0.5529224891215563, 0.601848463062197]","[0.7424242424242424, 0.7926829268292683]","[[0.8148148148148148, 0.8636363636363636], [0.7333333333333333, 0.7058823529411765], [1.0, 0.8421052631578947], [0.5, 0.75]]","[49, 47, 20, 32]",0.7675535846267554,"[0.8361204013377926, 0.710289236605026, 0.6571428571428571, 0.6135265700483091]",0.6135265700483091,0.601848463062197,,"[NaN, NaN, NaN, NaN]",,,
"{""run_name"": ""fedheart_exp_paper_hetagg_gdro"", ""seed"": 55, ""run_dir"": ""runs/fedheart_cv/Shared_Anchors_s55_f2"", ""use_fedheart"": true, ""num_classes"": 2, ""stratified_batching"": true, ""train_frac"": 0.8, ""group_max_train_samples"": [null, null, 20, 25], ""true_hetero_input_dim"": true, ""feature_mask"": [[0, 1, 2, 3, 5, 6, 7, 8, 9, 10], [0, 1, 2, 3, 5, 6, 11, 12], [0, 1, 2, 4, 5, 7, 11, 12], [0, 1, 2, 4, 5, 6, 8, 9, 10]], ""batch_size"": 64, ""num_workers"": 0, ""epochs"": 100, ""early_stopping_patience"": 30, ""lr"": 0.001, ""weight_decay"": 0.0001, ""optimizer"": ""adam"", ""grad_clip"": 1.0, ""lr_scheduler"": ""cosine"", ""lr_min"": 1e-05, ""latent_dim"": 64, ""head_hidden"": 32, ""groups"": [{""name"": ""cleveland"", ""encoder"": ""mlp_tabular_ln"", ""input_dim"": 13, ""hidden_dim"": 64, ""dropout"": 0.1}, {""name"": ""hungarian"", ""encoder"": ""mlp_tabular_ln"", ""input_dim"": 13, ""hidden_dim"": 64, ""dropout"": 0.1}, {""name"": ""switzerland"", ""encoder"": ""mlp_tabular_ln"", ""input_dim"": 13, ""hidden_dim"": 64, ""dropout"": 0.1}, {""name"": ""va_long_beach"", ""encoder"": ""mlp_tabular_ln"", ""input_dim"": 13, ""hidden_dim"": 64, ""dropout"": 0.1}], ""anchor_eps"": 0.0001, ""sep_samples_per_class"": 4, ""sep_method"": ""classifier"", ""sep_margin"": 1.0, ""lambda_fit"": 0.1, ""lambda_sep"": 0.1, ""groupdro_enabled"": false, ""groupdro_eta"": 1.0, ""groupdro_gamma"": 0.9, ""groupdro_update_mode"": ""softmax"", ""groupdro_objective"": ""weighted"", ""groupdro_kl_lambda"": 0.0, ""groupdro_uniform_init"": true, ""log_interval"": 20, ""save_every"": 10, ""val_frac"": 0.2, ""impute_missing"": true, ""common_encoder"": true, ""use_regret"": false, ""data_split_seed"": 1002}","{""num_groups"": 4, ""num_classes"": 2, ""train_total"": 426, ""test_total"": 185, ""train_group_counts"": [193, 188, 20, 25], ""test_group_counts"": [61, 59, 25, 40], ""train_class_counts"": [232, 194], ""test_class_counts"": [83, 102], ""train_group_class_counts"": [[104, 89], [120, 68], [1, 19], [7, 18]], ""test_group_class_counts"": [[33, 28], [38, 21], [2, 23], [10, 30]], ""group_proportions"": [0.45305164319248825, 0.4413145539906103, 0.046948356807511735, 0.05868544600938967], ""val_group_counts"": [49, 47, 20, 32], ""val_total"": 148}",,2026-09-14T15:42:29.705726,32,0.44463877379894257,0.8046875,0.001,0.745945945945946,0.7285152125590442,0.575,0.8813559322033898,"[0.7377049180327869, 0.8813559322033898, 0.72, 0.575]","[0.5153009703108034, 0.3389041519771188, 0.8450181764364243, 0.6537699492648243]","[0.8674698795180723, 0.6470588235294118]","[[0.8787878787878788, 0.5714285714285714], [0.8947368421052632, 0.8571428571428571], [1.0, 0.6956521739130435], [0.7, 0.5333333333333333]]","[61, 59, 25, 40]",0.745678434584223,"[0.7252252252252253, 0.8719379844961241, 0.592074592074592, 0.5523370638578012]",0.5523370638578012,0.8450181764364243,0.7432432432432432,0.7048442249240121,0.55,0.8571428571428571,"[0.8571428571428571, 0.7872340425531915, 0.55, 0.625]","[0.40641743971072897, 0.5159073485497464, 0.7069831818342209, 0.6588237509131432]","[0.8333333333333334, 0.6707317073170732]","[[0.8518518518518519, 0.8636363636363636], [0.8333333333333334, 0.7058823529411765], [1.0, 0.5263157894736842], [0.75, 0.5833333333333334]]","[49, 47, 20, 32]",0.7432432432432432,"[0.8561844863731656, 0.7696078431372549, 0.4357366771159875, 0.6000000000000001]",0.4357366771159875,0.7069831818342209,,"[NaN, NaN, NaN, NaN]",,,
"{""run_name"": ""fedheart_exp_paper_hetagg_gdro"", ""seed"": 55, ""run_dir"": ""runs/fedheart_cv/Shared_Anchors_s55_f2"", ""use_fedheart"": true, ""num_classes"": 2, ""stratified_batching"": true, ""train_frac"": 0.8, ""group_max_train_samples"": [null, null, 20, 25], ""true_hetero_input_dim"": true, ""feature_mask"": [[0, 1, 2, 3, 5, 6, 7, 8, 9, 10], [0, 1, 2, 3, 5, 6, 11, 12], [0, 1, 2, 4, 5, 7, 11, 12], [0, 1, 2, 4, 5, 6, 8, 9, 10]], ""batch_size"": 64, ""num_workers"": 0, ""epochs"": 100, ""early_stopping_patience"": 30, ""lr"": 0.001, ""weight_decay"": 0.0001, ""optimizer"": ""adam"", ""grad_clip"": 1.0, ""lr_scheduler"": ""cosine"", ""lr_min"": 1e-05, ""latent_dim"": 64, ""head_hidden"": 32, ""groups"": [{""name"": ""cleveland"", ""encoder"": ""mlp_tabular_ln"", ""input_dim"": 13, ""hidden_dim"": 64, ""dropout"": 0.1}, {""name"": ""hungarian"", ""encoder"": ""mlp_tabular_ln"", ""input_dim"": 13, ""hidden_dim"": 64, ""dropout"": 0.1}, {""name"": ""switzerland"", ""encoder"": ""mlp_tabular_ln"", ""input_dim"": 13, ""hidden_dim"": 64, ""dropout"": 0.1}, {""name"": ""va_long_beach"", ""encoder"": ""mlp_tabular_ln"", ""input_dim"": 13, ""hidden_dim"": 64, ""dropout"": 0.1}], ""anchor_eps"": 0.0001, ""sep_samples_per_class"": 4, ""sep_method"": ""classifier"", ""sep_margin"": 1.0, ""lambda_fit"": 0.1, ""lambda_sep"": 0.1, ""groupdro_enabled"": false, ""groupdro_eta"": 1.0, ""groupdro_gamma"": 0.9, ""groupdro_update_mode"": ""softmax"", ""groupdro_objective"": ""weighted"", ""groupdro_kl_lambda"": 0.0, ""groupdro_uniform_init"": true, ""log_interval"": 20, ""save_every"": 10, ""val_frac"": 0.2, ""impute_missing"": true, ""common_encoder"": true, ""use_regret"": false, ""data_split_seed"": 1002}","{""num_groups"": 4, ""num_classes"": 2, ""train_total"": 426, ""test_total"": 185, ""train_group_counts"": [193, 188, 20, 25], ""test_group_counts"": [61, 59, 25, 40], ""train_class_counts"": [232, 194], ""test_class_counts"": [83, 102], ""train_group_class_counts"": [[104, 89], [120, 68], [1, 19], [7, 18]], ""test_group_class_counts"": [[33, 28], [38, 21], [2, 23], [10, 30]], ""group_proportions"": [0.45305164319248825, 0.4413145539906103, 0.046948356807511735, 0.05868544600938967], ""val_group_counts"": [49, 47, 20, 32], ""val_total"": 148}",,2026-09-14T15:42:29.705726,33,0.43523016571998596,0.8151041666666666,0.001,0.7513513513513513,0.736914420672409,0.68,0.8135593220338984,"[0.7540983606557377, 0.8135593220338984, 0.68, 0.7]","[0.5120240370819314, 0.3774525142764136, 0.7484659975767136, 0.5880862364079803]","[0.7831325301204819, 0.7254901960784313]","[[0.8181818181818182, 0.6785714285714286], [0.7894736842105263, 0.8571428571428571], [0.5, 0.6956521739130435], [0.7, 0.7]]","[61, 59, 25, 40]",0.750761480787254,"[0.7497949138638228, 0.8055139346718609, 0.5, 0.658119658119658]",0.5,0.7484659975767136,0.777027027027027,0.7750413862353452,0.71875,0.8367346938775511,"[0.8367346938775511, 0.7446808510638298, 0.8, 0.71875]","[0.4213378143553831, 0.5307615018905477, 0.5746455114334822, 0.5946833747439086]","[0.7727272727272727, 0.7804878048780488]","[[0.8148148148148148, 0.8636363636363636], [0.7666666666666667, 0.7058823529411765], [1.0, 0.7894736842105263], [0.625, 0.75]]","[49, 47, 20, 32]",0.7752933057280883,"[0.8361204013377926, 0.7298850574712643, 0.607843137254902, 0.6631578947368421]",0.607843137254902,0.5946833747439086,,"[NaN, NaN, NaN, NaN]",,,
"{""run_name"": ""fedheart_exp_paper_hetagg_gdro"", ""seed"": 55, ""run_dir"": ""runs/fedheart_cv/Shared_Anchors_s55_f2"", ""use_fedheart"": true, ""num_classes"": 2, ""stratified_batching"": true, ""train_frac"": 0.8, ""group_max_train_samples"": [null, null, 20, 25], ""true_hetero_input_dim"": true, ""feature_mask"": [[0, 1, 2, 3, 5, 6, 7, 8, 9, 10], [0, 1, 2, 3, 5, 6, 11, 12], [0, 1, 2, 4, 5, 7, 11, 12], [0, 1, 2, 4, 5, 6, 8, 9, 10]], ""batch_size"": 64, ""num_workers"": 0, ""epochs"": 100, ""early_stopping_patience"": 30, ""lr"": 0.001, ""weight_decay"": 0.0001, ""optimizer"": ""adam"", ""grad_clip"": 1.0, ""lr_scheduler"": ""cosine"", ""lr_min"": 1e-05, ""latent_dim"": 64, ""head_hidden"": 32, ""groups"": [{""name"": ""cleveland"", ""encoder"": ""mlp_tabular_ln"", ""input_dim"": 13, ""hidden_dim"": 64, ""dropout"": 0.1}, {""name"": ""hungarian"", ""encoder"": ""mlp_tabular_ln"", ""input_dim"": 13, ""hidden_dim"": 64, ""dropout"": 0.1}, {""name"": ""switzerland"", ""encoder"": ""mlp_tabular_ln"", ""input_dim"": 13, ""hidden_dim"": 64, ""dropout"": 0.1}, {""name"": ""va_long_beach"", ""encoder"": ""mlp_tabular_ln"", ""input_dim"": 13, ""hidden_dim"": 64, ""dropout"": 0.1}], ""anchor_eps"": 0.0001, ""sep_samples_per_class"": 4, ""sep_method"": ""classifier"", ""sep_margin"": 1.0, ""lambda_fit"": 0.1, ""lambda_sep"": 0.1, ""groupdro_enabled"": false, ""groupdro_eta"": 1.0, ""groupdro_gamma"": 0.9, ""groupdro_update_mode"": ""softmax"", ""groupdro_objective"": ""weighted"", ""groupdro_kl_lambda"": 0.0, ""groupdro_uniform_init"": true, ""log_interval"": 20, ""save_every"": 10, ""val_frac"": 0.2, ""impute_missing"": true, ""common_encoder"": true, ""use_regret"": false, ""data_split_seed"": 1002}","{""num_groups"": 4, ""num_classes"": 2, ""train_total"": 426, ""test_total"": 185, ""train_group_counts"": [193, 188, 20, 25], ""test_group_counts"": [61, 59, 25, 40], ""train_class_counts"": [232, 194], ""test_class_counts"": [83, 102], ""train_group_class_counts"": [[104, 89], [120, 68], [1, 19], [7, 18]], ""test_group_class_counts"": [[33, 28], [38, 21], [2, 23], [10, 30]], ""group_proportions"": [0.45305164319248825, 0.4413145539906103, 0.046948356807511735, 0.05868544600938967], ""val_group_counts"": [49, 47, 20, 32], ""val_total"": 148}",,2026-09-14T15:42:29.705726,34,0.407017449537913,0.8203125,0.001,0.7351351351351352,0.7262176993609336,0.65,0.8135593220338984,"[0.7213114754098361, 0.8135593220338984, 0.72, 0.65]","[0.514048163076771, 0.36509721126344247, 0.7922624987363815, 0.6096315630711615]","[0.7951807228915663, 0.6862745098039216]","[[0.8181818181818182, 0.6071428571428571], [0.7894736842105263, 0.8571428571428571], [1.0, 0.6956521739130435], [0.7, 0.6333333333333333]]","[61, 59, 25, 40]",0.735011254348271,"[0.7136150234741784, 0.8055139346718609, 0.592074592074592, 0.6153846153846154]",0.592074592074592,0.7922624987363815,0.7837837837837838,0.7778671841076856,0.6875,0.8367346938775511,"[0.8367346938775511, 0.7872340425531915, 0.8, 0.6875]","[0.4060882390761862, 0.5238163689983651, 0.6122450813651085, 0.6192882459145039]","[0.8181818181818182, 0.7560975609756098]","[[0.8148148148148148, 0.8636363636363636], [0.8333333333333334, 0.7058823529411765], [1.0, 0.7894736842105263], [0.75, 0.6666666666666666]]","[49, 47, 20, 32]",0.7831501831501831,"[0.8361204013377926, 0.7696078431372549, 0.607843137254902, 0.6536796536796536]",0.607843137254902,0.6192882459145039,,"[NaN, NaN, NaN, NaN]",,,
"{""run_name"": ""fedheart_exp_paper_hetagg_gdro"", ""seed"": 55, ""run_dir"": ""runs/fedheart_cv/Shared_Anchors_s55_f2"", ""use_fedheart"": true, ""num_classes"": 2, ""stratified_batching"": true, ""train_frac"": 0.8, ""group_max_train_samples"": [null, null, 20, 25], ""true_hetero_input_dim"": true, ""feature_mask"": [[0, 1, 2, 3, 5, 6, 7, 8, 9, 10], [0, 1, 2, 3, 5, 6, 11, 12], [0, 1, 2, 4, 5, 7, 11, 12], [0, 1, 2, 4, 5, 6, 8, 9, 10]], ""batch_size"": 64, ""num_workers"": 0, ""epochs"": 100, ""early_stopping_patience"": 30, ""lr"": 0.001, ""weight_decay"": 0.0001, ""optimizer"": ""adam"", ""grad_clip"": 1.0, ""lr_scheduler"": ""cosine"", ""lr_min"": 1e-05, ""latent_dim"": 64, ""head_hidden"": 32, ""groups"": [{""name"": ""cleveland"", ""encoder"": ""mlp_tabular_ln"", ""input_dim"": 13, ""hidden_dim"": 64, ""dropout"": 0.1}, {""name"": ""hungarian"", ""encoder"": ""mlp_tabular_ln"", ""input_dim"": 13, ""hidden_dim"": 64, ""dropout"": 0.1}, {""name"": ""switzerland"", ""encoder"": ""mlp_tabular_ln"", ""input_dim"": 13, ""hidden_dim"": 64, ""dropout"": 0.1}, {""name"": ""va_long_beach"", ""encoder"": ""mlp_tabular_ln"", ""input_dim"": 13, ""hidden_dim"": 64, ""dropout"": 0.1}], ""anchor_eps"": 0.0001, ""sep_samples_per_class"": 4, ""sep_method"": ""classifier"", ""sep_margin"": 1.0, ""lambda_fit"": 0.1, ""lambda_sep"": 0.1, ""groupdro_enabled"": false, ""groupdro_eta"": 1.0, ""groupdro_gamma"": 0.9, ""groupdro_update_mode"": ""softmax"", ""groupdro_objective"": ""weighted"", ""groupdro_kl_lambda"": 0.0, ""groupdro_uniform_init"": true, ""log_interval"": 20, ""save_every"": 10, ""val_frac"": 0.2, ""impute_missing"": true, ""common_encoder"": true, ""use_regret"": false, ""data_split_seed"": 1002}","{""num_groups"": 4, ""num_classes"": 2, ""train_total"": 426, ""test_total"": 185, ""train_group_counts"": [193, 188, 20, 25], ""test_group_counts"": [61, 59, 25, 40], ""train_class_counts"": [232, 194], ""test_class_counts"": [83, 102], ""train_group_class_counts"": [[104, 89], [120, 68], [1, 19], [7, 18]], ""test_group_class_counts"": [[33, 28], [38, 21], [2, 23], [10, 30]], ""group_proportions"": [0.45305164319248825, 0.4413145539906103, 0.046948356807511735, 0.05868544600938967], ""val_group_counts"": [49, 47, 20, 32], ""val_total"": 148}",,2026-09-14T15:42:29.705726,35,0.44695719083150226,0.8151041666666666,0.001,0.7405405405405405,0.7344804112253404,0.7,0.7966101694915254,"[0.7213114754098361, 0.7966101694915254, 0.72, 0.7]","[0.514274748362845, 0.39508920308139367, 0.7424704697728157, 0.5771296602208167]","[0.7590361445783133, 0.7254901960784313]","[[0.7878787878787878, 0.6428571428571429], [0.7631578947368421, 0.8571428571428571], [1.0, 0.6956521739130435], [0.6, 0.7333333333333333]]","[61, 59, 25, 40]",0.7396199859254047,"[0.7164342357123326, 0.7892857142857144, 0.592074592074592, 0.6428571428571428]",0.592074592074592,0.7424704697728157,0.777027027027027,0.782222237299175,0.71875,0.85,"[0.8367346938775511, 0.723404255319149, 0.85, 0.71875]","[0.4195539528237922, 0.5338520703322076, 0.5342007040977478, 0.5899002325022593]","[0.7575757575757576, 0.7926829268292683]","[[0.8148148148148148, 0.8636363636363636], [0.7333333333333333, 0.7058823529411765], [1.0, 0.8421052631578947], [0.625, 0.75]]","[49, 47, 20, 32]",0.7747128557590295,"[0.8361204013377926, 0.710289236605026, 0.6571428571428571, 0.6631578947368421]",0.6571428571428571,0.5899002325022593,,"[NaN, NaN, NaN, NaN]",,,
"{""run_name"": ""fedheart_exp_paper_hetagg_gdro"", ""seed"": 55, ""run_dir"": ""runs/fedheart_cv/Shared_Anchors_s55_f2"", ""use_fedheart"": true, ""num_classes"": 2, ""stratified_batching"": true, ""train_frac"": 0.8, ""group_max_train_samples"": [null, null, 20, 25], ""true_hetero_input_dim"": true, ""feature_mask"": [[0, 1, 2, 3, 5, 6, 7, 8, 9, 10], [0, 1, 2, 3, 5, 6, 11, 12], [0, 1, 2, 4, 5, 7, 11, 12], [0, 1, 2, 4, 5, 6, 8, 9, 10]], ""batch_size"": 64, ""num_workers"": 0, ""epochs"": 100, ""early_stopping_patience"": 30, ""lr"": 0.001, ""weight_decay"": 0.0001, ""optimizer"": ""adam"", ""grad_clip"": 1.0, ""lr_scheduler"": ""cosine"", ""lr_min"": 1e-05, ""latent_dim"": 64, ""head_hidden"": 32, ""groups"": [{""name"": ""cleveland"", ""encoder"": ""mlp_tabular_ln"", ""input_dim"": 13, ""hidden_dim"": 64, ""dropout"": 0.1}, {""name"": ""hungarian"", ""encoder"": ""mlp_tabular_ln"", ""input_dim"": 13, ""hidden_dim"": 64, ""dropout"": 0.1}, {""name"": ""switzerland"", ""encoder"": ""mlp_tabular_ln"", ""input_dim"": 13, ""hidden_dim"": 64, ""dropout"": 0.1}, {""name"": ""va_long_beach"", ""encoder"": ""mlp_tabular_ln"", ""input_dim"": 13, ""hidden_dim"": 64, ""dropout"": 0.1}], ""anchor_eps"": 0.0001, ""sep_samples_per_class"": 4, ""sep_method"": ""classifier"", ""sep_margin"": 1.0, ""lambda_fit"": 0.1, ""lambda_sep"": 0.1, ""groupdro_enabled"": false, ""groupdro_eta"": 1.0, ""groupdro_gamma"": 0.9, ""groupdro_update_mode"": ""softmax"", ""groupdro_objective"": ""weighted"", ""groupdro_kl_lambda"": 0.0, ""groupdro_uniform_init"": true, ""log_interval"": 20, ""save_every"": 10, ""val_frac"": 0.2, ""impute_missing"": true, ""common_encoder"": true, ""use_regret"": false, ""data_split_seed"": 1002}","{""num_groups"": 4, ""num_classes"": 2, ""train_total"": 426, ""test_total"": 185, ""train_group_counts"": [193, 188, 20, 25], ""test_group_counts"": [61, 59, 25, 40], ""train_class_counts"": [232, 194], ""test_class_counts"": [83, 102], ""train_group_class_counts"": [[104, 89], [120, 68], [1, 19], [7, 18]], ""test_group_class_counts"": [[33, 28], [38, 21], [2, 23], [10, 30]], ""group_proportions"": [0.45305164319248825, 0.4413145539906103, 0.046948356807511735, 0.05868544600938967], ""val_group_counts"": [49, 47, 20, 32], ""val_total"": 148}",,2026-09-14T15:42:29.705726,36,0.43509434163570404,0.8151041666666666,0.001,0.7297297297297297,0.7199676993609336,0.625,0.8135593220338984,"[0.7213114754098361, 0.8135593220338984, 0.72, 0.625]","[0.5140846438675386, 0.3882450228714842, 0.7849539616703987, 0.6132784222252667]","[0.7831325301204819, 0.6862745098039216]","[[0.8181818181818182, 0.6071428571428571], [0.7894736842105263, 0.8571428571428571], [1.0, 0.6956521739130435], [0.6, 0.6333333333333333]]","[61, 59, 25, 40]",0.7295321637426901,"[0.7136150234741784, 0.8055139346718609, 0.592074592074592, 0.5807127882599581]",0.5807127882599581,0.7849539616703987,0.7837837837837838,0.7778671841076856,0.6875,0.8367346938775511,"[0.8367346938775511, 0.7872340425531915, 0.8, 0.6875]","[0.4089888621273698, 0.5255248590194165, 0.5810892445966601, 0.6124823636491783]","[0.8181818181818182, 0.7560975609756098]","[[0.8148148148148148, 0.8636363636363636], [0.8333333333333334, 0.7058823529411765], [1.0, 0.7894736842105263], [0.75, 0.6666666666666666]]","[49, 47, 20, 32]",0.7831501831501831,"[0.8361204013377926, 0.7696078431372549, 0.607843137254902, 0.6536796536796536]",0.607843137254902,0.6124823636491783,,"[NaN, NaN, NaN, NaN]",,,
"{""run_name"": ""fedheart_exp_paper_hetagg_gdro"", ""seed"": 55, ""run_dir"": ""runs/fedheart_cv/Shared_Anchors_s55_f2"", ""use_fedheart"": true, ""num_classes"": 2, ""stratified_batching"": true, ""train_frac"": 0.8, ""group_max_train_samples"": [null, null, 20, 25], ""true_hetero_input_dim"": true, ""feature_mask"": [[0, 1, 2, 3, 5, 6, 7, 8, 9, 10], [0, 1, 2, 3, 5, 6, 11, 12], [0, 1, 2, 4, 5, 7, 11, 12], [0, 1, 2, 4, 5, 6, 8, 9, 10]], ""batch_size"": 64, ""num_workers"": 0, ""epochs"": 100, ""early_stopping_patience"": 30, ""lr"": 0.001, ""weight_decay"": 0.0001, ""optimizer"": ""adam"", ""grad_clip"": 1.0, ""lr_scheduler"": ""cosine"", ""lr_min"": 1e-05, ""latent_dim"": 64, ""head_hidden"": 32, ""groups"": [{""name"": ""cleveland"", ""encoder"": ""mlp_tabular_ln"", ""input_dim"": 13, ""hidden_dim"": 64, ""dropout"": 0.1}, {""name"": ""hungarian"", ""encoder"": ""mlp_tabular_ln"", ""input_dim"": 13, ""hidden_dim"": 64, ""dropout"": 0.1}, {""name"": ""switzerland"", ""encoder"": ""mlp_tabular_ln"", ""input_dim"": 13, ""hidden_dim"": 64, ""dropout"": 0.1}, {""name"": ""va_long_beach"", ""encoder"": ""mlp_tabular_ln"", ""input_dim"": 13, ""hidden_dim"": 64, ""dropout"": 0.1}], ""anchor_eps"": 0.0001, ""sep_samples_per_class"": 4, ""sep_method"": ""classifier"", ""sep_margin"": 1.0, ""lambda_fit"": 0.1, ""lambda_sep"": 0.1, ""groupdro_enabled"": false, ""groupdro_eta"": 1.0, ""groupdro_gamma"": 0.9, ""groupdro_update_mode"": ""softmax"", ""groupdro_objective"": ""weighted"", ""groupdro_kl_lambda"": 0.0, ""groupdro_uniform_init"": true, ""log_interval"": 20, ""save_every"": 10, ""val_frac"": 0.2, ""impute_missing"": true, ""common_encoder"": true, ""use_regret"": false, ""data_split_seed"": 1002}","{""num_groups"": 4, ""num_classes"": 2, ""train_total"": 426, ""test_total"": 185, ""train_group_counts"": [193, 188, 20, 25], ""test_group_counts"": [61, 59, 25, 40], ""train_class_counts"": [232, 194], ""test_class_counts"": [83, 102], ""train_group_class_counts"": [[104, 89], [120, 68], [1, 19], [7, 18]], ""test_group_class_counts"": [[33, 28], [38, 21], [2, 23], [10, 30]], ""group_proportions"": [0.45305164319248825, 0.4413145539906103, 0.046948356807511735, 0.05868544600938967], ""val_group_counts"": [49, 47, 20, 32], ""val_total"": 148}",,2026-09-14T15:42:29.705726,37,0.4222681075334549,0.8046875,0.001,0.7243243243243244,0.7079549874965269,0.6,0.8305084745762712,"[0.7213114754098361, 0.8305084745762712, 0.68, 0.6]","[0.5197535489120932, 0.374093217333242, 0.8221235278248787, 0.6392623133026063]","[0.7951807228915663, 0.6666666666666666]","[[0.8181818181818182, 0.6071428571428571], [0.8157894736842105, 0.8571428571428571], [1.0, 0.6521739130434783], [0.6, 0.6]]","[61, 59, 25, 40]",0.7242921013412816,"[0.7136150234741784, 0.8218599033816425, 0.5614035087719298, 0.5604395604395604]",0.5604395604395604,0.8221235278248787,0.777027027027027,0.7579692249240122,0.6875,0.8571428571428571,"[0.8571428571428571, 0.7872340425531915, 0.7, 0.6875]","[0.3955749108703161, 0.5124365200704717, 0.6415677642449736, 0.6361334841931239]","[0.8333333333333334, 0.7317073170731707]","[[0.8518518518518519, 0.8636363636363636], [0.8333333333333334, 0.7058823529411765], [1.0, 0.6842105263157895], [0.75, 0.6666666666666666]]","[49, 47, 20, 32]",0.7767722473604826,"[0.8561844863731656, 0.7696078431372549, 0.53125, 0.6536796536796536]",0.53125,0.6415677642449736,,"[NaN, NaN, NaN, NaN]",,,
"{""run_name"": ""fedheart_exp_paper_hetagg_gdro"", ""seed"": 55, ""run_dir"": ""runs/fedheart_cv/Shared_Anchors_s55_f2"", ""use_fedheart"": true, ""num_classes"": 2, ""stratified_batching"": true, ""train_frac"": 0.8, ""group_max_train_samples"": [null, null, 20, 25], ""true_hetero_input_dim"": true, ""feature_mask"": [[0, 1, 2, 3, 5, 6, 7, 8, 9, 10], [0, 1, 2, 3, 5, 6, 11, 12], [0, 1, 2, 4, 5, 7, 11, 12], [0, 1, 2, 4, 5, 6, 8, 9, 10]], ""batch_size"": 64, ""num_workers"": 0, ""epochs"": 100, ""early_stopping_patience"": 30, ""lr"": 0.001, ""weight_decay"": 0.0001, ""optimizer"": ""adam"", ""grad_clip"": 1.0, ""lr_scheduler"": ""cosine"", ""lr_min"": 1e-05, ""latent_dim"": 64, ""head_hidden"": 32, ""groups"": [{""name"": ""cleveland"", ""encoder"": ""mlp_tabular_ln"", ""input_dim"": 13, ""hidden_dim"": 64, ""dropout"": 0.1}, {""name"": ""hungarian"", ""encoder"": ""mlp_tabular_ln"", ""input_dim"": 13, ""hidden_dim"": 64, ""dropout"": 0.1}, {""name"": ""switzerland"", ""encoder"": ""mlp_tabular_ln"", ""input_dim"": 13, ""hidden_dim"": 64, ""dropout"": 0.1}, {""name"": ""va_long_beach"", ""encoder"": ""mlp_tabular_ln"", ""input_dim"": 13, ""hidden_dim"": 64, ""dropout"": 0.1}], ""anchor_eps"": 0.0001, ""sep_samples_per_class"": 4, ""sep_method"": ""classifier"", ""sep_margin"": 1.0, ""lambda_fit"": 0.1, ""lambda_sep"": 0.1, ""groupdro_enabled"": false, ""groupdro_eta"": 1.0, ""groupdro_gamma"": 0.9, ""groupdro_update_mode"": ""softmax"", ""groupdro_objective"": ""weighted"", ""groupdro_kl_lambda"": 0.0, ""groupdro_uniform_init"": true, ""log_interval"": 20, ""save_every"": 10, ""val_frac"": 0.2, ""impute_missing"": true, ""common_encoder"": true, ""use_regret"": false, ""data_split_seed"": 1002}","{""num_groups"": 4, ""num_classes"": 2, ""train_total"": 426, ""test_total"": 185, ""train_group_counts"": [193, 188, 20, 25], ""test_group_counts"": [61, 59, 25, 40], ""train_class_counts"": [232, 194], ""test_class_counts"": [83, 102], ""train_group_class_counts"": [[104, 89], [120, 68], [1, 19], [7, 18]], ""test_group_class_counts"": [[33, 28], [38, 21], [2, 23], [10, 30]], ""group_proportions"": [0.45305164319248825, 0.4413145539906103, 0.046948356807511735, 0.05868544600938967], ""val_group_counts"": [49, 47, 20, 32], ""val_total"": 148}",,2026-09-14T15:42:29.705726,38,0.46597051123778027,0.7786458333333334,0.001,0.7567567567567568,0.7532304112253404,0.72,0.7966101694915254,"[0.7213114754098361, 0.7966101694915254, 0.72, 0.775]","[0.5236356371830477, 0.4279887700863814, 0.6928847768902778, 0.5514143515843898]","[0.7349397590361446, 0.7745098039215687]","[[0.7272727272727273, 0.7142857142857143], [0.7631578947368421, 0.8571428571428571], [1.0, 0.6956521739130435], [0.6, 0.8333333333333334]]","[61, 59, 25, 40]",0.754432022654199,"[0.7201079622132254, 0.7892857142857144, 0.592074592074592, 0.7094430992736076]",0.592074592074592,0.6928847768902778,0.7702702702702703,0.7769030883630048,0.7021276595744681,0.85,"[0.8367346938775511, 0.7021276595744681, 0.85, 0.71875]","[0.4267994543651537, 0.5394446576370838, 0.4723556013777852, 0.5666396568412893]","[0.7272727272727273, 0.8048780487804879]","[[0.8148148148148148, 0.8636363636363636], [0.7, 0.7058823529411765], [1.0, 0.8421052631578947], [0.5, 0.7916666666666666]]","[49, 47, 20, 32]",0.7668211306765523,"[0.8361204013377926, 0.6907894736842106, 0.6571428571428571, 0.6395494367959951]",0.6395494367959951,0.5666396568412893,,"[NaN, NaN, NaN, NaN]",,,
"{""run_name"": ""fedheart_exp_paper_hetagg_gdro"", ""seed"": 55, ""run_dir"": ""runs/fedheart_cv/Shared_Anchors_s55_f2"", ""use_fedheart"": true, ""num_classes"": 2, ""stratified_batching"": true, ""train_frac"": 0.8, ""group_max_train_samples"": [null, null, 20, 25], ""true_hetero_input_dim"": true, ""feature_mask"": [[0, 1, 2, 3, 5, 6, 7, 8, 9, 10], [0, 1, 2, 3, 5, 6, 11, 12], [0, 1, 2, 4, 5, 7, 11, 12], [0, 1, 2, 4, 5, 6, 8, 9, 10]], ""batch_size"": 64, ""num_workers"": 0, ""epochs"": 100, ""early_stopping_patience"": 30, ""lr"": 0.001, ""weight_decay"": 0.0001, ""optimizer"": ""adam"", ""grad_clip"": 1.0, ""lr_scheduler"": ""cosine"", ""lr_min"": 1e-05, ""latent_dim"": 64, ""head_hidden"": 32, ""groups"": [{""name"": ""cleveland"", ""encoder"": ""mlp_tabular_ln"", ""input_dim"": 13, ""hidden_dim"": 64, ""dropout"": 0.1}, {""name"": ""hungarian"", ""encoder"": ""mlp_tabular_ln"", ""input_dim"": 13, ""hidden_dim"": 64, ""dropout"": 0.1}, {""name"": ""switzerland"", ""encoder"": ""mlp_tabular_ln"", ""input_dim"": 13, ""hidden_dim"": 64, ""dropout"": 0.1}, {""name"": ""va_long_beach"", ""encoder"": ""mlp_tabular_ln"", ""input_dim"": 13, ""hidden_dim"": 64, ""dropout"": 0.1}], ""anchor_eps"": 0.0001, ""sep_samples_per_class"": 4, ""sep_method"": ""classifier"", ""sep_margin"": 1.0, ""lambda_fit"": 0.1, ""lambda_sep"": 0.1, ""groupdro_enabled"": false, ""groupdro_eta"": 1.0, ""groupdro_gamma"": 0.9, ""groupdro_update_mode"": ""softmax"", ""groupdro_objective"": ""weighted"", ""groupdro_kl_lambda"": 0.0, ""groupdro_uniform_init"": true, ""log_interval"": 20, ""save_every"": 10, ""val_frac"": 0.2, ""impute_missing"": true, ""common_encoder"": true, ""use_regret"": false, ""data_split_seed"": 1002}","{""num_groups"": 4, ""num_classes"": 2, ""train_total"": 426, ""test_total"": 185, ""train_group_counts"": [193, 188, 20, 25], ""test_group_counts"": [61, 59, 25, 40], ""train_class_counts"": [232, 194], ""test_class_counts"": [83, 102], ""train_group_class_counts"": [[104, 89], [120, 68], [1, 19], [7, 18]], ""test_group_class_counts"": [[33, 28], [38, 21], [2, 23], [10, 30]], ""group_proportions"": [0.45305164319248825, 0.4413145539906103, 0.046948356807511735, 0.05868544600938967], ""val_group_counts"": [49, 47, 20, 32], ""val_total"": 148}",,2026-09-14T15:42:29.705726,39,0.3782385637362798,0.8151041666666666,0.001,0.7297297297297297,0.7121922756321201,0.6,0.847457627118644,"[0.7213114754098361, 0.847457627118644, 0.68, 0.6]","[0.5166221987303408, 0.3640065902559939, 0.8516414406895637, 0.6404583702795208]","[0.8313253012048193, 0.6470588235294118]","[[0.8484848484848485, 0.5714285714285714], [0.8421052631578947, 0.8571428571428571], [1.0, 0.6521739130434783], [0.7, 0.5666666666666667]]","[61, 59, 25, 40]",0.7296586392331073,"[0.7100922560805143, 0.8383561643835616, 0.5614035087719298, 0.5733333333333334]",0.5614035087719298,0.8516414406895637,0.7567567567567568,0.7325546841076856,0.65,0.8367346938775511,"[0.8367346938775511, 0.7872340425531915, 0.65, 0.65625]","[0.4050432244429783, 0.5039836939503538, 0.6744468800723553, 0.6624451247043908]","[0.8181818181818182, 0.7073170731707317]","[[0.8148148148148148, 0.8636363636363636], [0.8333333333333334, 0.7058823529411765], [1.0, 0.631578947368421], [0.75, 0.625]]","[49, 47, 20, 32]",0.7565789473684211,"[0.8361204013377926, 0.7696078431372549, 0.4982078853046595, 0.6267232237539768]",0.4982078853046595,0.6744468800723553,,"[NaN, NaN, NaN, NaN]",,,
"{""run_name"": ""fedheart_exp_paper_hetagg_gdro"", ""seed"": 55, ""run_dir"": ""runs/fedheart_cv/Shared_Anchors_s55_f2"", ""use_fedheart"": true, ""num_classes"": 2, ""stratified_batching"": true, ""train_frac"": 0.8, ""group_max_train_samples"": [null, null, 20, 25], ""true_hetero_input_dim"": true, ""feature_mask"": [[0, 1, 2, 3, 5, 6, 7, 8, 9, 10], [0, 1, 2, 3, 5, 6, 11, 12], [0, 1, 2, 4, 5, 7, 11, 12], [0, 1, 2, 4, 5, 6, 8, 9, 10]], ""batch_size"": 64, ""num_workers"": 0, ""epochs"": 100, ""early_stopping_patience"": 30, ""lr"": 0.001, ""weight_decay"": 0.0001, ""optimizer"": ""adam"", ""grad_clip"": 1.0, ""lr_scheduler"": ""cosine"", ""lr_min"": 1e-05, ""latent_dim"": 64, ""head_hidden"": 32, ""groups"": [{""name"": ""cleveland"", ""encoder"": ""mlp_tabular_ln"", ""input_dim"": 13, ""hidden_dim"": 64, ""dropout"": 0.1}, {""name"": ""hungarian"", ""encoder"": ""mlp_tabular_ln"", ""input_dim"": 13, ""hidden_dim"": 64, ""dropout"": 0.1}, {""name"": ""switzerland"", ""encoder"": ""mlp_tabular_ln"", ""input_dim"": 13, ""hidden_dim"": 64, ""dropout"": 0.1}, {""name"": ""va_long_beach"", ""encoder"": ""mlp_tabular_ln"", ""input_dim"": 13, ""hidden_dim"": 64, ""dropout"": 0.1}], ""anchor_eps"": 0.0001, ""sep_samples_per_class"": 4, ""sep_method"": ""classifier"", ""sep_margin"": 1.0, ""lambda_fit"": 0.1, ""lambda_sep"": 0.1, ""groupdro_enabled"": false, ""groupdro_eta"": 1.0, ""groupdro_gamma"": 0.9, ""groupdro_update_mode"": ""softmax"", ""groupdro_objective"": ""weighted"", ""groupdro_kl_lambda"": 0.0, ""groupdro_uniform_init"": true, ""log_interval"": 20, ""save_every"": 10, ""val_frac"": 0.2, ""impute_missing"": true, ""common_encoder"": true, ""use_regret"": false, ""data_split_seed"": 1002}","{""num_groups"": 4, ""num_classes"": 2, ""train_total"": 426, ""test_total"": 185, ""train_group_counts"": [193, 188, 20, 25], ""test_group_counts"": [61, 59, 25, 40], ""train_class_counts"": [232, 194], ""test_class_counts"": [83, 102], ""train_group_class_counts"": [[104, 89], [120, 68], [1, 19], [7, 18]], ""test_group_class_counts"": [[33, 28], [38, 21], [2, 23], [10, 30]], ""group_proportions"": [0.45305164319248825, 0.4413145539906103, 0.046948356807511735, 0.05868544600938967], ""val_group_counts"": [49, 47, 20, 32], ""val_total"": 148}",,2026-09-14T15:42:29.705726,40,0.4032609909772873,0.8177083333333334,0.001,0.7567567567567568,0.7489271325368158,0.72,0.7966101694915254,"[0.7540983606557377, 0.7966101694915254, 0.72, 0.725]","[0.5080918004644699, 0.39502194103926924, 0.765895704627037, 0.5837322032544762]","[0.7469879518072289, 0.7647058823529411]","[[0.7575757575757576, 0.75], [0.7631578947368421, 0.8571428571428571], [1.0, 0.6956521739130435], [0.6, 0.7666666666666667]]","[61, 59, 25, 40]",0.754923606817981,"[0.7530364372469636, 0.7892857142857144, 0.592074592074592, 0.6643783371472158]",0.592074592074592,0.765895704627037,0.777027027027027,0.7725480351715155,0.6875,0.8367346938775511,"[0.8367346938775511, 0.7659574468085106, 0.8, 0.6875]","[0.43499486615919336, 0.5285597843851181, 0.5451041515916586, 0.6258718988392502]","[0.7727272727272727, 0.7804878048780488]","[[0.8148148148148148, 0.8636363636363636], [0.8, 0.7058823529411765], [1.0, 0.7894736842105263], [0.5, 0.75]]","[49, 47, 20, 32]",0.7752933057280883,"[0.8361204013377926, 0.7496368038740919, 0.607843137254902, 0.6135265700483091]",0.607843137254902,0.6258718988392502,,"[NaN, NaN, NaN, NaN]",,,
"{""run_name"": ""fedheart_exp_paper_hetagg_gdro"", ""seed"": 55, ""run_dir"": ""runs/fedheart_cv/Shared_Anchors_s55_f2"", ""use_fedheart"": true, ""num_classes"": 2, ""stratified_batching"": true, ""train_frac"": 0.8, ""group_max_train_samples"": [null, null, 20, 25], ""true_hetero_input_dim"": true, ""feature_mask"": [[0, 1, 2, 3, 5, 6, 7, 8, 9, 10], [0, 1, 2, 3, 5, 6, 11, 12], [0, 1, 2, 4, 5, 7, 11, 12], [0, 1, 2, 4, 5, 6, 8, 9, 10]], ""batch_size"": 64, ""num_workers"": 0, ""epochs"": 100, ""early_stopping_patience"": 30, ""lr"": 0.001, ""weight_decay"": 0.0001, ""optimizer"": ""adam"", ""grad_clip"": 1.0, ""lr_scheduler"": ""cosine"", ""lr_min"": 1e-05, ""latent_dim"": 64, ""head_hidden"": 32, ""groups"": [{""name"": ""cleveland"", ""encoder"": ""mlp_tabular_ln"", ""input_dim"": 13, ""hidden_dim"": 64, ""dropout"": 0.1}, {""name"": ""hungarian"", ""encoder"": ""mlp_tabular_ln"", ""input_dim"": 13, ""hidden_dim"": 64, ""dropout"": 0.1}, {""name"": ""switzerland"", ""encoder"": ""mlp_tabular_ln"", ""input_dim"": 13, ""hidden_dim"": 64, ""dropout"": 0.1}, {""name"": ""va_long_beach"", ""encoder"": ""mlp_tabular_ln"", ""input_dim"": 13, ""hidden_dim"": 64, ""dropout"": 0.1}], ""anchor_eps"": 0.0001, ""sep_samples_per_class"": 4, ""sep_method"": ""classifier"", ""sep_margin"": 1.0, ""lambda_fit"": 0.1, ""lambda_sep"": 0.1, ""groupdro_enabled"": false, ""groupdro_eta"": 1.0, ""groupdro_gamma"": 0.9, ""groupdro_update_mode"": ""softmax"", ""groupdro_objective"": ""weighted"", ""groupdro_kl_lambda"": 0.0, ""groupdro_uniform_init"": true, ""log_interval"": 20, ""save_every"": 10, ""val_frac"": 0.2, ""impute_missing"": true, ""common_encoder"": true, ""use_regret"": false, ""data_split_seed"": 1002}","{""num_groups"": 4, ""num_classes"": 2, ""train_total"": 426, ""test_total"": 185, ""train_group_counts"": [193, 188, 20, 25], ""test_group_counts"": [61, 59, 25, 40], ""train_class_counts"": [232, 194], ""test_class_counts"": [83, 102], ""train_group_class_counts"": [[104, 89], [120, 68], [1, 19], [7, 18]], ""test_group_class_counts"": [[33, 28], [38, 21], [2, 23], [10, 30]], ""group_proportions"": [0.45305164319248825, 0.4413145539906103, 0.046948356807511735, 0.05868544600938967], ""val_group_counts"": [49, 47, 20, 32], ""val_total"": 148}",,2026-09-14T15:42:29.705726,41,0.4095230996608734,0.8020833333333334,0.001,0.7513513513513513,0.7446898444012225,0.72,0.7796610169491526,"[0.7540983606557377, 0.7796610169491526, 0.72, 0.725]","[0.5090660201232942, 0.4110990231698852, 0.7351240175962448, 0.5650341430213303]","[0.7349397590361446, 0.7647058823529411]","[[0.7575757575757576, 0.75], [0.7368421052631579, 0.8571428571428571], [1.0, 0.6956521739130435], [0.6, 0.7666666666666667]]","[61, 59, 25, 40]",0.7492338519566243,"[0.7530364372469636, 0.7731440402247856, 0.592074592074592, 0.6643783371472158]",0.592074592074592,0.7351240175962448,0.7702702702702703,0.774409737299175,0.6875,0.85,"[0.8367346938775511, 0.723404255319149, 0.85, 0.6875]","[0.4460887577080605, 0.534785925470134, 0.5033807897940278, 0.6183884064666927]","[0.7424242424242424, 0.7926829268292683]","[[0.8148148148148148, 0.8636363636363636], [0.7333333333333333, 0.7058823529411765], [1.0, 0.8421052631578947], [0.5, 0.75]]","[49, 47, 20, 32]",0.7675535846267554,"[0.8361204013377926, 0.710289236605026, 0.6571428571428571, 0.6135265700483091]",0.6135265700483091,0.6183884064666927,,"[NaN, NaN, NaN, NaN]",,,
"{""run_name"": ""fedheart_exp_paper_hetagg_gdro"", ""seed"": 55, ""run_dir"": ""runs/fedheart_cv/Shared_Anchors_s55_f2"", ""use_fedheart"": true, ""num_classes"": 2, ""stratified_batching"": true, ""train_frac"": 0.8, ""group_max_train_samples"": [null, null, 20, 25], ""true_hetero_input_dim"": true, ""feature_mask"": [[0, 1, 2, 3, 5, 6, 7, 8, 9, 10], [0, 1, 2, 3, 5, 6, 11, 12], [0, 1, 2, 4, 5, 7, 11, 12], [0, 1, 2, 4, 5, 6, 8, 9, 10]], ""batch_size"": 64, ""num_workers"": 0, ""epochs"": 100, ""early_stopping_patience"": 30, ""lr"": 0.001, ""weight_decay"": 0.0001, ""optimizer"": ""adam"", ""grad_clip"": 1.0, ""lr_scheduler"": ""cosine"", ""lr_min"": 1e-05, ""latent_dim"": 64, ""head_hidden"": 32, ""groups"": [{""name"": ""cleveland"", ""encoder"": ""mlp_tabular_ln"", ""input_dim"": 13, ""hidden_dim"": 64, ""dropout"": 0.1}, {""name"": ""hungarian"", ""encoder"": ""mlp_tabular_ln"", ""input_dim"": 13, ""hidden_dim"": 64, ""dropout"": 0.1}, {""name"": ""switzerland"", ""encoder"": ""mlp_tabular_ln"", ""input_dim"": 13, ""hidden_dim"": 64, ""dropout"": 0.1}, {""name"": ""va_long_beach"", ""encoder"": ""mlp_tabular_ln"", ""input_dim"": 13, ""hidden_dim"": 64, ""dropout"": 0.1}], ""anchor_eps"": 0.0001, ""sep_samples_per_class"": 4, ""sep_method"": ""classifier"", ""sep_margin"": 1.0, ""lambda_fit"": 0.1, ""lambda_sep"": 0.1, ""groupdro_enabled"": false, ""groupdro_eta"": 1.0, ""groupdro_gamma"": 0.9, ""groupdro_update_mode"": ""softmax"", ""groupdro_objective"": ""weighted"", ""groupdro_kl_lambda"": 0.0, ""groupdro_uniform_init"": true, ""log_interval"": 20, ""save_every"": 10, ""val_frac"": 0.2, ""impute_missing"": true, ""common_encoder"": true, ""use_regret"": false, ""data_split_seed"": 1002}","{""num_groups"": 4, ""num_classes"": 2, ""train_total"": 426, ""test_total"": 185, ""train_group_counts"": [193, 188, 20, 25], ""test_group_counts"": [61, 59, 25, 40], ""train_class_counts"": [232, 194], ""test_class_counts"": [83, 102], ""train_group_class_counts"": [[104, 89], [120, 68], [1, 19], [7, 18]], ""test_group_class_counts"": [[33, 28], [38, 21], [2, 23], [10, 30]], ""group_proportions"": [0.45305164319248825, 0.4413145539906103, 0.046948356807511735, 0.05868544600938967], ""val_group_counts"": [49, 47, 20, 32], ""val_total"": 148}",,2026-09-14T15:42:29.705726,42,0.38383929431438446,0.8255208333333334,0.001,0.745945945945946,0.7322627813281467,0.625,0.8135593220338984,"[0.7704918032786885, 0.8135593220338984, 0.72, 0.625]","[0.5083959645545874, 0.3709535966548374, 0.8373759987950326, 0.624717864068225]","[0.7951807228915663, 0.7058823529411765]","[[0.8484848484848485, 0.6785714285714286], [0.7894736842105263, 0.8571428571428571], [1.0, 0.6956521739130435], [0.6, 0.6333333333333333]]","[61, 59, 25, 40]",0.7456784345842231,"[0.7653846153846154, 0.8055139346718609, 0.592074592074592, 0.5807127882599581]",0.5807127882599581,0.8373759987950326,0.7567567567567568,0.7253738330438558,0.6,0.8367346938775511,"[0.8367346938775511, 0.8085106382978723, 0.6, 0.65625]","[0.4260866046331975, 0.5101010195435361, 0.6394467733800411, 0.6787430364638567]","[0.803030303030303, 0.7195121951219512]","[[0.8148148148148148, 0.8636363636363636], [0.8666666666666667, 0.7058823529411765], [1.0, 0.5789473684210527], [0.5, 0.7083333333333334]]","[49, 47, 20, 32]",0.7563563197366013,"[0.8361204013377926, 0.7898658718330849, 0.4666666666666667, 0.5883040935672516]",0.4666666666666667,0.6787430364638567,,"[NaN, NaN, NaN, NaN]",,,
"{""run_name"": ""fedheart_exp_paper_hetagg_gdro"", ""seed"": 55, ""run_dir"": ""runs/fedheart_cv/Shared_Anchors_s55_f2"", ""use_fedheart"": true, ""num_classes"": 2, ""stratified_batching"": true, ""train_frac"": 0.8, ""group_max_train_samples"": [null, null, 20, 25], ""true_hetero_input_dim"": true, ""feature_mask"": [[0, 1, 2, 3, 5, 6, 7, 8, 9, 10], [0, 1, 2, 3, 5, 6, 11, 12], [0, 1, 2, 4, 5, 7, 11, 12], [0, 1, 2, 4, 5, 6, 8, 9, 10]], ""batch_size"": 64, ""num_workers"": 0, ""epochs"": 100, ""early_stopping_patience"": 30, ""lr"": 0.001, ""weight_decay"": 0.0001, ""optimizer"": ""adam"", ""grad_clip"": 1.0, ""lr_scheduler"": ""cosine"", ""lr_min"": 1e-05, ""latent_dim"": 64, ""head_hidden"": 32, ""groups"": [{""name"": ""cleveland"", ""encoder"": ""mlp_tabular_ln"", ""input_dim"": 13, ""hidden_dim"": 64, ""dropout"": 0.1}, {""name"": ""hungarian"", ""encoder"": ""mlp_tabular_ln"", ""input_dim"": 13, ""hidden_dim"": 64, ""dropout"": 0.1}, {""name"": ""switzerland"", ""encoder"": ""mlp_tabular_ln"", ""input_dim"": 13, ""hidden_dim"": 64, ""dropout"": 0.1}, {""name"": ""va_long_beach"", ""encoder"": ""mlp_tabular_ln"", ""input_dim"": 13, ""hidden_dim"": 64, ""dropout"": 0.1}], ""anchor_eps"": 0.0001, ""sep_samples_per_class"": 4, ""sep_method"": ""classifier"", ""sep_margin"": 1.0, ""lambda_fit"": 0.1, ""lambda_sep"": 0.1, ""groupdro_enabled"": false, ""groupdro_eta"": 1.0, ""groupdro_gamma"": 0.9, ""groupdro_update_mode"": ""softmax"", ""groupdro_objective"": ""weighted"", ""groupdro_kl_lambda"": 0.0, ""groupdro_uniform_init"": true, ""log_interval"": 20, ""save_every"": 10, ""val_frac"": 0.2, ""impute_missing"": true, ""common_encoder"": true, ""use_regret"": false, ""data_split_seed"": 1002}","{""num_groups"": 4, ""num_classes"": 2, ""train_total"": 426, ""test_total"": 185, ""train_group_counts"": [193, 188, 20, 25], ""test_group_counts"": [61, 59, 25, 40], ""train_class_counts"": [232, 194], ""test_class_counts"": [83, 102], ""train_group_class_counts"": [[104, 89], [120, 68], [1, 19], [7, 18]], ""test_group_class_counts"": [[33, 28], [38, 21], [2, 23], [10, 30]], ""group_proportions"": [0.45305164319248825, 0.4413145539906103, 0.046948356807511735, 0.05868544600938967], ""val_group_counts"": [49, 47, 20, 32], ""val_total"": 148}",,2026-09-14T15:42:29.705726,43,0.38802435497442883,0.8046875,0.001,0.7513513513513513,0.7425382050569602,0.7,0.7796610169491526,"[0.7704918032786885, 0.7796610169491526, 0.72, 0.7]","[0.5162198248655214, 0.41818793345305877, 0.7327094784379006, 0.5720964706270024]","[0.7349397590361446, 0.7647058823529411]","[[0.7575757575757576, 0.7857142857142857], [0.7368421052631579, 0.8571428571428571], [1.0, 0.6956521739130435], [0.6, 0.7333333333333333]]","[61, 59, 25, 40]",0.7492338519566243,"[0.7699353448275861, 0.7731440402247856, 0.592074592074592, 0.6428571428571428]",0.592074592074592,0.7327094784379006,0.7702702702702703,0.7672288862353452,0.6875,0.8367346938775511,"[0.8367346938775511, 0.7446808510638298, 0.8, 0.6875]","[0.44082435152056265, 0.5261609291142606, 0.5189631789922714, 0.620365372276865]","[0.7575757575757576, 0.7804878048780488]","[[0.8148148148148148, 0.8636363636363636], [0.7666666666666667, 0.7058823529411765], [1.0, 0.7894736842105263], [0.5, 0.75]]","[49, 47, 20, 32]",0.7681960567532707,"[0.8361204013377926, 0.7298850574712643, 0.607843137254902, 0.6135265700483091]",0.607843137254902,0.620365372276865,,"[NaN, NaN, NaN, NaN]",,,
"{""run_name"": ""fedheart_exp_paper_hetagg_gdro"", ""seed"": 55, ""run_dir"": ""runs/fedheart_cv/Shared_Anchors_s55_f2"", ""use_fedheart"": true, ""num_classes"": 2, ""stratified_batching"": true, ""train_frac"": 0.8, ""group_max_train_samples"": [null, null, 20, 25], ""true_hetero_input_dim"": true, ""feature_mask"": [[0, 1, 2, 3, 5, 6, 7, 8, 9, 10], [0, 1, 2, 3, 5, 6, 11, 12], [0, 1, 2, 4, 5, 7, 11, 12], [0, 1, 2, 4, 5, 6, 8, 9, 10]], ""batch_size"": 64, ""num_workers"": 0, ""epochs"": 100, ""early_stopping_patience"": 30, ""lr"": 0.001, ""weight_decay"": 0.0001, ""optimizer"": ""adam"", ""grad_clip"": 1.0, ""lr_scheduler"": ""cosine"", ""lr_min"": 1e-05, ""latent_dim"": 64, ""head_hidden"": 32, ""groups"": [{""name"": ""cleveland"", ""encoder"": ""mlp_tabular_ln"", ""input_dim"": 13, ""hidden_dim"": 64, ""dropout"": 0.1}, {""name"": ""hungarian"", ""encoder"": ""mlp_tabular_ln"", ""input_dim"": 13, ""hidden_dim"": 64, ""dropout"": 0.1}, {""name"": ""switzerland"", ""encoder"": ""mlp_tabular_ln"", ""input_dim"": 13, ""hidden_dim"": 64, ""dropout"": 0.1}, {""name"": ""va_long_beach"", ""encoder"": ""mlp_tabular_ln"", ""input_dim"": 13, ""hidden_dim"": 64, ""dropout"": 0.1}], ""anchor_eps"": 0.0001, ""sep_samples_per_class"": 4, ""sep_method"": ""classifier"", ""sep_margin"": 1.0, ""lambda_fit"": 0.1, ""lambda_sep"": 0.1, ""groupdro_enabled"": false, ""groupdro_eta"": 1.0, ""groupdro_gamma"": 0.9, ""groupdro_update_mode"": ""softmax"", ""groupdro_objective"": ""weighted"", ""groupdro_kl_lambda"": 0.0, ""groupdro_uniform_init"": true, ""log_interval"": 20, ""save_every"": 10, ""val_frac"": 0.2, ""impute_missing"": true, ""common_encoder"": true, ""use_regret"": false, ""data_split_seed"": 1002}","{""num_groups"": 4, ""num_classes"": 2, ""train_total"": 426, ""test_total"": 185, ""train_group_counts"": [193, 188, 20, 25], ""test_group_counts"": [61, 59, 25, 40], ""train_class_counts"": [232, 194], ""test_class_counts"": [83, 102], ""train_group_class_counts"": [[104, 89], [120, 68], [1, 19], [7, 18]], ""test_group_class_counts"": [[33, 28], [38, 21], [2, 23], [10, 30]], ""group_proportions"": [0.45305164319248825, 0.4413145539906103, 0.046948356807511735, 0.05868544600938967], ""val_group_counts"": [49, 47, 20, 32], ""val_total"": 148}",,2026-09-14T15:42:29.705726,44,0.4000202864408493,0.8177083333333334,0.001,0.7351351351351352,0.7280914837454848,0.675,0.7796610169491526,"[0.7377049180327869, 0.7796610169491526, 0.72, 0.675]","[0.5186898320852245, 0.41393492642348095, 0.7528510129451752, 0.5923728771740571]","[0.7349397590361446, 0.7352941176470589]","[[0.7575757575757576, 0.7142857142857143], [0.7368421052631579, 0.8571428571428571], [1.0, 0.6956521739130435], [0.6, 0.7]]","[61, 59, 25, 40]",0.7336095683093833,"[0.7359307359307359, 0.7731440402247856, 0.592074592074592, 0.6218181818181818]",0.592074592074592,0.7528510129451752,0.7635135135135135,0.7547288862353452,0.6875,0.8367346938775511,"[0.8367346938775511, 0.7446808510638298, 0.75, 0.6875]","[0.4293384865610575, 0.5252776831546997, 0.5452456440776586, 0.6361922678188421]","[0.7575757575757576, 0.7682926829268293]","[[0.8148148148148148, 0.8636363636363636], [0.7666666666666667, 0.7058823529411765], [1.0, 0.7368421052631579], [0.5, 0.75]]","[49, 47, 20, 32]",0.7616747181964574,"[0.8361204013377926, 0.7298850574712643, 0.5670995670995671, 0.6135265700483091]",0.5670995670995671,0.6361922678188421,,"[NaN, NaN, NaN, NaN]",,,
"{""run_name"": ""fedheart_exp_paper_hetagg_gdro"", ""seed"": 55, ""run_dir"": ""runs/fedheart_cv/Shared_Anchors_s55_f2"", ""use_fedheart"": true, ""num_classes"": 2, ""stratified_batching"": true, ""train_frac"": 0.8, ""group_max_train_samples"": [null, null, 20, 25], ""true_hetero_input_dim"": true, ""feature_mask"": [[0, 1, 2, 3, 5, 6, 7, 8, 9, 10], [0, 1, 2, 3, 5, 6, 11, 12], [0, 1, 2, 4, 5, 7, 11, 12], [0, 1, 2, 4, 5, 6, 8, 9, 10]], ""batch_size"": 64, ""num_workers"": 0, ""epochs"": 100, ""early_stopping_patience"": 30, ""lr"": 0.001, ""weight_decay"": 0.0001, ""optimizer"": ""adam"", ""grad_clip"": 1.0, ""lr_scheduler"": ""cosine"", ""lr_min"": 1e-05, ""latent_dim"": 64, ""head_hidden"": 32, ""groups"": [{""name"": ""cleveland"", ""encoder"": ""mlp_tabular_ln"", ""input_dim"": 13, ""hidden_dim"": 64, ""dropout"": 0.1}, {""name"": ""hungarian"", ""encoder"": ""mlp_tabular_ln"", ""input_dim"": 13, ""hidden_dim"": 64, ""dropout"": 0.1}, {""name"": ""switzerland"", ""encoder"": ""mlp_tabular_ln"", ""input_dim"": 13, ""hidden_dim"": 64, ""dropout"": 0.1}, {""name"": ""va_long_beach"", ""encoder"": ""mlp_tabular_ln"", ""input_dim"": 13, ""hidden_dim"": 64, ""dropout"": 0.1}], ""anchor_eps"": 0.0001, ""sep_samples_per_class"": 4, ""sep_method"": ""classifier"", ""sep_margin"": 1.0, ""lambda_fit"": 0.1, ""lambda_sep"": 0.1, ""groupdro_enabled"": false, ""groupdro_eta"": 1.0, ""groupdro_gamma"": 0.9, ""groupdro_update_mode"": ""softmax"", ""groupdro_objective"": ""weighted"", ""groupdro_kl_lambda"": 0.0, ""groupdro_uniform_init"": true, ""log_interval"": 20, ""save_every"": 10, ""val_frac"": 0.2, ""impute_missing"": true, ""common_encoder"": true, ""use_regret"": false, ""data_split_seed"": 1002}","{""num_groups"": 4, ""num_classes"": 2, ""train_total"": 426, ""test_total"": 185, ""train_group_counts"": [193, 188, 20, 25], ""test_group_counts"": [61, 59, 25, 40], ""train_class_counts"": [232, 194], ""test_class_counts"": [83, 102], ""train_group_class_counts"": [[104, 89], [120, 68], [1, 19], [7, 18]], ""test_group_class_counts"": [[33, 28], [38, 21], [2, 23], [10, 30]], ""group_proportions"": [0.45305164319248825, 0.4413145539906103, 0.046948356807511735, 0.05868544600938967], ""val_group_counts"": [49, 47, 20, 32], ""val_total"": 148}",,2026-09-14T15:42:29.705726,45,0.39285491903622943,0.8255208333333334,0.001,0.745945945945946,0.7303889969435954,0.6,0.847457627118644,"[0.7540983606557377, 0.847457627118644, 0.72, 0.6]","[0.5192942279085639, 0.38000031404386636, 0.8428587907552719, 0.6461253449087963]","[0.8072289156626506, 0.696078431372549]","[[0.8181818181818182, 0.6785714285714286], [0.8421052631578947, 0.8571428571428571], [1.0, 0.6956521739130435], [0.6, 0.6]]","[61, 59, 25, 40]",0.7458271215177292,"[0.7497949138638228, 0.8383561643835616, 0.592074592074592, 0.5604395604395604]",0.5604395604395604,0.8428587907552719,0.75,0.7222488330438559,0.59375,0.8367346938775511,"[0.8367346938775511, 0.8085106382978723, 0.65, 0.59375]","[0.4125636908016643, 0.5123848145470974, 0.6589381175115705, 0.6978322443901561]","[0.803030303030303, 0.7073170731707317]","[[0.8148148148148148, 0.8636363636363636], [0.8666666666666667, 0.7058823529411765], [1.0, 0.631578947368421], [0.5, 0.625]]","[49, 47, 20, 32]",0.749714337949632,"[0.8361204013377926, 0.7898658718330849, 0.4982078853046595, 0.5393133997785161]",0.4982078853046595,0.6978322443901561,,"[NaN, NaN, NaN, NaN]",,,
"{""run_name"": ""fedheart_exp_paper_hetagg_gdro"", ""seed"": 55, ""run_dir"": ""runs/fedheart_cv/Shared_Anchors_s55_f2"", ""use_fedheart"": true, ""num_classes"": 2, ""stratified_batching"": true, ""train_frac"": 0.8, ""group_max_train_samples"": [null, null, 20, 25], ""true_hetero_input_dim"": true, ""feature_mask"": [[0, 1, 2, 3, 5, 6, 7, 8, 9, 10], [0, 1, 2, 3, 5, 6, 11, 12], [0, 1, 2, 4, 5, 7, 11, 12], [0, 1, 2, 4, 5, 6, 8, 9, 10]], ""batch_size"": 64, ""num_workers"": 0, ""epochs"": 100, ""early_stopping_patience"": 30, ""lr"": 0.001, ""weight_decay"": 0.0001, ""optimizer"": ""adam"", ""grad_clip"": 1.0, ""lr_scheduler"": ""cosine"", ""lr_min"": 1e-05, ""latent_dim"": 64, ""head_hidden"": 32, ""groups"": [{""name"": ""cleveland"", ""encoder"": ""mlp_tabular_ln"", ""input_dim"": 13, ""hidden_dim"": 64, ""dropout"": 0.1}, {""name"": ""hungarian"", ""encoder"": ""mlp_tabular_ln"", ""input_dim"": 13, ""hidden_dim"": 64, ""dropout"": 0.1}, {""name"": ""switzerland"", ""encoder"": ""mlp_tabular_ln"", ""input_dim"": 13, ""hidden_dim"": 64, ""dropout"": 0.1}, {""name"": ""va_long_beach"", ""encoder"": ""mlp_tabular_ln"", ""input_dim"": 13, ""hidden_dim"": 64, ""dropout"": 0.1}], ""anchor_eps"": 0.0001, ""sep_samples_per_class"": 4, ""sep_method"": ""classifier"", ""sep_margin"": 1.0, ""lambda_fit"": 0.1, ""lambda_sep"": 0.1, ""groupdro_enabled"": false, ""groupdro_eta"": 1.0, ""groupdro_gamma"": 0.9, ""groupdro_update_mode"": ""softmax"", ""groupdro_objective"": ""weighted"", ""groupdro_kl_lambda"": 0.0, ""groupdro_uniform_init"": true, ""log_interval"": 20, ""save_every"": 10, ""val_frac"": 0.2, ""impute_missing"": true, ""common_encoder"": true, ""use_regret"": false, ""data_split_seed"": 1002}","{""num_groups"": 4, ""num_classes"": 2, ""train_total"": 426, ""test_total"": 185, ""train_group_counts"": [193, 188, 20, 25], ""test_group_counts"": [61, 59, 25, 40], ""train_class_counts"": [232, 194], ""test_class_counts"": [83, 102], ""train_group_class_counts"": [[104, 89], [120, 68], [1, 19], [7, 18]], ""test_group_class_counts"": [[33, 28], [38, 21], [2, 23], [10, 30]], ""group_proportions"": [0.45305164319248825, 0.4413145539906103, 0.046948356807511735, 0.05868544600938967], ""val_group_counts"": [49, 47, 20, 32], ""val_total"": 148}",,2026-09-14T15:42:29.705726,46,0.3904263774553935,0.8125,0.001,0.7297297297297297,0.7219804112253404,0.65,0.7966101694915254,"[0.7213114754098361, 0.7966101694915254, 0.72, 0.65]","[0.5155152423063019, 0.3969345620628131, 0.7769861017167569, 0.6088838513474911]","[0.7469879518072289, 0.7156862745098039]","[[0.7575757575757576, 0.6785714285714286], [0.7631578947368421, 0.8571428571428571], [1.0, 0.6956521739130435], [0.6, 0.6666666666666666]]","[61, 59, 25, 40]",0.7287708186722965,"[0.7185888738127544, 0.7892857142857144, 0.592074592074592, 0.6011396011396012]",0.592074592074592,0.7769861017167569,0.7567567567567568,0.7422288862353452,0.6875,0.8367346938775511,"[0.8367346938775511, 0.7446808510638298, 0.7, 0.6875]","[0.42286119986401527, 0.5188348929774254, 0.5890295345336198, 0.6653405729448423]","[0.7575757575757576, 0.7560975609756098]","[[0.8148148148148148, 0.8636363636363636], [0.7666666666666667, 0.7058823529411765], [1.0, 0.6842105263157895], [0.5, 0.75]]","[49, 47, 20, 32]",0.7551470588235294,"[0.8361204013377926, 0.7298850574712643, 0.53125, 0.6135265700483091]",0.53125,0.6653405729448423,,"[NaN, NaN, NaN, NaN]",,,
"{""run_name"": ""fedheart_exp_paper_hetagg_gdro"", ""seed"": 55, ""run_dir"": ""runs/fedheart_cv/Shared_Anchors_s55_f2"", ""use_fedheart"": true, ""num_classes"": 2, ""stratified_batching"": true, ""train_frac"": 0.8, ""group_max_train_samples"": [null, null, 20, 25], ""true_hetero_input_dim"": true, ""feature_mask"": [[0, 1, 2, 3, 5, 6, 7, 8, 9, 10], [0, 1, 2, 3, 5, 6, 11, 12], [0, 1, 2, 4, 5, 7, 11, 12], [0, 1, 2, 4, 5, 6, 8, 9, 10]], ""batch_size"": 64, ""num_workers"": 0, ""epochs"": 100, ""early_stopping_patience"": 30, ""lr"": 0.001, ""weight_decay"": 0.0001, ""optimizer"": ""adam"", ""grad_clip"": 1.0, ""lr_scheduler"": ""cosine"", ""lr_min"": 1e-05, ""latent_dim"": 64, ""head_hidden"": 32, ""groups"": [{""name"": ""cleveland"", ""encoder"": ""mlp_tabular_ln"", ""input_dim"": 13, ""hidden_dim"": 64, ""dropout"": 0.1}, {""name"": ""hungarian"", ""encoder"": ""mlp_tabular_ln"", ""input_dim"": 13, ""hidden_dim"": 64, ""dropout"": 0.1}, {""name"": ""switzerland"", ""encoder"": ""mlp_tabular_ln"", ""input_dim"": 13, ""hidden_dim"": 64, ""dropout"": 0.1}, {""name"": ""va_long_beach"", ""encoder"": ""mlp_tabular_ln"", ""input_dim"": 13, ""hidden_dim"": 64, ""dropout"": 0.1}], ""anchor_eps"": 0.0001, ""sep_samples_per_class"": 4, ""sep_method"": ""classifier"", ""sep_margin"": 1.0, ""lambda_fit"": 0.1, ""lambda_sep"": 0.1, ""groupdro_enabled"": false, ""groupdro_eta"": 1.0, ""groupdro_gamma"": 0.9, ""groupdro_update_mode"": ""softmax"", ""groupdro_objective"": ""weighted"", ""groupdro_kl_lambda"": 0.0, ""groupdro_uniform_init"": true, ""log_interval"": 20, ""save_every"": 10, ""val_frac"": 0.2, ""impute_missing"": true, ""common_encoder"": true, ""use_regret"": false, ""data_split_seed"": 1002}","{""num_groups"": 4, ""num_classes"": 2, ""train_total"": 426, ""test_total"": 185, ""train_group_counts"": [193, 188, 20, 25], ""test_group_counts"": [61, 59, 25, 40], ""train_class_counts"": [232, 194], ""test_class_counts"": [83, 102], ""train_group_class_counts"": [[104, 89], [120, 68], [1, 19], [7, 18]], ""test_group_class_counts"": [[33, 28], [38, 21], [2, 23], [10, 30]], ""group_proportions"": [0.45305164319248825, 0.4413145539906103, 0.046948356807511735, 0.05868544600938967], ""val_group_counts"": [49, 47, 20, 32], ""val_total"": 148}",,2026-09-14T15:42:29.705726,47,0.36230919261773425,0.8541666666666666,0.001,0.7405405405405405,0.7343414837454849,0.7,0.7796610169491526,"[0.7377049180327869, 0.7796610169491526, 0.72, 0.7]","[0.5254479795159985, 0.41797562494432017, 0.7286862897872924, 0.5788593448000029]","[0.7349397590361446, 0.7450980392156863]","[[0.7575757575757576, 0.7142857142857143], [0.7368421052631579, 0.8571428571428571], [1.0, 0.6956521739130435], [0.6, 0.7333333333333333]]","[61, 59, 25, 40]",0.7388235294117648,"[0.7359307359307359, 0.7731440402247856, 0.592074592074592, 0.6428571428571428]",0.592074592074592,0.7286862897872924,0.7702702702702703,0.769722237299175,0.71875,0.8367346938775511,"[0.8367346938775511, 0.723404255319149, 0.8, 0.71875]","[0.43016767999803535, 0.5329162482410035, 0.5330204116180539, 0.6334720884915441]","[0.7424242424242424, 0.7926829268292683]","[[0.8148148148148148, 0.8636363636363636], [0.7333333333333333, 0.7058823529411765], [1.0, 0.7894736842105263], [0.5, 0.7916666666666666]]","[49, 47, 20, 32]",0.7675535846267554,"[0.8361204013377926, 0.710289236605026, 0.607843137254902, 0.6395494367959951]",0.607843137254902,0.6334720884915441,,"[NaN, NaN, NaN, NaN]",,,
"{""run_name"": ""fedheart_exp_paper_hetagg_gdro"", ""seed"": 55, ""run_dir"": ""runs/fedheart_cv/Shared_Anchors_s55_f2"", ""use_fedheart"": true, ""num_classes"": 2, ""stratified_batching"": true, ""train_frac"": 0.8, ""group_max_train_samples"": [null, null, 20, 25], ""true_hetero_input_dim"": true, ""feature_mask"": [[0, 1, 2, 3, 5, 6, 7, 8, 9, 10], [0, 1, 2, 3, 5, 6, 11, 12], [0, 1, 2, 4, 5, 7, 11, 12], [0, 1, 2, 4, 5, 6, 8, 9, 10]], ""batch_size"": 64, ""num_workers"": 0, ""epochs"": 100, ""early_stopping_patience"": 30, ""lr"": 0.001, ""weight_decay"": 0.0001, ""optimizer"": ""adam"", ""grad_clip"": 1.0, ""lr_scheduler"": ""cosine"", ""lr_min"": 1e-05, ""latent_dim"": 64, ""head_hidden"": 32, ""groups"": [{""name"": ""cleveland"", ""encoder"": ""mlp_tabular_ln"", ""input_dim"": 13, ""hidden_dim"": 64, ""dropout"": 0.1}, {""name"": ""hungarian"", ""encoder"": ""mlp_tabular_ln"", ""input_dim"": 13, ""hidden_dim"": 64, ""dropout"": 0.1}, {""name"": ""switzerland"", ""encoder"": ""mlp_tabular_ln"", ""input_dim"": 13, ""hidden_dim"": 64, ""dropout"": 0.1}, {""name"": ""va_long_beach"", ""encoder"": ""mlp_tabular_ln"", ""input_dim"": 13, ""hidden_dim"": 64, ""dropout"": 0.1}], ""anchor_eps"": 0.0001, ""sep_samples_per_class"": 4, ""sep_method"": ""classifier"", ""sep_margin"": 1.0, ""lambda_fit"": 0.1, ""lambda_sep"": 0.1, ""groupdro_enabled"": false, ""groupdro_eta"": 1.0, ""groupdro_gamma"": 0.9, ""groupdro_update_mode"": ""softmax"", ""groupdro_objective"": ""weighted"", ""groupdro_kl_lambda"": 0.0, ""groupdro_uniform_init"": true, ""log_interval"": 20, ""save_every"": 10, ""val_frac"": 0.2, ""impute_missing"": true, ""common_encoder"": true, ""use_regret"": false, ""data_split_seed"": 1002}","{""num_groups"": 4, ""num_classes"": 2, ""train_total"": 426, ""test_total"": 185, ""train_group_counts"": [193, 188, 20, 25], ""test_group_counts"": [61, 59, 25, 40], ""train_class_counts"": [232, 194], ""test_class_counts"": [83, 102], ""train_group_class_counts"": [[104, 89], [120, 68], [1, 19], [7, 18]], ""test_group_class_counts"": [[33, 28], [38, 21], [2, 23], [10, 30]], ""group_proportions"": [0.45305164319248825, 0.4413145539906103, 0.046948356807511735, 0.05868544600938967], ""val_group_counts"": [49, 47, 20, 32], ""val_total"": 148}",,2026-09-14T15:42:29.705726,48,0.4250410844882329,0.8072916666666666,0.001,0.7513513513513513,0.7350406362878578,0.675,0.847457627118644,"[0.7377049180327869, 0.847457627118644, 0.68, 0.675]","[0.527662107507225, 0.37776063834080253, 0.8256203734874725, 0.637589437677525]","[0.8072289156626506, 0.7058823529411765]","[[0.8181818181818182, 0.6428571428571429], [0.8421052631578947, 0.8571428571428571], [1.0, 0.6521739130434783], [0.6, 0.7]]","[61, 59, 25, 40]",0.7511695906432749,"[0.7318681318681319, 0.8383561643835616, 0.5614035087719298, 0.6218181818181818]",0.5614035087719298,0.8256203734874725,0.7567567567567568,0.7298442249240121,0.625,0.8571428571428571,"[0.8571428571428571, 0.7872340425531915, 0.65, 0.625]","[0.40074128741208387, 0.5049645561487117, 0.6700075108557939, 0.6791248673689552]","[0.8181818181818182, 0.7073170731707317]","[[0.8518518518518519, 0.8636363636363636], [0.8333333333333334, 0.7058823529411765], [1.0, 0.631578947368421], [0.625, 0.625]]","[49, 47, 20, 32]",0.7565789473684211,"[0.8561844863731656, 0.7696078431372549, 0.4982078853046595, 0.5844155844155844]",0.4982078853046595,0.6791248673689552,,"[NaN, NaN, NaN, NaN]",,,
"{""run_name"": ""fedheart_exp_paper_hetagg_gdro"", ""seed"": 55, ""run_dir"": ""runs/fedheart_cv/Shared_Anchors_s55_f2"", ""use_fedheart"": true, ""num_classes"": 2, ""stratified_batching"": true, ""train_frac"": 0.8, ""group_max_train_samples"": [null, null, 20, 25], ""true_hetero_input_dim"": true, ""feature_mask"": [[0, 1, 2, 3, 5, 6, 7, 8, 9, 10], [0, 1, 2, 3, 5, 6, 11, 12], [0, 1, 2, 4, 5, 7, 11, 12], [0, 1, 2, 4, 5, 6, 8, 9, 10]], ""batch_size"": 64, ""num_workers"": 0, ""epochs"": 100, ""early_stopping_patience"": 30, ""lr"": 0.001, ""weight_decay"": 0.0001, ""optimizer"": ""adam"", ""grad_clip"": 1.0, ""lr_scheduler"": ""cosine"", ""lr_min"": 1e-05, ""latent_dim"": 64, ""head_hidden"": 32, ""groups"": [{""name"": ""cleveland"", ""encoder"": ""mlp_tabular_ln"", ""input_dim"": 13, ""hidden_dim"": 64, ""dropout"": 0.1}, {""name"": ""hungarian"", ""encoder"": ""mlp_tabular_ln"", ""input_dim"": 13, ""hidden_dim"": 64, ""dropout"": 0.1}, {""name"": ""switzerland"", ""encoder"": ""mlp_tabular_ln"", ""input_dim"": 13, ""hidden_dim"": 64, ""dropout"": 0.1}, {""name"": ""va_long_beach"", ""encoder"": ""mlp_tabular_ln"", ""input_dim"": 13, ""hidden_dim"": 64, ""dropout"": 0.1}], ""anchor_eps"": 0.0001, ""sep_samples_per_class"": 4, ""sep_method"": ""classifier"", ""sep_margin"": 1.0, ""lambda_fit"": 0.1, ""lambda_sep"": 0.1, ""groupdro_enabled"": false, ""groupdro_eta"": 1.0, ""groupdro_gamma"": 0.9, ""groupdro_update_mode"": ""softmax"", ""groupdro_objective"": ""weighted"", ""groupdro_kl_lambda"": 0.0, ""groupdro_uniform_init"": true, ""log_interval"": 20, ""save_every"": 10, ""val_frac"": 0.2, ""impute_missing"": true, ""common_encoder"": true, ""use_regret"": false, ""data_split_seed"": 1002}","{""num_groups"": 4, ""num_classes"": 2, ""train_total"": 426, ""test_total"": 185, ""train_group_counts"": [193, 188, 20, 25], ""test_group_counts"": [61, 59, 25, 40], ""train_class_counts"": [232, 194], ""test_class_counts"": [83, 102], ""train_group_class_counts"": [[104, 89], [120, 68], [1, 19], [7, 18]], ""test_group_class_counts"": [[33, 28], [38, 21], [2, 23], [10, 30]], ""group_proportions"": [0.45305164319248825, 0.4413145539906103, 0.046948356807511735, 0.05868544600938967], ""val_group_counts"": [49, 47, 20, 32], ""val_total"": 148}",,2026-09-14T15:42:29.705726,49,0.36468474566936493,0.8489583333333334,0.001,0.7243243243243244,0.7198947624340095,0.675,0.7796610169491526,"[0.7049180327868853, 0.7796610169491526, 0.72, 0.675]","[0.5338119618579379, 0.4193709868369466, 0.7281200177967548, 0.5707903732312843]","[0.7349397590361446, 0.7156862745098039]","[[0.7575757575757576, 0.6428571428571429], [0.7368421052631579, 0.8571428571428571], [1.0, 0.6956521739130435], [0.6, 0.7]]","[61, 59, 25, 40]",0.723159531703882,"[0.7009803921568627, 0.7731440402247856, 0.592074592074592, 0.6218181818181818]",0.592074592074592,0.7281200177967548,0.7837837837837838,0.7875413862353452,0.71875,0.85,"[0.8367346938775511, 0.7446808510638298, 0.85, 0.71875]","[0.4183439910791966, 0.5193755610826167, 0.5463370905257762, 0.617678846581839]","[0.7575757575757576, 0.8048780487804879]","[[0.8148148148148148, 0.8636363636363636], [0.7666666666666667, 0.7058823529411765], [1.0, 0.8421052631578947], [0.5, 0.7916666666666666]]","[49, 47, 20, 32]",0.7812269031781227,"[0.8361204013377926, 0.7298850574712643, 0.6571428571428571, 0.6395494367959951]",0.6395494367959951,0.617678846581839,,"[NaN, NaN, NaN, NaN]",,,
"{""run_name"": ""fedheart_exp_paper_hetagg_gdro"", ""seed"": 55, ""run_dir"": ""runs/fedheart_cv/Shared_Anchors_s55_f2"", ""use_fedheart"": true, ""num_classes"": 2, ""stratified_batching"": true, ""train_frac"": 0.8, ""group_max_train_samples"": [null, null, 20, 25], ""true_hetero_input_dim"": true, ""feature_mask"": [[0, 1, 2, 3, 5, 6, 7, 8, 9, 10], [0, 1, 2, 3, 5, 6, 11, 12], [0, 1, 2, 4, 5, 7, 11, 12], [0, 1, 2, 4, 5, 6, 8, 9, 10]], ""batch_size"": 64, ""num_workers"": 0, ""epochs"": 100, ""early_stopping_patience"": 30, ""lr"": 0.001, ""weight_decay"": 0.0001, ""optimizer"": ""adam"", ""grad_clip"": 1.0, ""lr_scheduler"": ""cosine"", ""lr_min"": 1e-05, ""latent_dim"": 64, ""head_hidden"": 32, ""groups"": [{""name"": ""cleveland"", ""encoder"": ""mlp_tabular_ln"", ""input_dim"": 13, ""hidden_dim"": 64, ""dropout"": 0.1}, {""name"": ""hungarian"", ""encoder"": ""mlp_tabular_ln"", ""input_dim"": 13, ""hidden_dim"": 64, ""dropout"": 0.1}, {""name"": ""switzerland"", ""encoder"": ""mlp_tabular_ln"", ""input_dim"": 13, ""hidden_dim"": 64, ""dropout"": 0.1}, {""name"": ""va_long_beach"", ""encoder"": ""mlp_tabular_ln"", ""input_dim"": 13, ""hidden_dim"": 64, ""dropout"": 0.1}], ""anchor_eps"": 0.0001, ""sep_samples_per_class"": 4, ""sep_method"": ""classifier"", ""sep_margin"": 1.0, ""lambda_fit"": 0.1, ""lambda_sep"": 0.1, ""groupdro_enabled"": false, ""groupdro_eta"": 1.0, ""groupdro_gamma"": 0.9, ""groupdro_update_mode"": ""softmax"", ""groupdro_objective"": ""weighted"", ""groupdro_kl_lambda"": 0.0, ""groupdro_uniform_init"": true, ""log_interval"": 20, ""save_every"": 10, ""val_frac"": 0.2, ""impute_missing"": true, ""common_encoder"": true, ""use_regret"": false, ""data_split_seed"": 1002}","{""num_groups"": 4, ""num_classes"": 2, ""train_total"": 426, ""test_total"": 185, ""train_group_counts"": [193, 188, 20, 25], ""test_group_counts"": [61, 59, 25, 40], ""train_class_counts"": [232, 194], ""test_class_counts"": [83, 102], ""train_group_class_counts"": [[104, 89], [120, 68], [1, 19], [7, 18]], ""test_group_class_counts"": [[33, 28], [38, 21], [2, 23], [10, 30]], ""group_proportions"": [0.45305164319248825, 0.4413145539906103, 0.046948356807511735, 0.05868544600938967], ""val_group_counts"": [49, 47, 20, 32], ""val_total"": 148}",,2026-09-14T15:42:29.705726,50,0.38675179580847424,0.8203125,0.001,0.7243243243243244,0.7198947624340095,0.675,0.7796610169491526,"[0.7049180327868853, 0.7796610169491526, 0.72, 0.675]","[0.5363696935953053, 0.4235600302532568, 0.7371021257340908, 0.5700083733303473]","[0.7349397590361446, 0.7156862745098039]","[[0.7575757575757576, 0.6428571428571429], [0.7368421052631579, 0.8571428571428571], [1.0, 0.6956521739130435], [0.6, 0.7]]","[61, 59, 25, 40]",0.723159531703882,"[0.7009803921568627, 0.7731440402247856, 0.592074592074592, 0.6218181818181818]",0.592074592074592,0.7371021257340908,0.7702702702702703,0.7625413862353452,0.71875,0.8367346938775511,"[0.8367346938775511, 0.7446808510638298, 0.75, 0.71875]","[0.4223606709238826, 0.5149520190155252, 0.5636332634836435, 0.6223305364255793]","[0.7575757575757576, 0.7804878048780488]","[[0.8148148148148148, 0.8636363636363636], [0.7666666666666667, 0.7058823529411765], [1.0, 0.7368421052631579], [0.5, 0.7916666666666666]]","[49, 47, 20, 32]",0.7681960567532707,"[0.8361204013377926, 0.7298850574712643, 0.5670995670995671, 0.6395494367959951]",0.5670995670995671,0.6223305364255793,,"[NaN, NaN, NaN, NaN]",,,
"{""run_name"": ""fedheart_exp_paper_hetagg_gdro"", ""seed"": 55, ""run_dir"": ""runs/fedheart_cv/Shared_Anchors_s55_f2"", ""use_fedheart"": true, ""num_classes"": 2, ""stratified_batching"": true, ""train_frac"": 0.8, ""group_max_train_samples"": [null, null, 20, 25], ""true_hetero_input_dim"": true, ""feature_mask"": [[0, 1, 2, 3, 5, 6, 7, 8, 9, 10], [0, 1, 2, 3, 5, 6, 11, 12], [0, 1, 2, 4, 5, 7, 11, 12], [0, 1, 2, 4, 5, 6, 8, 9, 10]], ""batch_size"": 64, ""num_workers"": 0, ""epochs"": 100, ""early_stopping_patience"": 30, ""lr"": 0.001, ""weight_decay"": 0.0001, ""optimizer"": ""adam"", ""grad_clip"": 1.0, ""lr_scheduler"": ""cosine"", ""lr_min"": 1e-05, ""latent_dim"": 64, ""head_hidden"": 32, ""groups"": [{""name"": ""cleveland"", ""encoder"": ""mlp_tabular_ln"", ""input_dim"": 13, ""hidden_dim"": 64, ""dropout"": 0.1}, {""name"": ""hungarian"", ""encoder"": ""mlp_tabular_ln"", ""input_dim"": 13, ""hidden_dim"": 64, ""dropout"": 0.1}, {""name"": ""switzerland"", ""encoder"": ""mlp_tabular_ln"", ""input_dim"": 13, ""hidden_dim"": 64, ""dropout"": 0.1}, {""name"": ""va_long_beach"", ""encoder"": ""mlp_tabular_ln"", ""input_dim"": 13, ""hidden_dim"": 64, ""dropout"": 0.1}], ""anchor_eps"": 0.0001, ""sep_samples_per_class"": 4, ""sep_method"": ""classifier"", ""sep_margin"": 1.0, ""lambda_fit"": 0.1, ""lambda_sep"": 0.1, ""groupdro_enabled"": false, ""groupdro_eta"": 1.0, ""groupdro_gamma"": 0.9, ""groupdro_update_mode"": ""softmax"", ""groupdro_objective"": ""weighted"", ""groupdro_kl_lambda"": 0.0, ""groupdro_uniform_init"": true, ""log_interval"": 20, ""save_every"": 10, ""val_frac"": 0.2, ""impute_missing"": true, ""common_encoder"": true, ""use_regret"": false, ""data_split_seed"": 1002}","{""num_groups"": 4, ""num_classes"": 2, ""train_total"": 426, ""test_total"": 185, ""train_group_counts"": [193, 188, 20, 25], ""test_group_counts"": [61, 59, 25, 40], ""train_class_counts"": [232, 194], ""test_class_counts"": [83, 102], ""train_group_class_counts"": [[104, 89], [120, 68], [1, 19], [7, 18]], ""test_group_class_counts"": [[33, 28], [38, 21], [2, 23], [10, 30]], ""group_proportions"": [0.45305164319248825, 0.4413145539906103, 0.046948356807511735, 0.05868544600938967], ""val_group_counts"": [49, 47, 20, 32], ""val_total"": 148}",,2026-09-14T15:42:29.705726,51,0.36209435760974884,0.8151041666666666,0.001,0.7297297297297297,0.7182304112253404,0.675,0.7966101694915254,"[0.7213114754098361, 0.7966101694915254, 0.68, 0.675]","[0.5344795755293892, 0.4141181856393814, 0.7843089187145234, 0.6020692246966064]","[0.7590361445783133, 0.7058823529411765]","[[0.7878787878787878, 0.6428571428571429], [0.7631578947368421, 0.8571428571428571], [1.0, 0.6521739130434783], [0.6, 0.7]]","[61, 59, 25, 40]",0.7290885660731021,"[0.7164342357123326, 0.7892857142857144, 0.5614035087719298, 0.6218181818181818]",0.5614035087719298,0.7843089187145234,0.7635135135135135,0.7378738330438559,0.65,0.8367346938775511,"[0.8367346938775511, 0.8085106382978723, 0.65, 0.65625]","[0.417234212502229, 0.5098130473114074, 0.619989975169301, 0.6603416342404671]","[0.803030303030303, 0.7317073170731707]","[[0.8148148148148148, 0.8636363636363636], [0.8666666666666667, 0.7058823529411765], [1.0, 0.631578947368421], [0.5, 0.7083333333333334]]","[49, 47, 20, 32]",0.7629832990162433,"[0.8361204013377926, 0.7898658718330849, 0.4982078853046595, 0.5883040935672516]",0.4982078853046595,0.6603416342404671,,"[NaN, NaN, NaN, NaN]",,,
"{""run_name"": ""fedheart_exp_paper_hetagg_gdro"", ""seed"": 55, ""run_dir"": ""runs/fedheart_cv/Shared_Anchors_s55_f2"", ""use_fedheart"": true, ""num_classes"": 2, ""stratified_batching"": true, ""train_frac"": 0.8, ""group_max_train_samples"": [null, null, 20, 25], ""true_hetero_input_dim"": true, ""feature_mask"": [[0, 1, 2, 3, 5, 6, 7, 8, 9, 10], [0, 1, 2, 3, 5, 6, 11, 12], [0, 1, 2, 4, 5, 7, 11, 12], [0, 1, 2, 4, 5, 6, 8, 9, 10]], ""batch_size"": 64, ""num_workers"": 0, ""epochs"": 100, ""early_stopping_patience"": 30, ""lr"": 0.001, ""weight_decay"": 0.0001, ""optimizer"": ""adam"", ""grad_clip"": 1.0, ""lr_scheduler"": ""cosine"", ""lr_min"": 1e-05, ""latent_dim"": 64, ""head_hidden"": 32, ""groups"": [{""name"": ""cleveland"", ""encoder"": ""mlp_tabular_ln"", ""input_dim"": 13, ""hidden_dim"": 64, ""dropout"": 0.1}, {""name"": ""hungarian"", ""encoder"": ""mlp_tabular_ln"", ""input_dim"": 13, ""hidden_dim"": 64, ""dropout"": 0.1}, {""name"": ""switzerland"", ""encoder"": ""mlp_tabular_ln"", ""input_dim"": 13, ""hidden_dim"": 64, ""dropout"": 0.1}, {""name"": ""va_long_beach"", ""encoder"": ""mlp_tabular_ln"", ""input_dim"": 13, ""hidden_dim"": 64, ""dropout"": 0.1}], ""anchor_eps"": 0.0001, ""sep_samples_per_class"": 4, ""sep_method"": ""classifier"", ""sep_margin"": 1.0, ""lambda_fit"": 0.1, ""lambda_sep"": 0.1, ""groupdro_enabled"": false, ""groupdro_eta"": 1.0, ""groupdro_gamma"": 0.9, ""groupdro_update_mode"": ""softmax"", ""groupdro_objective"": ""weighted"", ""groupdro_kl_lambda"": 0.0, ""groupdro_uniform_init"": true, ""log_interval"": 20, ""save_every"": 10, ""val_frac"": 0.2, ""impute_missing"": true, ""common_encoder"": true, ""use_regret"": false, ""data_split_seed"": 1002}","{""num_groups"": 4, ""num_classes"": 2, ""train_total"": 426, ""test_total"": 185, ""train_group_counts"": [193, 188, 20, 25], ""test_group_counts"": [61, 59, 25, 40], ""train_class_counts"": [232, 194], ""test_class_counts"": [83, 102], ""train_group_class_counts"": [[104, 89], [120, 68], [1, 19], [7, 18]], ""test_group_class_counts"": [[33, 28], [38, 21], [2, 23], [10, 30]], ""group_proportions"": [0.45305164319248825, 0.4413145539906103, 0.046948356807511735, 0.05868544600938967], ""val_group_counts"": [49, 47, 20, 32], ""val_total"": 148}",,2026-09-14T15:42:29.705726,52,0.3672262479861577,0.8072916666666666,0.001,0.7351351351351352,0.7221898444012226,0.675,0.7796610169491526,"[0.7540983606557377, 0.7796610169491526, 0.68, 0.675]","[0.5287782279163843, 0.4154204898277077, 0.7879648822546005, 0.604554540431127]","[0.7590361445783133, 0.7156862745098039]","[[0.8181818181818182, 0.6785714285714286], [0.7368421052631579, 0.8571428571428571], [1.0, 0.6521739130434783], [0.6, 0.7]]","[61, 59, 25, 40]",0.7343589743589745,"[0.7497949138638228, 0.7731440402247856, 0.5614035087719298, 0.6218181818181818]",0.5614035087719298,0.7879648822546005,0.7567567567567568,0.7325546841076856,0.65,0.8367346938775511,"[0.8367346938775511, 0.7872340425531915, 0.65, 0.65625]","[0.42441469366301077, 0.5157149969104756, 0.6085788716562093, 0.6816730223363265]","[0.7878787878787878, 0.7317073170731707]","[[0.8148148148148148, 0.8636363636363636], [0.8333333333333334, 0.7058823529411765], [1.0, 0.631578947368421], [0.5, 0.7083333333333334]]","[49, 47, 20, 32]",0.7560439560439561,"[0.8361204013377926, 0.7696078431372549, 0.4982078853046595, 0.5883040935672516]",0.4982078853046595,0.6816730223363265,,"[NaN, NaN, NaN, NaN]",,,
"{""run_name"": ""fedheart_exp_paper_hetagg_gdro"", ""seed"": 55, ""run_dir"": ""runs/fedheart_cv/Shared_Anchors_s55_f2"", ""use_fedheart"": true, ""num_classes"": 2, ""stratified_batching"": true, ""train_frac"": 0.8, ""group_max_train_samples"": [null, null, 20, 25], ""true_hetero_input_dim"": true, ""feature_mask"": [[0, 1, 2, 3, 5, 6, 7, 8, 9, 10], [0, 1, 2, 3, 5, 6, 11, 12], [0, 1, 2, 4, 5, 7, 11, 12], [0, 1, 2, 4, 5, 6, 8, 9, 10]], ""batch_size"": 64, ""num_workers"": 0, ""epochs"": 100, ""early_stopping_patience"": 30, ""lr"": 0.001, ""weight_decay"": 0.0001, ""optimizer"": ""adam"", ""grad_clip"": 1.0, ""lr_scheduler"": ""cosine"", ""lr_min"": 1e-05, ""latent_dim"": 64, ""head_hidden"": 32, ""groups"": [{""name"": ""cleveland"", ""encoder"": ""mlp_tabular_ln"", ""input_dim"": 13, ""hidden_dim"": 64, ""dropout"": 0.1}, {""name"": ""hungarian"", ""encoder"": ""mlp_tabular_ln"", ""input_dim"": 13, ""hidden_dim"": 64, ""dropout"": 0.1}, {""name"": ""switzerland"", ""encoder"": ""mlp_tabular_ln"", ""input_dim"": 13, ""hidden_dim"": 64, ""dropout"": 0.1}, {""name"": ""va_long_beach"", ""encoder"": ""mlp_tabular_ln"", ""input_dim"": 13, ""hidden_dim"": 64, ""dropout"": 0.1}], ""anchor_eps"": 0.0001, ""sep_samples_per_class"": 4, ""sep_method"": ""classifier"", ""sep_margin"": 1.0, ""lambda_fit"": 0.1, ""lambda_sep"": 0.1, ""groupdro_enabled"": false, ""groupdro_eta"": 1.0, ""groupdro_gamma"": 0.9, ""groupdro_update_mode"": ""softmax"", ""groupdro_objective"": ""weighted"", ""groupdro_kl_lambda"": 0.0, ""groupdro_uniform_init"": true, ""log_interval"": 20, ""save_every"": 10, ""val_frac"": 0.2, ""impute_missing"": true, ""common_encoder"": true, ""use_regret"": false, ""data_split_seed"": 1002}","{""num_groups"": 4, ""num_classes"": 2, ""train_total"": 426, ""test_total"": 185, ""train_group_counts"": [193, 188, 20, 25], ""test_group_counts"": [61, 59, 25, 40], ""train_class_counts"": [232, 194], ""test_class_counts"": [83, 102], ""train_group_class_counts"": [[104, 89], [120, 68], [1, 19], [7, 18]], ""test_group_class_counts"": [[33, 28], [38, 21], [2, 23], [10, 30]], ""group_proportions"": [0.45305164319248825, 0.4413145539906103, 0.046948356807511735, 0.05868544600938967], ""val_group_counts"": [49, 47, 20, 32], ""val_total"": 148}",,2026-09-14T15:42:29.705726,53,0.35676675538221997,0.8359375,0.001,0.7405405405405405,0.7284398444012226,0.68,0.7796610169491526,"[0.7540983606557377, 0.7796610169491526, 0.68, 0.7]","[0.5391136064255213, 0.4647902274756866, 0.6959573605656624, 0.5574033773154952]","[0.7108433734939759, 0.7647058823529411]","[[0.7272727272727273, 0.7857142857142857], [0.7368421052631579, 0.8571428571428571], [0.5, 0.6956521739130435], [0.6, 0.7333333333333333]]","[61, 59, 25, 40]",0.7377746279234585,"[0.7538337368845844, 0.7731440402247856, 0.5, 0.6428571428571428]",0.5,0.6959573605656624,0.777027027027027,0.7847155883630048,0.7021276595744681,0.85,"[0.8367346938775511, 0.7021276595744681, 0.85, 0.75]","[0.4565989694234972, 0.5508158268763664, 0.4824840755201876, 0.6504751452885102]","[0.7272727272727273, 0.8170731707317073]","[[0.8148148148148148, 0.8636363636363636], [0.7, 0.7058823529411765], [1.0, 0.8421052631578947], [0.5, 0.8333333333333334]]","[49, 47, 20, 32]",0.773290628046233,"[0.8361204013377926, 0.6907894736842106, 0.6571428571428571, 0.6666666666666667]",0.6571428571428571,0.6504751452885102,,"[NaN, NaN, NaN, NaN]",,,
"{""run_name"": ""fedheart_exp_paper_hetagg_gdro"", ""seed"": 55, ""run_dir"": ""runs/fedheart_cv/Shared_Anchors_s55_f2"", ""use_fedheart"": true, ""num_classes"": 2, ""stratified_batching"": true, ""train_frac"": 0.8, ""group_max_train_samples"": [null, null, 20, 25], ""true_hetero_input_dim"": true, ""feature_mask"": [[0, 1, 2, 3, 5, 6, 7, 8, 9, 10], [0, 1, 2, 3, 5, 6, 11, 12], [0, 1, 2, 4, 5, 7, 11, 12], [0, 1, 2, 4, 5, 6, 8, 9, 10]], ""batch_size"": 64, ""num_workers"": 0, ""epochs"": 100, ""early_stopping_patience"": 30, ""lr"": 0.001, ""weight_decay"": 0.0001, ""optimizer"": ""adam"", ""grad_clip"": 1.0, ""lr_scheduler"": ""cosine"", ""lr_min"": 1e-05, ""latent_dim"": 64, ""head_hidden"": 32, ""groups"": [{""name"": ""cleveland"", ""encoder"": ""mlp_tabular_ln"", ""input_dim"": 13, ""hidden_dim"": 64, ""dropout"": 0.1}, {""name"": ""hungarian"", ""encoder"": ""mlp_tabular_ln"", ""input_dim"": 13, ""hidden_dim"": 64, ""dropout"": 0.1}, {""name"": ""switzerland"", ""encoder"": ""mlp_tabular_ln"", ""input_dim"": 13, ""hidden_dim"": 64, ""dropout"": 0.1}, {""name"": ""va_long_beach"", ""encoder"": ""mlp_tabular_ln"", ""input_dim"": 13, ""hidden_dim"": 64, ""dropout"": 0.1}], ""anchor_eps"": 0.0001, ""sep_samples_per_class"": 4, ""sep_method"": ""classifier"", ""sep_margin"": 1.0, ""lambda_fit"": 0.1, ""lambda_sep"": 0.1, ""groupdro_enabled"": false, ""groupdro_eta"": 1.0, ""groupdro_gamma"": 0.9, ""groupdro_update_mode"": ""softmax"", ""groupdro_objective"": ""weighted"", ""groupdro_kl_lambda"": 0.0, ""groupdro_uniform_init"": true, ""log_interval"": 20, ""save_every"": 10, ""val_frac"": 0.2, ""impute_missing"": true, ""common_encoder"": true, ""use_regret"": false, ""data_split_seed"": 1002}","{""num_groups"": 4, ""num_classes"": 2, ""train_total"": 426, ""test_total"": 185, ""train_group_counts"": [193, 188, 20, 25], ""test_group_counts"": [61, 59, 25, 40], ""train_class_counts"": [232, 194], ""test_class_counts"": [83, 102], ""train_group_class_counts"": [[104, 89], [120, 68], [1, 19], [7, 18]], ""test_group_class_counts"": [[33, 28], [38, 21], [2, 23], [10, 30]], ""group_proportions"": [0.45305164319248825, 0.4413145539906103, 0.046948356807511735, 0.05868544600938967], ""val_group_counts"": [49, 47, 20, 32], ""val_total"": 148}",,2026-09-14T15:42:29.705726,54,0.3264249116182327,0.8515625,0.001,0.7405405405405405,0.7343414837454849,0.7,0.7796610169491526,"[0.7377049180327869, 0.7796610169491526, 0.72, 0.7]","[0.5303765401152558, 0.43751836888555246, 0.7421786712110042, 0.5866154999122954]","[0.7349397590361446, 0.7450980392156863]","[[0.7575757575757576, 0.7142857142857143], [0.7368421052631579, 0.8571428571428571], [1.0, 0.6956521739130435], [0.6, 0.7333333333333333]]","[61, 59, 25, 40]",0.7388235294117648,"[0.7359307359307359, 0.7731440402247856, 0.592074592074592, 0.6428571428571428]",0.592074592074592,0.7421786712110042,0.777027027027027,0.7797288862353452,0.6875,0.85,"[0.8367346938775511, 0.7446808510638298, 0.85, 0.6875]","[0.4438210601291182, 0.5363581648215334, 0.54074453022331, 0.674749694619095]","[0.7575757575757576, 0.7926829268292683]","[[0.8148148148148148, 0.8636363636363636], [0.7666666666666667, 0.7058823529411765], [1.0, 0.8421052631578947], [0.5, 0.75]]","[49, 47, 20, 32]",0.7747128557590295,"[0.8361204013377926, 0.7298850574712643, 0.6571428571428571, 0.6135265700483091]",0.6135265700483091,0.674749694619095,,"[NaN, NaN, NaN, NaN]",,,
"{""run_name"": ""fedheart_exp_paper_hetagg_gdro"", ""seed"": 55, ""run_dir"": ""runs/fedheart_cv/Shared_Anchors_s55_f2"", ""use_fedheart"": true, ""num_classes"": 2, ""stratified_batching"": true, ""train_frac"": 0.8, ""group_max_train_samples"": [null, null, 20, 25], ""true_hetero_input_dim"": true, ""feature_mask"": [[0, 1, 2, 3, 5, 6, 7, 8, 9, 10], [0, 1, 2, 3, 5, 6, 11, 12], [0, 1, 2, 4, 5, 7, 11, 12], [0, 1, 2, 4, 5, 6, 8, 9, 10]], ""batch_size"": 64, ""num_workers"": 0, ""epochs"": 100, ""early_stopping_patience"": 30, ""lr"": 0.001, ""weight_decay"": 0.0001, ""optimizer"": ""adam"", ""grad_clip"": 1.0, ""lr_scheduler"": ""cosine"", ""lr_min"": 1e-05, ""latent_dim"": 64, ""head_hidden"": 32, ""groups"": [{""name"": ""cleveland"", ""encoder"": ""mlp_tabular_ln"", ""input_dim"": 13, ""hidden_dim"": 64, ""dropout"": 0.1}, {""name"": ""hungarian"", ""encoder"": ""mlp_tabular_ln"", ""input_dim"": 13, ""hidden_dim"": 64, ""dropout"": 0.1}, {""name"": ""switzerland"", ""encoder"": ""mlp_tabular_ln"", ""input_dim"": 13, ""hidden_dim"": 64, ""dropout"": 0.1}, {""name"": ""va_long_beach"", ""encoder"": ""mlp_tabular_ln"", ""input_dim"": 13, ""hidden_dim"": 64, ""dropout"": 0.1}], ""anchor_eps"": 0.0001, ""sep_samples_per_class"": 4, ""sep_method"": ""classifier"", ""sep_margin"": 1.0, ""lambda_fit"": 0.1, ""lambda_sep"": 0.1, ""groupdro_enabled"": false, ""groupdro_eta"": 1.0, ""groupdro_gamma"": 0.9, ""groupdro_update_mode"": ""softmax"", ""groupdro_objective"": ""weighted"", ""groupdro_kl_lambda"": 0.0, ""groupdro_uniform_init"": true, ""log_interval"": 20, ""save_every"": 10, ""val_frac"": 0.2, ""impute_missing"": true, ""common_encoder"": true, ""use_regret"": false, ""data_split_seed"": 1002}","{""num_groups"": 4, ""num_classes"": 2, ""train_total"": 426, ""test_total"": 185, ""train_group_counts"": [193, 188, 20, 25], ""test_group_counts"": [61, 59, 25, 40], ""train_class_counts"": [232, 194], ""test_class_counts"": [83, 102], ""train_group_class_counts"": [[104, 89], [120, 68], [1, 19], [7, 18]], ""test_group_class_counts"": [[33, 28], [38, 21], [2, 23], [10, 30]], ""group_proportions"": [0.45305164319248825, 0.4413145539906103, 0.046948356807511735, 0.05868544600938967], ""val_group_counts"": [49, 47, 20, 32], ""val_total"": 148}",,2026-09-14T15:42:29.705726,55,0.3422945241133372,0.8385416666666666,0.001,0.7405405405405405,0.7343414837454849,0.7,0.7796610169491526,"[0.7377049180327869, 0.7796610169491526, 0.72, 0.7]","[0.5322623390963942, 0.43644640563150583, 0.7409343974292278, 0.5851711336988956]","[0.7349397590361446, 0.7450980392156863]","[[0.7575757575757576, 0.7142857142857143], [0.7368421052631579, 0.8571428571428571], [1.0, 0.6956521739130435], [0.6, 0.7333333333333333]]","[61, 59, 25, 40]",0.7388235294117648,"[0.7359307359307359, 0.7731440402247856, 0.592074592074592, 0.6428571428571428]",0.592074592074592,0.7409343974292278,0.7702702702702703,0.774409737299175,0.6875,0.85,"[0.8367346938775511, 0.723404255319149, 0.85, 0.6875]","[0.4499194160750022, 0.5375560443610587, 0.5445558004081249, 0.6741610817261972]","[0.7424242424242424, 0.7926829268292683]","[[0.8148148148148148, 0.8636363636363636], [0.7333333333333333, 0.7058823529411765], [1.0, 0.8421052631578947], [0.5, 0.75]]","[49, 47, 20, 32]",0.7675535846267554,"[0.8361204013377926, 0.710289236605026, 0.6571428571428571, 0.6135265700483091]",0.6135265700483091,0.6741610817261972,,"[NaN, NaN, NaN, NaN]",,,
"{""run_name"": ""fedheart_exp_paper_hetagg_gdro"", ""seed"": 55, ""run_dir"": ""runs/fedheart_cv/Shared_Anchors_s55_f2"", ""use_fedheart"": true, ""num_classes"": 2, ""stratified_batching"": true, ""train_frac"": 0.8, ""group_max_train_samples"": [null, null, 20, 25], ""true_hetero_input_dim"": true, ""feature_mask"": [[0, 1, 2, 3, 5, 6, 7, 8, 9, 10], [0, 1, 2, 3, 5, 6, 11, 12], [0, 1, 2, 4, 5, 7, 11, 12], [0, 1, 2, 4, 5, 6, 8, 9, 10]], ""batch_size"": 64, ""num_workers"": 0, ""epochs"": 100, ""early_stopping_patience"": 30, ""lr"": 0.001, ""weight_decay"": 0.0001, ""optimizer"": ""adam"", ""grad_clip"": 1.0, ""lr_scheduler"": ""cosine"", ""lr_min"": 1e-05, ""latent_dim"": 64, ""head_hidden"": 32, ""groups"": [{""name"": ""cleveland"", ""encoder"": ""mlp_tabular_ln"", ""input_dim"": 13, ""hidden_dim"": 64, ""dropout"": 0.1}, {""name"": ""hungarian"", ""encoder"": ""mlp_tabular_ln"", ""input_dim"": 13, ""hidden_dim"": 64, ""dropout"": 0.1}, {""name"": ""switzerland"", ""encoder"": ""mlp_tabular_ln"", ""input_dim"": 13, ""hidden_dim"": 64, ""dropout"": 0.1}, {""name"": ""va_long_beach"", ""encoder"": ""mlp_tabular_ln"", ""input_dim"": 13, ""hidden_dim"": 64, ""dropout"": 0.1}], ""anchor_eps"": 0.0001, ""sep_samples_per_class"": 4, ""sep_method"": ""classifier"", ""sep_margin"": 1.0, ""lambda_fit"": 0.1, ""lambda_sep"": 0.1, ""groupdro_enabled"": false, ""groupdro_eta"": 1.0, ""groupdro_gamma"": 0.9, ""groupdro_update_mode"": ""softmax"", ""groupdro_objective"": ""weighted"", ""groupdro_kl_lambda"": 0.0, ""groupdro_uniform_init"": true, ""log_interval"": 20, ""save_every"": 10, ""val_frac"": 0.2, ""impute_missing"": true, ""common_encoder"": true, ""use_regret"": false, ""data_split_seed"": 1002}","{""num_groups"": 4, ""num_classes"": 2, ""train_total"": 426, ""test_total"": 185, ""train_group_counts"": [193, 188, 20, 25], ""test_group_counts"": [61, 59, 25, 40], ""train_class_counts"": [232, 194], ""test_class_counts"": [83, 102], ""train_group_class_counts"": [[104, 89], [120, 68], [1, 19], [7, 18]], ""test_group_class_counts"": [[33, 28], [38, 21], [2, 23], [10, 30]], ""group_proportions"": [0.45305164319248825, 0.4413145539906103, 0.046948356807511735, 0.05868544600938967], ""val_group_counts"": [49, 47, 20, 32], ""val_total"": 148}",,2026-09-14T15:42:29.705726,56,0.3423735052347183,0.8385416666666666,0.001,0.7243243243243244,0.7139931230897472,0.675,0.7796610169491526,"[0.7213114754098361, 0.7796610169491526, 0.68, 0.675]","[0.5307765961242993, 0.42461322431089515, 0.7753972592949867, 0.6095249378471636]","[0.7349397590361446, 0.7156862745098039]","[[0.7575757575757576, 0.6785714285714286], [0.7368421052631579, 0.8571428571428571], [1.0, 0.6521739130434783], [0.6, 0.7]]","[61, 59, 25, 40]",0.723159531703882,"[0.7185888738127544, 0.7731440402247856, 0.5614035087719298, 0.6218181818181818]",0.5614035087719298,0.7753972592949867,0.7635135135135135,0.7475480351715154,0.6875,0.8367346938775511,"[0.8367346938775511, 0.7659574468085106, 0.7, 0.6875]","[0.44046124829245464, 0.529495488138909, 0.5818318250589073, 0.6958882575854659]","[0.7727272727272727, 0.7560975609756098]","[[0.8148148148148148, 0.8636363636363636], [0.8, 0.7058823529411765], [1.0, 0.6842105263157895], [0.5, 0.75]]","[49, 47, 20, 32]",0.7621998806408667,"[0.8361204013377926, 0.7496368038740919, 0.53125, 0.6135265700483091]",0.53125,0.6958882575854659,,"[NaN, NaN, NaN, NaN]",,,
"{""run_name"": ""fedheart_exp_paper_hetagg_gdro"", ""seed"": 55, ""run_dir"": ""runs/fedheart_cv/Shared_Anchors_s55_f2"", ""use_fedheart"": true, ""num_classes"": 2, ""stratified_batching"": true, ""train_frac"": 0.8, ""group_max_train_samples"": [null, null, 20, 25], ""true_hetero_input_dim"": true, ""feature_mask"": [[0, 1, 2, 3, 5, 6, 7, 8, 9, 10], [0, 1, 2, 3, 5, 6, 11, 12], [0, 1, 2, 4, 5, 7, 11, 12], [0, 1, 2, 4, 5, 6, 8, 9, 10]], ""batch_size"": 64, ""num_workers"": 0, ""epochs"": 100, ""early_stopping_patience"": 30, ""lr"": 0.001, ""weight_decay"": 0.0001, ""optimizer"": ""adam"", ""grad_clip"": 1.0, ""lr_scheduler"": ""cosine"", ""lr_min"": 1e-05, ""latent_dim"": 64, ""head_hidden"": 32, ""groups"": [{""name"": ""cleveland"", ""encoder"": ""mlp_tabular_ln"", ""input_dim"": 13, ""hidden_dim"": 64, ""dropout"": 0.1}, {""name"": ""hungarian"", ""encoder"": ""mlp_tabular_ln"", ""input_dim"": 13, ""hidden_dim"": 64, ""dropout"": 0.1}, {""name"": ""switzerland"", ""encoder"": ""mlp_tabular_ln"", ""input_dim"": 13, ""hidden_dim"": 64, ""dropout"": 0.1}, {""name"": ""va_long_beach"", ""encoder"": ""mlp_tabular_ln"", ""input_dim"": 13, ""hidden_dim"": 64, ""dropout"": 0.1}], ""anchor_eps"": 0.0001, ""sep_samples_per_class"": 4, ""sep_method"": ""classifier"", ""sep_margin"": 1.0, ""lambda_fit"": 0.1, ""lambda_sep"": 0.1, ""groupdro_enabled"": false, ""groupdro_eta"": 1.0, ""groupdro_gamma"": 0.9, ""groupdro_update_mode"": ""softmax"", ""groupdro_objective"": ""weighted"", ""groupdro_kl_lambda"": 0.0, ""groupdro_uniform_init"": true, ""log_interval"": 20, ""save_every"": 10, ""val_frac"": 0.2, ""impute_missing"": true, ""common_encoder"": true, ""use_regret"": false, ""data_split_seed"": 1002}","{""num_groups"": 4, ""num_classes"": 2, ""train_total"": 426, ""test_total"": 185, ""train_group_counts"": [193, 188, 20, 25], ""test_group_counts"": [61, 59, 25, 40], ""train_class_counts"": [232, 194], ""test_class_counts"": [83, 102], ""train_group_class_counts"": [[104, 89], [120, 68], [1, 19], [7, 18]], ""test_group_class_counts"": [[33, 28], [38, 21], [2, 23], [10, 30]], ""group_proportions"": [0.45305164319248825, 0.4413145539906103, 0.046948356807511735, 0.05868544600938967], ""val_group_counts"": [49, 47, 20, 32], ""val_total"": 148}",,2026-09-14T15:42:29.705726,57,0.35007160902023315,0.828125,0.001,0.7405405405405405,0.7284398444012226,0.68,0.7796610169491526,"[0.7540983606557377, 0.7796610169491526, 0.68, 0.7]","[0.544581166308251, 0.46777480778331726, 0.6954071022570133, 0.5658248417661526]","[0.7108433734939759, 0.7647058823529411]","[[0.7272727272727273, 0.7857142857142857], [0.7368421052631579, 0.8571428571428571], [0.5, 0.6956521739130435], [0.6, 0.7333333333333333]]","[61, 59, 25, 40]",0.7377746279234585,"[0.7538337368845844, 0.7731440402247856, 0.5, 0.6428571428571428]",0.5,0.6954071022570133,0.7635135135135135,0.7718010475466782,0.7021276595744681,0.85,"[0.8163265306122449, 0.7021276595744681, 0.85, 0.71875]","[0.4623590169132364, 0.5508860895766857, 0.47948800809681413, 0.655834194883937]","[0.7121212121212122, 0.8048780487804879]","[[0.7777777777777778, 0.8636363636363636], [0.7, 0.7058823529411765], [1.0, 0.8421052631578947], [0.5, 0.7916666666666666]]","[49, 47, 20, 32]",0.7595506661096412,"[0.8160200250312892, 0.6907894736842106, 0.6571428571428571, 0.6395494367959951]",0.6395494367959951,0.655834194883937,,"[NaN, NaN, NaN, NaN]",,,
"{""run_name"": ""fedheart_exp_paper_hetagg_gdro"", ""seed"": 55, ""run_dir"": ""runs/fedheart_cv/Shared_Anchors_s55_f2"", ""use_fedheart"": true, ""num_classes"": 2, ""stratified_batching"": true, ""train_frac"": 0.8, ""group_max_train_samples"": [null, null, 20, 25], ""true_hetero_input_dim"": true, ""feature_mask"": [[0, 1, 2, 3, 5, 6, 7, 8, 9, 10], [0, 1, 2, 3, 5, 6, 11, 12], [0, 1, 2, 4, 5, 7, 11, 12], [0, 1, 2, 4, 5, 6, 8, 9, 10]], ""batch_size"": 64, ""num_workers"": 0, ""epochs"": 100, ""early_stopping_patience"": 30, ""lr"": 0.001, ""weight_decay"": 0.0001, ""optimizer"": ""adam"", ""grad_clip"": 1.0, ""lr_scheduler"": ""cosine"", ""lr_min"": 1e-05, ""latent_dim"": 64, ""head_hidden"": 32, ""groups"": [{""name"": ""cleveland"", ""encoder"": ""mlp_tabular_ln"", ""input_dim"": 13, ""hidden_dim"": 64, ""dropout"": 0.1}, {""name"": ""hungarian"", ""encoder"": ""mlp_tabular_ln"", ""input_dim"": 13, ""hidden_dim"": 64, ""dropout"": 0.1}, {""name"": ""switzerland"", ""encoder"": ""mlp_tabular_ln"", ""input_dim"": 13, ""hidden_dim"": 64, ""dropout"": 0.1}, {""name"": ""va_long_beach"", ""encoder"": ""mlp_tabular_ln"", ""input_dim"": 13, ""hidden_dim"": 64, ""dropout"": 0.1}], ""anchor_eps"": 0.0001, ""sep_samples_per_class"": 4, ""sep_method"": ""classifier"", ""sep_margin"": 1.0, ""lambda_fit"": 0.1, ""lambda_sep"": 0.1, ""groupdro_enabled"": false, ""groupdro_eta"": 1.0, ""groupdro_gamma"": 0.9, ""groupdro_update_mode"": ""softmax"", ""groupdro_objective"": ""weighted"", ""groupdro_kl_lambda"": 0.0, ""groupdro_uniform_init"": true, ""log_interval"": 20, ""save_every"": 10, ""val_frac"": 0.2, ""impute_missing"": true, ""common_encoder"": true, ""use_regret"": false, ""data_split_seed"": 1002}","{""num_groups"": 4, ""num_classes"": 2, ""train_total"": 426, ""test_total"": 185, ""train_group_counts"": [193, 188, 20, 25], ""test_group_counts"": [61, 59, 25, 40], ""train_class_counts"": [232, 194], ""test_class_counts"": [83, 102], ""train_group_class_counts"": [[104, 89], [120, 68], [1, 19], [7, 18]], ""test_group_class_counts"": [[33, 28], [38, 21], [2, 23], [10, 30]], ""group_proportions"": [0.45305164319248825, 0.4413145539906103, 0.046948356807511735, 0.05868544600938967], ""val_group_counts"": [49, 47, 20, 32], ""val_total"": 148}",,2026-09-14T15:42:29.705726,58,0.367188036441803,0.8255208333333334,0.001,0.7405405405405405,0.7321898444012226,0.675,0.7796610169491526,"[0.7540983606557377, 0.7796610169491526, 0.72, 0.675]","[0.53837727291937, 0.4468719848605283, 0.7314291222393513, 0.5805957422126085]","[0.7349397590361446, 0.7450980392156863]","[[0.7575757575757576, 0.75], [0.7368421052631579, 0.8571428571428571], [1.0, 0.6956521739130435], [0.6, 0.7]]","[61, 59, 25, 40]",0.7388235294117648,"[0.7530364372469636, 0.7731440402247856, 0.592074592074592, 0.6218181818181818]",0.592074592074592,0.7314291222393513,0.7837837837837838,0.7803605351715155,0.71875,0.8367346938775511,"[0.8367346938775511, 0.7659574468085106, 0.8, 0.71875]","[0.4557464826966123, 0.5307387573287842, 0.537039520777762, 0.6742693010019138]","[0.7727272727272727, 0.7926829268292683]","[[0.8148148148148148, 0.8636363636363636], [0.8, 0.7058823529411765], [1.0, 0.7894736842105263], [0.5, 0.7916666666666666]]","[49, 47, 20, 32]",0.7818315828266078,"[0.8361204013377926, 0.7496368038740919, 0.607843137254902, 0.6395494367959951]",0.607843137254902,0.6742693010019138,,"[NaN, NaN, NaN, NaN]",,,
"{""run_name"": ""fedheart_exp_paper_hetagg_gdro"", ""seed"": 55, ""run_dir"": ""runs/fedheart_cv/Shared_Anchors_s55_f2"", ""use_fedheart"": true, ""num_classes"": 2, ""stratified_batching"": true, ""train_frac"": 0.8, ""group_max_train_samples"": [null, null, 20, 25], ""true_hetero_input_dim"": true, ""feature_mask"": [[0, 1, 2, 3, 5, 6, 7, 8, 9, 10], [0, 1, 2, 3, 5, 6, 11, 12], [0, 1, 2, 4, 5, 7, 11, 12], [0, 1, 2, 4, 5, 6, 8, 9, 10]], ""batch_size"": 64, ""num_workers"": 0, ""epochs"": 100, ""early_stopping_patience"": 30, ""lr"": 0.001, ""weight_decay"": 0.0001, ""optimizer"": ""adam"", ""grad_clip"": 1.0, ""lr_scheduler"": ""cosine"", ""lr_min"": 1e-05, ""latent_dim"": 64, ""head_hidden"": 32, ""groups"": [{""name"": ""cleveland"", ""encoder"": ""mlp_tabular_ln"", ""input_dim"": 13, ""hidden_dim"": 64, ""dropout"": 0.1}, {""name"": ""hungarian"", ""encoder"": ""mlp_tabular_ln"", ""input_dim"": 13, ""hidden_dim"": 64, ""dropout"": 0.1}, {""name"": ""switzerland"", ""encoder"": ""mlp_tabular_ln"", ""input_dim"": 13, ""hidden_dim"": 64, ""dropout"": 0.1}, {""name"": ""va_long_beach"", ""encoder"": ""mlp_tabular_ln"", ""input_dim"": 13, ""hidden_dim"": 64, ""dropout"": 0.1}], ""anchor_eps"": 0.0001, ""sep_samples_per_class"": 4, ""sep_method"": ""classifier"", ""sep_margin"": 1.0, ""lambda_fit"": 0.1, ""lambda_sep"": 0.1, ""groupdro_enabled"": false, ""groupdro_eta"": 1.0, ""groupdro_gamma"": 0.9, ""groupdro_update_mode"": ""softmax"", ""groupdro_objective"": ""weighted"", ""groupdro_kl_lambda"": 0.0, ""groupdro_uniform_init"": true, ""log_interval"": 20, ""save_every"": 10, ""val_frac"": 0.2, ""impute_missing"": true, ""common_encoder"": true, ""use_regret"": false, ""data_split_seed"": 1002}","{""num_groups"": 4, ""num_classes"": 2, ""train_total"": 426, ""test_total"": 185, ""train_group_counts"": [193, 188, 20, 25], ""test_group_counts"": [61, 59, 25, 40], ""train_class_counts"": [232, 194], ""test_class_counts"": [83, 102], ""train_group_class_counts"": [[104, 89], [120, 68], [1, 19], [7, 18]], ""test_group_class_counts"": [[33, 28], [38, 21], [2, 23], [10, 30]], ""group_proportions"": [0.45305164319248825, 0.4413145539906103, 0.046948356807511735, 0.05868544600938967], ""val_group_counts"": [49, 47, 20, 32], ""val_total"": 148}",,2026-09-14T15:42:29.705726,59,0.3536076347033183,0.8333333333333334,0.001,0.7351351351351352,0.7221898444012226,0.675,0.7796610169491526,"[0.7540983606557377, 0.7796610169491526, 0.68, 0.675]","[0.5386537260788141, 0.4251749266759824, 0.7774592418968678, 0.6012419426464476]","[0.7469879518072289, 0.7254901960784313]","[[0.7878787878787878, 0.7142857142857143], [0.7368421052631579, 0.8571428571428571], [1.0, 0.6521739130434783], [0.6, 0.7]]","[61, 59, 25, 40]",0.7340160206566708,"[0.7516960651289009, 0.7731440402247856, 0.5614035087719298, 0.6218181818181818]",0.5614035087719298,0.7774592418968678,0.7635135135135135,0.7403671841076856,0.65,0.8367346938775511,"[0.8367346938775511, 0.7872340425531915, 0.65, 0.6875]","[0.4461038305747266, 0.5143784110216384, 0.6112377539277076, 0.6978613927494735]","[0.7878787878787878, 0.7439024390243902]","[[0.8148148148148148, 0.8636363636363636], [0.8333333333333334, 0.7058823529411765], [1.0, 0.631578947368421], [0.5, 0.75]]","[49, 47, 20, 32]",0.7626357512715942,"[0.8361204013377926, 0.7696078431372549, 0.4982078853046595, 0.6135265700483091]",0.4982078853046595,0.6978613927494735,,"[NaN, NaN, NaN, NaN]",,,
"{""run_name"": ""fedheart_exp_paper_hetagg_gdro"", ""seed"": 55, ""run_dir"": ""runs/fedheart_cv/Shared_Anchors_s55_f2"", ""use_fedheart"": true, ""num_classes"": 2, ""stratified_batching"": true, ""train_frac"": 0.8, ""group_max_train_samples"": [null, null, 20, 25], ""true_hetero_input_dim"": true, ""feature_mask"": [[0, 1, 2, 3, 5, 6, 7, 8, 9, 10], [0, 1, 2, 3, 5, 6, 11, 12], [0, 1, 2, 4, 5, 7, 11, 12], [0, 1, 2, 4, 5, 6, 8, 9, 10]], ""batch_size"": 64, ""num_workers"": 0, ""epochs"": 100, ""early_stopping_patience"": 30, ""lr"": 0.001, ""weight_decay"": 0.0001, ""optimizer"": ""adam"", ""grad_clip"": 1.0, ""lr_scheduler"": ""cosine"", ""lr_min"": 1e-05, ""latent_dim"": 64, ""head_hidden"": 32, ""groups"": [{""name"": ""cleveland"", ""encoder"": ""mlp_tabular_ln"", ""input_dim"": 13, ""hidden_dim"": 64, ""dropout"": 0.1}, {""name"": ""hungarian"", ""encoder"": ""mlp_tabular_ln"", ""input_dim"": 13, ""hidden_dim"": 64, ""dropout"": 0.1}, {""name"": ""switzerland"", ""encoder"": ""mlp_tabular_ln"", ""input_dim"": 13, ""hidden_dim"": 64, ""dropout"": 0.1}, {""name"": ""va_long_beach"", ""encoder"": ""mlp_tabular_ln"", ""input_dim"": 13, ""hidden_dim"": 64, ""dropout"": 0.1}], ""anchor_eps"": 0.0001, ""sep_samples_per_class"": 4, ""sep_method"": ""classifier"", ""sep_margin"": 1.0, ""lambda_fit"": 0.1, ""lambda_sep"": 0.1, ""groupdro_enabled"": false, ""groupdro_eta"": 1.0, ""groupdro_gamma"": 0.9, ""groupdro_update_mode"": ""softmax"", ""groupdro_objective"": ""weighted"", ""groupdro_kl_lambda"": 0.0, ""groupdro_uniform_init"": true, ""log_interval"": 20, ""save_every"": 10, ""val_frac"": 0.2, ""impute_missing"": true, ""common_encoder"": true, ""use_regret"": false, ""data_split_seed"": 1002}","{""num_groups"": 4, ""num_classes"": 2, ""train_total"": 426, ""test_total"": 185, ""train_group_counts"": [193, 188, 20, 25], ""test_group_counts"": [61, 59, 25, 40], ""train_class_counts"": [232, 194], ""test_class_counts"": [83, 102], ""train_group_class_counts"": [[104, 89], [120, 68], [1, 19], [7, 18]], ""test_group_class_counts"": [[33, 28], [38, 21], [2, 23], [10, 30]], ""group_proportions"": [0.45305164319248825, 0.4413145539906103, 0.046948356807511735, 0.05868544600938967], ""val_group_counts"": [49, 47, 20, 32], ""val_total"": 148}",,2026-09-14T15:42:29.705726,60,0.3529825061559677,0.8359375,0.001,0.7405405405405405,0.7262882050569603,0.675,0.7796610169491526,"[0.7704918032786885, 0.7796610169491526, 0.68, 0.675]","[0.5471708975488045, 0.45210575296590894, 0.7204004354774952, 0.5696355406427756]","[0.7349397590361446, 0.7450980392156863]","[[0.7575757575757576, 0.7857142857142857], [0.7368421052631579, 0.8571428571428571], [1.0, 0.6521739130434783], [0.6, 0.7]]","[61, 59, 25, 40]",0.7388235294117648,"[0.7699353448275861, 0.7731440402247856, 0.5614035087719298, 0.6218181818181818]",0.5614035087719298,0.7204004354774952,0.7635135135135135,0.7500413862353452,0.7,0.8367346938775511,"[0.8367346938775511, 0.7446808510638298, 0.7, 0.71875]","[0.4635439143154998, 0.5214111817643997, 0.5476961072534323, 0.6666337826172821]","[0.7575757575757576, 0.7682926829268293]","[[0.8148148148148148, 0.8636363636363636], [0.7666666666666667, 0.7058823529411765], [1.0, 0.6842105263157895], [0.5, 0.7916666666666666]]","[49, 47, 20, 32]",0.7616747181964574,"[0.8361204013377926, 0.7298850574712643, 0.53125, 0.6395494367959951]",0.53125,0.6666337826172821,,"[NaN, NaN, NaN, NaN]",,,
"{""run_name"": ""fedheart_exp_paper_hetagg_gdro"", ""seed"": 55, ""run_dir"": ""runs/fedheart_cv/Shared_Anchors_s55_f2"", ""use_fedheart"": true, ""num_classes"": 2, ""stratified_batching"": true, ""train_frac"": 0.8, ""group_max_train_samples"": [null, null, 20, 25], ""true_hetero_input_dim"": true, ""feature_mask"": [[0, 1, 2, 3, 5, 6, 7, 8, 9, 10], [0, 1, 2, 3, 5, 6, 11, 12], [0, 1, 2, 4, 5, 7, 11, 12], [0, 1, 2, 4, 5, 6, 8, 9, 10]], ""batch_size"": 64, ""num_workers"": 0, ""epochs"": 100, ""early_stopping_patience"": 30, ""lr"": 0.001, ""weight_decay"": 0.0001, ""optimizer"": ""adam"", ""grad_clip"": 1.0, ""lr_scheduler"": ""cosine"", ""lr_min"": 1e-05, ""latent_dim"": 64, ""head_hidden"": 32, ""groups"": [{""name"": ""cleveland"", ""encoder"": ""mlp_tabular_ln"", ""input_dim"": 13, ""hidden_dim"": 64, ""dropout"": 0.1}, {""name"": ""hungarian"", ""encoder"": ""mlp_tabular_ln"", ""input_dim"": 13, ""hidden_dim"": 64, ""dropout"": 0.1}, {""name"": ""switzerland"", ""encoder"": ""mlp_tabular_ln"", ""input_dim"": 13, ""hidden_dim"": 64, ""dropout"": 0.1}, {""name"": ""va_long_beach"", ""encoder"": ""mlp_tabular_ln"", ""input_dim"": 13, ""hidden_dim"": 64, ""dropout"": 0.1}], ""anchor_eps"": 0.0001, ""sep_samples_per_class"": 4, ""sep_method"": ""classifier"", ""sep_margin"": 1.0, ""lambda_fit"": 0.1, ""lambda_sep"": 0.1, ""groupdro_enabled"": false, ""groupdro_eta"": 1.0, ""groupdro_gamma"": 0.9, ""groupdro_update_mode"": ""softmax"", ""groupdro_objective"": ""weighted"", ""groupdro_kl_lambda"": 0.0, ""groupdro_uniform_init"": true, ""log_interval"": 20, ""save_every"": 10, ""val_frac"": 0.2, ""impute_missing"": true, ""common_encoder"": true, ""use_regret"": false, ""data_split_seed"": 1002}","{""num_groups"": 4, ""num_classes"": 2, ""train_total"": 426, ""test_total"": 185, ""train_group_counts"": [193, 188, 20, 25], ""test_group_counts"": [61, 59, 25, 40], ""train_class_counts"": [232, 194], ""test_class_counts"": [83, 102], ""train_group_class_counts"": [[104, 89], [120, 68], [1, 19], [7, 18]], ""test_group_class_counts"": [[33, 28], [38, 21], [2, 23], [10, 30]], ""group_proportions"": [0.45305164319248825, 0.4413145539906103, 0.046948356807511735, 0.05868544600938967], ""val_group_counts"": [49, 47, 20, 32], ""val_total"": 148}",,2026-09-14T15:42:29.705726,61,0.33887681116660434,0.8489583333333334,0.001,0.7351351351351352,0.7221898444012226,0.675,0.7796610169491526,"[0.7540983606557377, 0.7796610169491526, 0.68, 0.675]","[0.5479485152793102, 0.4544226089018886, 0.7145285284519196, 0.571724297653418]","[0.7349397590361446, 0.7352941176470589]","[[0.7575757575757576, 0.75], [0.7368421052631579, 0.8571428571428571], [1.0, 0.6521739130434783], [0.6, 0.7]]","[61, 59, 25, 40]",0.7336095683093833,"[0.7530364372469636, 0.7731440402247856, 0.5614035087719298, 0.6218181818181818]",0.5614035087719298,0.7145285284519196,0.7567567567567568,0.744722237299175,0.7,0.8367346938775511,"[0.8367346938775511, 0.723404255319149, 0.7, 0.71875]","[0.47103075819964313, 0.5260881646040906, 0.5411127205938101, 0.6796004089992493]","[0.7424242424242424, 0.7682926829268293]","[[0.8148148148148148, 0.8636363636363636], [0.7333333333333333, 0.7058823529411765], [1.0, 0.6842105263157895], [0.5, 0.7916666666666666]]","[49, 47, 20, 32]",0.7545605306799337,"[0.8361204013377926, 0.710289236605026, 0.53125, 0.6395494367959951]",0.53125,0.6796004089992493,,"[NaN, NaN, NaN, NaN]",,,
"{""run_name"": ""fedheart_exp_paper_hetagg_gdro"", ""seed"": 55, ""run_dir"": ""runs/fedheart_cv/Shared_Anchors_s55_f2"", ""use_fedheart"": true, ""num_classes"": 2, ""stratified_batching"": true, ""train_frac"": 0.8, ""group_max_train_samples"": [null, null, 20, 25], ""true_hetero_input_dim"": true, ""feature_mask"": [[0, 1, 2, 3, 5, 6, 7, 8, 9, 10], [0, 1, 2, 3, 5, 6, 11, 12], [0, 1, 2, 4, 5, 7, 11, 12], [0, 1, 2, 4, 5, 6, 8, 9, 10]], ""batch_size"": 64, ""num_workers"": 0, ""epochs"": 100, ""early_stopping_patience"": 30, ""lr"": 0.001, ""weight_decay"": 0.0001, ""optimizer"": ""adam"", ""grad_clip"": 1.0, ""lr_scheduler"": ""cosine"", ""lr_min"": 1e-05, ""latent_dim"": 64, ""head_hidden"": 32, ""groups"": [{""name"": ""cleveland"", ""encoder"": ""mlp_tabular_ln"", ""input_dim"": 13, ""hidden_dim"": 64, ""dropout"": 0.1}, {""name"": ""hungarian"", ""encoder"": ""mlp_tabular_ln"", ""input_dim"": 13, ""hidden_dim"": 64, ""dropout"": 0.1}, {""name"": ""switzerland"", ""encoder"": ""mlp_tabular_ln"", ""input_dim"": 13, ""hidden_dim"": 64, ""dropout"": 0.1}, {""name"": ""va_long_beach"", ""encoder"": ""mlp_tabular_ln"", ""input_dim"": 13, ""hidden_dim"": 64, ""dropout"": 0.1}], ""anchor_eps"": 0.0001, ""sep_samples_per_class"": 4, ""sep_method"": ""classifier"", ""sep_margin"": 1.0, ""lambda_fit"": 0.1, ""lambda_sep"": 0.1, ""groupdro_enabled"": false, ""groupdro_eta"": 1.0, ""groupdro_gamma"": 0.9, ""groupdro_update_mode"": ""softmax"", ""groupdro_objective"": ""weighted"", ""groupdro_kl_lambda"": 0.0, ""groupdro_uniform_init"": true, ""log_interval"": 20, ""save_every"": 10, ""val_frac"": 0.2, ""impute_missing"": true, ""common_encoder"": true, ""use_regret"": false, ""data_split_seed"": 1002}","{""num_groups"": 4, ""num_classes"": 2, ""train_total"": 426, ""test_total"": 185, ""train_group_counts"": [193, 188, 20, 25], ""test_group_counts"": [61, 59, 25, 40], ""train_class_counts"": [232, 194], ""test_class_counts"": [83, 102], ""train_group_class_counts"": [[104, 89], [120, 68], [1, 19], [7, 18]], ""test_group_class_counts"": [[33, 28], [38, 21], [2, 23], [10, 30]], ""group_proportions"": [0.45305164319248825, 0.4413145539906103, 0.046948356807511735, 0.05868544600938967], ""val_group_counts"": [49, 47, 20, 32], ""val_total"": 148}",,2026-09-14T15:42:29.705726,62,0.3373842388391495,0.8385416666666666,0.001,0.7405405405405405,0.7262882050569603,0.675,0.7796610169491526,"[0.7704918032786885, 0.7796610169491526, 0.68, 0.675]","[0.5453904851561138, 0.4414544881210994, 0.7464950081706047, 0.6010452982503921]","[0.7469879518072289, 0.7352941176470589]","[[0.7878787878787878, 0.75], [0.7368421052631579, 0.8571428571428571], [1.0, 0.6521739130434783], [0.6, 0.7]]","[61, 59, 25, 40]",0.7392529950669486,"[0.7689393939393939, 0.7731440402247856, 0.5614035087719298, 0.6218181818181818]",0.5614035087719298,0.7464950081706047,0.7635135135135135,0.7428605351715154,0.65,0.8367346938775511,"[0.8367346938775511, 0.7659574468085106, 0.65, 0.71875]","[0.46423488779335603, 0.5229211415540664, 0.5798856029286981, 0.7051691004307941]","[0.7727272727272727, 0.7560975609756098]","[[0.8148148148148148, 0.8636363636363636], [0.8, 0.7058823529411765], [1.0, 0.631578947368421], [0.5, 0.7916666666666666]]","[49, 47, 20, 32]",0.7621998806408667,"[0.8361204013377926, 0.7496368038740919, 0.4982078853046595, 0.6395494367959951]",0.4982078853046595,0.7051691004307941,,"[NaN, NaN, NaN, NaN]",,,
"{""run_name"": ""fedheart_exp_paper_hetagg_gdro"", ""seed"": 55, ""run_dir"": ""runs/fedheart_cv/Shared_Anchors_s55_f2"", ""use_fedheart"": true, ""num_classes"": 2, ""stratified_batching"": true, ""train_frac"": 0.8, ""group_max_train_samples"": [null, null, 20, 25], ""true_hetero_input_dim"": true, ""feature_mask"": [[0, 1, 2, 3, 5, 6, 7, 8, 9, 10], [0, 1, 2, 3, 5, 6, 11, 12], [0, 1, 2, 4, 5, 7, 11, 12], [0, 1, 2, 4, 5, 6, 8, 9, 10]], ""batch_size"": 64, ""num_workers"": 0, ""epochs"": 100, ""early_stopping_patience"": 30, ""lr"": 0.001, ""weight_decay"": 0.0001, ""optimizer"": ""adam"", ""grad_clip"": 1.0, ""lr_scheduler"": ""cosine"", ""lr_min"": 1e-05, ""latent_dim"": 64, ""head_hidden"": 32, ""groups"": [{""name"": ""cleveland"", ""encoder"": ""mlp_tabular_ln"", ""input_dim"": 13, ""hidden_dim"": 64, ""dropout"": 0.1}, {""name"": ""hungarian"", ""encoder"": ""mlp_tabular_ln"", ""input_dim"": 13, ""hidden_dim"": 64, ""dropout"": 0.1}, {""name"": ""switzerland"", ""encoder"": ""mlp_tabular_ln"", ""input_dim"": 13, ""hidden_dim"": 64, ""dropout"": 0.1}, {""name"": ""va_long_beach"", ""encoder"": ""mlp_tabular_ln"", ""input_dim"": 13, ""hidden_dim"": 64, ""dropout"": 0.1}], ""anchor_eps"": 0.0001, ""sep_samples_per_class"": 4, ""sep_method"": ""classifier"", ""sep_margin"": 1.0, ""lambda_fit"": 0.1, ""lambda_sep"": 0.1, ""groupdro_enabled"": false, ""groupdro_eta"": 1.0, ""groupdro_gamma"": 0.9, ""groupdro_update_mode"": ""softmax"", ""groupdro_objective"": ""weighted"", ""groupdro_kl_lambda"": 0.0, ""groupdro_uniform_init"": true, ""log_interval"": 20, ""save_every"": 10, ""val_frac"": 0.2, ""impute_missing"": true, ""common_encoder"": true, ""use_regret"": false, ""data_split_seed"": 1002}","{""num_groups"": 4, ""num_classes"": 2, ""train_total"": 426, ""test_total"": 185, ""train_group_counts"": [193, 188, 20, 25], ""test_group_counts"": [61, 59, 25, 40], ""train_class_counts"": [232, 194], ""test_class_counts"": [83, 102], ""train_group_class_counts"": [[104, 89], [120, 68], [1, 19], [7, 18]], ""test_group_class_counts"": [[33, 28], [38, 21], [2, 23], [10, 30]], ""group_proportions"": [0.45305164319248825, 0.4413145539906103, 0.046948356807511735, 0.05868544600938967], ""val_group_counts"": [49, 47, 20, 32], ""val_total"": 148}",,2026-09-14T15:42:29.705726,63,0.3252384190758069,0.8463541666666666,0.001,0.7351351351351352,0.7221898444012226,0.675,0.7796610169491526,"[0.7540983606557377, 0.7796610169491526, 0.68, 0.675]","[0.553588172142226, 0.45715969928808636, 0.7196446879208088, 0.5911350289010443]","[0.7349397590361446, 0.7352941176470589]","[[0.7575757575757576, 0.75], [0.7368421052631579, 0.8571428571428571], [1.0, 0.6521739130434783], [0.6, 0.7]]","[61, 59, 25, 40]",0.7336095683093833,"[0.7530364372469636, 0.7731440402247856, 0.5614035087719298, 0.6218181818181818]",0.5614035087719298,0.7196446879208088,0.7635135135135135,0.7500413862353452,0.7,0.8367346938775511,"[0.8367346938775511, 0.7446808510638298, 0.7, 0.71875]","[0.4671181608561654, 0.523279902624323, 0.5514600900933146, 0.6921051947283559]","[0.7575757575757576, 0.7682926829268293]","[[0.8148148148148148, 0.8636363636363636], [0.7666666666666667, 0.7058823529411765], [1.0, 0.6842105263157895], [0.5, 0.7916666666666666]]","[49, 47, 20, 32]",0.7616747181964574,"[0.8361204013377926, 0.7298850574712643, 0.53125, 0.6395494367959951]",0.53125,0.6921051947283559,,"[NaN, NaN, NaN, NaN]",,,
"{""run_name"": ""fedheart_exp_paper_hetagg_gdro"", ""seed"": 55, ""run_dir"": ""runs/fedheart_cv/Shared_Anchors_s55_f2"", ""use_fedheart"": true, ""num_classes"": 2, ""stratified_batching"": true, ""train_frac"": 0.8, ""group_max_train_samples"": [null, null, 20, 25], ""true_hetero_input_dim"": true, ""feature_mask"": [[0, 1, 2, 3, 5, 6, 7, 8, 9, 10], [0, 1, 2, 3, 5, 6, 11, 12], [0, 1, 2, 4, 5, 7, 11, 12], [0, 1, 2, 4, 5, 6, 8, 9, 10]], ""batch_size"": 64, ""num_workers"": 0, ""epochs"": 100, ""early_stopping_patience"": 30, ""lr"": 0.001, ""weight_decay"": 0.0001, ""optimizer"": ""adam"", ""grad_clip"": 1.0, ""lr_scheduler"": ""cosine"", ""lr_min"": 1e-05, ""latent_dim"": 64, ""head_hidden"": 32, ""groups"": [{""name"": ""cleveland"", ""encoder"": ""mlp_tabular_ln"", ""input_dim"": 13, ""hidden_dim"": 64, ""dropout"": 0.1}, {""name"": ""hungarian"", ""encoder"": ""mlp_tabular_ln"", ""input_dim"": 13, ""hidden_dim"": 64, ""dropout"": 0.1}, {""name"": ""switzerland"", ""encoder"": ""mlp_tabular_ln"", ""input_dim"": 13, ""hidden_dim"": 64, ""dropout"": 0.1}, {""name"": ""va_long_beach"", ""encoder"": ""mlp_tabular_ln"", ""input_dim"": 13, ""hidden_dim"": 64, ""dropout"": 0.1}], ""anchor_eps"": 0.0001, ""sep_samples_per_class"": 4, ""sep_method"": ""classifier"", ""sep_margin"": 1.0, ""lambda_fit"": 0.1, ""lambda_sep"": 0.1, ""groupdro_enabled"": false, ""groupdro_eta"": 1.0, ""groupdro_gamma"": 0.9, ""groupdro_update_mode"": ""softmax"", ""groupdro_objective"": ""weighted"", ""groupdro_kl_lambda"": 0.0, ""groupdro_uniform_init"": true, ""log_interval"": 20, ""save_every"": 10, ""val_frac"": 0.2, ""impute_missing"": true, ""common_encoder"": true, ""use_regret"": false, ""data_split_seed"": 1002}","{""num_groups"": 4, ""num_classes"": 2, ""train_total"": 426, ""test_total"": 185, ""train_group_counts"": [193, 188, 20, 25], ""test_group_counts"": [61, 59, 25, 40], ""train_class_counts"": [232, 194], ""test_class_counts"": [83, 102], ""train_group_class_counts"": [[104, 89], [120, 68], [1, 19], [7, 18]], ""test_group_class_counts"": [[33, 28], [38, 21], [2, 23], [10, 30]], ""group_proportions"": [0.45305164319248825, 0.4413145539906103, 0.046948356807511735, 0.05868544600938967], ""val_group_counts"": [49, 47, 20, 32], ""val_total"": 148}",,2026-09-14T15:42:29.705726,64,0.3280779818693797,0.8359375,0.001,0.745945945945946,0.7305254931925536,0.675,0.7966101694915254,"[0.7704918032786885, 0.7966101694915254, 0.68, 0.675]","[0.5480052881003892, 0.4371928305254649, 0.7696820957958699, 0.6203189467196353]","[0.7590361445783133, 0.7352941176470589]","[[0.7878787878787878, 0.75], [0.7631578947368421, 0.8571428571428571], [1.0, 0.6521739130434783], [0.6, 0.7]]","[61, 59, 25, 40]",0.7448725096094599,"[0.7689393939393939, 0.7892857142857144, 0.5614035087719298, 0.6218181818181818]",0.5614035087719298,0.7696820957958699,0.7567567567567568,0.7300613330438559,0.625,0.8367346938775511,"[0.8367346938775511, 0.8085106382978723, 0.65, 0.625]","[0.4580675944001699, 0.5192627959508211, 0.6044991288334132, 0.7206987548270263]","[0.803030303030303, 0.7195121951219512]","[[0.8148148148148148, 0.8636363636363636], [0.8666666666666667, 0.7058823529411765], [1.0, 0.631578947368421], [0.5, 0.6666666666666666]]","[49, 47, 20, 32]",0.7563563197366013,"[0.8361204013377926, 0.7898658718330849, 0.4982078853046595, 0.5636363636363636]",0.4982078853046595,0.7206987548270263,,"[NaN, NaN, NaN, NaN]",,,
"{""run_name"": ""fedheart_exp_paper_hetagg_gdro"", ""seed"": 55, ""run_dir"": ""runs/fedheart_cv/Shared_Anchors_s55_f2"", ""use_fedheart"": true, ""num_classes"": 2, ""stratified_batching"": true, ""train_frac"": 0.8, ""group_max_train_samples"": [null, null, 20, 25], ""true_hetero_input_dim"": true, ""feature_mask"": [[0, 1, 2, 3, 5, 6, 7, 8, 9, 10], [0, 1, 2, 3, 5, 6, 11, 12], [0, 1, 2, 4, 5, 7, 11, 12], [0, 1, 2, 4, 5, 6, 8, 9, 10]], ""batch_size"": 64, ""num_workers"": 0, ""epochs"": 100, ""early_stopping_patience"": 30, ""lr"": 0.001, ""weight_decay"": 0.0001, ""optimizer"": ""adam"", ""grad_clip"": 1.0, ""lr_scheduler"": ""cosine"", ""lr_min"": 1e-05, ""latent_dim"": 64, ""head_hidden"": 32, ""groups"": [{""name"": ""cleveland"", ""encoder"": ""mlp_tabular_ln"", ""input_dim"": 13, ""hidden_dim"": 64, ""dropout"": 0.1}, {""name"": ""hungarian"", ""encoder"": ""mlp_tabular_ln"", ""input_dim"": 13, ""hidden_dim"": 64, ""dropout"": 0.1}, {""name"": ""switzerland"", ""encoder"": ""mlp_tabular_ln"", ""input_dim"": 13, ""hidden_dim"": 64, ""dropout"": 0.1}, {""name"": ""va_long_beach"", ""encoder"": ""mlp_tabular_ln"", ""input_dim"": 13, ""hidden_dim"": 64, ""dropout"": 0.1}], ""anchor_eps"": 0.0001, ""sep_samples_per_class"": 4, ""sep_method"": ""classifier"", ""sep_margin"": 1.0, ""lambda_fit"": 0.1, ""lambda_sep"": 0.1, ""groupdro_enabled"": false, ""groupdro_eta"": 1.0, ""groupdro_gamma"": 0.9, ""groupdro_update_mode"": ""softmax"", ""groupdro_objective"": ""weighted"", ""groupdro_kl_lambda"": 0.0, ""groupdro_uniform_init"": true, ""log_interval"": 20, ""save_every"": 10, ""val_frac"": 0.2, ""impute_missing"": true, ""common_encoder"": true, ""use_regret"": false, ""data_split_seed"": 1002}","{""num_groups"": 4, ""num_classes"": 2, ""train_total"": 426, ""test_total"": 185, ""train_group_counts"": [193, 188, 20, 25], ""test_group_counts"": [61, 59, 25, 40], ""train_class_counts"": [232, 194], ""test_class_counts"": [83, 102], ""train_group_class_counts"": [[104, 89], [120, 68], [1, 19], [7, 18]], ""test_group_class_counts"": [[33, 28], [38, 21], [2, 23], [10, 30]], ""group_proportions"": [0.45305164319248825, 0.4413145539906103, 0.046948356807511735, 0.05868544600938967], ""val_group_counts"": [49, 47, 20, 32], ""val_total"": 148}",,2026-09-14T15:42:29.705726,65,0.3016430661082268,0.8645833333333334,0.001,0.7405405405405405,0.7264271325368158,0.675,0.7966101694915254,"[0.7540983606557377, 0.7966101694915254, 0.68, 0.675]","[0.545759264112557, 0.43834665105125664, 0.7852161902189255, 0.6287813678150996]","[0.7590361445783133, 0.7254901960784313]","[[0.7878787878787878, 0.7142857142857143], [0.7631578947368421, 0.8571428571428571], [1.0, 0.6521739130434783], [0.6, 0.7]]","[61, 59, 25, 40]",0.7396199859254047,"[0.7516960651289009, 0.7892857142857144, 0.5614035087719298, 0.6218181818181818]",0.5614035087719298,0.7852161902189255,0.7567567567567568,0.7325546841076856,0.65,0.8367346938775511,"[0.8367346938775511, 0.7872340425531915, 0.65, 0.65625]","[0.4586184308389012, 0.5225063370184061, 0.604248976521194, 0.7294073947123252]","[0.7878787878787878, 0.7317073170731707]","[[0.8148148148148148, 0.8636363636363636], [0.8333333333333334, 0.7058823529411765], [1.0, 0.631578947368421], [0.5, 0.7083333333333334]]","[49, 47, 20, 32]",0.7560439560439561,"[0.8361204013377926, 0.7696078431372549, 0.4982078853046595, 0.5883040935672516]",0.4982078853046595,0.7294073947123252,,"[NaN, NaN, NaN, NaN]",,,
"{""run_name"": ""fedheart_exp_paper_hetagg_gdro"", ""seed"": 55, ""run_dir"": ""runs/fedheart_cv/Shared_Anchors_s55_f2"", ""use_fedheart"": true, ""num_classes"": 2, ""stratified_batching"": true, ""train_frac"": 0.8, ""group_max_train_samples"": [null, null, 20, 25], ""true_hetero_input_dim"": true, ""feature_mask"": [[0, 1, 2, 3, 5, 6, 7, 8, 9, 10], [0, 1, 2, 3, 5, 6, 11, 12], [0, 1, 2, 4, 5, 7, 11, 12], [0, 1, 2, 4, 5, 6, 8, 9, 10]], ""batch_size"": 64, ""num_workers"": 0, ""epochs"": 100, ""early_stopping_patience"": 30, ""lr"": 0.001, ""weight_decay"": 0.0001, ""optimizer"": ""adam"", ""grad_clip"": 1.0, ""lr_scheduler"": ""cosine"", ""lr_min"": 1e-05, ""latent_dim"": 64, ""head_hidden"": 32, ""groups"": [{""name"": ""cleveland"", ""encoder"": ""mlp_tabular_ln"", ""input_dim"": 13, ""hidden_dim"": 64, ""dropout"": 0.1}, {""name"": ""hungarian"", ""encoder"": ""mlp_tabular_ln"", ""input_dim"": 13, ""hidden_dim"": 64, ""dropout"": 0.1}, {""name"": ""switzerland"", ""encoder"": ""mlp_tabular_ln"", ""input_dim"": 13, ""hidden_dim"": 64, ""dropout"": 0.1}, {""name"": ""va_long_beach"", ""encoder"": ""mlp_tabular_ln"", ""input_dim"": 13, ""hidden_dim"": 64, ""dropout"": 0.1}], ""anchor_eps"": 0.0001, ""sep_samples_per_class"": 4, ""sep_method"": ""classifier"", ""sep_margin"": 1.0, ""lambda_fit"": 0.1, ""lambda_sep"": 0.1, ""groupdro_enabled"": false, ""groupdro_eta"": 1.0, ""groupdro_gamma"": 0.9, ""groupdro_update_mode"": ""softmax"", ""groupdro_objective"": ""weighted"", ""groupdro_kl_lambda"": 0.0, ""groupdro_uniform_init"": true, ""log_interval"": 20, ""save_every"": 10, ""val_frac"": 0.2, ""impute_missing"": true, ""common_encoder"": true, ""use_regret"": false, ""data_split_seed"": 1002}","{""num_groups"": 4, ""num_classes"": 2, ""train_total"": 426, ""test_total"": 185, ""train_group_counts"": [193, 188, 20, 25], ""test_group_counts"": [61, 59, 25, 40], ""train_class_counts"": [232, 194], ""test_class_counts"": [83, 102], ""train_group_class_counts"": [[104, 89], [120, 68], [1, 19], [7, 18]], ""test_group_class_counts"": [[33, 28], [38, 21], [2, 23], [10, 30]], ""group_proportions"": [0.45305164319248825, 0.4413145539906103, 0.046948356807511735, 0.05868544600938967], ""val_group_counts"": [49, 47, 20, 32], ""val_total"": 148}",,2026-09-14T15:42:29.705726,66,0.3144877428809802,0.859375,0.001,0.745945945945946,0.7325382050569602,0.68,0.7796610169491526,"[0.7704918032786885, 0.7796610169491526, 0.68, 0.7]","[0.551362657518752, 0.46674692890433184, 0.7387806238234043, 0.6037755019962787]","[0.7349397590361446, 0.7549019607843137]","[[0.7575757575757576, 0.7857142857142857], [0.7368421052631579, 0.8571428571428571], [1.0, 0.6521739130434783], [0.6, 0.7333333333333333]]","[61, 59, 25, 40]",0.744031322676558,"[0.7699353448275861, 0.7731440402247856, 0.5614035087719298, 0.6428571428571428]",0.5614035087719298,0.7387806238234043,0.777027027027027,0.7678605351715154,0.71875,0.8367346938775511,"[0.8367346938775511, 0.7659574468085106, 0.75, 0.71875]","[0.4744704217669003, 0.5376608343993096, 0.5321463488973677, 0.7051911193120759]","[0.7727272727272727, 0.7804878048780488]","[[0.8148148148148148, 0.8636363636363636], [0.8, 0.7058823529411765], [1.0, 0.7368421052631579], [0.5, 0.7916666666666666]]","[49, 47, 20, 32]",0.7752933057280883,"[0.8361204013377926, 0.7496368038740919, 0.5670995670995671, 0.6395494367959951]",0.5670995670995671,0.7051911193120759,,"[NaN, NaN, NaN, NaN]",,,
"{""run_name"": ""fedheart_exp_paper_hetagg_gdro"", ""seed"": 55, ""run_dir"": ""runs/fedheart_cv/Shared_Anchors_s55_f2"", ""use_fedheart"": true, ""num_classes"": 2, ""stratified_batching"": true, ""train_frac"": 0.8, ""group_max_train_samples"": [null, null, 20, 25], ""true_hetero_input_dim"": true, ""feature_mask"": [[0, 1, 2, 3, 5, 6, 7, 8, 9, 10], [0, 1, 2, 3, 5, 6, 11, 12], [0, 1, 2, 4, 5, 7, 11, 12], [0, 1, 2, 4, 5, 6, 8, 9, 10]], ""batch_size"": 64, ""num_workers"": 0, ""epochs"": 100, ""early_stopping_patience"": 30, ""lr"": 0.001, ""weight_decay"": 0.0001, ""optimizer"": ""adam"", ""grad_clip"": 1.0, ""lr_scheduler"": ""cosine"", ""lr_min"": 1e-05, ""latent_dim"": 64, ""head_hidden"": 32, ""groups"": [{""name"": ""cleveland"", ""encoder"": ""mlp_tabular_ln"", ""input_dim"": 13, ""hidden_dim"": 64, ""dropout"": 0.1}, {""name"": ""hungarian"", ""encoder"": ""mlp_tabular_ln"", ""input_dim"": 13, ""hidden_dim"": 64, ""dropout"": 0.1}, {""name"": ""switzerland"", ""encoder"": ""mlp_tabular_ln"", ""input_dim"": 13, ""hidden_dim"": 64, ""dropout"": 0.1}, {""name"": ""va_long_beach"", ""encoder"": ""mlp_tabular_ln"", ""input_dim"": 13, ""hidden_dim"": 64, ""dropout"": 0.1}], ""anchor_eps"": 0.0001, ""sep_samples_per_class"": 4, ""sep_method"": ""classifier"", ""sep_margin"": 1.0, ""lambda_fit"": 0.1, ""lambda_sep"": 0.1, ""groupdro_enabled"": false, ""groupdro_eta"": 1.0, ""groupdro_gamma"": 0.9, ""groupdro_update_mode"": ""softmax"", ""groupdro_objective"": ""weighted"", ""groupdro_kl_lambda"": 0.0, ""groupdro_uniform_init"": true, ""log_interval"": 20, ""save_every"": 10, ""val_frac"": 0.2, ""impute_missing"": true, ""common_encoder"": true, ""use_regret"": false, ""data_split_seed"": 1002}","{""num_groups"": 4, ""num_classes"": 2, ""train_total"": 426, ""test_total"": 185, ""train_group_counts"": [193, 188, 20, 25], ""test_group_counts"": [61, 59, 25, 40], ""train_class_counts"": [232, 194], ""test_class_counts"": [83, 102], ""train_group_class_counts"": [[104, 89], [120, 68], [1, 19], [7, 18]], ""test_group_class_counts"": [[33, 28], [38, 21], [2, 23], [10, 30]], ""group_proportions"": [0.45305164319248825, 0.4413145539906103, 0.046948356807511735, 0.05868544600938967], ""val_group_counts"": [49, 47, 20, 32], ""val_total"": 148}",,2026-09-14T15:42:29.705726,67,0.3109145611524582,0.8515625,0.001,0.7405405405405405,0.7284398444012226,0.68,0.7796610169491526,"[0.7540983606557377, 0.7796610169491526, 0.68, 0.7]","[0.5498410051375566, 0.46753758891343566, 0.7523816421627998, 0.6096484415465966]","[0.7349397590361446, 0.7450980392156863]","[[0.7575757575757576, 0.75], [0.7368421052631579, 0.8571428571428571], [1.0, 0.6521739130434783], [0.6, 0.7333333333333333]]","[61, 59, 25, 40]",0.7388235294117648,"[0.7530364372469636, 0.7731440402247856, 0.5614035087719298, 0.6428571428571428]",0.5614035087719298,0.7523816421627998,0.7702702702702703,0.7600480351715154,0.6875,0.8367346938775511,"[0.8367346938775511, 0.7659574468085106, 0.75, 0.6875]","[0.47530351284587263, 0.5413834615907771, 0.5356680280528963, 0.7165942348365206]","[0.7727272727272727, 0.7682926829268293]","[[0.8148148148148148, 0.8636363636363636], [0.8, 0.7058823529411765], [1.0, 0.7368421052631579], [0.5, 0.75]]","[49, 47, 20, 32]",0.76875,"[0.8361204013377926, 0.7496368038740919, 0.5670995670995671, 0.6135265700483091]",0.5670995670995671,0.7165942348365206,,"[NaN, NaN, NaN, NaN]",,,
"{""run_name"": ""fedheart_exp_paper_hetagg_gdro"", ""seed"": 55, ""run_dir"": ""runs/fedheart_cv/Shared_Anchors_s55_f2"", ""use_fedheart"": true, ""num_classes"": 2, ""stratified_batching"": true, ""train_frac"": 0.8, ""group_max_train_samples"": [null, null, 20, 25], ""true_hetero_input_dim"": true, ""feature_mask"": [[0, 1, 2, 3, 5, 6, 7, 8, 9, 10], [0, 1, 2, 3, 5, 6, 11, 12], [0, 1, 2, 4, 5, 7, 11, 12], [0, 1, 2, 4, 5, 6, 8, 9, 10]], ""batch_size"": 64, ""num_workers"": 0, ""epochs"": 100, ""early_stopping_patience"": 30, ""lr"": 0.001, ""weight_decay"": 0.0001, ""optimizer"": ""adam"", ""grad_clip"": 1.0, ""lr_scheduler"": ""cosine"", ""lr_min"": 1e-05, ""latent_dim"": 64, ""head_hidden"": 32, ""groups"": [{""name"": ""cleveland"", ""encoder"": ""mlp_tabular_ln"", ""input_dim"": 13, ""hidden_dim"": 64, ""dropout"": 0.1}, {""name"": ""hungarian"", ""encoder"": ""mlp_tabular_ln"", ""input_dim"": 13, ""hidden_dim"": 64, ""dropout"": 0.1}, {""name"": ""switzerland"", ""encoder"": ""mlp_tabular_ln"", ""input_dim"": 13, ""hidden_dim"": 64, ""dropout"": 0.1}, {""name"": ""va_long_beach"", ""encoder"": ""mlp_tabular_ln"", ""input_dim"": 13, ""hidden_dim"": 64, ""dropout"": 0.1}], ""anchor_eps"": 0.0001, ""sep_samples_per_class"": 4, ""sep_method"": ""classifier"", ""sep_margin"": 1.0, ""lambda_fit"": 0.1, ""lambda_sep"": 0.1, ""groupdro_enabled"": false, ""groupdro_eta"": 1.0, ""groupdro_gamma"": 0.9, ""groupdro_update_mode"": ""softmax"", ""groupdro_objective"": ""weighted"", ""groupdro_kl_lambda"": 0.0, ""groupdro_uniform_init"": true, ""log_interval"": 20, ""save_every"": 10, ""val_frac"": 0.2, ""impute_missing"": true, ""common_encoder"": true, ""use_regret"": false, ""data_split_seed"": 1002}","{""num_groups"": 4, ""num_classes"": 2, ""train_total"": 426, ""test_total"": 185, ""train_group_counts"": [193, 188, 20, 25], ""test_group_counts"": [61, 59, 25, 40], ""train_class_counts"": [232, 194], ""test_class_counts"": [83, 102], ""train_group_class_counts"": [[104, 89], [120, 68], [1, 19], [7, 18]], ""test_group_class_counts"": [[33, 28], [38, 21], [2, 23], [10, 30]], ""group_proportions"": [0.45305164319248825, 0.4413145539906103, 0.046948356807511735, 0.05868544600938967], ""val_group_counts"": [49, 47, 20, 32], ""val_total"": 148}",,2026-09-14T15:42:29.705726,68,0.33542495717604953,0.8515625,0.001,0.7405405405405405,0.7284398444012226,0.68,0.7796610169491526,"[0.7540983606557377, 0.7796610169491526, 0.68, 0.7]","[0.5486995654264618, 0.4721338358092106, 0.7568726769089699, 0.6094146673451177]","[0.7349397590361446, 0.7450980392156863]","[[0.7575757575757576, 0.75], [0.7368421052631579, 0.8571428571428571], [1.0, 0.6521739130434783], [0.6, 0.7333333333333333]]","[61, 59, 25, 40]",0.7388235294117648,"[0.7530364372469636, 0.7731440402247856, 0.5614035087719298, 0.6428571428571428]",0.5614035087719298,0.7568726769089699,0.7702702702702703,0.7600480351715154,0.6875,0.8367346938775511,"[0.8367346938775511, 0.7659574468085106, 0.75, 0.6875]","[0.4757053195974048, 0.5431930985539517, 0.5313396388664842, 0.717524678359041]","[0.7727272727272727, 0.7682926829268293]","[[0.8148148148148148, 0.8636363636363636], [0.8, 0.7058823529411765], [1.0, 0.7368421052631579], [0.5, 0.75]]","[49, 47, 20, 32]",0.76875,"[0.8361204013377926, 0.7496368038740919, 0.5670995670995671, 0.6135265700483091]",0.5670995670995671,0.717524678359041,,"[NaN, NaN, NaN, NaN]",,,
