config,dataset_info,groupdro_config,start_time,epoch,train_loss,train_acc,learning_rate,test_overall_acc,test_balanced_acc,test_worst_group_acc,test_best_group_acc,test_per_group_acc,test_per_group_loss,test_per_class_acc,test_per_group_per_class_acc,test_per_group_counts,test_overall_macro_f1,test_per_group_f1,test_worst_group_f1,test_worst_group_loss,val_overall_acc,val_balanced_acc,val_worst_group_acc,val_best_group_acc,val_per_group_acc,val_per_group_loss,val_per_class_acc,val_per_group_per_class_acc,val_per_group_counts,val_overall_macro_f1,val_per_group_f1,val_worst_group_f1,val_worst_group_loss,groupdro_weights,train_per_group_loss,groupdro_weights_mean,groupdro_pi,groupdro_kl_penalty
"{""run_name"": ""fedheart_final"", ""seed"": 42, ""run_dir"": ""runs/dynamics_fedheart/anchors_regretdro"", ""use_fedheart"": true, ""num_classes"": 2, ""stratified_batching"": true, ""train_frac"": 0.8, ""group_max_train_samples"": null, ""true_hetero_input_dim"": true, ""feature_mask"": [[0, 1, 2, 3, 5, 6, 7, 8, 9, 10], [0, 1, 2, 3, 5, 6, 11, 12], [0, 1, 2, 4, 5, 7, 11, 12], [0, 1, 2, 4, 5, 6, 8, 9, 10]], ""batch_size"": 64, ""num_workers"": 0, ""epochs"": 100, ""early_stopping_patience"": 30, ""lr"": 0.001, ""weight_decay"": 0.0001, ""optimizer"": ""adam"", ""grad_clip"": 1.0, ""lr_scheduler"": ""cosine"", ""lr_min"": 1e-05, ""latent_dim"": 64, ""head_hidden"": 32, ""groups"": [{""name"": ""cleveland"", ""encoder"": ""mlp_tabular_ln"", ""input_dim"": 10, ""hidden_dim"": 64, ""dropout"": 0.1}, {""name"": ""hungarian"", ""encoder"": ""mlp_tabular_ln"", ""input_dim"": 8, ""hidden_dim"": 64, ""dropout"": 0.1}, {""name"": ""switzerland"", ""encoder"": ""mlp_tabular_ln"", ""input_dim"": 8, ""hidden_dim"": 64, ""dropout"": 0.1}, {""name"": ""va_long_beach"", ""encoder"": ""mlp_tabular_ln"", ""input_dim"": 9, ""hidden_dim"": 64, ""dropout"": 0.1}], ""anchor_eps"": 0.0001, ""sep_samples_per_class"": 4, ""sep_method"": ""classifier"", ""sep_margin"": 1.0, ""lambda_fit"": 0.1, ""lambda_sep"": 0.1, ""groupdro_enabled"": true, ""groupdro_eta"": 0.1, ""groupdro_gamma"": 0.9, ""groupdro_update_mode"": ""exp"", ""groupdro_objective"": ""weighted"", ""groupdro_kl_lambda"": 0.0, ""groupdro_uniform_init"": true, ""log_interval"": 20, ""save_every"": 10, ""groupdro_ema_decay"": 0.9, ""groupdro_update_every"": 1, ""dro_signal"": ""val"", ""val_frac"": 0.15, ""dro_val_stride"": 1, ""common_encoder"": false, ""impute_missing"": true, ""use_regret"": true, ""optimal_losses"": [0.377003, 0.42032, 0.1051, 0.511216]}","{""num_groups"": 4, ""num_classes"": 2, ""train_total"": 623, ""test_total"": 185, ""train_group_counts"": [205, 199, 83, 136], ""test_group_counts"": [61, 59, 25, 40], ""train_class_counts"": [278, 345], ""test_class_counts"": [83, 102], ""train_group_class_counts"": [[111, 94], [127, 72], [5, 78], [35, 101]], ""test_group_class_counts"": [[33, 28], [38, 21], [2, 23], [10, 30]], ""group_proportions"": [0.3290529695024077, 0.31942215088282505, 0.1332263242375602, 0.21829855537720708], ""val_group_counts"": [37, 36, 15, 24], ""val_total"": 112}","{""num_groups"": 4, ""eta"": 0.1, ""update_mode"": ""exp"", ""robust_objective"": ""weighted"", ""gamma"": 0.9, ""kl_lambda"": 0.0, ""initial_pi"": [0.32905295491218567, 0.3194221556186676, 0.13322632014751434, 0.2182985544204712]}",2026-09-18T04:41:56.495131,1,3.4855529732174344,0.5538194444444444,0.001,0.5621621621621622,0.6298506529591553,0.4067796610169492,0.92,"[0.4426229508196721, 0.4067796610169492, 0.92, 0.75]","[0.7180648768534426, 0.7033060162754382, 0.4553013181686401, 0.5938334360718727]","[0.060240963855421686, 0.9705882352941176]","[[0.030303030303030304, 0.9285714285714286], [0.10526315789473684, 0.9523809523809523], [0.0, 1.0], [0.0, 1.0]]","[61, 59, 25, 40]",0.40978376462247423,"[0.33010335917312666, 0.35968992248062015, 0.4791666666666667, 0.42857142857142855]",0.33010335917312666,0.7180648768534426,0.5535714285714286,0.6261636636636637,0.3888888888888889,0.9333333333333333,"[0.43243243243243246, 0.3888888888888889, 0.9333333333333333, 0.75]","[0.729737676478721, 0.7236675553851657, 0.44642832477887473, 0.6005710090200106]","[0.04, 0.967741935483871]","[[0.0, 0.9411764705882353], [0.08695652173913043, 0.9230769230769231], [0.0, 1.0], [0.0, 1.0]]","[37, 36, 15, 24]",0.3899782135076253,"[0.3018867924528302, 0.3377926421404683, 0.4827586206896552, 0.42857142857142855]",0.3018867924528302,0.729737676478721,"[0.2571655809879303, 0.25277578830718994, 0.25706079602241516, 0.2329978495836258]","[0.7468096084064908, 0.74543164173762, 0.48345448904567295, 0.5869742631912231]","[0.2531472378306919, 0.2512695226404402, 0.2531495193640391, 0.24243372016482884]","[0.32905295491218567, 0.3194221556186676, 0.13322632014751434, 0.2182985544204712]",0.0
"{""run_name"": ""fedheart_final"", ""seed"": 42, ""run_dir"": ""runs/dynamics_fedheart/anchors_regretdro"", ""use_fedheart"": true, ""num_classes"": 2, ""stratified_batching"": true, ""train_frac"": 0.8, ""group_max_train_samples"": null, ""true_hetero_input_dim"": true, ""feature_mask"": [[0, 1, 2, 3, 5, 6, 7, 8, 9, 10], [0, 1, 2, 3, 5, 6, 11, 12], [0, 1, 2, 4, 5, 7, 11, 12], [0, 1, 2, 4, 5, 6, 8, 9, 10]], ""batch_size"": 64, ""num_workers"": 0, ""epochs"": 100, ""early_stopping_patience"": 30, ""lr"": 0.001, ""weight_decay"": 0.0001, ""optimizer"": ""adam"", ""grad_clip"": 1.0, ""lr_scheduler"": ""cosine"", ""lr_min"": 1e-05, ""latent_dim"": 64, ""head_hidden"": 32, ""groups"": [{""name"": ""cleveland"", ""encoder"": ""mlp_tabular_ln"", ""input_dim"": 10, ""hidden_dim"": 64, ""dropout"": 0.1}, {""name"": ""hungarian"", ""encoder"": ""mlp_tabular_ln"", ""input_dim"": 8, ""hidden_dim"": 64, ""dropout"": 0.1}, {""name"": ""switzerland"", ""encoder"": ""mlp_tabular_ln"", ""input_dim"": 8, ""hidden_dim"": 64, ""dropout"": 0.1}, {""name"": ""va_long_beach"", ""encoder"": ""mlp_tabular_ln"", ""input_dim"": 9, ""hidden_dim"": 64, ""dropout"": 0.1}], ""anchor_eps"": 0.0001, ""sep_samples_per_class"": 4, ""sep_method"": ""classifier"", ""sep_margin"": 1.0, ""lambda_fit"": 0.1, ""lambda_sep"": 0.1, ""groupdro_enabled"": true, ""groupdro_eta"": 0.1, ""groupdro_gamma"": 0.9, ""groupdro_update_mode"": ""exp"", ""groupdro_objective"": ""weighted"", ""groupdro_kl_lambda"": 0.0, ""groupdro_uniform_init"": true, ""log_interval"": 20, ""save_every"": 10, ""groupdro_ema_decay"": 0.9, ""groupdro_update_every"": 1, ""dro_signal"": ""val"", ""val_frac"": 0.15, ""dro_val_stride"": 1, ""common_encoder"": false, ""impute_missing"": true, ""use_regret"": true, ""optimal_losses"": [0.377003, 0.42032, 0.1051, 0.511216]}","{""num_groups"": 4, ""num_classes"": 2, ""train_total"": 623, ""test_total"": 185, ""train_group_counts"": [205, 199, 83, 136], ""test_group_counts"": [61, 59, 25, 40], ""train_class_counts"": [278, 345], ""test_class_counts"": [83, 102], ""train_group_class_counts"": [[111, 94], [127, 72], [5, 78], [35, 101]], ""test_group_class_counts"": [[33, 28], [38, 21], [2, 23], [10, 30]], ""group_proportions"": [0.3290529695024077, 0.31942215088282505, 0.1332263242375602, 0.21829855537720708], ""val_group_counts"": [37, 36, 15, 24], ""val_total"": 112}","{""num_groups"": 4, ""eta"": 0.1, ""update_mode"": ""exp"", ""robust_objective"": ""weighted"", ""gamma"": 0.9, ""kl_lambda"": 0.0, ""initial_pi"": [0.32905295491218567, 0.3194221556186676, 0.13322632014751434, 0.2182985544204712]}",2026-09-18T04:41:56.495131,2,2.157088941997952,0.5815972222222222,0.001,0.5621621621621622,0.6297117254792999,0.3898305084745763,0.92,"[0.45901639344262296, 0.3898305084745763, 0.92, 0.75]","[0.6946729353216828, 0.6970802636469825, 0.44089734196662905, 0.6015008248388767]","[0.03614457831325301, 0.9901960784313726]","[[0.030303030303030304, 0.9642857142857143], [0.05263157894736842, 1.0], [0.0, 1.0], [0.0, 1.0]]","[61, 59, 25, 40]",0.3913732179846473,"[0.3389162561576355, 0.3192307692307692, 0.4791666666666667, 0.42857142857142855]",0.3192307692307692,0.6970802636469825,0.5446428571428571,0.6190315315315316,0.3333333333333333,0.9333333333333333,"[0.4594594594594595, 0.3333333333333333, 0.9333333333333333, 0.75]","[0.710941065002132, 0.7242008422811826, 0.42152730623881024, 0.6085730865597725]","[0.0, 0.9838709677419355]","[[0.0, 1.0], [0.0, 0.9230769230769231], [0.0, 1.0], [0.0, 1.0]]","[37, 36, 15, 24]",0.3526011560693642,"[0.3148148148148148, 0.25000000000000006, 0.4827586206896552, 0.42857142857142855]",0.25000000000000006,0.7242008422811826,"[0.2701626718044281, 0.2574559450149536, 0.2681216597557068, 0.2042597383260727]","[0.7090685433811612, 0.7269574337535434, 0.4425991011990441, 0.5930892394648658]","[0.2642052405410343, 0.25527961717711556, 0.2632005148463779, 0.21731460260020363]","[0.32905295491218567, 0.3194221556186676, 0.13322632014751434, 0.2182985544204712]",0.0
"{""run_name"": ""fedheart_final"", ""seed"": 42, ""run_dir"": ""runs/dynamics_fedheart/anchors_regretdro"", ""use_fedheart"": true, ""num_classes"": 2, ""stratified_batching"": true, ""train_frac"": 0.8, ""group_max_train_samples"": null, ""true_hetero_input_dim"": true, ""feature_mask"": [[0, 1, 2, 3, 5, 6, 7, 8, 9, 10], [0, 1, 2, 3, 5, 6, 11, 12], [0, 1, 2, 4, 5, 7, 11, 12], [0, 1, 2, 4, 5, 6, 8, 9, 10]], ""batch_size"": 64, ""num_workers"": 0, ""epochs"": 100, ""early_stopping_patience"": 30, ""lr"": 0.001, ""weight_decay"": 0.0001, ""optimizer"": ""adam"", ""grad_clip"": 1.0, ""lr_scheduler"": ""cosine"", ""lr_min"": 1e-05, ""latent_dim"": 64, ""head_hidden"": 32, ""groups"": [{""name"": ""cleveland"", ""encoder"": ""mlp_tabular_ln"", ""input_dim"": 10, ""hidden_dim"": 64, ""dropout"": 0.1}, {""name"": ""hungarian"", ""encoder"": ""mlp_tabular_ln"", ""input_dim"": 8, ""hidden_dim"": 64, ""dropout"": 0.1}, {""name"": ""switzerland"", ""encoder"": ""mlp_tabular_ln"", ""input_dim"": 8, ""hidden_dim"": 64, ""dropout"": 0.1}, {""name"": ""va_long_beach"", ""encoder"": ""mlp_tabular_ln"", ""input_dim"": 9, ""hidden_dim"": 64, ""dropout"": 0.1}], ""anchor_eps"": 0.0001, ""sep_samples_per_class"": 4, ""sep_method"": ""classifier"", ""sep_margin"": 1.0, ""lambda_fit"": 0.1, ""lambda_sep"": 0.1, ""groupdro_enabled"": true, ""groupdro_eta"": 0.1, ""groupdro_gamma"": 0.9, ""groupdro_update_mode"": ""exp"", ""groupdro_objective"": ""weighted"", ""groupdro_kl_lambda"": 0.0, ""groupdro_uniform_init"": true, ""log_interval"": 20, ""save_every"": 10, ""groupdro_ema_decay"": 0.9, ""groupdro_update_every"": 1, ""dro_signal"": ""val"", ""val_frac"": 0.15, ""dro_val_stride"": 1, ""common_encoder"": false, ""impute_missing"": true, ""use_regret"": true, ""optimal_losses"": [0.377003, 0.42032, 0.1051, 0.511216]}","{""num_groups"": 4, ""num_classes"": 2, ""train_total"": 623, ""test_total"": 185, ""train_group_counts"": [205, 199, 83, 136], ""test_group_counts"": [61, 59, 25, 40], ""train_class_counts"": [278, 345], ""test_class_counts"": [83, 102], ""train_group_class_counts"": [[111, 94], [127, 72], [5, 78], [35, 101]], ""test_group_class_counts"": [[33, 28], [38, 21], [2, 23], [10, 30]], ""group_proportions"": [0.3290529695024077, 0.31942215088282505, 0.1332263242375602, 0.21829855537720708], ""val_group_counts"": [37, 36, 15, 24], ""val_total"": 112}","{""num_groups"": 4, ""eta"": 0.1, ""update_mode"": ""exp"", ""robust_objective"": ""weighted"", ""gamma"": 0.9, ""kl_lambda"": 0.0, ""initial_pi"": [0.32905295491218567, 0.3194221556186676, 0.13322632014751434, 0.2182985544204712]}",2026-09-18T04:41:56.495131,3,1.555209093623691,0.5815972222222222,0.001,0.5621621621621622,0.6297117254792999,0.3898305084745763,0.92,"[0.45901639344262296, 0.3898305084745763, 0.92, 0.75]","[0.6721073354853958, 0.6833256553795378, 0.4156578499078751, 0.5912265740334988]","[0.024096385542168676, 1.0]","[[0.0, 1.0], [0.05263157894736842, 1.0], [0.0, 1.0], [0.0, 1.0]]","[61, 59, 25, 40]",0.3814241486068112,"[0.3146067415730337, 0.3192307692307692, 0.4791666666666667, 0.42857142857142855]",0.3146067415730337,0.6833256553795378,0.5535714285714286,0.625975975975976,0.3611111111111111,0.9333333333333333,"[0.4594594594594595, 0.3611111111111111, 0.9333333333333333, 0.75]","[0.6898206754310711, 0.7170641902420256, 0.39506886998812357, 0.5954638297359148]","[0.02, 0.9838709677419355]","[[0.0, 1.0], [0.043478260869565216, 0.9230769230769231], [0.0, 1.0], [0.0, 1.0]]","[37, 36, 15, 24]",0.3738819320214669,"[0.3148148148148148, 0.29531914893617023, 0.4827586206896552, 0.42857142857142855]",0.29531914893617023,0.7170641902420256,"[0.2836648225784302, 0.26305678486824036, 0.2777820825576782, 0.17549625039100647]","[0.7065938313802084, 0.701591412226359, 0.4167749385039012, 0.6291364894972907]","[0.2777111265394423, 0.26049307982126874, 0.2736941807799869, 0.1881016112036175]","[0.32905295491218567, 0.3194221556186676, 0.13322632014751434, 0.2182985544204712]",0.0
"{""run_name"": ""fedheart_final"", ""seed"": 42, ""run_dir"": ""runs/dynamics_fedheart/anchors_regretdro"", ""use_fedheart"": true, ""num_classes"": 2, ""stratified_batching"": true, ""train_frac"": 0.8, ""group_max_train_samples"": null, ""true_hetero_input_dim"": true, ""feature_mask"": [[0, 1, 2, 3, 5, 6, 7, 8, 9, 10], [0, 1, 2, 3, 5, 6, 11, 12], [0, 1, 2, 4, 5, 7, 11, 12], [0, 1, 2, 4, 5, 6, 8, 9, 10]], ""batch_size"": 64, ""num_workers"": 0, ""epochs"": 100, ""early_stopping_patience"": 30, ""lr"": 0.001, ""weight_decay"": 0.0001, ""optimizer"": ""adam"", ""grad_clip"": 1.0, ""lr_scheduler"": ""cosine"", ""lr_min"": 1e-05, ""latent_dim"": 64, ""head_hidden"": 32, ""groups"": [{""name"": ""cleveland"", ""encoder"": ""mlp_tabular_ln"", ""input_dim"": 10, ""hidden_dim"": 64, ""dropout"": 0.1}, {""name"": ""hungarian"", ""encoder"": ""mlp_tabular_ln"", ""input_dim"": 8, ""hidden_dim"": 64, ""dropout"": 0.1}, {""name"": ""switzerland"", ""encoder"": ""mlp_tabular_ln"", ""input_dim"": 8, ""hidden_dim"": 64, ""dropout"": 0.1}, {""name"": ""va_long_beach"", ""encoder"": ""mlp_tabular_ln"", ""input_dim"": 9, ""hidden_dim"": 64, ""dropout"": 0.1}], ""anchor_eps"": 0.0001, ""sep_samples_per_class"": 4, ""sep_method"": ""classifier"", ""sep_margin"": 1.0, ""lambda_fit"": 0.1, ""lambda_sep"": 0.1, ""groupdro_enabled"": true, ""groupdro_eta"": 0.1, ""groupdro_gamma"": 0.9, ""groupdro_update_mode"": ""exp"", ""groupdro_objective"": ""weighted"", ""groupdro_kl_lambda"": 0.0, ""groupdro_uniform_init"": true, ""log_interval"": 20, ""save_every"": 10, ""groupdro_ema_decay"": 0.9, ""groupdro_update_every"": 1, ""dro_signal"": ""val"", ""val_frac"": 0.15, ""dro_val_stride"": 1, ""common_encoder"": false, ""impute_missing"": true, ""use_regret"": true, ""optimal_losses"": [0.377003, 0.42032, 0.1051, 0.511216]}","{""num_groups"": 4, ""num_classes"": 2, ""train_total"": 623, ""test_total"": 185, ""train_group_counts"": [205, 199, 83, 136], ""test_group_counts"": [61, 59, 25, 40], ""train_class_counts"": [278, 345], ""test_class_counts"": [83, 102], ""train_group_class_counts"": [[111, 94], [127, 72], [5, 78], [35, 101]], ""test_group_class_counts"": [[33, 28], [38, 21], [2, 23], [10, 30]], ""group_proportions"": [0.3290529695024077, 0.31942215088282505, 0.1332263242375602, 0.21829855537720708], ""val_group_counts"": [37, 36, 15, 24], ""val_total"": 112}","{""num_groups"": 4, ""eta"": 0.1, ""update_mode"": ""exp"", ""robust_objective"": ""weighted"", ""gamma"": 0.9, ""kl_lambda"": 0.0, ""initial_pi"": [0.32905295491218567, 0.3194221556186676, 0.13322632014751434, 0.2182985544204712]}",2026-09-18T04:41:56.495131,4,1.2100058529112074,0.6006944444444444,0.001,0.6216216216216216,0.6756272575715476,0.4915254237288136,0.92,"[0.5409836065573771, 0.4915254237288136, 0.92, 0.75]","[0.6473357423407132, 0.6643307638370385, 0.3651419371366501, 0.5735732838511467]","[0.1566265060240964, 1.0]","[[0.15151515151515152, 1.0], [0.21052631578947367, 1.0], [0.0, 1.0], [0.0, 1.0]]","[61, 59, 25, 40]",0.5076794403892944,"[0.4649122807017544, 0.46557971014492755, 0.4791666666666667, 0.42857142857142855]",0.42857142857142855,0.6643307638370385,0.6071428571428571,0.6672672672672673,0.4722222222222222,0.9333333333333333,"[0.5135135135135135, 0.4722222222222222, 0.9333333333333333, 0.75]","[0.6583004577739818, 0.7015429933865865, 0.34241841435432435, 0.5800315452118715]","[0.16, 0.967741935483871]","[[0.1, 1.0], [0.2608695652173913, 0.8461538461538461], [0.0, 1.0], [0.0, 1.0]]","[37, 36, 15, 24]",0.49918699186991866,"[0.4178321678321678, 0.4618410700236034, 0.4827586206896552, 0.42857142857142855]",0.4178321678321678,0.7015429933865865,"[0.2960752546787262, 0.2698288857936859, 0.28448382019996643, 0.14961206912994385]","[0.6786378290918138, 0.6913761430316501, 0.3774199154641893, 0.5900829335053762]","[0.2906675802336799, 0.2666853831874, 0.28183191021283466, 0.16081510815355513]","[0.32905295491218567, 0.3194221556186676, 0.13322632014751434, 0.2182985544204712]",0.0
"{""run_name"": ""fedheart_final"", ""seed"": 42, ""run_dir"": ""runs/dynamics_fedheart/anchors_regretdro"", ""use_fedheart"": true, ""num_classes"": 2, ""stratified_batching"": true, ""train_frac"": 0.8, ""group_max_train_samples"": null, ""true_hetero_input_dim"": true, ""feature_mask"": [[0, 1, 2, 3, 5, 6, 7, 8, 9, 10], [0, 1, 2, 3, 5, 6, 11, 12], [0, 1, 2, 4, 5, 7, 11, 12], [0, 1, 2, 4, 5, 6, 8, 9, 10]], ""batch_size"": 64, ""num_workers"": 0, ""epochs"": 100, ""early_stopping_patience"": 30, ""lr"": 0.001, ""weight_decay"": 0.0001, ""optimizer"": ""adam"", ""grad_clip"": 1.0, ""lr_scheduler"": ""cosine"", ""lr_min"": 1e-05, ""latent_dim"": 64, ""head_hidden"": 32, ""groups"": [{""name"": ""cleveland"", ""encoder"": ""mlp_tabular_ln"", ""input_dim"": 10, ""hidden_dim"": 64, ""dropout"": 0.1}, {""name"": ""hungarian"", ""encoder"": ""mlp_tabular_ln"", ""input_dim"": 8, ""hidden_dim"": 64, ""dropout"": 0.1}, {""name"": ""switzerland"", ""encoder"": ""mlp_tabular_ln"", ""input_dim"": 8, ""hidden_dim"": 64, ""dropout"": 0.1}, {""name"": ""va_long_beach"", ""encoder"": ""mlp_tabular_ln"", ""input_dim"": 9, ""hidden_dim"": 64, ""dropout"": 0.1}], ""anchor_eps"": 0.0001, ""sep_samples_per_class"": 4, ""sep_method"": ""classifier"", ""sep_margin"": 1.0, ""lambda_fit"": 0.1, ""lambda_sep"": 0.1, ""groupdro_enabled"": true, ""groupdro_eta"": 0.1, ""groupdro_gamma"": 0.9, ""groupdro_update_mode"": ""exp"", ""groupdro_objective"": ""weighted"", ""groupdro_kl_lambda"": 0.0, ""groupdro_uniform_init"": true, ""log_interval"": 20, ""save_every"": 10, ""groupdro_ema_decay"": 0.9, ""groupdro_update_every"": 1, ""dro_signal"": ""val"", ""val_frac"": 0.15, ""dro_val_stride"": 1, ""common_encoder"": false, ""impute_missing"": true, ""use_regret"": true, ""optimal_losses"": [0.377003, 0.42032, 0.1051, 0.511216]}","{""num_groups"": 4, ""num_classes"": 2, ""train_total"": 623, ""test_total"": 185, ""train_group_counts"": [205, 199, 83, 136], ""test_group_counts"": [61, 59, 25, 40], ""train_class_counts"": [278, 345], ""test_class_counts"": [83, 102], ""train_group_class_counts"": [[111, 94], [127, 72], [5, 78], [35, 101]], ""test_group_class_counts"": [[33, 28], [38, 21], [2, 23], [10, 30]], ""group_proportions"": [0.3290529695024077, 0.31942215088282505, 0.1332263242375602, 0.21829855537720708], ""val_group_counts"": [37, 36, 15, 24], ""val_total"": 112}","{""num_groups"": 4, ""eta"": 0.1, ""update_mode"": ""exp"", ""robust_objective"": ""weighted"", ""gamma"": 0.9, ""kl_lambda"": 0.0, ""initial_pi"": [0.32905295491218567, 0.3194221556186676, 0.13322632014751434, 0.2182985544204712]}",2026-09-18T04:41:56.495131,5,1.02410712507036,0.6388888888888888,0.001,0.7405405405405405,0.7677361767157543,0.6721311475409836,0.92,"[0.6721311475409836, 0.7288135593220338, 0.92, 0.75]","[0.6105934855390768, 0.6335135875111919, 0.31340052336454394, 0.5560231149196625]","[0.46987951807228917, 0.9607843137254902]","[[0.45454545454545453, 0.9285714285714286], [0.631578947368421, 0.9047619047619048], [0.0, 1.0], [0.0, 1.0]]","[61, 59, 25, 40]",0.7111631537861045,"[0.6611111111111112, 0.7268518518518519, 0.4791666666666667, 0.42857142857142855]",0.42857142857142855,0.6335135875111919,0.7321428571428571,0.7628003003003003,0.6111111111111112,0.9333333333333333,"[0.7567567567567568, 0.6111111111111112, 0.9333333333333333, 0.75]","[0.6218059626785485, 0.6802442578805817, 0.2809058795372645, 0.5643648790816466]","[0.48, 0.9354838709677419]","[[0.55, 1.0], [0.5652173913043478, 0.6923076923076923], [0.0, 1.0], [0.0, 1.0]]","[37, 36, 15, 24]",0.7049525816649105,"[0.7501875468867217, 0.60625, 0.4827586206896552, 0.42857142857142855]",0.42857142857142855,0.6802442578805817,"[0.3075631856918335, 0.27911391854286194, 0.28523313999176025, 0.1280897706747055]","[0.6686135133107504, 0.674175845252143, 0.295353255338139, 0.5691750579410129]","[0.302510079410341, 0.2747196356455485, 0.28549936413764954, 0.13727092577351463]","[0.32905295491218567, 0.3194221556186676, 0.13322632014751434, 0.2182985544204712]",0.0
"{""run_name"": ""fedheart_final"", ""seed"": 42, ""run_dir"": ""runs/dynamics_fedheart/anchors_regretdro"", ""use_fedheart"": true, ""num_classes"": 2, ""stratified_batching"": true, ""train_frac"": 0.8, ""group_max_train_samples"": null, ""true_hetero_input_dim"": true, ""feature_mask"": [[0, 1, 2, 3, 5, 6, 7, 8, 9, 10], [0, 1, 2, 3, 5, 6, 11, 12], [0, 1, 2, 4, 5, 7, 11, 12], [0, 1, 2, 4, 5, 6, 8, 9, 10]], ""batch_size"": 64, ""num_workers"": 0, ""epochs"": 100, ""early_stopping_patience"": 30, ""lr"": 0.001, ""weight_decay"": 0.0001, ""optimizer"": ""adam"", ""grad_clip"": 1.0, ""lr_scheduler"": ""cosine"", ""lr_min"": 1e-05, ""latent_dim"": 64, ""head_hidden"": 32, ""groups"": [{""name"": ""cleveland"", ""encoder"": ""mlp_tabular_ln"", ""input_dim"": 10, ""hidden_dim"": 64, ""dropout"": 0.1}, {""name"": ""hungarian"", ""encoder"": ""mlp_tabular_ln"", ""input_dim"": 8, ""hidden_dim"": 64, ""dropout"": 0.1}, {""name"": ""switzerland"", ""encoder"": ""mlp_tabular_ln"", ""input_dim"": 8, ""hidden_dim"": 64, ""dropout"": 0.1}, {""name"": ""va_long_beach"", ""encoder"": ""mlp_tabular_ln"", ""input_dim"": 9, ""hidden_dim"": 64, ""dropout"": 0.1}], ""anchor_eps"": 0.0001, ""sep_samples_per_class"": 4, ""sep_method"": ""classifier"", ""sep_margin"": 1.0, ""lambda_fit"": 0.1, ""lambda_sep"": 0.1, ""groupdro_enabled"": true, ""groupdro_eta"": 0.1, ""groupdro_gamma"": 0.9, ""groupdro_update_mode"": ""exp"", ""groupdro_objective"": ""weighted"", ""groupdro_kl_lambda"": 0.0, ""groupdro_uniform_init"": true, ""log_interval"": 20, ""save_every"": 10, ""groupdro_ema_decay"": 0.9, ""groupdro_update_every"": 1, ""dro_signal"": ""val"", ""val_frac"": 0.15, ""dro_val_stride"": 1, ""common_encoder"": false, ""impute_missing"": true, ""use_regret"": true, ""optimal_losses"": [0.377003, 0.42032, 0.1051, 0.511216]}","{""num_groups"": 4, ""num_classes"": 2, ""train_total"": 623, ""test_total"": 185, ""train_group_counts"": [205, 199, 83, 136], ""test_group_counts"": [61, 59, 25, 40], ""train_class_counts"": [278, 345], ""test_class_counts"": [83, 102], ""train_group_class_counts"": [[111, 94], [127, 72], [5, 78], [35, 101]], ""test_group_class_counts"": [[33, 28], [38, 21], [2, 23], [10, 30]], ""group_proportions"": [0.3290529695024077, 0.31942215088282505, 0.1332263242375602, 0.21829855537720708], ""val_group_counts"": [37, 36, 15, 24], ""val_total"": 112}","{""num_groups"": 4, ""eta"": 0.1, ""update_mode"": ""exp"", ""robust_objective"": ""weighted"", ""gamma"": 0.9, ""kl_lambda"": 0.0, ""initial_pi"": [0.32905295491218567, 0.3194221556186676, 0.13322632014751434, 0.2182985544204712]}",2026-09-18T04:41:56.495131,6,0.9104136294788785,0.7361111111111112,0.001,0.8432432432432433,0.8467164490136149,0.75,0.92,"[0.8524590163934426, 0.864406779661017, 0.92, 0.75]","[0.5673989204109692, 0.5815523903248674, 0.2996254685521126, 0.5390731234103441]","[0.7469879518072289, 0.9215686274509803]","[[0.8484848484848485, 0.8571428571428571], [0.8947368421052632, 0.8095238095238095], [0.0, 1.0], [0.0, 1.0]]","[61, 59, 25, 40]",0.8384084816722388,"[0.8518218623481781, 0.8521303258145363, 0.4791666666666667, 0.42857142857142855]",0.42857142857142855,0.5815523903248674,0.7857142857142857,0.8040915915915916,0.7222222222222222,0.9333333333333333,"[0.8108108108108109, 0.7222222222222222, 0.9333333333333333, 0.75]","[0.580354430385538, 0.6444288252128495, 0.25713361203670504, 0.5528816320002079]","[0.72, 0.8387096774193549]","[[0.8, 0.8235294117647058], [0.8695652173913043, 0.46153846153846156], [0.0, 1.0], [0.0, 1.0]]","[37, 36, 15, 24]",0.78125,"[0.8102564102564103, 0.6727272727272727, 0.4827586206896552, 0.42857142857142855]",0.42857142857142855,0.6444288252128495,"[0.3180258572101593, 0.2904696464538574, 0.2805347442626953, 0.11096978187561035]","[0.6193023257785373, 0.6299640072716607, 0.2705920934677124, 0.544617623090744]","[0.3135030402077569, 0.28536248869366115, 0.2828885813554128, 0.11824588063690397]","[0.32905295491218567, 0.3194221556186676, 0.13322632014751434, 0.2182985544204712]",0.0
"{""run_name"": ""fedheart_final"", ""seed"": 42, ""run_dir"": ""runs/dynamics_fedheart/anchors_regretdro"", ""use_fedheart"": true, ""num_classes"": 2, ""stratified_batching"": true, ""train_frac"": 0.8, ""group_max_train_samples"": null, ""true_hetero_input_dim"": true, ""feature_mask"": [[0, 1, 2, 3, 5, 6, 7, 8, 9, 10], [0, 1, 2, 3, 5, 6, 11, 12], [0, 1, 2, 4, 5, 7, 11, 12], [0, 1, 2, 4, 5, 6, 8, 9, 10]], ""batch_size"": 64, ""num_workers"": 0, ""epochs"": 100, ""early_stopping_patience"": 30, ""lr"": 0.001, ""weight_decay"": 0.0001, ""optimizer"": ""adam"", ""grad_clip"": 1.0, ""lr_scheduler"": ""cosine"", ""lr_min"": 1e-05, ""latent_dim"": 64, ""head_hidden"": 32, ""groups"": [{""name"": ""cleveland"", ""encoder"": ""mlp_tabular_ln"", ""input_dim"": 10, ""hidden_dim"": 64, ""dropout"": 0.1}, {""name"": ""hungarian"", ""encoder"": ""mlp_tabular_ln"", ""input_dim"": 8, ""hidden_dim"": 64, ""dropout"": 0.1}, {""name"": ""switzerland"", ""encoder"": ""mlp_tabular_ln"", ""input_dim"": 8, ""hidden_dim"": 64, ""dropout"": 0.1}, {""name"": ""va_long_beach"", ""encoder"": ""mlp_tabular_ln"", ""input_dim"": 9, ""hidden_dim"": 64, ""dropout"": 0.1}], ""anchor_eps"": 0.0001, ""sep_samples_per_class"": 4, ""sep_method"": ""classifier"", ""sep_margin"": 1.0, ""lambda_fit"": 0.1, ""lambda_sep"": 0.1, ""groupdro_enabled"": true, ""groupdro_eta"": 0.1, ""groupdro_gamma"": 0.9, ""groupdro_update_mode"": ""exp"", ""groupdro_objective"": ""weighted"", ""groupdro_kl_lambda"": 0.0, ""groupdro_uniform_init"": true, ""log_interval"": 20, ""save_every"": 10, ""groupdro_ema_decay"": 0.9, ""groupdro_update_every"": 1, ""dro_signal"": ""val"", ""val_frac"": 0.15, ""dro_val_stride"": 1, ""common_encoder"": false, ""impute_missing"": true, ""use_regret"": true, ""optimal_losses"": [0.377003, 0.42032, 0.1051, 0.511216]}","{""num_groups"": 4, ""num_classes"": 2, ""train_total"": 623, ""test_total"": 185, ""train_group_counts"": [205, 199, 83, 136], ""test_group_counts"": [61, 59, 25, 40], ""train_class_counts"": [278, 345], ""test_class_counts"": [83, 102], ""train_group_class_counts"": [[111, 94], [127, 72], [5, 78], [35, 101]], ""test_group_class_counts"": [[33, 28], [38, 21], [2, 23], [10, 30]], ""group_proportions"": [0.3290529695024077, 0.31942215088282505, 0.1332263242375602, 0.21829855537720708], ""val_group_counts"": [37, 36, 15, 24], ""val_total"": 112}","{""num_groups"": 4, ""eta"": 0.1, ""update_mode"": ""exp"", ""robust_objective"": ""weighted"", ""gamma"": 0.9, ""kl_lambda"": 0.0, ""initial_pi"": [0.32905295491218567, 0.3194221556186676, 0.13322632014751434, 0.2182985544204712]}",2026-09-18T04:41:56.495131,7,0.8410891360706754,0.7708333333333334,0.001,0.8432432432432433,0.8468553764934704,0.75,0.92,"[0.8360655737704918, 0.8813559322033898, 0.92, 0.75]","[0.5132312952983574, 0.5267722265700162, 0.29566693276166917, 0.5298767436295748]","[0.7710843373493976, 0.9019607843137255]","[[0.8787878787878788, 0.7857142857142857], [0.9210526315789473, 0.8095238095238095], [0.0, 1.0], [0.0, 1.0]]","[61, 59, 25, 40]",0.8395681947310188,"[0.8338779956427016, 0.8691796008869179, 0.4791666666666667, 0.42857142857142855]",0.42857142857142855,0.5298767436295748,0.7857142857142857,0.8040915915915916,0.7222222222222222,0.9333333333333333,"[0.8108108108108109, 0.7222222222222222, 0.9333333333333333, 0.75]","[0.5313521784705084, 0.6154053335388502, 0.25671323339144386, 0.5461381866286198]","[0.72, 0.8387096774193549]","[[0.8, 0.8235294117647058], [0.8695652173913043, 0.46153846153846156], [0.0, 1.0], [0.0, 1.0]]","[37, 36, 15, 24]",0.78125,"[0.8102564102564103, 0.6727272727272727, 0.4827586206896552, 0.42857142857142855]",0.42857142857142855,0.6154053335388502,"[0.32518014311790466, 0.30182740092277527, 0.27550017833709717, 0.0974922776222229]","[0.5850333538320329, 0.6024329662322998, 0.27550123631954193, 0.5738755895031823]","[0.3224094013373057, 0.29682500825987923, 0.2775571478737725, 0.10320848060978784]","[0.32905295491218567, 0.3194221556186676, 0.13322632014751434, 0.2182985544204712]",0.0
"{""run_name"": ""fedheart_final"", ""seed"": 42, ""run_dir"": ""runs/dynamics_fedheart/anchors_regretdro"", ""use_fedheart"": true, ""num_classes"": 2, ""stratified_batching"": true, ""train_frac"": 0.8, ""group_max_train_samples"": null, ""true_hetero_input_dim"": true, ""feature_mask"": [[0, 1, 2, 3, 5, 6, 7, 8, 9, 10], [0, 1, 2, 3, 5, 6, 11, 12], [0, 1, 2, 4, 5, 7, 11, 12], [0, 1, 2, 4, 5, 6, 8, 9, 10]], ""batch_size"": 64, ""num_workers"": 0, ""epochs"": 100, ""early_stopping_patience"": 30, ""lr"": 0.001, ""weight_decay"": 0.0001, ""optimizer"": ""adam"", ""grad_clip"": 1.0, ""lr_scheduler"": ""cosine"", ""lr_min"": 1e-05, ""latent_dim"": 64, ""head_hidden"": 32, ""groups"": [{""name"": ""cleveland"", ""encoder"": ""mlp_tabular_ln"", ""input_dim"": 10, ""hidden_dim"": 64, ""dropout"": 0.1}, {""name"": ""hungarian"", ""encoder"": ""mlp_tabular_ln"", ""input_dim"": 8, ""hidden_dim"": 64, ""dropout"": 0.1}, {""name"": ""switzerland"", ""encoder"": ""mlp_tabular_ln"", ""input_dim"": 8, ""hidden_dim"": 64, ""dropout"": 0.1}, {""name"": ""va_long_beach"", ""encoder"": ""mlp_tabular_ln"", ""input_dim"": 9, ""hidden_dim"": 64, ""dropout"": 0.1}], ""anchor_eps"": 0.0001, ""sep_samples_per_class"": 4, ""sep_method"": ""classifier"", ""sep_margin"": 1.0, ""lambda_fit"": 0.1, ""lambda_sep"": 0.1, ""groupdro_enabled"": true, ""groupdro_eta"": 0.1, ""groupdro_gamma"": 0.9, ""groupdro_update_mode"": ""exp"", ""groupdro_objective"": ""weighted"", ""groupdro_kl_lambda"": 0.0, ""groupdro_uniform_init"": true, ""log_interval"": 20, ""save_every"": 10, ""groupdro_ema_decay"": 0.9, ""groupdro_update_every"": 1, ""dro_signal"": ""val"", ""val_frac"": 0.15, ""dro_val_stride"": 1, ""common_encoder"": false, ""impute_missing"": true, ""use_regret"": true, ""optimal_losses"": [0.377003, 0.42032, 0.1051, 0.511216]}","{""num_groups"": 4, ""num_classes"": 2, ""train_total"": 623, ""test_total"": 185, ""train_group_counts"": [205, 199, 83, 136], ""test_group_counts"": [61, 59, 25, 40], ""train_class_counts"": [278, 345], ""test_class_counts"": [83, 102], ""train_group_class_counts"": [[111, 94], [127, 72], [5, 78], [35, 101]], ""test_group_class_counts"": [[33, 28], [38, 21], [2, 23], [10, 30]], ""group_proportions"": [0.3290529695024077, 0.31942215088282505, 0.1332263242375602, 0.21829855537720708], ""val_group_counts"": [37, 36, 15, 24], ""val_total"": 112}","{""num_groups"": 4, ""eta"": 0.1, ""update_mode"": ""exp"", ""robust_objective"": ""weighted"", ""gamma"": 0.9, ""kl_lambda"": 0.0, ""initial_pi"": [0.32905295491218567, 0.3194221556186676, 0.13322632014751434, 0.2182985544204712]}",2026-09-18T04:41:56.495131,8,0.7623497115241157,0.7673611111111112,0.001,0.8324324324324325,0.8385197277021395,0.75,0.92,"[0.819672131147541, 0.864406779661017, 0.92, 0.75]","[0.4677137334327229, 0.4817191981158014, 0.29355046480894087, 0.51696392968297]","[0.7831325301204819, 0.8725490196078431]","[[0.8787878787878788, 0.75], [0.9473684210526315, 0.7142857142857143], [0.0, 1.0], [0.0, 1.0]]","[61, 59, 25, 40]",0.8295640286486968,"[0.8165162701668034, 0.8447368421052631, 0.4791666666666667, 0.42857142857142855]",0.42857142857142855,0.51696392968297,0.7767857142857143,0.7973348348348348,0.7222222222222222,0.9333333333333333,"[0.7837837837837838, 0.7222222222222222, 0.9333333333333333, 0.75]","[0.49160231770695867, 0.5948659078114562, 0.26564613233009976, 0.5351664541910092]","[0.72, 0.8225806451612904]","[[0.8, 0.7647058823529411], [0.8695652173913043, 0.46153846153846156], [0.0, 1.0], [0.0, 1.0]]","[37, 36, 15, 24]",0.772708823768163,"[0.7823529411764707, 0.6727272727272727, 0.4827586206896552, 0.42857142857142855]",0.42857142857142855,0.5948659078114562,"[0.3265025317668915, 0.31289175152778625, 0.2739168703556061, 0.08668887615203857]","[0.5594966345363193, 0.5769941343201531, 0.24083561036321852, 0.515715973244773]","[0.32645103997654384, 0.30799512399567497, 0.2742394672499763, 0.09131438119543923]","[0.32905295491218567, 0.3194221556186676, 0.13322632014751434, 0.2182985544204712]",0.0
"{""run_name"": ""fedheart_final"", ""seed"": 42, ""run_dir"": ""runs/dynamics_fedheart/anchors_regretdro"", ""use_fedheart"": true, ""num_classes"": 2, ""stratified_batching"": true, ""train_frac"": 0.8, ""group_max_train_samples"": null, ""true_hetero_input_dim"": true, ""feature_mask"": [[0, 1, 2, 3, 5, 6, 7, 8, 9, 10], [0, 1, 2, 3, 5, 6, 11, 12], [0, 1, 2, 4, 5, 7, 11, 12], [0, 1, 2, 4, 5, 6, 8, 9, 10]], ""batch_size"": 64, ""num_workers"": 0, ""epochs"": 100, ""early_stopping_patience"": 30, ""lr"": 0.001, ""weight_decay"": 0.0001, ""optimizer"": ""adam"", ""grad_clip"": 1.0, ""lr_scheduler"": ""cosine"", ""lr_min"": 1e-05, ""latent_dim"": 64, ""head_hidden"": 32, ""groups"": [{""name"": ""cleveland"", ""encoder"": ""mlp_tabular_ln"", ""input_dim"": 10, ""hidden_dim"": 64, ""dropout"": 0.1}, {""name"": ""hungarian"", ""encoder"": ""mlp_tabular_ln"", ""input_dim"": 8, ""hidden_dim"": 64, ""dropout"": 0.1}, {""name"": ""switzerland"", ""encoder"": ""mlp_tabular_ln"", ""input_dim"": 8, ""hidden_dim"": 64, ""dropout"": 0.1}, {""name"": ""va_long_beach"", ""encoder"": ""mlp_tabular_ln"", ""input_dim"": 9, ""hidden_dim"": 64, ""dropout"": 0.1}], ""anchor_eps"": 0.0001, ""sep_samples_per_class"": 4, ""sep_method"": ""classifier"", ""sep_margin"": 1.0, ""lambda_fit"": 0.1, ""lambda_sep"": 0.1, ""groupdro_enabled"": true, ""groupdro_eta"": 0.1, ""groupdro_gamma"": 0.9, ""groupdro_update_mode"": ""exp"", ""groupdro_objective"": ""weighted"", ""groupdro_kl_lambda"": 0.0, ""groupdro_uniform_init"": true, ""log_interval"": 20, ""save_every"": 10, ""groupdro_ema_decay"": 0.9, ""groupdro_update_every"": 1, ""dro_signal"": ""val"", ""val_frac"": 0.15, ""dro_val_stride"": 1, ""common_encoder"": false, ""impute_missing"": true, ""use_regret"": true, ""optimal_losses"": [0.377003, 0.42032, 0.1051, 0.511216]}","{""num_groups"": 4, ""num_classes"": 2, ""train_total"": 623, ""test_total"": 185, ""train_group_counts"": [205, 199, 83, 136], ""test_group_counts"": [61, 59, 25, 40], ""train_class_counts"": [278, 345], ""test_class_counts"": [83, 102], ""train_group_class_counts"": [[111, 94], [127, 72], [5, 78], [35, 101]], ""test_group_class_counts"": [[33, 28], [38, 21], [2, 23], [10, 30]], ""group_proportions"": [0.3290529695024077, 0.31942215088282505, 0.1332263242375602, 0.21829855537720708], ""val_group_counts"": [37, 36, 15, 24], ""val_total"": 112}","{""num_groups"": 4, ""eta"": 0.1, ""update_mode"": ""exp"", ""robust_objective"": ""weighted"", ""gamma"": 0.9, ""kl_lambda"": 0.0, ""initial_pi"": [0.32905295491218567, 0.3194221556186676, 0.13322632014751434, 0.2182985544204712]}",2026-09-18T04:41:56.495131,9,0.7072480453385247,0.7777777777777778,0.001,0.8378378378378378,0.8426180883578772,0.75,0.92,"[0.8360655737704918, 0.864406779661017, 0.92, 0.75]","[0.4328025606323461, 0.44156740176475656, 0.29380276709795, 0.5079906376078724]","[0.7951807228915663, 0.8725490196078431]","[[0.9090909090909091, 0.75], [0.9473684210526315, 0.7142857142857143], [0.0, 1.0], [0.0, 1.0]]","[61, 59, 25, 40]",0.8352920227920229,"[0.8324175824175823, 0.8447368421052631, 0.4791666666666667, 0.42857142857142855]",0.42857142857142855,0.5079906376078724,0.7946428571428571,0.8108483483483484,0.7222222222222222,0.9333333333333333,"[0.8378378378378378, 0.7222222222222222, 0.9333333333333333, 0.75]","[0.4662282454806405, 0.5825375662081771, 0.27527618656555813, 0.5290401484817266]","[0.76, 0.8225806451612904]","[[0.9, 0.7647058823529411], [0.8695652173913043, 0.46153846153846156], [0.0, 1.0], [0.0, 1.0]]","[37, 36, 15, 24]",0.7918383838383838,"[0.8348214285714286, 0.6727272727272727, 0.4827586206896552, 0.42857142857142855]",0.42857142857142855,0.5825375662081771,"[0.3218284845352173, 0.323308527469635, 0.27714985609054565, 0.07771313935518265]","[0.533572385708491, 0.5256717933548821, 0.24057749079333413, 0.5452354848384857]","[0.3243759108914269, 0.31875970628526473, 0.27528226044442916, 0.08158210913340251]","[0.32905295491218567, 0.3194221556186676, 0.13322632014751434, 0.2182985544204712]",0.0
"{""run_name"": ""fedheart_final"", ""seed"": 42, ""run_dir"": ""runs/dynamics_fedheart/anchors_regretdro"", ""use_fedheart"": true, ""num_classes"": 2, ""stratified_batching"": true, ""train_frac"": 0.8, ""group_max_train_samples"": null, ""true_hetero_input_dim"": true, ""feature_mask"": [[0, 1, 2, 3, 5, 6, 7, 8, 9, 10], [0, 1, 2, 3, 5, 6, 11, 12], [0, 1, 2, 4, 5, 7, 11, 12], [0, 1, 2, 4, 5, 6, 8, 9, 10]], ""batch_size"": 64, ""num_workers"": 0, ""epochs"": 100, ""early_stopping_patience"": 30, ""lr"": 0.001, ""weight_decay"": 0.0001, ""optimizer"": ""adam"", ""grad_clip"": 1.0, ""lr_scheduler"": ""cosine"", ""lr_min"": 1e-05, ""latent_dim"": 64, ""head_hidden"": 32, ""groups"": [{""name"": ""cleveland"", ""encoder"": ""mlp_tabular_ln"", ""input_dim"": 10, ""hidden_dim"": 64, ""dropout"": 0.1}, {""name"": ""hungarian"", ""encoder"": ""mlp_tabular_ln"", ""input_dim"": 8, ""hidden_dim"": 64, ""dropout"": 0.1}, {""name"": ""switzerland"", ""encoder"": ""mlp_tabular_ln"", ""input_dim"": 8, ""hidden_dim"": 64, ""dropout"": 0.1}, {""name"": ""va_long_beach"", ""encoder"": ""mlp_tabular_ln"", ""input_dim"": 9, ""hidden_dim"": 64, ""dropout"": 0.1}], ""anchor_eps"": 0.0001, ""sep_samples_per_class"": 4, ""sep_method"": ""classifier"", ""sep_margin"": 1.0, ""lambda_fit"": 0.1, ""lambda_sep"": 0.1, ""groupdro_enabled"": true, ""groupdro_eta"": 0.1, ""groupdro_gamma"": 0.9, ""groupdro_update_mode"": ""exp"", ""groupdro_objective"": ""weighted"", ""groupdro_kl_lambda"": 0.0, ""groupdro_uniform_init"": true, ""log_interval"": 20, ""save_every"": 10, ""groupdro_ema_decay"": 0.9, ""groupdro_update_every"": 1, ""dro_signal"": ""val"", ""val_frac"": 0.15, ""dro_val_stride"": 1, ""common_encoder"": false, ""impute_missing"": true, ""use_regret"": true, ""optimal_losses"": [0.377003, 0.42032, 0.1051, 0.511216]}","{""num_groups"": 4, ""num_classes"": 2, ""train_total"": 623, ""test_total"": 185, ""train_group_counts"": [205, 199, 83, 136], ""test_group_counts"": [61, 59, 25, 40], ""train_class_counts"": [278, 345], ""test_class_counts"": [83, 102], ""train_group_class_counts"": [[111, 94], [127, 72], [5, 78], [35, 101]], ""test_group_class_counts"": [[33, 28], [38, 21], [2, 23], [10, 30]], ""group_proportions"": [0.3290529695024077, 0.31942215088282505, 0.1332263242375602, 0.21829855537720708], ""val_group_counts"": [37, 36, 15, 24], ""val_total"": 112}","{""num_groups"": 4, ""eta"": 0.1, ""update_mode"": ""exp"", ""robust_objective"": ""weighted"", ""gamma"": 0.9, ""kl_lambda"": 0.0, ""initial_pi"": [0.32905295491218567, 0.3194221556186676, 0.13322632014751434, 0.2182985544204712]}",2026-09-18T04:41:56.495131,10,0.6402649548318651,0.7864583333333334,0.001,0.8756756756756757,0.8780393859405391,0.825,0.92,"[0.8688524590163934, 0.8983050847457628, 0.92, 0.825]","[0.41448903401367, 0.4085878484835059, 0.2922020542621613, 0.5083937343209982]","[0.8192771084337349, 0.9215686274509803]","[[0.8787878787878788, 0.8571428571428571], [0.9473684210526315, 0.8095238095238095], [0.0, 1.0], [0.3, 1.0]]","[61, 59, 25, 40]",0.8731705863065963,"[0.8679653679653679, 0.8865384615384616, 0.4791666666666667, 0.6785304247990814]",0.4791666666666667,0.5083937343209982,0.7857142857142857,0.8006193693693694,0.7083333333333334,0.9333333333333333,"[0.8108108108108109, 0.75, 0.9333333333333333, 0.7083333333333334]","[0.4651128536946065, 0.5921137531598409, 0.2651348352432251, 0.5244373735040426]","[0.72, 0.8387096774193549]","[[0.8, 0.8235294117647058], [0.8695652173913043, 0.5384615384615384], [0.0, 1.0], [0.0, 0.9444444444444444]]","[37, 36, 15, 24]",0.78125,"[0.8102564102564103, 0.712511091393079, 0.4827586206896552, 0.41463414634146345]",0.41463414634146345,0.5921137531598409,"[0.312936395406723, 0.3338553011417389, 0.283328652381897, 0.06987973302602768]","[0.4825840890407562, 0.5222430990801917, 0.22311377773682275, 0.5337356064054701]","[0.3170827560954624, 0.3290614320172204, 0.28055808941523236, 0.07329769432544708]","[0.32905295491218567, 0.3194221556186676, 0.13322632014751434, 0.2182985544204712]",0.0
"{""run_name"": ""fedheart_final"", ""seed"": 42, ""run_dir"": ""runs/dynamics_fedheart/anchors_regretdro"", ""use_fedheart"": true, ""num_classes"": 2, ""stratified_batching"": true, ""train_frac"": 0.8, ""group_max_train_samples"": null, ""true_hetero_input_dim"": true, ""feature_mask"": [[0, 1, 2, 3, 5, 6, 7, 8, 9, 10], [0, 1, 2, 3, 5, 6, 11, 12], [0, 1, 2, 4, 5, 7, 11, 12], [0, 1, 2, 4, 5, 6, 8, 9, 10]], ""batch_size"": 64, ""num_workers"": 0, ""epochs"": 100, ""early_stopping_patience"": 30, ""lr"": 0.001, ""weight_decay"": 0.0001, ""optimizer"": ""adam"", ""grad_clip"": 1.0, ""lr_scheduler"": ""cosine"", ""lr_min"": 1e-05, ""latent_dim"": 64, ""head_hidden"": 32, ""groups"": [{""name"": ""cleveland"", ""encoder"": ""mlp_tabular_ln"", ""input_dim"": 10, ""hidden_dim"": 64, ""dropout"": 0.1}, {""name"": ""hungarian"", ""encoder"": ""mlp_tabular_ln"", ""input_dim"": 8, ""hidden_dim"": 64, ""dropout"": 0.1}, {""name"": ""switzerland"", ""encoder"": ""mlp_tabular_ln"", ""input_dim"": 8, ""hidden_dim"": 64, ""dropout"": 0.1}, {""name"": ""va_long_beach"", ""encoder"": ""mlp_tabular_ln"", ""input_dim"": 9, ""hidden_dim"": 64, ""dropout"": 0.1}], ""anchor_eps"": 0.0001, ""sep_samples_per_class"": 4, ""sep_method"": ""classifier"", ""sep_margin"": 1.0, ""lambda_fit"": 0.1, ""lambda_sep"": 0.1, ""groupdro_enabled"": true, ""groupdro_eta"": 0.1, ""groupdro_gamma"": 0.9, ""groupdro_update_mode"": ""exp"", ""groupdro_objective"": ""weighted"", ""groupdro_kl_lambda"": 0.0, ""groupdro_uniform_init"": true, ""log_interval"": 20, ""save_every"": 10, ""groupdro_ema_decay"": 0.9, ""groupdro_update_every"": 1, ""dro_signal"": ""val"", ""val_frac"": 0.15, ""dro_val_stride"": 1, ""common_encoder"": false, ""impute_missing"": true, ""use_regret"": true, ""optimal_losses"": [0.377003, 0.42032, 0.1051, 0.511216]}","{""num_groups"": 4, ""num_classes"": 2, ""train_total"": 623, ""test_total"": 185, ""train_group_counts"": [205, 199, 83, 136], ""test_group_counts"": [61, 59, 25, 40], ""train_class_counts"": [278, 345], ""test_class_counts"": [83, 102], ""train_group_class_counts"": [[111, 94], [127, 72], [5, 78], [35, 101]], ""test_group_class_counts"": [[33, 28], [38, 21], [2, 23], [10, 30]], ""group_proportions"": [0.3290529695024077, 0.31942215088282505, 0.1332263242375602, 0.21829855537720708], ""val_group_counts"": [37, 36, 15, 24], ""val_total"": 112}","{""num_groups"": 4, ""eta"": 0.1, ""update_mode"": ""exp"", ""robust_objective"": ""weighted"", ""gamma"": 0.9, ""kl_lambda"": 0.0, ""initial_pi"": [0.32905295491218567, 0.3194221556186676, 0.13322632014751434, 0.2182985544204712]}",2026-09-18T04:41:56.495131,11,0.6025122735235426,0.7934027777777778,0.001,0.8378378378378378,0.8469213670464018,0.8,0.92,"[0.8032786885245902, 0.864406779661017, 0.92, 0.8]","[0.4014182403439381, 0.38627872780217964, 0.29510803520679474, 0.5151714712381363]","[0.8554216867469879, 0.8235294117647058]","[[0.9090909090909091, 0.6785714285714286], [0.9473684210526315, 0.7142857142857143], [0.0, 1.0], [0.5, 0.9]]","[61, 59, 25, 40]",0.8370331219168428,"[0.7966666666666666, 0.8447368421052631, 0.4791666666666667, 0.7132616487455198]",0.4791666666666667,0.5151714712381363,0.7857142857142857,0.8040915915915916,0.7222222222222222,0.9333333333333333,"[0.8108108108108109, 0.7222222222222222, 0.9333333333333333, 0.75]","[0.4565797619320251, 0.6125801979667611, 0.27111721808711686, 0.5342313442379236]","[0.8, 0.7741935483870968]","[[0.9, 0.7058823529411765], [0.8695652173913043, 0.46153846153846156], [0.0, 1.0], [0.3333333333333333, 0.8888888888888888]]","[37, 36, 15, 24]",0.7846153846153845,"[0.805701425356339, 0.6727272727272727, 0.4827586206896552, 0.6210526315789474]",0.4827586206896552,0.6125801979667611,"[0.30087605118751526, 0.3462786078453064, 0.2899722456932068, 0.06287308037281036]","[0.496478130420049, 0.48221274548106724, 0.198219310078356, 0.5413177576329973]","[0.3065686788823869, 0.3405115107695262, 0.28700463308228386, 0.06591518388854133]","[0.32905295491218567, 0.3194221556186676, 0.13322632014751434, 0.2182985544204712]",0.0
"{""run_name"": ""fedheart_final"", ""seed"": 42, ""run_dir"": ""runs/dynamics_fedheart/anchors_regretdro"", ""use_fedheart"": true, ""num_classes"": 2, ""stratified_batching"": true, ""train_frac"": 0.8, ""group_max_train_samples"": null, ""true_hetero_input_dim"": true, ""feature_mask"": [[0, 1, 2, 3, 5, 6, 7, 8, 9, 10], [0, 1, 2, 3, 5, 6, 11, 12], [0, 1, 2, 4, 5, 7, 11, 12], [0, 1, 2, 4, 5, 6, 8, 9, 10]], ""batch_size"": 64, ""num_workers"": 0, ""epochs"": 100, ""early_stopping_patience"": 30, ""lr"": 0.001, ""weight_decay"": 0.0001, ""optimizer"": ""adam"", ""grad_clip"": 1.0, ""lr_scheduler"": ""cosine"", ""lr_min"": 1e-05, ""latent_dim"": 64, ""head_hidden"": 32, ""groups"": [{""name"": ""cleveland"", ""encoder"": ""mlp_tabular_ln"", ""input_dim"": 10, ""hidden_dim"": 64, ""dropout"": 0.1}, {""name"": ""hungarian"", ""encoder"": ""mlp_tabular_ln"", ""input_dim"": 8, ""hidden_dim"": 64, ""dropout"": 0.1}, {""name"": ""switzerland"", ""encoder"": ""mlp_tabular_ln"", ""input_dim"": 8, ""hidden_dim"": 64, ""dropout"": 0.1}, {""name"": ""va_long_beach"", ""encoder"": ""mlp_tabular_ln"", ""input_dim"": 9, ""hidden_dim"": 64, ""dropout"": 0.1}], ""anchor_eps"": 0.0001, ""sep_samples_per_class"": 4, ""sep_method"": ""classifier"", ""sep_margin"": 1.0, ""lambda_fit"": 0.1, ""lambda_sep"": 0.1, ""groupdro_enabled"": true, ""groupdro_eta"": 0.1, ""groupdro_gamma"": 0.9, ""groupdro_update_mode"": ""exp"", ""groupdro_objective"": ""weighted"", ""groupdro_kl_lambda"": 0.0, ""groupdro_uniform_init"": true, ""log_interval"": 20, ""save_every"": 10, ""groupdro_ema_decay"": 0.9, ""groupdro_update_every"": 1, ""dro_signal"": ""val"", ""val_frac"": 0.15, ""dro_val_stride"": 1, ""common_encoder"": false, ""impute_missing"": true, ""use_regret"": true, ""optimal_losses"": [0.377003, 0.42032, 0.1051, 0.511216]}","{""num_groups"": 4, ""num_classes"": 2, ""train_total"": 623, ""test_total"": 185, ""train_group_counts"": [205, 199, 83, 136], ""test_group_counts"": [61, 59, 25, 40], ""train_class_counts"": [278, 345], ""test_class_counts"": [83, 102], ""train_group_class_counts"": [[111, 94], [127, 72], [5, 78], [35, 101]], ""test_group_class_counts"": [[33, 28], [38, 21], [2, 23], [10, 30]], ""group_proportions"": [0.3290529695024077, 0.31942215088282505, 0.1332263242375602, 0.21829855537720708], ""val_group_counts"": [37, 36, 15, 24], ""val_total"": 112}","{""num_groups"": 4, ""eta"": 0.1, ""update_mode"": ""exp"", ""robust_objective"": ""weighted"", ""gamma"": 0.9, ""kl_lambda"": 0.0, ""initial_pi"": [0.32905295491218567, 0.3194221556186676, 0.13322632014751434, 0.2182985544204712]}",2026-09-18T04:41:56.495131,12,0.5633142855432298,0.8090277777777778,0.001,0.8540540540540541,0.8593553764934705,0.8,0.92,"[0.8360655737704918, 0.8813559322033898, 0.92, 0.8]","[0.3873680492893594, 0.3839846012198319, 0.29625579543411734, 0.5003740747459233]","[0.8072289156626506, 0.8921568627450981]","[[0.9090909090909091, 0.75], [0.9210526315789473, 0.8095238095238095], [0.0, 1.0], [0.2, 1.0]]","[61, 59, 25, 40]",0.8515557668875747,"[0.8324175824175823, 0.8691796008869179, 0.4791666666666667, 0.607843137254902]",0.4791666666666667,0.5003740747459233,0.7767857142857143,0.7973348348348348,0.7222222222222222,0.9333333333333333,"[0.7837837837837838, 0.7222222222222222, 0.9333333333333333, 0.75]","[0.4559027087446806, 0.6199248203386863, 0.2729323652883371, 0.5357974786311388]","[0.72, 0.8225806451612904]","[[0.8, 0.7647058823529411], [0.8695652173913043, 0.46153846153846156], [0.0, 1.0], [0.0, 1.0]]","[37, 36, 15, 24]",0.772708823768163,"[0.7823529411764707, 0.6727272727272727, 0.4827586206896552, 0.42857142857142855]",0.42857142857142855,0.6199248203386863,"[0.2857843041419983, 0.3609951138496399, 0.29681968688964844, 0.05640089511871338]","[0.4777393639087677, 0.4510829912291633, 0.23899365216493607, 0.5223749611112807]","[0.29266619351175094, 0.3543200261063046, 0.29376017385058933, 0.05925358666314019]","[0.32905295491218567, 0.3194221556186676, 0.13322632014751434, 0.2182985544204712]",0.0
"{""run_name"": ""fedheart_final"", ""seed"": 42, ""run_dir"": ""runs/dynamics_fedheart/anchors_regretdro"", ""use_fedheart"": true, ""num_classes"": 2, ""stratified_batching"": true, ""train_frac"": 0.8, ""group_max_train_samples"": null, ""true_hetero_input_dim"": true, ""feature_mask"": [[0, 1, 2, 3, 5, 6, 7, 8, 9, 10], [0, 1, 2, 3, 5, 6, 11, 12], [0, 1, 2, 4, 5, 7, 11, 12], [0, 1, 2, 4, 5, 6, 8, 9, 10]], ""batch_size"": 64, ""num_workers"": 0, ""epochs"": 100, ""early_stopping_patience"": 30, ""lr"": 0.001, ""weight_decay"": 0.0001, ""optimizer"": ""adam"", ""grad_clip"": 1.0, ""lr_scheduler"": ""cosine"", ""lr_min"": 1e-05, ""latent_dim"": 64, ""head_hidden"": 32, ""groups"": [{""name"": ""cleveland"", ""encoder"": ""mlp_tabular_ln"", ""input_dim"": 10, ""hidden_dim"": 64, ""dropout"": 0.1}, {""name"": ""hungarian"", ""encoder"": ""mlp_tabular_ln"", ""input_dim"": 8, ""hidden_dim"": 64, ""dropout"": 0.1}, {""name"": ""switzerland"", ""encoder"": ""mlp_tabular_ln"", ""input_dim"": 8, ""hidden_dim"": 64, ""dropout"": 0.1}, {""name"": ""va_long_beach"", ""encoder"": ""mlp_tabular_ln"", ""input_dim"": 9, ""hidden_dim"": 64, ""dropout"": 0.1}], ""anchor_eps"": 0.0001, ""sep_samples_per_class"": 4, ""sep_method"": ""classifier"", ""sep_margin"": 1.0, ""lambda_fit"": 0.1, ""lambda_sep"": 0.1, ""groupdro_enabled"": true, ""groupdro_eta"": 0.1, ""groupdro_gamma"": 0.9, ""groupdro_update_mode"": ""exp"", ""groupdro_objective"": ""weighted"", ""groupdro_kl_lambda"": 0.0, ""groupdro_uniform_init"": true, ""log_interval"": 20, ""save_every"": 10, ""groupdro_ema_decay"": 0.9, ""groupdro_update_every"": 1, ""dro_signal"": ""val"", ""val_frac"": 0.15, ""dro_val_stride"": 1, ""common_encoder"": false, ""impute_missing"": true, ""use_regret"": true, ""optimal_losses"": [0.377003, 0.42032, 0.1051, 0.511216]}","{""num_groups"": 4, ""num_classes"": 2, ""train_total"": 623, ""test_total"": 185, ""train_group_counts"": [205, 199, 83, 136], ""test_group_counts"": [61, 59, 25, 40], ""train_class_counts"": [278, 345], ""test_class_counts"": [83, 102], ""train_group_class_counts"": [[111, 94], [127, 72], [5, 78], [35, 101]], ""test_group_class_counts"": [[33, 28], [38, 21], [2, 23], [10, 30]], ""group_proportions"": [0.3290529695024077, 0.31942215088282505, 0.1332263242375602, 0.21829855537720708], ""val_group_counts"": [37, 36, 15, 24], ""val_total"": 112}","{""num_groups"": 4, ""eta"": 0.1, ""update_mode"": ""exp"", ""robust_objective"": ""weighted"", ""gamma"": 0.9, ""kl_lambda"": 0.0, ""initial_pi"": [0.32905295491218567, 0.3194221556186676, 0.13322632014751434, 0.2182985544204712]}",2026-09-18T04:41:56.495131,13,0.5203503833876716,0.8125,0.001,0.8324324324324325,0.8426840789108085,0.8,0.92,"[0.8032786885245902, 0.847457627118644, 0.92, 0.8]","[0.3792511596054327, 0.38168834061440776, 0.30426143065094946, 0.5083838015794754]","[0.8192771084337349, 0.8431372549019608]","[[0.9090909090909091, 0.6785714285714286], [0.9473684210526315, 0.6666666666666666], [0.0, 1.0], [0.2, 1.0]]","[61, 59, 25, 40]",0.8308309489395593,"[0.7966666666666666, 0.8228228228228227, 0.4791666666666667, 0.607843137254902]",0.4791666666666667,0.5083838015794754,0.7857142857142857,0.8040915915915916,0.7222222222222222,0.9333333333333333,"[0.8108108108108109, 0.7222222222222222, 0.9333333333333333, 0.75]","[0.45833093370940237, 0.6139922315875689, 0.2851797344783942, 0.5369283275989195]","[0.76, 0.8064516129032258]","[[0.9, 0.7058823529411765], [0.8695652173913043, 0.46153846153846156], [0.0, 1.0], [0.0, 1.0]]","[37, 36, 15, 24]",0.7832258064516129,"[0.805701425356339, 0.6727272727272727, 0.4827586206896552, 0.42857142857142855]",0.42857142857142855,0.6139922315875689,"[0.26945245265960693, 0.3768173158168793, 0.30311667919158936, 0.05061354860663414]","[0.4452768961588542, 0.46449794703059727, 0.17901589473088583, 0.5028419825765822]","[0.27675672703319126, 0.36978933546278214, 0.30033812589115566, 0.053115810785028666]","[0.32905295491218567, 0.3194221556186676, 0.13322632014751434, 0.2182985544204712]",0.0
"{""run_name"": ""fedheart_final"", ""seed"": 42, ""run_dir"": ""runs/dynamics_fedheart/anchors_regretdro"", ""use_fedheart"": true, ""num_classes"": 2, ""stratified_batching"": true, ""train_frac"": 0.8, ""group_max_train_samples"": null, ""true_hetero_input_dim"": true, ""feature_mask"": [[0, 1, 2, 3, 5, 6, 7, 8, 9, 10], [0, 1, 2, 3, 5, 6, 11, 12], [0, 1, 2, 4, 5, 7, 11, 12], [0, 1, 2, 4, 5, 6, 8, 9, 10]], ""batch_size"": 64, ""num_workers"": 0, ""epochs"": 100, ""early_stopping_patience"": 30, ""lr"": 0.001, ""weight_decay"": 0.0001, ""optimizer"": ""adam"", ""grad_clip"": 1.0, ""lr_scheduler"": ""cosine"", ""lr_min"": 1e-05, ""latent_dim"": 64, ""head_hidden"": 32, ""groups"": [{""name"": ""cleveland"", ""encoder"": ""mlp_tabular_ln"", ""input_dim"": 10, ""hidden_dim"": 64, ""dropout"": 0.1}, {""name"": ""hungarian"", ""encoder"": ""mlp_tabular_ln"", ""input_dim"": 8, ""hidden_dim"": 64, ""dropout"": 0.1}, {""name"": ""switzerland"", ""encoder"": ""mlp_tabular_ln"", ""input_dim"": 8, ""hidden_dim"": 64, ""dropout"": 0.1}, {""name"": ""va_long_beach"", ""encoder"": ""mlp_tabular_ln"", ""input_dim"": 9, ""hidden_dim"": 64, ""dropout"": 0.1}], ""anchor_eps"": 0.0001, ""sep_samples_per_class"": 4, ""sep_method"": ""classifier"", ""sep_margin"": 1.0, ""lambda_fit"": 0.1, ""lambda_sep"": 0.1, ""groupdro_enabled"": true, ""groupdro_eta"": 0.1, ""groupdro_gamma"": 0.9, ""groupdro_update_mode"": ""exp"", ""groupdro_objective"": ""weighted"", ""groupdro_kl_lambda"": 0.0, ""groupdro_uniform_init"": true, ""log_interval"": 20, ""save_every"": 10, ""groupdro_ema_decay"": 0.9, ""groupdro_update_every"": 1, ""dro_signal"": ""val"", ""val_frac"": 0.15, ""dro_val_stride"": 1, ""common_encoder"": false, ""impute_missing"": true, ""use_regret"": true, ""optimal_losses"": [0.377003, 0.42032, 0.1051, 0.511216]}","{""num_groups"": 4, ""num_classes"": 2, ""train_total"": 623, ""test_total"": 185, ""train_group_counts"": [205, 199, 83, 136], ""test_group_counts"": [61, 59, 25, 40], ""train_class_counts"": [278, 345], ""test_class_counts"": [83, 102], ""train_group_class_counts"": [[111, 94], [127, 72], [5, 78], [35, 101]], ""test_group_class_counts"": [[33, 28], [38, 21], [2, 23], [10, 30]], ""group_proportions"": [0.3290529695024077, 0.31942215088282505, 0.1332263242375602, 0.21829855537720708], ""val_group_counts"": [37, 36, 15, 24], ""val_total"": 112}","{""num_groups"": 4, ""eta"": 0.1, ""update_mode"": ""exp"", ""robust_objective"": ""weighted"", ""gamma"": 0.9, ""kl_lambda"": 0.0, ""initial_pi"": [0.32905295491218567, 0.3194221556186676, 0.13322632014751434, 0.2182985544204712]}",2026-09-18T04:41:56.495131,14,0.5068577329317728,0.8072916666666666,0.001,0.8594594594594595,0.8611631703250904,0.775,0.92,"[0.8852459016393442, 0.864406779661017, 0.92, 0.775]","[0.37736909836530685, 0.3777281767609766, 0.3144422594085336, 0.5194094574078918]","[0.7951807228915663, 0.9117647058823529]","[[0.8787878787878788, 0.8928571428571429], [0.8947368421052632, 0.8095238095238095], [0.0, 1.0], [0.3, 0.9333333333333333]]","[61, 59, 25, 40]",0.8564007642703606,"[0.8847503373819163, 0.8521303258145363, 0.4791666666666667, 0.6307692307692307]",0.4791666666666667,0.5194094574078918,0.7767857142857143,0.8009947447447447,0.7222222222222222,0.9333333333333333,"[0.7567567567567568, 0.7222222222222222, 0.9333333333333333, 0.7916666666666666]","[0.470078074348134, 0.6198580267114772, 0.3019103082517783, 0.5222750573108593]","[0.74, 0.8064516129032258]","[[0.75, 0.7647058823529411], [0.8695652173913043, 0.46153846153846156], [0.0, 1.0], [0.3333333333333333, 0.9444444444444444]]","[37, 36, 15, 24]",0.7737373737373736,"[0.756043956043956, 0.6727272727272727, 0.4827586206896552, 0.6581196581196581]",0.4827586206896552,0.6198580267114772,"[0.2527076005935669, 0.392149418592453, 0.31010109186172485, 0.04504179209470749]","[0.47127068705028957, 0.4376744760407342, 0.2127668700284428, 0.49601176381111145]","[0.2602146499686771, 0.38535429371727836, 0.30689683225419784, 0.04753421164221234]","[0.32905295491218567, 0.3194221556186676, 0.13322632014751434, 0.2182985544204712]",0.0
"{""run_name"": ""fedheart_final"", ""seed"": 42, ""run_dir"": ""runs/dynamics_fedheart/anchors_regretdro"", ""use_fedheart"": true, ""num_classes"": 2, ""stratified_batching"": true, ""train_frac"": 0.8, ""group_max_train_samples"": null, ""true_hetero_input_dim"": true, ""feature_mask"": [[0, 1, 2, 3, 5, 6, 7, 8, 9, 10], [0, 1, 2, 3, 5, 6, 11, 12], [0, 1, 2, 4, 5, 7, 11, 12], [0, 1, 2, 4, 5, 6, 8, 9, 10]], ""batch_size"": 64, ""num_workers"": 0, ""epochs"": 100, ""early_stopping_patience"": 30, ""lr"": 0.001, ""weight_decay"": 0.0001, ""optimizer"": ""adam"", ""grad_clip"": 1.0, ""lr_scheduler"": ""cosine"", ""lr_min"": 1e-05, ""latent_dim"": 64, ""head_hidden"": 32, ""groups"": [{""name"": ""cleveland"", ""encoder"": ""mlp_tabular_ln"", ""input_dim"": 10, ""hidden_dim"": 64, ""dropout"": 0.1}, {""name"": ""hungarian"", ""encoder"": ""mlp_tabular_ln"", ""input_dim"": 8, ""hidden_dim"": 64, ""dropout"": 0.1}, {""name"": ""switzerland"", ""encoder"": ""mlp_tabular_ln"", ""input_dim"": 8, ""hidden_dim"": 64, ""dropout"": 0.1}, {""name"": ""va_long_beach"", ""encoder"": ""mlp_tabular_ln"", ""input_dim"": 9, ""hidden_dim"": 64, ""dropout"": 0.1}], ""anchor_eps"": 0.0001, ""sep_samples_per_class"": 4, ""sep_method"": ""classifier"", ""sep_margin"": 1.0, ""lambda_fit"": 0.1, ""lambda_sep"": 0.1, ""groupdro_enabled"": true, ""groupdro_eta"": 0.1, ""groupdro_gamma"": 0.9, ""groupdro_update_mode"": ""exp"", ""groupdro_objective"": ""weighted"", ""groupdro_kl_lambda"": 0.0, ""groupdro_uniform_init"": true, ""log_interval"": 20, ""save_every"": 10, ""groupdro_ema_decay"": 0.9, ""groupdro_update_every"": 1, ""dro_signal"": ""val"", ""val_frac"": 0.15, ""dro_val_stride"": 1, ""common_encoder"": false, ""impute_missing"": true, ""use_regret"": true, ""optimal_losses"": [0.377003, 0.42032, 0.1051, 0.511216]}","{""num_groups"": 4, ""num_classes"": 2, ""train_total"": 623, ""test_total"": 185, ""train_group_counts"": [205, 199, 83, 136], ""test_group_counts"": [61, 59, 25, 40], ""train_class_counts"": [278, 345], ""test_class_counts"": [83, 102], ""train_group_class_counts"": [[111, 94], [127, 72], [5, 78], [35, 101]], ""test_group_class_counts"": [[33, 28], [38, 21], [2, 23], [10, 30]], ""group_proportions"": [0.3290529695024077, 0.31942215088282505, 0.1332263242375602, 0.21829855537720708], ""val_group_counts"": [37, 36, 15, 24], ""val_total"": 112}","{""num_groups"": 4, ""eta"": 0.1, ""update_mode"": ""exp"", ""robust_objective"": ""weighted"", ""gamma"": 0.9, ""kl_lambda"": 0.0, ""initial_pi"": [0.32905295491218567, 0.3194221556186676, 0.13322632014751434, 0.2182985544204712]}",2026-09-18T04:41:56.495131,15,0.4834769070148468,0.8020833333333334,0.001,0.827027027027027,0.8361562239510976,0.775,0.92,"[0.8360655737704918, 0.8135593220338984, 0.92, 0.775]","[0.36548929252341145, 0.383365670250634, 0.3077615378051996, 0.5084856810979546]","[0.8072289156626506, 0.8431372549019608]","[[0.9090909090909091, 0.75], [0.9210526315789473, 0.6190476190476191], [0.0, 1.0], [0.2, 0.9666666666666667]]","[61, 59, 25, 40]",0.8251830852823057,"[0.8324175824175823, 0.78345011678345, 0.4791666666666667, 0.5866819747416762]",0.4791666666666667,0.5084856810979546,0.7946428571428571,0.8108483483483484,0.7222222222222222,0.9333333333333333,"[0.8378378378378378, 0.7222222222222222, 0.9333333333333333, 0.75]","[0.4533295535759346, 0.61509510067602, 0.3135950950284799, 0.5270148816828927]","[0.76, 0.8225806451612904]","[[0.9, 0.7647058823529411], [0.8695652173913043, 0.46153846153846156], [0.0, 1.0], [0.0, 1.0]]","[37, 36, 15, 24]",0.7918383838383838,"[0.8348214285714286, 0.6727272727272727, 0.4827586206896552, 0.42857142857142855]",0.42857142857142855,0.61509510067602,"[0.23605667054653168, 0.4052940607070923, 0.31908750534057617, 0.0395616814494133]","[0.4564157856835259, 0.46896452373928493, 0.1672789164715343, 0.5383505423863729]","[0.24351524975564745, 0.3997127380636003, 0.3147997624344296, 0.041972249332401484]","[0.32905295491218567, 0.3194221556186676, 0.13322632014751434, 0.2182985544204712]",0.0
"{""run_name"": ""fedheart_final"", ""seed"": 42, ""run_dir"": ""runs/dynamics_fedheart/anchors_regretdro"", ""use_fedheart"": true, ""num_classes"": 2, ""stratified_batching"": true, ""train_frac"": 0.8, ""group_max_train_samples"": null, ""true_hetero_input_dim"": true, ""feature_mask"": [[0, 1, 2, 3, 5, 6, 7, 8, 9, 10], [0, 1, 2, 3, 5, 6, 11, 12], [0, 1, 2, 4, 5, 7, 11, 12], [0, 1, 2, 4, 5, 6, 8, 9, 10]], ""batch_size"": 64, ""num_workers"": 0, ""epochs"": 100, ""early_stopping_patience"": 30, ""lr"": 0.001, ""weight_decay"": 0.0001, ""optimizer"": ""adam"", ""grad_clip"": 1.0, ""lr_scheduler"": ""cosine"", ""lr_min"": 1e-05, ""latent_dim"": 64, ""head_hidden"": 32, ""groups"": [{""name"": ""cleveland"", ""encoder"": ""mlp_tabular_ln"", ""input_dim"": 10, ""hidden_dim"": 64, ""dropout"": 0.1}, {""name"": ""hungarian"", ""encoder"": ""mlp_tabular_ln"", ""input_dim"": 8, ""hidden_dim"": 64, ""dropout"": 0.1}, {""name"": ""switzerland"", ""encoder"": ""mlp_tabular_ln"", ""input_dim"": 8, ""hidden_dim"": 64, ""dropout"": 0.1}, {""name"": ""va_long_beach"", ""encoder"": ""mlp_tabular_ln"", ""input_dim"": 9, ""hidden_dim"": 64, ""dropout"": 0.1}], ""anchor_eps"": 0.0001, ""sep_samples_per_class"": 4, ""sep_method"": ""classifier"", ""sep_margin"": 1.0, ""lambda_fit"": 0.1, ""lambda_sep"": 0.1, ""groupdro_enabled"": true, ""groupdro_eta"": 0.1, ""groupdro_gamma"": 0.9, ""groupdro_update_mode"": ""exp"", ""groupdro_objective"": ""weighted"", ""groupdro_kl_lambda"": 0.0, ""groupdro_uniform_init"": true, ""log_interval"": 20, ""save_every"": 10, ""groupdro_ema_decay"": 0.9, ""groupdro_update_every"": 1, ""dro_signal"": ""val"", ""val_frac"": 0.15, ""dro_val_stride"": 1, ""common_encoder"": false, ""impute_missing"": true, ""use_regret"": true, ""optimal_losses"": [0.377003, 0.42032, 0.1051, 0.511216]}","{""num_groups"": 4, ""num_classes"": 2, ""train_total"": 623, ""test_total"": 185, ""train_group_counts"": [205, 199, 83, 136], ""test_group_counts"": [61, 59, 25, 40], ""train_class_counts"": [278, 345], ""test_class_counts"": [83, 102], ""train_group_class_counts"": [[111, 94], [127, 72], [5, 78], [35, 101]], ""test_group_class_counts"": [[33, 28], [38, 21], [2, 23], [10, 30]], ""group_proportions"": [0.3290529695024077, 0.31942215088282505, 0.1332263242375602, 0.21829855537720708], ""val_group_counts"": [37, 36, 15, 24], ""val_total"": 112}","{""num_groups"": 4, ""eta"": 0.1, ""update_mode"": ""exp"", ""robust_objective"": ""weighted"", ""gamma"": 0.9, ""kl_lambda"": 0.0, ""initial_pi"": [0.32905295491218567, 0.3194221556186676, 0.13322632014751434, 0.2182985544204712]}",2026-09-18T04:41:56.495131,16,0.45480914248360527,0.8142361111111112,0.001,0.8432432432432433,0.8488680883578772,0.775,0.92,"[0.8360655737704918, 0.864406779661017, 0.92, 0.775]","[0.35276921356066326, 0.39181889486262356, 0.35112119076773524, 0.5117875915020704]","[0.7951807228915663, 0.8823529411764706]","[[0.9090909090909091, 0.75], [0.8947368421052632, 0.8095238095238095], [0.0, 1.0], [0.2, 0.9666666666666667]]","[61, 59, 25, 40]",0.8405598977681358,"[0.8324175824175823, 0.8521303258145363, 0.4791666666666667, 0.5866819747416762]",0.4791666666666667,0.5117875915020704,0.7857142857142857,0.8040915915915916,0.7222222222222222,0.9333333333333333,"[0.8108108108108109, 0.7222222222222222, 0.9333333333333333, 0.75]","[0.4506514344263721, 0.6398885638142625, 0.3281675924547017, 0.5279753113475939]","[0.74, 0.8225806451612904]","[[0.85, 0.7647058823529411], [0.8695652173913043, 0.46153846153846156], [0.0, 1.0], [0.0, 1.0]]","[37, 36, 15, 24]",0.782312925170068,"[0.8085735402808574, 0.6727272727272727, 0.4827586206896552, 0.42857142857142855]",0.42857142857142855,0.6398885638142625,"[0.21818333864212036, 0.4177159070968628, 0.3294312357902527, 0.03466949611902237]","[0.44759471548928154, 0.4244588216145833, 0.18611103689504993, 0.5086074504587386]","[0.22628003358840942, 0.4121173818906148, 0.32481468717257184, 0.03678789776232508]","[0.32905295491218567, 0.3194221556186676, 0.13322632014751434, 0.2182985544204712]",0.0
"{""run_name"": ""fedheart_final"", ""seed"": 42, ""run_dir"": ""runs/dynamics_fedheart/anchors_regretdro"", ""use_fedheart"": true, ""num_classes"": 2, ""stratified_batching"": true, ""train_frac"": 0.8, ""group_max_train_samples"": null, ""true_hetero_input_dim"": true, ""feature_mask"": [[0, 1, 2, 3, 5, 6, 7, 8, 9, 10], [0, 1, 2, 3, 5, 6, 11, 12], [0, 1, 2, 4, 5, 7, 11, 12], [0, 1, 2, 4, 5, 6, 8, 9, 10]], ""batch_size"": 64, ""num_workers"": 0, ""epochs"": 100, ""early_stopping_patience"": 30, ""lr"": 0.001, ""weight_decay"": 0.0001, ""optimizer"": ""adam"", ""grad_clip"": 1.0, ""lr_scheduler"": ""cosine"", ""lr_min"": 1e-05, ""latent_dim"": 64, ""head_hidden"": 32, ""groups"": [{""name"": ""cleveland"", ""encoder"": ""mlp_tabular_ln"", ""input_dim"": 10, ""hidden_dim"": 64, ""dropout"": 0.1}, {""name"": ""hungarian"", ""encoder"": ""mlp_tabular_ln"", ""input_dim"": 8, ""hidden_dim"": 64, ""dropout"": 0.1}, {""name"": ""switzerland"", ""encoder"": ""mlp_tabular_ln"", ""input_dim"": 8, ""hidden_dim"": 64, ""dropout"": 0.1}, {""name"": ""va_long_beach"", ""encoder"": ""mlp_tabular_ln"", ""input_dim"": 9, ""hidden_dim"": 64, ""dropout"": 0.1}], ""anchor_eps"": 0.0001, ""sep_samples_per_class"": 4, ""sep_method"": ""classifier"", ""sep_margin"": 1.0, ""lambda_fit"": 0.1, ""lambda_sep"": 0.1, ""groupdro_enabled"": true, ""groupdro_eta"": 0.1, ""groupdro_gamma"": 0.9, ""groupdro_update_mode"": ""exp"", ""groupdro_objective"": ""weighted"", ""groupdro_kl_lambda"": 0.0, ""groupdro_uniform_init"": true, ""log_interval"": 20, ""save_every"": 10, ""groupdro_ema_decay"": 0.9, ""groupdro_update_every"": 1, ""dro_signal"": ""val"", ""val_frac"": 0.15, ""dro_val_stride"": 1, ""common_encoder"": false, ""impute_missing"": true, ""use_regret"": true, ""optimal_losses"": [0.377003, 0.42032, 0.1051, 0.511216]}","{""num_groups"": 4, ""num_classes"": 2, ""train_total"": 623, ""test_total"": 185, ""train_group_counts"": [205, 199, 83, 136], ""test_group_counts"": [61, 59, 25, 40], ""train_class_counts"": [278, 345], ""test_class_counts"": [83, 102], ""train_group_class_counts"": [[111, 94], [127, 72], [5, 78], [35, 101]], ""test_group_class_counts"": [[33, 28], [38, 21], [2, 23], [10, 30]], ""group_proportions"": [0.3290529695024077, 0.31942215088282505, 0.1332263242375602, 0.21829855537720708], ""val_group_counts"": [37, 36, 15, 24], ""val_total"": 112}","{""num_groups"": 4, ""eta"": 0.1, ""update_mode"": ""exp"", ""robust_objective"": ""weighted"", ""gamma"": 0.9, ""kl_lambda"": 0.0, ""initial_pi"": [0.32905295491218567, 0.3194221556186676, 0.13322632014751434, 0.2182985544204712]}",2026-09-18T04:41:56.495131,17,0.4216673672199249,0.8246527777777778,0.001,0.8324324324324325,0.8403935120866908,0.775,0.92,"[0.8360655737704918, 0.8305084745762712, 0.92, 0.775]","[0.34863493322837547, 0.3865743155070281, 0.3258663696050644, 0.5077391709201038]","[0.8072289156626506, 0.8529411764705882]","[[0.8787878787878788, 0.7857142857142857], [0.9210526315789473, 0.6666666666666666], [0.0, 1.0], [0.3, 0.9333333333333333]]","[61, 59, 25, 40]",0.830450849963045,"[0.8338779956427016, 0.8059210526315789, 0.4791666666666667, 0.6307692307692307]",0.4791666666666667,0.5077391709201038,0.7857142857142857,0.8077515015015015,0.7222222222222222,0.9333333333333333,"[0.7837837837837838, 0.7222222222222222, 0.9333333333333333, 0.7916666666666666]","[0.45620140584336744, 0.6467352245623866, 0.30581896727283797, 0.5053495216804246]","[0.76, 0.8064516129032258]","[[0.8, 0.7647058823529411], [0.8695652173913043, 0.46153846153846156], [0.0, 1.0], [0.3333333333333333, 0.9444444444444444]]","[37, 36, 15, 24]",0.7832258064516129,"[0.7823529411764707, 0.6727272727272727, 0.4827586206896552, 0.6581196581196581]",0.4827586206896552,0.6467352245623866,"[0.19931001961231232, 0.4313637912273407, 0.3393847346305847, 0.029941430315375328]","[0.4176182746887207, 0.4191565348042382, 0.16249194368720055, 0.4704572425948249]","[0.20765890346633065, 0.4251435531510247, 0.33515328500005936, 0.03204426831669278]","[0.32905295491218567, 0.3194221556186676, 0.13322632014751434, 0.2182985544204712]",0.0
"{""run_name"": ""fedheart_final"", ""seed"": 42, ""run_dir"": ""runs/dynamics_fedheart/anchors_regretdro"", ""use_fedheart"": true, ""num_classes"": 2, ""stratified_batching"": true, ""train_frac"": 0.8, ""group_max_train_samples"": null, ""true_hetero_input_dim"": true, ""feature_mask"": [[0, 1, 2, 3, 5, 6, 7, 8, 9, 10], [0, 1, 2, 3, 5, 6, 11, 12], [0, 1, 2, 4, 5, 7, 11, 12], [0, 1, 2, 4, 5, 6, 8, 9, 10]], ""batch_size"": 64, ""num_workers"": 0, ""epochs"": 100, ""early_stopping_patience"": 30, ""lr"": 0.001, ""weight_decay"": 0.0001, ""optimizer"": ""adam"", ""grad_clip"": 1.0, ""lr_scheduler"": ""cosine"", ""lr_min"": 1e-05, ""latent_dim"": 64, ""head_hidden"": 32, ""groups"": [{""name"": ""cleveland"", ""encoder"": ""mlp_tabular_ln"", ""input_dim"": 10, ""hidden_dim"": 64, ""dropout"": 0.1}, {""name"": ""hungarian"", ""encoder"": ""mlp_tabular_ln"", ""input_dim"": 8, ""hidden_dim"": 64, ""dropout"": 0.1}, {""name"": ""switzerland"", ""encoder"": ""mlp_tabular_ln"", ""input_dim"": 8, ""hidden_dim"": 64, ""dropout"": 0.1}, {""name"": ""va_long_beach"", ""encoder"": ""mlp_tabular_ln"", ""input_dim"": 9, ""hidden_dim"": 64, ""dropout"": 0.1}], ""anchor_eps"": 0.0001, ""sep_samples_per_class"": 4, ""sep_method"": ""classifier"", ""sep_margin"": 1.0, ""lambda_fit"": 0.1, ""lambda_sep"": 0.1, ""groupdro_enabled"": true, ""groupdro_eta"": 0.1, ""groupdro_gamma"": 0.9, ""groupdro_update_mode"": ""exp"", ""groupdro_objective"": ""weighted"", ""groupdro_kl_lambda"": 0.0, ""groupdro_uniform_init"": true, ""log_interval"": 20, ""save_every"": 10, ""groupdro_ema_decay"": 0.9, ""groupdro_update_every"": 1, ""dro_signal"": ""val"", ""val_frac"": 0.15, ""dro_val_stride"": 1, ""common_encoder"": false, ""impute_missing"": true, ""use_regret"": true, ""optimal_losses"": [0.377003, 0.42032, 0.1051, 0.511216]}","{""num_groups"": 4, ""num_classes"": 2, ""train_total"": 623, ""test_total"": 185, ""train_group_counts"": [205, 199, 83, 136], ""test_group_counts"": [61, 59, 25, 40], ""train_class_counts"": [278, 345], ""test_class_counts"": [83, 102], ""train_group_class_counts"": [[111, 94], [127, 72], [5, 78], [35, 101]], ""test_group_class_counts"": [[33, 28], [38, 21], [2, 23], [10, 30]], ""group_proportions"": [0.3290529695024077, 0.31942215088282505, 0.1332263242375602, 0.21829855537720708], ""val_group_counts"": [37, 36, 15, 24], ""val_total"": 112}","{""num_groups"": 4, ""eta"": 0.1, ""update_mode"": ""exp"", ""robust_objective"": ""weighted"", ""gamma"": 0.9, ""kl_lambda"": 0.0, ""initial_pi"": [0.32905295491218567, 0.3194221556186676, 0.13322632014751434, 0.2182985544204712]}",2026-09-18T04:41:56.495131,18,0.42400773366292316,0.828125,0.001,0.8378378378378378,0.8467824395665463,0.8,0.92,"[0.819672131147541, 0.847457627118644, 0.92, 0.8]","[0.34947380722790466, 0.4131081217931489, 0.32238189317286015, 0.5132932480424642]","[0.8072289156626506, 0.8627450980392157]","[[0.8787878787878788, 0.75], [0.8947368421052632, 0.7619047619047619], [0.0, 1.0], [0.4, 0.9333333333333333]]","[61, 59, 25, 40]",0.8357210513852713,"[0.8165162701668034, 0.831802343997466, 0.4791666666666667, 0.6875]",0.4791666666666667,0.5132932480424642,0.8035714285714286,0.821265015015015,0.7222222222222222,0.9333333333333333,"[0.8378378378378378, 0.7222222222222222, 0.9333333333333333, 0.7916666666666666]","[0.4569778253097792, 0.6661240469871296, 0.3199039365475376, 0.5074193210651478]","[0.8, 0.8064516129032258]","[[0.9, 0.7647058823529411], [0.8695652173913043, 0.46153846153846156], [0.0, 1.0], [0.3333333333333333, 0.9444444444444444]]","[37, 36, 15, 24]",0.8019929283188685,"[0.8348214285714286, 0.6727272727272727, 0.4827586206896552, 0.6581196581196581]",0.4827586206896552,0.6661240469871296,"[0.1807098388671875, 0.4476539194583893, 0.3462636172771454, 0.025372661650180817]","[0.3832403106821908, 0.4704694582356347, 0.17210697465472752, 0.4377857330772612]","[0.1890215277671814, 0.44015000263849896, 0.34344537721739876, 0.02738311348689927]","[0.32905295491218567, 0.3194221556186676, 0.13322632014751434, 0.2182985544204712]",0.0
"{""run_name"": ""fedheart_final"", ""seed"": 42, ""run_dir"": ""runs/dynamics_fedheart/anchors_regretdro"", ""use_fedheart"": true, ""num_classes"": 2, ""stratified_batching"": true, ""train_frac"": 0.8, ""group_max_train_samples"": null, ""true_hetero_input_dim"": true, ""feature_mask"": [[0, 1, 2, 3, 5, 6, 7, 8, 9, 10], [0, 1, 2, 3, 5, 6, 11, 12], [0, 1, 2, 4, 5, 7, 11, 12], [0, 1, 2, 4, 5, 6, 8, 9, 10]], ""batch_size"": 64, ""num_workers"": 0, ""epochs"": 100, ""early_stopping_patience"": 30, ""lr"": 0.001, ""weight_decay"": 0.0001, ""optimizer"": ""adam"", ""grad_clip"": 1.0, ""lr_scheduler"": ""cosine"", ""lr_min"": 1e-05, ""latent_dim"": 64, ""head_hidden"": 32, ""groups"": [{""name"": ""cleveland"", ""encoder"": ""mlp_tabular_ln"", ""input_dim"": 10, ""hidden_dim"": 64, ""dropout"": 0.1}, {""name"": ""hungarian"", ""encoder"": ""mlp_tabular_ln"", ""input_dim"": 8, ""hidden_dim"": 64, ""dropout"": 0.1}, {""name"": ""switzerland"", ""encoder"": ""mlp_tabular_ln"", ""input_dim"": 8, ""hidden_dim"": 64, ""dropout"": 0.1}, {""name"": ""va_long_beach"", ""encoder"": ""mlp_tabular_ln"", ""input_dim"": 9, ""hidden_dim"": 64, ""dropout"": 0.1}], ""anchor_eps"": 0.0001, ""sep_samples_per_class"": 4, ""sep_method"": ""classifier"", ""sep_margin"": 1.0, ""lambda_fit"": 0.1, ""lambda_sep"": 0.1, ""groupdro_enabled"": true, ""groupdro_eta"": 0.1, ""groupdro_gamma"": 0.9, ""groupdro_update_mode"": ""exp"", ""groupdro_objective"": ""weighted"", ""groupdro_kl_lambda"": 0.0, ""groupdro_uniform_init"": true, ""log_interval"": 20, ""save_every"": 10, ""groupdro_ema_decay"": 0.9, ""groupdro_update_every"": 1, ""dro_signal"": ""val"", ""val_frac"": 0.15, ""dro_val_stride"": 1, ""common_encoder"": false, ""impute_missing"": true, ""use_regret"": true, ""optimal_losses"": [0.377003, 0.42032, 0.1051, 0.511216]}","{""num_groups"": 4, ""num_classes"": 2, ""train_total"": 623, ""test_total"": 185, ""train_group_counts"": [205, 199, 83, 136], ""test_group_counts"": [61, 59, 25, 40], ""train_class_counts"": [278, 345], ""test_class_counts"": [83, 102], ""train_group_class_counts"": [[111, 94], [127, 72], [5, 78], [35, 101]], ""test_group_class_counts"": [[33, 28], [38, 21], [2, 23], [10, 30]], ""group_proportions"": [0.3290529695024077, 0.31942215088282505, 0.1332263242375602, 0.21829855537720708], ""val_group_counts"": [37, 36, 15, 24], ""val_total"": 112}","{""num_groups"": 4, ""eta"": 0.1, ""update_mode"": ""exp"", ""robust_objective"": ""weighted"", ""gamma"": 0.9, ""kl_lambda"": 0.0, ""initial_pi"": [0.32905295491218567, 0.3194221556186676, 0.13322632014751434, 0.2182985544204712]}",2026-09-18T04:41:56.495131,19,0.3979331884119246,0.8211805555555556,0.001,0.827027027027027,0.836017296471242,0.775,0.92,"[0.8524590163934426, 0.7966101694915254, 0.92, 0.775]","[0.342153541499474, 0.39906559499391053, 0.33268546253442766, 0.514535275939852]","[0.7831325301204819, 0.8627450980392157]","[[0.8484848484848485, 0.8571428571428571], [0.9210526315789473, 0.5714285714285714], [0.0, 1.0], [0.2, 0.9666666666666667]]","[61, 59, 25, 40]",0.8243114909781577,"[0.8518218623481781, 0.7601626016260162, 0.4791666666666667, 0.5866819747416762]",0.4791666666666667,0.514535275939852,0.7857142857142857,0.8077515015015015,0.7222222222222222,0.9333333333333333,"[0.7837837837837838, 0.7222222222222222, 0.9333333333333333, 0.7916666666666666]","[0.47210122851302494, 0.6710972241643403, 0.31668643063555163, 0.5178359714336693]","[0.76, 0.8064516129032258]","[[0.8, 0.7647058823529411], [0.8695652173913043, 0.46153846153846156], [0.0, 1.0], [0.3333333333333333, 0.9444444444444444]]","[37, 36, 15, 24]",0.7832258064516129,"[0.7823529411764707, 0.6727272727272727, 0.4827586206896552, 0.6581196581196581]",0.4827586206896552,0.6710972241643403,"[0.16274382174015045, 0.46438461542129517, 0.3516075313091278, 0.02126394212245941]","[0.4217374059889052, 0.42011115948359173, 0.1538810326407353, 0.46376384298006695]","[0.1705850230322944, 0.4570881293879615, 0.3492875165409512, 0.023039335798886087]","[0.32905295491218567, 0.3194221556186676, 0.13322632014751434, 0.2182985544204712]",0.0
"{""run_name"": ""fedheart_final"", ""seed"": 42, ""run_dir"": ""runs/dynamics_fedheart/anchors_regretdro"", ""use_fedheart"": true, ""num_classes"": 2, ""stratified_batching"": true, ""train_frac"": 0.8, ""group_max_train_samples"": null, ""true_hetero_input_dim"": true, ""feature_mask"": [[0, 1, 2, 3, 5, 6, 7, 8, 9, 10], [0, 1, 2, 3, 5, 6, 11, 12], [0, 1, 2, 4, 5, 7, 11, 12], [0, 1, 2, 4, 5, 6, 8, 9, 10]], ""batch_size"": 64, ""num_workers"": 0, ""epochs"": 100, ""early_stopping_patience"": 30, ""lr"": 0.001, ""weight_decay"": 0.0001, ""optimizer"": ""adam"", ""grad_clip"": 1.0, ""lr_scheduler"": ""cosine"", ""lr_min"": 1e-05, ""latent_dim"": 64, ""head_hidden"": 32, ""groups"": [{""name"": ""cleveland"", ""encoder"": ""mlp_tabular_ln"", ""input_dim"": 10, ""hidden_dim"": 64, ""dropout"": 0.1}, {""name"": ""hungarian"", ""encoder"": ""mlp_tabular_ln"", ""input_dim"": 8, ""hidden_dim"": 64, ""dropout"": 0.1}, {""name"": ""switzerland"", ""encoder"": ""mlp_tabular_ln"", ""input_dim"": 8, ""hidden_dim"": 64, ""dropout"": 0.1}, {""name"": ""va_long_beach"", ""encoder"": ""mlp_tabular_ln"", ""input_dim"": 9, ""hidden_dim"": 64, ""dropout"": 0.1}], ""anchor_eps"": 0.0001, ""sep_samples_per_class"": 4, ""sep_method"": ""classifier"", ""sep_margin"": 1.0, ""lambda_fit"": 0.1, ""lambda_sep"": 0.1, ""groupdro_enabled"": true, ""groupdro_eta"": 0.1, ""groupdro_gamma"": 0.9, ""groupdro_update_mode"": ""exp"", ""groupdro_objective"": ""weighted"", ""groupdro_kl_lambda"": 0.0, ""groupdro_uniform_init"": true, ""log_interval"": 20, ""save_every"": 10, ""groupdro_ema_decay"": 0.9, ""groupdro_update_every"": 1, ""dro_signal"": ""val"", ""val_frac"": 0.15, ""dro_val_stride"": 1, ""common_encoder"": false, ""impute_missing"": true, ""use_regret"": true, ""optimal_losses"": [0.377003, 0.42032, 0.1051, 0.511216]}","{""num_groups"": 4, ""num_classes"": 2, ""train_total"": 623, ""test_total"": 185, ""train_group_counts"": [205, 199, 83, 136], ""test_group_counts"": [61, 59, 25, 40], ""train_class_counts"": [278, 345], ""test_class_counts"": [83, 102], ""train_group_class_counts"": [[111, 94], [127, 72], [5, 78], [35, 101]], ""test_group_class_counts"": [[33, 28], [38, 21], [2, 23], [10, 30]], ""group_proportions"": [0.3290529695024077, 0.31942215088282505, 0.1332263242375602, 0.21829855537720708], ""val_group_counts"": [37, 36, 15, 24], ""val_total"": 112}","{""num_groups"": 4, ""eta"": 0.1, ""update_mode"": ""exp"", ""robust_objective"": ""weighted"", ""gamma"": 0.9, ""kl_lambda"": 0.0, ""initial_pi"": [0.32905295491218567, 0.3194221556186676, 0.13322632014751434, 0.2182985544204712]}",2026-09-18T04:41:56.495131,20,0.38417620129055446,0.8315972222222222,0.001,0.8432432432432433,0.8488680883578772,0.775,0.92,"[0.8360655737704918, 0.864406779661017, 0.92, 0.775]","[0.34412385883634206, 0.40182289114948044, 0.3515403359942138, 0.5099123943597078]","[0.7951807228915663, 0.8823529411764706]","[[0.8787878787878788, 0.7857142857142857], [0.8947368421052632, 0.8095238095238095], [0.0, 1.0], [0.3, 0.9333333333333333]]","[61, 59, 25, 40]",0.8405598977681358,"[0.8338779956427016, 0.8521303258145363, 0.4791666666666667, 0.6307692307692307]",0.4791666666666667,0.5099123943597078,0.7946428571428571,0.8145082582582582,0.7222222222222222,0.9333333333333333,"[0.8108108108108109, 0.7222222222222222, 0.9333333333333333, 0.7916666666666666]","[0.4821442495528105, 0.6988839998634325, 0.3346167058373491, 0.5150846691491703]","[0.78, 0.8064516129032258]","[[0.85, 0.7647058823529411], [0.8695652173913043, 0.46153846153846156], [0.0, 1.0], [0.3333333333333333, 0.9444444444444444]]","[37, 36, 15, 24]",0.7926426789020365,"[0.8085735402808574, 0.6727272727272727, 0.4827586206896552, 0.6581196581196581]",0.4827586206896552,0.6988839998634325,"[0.14645396173000336, 0.4825096130371094, 0.3533516526222229, 0.01768471486866474]","[0.40088680386543274, 0.4318784425656001, 0.1281383259014951, 0.45041284296247697]","[0.1535808824830585, 0.47424110439088607, 0.3529379864533742, 0.019240011357598834]","[0.32905295491218567, 0.3194221556186676, 0.13322632014751434, 0.2182985544204712]",0.0
"{""run_name"": ""fedheart_final"", ""seed"": 42, ""run_dir"": ""runs/dynamics_fedheart/anchors_regretdro"", ""use_fedheart"": true, ""num_classes"": 2, ""stratified_batching"": true, ""train_frac"": 0.8, ""group_max_train_samples"": null, ""true_hetero_input_dim"": true, ""feature_mask"": [[0, 1, 2, 3, 5, 6, 7, 8, 9, 10], [0, 1, 2, 3, 5, 6, 11, 12], [0, 1, 2, 4, 5, 7, 11, 12], [0, 1, 2, 4, 5, 6, 8, 9, 10]], ""batch_size"": 64, ""num_workers"": 0, ""epochs"": 100, ""early_stopping_patience"": 30, ""lr"": 0.001, ""weight_decay"": 0.0001, ""optimizer"": ""adam"", ""grad_clip"": 1.0, ""lr_scheduler"": ""cosine"", ""lr_min"": 1e-05, ""latent_dim"": 64, ""head_hidden"": 32, ""groups"": [{""name"": ""cleveland"", ""encoder"": ""mlp_tabular_ln"", ""input_dim"": 10, ""hidden_dim"": 64, ""dropout"": 0.1}, {""name"": ""hungarian"", ""encoder"": ""mlp_tabular_ln"", ""input_dim"": 8, ""hidden_dim"": 64, ""dropout"": 0.1}, {""name"": ""switzerland"", ""encoder"": ""mlp_tabular_ln"", ""input_dim"": 8, ""hidden_dim"": 64, ""dropout"": 0.1}, {""name"": ""va_long_beach"", ""encoder"": ""mlp_tabular_ln"", ""input_dim"": 9, ""hidden_dim"": 64, ""dropout"": 0.1}], ""anchor_eps"": 0.0001, ""sep_samples_per_class"": 4, ""sep_method"": ""classifier"", ""sep_margin"": 1.0, ""lambda_fit"": 0.1, ""lambda_sep"": 0.1, ""groupdro_enabled"": true, ""groupdro_eta"": 0.1, ""groupdro_gamma"": 0.9, ""groupdro_update_mode"": ""exp"", ""groupdro_objective"": ""weighted"", ""groupdro_kl_lambda"": 0.0, ""groupdro_uniform_init"": true, ""log_interval"": 20, ""save_every"": 10, ""groupdro_ema_decay"": 0.9, ""groupdro_update_every"": 1, ""dro_signal"": ""val"", ""val_frac"": 0.15, ""dro_val_stride"": 1, ""common_encoder"": false, ""impute_missing"": true, ""use_regret"": true, ""optimal_losses"": [0.377003, 0.42032, 0.1051, 0.511216]}","{""num_groups"": 4, ""num_classes"": 2, ""train_total"": 623, ""test_total"": 185, ""train_group_counts"": [205, 199, 83, 136], ""test_group_counts"": [61, 59, 25, 40], ""train_class_counts"": [278, 345], ""test_class_counts"": [83, 102], ""train_group_class_counts"": [[111, 94], [127, 72], [5, 78], [35, 101]], ""test_group_class_counts"": [[33, 28], [38, 21], [2, 23], [10, 30]], ""group_proportions"": [0.3290529695024077, 0.31942215088282505, 0.1332263242375602, 0.21829855537720708], ""val_group_counts"": [37, 36, 15, 24], ""val_total"": 112}","{""num_groups"": 4, ""eta"": 0.1, ""update_mode"": ""exp"", ""robust_objective"": ""weighted"", ""gamma"": 0.9, ""kl_lambda"": 0.0, ""initial_pi"": [0.32905295491218567, 0.3194221556186676, 0.13322632014751434, 0.2182985544204712]}",2026-09-18T04:41:56.495131,21,0.36254943741692436,0.8159722222222222,0.001,0.8432432432432433,0.8488680883578772,0.775,0.92,"[0.8360655737704918, 0.864406779661017, 0.92, 0.775]","[0.34993555158620976, 0.3861336318176177, 0.41069776673335584, 0.5100639292970299]","[0.7951807228915663, 0.8823529411764706]","[[0.8787878787878788, 0.7857142857142857], [0.9210526315789473, 0.7619047619047619], [0.0, 1.0], [0.2, 0.9666666666666667]]","[61, 59, 25, 40]",0.8405598977681358,"[0.8338779956427016, 0.8487179487179488, 0.4791666666666667, 0.5866819747416762]",0.4791666666666667,0.5100639292970299,0.7946428571428571,0.8145082582582582,0.7222222222222222,0.9333333333333333,"[0.8108108108108109, 0.7222222222222222, 0.9333333333333333, 0.7916666666666666]","[0.4856188973864993, 0.7046576772506038, 0.3742170510037492, 0.5240645774950584]","[0.78, 0.8064516129032258]","[[0.85, 0.7647058823529411], [0.8695652173913043, 0.46153846153846156], [0.0, 1.0], [0.3333333333333333, 0.9444444444444444]]","[37, 36, 15, 24]",0.7926426789020365,"[0.8085735402808574, 0.6727272727272727, 0.4827586206896552, 0.6581196581196581]",0.4827586206896552,0.7046576772506038,"[0.13041724264621735, 0.5011587142944336, 0.35397806763648987, 0.014446004293859005]","[0.394718199968338, 0.42571431398391724, 0.09762735002570683, 0.45424996813138324]","[0.1375681459903717, 0.49301456411679584, 0.3535601529810164, 0.015857161540124152]","[0.32905295491218567, 0.3194221556186676, 0.13322632014751434, 0.2182985544204712]",0.0
"{""run_name"": ""fedheart_final"", ""seed"": 42, ""run_dir"": ""runs/dynamics_fedheart/anchors_regretdro"", ""use_fedheart"": true, ""num_classes"": 2, ""stratified_batching"": true, ""train_frac"": 0.8, ""group_max_train_samples"": null, ""true_hetero_input_dim"": true, ""feature_mask"": [[0, 1, 2, 3, 5, 6, 7, 8, 9, 10], [0, 1, 2, 3, 5, 6, 11, 12], [0, 1, 2, 4, 5, 7, 11, 12], [0, 1, 2, 4, 5, 6, 8, 9, 10]], ""batch_size"": 64, ""num_workers"": 0, ""epochs"": 100, ""early_stopping_patience"": 30, ""lr"": 0.001, ""weight_decay"": 0.0001, ""optimizer"": ""adam"", ""grad_clip"": 1.0, ""lr_scheduler"": ""cosine"", ""lr_min"": 1e-05, ""latent_dim"": 64, ""head_hidden"": 32, ""groups"": [{""name"": ""cleveland"", ""encoder"": ""mlp_tabular_ln"", ""input_dim"": 10, ""hidden_dim"": 64, ""dropout"": 0.1}, {""name"": ""hungarian"", ""encoder"": ""mlp_tabular_ln"", ""input_dim"": 8, ""hidden_dim"": 64, ""dropout"": 0.1}, {""name"": ""switzerland"", ""encoder"": ""mlp_tabular_ln"", ""input_dim"": 8, ""hidden_dim"": 64, ""dropout"": 0.1}, {""name"": ""va_long_beach"", ""encoder"": ""mlp_tabular_ln"", ""input_dim"": 9, ""hidden_dim"": 64, ""dropout"": 0.1}], ""anchor_eps"": 0.0001, ""sep_samples_per_class"": 4, ""sep_method"": ""classifier"", ""sep_margin"": 1.0, ""lambda_fit"": 0.1, ""lambda_sep"": 0.1, ""groupdro_enabled"": true, ""groupdro_eta"": 0.1, ""groupdro_gamma"": 0.9, ""groupdro_update_mode"": ""exp"", ""groupdro_objective"": ""weighted"", ""groupdro_kl_lambda"": 0.0, ""groupdro_uniform_init"": true, ""log_interval"": 20, ""save_every"": 10, ""groupdro_ema_decay"": 0.9, ""groupdro_update_every"": 1, ""dro_signal"": ""val"", ""val_frac"": 0.15, ""dro_val_stride"": 1, ""common_encoder"": false, ""impute_missing"": true, ""use_regret"": true, ""optimal_losses"": [0.377003, 0.42032, 0.1051, 0.511216]}","{""num_groups"": 4, ""num_classes"": 2, ""train_total"": 623, ""test_total"": 185, ""train_group_counts"": [205, 199, 83, 136], ""test_group_counts"": [61, 59, 25, 40], ""train_class_counts"": [278, 345], ""test_class_counts"": [83, 102], ""train_group_class_counts"": [[111, 94], [127, 72], [5, 78], [35, 101]], ""test_group_class_counts"": [[33, 28], [38, 21], [2, 23], [10, 30]], ""group_proportions"": [0.3290529695024077, 0.31942215088282505, 0.1332263242375602, 0.21829855537720708], ""val_group_counts"": [37, 36, 15, 24], ""val_total"": 112}","{""num_groups"": 4, ""eta"": 0.1, ""update_mode"": ""exp"", ""robust_objective"": ""weighted"", ""gamma"": 0.9, ""kl_lambda"": 0.0, ""initial_pi"": [0.32905295491218567, 0.3194221556186676, 0.13322632014751434, 0.2182985544204712]}",2026-09-18T04:41:56.495131,22,0.34540299740102554,0.8368055555555556,0.001,0.8432432432432433,0.8488680883578772,0.775,0.92,"[0.8360655737704918, 0.864406779661017, 0.92, 0.775]","[0.3455822952702397, 0.39122362068649064, 0.37421512582339345, 0.5126835219096393]","[0.7831325301204819, 0.8921568627450981]","[[0.8484848484848485, 0.8214285714285714], [0.9210526315789473, 0.7619047619047619], [0.0, 1.0], [0.2, 0.9666666666666667]]","[61, 59, 25, 40]",0.8400846522996215,"[0.83495670995671, 0.8487179487179488, 0.4791666666666667, 0.5866819747416762]",0.4791666666666667,0.5126835219096393,0.7857142857142857,0.8077515015015015,0.7222222222222222,0.9333333333333333,"[0.7837837837837838, 0.7222222222222222, 0.9333333333333333, 0.7916666666666666]","[0.4894837331832261, 0.7408538763928745, 0.34282841328531505, 0.5246336146568259]","[0.76, 0.8064516129032258]","[[0.8, 0.7647058823529411], [0.8695652173913043, 0.46153846153846156], [0.0, 1.0], [0.3333333333333333, 0.9444444444444444]]","[37, 36, 15, 24]",0.7832258064516129,"[0.7823529411764707, 0.6727272727272727, 0.4827586206896552, 0.6581196581196581]",0.4827586206896552,0.7408538763928745,"[0.11480937153100967, 0.5185965895652771, 0.35493993759155273, 0.01165412925183773]","[0.4177189800474379, 0.37215732369158006, 0.1236723731789324, 0.4958919684092204]","[0.12168561667203903, 0.5106595423486497, 0.3547973367902968, 0.012857478422423204]","[0.32905295491218567, 0.3194221556186676, 0.13322632014751434, 0.2182985544204712]",0.0
"{""run_name"": ""fedheart_final"", ""seed"": 42, ""run_dir"": ""runs/dynamics_fedheart/anchors_regretdro"", ""use_fedheart"": true, ""num_classes"": 2, ""stratified_batching"": true, ""train_frac"": 0.8, ""group_max_train_samples"": null, ""true_hetero_input_dim"": true, ""feature_mask"": [[0, 1, 2, 3, 5, 6, 7, 8, 9, 10], [0, 1, 2, 3, 5, 6, 11, 12], [0, 1, 2, 4, 5, 7, 11, 12], [0, 1, 2, 4, 5, 6, 8, 9, 10]], ""batch_size"": 64, ""num_workers"": 0, ""epochs"": 100, ""early_stopping_patience"": 30, ""lr"": 0.001, ""weight_decay"": 0.0001, ""optimizer"": ""adam"", ""grad_clip"": 1.0, ""lr_scheduler"": ""cosine"", ""lr_min"": 1e-05, ""latent_dim"": 64, ""head_hidden"": 32, ""groups"": [{""name"": ""cleveland"", ""encoder"": ""mlp_tabular_ln"", ""input_dim"": 10, ""hidden_dim"": 64, ""dropout"": 0.1}, {""name"": ""hungarian"", ""encoder"": ""mlp_tabular_ln"", ""input_dim"": 8, ""hidden_dim"": 64, ""dropout"": 0.1}, {""name"": ""switzerland"", ""encoder"": ""mlp_tabular_ln"", ""input_dim"": 8, ""hidden_dim"": 64, ""dropout"": 0.1}, {""name"": ""va_long_beach"", ""encoder"": ""mlp_tabular_ln"", ""input_dim"": 9, ""hidden_dim"": 64, ""dropout"": 0.1}], ""anchor_eps"": 0.0001, ""sep_samples_per_class"": 4, ""sep_method"": ""classifier"", ""sep_margin"": 1.0, ""lambda_fit"": 0.1, ""lambda_sep"": 0.1, ""groupdro_enabled"": true, ""groupdro_eta"": 0.1, ""groupdro_gamma"": 0.9, ""groupdro_update_mode"": ""exp"", ""groupdro_objective"": ""weighted"", ""groupdro_kl_lambda"": 0.0, ""groupdro_uniform_init"": true, ""log_interval"": 20, ""save_every"": 10, ""groupdro_ema_decay"": 0.9, ""groupdro_update_every"": 1, ""dro_signal"": ""val"", ""val_frac"": 0.15, ""dro_val_stride"": 1, ""common_encoder"": false, ""impute_missing"": true, ""use_regret"": true, ""optimal_losses"": [0.377003, 0.42032, 0.1051, 0.511216]}","{""num_groups"": 4, ""num_classes"": 2, ""train_total"": 623, ""test_total"": 185, ""train_group_counts"": [205, 199, 83, 136], ""test_group_counts"": [61, 59, 25, 40], ""train_class_counts"": [278, 345], ""test_class_counts"": [83, 102], ""train_group_class_counts"": [[111, 94], [127, 72], [5, 78], [35, 101]], ""test_group_class_counts"": [[33, 28], [38, 21], [2, 23], [10, 30]], ""group_proportions"": [0.3290529695024077, 0.31942215088282505, 0.1332263242375602, 0.21829855537720708], ""val_group_counts"": [37, 36, 15, 24], ""val_total"": 112}","{""num_groups"": 4, ""eta"": 0.1, ""update_mode"": ""exp"", ""robust_objective"": ""weighted"", ""gamma"": 0.9, ""kl_lambda"": 0.0, ""initial_pi"": [0.32905295491218567, 0.3194221556186676, 0.13322632014751434, 0.2182985544204712]}",2026-09-18T04:41:56.495131,23,0.32721787525547874,0.8350694444444444,0.001,0.8432432432432433,0.8431053764934704,0.775,0.8813559322033898,"[0.8360655737704918, 0.8813559322033898, 0.88, 0.775]","[0.344054876994647, 0.39529866542098885, 0.3624392863921821, 0.5131114173680544]","[0.7831325301204819, 0.8921568627450981]","[[0.8484848484848485, 0.8214285714285714], [0.9210526315789473, 0.8095238095238095], [0.0, 0.9565217391304348], [0.2, 0.9666666666666667]]","[61, 59, 25, 40]",0.8400846522996215,"[0.83495670995671, 0.8691796008869179, 0.4680851063829787, 0.5866819747416762]",0.4680851063829787,0.5131114173680544,0.7767857142857143,0.800807057057057,0.6944444444444444,0.9333333333333333,"[0.7837837837837838, 0.6944444444444444, 0.9333333333333333, 0.7916666666666666]","[0.4911752122680883, 0.7358258322088255, 0.3165024633829792, 0.5255992110663404]","[0.74, 0.8064516129032258]","[[0.8, 0.7647058823529411], [0.8260869565217391, 0.46153846153846156], [0.0, 1.0], [0.3333333333333333, 0.9444444444444444]]","[37, 36, 15, 24]",0.7737373737373736,"[0.7823529411764707, 0.6486246672582077, 0.4827586206896552, 0.6581196581196581]",0.4827586206896552,0.7358258322088255,"[0.1006864383816719, 0.5407900810241699, 0.3491746485233307, 0.009348899126052856]","[0.4063900013764699, 0.3699452446566688, 0.1191862765699625, 0.45506560802459717]","[0.10679203023513158, 0.5304947098096212, 0.3523811995983124, 0.010332077431182066]","[0.32905295491218567, 0.3194221556186676, 0.13322632014751434, 0.2182985544204712]",0.0
"{""run_name"": ""fedheart_final"", ""seed"": 42, ""run_dir"": ""runs/dynamics_fedheart/anchors_regretdro"", ""use_fedheart"": true, ""num_classes"": 2, ""stratified_batching"": true, ""train_frac"": 0.8, ""group_max_train_samples"": null, ""true_hetero_input_dim"": true, ""feature_mask"": [[0, 1, 2, 3, 5, 6, 7, 8, 9, 10], [0, 1, 2, 3, 5, 6, 11, 12], [0, 1, 2, 4, 5, 7, 11, 12], [0, 1, 2, 4, 5, 6, 8, 9, 10]], ""batch_size"": 64, ""num_workers"": 0, ""epochs"": 100, ""early_stopping_patience"": 30, ""lr"": 0.001, ""weight_decay"": 0.0001, ""optimizer"": ""adam"", ""grad_clip"": 1.0, ""lr_scheduler"": ""cosine"", ""lr_min"": 1e-05, ""latent_dim"": 64, ""head_hidden"": 32, ""groups"": [{""name"": ""cleveland"", ""encoder"": ""mlp_tabular_ln"", ""input_dim"": 10, ""hidden_dim"": 64, ""dropout"": 0.1}, {""name"": ""hungarian"", ""encoder"": ""mlp_tabular_ln"", ""input_dim"": 8, ""hidden_dim"": 64, ""dropout"": 0.1}, {""name"": ""switzerland"", ""encoder"": ""mlp_tabular_ln"", ""input_dim"": 8, ""hidden_dim"": 64, ""dropout"": 0.1}, {""name"": ""va_long_beach"", ""encoder"": ""mlp_tabular_ln"", ""input_dim"": 9, ""hidden_dim"": 64, ""dropout"": 0.1}], ""anchor_eps"": 0.0001, ""sep_samples_per_class"": 4, ""sep_method"": ""classifier"", ""sep_margin"": 1.0, ""lambda_fit"": 0.1, ""lambda_sep"": 0.1, ""groupdro_enabled"": true, ""groupdro_eta"": 0.1, ""groupdro_gamma"": 0.9, ""groupdro_update_mode"": ""exp"", ""groupdro_objective"": ""weighted"", ""groupdro_kl_lambda"": 0.0, ""groupdro_uniform_init"": true, ""log_interval"": 20, ""save_every"": 10, ""groupdro_ema_decay"": 0.9, ""groupdro_update_every"": 1, ""dro_signal"": ""val"", ""val_frac"": 0.15, ""dro_val_stride"": 1, ""common_encoder"": false, ""impute_missing"": true, ""use_regret"": true, ""optimal_losses"": [0.377003, 0.42032, 0.1051, 0.511216]}","{""num_groups"": 4, ""num_classes"": 2, ""train_total"": 623, ""test_total"": 185, ""train_group_counts"": [205, 199, 83, 136], ""test_group_counts"": [61, 59, 25, 40], ""train_class_counts"": [278, 345], ""test_class_counts"": [83, 102], ""train_group_class_counts"": [[111, 94], [127, 72], [5, 78], [35, 101]], ""test_group_class_counts"": [[33, 28], [38, 21], [2, 23], [10, 30]], ""group_proportions"": [0.3290529695024077, 0.31942215088282505, 0.1332263242375602, 0.21829855537720708], ""val_group_counts"": [37, 36, 15, 24], ""val_total"": 112}","{""num_groups"": 4, ""eta"": 0.1, ""update_mode"": ""exp"", ""robust_objective"": ""weighted"", ""gamma"": 0.9, ""kl_lambda"": 0.0, ""initial_pi"": [0.32905295491218567, 0.3194221556186676, 0.13322632014751434, 0.2182985544204712]}",2026-09-18T04:41:56.495131,24,0.3483186446958118,0.8385416666666666,0.001,0.8378378378378378,0.844630800222284,0.775,0.92,"[0.8360655737704918, 0.847457627118644, 0.92, 0.775]","[0.3420816956118482, 0.40343773450260445, 0.4037676695175469, 0.5094085517805069]","[0.8072289156626506, 0.8627450980392157]","[[0.8484848484848485, 0.8214285714285714], [0.9473684210526315, 0.6666666666666666], [0.0, 1.0], [0.3, 0.9333333333333333]]","[61, 59, 25, 40]",0.8357210513852713,"[0.83495670995671, 0.8228228228228227, 0.4791666666666667, 0.6307692307692307]",0.4791666666666667,0.5094085517805069,0.7857142857142857,0.8077515015015015,0.7222222222222222,0.9333333333333333,"[0.7837837837837838, 0.7222222222222222, 0.9333333333333333, 0.7916666666666666]","[0.49531107390853196, 0.7105832683025963, 0.3538057685829699, 0.522200410021469]","[0.76, 0.8064516129032258]","[[0.8, 0.7647058823529411], [0.8695652173913043, 0.46153846153846156], [0.0, 1.0], [0.3333333333333333, 0.9444444444444444]]","[37, 36, 15, 24]",0.7832258064516129,"[0.7823529411764707, 0.6727272727272727, 0.4827586206896552, 0.6581196581196581]",0.4827586206896552,0.7105832683025963,"[0.08849910646677017, 0.5642517805099487, 0.33975204825401306, 0.007496997248381376]","[0.39651435282495284, 0.41285820139778984, 0.10729504273169571, 0.44585808780458236]","[0.0937619333465894, 0.5541470117039151, 0.3438039720058441, 0.008287081494927406]","[0.32905295491218567, 0.3194221556186676, 0.13322632014751434, 0.2182985544204712]",0.0
"{""run_name"": ""fedheart_final"", ""seed"": 42, ""run_dir"": ""runs/dynamics_fedheart/anchors_regretdro"", ""use_fedheart"": true, ""num_classes"": 2, ""stratified_batching"": true, ""train_frac"": 0.8, ""group_max_train_samples"": null, ""true_hetero_input_dim"": true, ""feature_mask"": [[0, 1, 2, 3, 5, 6, 7, 8, 9, 10], [0, 1, 2, 3, 5, 6, 11, 12], [0, 1, 2, 4, 5, 7, 11, 12], [0, 1, 2, 4, 5, 6, 8, 9, 10]], ""batch_size"": 64, ""num_workers"": 0, ""epochs"": 100, ""early_stopping_patience"": 30, ""lr"": 0.001, ""weight_decay"": 0.0001, ""optimizer"": ""adam"", ""grad_clip"": 1.0, ""lr_scheduler"": ""cosine"", ""lr_min"": 1e-05, ""latent_dim"": 64, ""head_hidden"": 32, ""groups"": [{""name"": ""cleveland"", ""encoder"": ""mlp_tabular_ln"", ""input_dim"": 10, ""hidden_dim"": 64, ""dropout"": 0.1}, {""name"": ""hungarian"", ""encoder"": ""mlp_tabular_ln"", ""input_dim"": 8, ""hidden_dim"": 64, ""dropout"": 0.1}, {""name"": ""switzerland"", ""encoder"": ""mlp_tabular_ln"", ""input_dim"": 8, ""hidden_dim"": 64, ""dropout"": 0.1}, {""name"": ""va_long_beach"", ""encoder"": ""mlp_tabular_ln"", ""input_dim"": 9, ""hidden_dim"": 64, ""dropout"": 0.1}], ""anchor_eps"": 0.0001, ""sep_samples_per_class"": 4, ""sep_method"": ""classifier"", ""sep_margin"": 1.0, ""lambda_fit"": 0.1, ""lambda_sep"": 0.1, ""groupdro_enabled"": true, ""groupdro_eta"": 0.1, ""groupdro_gamma"": 0.9, ""groupdro_update_mode"": ""exp"", ""groupdro_objective"": ""weighted"", ""groupdro_kl_lambda"": 0.0, ""groupdro_uniform_init"": true, ""log_interval"": 20, ""save_every"": 10, ""groupdro_ema_decay"": 0.9, ""groupdro_update_every"": 1, ""dro_signal"": ""val"", ""val_frac"": 0.15, ""dro_val_stride"": 1, ""common_encoder"": false, ""impute_missing"": true, ""use_regret"": true, ""optimal_losses"": [0.377003, 0.42032, 0.1051, 0.511216]}","{""num_groups"": 4, ""num_classes"": 2, ""train_total"": 623, ""test_total"": 185, ""train_group_counts"": [205, 199, 83, 136], ""test_group_counts"": [61, 59, 25, 40], ""train_class_counts"": [278, 345], ""test_class_counts"": [83, 102], ""train_group_class_counts"": [[111, 94], [127, 72], [5, 78], [35, 101]], ""test_group_class_counts"": [[33, 28], [38, 21], [2, 23], [10, 30]], ""group_proportions"": [0.3290529695024077, 0.31942215088282505, 0.1332263242375602, 0.21829855537720708], ""val_group_counts"": [37, 36, 15, 24], ""val_total"": 112}","{""num_groups"": 4, ""eta"": 0.1, ""update_mode"": ""exp"", ""robust_objective"": ""weighted"", ""gamma"": 0.9, ""kl_lambda"": 0.0, ""initial_pi"": [0.32905295491218567, 0.3194221556186676, 0.13322632014751434, 0.2182985544204712]}",2026-09-18T04:41:56.495131,25,0.33501212961143917,0.828125,0.001,0.8486486486486486,0.8529664490136148,0.775,0.92,"[0.8524590163934426, 0.864406779661017, 0.92, 0.775]","[0.34065669784169705, 0.4201080632253976, 0.40199911398813126, 0.5215411443263293]","[0.7710843373493976, 0.9117647058823529]","[[0.8484848484848485, 0.8571428571428571], [0.8947368421052632, 0.8095238095238095], [0.0, 1.0], [0.2, 0.9666666666666667]]","[61, 59, 25, 40]",0.8448358495087467,"[0.8518218623481781, 0.8521303258145363, 0.4791666666666667, 0.5866819747416762]",0.4791666666666667,0.5215411443263293,0.7678571428571429,0.7903903903903904,0.6944444444444444,0.9333333333333333,"[0.7837837837837838, 0.6944444444444444, 0.9333333333333333, 0.75]","[0.4943323421317178, 0.7074594354877869, 0.346556395261238, 0.5423779763126125]","[0.72, 0.8064516129032258]","[[0.8, 0.7647058823529411], [0.8260869565217391, 0.46153846153846156], [0.0, 1.0], [0.16666666666666666, 0.9444444444444444]]","[37, 36, 15, 24]",0.764172335600907,"[0.7823529411764707, 0.6486246672582077, 0.4827586206896552, 0.55]",0.4827586206896552,0.7074594354877869,"[0.07794717699289322, 0.5820456147193909, 0.3339916169643402, 0.006015562918037176]","[0.4001493321524726, 0.4036323030789693, 0.0878865936667555, 0.5058749583032396]","[0.08249911583132213, 0.5746019416385226, 0.3362560636467404, 0.006642892491072416]","[0.32905295491218567, 0.3194221556186676, 0.13322632014751434, 0.2182985544204712]",0.0
"{""run_name"": ""fedheart_final"", ""seed"": 42, ""run_dir"": ""runs/dynamics_fedheart/anchors_regretdro"", ""use_fedheart"": true, ""num_classes"": 2, ""stratified_batching"": true, ""train_frac"": 0.8, ""group_max_train_samples"": null, ""true_hetero_input_dim"": true, ""feature_mask"": [[0, 1, 2, 3, 5, 6, 7, 8, 9, 10], [0, 1, 2, 3, 5, 6, 11, 12], [0, 1, 2, 4, 5, 7, 11, 12], [0, 1, 2, 4, 5, 6, 8, 9, 10]], ""batch_size"": 64, ""num_workers"": 0, ""epochs"": 100, ""early_stopping_patience"": 30, ""lr"": 0.001, ""weight_decay"": 0.0001, ""optimizer"": ""adam"", ""grad_clip"": 1.0, ""lr_scheduler"": ""cosine"", ""lr_min"": 1e-05, ""latent_dim"": 64, ""head_hidden"": 32, ""groups"": [{""name"": ""cleveland"", ""encoder"": ""mlp_tabular_ln"", ""input_dim"": 10, ""hidden_dim"": 64, ""dropout"": 0.1}, {""name"": ""hungarian"", ""encoder"": ""mlp_tabular_ln"", ""input_dim"": 8, ""hidden_dim"": 64, ""dropout"": 0.1}, {""name"": ""switzerland"", ""encoder"": ""mlp_tabular_ln"", ""input_dim"": 8, ""hidden_dim"": 64, ""dropout"": 0.1}, {""name"": ""va_long_beach"", ""encoder"": ""mlp_tabular_ln"", ""input_dim"": 9, ""hidden_dim"": 64, ""dropout"": 0.1}], ""anchor_eps"": 0.0001, ""sep_samples_per_class"": 4, ""sep_method"": ""classifier"", ""sep_margin"": 1.0, ""lambda_fit"": 0.1, ""lambda_sep"": 0.1, ""groupdro_enabled"": true, ""groupdro_eta"": 0.1, ""groupdro_gamma"": 0.9, ""groupdro_update_mode"": ""exp"", ""groupdro_objective"": ""weighted"", ""groupdro_kl_lambda"": 0.0, ""groupdro_uniform_init"": true, ""log_interval"": 20, ""save_every"": 10, ""groupdro_ema_decay"": 0.9, ""groupdro_update_every"": 1, ""dro_signal"": ""val"", ""val_frac"": 0.15, ""dro_val_stride"": 1, ""common_encoder"": false, ""impute_missing"": true, ""use_regret"": true, ""optimal_losses"": [0.377003, 0.42032, 0.1051, 0.511216]}","{""num_groups"": 4, ""num_classes"": 2, ""train_total"": 623, ""test_total"": 185, ""train_group_counts"": [205, 199, 83, 136], ""test_group_counts"": [61, 59, 25, 40], ""train_class_counts"": [278, 345], ""test_class_counts"": [83, 102], ""train_group_class_counts"": [[111, 94], [127, 72], [5, 78], [35, 101]], ""test_group_class_counts"": [[33, 28], [38, 21], [2, 23], [10, 30]], ""group_proportions"": [0.3290529695024077, 0.31942215088282505, 0.1332263242375602, 0.21829855537720708], ""val_group_counts"": [37, 36, 15, 24], ""val_total"": 112}","{""num_groups"": 4, ""eta"": 0.1, ""update_mode"": ""exp"", ""robust_objective"": ""weighted"", ""gamma"": 0.9, ""kl_lambda"": 0.0, ""initial_pi"": [0.32905295491218567, 0.3194221556186676, 0.13322632014751434, 0.2182985544204712]}",2026-09-18T04:41:56.495131,26,0.3368951943185594,0.8350694444444444,0.001,0.8378378378378378,0.8444918727424284,0.775,0.92,"[0.8524590163934426, 0.8305084745762712, 0.92, 0.775]","[0.33765713937702724, 0.40798436296251367, 0.3710111766308546, 0.5201694214716553]","[0.7831325301204819, 0.8823529411764706]","[[0.8484848484848485, 0.8571428571428571], [0.9210526315789473, 0.6666666666666666], [0.0, 1.0], [0.2, 0.9666666666666667]]","[61, 59, 25, 40]",0.8348214285714285,"[0.8518218623481781, 0.8059210526315789, 0.4791666666666667, 0.5866819747416762]",0.4791666666666667,0.5201694214716553,0.7767857142857143,0.7973348348348348,0.7222222222222222,0.9333333333333333,"[0.7837837837837838, 0.7222222222222222, 0.9333333333333333, 0.75]","[0.49004867280254494, 0.7375753158186045, 0.31627218195547663, 0.5487943259843936]","[0.74, 0.8064516129032258]","[[0.8, 0.7647058823529411], [0.8695652173913043, 0.46153846153846156], [0.0, 1.0], [0.16666666666666666, 0.9444444444444444]]","[37, 36, 15, 24]",0.7737373737373736,"[0.7823529411764707, 0.6727272727272727, 0.4827586206896552, 0.55]",0.4827586206896552,0.7375753158186045,"[0.06850071251392365, 0.5999140739440918, 0.3267206847667694, 0.004864508751779795]","[0.4106655998362435, 0.38026270435916054, 0.14160839043971565, 0.47357213000456494]","[0.072639476093981, 0.5915475222799513, 0.33045921723047894, 0.00535380333248112]","[0.32905295491218567, 0.3194221556186676, 0.13322632014751434, 0.2182985544204712]",0.0
"{""run_name"": ""fedheart_final"", ""seed"": 42, ""run_dir"": ""runs/dynamics_fedheart/anchors_regretdro"", ""use_fedheart"": true, ""num_classes"": 2, ""stratified_batching"": true, ""train_frac"": 0.8, ""group_max_train_samples"": null, ""true_hetero_input_dim"": true, ""feature_mask"": [[0, 1, 2, 3, 5, 6, 7, 8, 9, 10], [0, 1, 2, 3, 5, 6, 11, 12], [0, 1, 2, 4, 5, 7, 11, 12], [0, 1, 2, 4, 5, 6, 8, 9, 10]], ""batch_size"": 64, ""num_workers"": 0, ""epochs"": 100, ""early_stopping_patience"": 30, ""lr"": 0.001, ""weight_decay"": 0.0001, ""optimizer"": ""adam"", ""grad_clip"": 1.0, ""lr_scheduler"": ""cosine"", ""lr_min"": 1e-05, ""latent_dim"": 64, ""head_hidden"": 32, ""groups"": [{""name"": ""cleveland"", ""encoder"": ""mlp_tabular_ln"", ""input_dim"": 10, ""hidden_dim"": 64, ""dropout"": 0.1}, {""name"": ""hungarian"", ""encoder"": ""mlp_tabular_ln"", ""input_dim"": 8, ""hidden_dim"": 64, ""dropout"": 0.1}, {""name"": ""switzerland"", ""encoder"": ""mlp_tabular_ln"", ""input_dim"": 8, ""hidden_dim"": 64, ""dropout"": 0.1}, {""name"": ""va_long_beach"", ""encoder"": ""mlp_tabular_ln"", ""input_dim"": 9, ""hidden_dim"": 64, ""dropout"": 0.1}], ""anchor_eps"": 0.0001, ""sep_samples_per_class"": 4, ""sep_method"": ""classifier"", ""sep_margin"": 1.0, ""lambda_fit"": 0.1, ""lambda_sep"": 0.1, ""groupdro_enabled"": true, ""groupdro_eta"": 0.1, ""groupdro_gamma"": 0.9, ""groupdro_update_mode"": ""exp"", ""groupdro_objective"": ""weighted"", ""groupdro_kl_lambda"": 0.0, ""groupdro_uniform_init"": true, ""log_interval"": 20, ""save_every"": 10, ""groupdro_ema_decay"": 0.9, ""groupdro_update_every"": 1, ""dro_signal"": ""val"", ""val_frac"": 0.15, ""dro_val_stride"": 1, ""common_encoder"": false, ""impute_missing"": true, ""use_regret"": true, ""optimal_losses"": [0.377003, 0.42032, 0.1051, 0.511216]}","{""num_groups"": 4, ""num_classes"": 2, ""train_total"": 623, ""test_total"": 185, ""train_group_counts"": [205, 199, 83, 136], ""test_group_counts"": [61, 59, 25, 40], ""train_class_counts"": [278, 345], ""test_class_counts"": [83, 102], ""train_group_class_counts"": [[111, 94], [127, 72], [5, 78], [35, 101]], ""test_group_class_counts"": [[33, 28], [38, 21], [2, 23], [10, 30]], ""group_proportions"": [0.3290529695024077, 0.31942215088282505, 0.1332263242375602, 0.21829855537720708], ""val_group_counts"": [37, 36, 15, 24], ""val_total"": 112}","{""num_groups"": 4, ""eta"": 0.1, ""update_mode"": ""exp"", ""robust_objective"": ""weighted"", ""gamma"": 0.9, ""kl_lambda"": 0.0, ""initial_pi"": [0.32905295491218567, 0.3194221556186676, 0.13322632014751434, 0.2182985544204712]}",2026-09-18T04:41:56.495131,27,0.3511303398344252,0.8420138888888888,0.001,0.8540540540540541,0.8572037371492081,0.775,0.92,"[0.8524590163934426, 0.8813559322033898, 0.92, 0.775]","[0.34002554480780345, 0.4064474106308515, 0.36937330979853866, 0.5170300704427063]","[0.7831325301204819, 0.9117647058823529]","[[0.8484848484848485, 0.8571428571428571], [0.9210526315789473, 0.8095238095238095], [0.0, 1.0], [0.2, 0.9666666666666667]]","[61, 59, 25, 40]",0.8506324571633623,"[0.8518218623481781, 0.8691796008869179, 0.4791666666666667, 0.5866819747416762]",0.4791666666666667,0.5170300704427063,0.7946428571428571,0.8145082582582582,0.7222222222222222,0.9333333333333333,"[0.8108108108108109, 0.7222222222222222, 0.9333333333333333, 0.7916666666666666]","[0.48839478053756663, 0.7449130589245923, 0.3360917235724628, 0.5478841699659824]","[0.78, 0.8064516129032258]","[[0.85, 0.7647058823529411], [0.8695652173913043, 0.46153846153846156], [0.0, 1.0], [0.3333333333333333, 0.9444444444444444]]","[37, 36, 15, 24]",0.7926426789020365,"[0.8085735402808574, 0.6727272727272727, 0.4827586206896552, 0.6581196581196581]",0.4827586206896552,0.7449130589245923,"[0.059537552297115326, 0.6226550936698914, 0.31387972831726074, 0.003927526064217091]","[0.40974396301640403, 0.4248988272415267, 0.1136402723689874, 0.41224831011560226]","[0.06349499316679107, 0.6123091578483582, 0.31986567709181046, 0.004330208835502465]","[0.32905295491218567, 0.3194221556186676, 0.13322632014751434, 0.2182985544204712]",0.0
"{""run_name"": ""fedheart_final"", ""seed"": 42, ""run_dir"": ""runs/dynamics_fedheart/anchors_regretdro"", ""use_fedheart"": true, ""num_classes"": 2, ""stratified_batching"": true, ""train_frac"": 0.8, ""group_max_train_samples"": null, ""true_hetero_input_dim"": true, ""feature_mask"": [[0, 1, 2, 3, 5, 6, 7, 8, 9, 10], [0, 1, 2, 3, 5, 6, 11, 12], [0, 1, 2, 4, 5, 7, 11, 12], [0, 1, 2, 4, 5, 6, 8, 9, 10]], ""batch_size"": 64, ""num_workers"": 0, ""epochs"": 100, ""early_stopping_patience"": 30, ""lr"": 0.001, ""weight_decay"": 0.0001, ""optimizer"": ""adam"", ""grad_clip"": 1.0, ""lr_scheduler"": ""cosine"", ""lr_min"": 1e-05, ""latent_dim"": 64, ""head_hidden"": 32, ""groups"": [{""name"": ""cleveland"", ""encoder"": ""mlp_tabular_ln"", ""input_dim"": 10, ""hidden_dim"": 64, ""dropout"": 0.1}, {""name"": ""hungarian"", ""encoder"": ""mlp_tabular_ln"", ""input_dim"": 8, ""hidden_dim"": 64, ""dropout"": 0.1}, {""name"": ""switzerland"", ""encoder"": ""mlp_tabular_ln"", ""input_dim"": 8, ""hidden_dim"": 64, ""dropout"": 0.1}, {""name"": ""va_long_beach"", ""encoder"": ""mlp_tabular_ln"", ""input_dim"": 9, ""hidden_dim"": 64, ""dropout"": 0.1}], ""anchor_eps"": 0.0001, ""sep_samples_per_class"": 4, ""sep_method"": ""classifier"", ""sep_margin"": 1.0, ""lambda_fit"": 0.1, ""lambda_sep"": 0.1, ""groupdro_enabled"": true, ""groupdro_eta"": 0.1, ""groupdro_gamma"": 0.9, ""groupdro_update_mode"": ""exp"", ""groupdro_objective"": ""weighted"", ""groupdro_kl_lambda"": 0.0, ""groupdro_uniform_init"": true, ""log_interval"": 20, ""save_every"": 10, ""groupdro_ema_decay"": 0.9, ""groupdro_update_every"": 1, ""dro_signal"": ""val"", ""val_frac"": 0.15, ""dro_val_stride"": 1, ""common_encoder"": false, ""impute_missing"": true, ""use_regret"": true, ""optimal_losses"": [0.377003, 0.42032, 0.1051, 0.511216]}","{""num_groups"": 4, ""num_classes"": 2, ""train_total"": 623, ""test_total"": 185, ""train_group_counts"": [205, 199, 83, 136], ""test_group_counts"": [61, 59, 25, 40], ""train_class_counts"": [278, 345], ""test_class_counts"": [83, 102], ""train_group_class_counts"": [[111, 94], [127, 72], [5, 78], [35, 101]], ""test_group_class_counts"": [[33, 28], [38, 21], [2, 23], [10, 30]], ""group_proportions"": [0.3290529695024077, 0.31942215088282505, 0.1332263242375602, 0.21829855537720708], ""val_group_counts"": [37, 36, 15, 24], ""val_total"": 112}","{""num_groups"": 4, ""eta"": 0.1, ""update_mode"": ""exp"", ""robust_objective"": ""weighted"", ""gamma"": 0.9, ""kl_lambda"": 0.0, ""initial_pi"": [0.32905295491218567, 0.3194221556186676, 0.13322632014751434, 0.2182985544204712]}",2026-09-18T04:41:56.495131,28,0.3469671607017517,0.8333333333333334,0.001,0.8540540540540541,0.8592164490136149,0.8,0.92,"[0.8524590163934426, 0.864406779661017, 0.92, 0.8]","[0.34235472552722596, 0.40519251111673854, 0.3833341328985989, 0.5104768153280019]","[0.7831325301204819, 0.9117647058823529]","[[0.8484848484848485, 0.8571428571428571], [0.8947368421052632, 0.8095238095238095], [0.0, 1.0], [0.3, 0.9666666666666667]]","[61, 59, 25, 40]",0.8506324571633623,"[0.8518218623481781, 0.8521303258145363, 0.4791666666666667, 0.6536796536796536]",0.4791666666666667,0.5104768153280019,0.7857142857142857,0.8075638138138138,0.6944444444444444,0.9333333333333333,"[0.8108108108108109, 0.6944444444444444, 0.9333333333333333, 0.7916666666666666]","[0.48930375882097193, 0.7168150291157266, 0.3592305293617149, 0.5433381038407484]","[0.76, 0.8064516129032258]","[[0.85, 0.7647058823529411], [0.8260869565217391, 0.46153846153846156], [0.0, 1.0], [0.3333333333333333, 0.9444444444444444]]","[37, 36, 15, 24]",0.7832258064516129,"[0.8085735402808574, 0.6486246672582077, 0.4827586206896552, 0.6581196581196581]",0.4827586206896552,0.7168150291157266,"[0.051273006945848465, 0.6452355980873108, 0.3003374934196472, 0.003153847297653556]","[0.4011198646492428, 0.41314616799354553, 0.11518909513122505, 0.47830284138520557]","[0.054861447049511805, 0.635481576124827, 0.30617232786284554, 0.0034846438405414424]","[0.32905295491218567, 0.3194221556186676, 0.13322632014751434, 0.2182985544204712]",0.0
"{""run_name"": ""fedheart_final"", ""seed"": 42, ""run_dir"": ""runs/dynamics_fedheart/anchors_regretdro"", ""use_fedheart"": true, ""num_classes"": 2, ""stratified_batching"": true, ""train_frac"": 0.8, ""group_max_train_samples"": null, ""true_hetero_input_dim"": true, ""feature_mask"": [[0, 1, 2, 3, 5, 6, 7, 8, 9, 10], [0, 1, 2, 3, 5, 6, 11, 12], [0, 1, 2, 4, 5, 7, 11, 12], [0, 1, 2, 4, 5, 6, 8, 9, 10]], ""batch_size"": 64, ""num_workers"": 0, ""epochs"": 100, ""early_stopping_patience"": 30, ""lr"": 0.001, ""weight_decay"": 0.0001, ""optimizer"": ""adam"", ""grad_clip"": 1.0, ""lr_scheduler"": ""cosine"", ""lr_min"": 1e-05, ""latent_dim"": 64, ""head_hidden"": 32, ""groups"": [{""name"": ""cleveland"", ""encoder"": ""mlp_tabular_ln"", ""input_dim"": 10, ""hidden_dim"": 64, ""dropout"": 0.1}, {""name"": ""hungarian"", ""encoder"": ""mlp_tabular_ln"", ""input_dim"": 8, ""hidden_dim"": 64, ""dropout"": 0.1}, {""name"": ""switzerland"", ""encoder"": ""mlp_tabular_ln"", ""input_dim"": 8, ""hidden_dim"": 64, ""dropout"": 0.1}, {""name"": ""va_long_beach"", ""encoder"": ""mlp_tabular_ln"", ""input_dim"": 9, ""hidden_dim"": 64, ""dropout"": 0.1}], ""anchor_eps"": 0.0001, ""sep_samples_per_class"": 4, ""sep_method"": ""classifier"", ""sep_margin"": 1.0, ""lambda_fit"": 0.1, ""lambda_sep"": 0.1, ""groupdro_enabled"": true, ""groupdro_eta"": 0.1, ""groupdro_gamma"": 0.9, ""groupdro_update_mode"": ""exp"", ""groupdro_objective"": ""weighted"", ""groupdro_kl_lambda"": 0.0, ""groupdro_uniform_init"": true, ""log_interval"": 20, ""save_every"": 10, ""groupdro_ema_decay"": 0.9, ""groupdro_update_every"": 1, ""dro_signal"": ""val"", ""val_frac"": 0.15, ""dro_val_stride"": 1, ""common_encoder"": false, ""impute_missing"": true, ""use_regret"": true, ""optimal_losses"": [0.377003, 0.42032, 0.1051, 0.511216]}","{""num_groups"": 4, ""num_classes"": 2, ""train_total"": 623, ""test_total"": 185, ""train_group_counts"": [205, 199, 83, 136], ""test_group_counts"": [61, 59, 25, 40], ""train_class_counts"": [278, 345], ""test_class_counts"": [83, 102], ""train_group_class_counts"": [[111, 94], [127, 72], [5, 78], [35, 101]], ""test_group_class_counts"": [[33, 28], [38, 21], [2, 23], [10, 30]], ""group_proportions"": [0.3290529695024077, 0.31942215088282505, 0.1332263242375602, 0.21829855537720708], ""val_group_counts"": [37, 36, 15, 24], ""val_total"": 112}","{""num_groups"": 4, ""eta"": 0.1, ""update_mode"": ""exp"", ""robust_objective"": ""weighted"", ""gamma"": 0.9, ""kl_lambda"": 0.0, ""initial_pi"": [0.32905295491218567, 0.3194221556186676, 0.13322632014751434, 0.2182985544204712]}",2026-09-18T04:41:56.495131,29,0.31344809300369686,0.8420138888888888,0.001,0.827027027027027,0.8362951514309531,0.775,0.92,"[0.819672131147541, 0.8305084745762712, 0.92, 0.775]","[0.3453333731740713, 0.41047379142462703, 0.3841323242336512, 0.5078618259169161]","[0.8072289156626506, 0.8431372549019608]","[[0.8484848484848485, 0.7857142857142857], [0.9473684210526315, 0.6190476190476191], [0.0, 1.0], [0.3, 0.9333333333333333]]","[61, 59, 25, 40]",0.8251830852823057,"[0.817910447761194, 0.8001355013550135, 0.4791666666666667, 0.6307692307692307]",0.4791666666666667,0.5078618259169161,0.7946428571428571,0.8145082582582582,0.7222222222222222,0.9333333333333333,"[0.8108108108108109, 0.7222222222222222, 0.9333333333333333, 0.7916666666666666]","[0.4916158944771096, 0.702757707848731, 0.3496270449832082, 0.5391317741014063]","[0.78, 0.8064516129032258]","[[0.85, 0.7647058823529411], [0.8695652173913043, 0.46153846153846156], [0.0, 1.0], [0.3333333333333333, 0.9444444444444444]]","[37, 36, 15, 24]",0.7926426789020365,"[0.8085735402808574, 0.6727272727272727, 0.4827586206896552, 0.6581196581196581]",0.4827586206896552,0.702757707848731,"[0.04430779442191124, 0.661927342414856, 0.2912287712097168, 0.002536060754209757]","[0.41448916163709426, 0.3779497610198127, 0.08731766293446223, 0.44505123131804997]","[0.04728494667344623, 0.6549647516674466, 0.294951899184121, 0.0027984307509743506]","[0.32905295491218567, 0.3194221556186676, 0.13322632014751434, 0.2182985544204712]",0.0
"{""run_name"": ""fedheart_final"", ""seed"": 42, ""run_dir"": ""runs/dynamics_fedheart/anchors_regretdro"", ""use_fedheart"": true, ""num_classes"": 2, ""stratified_batching"": true, ""train_frac"": 0.8, ""group_max_train_samples"": null, ""true_hetero_input_dim"": true, ""feature_mask"": [[0, 1, 2, 3, 5, 6, 7, 8, 9, 10], [0, 1, 2, 3, 5, 6, 11, 12], [0, 1, 2, 4, 5, 7, 11, 12], [0, 1, 2, 4, 5, 6, 8, 9, 10]], ""batch_size"": 64, ""num_workers"": 0, ""epochs"": 100, ""early_stopping_patience"": 30, ""lr"": 0.001, ""weight_decay"": 0.0001, ""optimizer"": ""adam"", ""grad_clip"": 1.0, ""lr_scheduler"": ""cosine"", ""lr_min"": 1e-05, ""latent_dim"": 64, ""head_hidden"": 32, ""groups"": [{""name"": ""cleveland"", ""encoder"": ""mlp_tabular_ln"", ""input_dim"": 10, ""hidden_dim"": 64, ""dropout"": 0.1}, {""name"": ""hungarian"", ""encoder"": ""mlp_tabular_ln"", ""input_dim"": 8, ""hidden_dim"": 64, ""dropout"": 0.1}, {""name"": ""switzerland"", ""encoder"": ""mlp_tabular_ln"", ""input_dim"": 8, ""hidden_dim"": 64, ""dropout"": 0.1}, {""name"": ""va_long_beach"", ""encoder"": ""mlp_tabular_ln"", ""input_dim"": 9, ""hidden_dim"": 64, ""dropout"": 0.1}], ""anchor_eps"": 0.0001, ""sep_samples_per_class"": 4, ""sep_method"": ""classifier"", ""sep_margin"": 1.0, ""lambda_fit"": 0.1, ""lambda_sep"": 0.1, ""groupdro_enabled"": true, ""groupdro_eta"": 0.1, ""groupdro_gamma"": 0.9, ""groupdro_update_mode"": ""exp"", ""groupdro_objective"": ""weighted"", ""groupdro_kl_lambda"": 0.0, ""groupdro_uniform_init"": true, ""log_interval"": 20, ""save_every"": 10, ""groupdro_ema_decay"": 0.9, ""groupdro_update_every"": 1, ""dro_signal"": ""val"", ""val_frac"": 0.15, ""dro_val_stride"": 1, ""common_encoder"": false, ""impute_missing"": true, ""use_regret"": true, ""optimal_losses"": [0.377003, 0.42032, 0.1051, 0.511216]}","{""num_groups"": 4, ""num_classes"": 2, ""train_total"": 623, ""test_total"": 185, ""train_group_counts"": [205, 199, 83, 136], ""test_group_counts"": [61, 59, 25, 40], ""train_class_counts"": [278, 345], ""test_class_counts"": [83, 102], ""train_group_class_counts"": [[111, 94], [127, 72], [5, 78], [35, 101]], ""test_group_class_counts"": [[33, 28], [38, 21], [2, 23], [10, 30]], ""group_proportions"": [0.3290529695024077, 0.31942215088282505, 0.1332263242375602, 0.21829855537720708], ""val_group_counts"": [37, 36, 15, 24], ""val_total"": 112}","{""num_groups"": 4, ""eta"": 0.1, ""update_mode"": ""exp"", ""robust_objective"": ""weighted"", ""gamma"": 0.9, ""kl_lambda"": 0.0, ""initial_pi"": [0.32905295491218567, 0.3194221556186676, 0.13322632014751434, 0.2182985544204712]}",2026-09-18T04:41:56.495131,30,0.336539712217119,0.8368055555555556,0.001,0.8432432432432433,0.850880800222284,0.8,0.92,"[0.8360655737704918, 0.847457627118644, 0.92, 0.8]","[0.3429462244337211, 0.43077832052357873, 0.3945485908910632, 0.5056428774725645]","[0.7590361445783133, 0.9117647058823529]","[[0.8484848484848485, 0.8214285714285714], [0.8421052631578947, 0.8571428571428571], [0.0, 1.0], [0.3, 0.9666666666666667]]","[61, 59, 25, 40]",0.8390097524381095,"[0.83495670995671, 0.8383561643835616, 0.4791666666666667, 0.6536796536796536]",0.4791666666666667,0.5056428774725645,0.7767857142857143,0.8006193693693694,0.6666666666666666,0.9333333333333333,"[0.8108108108108109, 0.6666666666666666, 0.9333333333333333, 0.7916666666666666]","[0.49041736513577605, 0.7693361466905723, 0.3534696273195247, 0.5401248251243184]","[0.74, 0.8064516129032258]","[[0.85, 0.7647058823529411], [0.782608695652174, 0.46153846153846156], [0.0, 1.0], [0.3333333333333333, 0.9444444444444444]]","[37, 36, 15, 24]",0.7737373737373736,"[0.8085735402808574, 0.6249999999999999, 0.4827586206896552, 0.6581196581196581]",0.4827586206896552,0.7693361466905723,"[0.03818795830011368, 0.6777606010437012, 0.2820243239402771, 0.0020270240493118763]","[0.41773856182893115, 0.3990437024169498, 0.11943433413075076, 0.4484935618109173]","[0.04090517428186205, 0.6702851918008592, 0.2865614725483788, 0.0022481961641460657]","[0.32905295491218567, 0.3194221556186676, 0.13322632014751434, 0.2182985544204712]",0.0
"{""run_name"": ""fedheart_final"", ""seed"": 42, ""run_dir"": ""runs/dynamics_fedheart/anchors_regretdro"", ""use_fedheart"": true, ""num_classes"": 2, ""stratified_batching"": true, ""train_frac"": 0.8, ""group_max_train_samples"": null, ""true_hetero_input_dim"": true, ""feature_mask"": [[0, 1, 2, 3, 5, 6, 7, 8, 9, 10], [0, 1, 2, 3, 5, 6, 11, 12], [0, 1, 2, 4, 5, 7, 11, 12], [0, 1, 2, 4, 5, 6, 8, 9, 10]], ""batch_size"": 64, ""num_workers"": 0, ""epochs"": 100, ""early_stopping_patience"": 30, ""lr"": 0.001, ""weight_decay"": 0.0001, ""optimizer"": ""adam"", ""grad_clip"": 1.0, ""lr_scheduler"": ""cosine"", ""lr_min"": 1e-05, ""latent_dim"": 64, ""head_hidden"": 32, ""groups"": [{""name"": ""cleveland"", ""encoder"": ""mlp_tabular_ln"", ""input_dim"": 10, ""hidden_dim"": 64, ""dropout"": 0.1}, {""name"": ""hungarian"", ""encoder"": ""mlp_tabular_ln"", ""input_dim"": 8, ""hidden_dim"": 64, ""dropout"": 0.1}, {""name"": ""switzerland"", ""encoder"": ""mlp_tabular_ln"", ""input_dim"": 8, ""hidden_dim"": 64, ""dropout"": 0.1}, {""name"": ""va_long_beach"", ""encoder"": ""mlp_tabular_ln"", ""input_dim"": 9, ""hidden_dim"": 64, ""dropout"": 0.1}], ""anchor_eps"": 0.0001, ""sep_samples_per_class"": 4, ""sep_method"": ""classifier"", ""sep_margin"": 1.0, ""lambda_fit"": 0.1, ""lambda_sep"": 0.1, ""groupdro_enabled"": true, ""groupdro_eta"": 0.1, ""groupdro_gamma"": 0.9, ""groupdro_update_mode"": ""exp"", ""groupdro_objective"": ""weighted"", ""groupdro_kl_lambda"": 0.0, ""groupdro_uniform_init"": true, ""log_interval"": 20, ""save_every"": 10, ""groupdro_ema_decay"": 0.9, ""groupdro_update_every"": 1, ""dro_signal"": ""val"", ""val_frac"": 0.15, ""dro_val_stride"": 1, ""common_encoder"": false, ""impute_missing"": true, ""use_regret"": true, ""optimal_losses"": [0.377003, 0.42032, 0.1051, 0.511216]}","{""num_groups"": 4, ""num_classes"": 2, ""train_total"": 623, ""test_total"": 185, ""train_group_counts"": [205, 199, 83, 136], ""test_group_counts"": [61, 59, 25, 40], ""train_class_counts"": [278, 345], ""test_class_counts"": [83, 102], ""train_group_class_counts"": [[111, 94], [127, 72], [5, 78], [35, 101]], ""test_group_class_counts"": [[33, 28], [38, 21], [2, 23], [10, 30]], ""group_proportions"": [0.3290529695024077, 0.31942215088282505, 0.1332263242375602, 0.21829855537720708], ""val_group_counts"": [37, 36, 15, 24], ""val_total"": 112}","{""num_groups"": 4, ""eta"": 0.1, ""update_mode"": ""exp"", ""robust_objective"": ""weighted"", ""gamma"": 0.9, ""kl_lambda"": 0.0, ""initial_pi"": [0.32905295491218567, 0.3194221556186676, 0.13322632014751434, 0.2182985544204712]}",2026-09-18T04:41:56.495131,31,0.3047908693552017,0.828125,0.001,0.8432432432432433,0.8507418727424285,0.8,0.92,"[0.8524590163934426, 0.8305084745762712, 0.92, 0.8]","[0.344506685454093, 0.4033743579066911, 0.3736029322631657, 0.5050535706337541]","[0.8072289156626506, 0.8725490196078431]","[[0.8484848484848485, 0.8571428571428571], [0.9473684210526315, 0.6190476190476191], [0.0, 1.0], [0.3, 0.9666666666666667]]","[61, 59, 25, 40]",0.8409946356065321,"[0.8518218623481781, 0.8001355013550135, 0.4791666666666667, 0.6536796536796536]",0.4791666666666667,0.5050535706337541,0.7857142857142857,0.8077515015015015,0.7222222222222222,0.9333333333333333,"[0.7837837837837838, 0.7222222222222222, 0.9333333333333333, 0.7916666666666666]","[0.4923730360193027, 0.7705509460841616, 0.356461086217314, 0.5428867158479989]","[0.76, 0.8064516129032258]","[[0.8, 0.7647058823529411], [0.8695652173913043, 0.46153846153846156], [0.0, 1.0], [0.3333333333333333, 0.9444444444444444]]","[37, 36, 15, 24]",0.7832258064516129,"[0.7823529411764707, 0.6727272727272727, 0.4827586206896552, 0.6581196581196581]",0.4827586206896552,0.7705509460841616,"[0.032499294728040695, 0.6958810687065125, 0.27002060413360596, 0.0015990457031875849]","[0.4126577956808938, 0.36636966632472145, 0.08901164018445545, 0.46242406964302063]","[0.034963689330551356, 0.6878562304708693, 0.2753986053996616, 0.0017814798177116448]","[0.32905295491218567, 0.3194221556186676, 0.13322632014751434, 0.2182985544204712]",0.0
"{""run_name"": ""fedheart_final"", ""seed"": 42, ""run_dir"": ""runs/dynamics_fedheart/anchors_regretdro"", ""use_fedheart"": true, ""num_classes"": 2, ""stratified_batching"": true, ""train_frac"": 0.8, ""group_max_train_samples"": null, ""true_hetero_input_dim"": true, ""feature_mask"": [[0, 1, 2, 3, 5, 6, 7, 8, 9, 10], [0, 1, 2, 3, 5, 6, 11, 12], [0, 1, 2, 4, 5, 7, 11, 12], [0, 1, 2, 4, 5, 6, 8, 9, 10]], ""batch_size"": 64, ""num_workers"": 0, ""epochs"": 100, ""early_stopping_patience"": 30, ""lr"": 0.001, ""weight_decay"": 0.0001, ""optimizer"": ""adam"", ""grad_clip"": 1.0, ""lr_scheduler"": ""cosine"", ""lr_min"": 1e-05, ""latent_dim"": 64, ""head_hidden"": 32, ""groups"": [{""name"": ""cleveland"", ""encoder"": ""mlp_tabular_ln"", ""input_dim"": 10, ""hidden_dim"": 64, ""dropout"": 0.1}, {""name"": ""hungarian"", ""encoder"": ""mlp_tabular_ln"", ""input_dim"": 8, ""hidden_dim"": 64, ""dropout"": 0.1}, {""name"": ""switzerland"", ""encoder"": ""mlp_tabular_ln"", ""input_dim"": 8, ""hidden_dim"": 64, ""dropout"": 0.1}, {""name"": ""va_long_beach"", ""encoder"": ""mlp_tabular_ln"", ""input_dim"": 9, ""hidden_dim"": 64, ""dropout"": 0.1}], ""anchor_eps"": 0.0001, ""sep_samples_per_class"": 4, ""sep_method"": ""classifier"", ""sep_margin"": 1.0, ""lambda_fit"": 0.1, ""lambda_sep"": 0.1, ""groupdro_enabled"": true, ""groupdro_eta"": 0.1, ""groupdro_gamma"": 0.9, ""groupdro_update_mode"": ""exp"", ""groupdro_objective"": ""weighted"", ""groupdro_kl_lambda"": 0.0, ""groupdro_uniform_init"": true, ""log_interval"": 20, ""save_every"": 10, ""groupdro_ema_decay"": 0.9, ""groupdro_update_every"": 1, ""dro_signal"": ""val"", ""val_frac"": 0.15, ""dro_val_stride"": 1, ""common_encoder"": false, ""impute_missing"": true, ""use_regret"": true, ""optimal_losses"": [0.377003, 0.42032, 0.1051, 0.511216]}","{""num_groups"": 4, ""num_classes"": 2, ""train_total"": 623, ""test_total"": 185, ""train_group_counts"": [205, 199, 83, 136], ""test_group_counts"": [61, 59, 25, 40], ""train_class_counts"": [278, 345], ""test_class_counts"": [83, 102], ""train_group_class_counts"": [[111, 94], [127, 72], [5, 78], [35, 101]], ""test_group_class_counts"": [[33, 28], [38, 21], [2, 23], [10, 30]], ""group_proportions"": [0.3290529695024077, 0.31942215088282505, 0.1332263242375602, 0.21829855537720708], ""val_group_counts"": [37, 36, 15, 24], ""val_total"": 112}","{""num_groups"": 4, ""eta"": 0.1, ""update_mode"": ""exp"", ""robust_objective"": ""weighted"", ""gamma"": 0.9, ""kl_lambda"": 0.0, ""initial_pi"": [0.32905295491218567, 0.3194221556186676, 0.13322632014751434, 0.2182985544204712]}",2026-09-18T04:41:56.495131,32,0.33058946165773606,0.8611111111111112,0.001,0.8594594594594595,0.8634537371492081,0.8,0.92,"[0.8524590163934426, 0.8813559322033898, 0.92, 0.8]","[0.347524403823448, 0.4024481116162645, 0.380458069248125, 0.5083899386227131]","[0.7951807228915663, 0.9117647058823529]","[[0.8484848484848485, 0.8571428571428571], [0.9210526315789473, 0.8095238095238095], [0.0, 1.0], [0.3, 0.9666666666666667]]","[61, 59, 25, 40]",0.8564007642703606,"[0.8518218623481781, 0.8691796008869179, 0.4791666666666667, 0.6536796536796536]",0.4791666666666667,0.5083899386227131,0.7678571428571429,0.7940503003003003,0.6944444444444444,0.9333333333333333,"[0.7567567567567568, 0.6944444444444444, 0.9333333333333333, 0.7916666666666666]","[0.4936229814146016, 0.8042545496848308, 0.37300751234094304, 0.5463598705052087]","[0.72, 0.8064516129032258]","[[0.75, 0.7647058823529411], [0.8260869565217391, 0.46153846153846156], [0.0, 1.0], [0.3333333333333333, 0.9444444444444444]]","[37, 36, 15, 24]",0.764172335600907,"[0.756043956043956, 0.6486246672582077, 0.4827586206896552, 0.6581196581196581]",0.4827586206896552,0.8042545496848308,"[0.027176393195986748, 0.7166560888290405, 0.25492721796035767, 0.001240262994542718]","[0.4060235189066993, 0.40506434440612793, 0.09115133662190703, 0.4025113466713164]","[0.029529628861281607, 0.7070701850785149, 0.26200496819284225, 0.001395180355757475]","[0.32905295491218567, 0.3194221556186676, 0.13322632014751434, 0.2182985544204712]",0.0
"{""run_name"": ""fedheart_final"", ""seed"": 42, ""run_dir"": ""runs/dynamics_fedheart/anchors_regretdro"", ""use_fedheart"": true, ""num_classes"": 2, ""stratified_batching"": true, ""train_frac"": 0.8, ""group_max_train_samples"": null, ""true_hetero_input_dim"": true, ""feature_mask"": [[0, 1, 2, 3, 5, 6, 7, 8, 9, 10], [0, 1, 2, 3, 5, 6, 11, 12], [0, 1, 2, 4, 5, 7, 11, 12], [0, 1, 2, 4, 5, 6, 8, 9, 10]], ""batch_size"": 64, ""num_workers"": 0, ""epochs"": 100, ""early_stopping_patience"": 30, ""lr"": 0.001, ""weight_decay"": 0.0001, ""optimizer"": ""adam"", ""grad_clip"": 1.0, ""lr_scheduler"": ""cosine"", ""lr_min"": 1e-05, ""latent_dim"": 64, ""head_hidden"": 32, ""groups"": [{""name"": ""cleveland"", ""encoder"": ""mlp_tabular_ln"", ""input_dim"": 10, ""hidden_dim"": 64, ""dropout"": 0.1}, {""name"": ""hungarian"", ""encoder"": ""mlp_tabular_ln"", ""input_dim"": 8, ""hidden_dim"": 64, ""dropout"": 0.1}, {""name"": ""switzerland"", ""encoder"": ""mlp_tabular_ln"", ""input_dim"": 8, ""hidden_dim"": 64, ""dropout"": 0.1}, {""name"": ""va_long_beach"", ""encoder"": ""mlp_tabular_ln"", ""input_dim"": 9, ""hidden_dim"": 64, ""dropout"": 0.1}], ""anchor_eps"": 0.0001, ""sep_samples_per_class"": 4, ""sep_method"": ""classifier"", ""sep_margin"": 1.0, ""lambda_fit"": 0.1, ""lambda_sep"": 0.1, ""groupdro_enabled"": true, ""groupdro_eta"": 0.1, ""groupdro_gamma"": 0.9, ""groupdro_update_mode"": ""exp"", ""groupdro_objective"": ""weighted"", ""groupdro_kl_lambda"": 0.0, ""groupdro_uniform_init"": true, ""log_interval"": 20, ""save_every"": 10, ""groupdro_ema_decay"": 0.9, ""groupdro_update_every"": 1, ""dro_signal"": ""val"", ""val_frac"": 0.15, ""dro_val_stride"": 1, ""common_encoder"": false, ""impute_missing"": true, ""use_regret"": true, ""optimal_losses"": [0.377003, 0.42032, 0.1051, 0.511216]}","{""num_groups"": 4, ""num_classes"": 2, ""train_total"": 623, ""test_total"": 185, ""train_group_counts"": [205, 199, 83, 136], ""test_group_counts"": [61, 59, 25, 40], ""train_class_counts"": [278, 345], ""test_class_counts"": [83, 102], ""train_group_class_counts"": [[111, 94], [127, 72], [5, 78], [35, 101]], ""test_group_class_counts"": [[33, 28], [38, 21], [2, 23], [10, 30]], ""group_proportions"": [0.3290529695024077, 0.31942215088282505, 0.1332263242375602, 0.21829855537720708], ""val_group_counts"": [37, 36, 15, 24], ""val_total"": 112}","{""num_groups"": 4, ""eta"": 0.1, ""update_mode"": ""exp"", ""robust_objective"": ""weighted"", ""gamma"": 0.9, ""kl_lambda"": 0.0, ""initial_pi"": [0.32905295491218567, 0.3194221556186676, 0.13322632014751434, 0.2182985544204712]}",2026-09-18T04:41:56.495131,33,0.3067026187976201,0.8402777777777778,0.001,0.8540540540540541,0.8592164490136149,0.8,0.92,"[0.8524590163934426, 0.864406779661017, 0.92, 0.8]","[0.3477506050992696, 0.4134375317401047, 0.38433256644755603, 0.5097719920333474]","[0.7951807228915663, 0.9019607843137255]","[[0.8484848484848485, 0.8571428571428571], [0.9210526315789473, 0.7619047619047619], [0.0, 1.0], [0.3, 0.9666666666666667]]","[61, 59, 25, 40]",0.8511132969686132,"[0.8518218623481781, 0.8487179487179488, 0.4791666666666667, 0.6536796536796536]",0.4791666666666667,0.5097719920333474,0.7767857142857143,0.7973348348348348,0.7222222222222222,0.9333333333333333,"[0.7837837837837838, 0.7222222222222222, 0.9333333333333333, 0.75]","[0.49243420422882644, 0.7774518790603098, 0.3642912377292911, 0.5515679417488476]","[0.74, 0.8064516129032258]","[[0.8, 0.7647058823529411], [0.8695652173913043, 0.46153846153846156], [0.0, 1.0], [0.16666666666666666, 0.9444444444444444]]","[37, 36, 15, 24]",0.7737373737373736,"[0.7823529411764707, 0.6727272727272727, 0.4827586206896552, 0.55]",0.4827586206896552,0.7774518790603098,"[0.022384800016880035, 0.7373407483100891, 0.23932436108589172, 0.0009500267915427685]","[0.38528291053242153, 0.35579875277148354, 0.12057777132011122, 0.4858815487888124]","[0.024443349490563076, 0.7283917334344652, 0.24609239233864677, 0.00107252292541994]","[0.32905295491218567, 0.3194221556186676, 0.13322632014751434, 0.2182985544204712]",0.0
"{""run_name"": ""fedheart_final"", ""seed"": 42, ""run_dir"": ""runs/dynamics_fedheart/anchors_regretdro"", ""use_fedheart"": true, ""num_classes"": 2, ""stratified_batching"": true, ""train_frac"": 0.8, ""group_max_train_samples"": null, ""true_hetero_input_dim"": true, ""feature_mask"": [[0, 1, 2, 3, 5, 6, 7, 8, 9, 10], [0, 1, 2, 3, 5, 6, 11, 12], [0, 1, 2, 4, 5, 7, 11, 12], [0, 1, 2, 4, 5, 6, 8, 9, 10]], ""batch_size"": 64, ""num_workers"": 0, ""epochs"": 100, ""early_stopping_patience"": 30, ""lr"": 0.001, ""weight_decay"": 0.0001, ""optimizer"": ""adam"", ""grad_clip"": 1.0, ""lr_scheduler"": ""cosine"", ""lr_min"": 1e-05, ""latent_dim"": 64, ""head_hidden"": 32, ""groups"": [{""name"": ""cleveland"", ""encoder"": ""mlp_tabular_ln"", ""input_dim"": 10, ""hidden_dim"": 64, ""dropout"": 0.1}, {""name"": ""hungarian"", ""encoder"": ""mlp_tabular_ln"", ""input_dim"": 8, ""hidden_dim"": 64, ""dropout"": 0.1}, {""name"": ""switzerland"", ""encoder"": ""mlp_tabular_ln"", ""input_dim"": 8, ""hidden_dim"": 64, ""dropout"": 0.1}, {""name"": ""va_long_beach"", ""encoder"": ""mlp_tabular_ln"", ""input_dim"": 9, ""hidden_dim"": 64, ""dropout"": 0.1}], ""anchor_eps"": 0.0001, ""sep_samples_per_class"": 4, ""sep_method"": ""classifier"", ""sep_margin"": 1.0, ""lambda_fit"": 0.1, ""lambda_sep"": 0.1, ""groupdro_enabled"": true, ""groupdro_eta"": 0.1, ""groupdro_gamma"": 0.9, ""groupdro_update_mode"": ""exp"", ""groupdro_objective"": ""weighted"", ""groupdro_kl_lambda"": 0.0, ""groupdro_uniform_init"": true, ""log_interval"": 20, ""save_every"": 10, ""groupdro_ema_decay"": 0.9, ""groupdro_update_every"": 1, ""dro_signal"": ""val"", ""val_frac"": 0.15, ""dro_val_stride"": 1, ""common_encoder"": false, ""impute_missing"": true, ""use_regret"": true, ""optimal_losses"": [0.377003, 0.42032, 0.1051, 0.511216]}","{""num_groups"": 4, ""num_classes"": 2, ""train_total"": 623, ""test_total"": 185, ""train_group_counts"": [205, 199, 83, 136], ""test_group_counts"": [61, 59, 25, 40], ""train_class_counts"": [278, 345], ""test_class_counts"": [83, 102], ""train_group_class_counts"": [[111, 94], [127, 72], [5, 78], [35, 101]], ""test_group_class_counts"": [[33, 28], [38, 21], [2, 23], [10, 30]], ""group_proportions"": [0.3290529695024077, 0.31942215088282505, 0.1332263242375602, 0.21829855537720708], ""val_group_counts"": [37, 36, 15, 24], ""val_total"": 112}","{""num_groups"": 4, ""eta"": 0.1, ""update_mode"": ""exp"", ""robust_objective"": ""weighted"", ""gamma"": 0.9, ""kl_lambda"": 0.0, ""initial_pi"": [0.32905295491218567, 0.3194221556186676, 0.13322632014751434, 0.2182985544204712]}",2026-09-18T04:41:56.495131,34,0.3237930155462689,0.8350694444444444,0.001,0.8432432432432433,0.850880800222284,0.8,0.92,"[0.8360655737704918, 0.847457627118644, 0.92, 0.8]","[0.3472657655289427, 0.42881509536182727, 0.3990167840756476, 0.5081700621638447]","[0.7951807228915663, 0.8823529411764706]","[[0.8484848484848485, 0.8214285714285714], [0.9210526315789473, 0.7142857142857143], [0.0, 1.0], [0.3, 0.9666666666666667]]","[61, 59, 25, 40]",0.8405598977681358,"[0.83495670995671, 0.8276533592989289, 0.4791666666666667, 0.6536796536796536]",0.4791666666666667,0.5081700621638447,0.7857142857142857,0.8077515015015015,0.7222222222222222,0.9333333333333333,"[0.7837837837837838, 0.7222222222222222, 0.9333333333333333, 0.7916666666666666]","[0.49329704308026545, 0.7926740686202215, 0.35943566436568897, 0.550687764538452]","[0.76, 0.8064516129032258]","[[0.8, 0.7647058823529411], [0.8695652173913043, 0.46153846153846156], [0.0, 1.0], [0.3333333333333333, 0.9444444444444444]]","[37, 36, 15, 24]",0.7832258064516129,"[0.7823529411764707, 0.6727272727272727, 0.4827586206896552, 0.6581196581196581]",0.4827586206896552,0.7926740686202215,"[0.018391495570540428, 0.7571313381195068, 0.22374936938285828, 0.0007277994882315397]","[0.36333251496156055, 0.3826320883300569, 0.11035595430682103, 0.4200508991877238]","[0.02011023751563496, 0.7482795317967733, 0.23078822592894235, 0.000821991752470947]","[0.32905295491218567, 0.3194221556186676, 0.13322632014751434, 0.2182985544204712]",0.0
"{""run_name"": ""fedheart_final"", ""seed"": 42, ""run_dir"": ""runs/dynamics_fedheart/anchors_regretdro"", ""use_fedheart"": true, ""num_classes"": 2, ""stratified_batching"": true, ""train_frac"": 0.8, ""group_max_train_samples"": null, ""true_hetero_input_dim"": true, ""feature_mask"": [[0, 1, 2, 3, 5, 6, 7, 8, 9, 10], [0, 1, 2, 3, 5, 6, 11, 12], [0, 1, 2, 4, 5, 7, 11, 12], [0, 1, 2, 4, 5, 6, 8, 9, 10]], ""batch_size"": 64, ""num_workers"": 0, ""epochs"": 100, ""early_stopping_patience"": 30, ""lr"": 0.001, ""weight_decay"": 0.0001, ""optimizer"": ""adam"", ""grad_clip"": 1.0, ""lr_scheduler"": ""cosine"", ""lr_min"": 1e-05, ""latent_dim"": 64, ""head_hidden"": 32, ""groups"": [{""name"": ""cleveland"", ""encoder"": ""mlp_tabular_ln"", ""input_dim"": 10, ""hidden_dim"": 64, ""dropout"": 0.1}, {""name"": ""hungarian"", ""encoder"": ""mlp_tabular_ln"", ""input_dim"": 8, ""hidden_dim"": 64, ""dropout"": 0.1}, {""name"": ""switzerland"", ""encoder"": ""mlp_tabular_ln"", ""input_dim"": 8, ""hidden_dim"": 64, ""dropout"": 0.1}, {""name"": ""va_long_beach"", ""encoder"": ""mlp_tabular_ln"", ""input_dim"": 9, ""hidden_dim"": 64, ""dropout"": 0.1}], ""anchor_eps"": 0.0001, ""sep_samples_per_class"": 4, ""sep_method"": ""classifier"", ""sep_margin"": 1.0, ""lambda_fit"": 0.1, ""lambda_sep"": 0.1, ""groupdro_enabled"": true, ""groupdro_eta"": 0.1, ""groupdro_gamma"": 0.9, ""groupdro_update_mode"": ""exp"", ""groupdro_objective"": ""weighted"", ""groupdro_kl_lambda"": 0.0, ""groupdro_uniform_init"": true, ""log_interval"": 20, ""save_every"": 10, ""groupdro_ema_decay"": 0.9, ""groupdro_update_every"": 1, ""dro_signal"": ""val"", ""val_frac"": 0.15, ""dro_val_stride"": 1, ""common_encoder"": false, ""impute_missing"": true, ""use_regret"": true, ""optimal_losses"": [0.377003, 0.42032, 0.1051, 0.511216]}","{""num_groups"": 4, ""num_classes"": 2, ""train_total"": 623, ""test_total"": 185, ""train_group_counts"": [205, 199, 83, 136], ""test_group_counts"": [61, 59, 25, 40], ""train_class_counts"": [278, 345], ""test_class_counts"": [83, 102], ""train_group_class_counts"": [[111, 94], [127, 72], [5, 78], [35, 101]], ""test_group_class_counts"": [[33, 28], [38, 21], [2, 23], [10, 30]], ""group_proportions"": [0.3290529695024077, 0.31942215088282505, 0.1332263242375602, 0.21829855537720708], ""val_group_counts"": [37, 36, 15, 24], ""val_total"": 112}","{""num_groups"": 4, ""eta"": 0.1, ""update_mode"": ""exp"", ""robust_objective"": ""weighted"", ""gamma"": 0.9, ""kl_lambda"": 0.0, ""initial_pi"": [0.32905295491218567, 0.3194221556186676, 0.13322632014751434, 0.2182985544204712]}",2026-09-18T04:41:56.495131,35,0.3222111066182454,0.8524305555555556,0.001,0.8486486486486486,0.8551180883578773,0.8,0.92,"[0.8360655737704918, 0.864406779661017, 0.92, 0.8]","[0.34914240094481924, 0.45316554717246, 0.40910601102747024, 0.5104778197593987]","[0.7831325301204819, 0.9019607843137255]","[[0.8484848484848485, 0.8214285714285714], [0.8947368421052632, 0.8095238095238095], [0.0, 1.0], [0.3, 0.9666666666666667]]","[61, 59, 25, 40]",0.8453546692142345,"[0.83495670995671, 0.8521303258145363, 0.4791666666666667, 0.6536796536796536]",0.4791666666666667,0.5104778197593987,0.7767857142857143,0.800807057057057,0.6944444444444444,0.9333333333333333,"[0.7837837837837838, 0.6944444444444444, 0.9333333333333333, 0.7916666666666666]","[0.4947773111933792, 0.8202309307590541, 0.36478063170798125, 0.5533382029583057]","[0.74, 0.8064516129032258]","[[0.8, 0.7647058823529411], [0.8260869565217391, 0.46153846153846156], [0.0, 1.0], [0.3333333333333333, 0.9444444444444444]]","[37, 36, 15, 24]",0.7737373737373736,"[0.7823529411764707, 0.6486246672582077, 0.4827586206896552, 0.6581196581196581]",0.4827586206896552,0.8202309307590541,"[0.014988072216510773, 0.777506947517395, 0.20695175230503082, 0.0005533024668693542]","[0.3657184624009662, 0.39314339723851943, 0.07395893852743837, 0.4458300256066852]","[0.01646106762604581, 0.7683667739232382, 0.21454460422197977, 0.0006275678105238411]","[0.32905295491218567, 0.3194221556186676, 0.13322632014751434, 0.2182985544204712]",0.0
"{""run_name"": ""fedheart_final"", ""seed"": 42, ""run_dir"": ""runs/dynamics_fedheart/anchors_regretdro"", ""use_fedheart"": true, ""num_classes"": 2, ""stratified_batching"": true, ""train_frac"": 0.8, ""group_max_train_samples"": null, ""true_hetero_input_dim"": true, ""feature_mask"": [[0, 1, 2, 3, 5, 6, 7, 8, 9, 10], [0, 1, 2, 3, 5, 6, 11, 12], [0, 1, 2, 4, 5, 7, 11, 12], [0, 1, 2, 4, 5, 6, 8, 9, 10]], ""batch_size"": 64, ""num_workers"": 0, ""epochs"": 100, ""early_stopping_patience"": 30, ""lr"": 0.001, ""weight_decay"": 0.0001, ""optimizer"": ""adam"", ""grad_clip"": 1.0, ""lr_scheduler"": ""cosine"", ""lr_min"": 1e-05, ""latent_dim"": 64, ""head_hidden"": 32, ""groups"": [{""name"": ""cleveland"", ""encoder"": ""mlp_tabular_ln"", ""input_dim"": 10, ""hidden_dim"": 64, ""dropout"": 0.1}, {""name"": ""hungarian"", ""encoder"": ""mlp_tabular_ln"", ""input_dim"": 8, ""hidden_dim"": 64, ""dropout"": 0.1}, {""name"": ""switzerland"", ""encoder"": ""mlp_tabular_ln"", ""input_dim"": 8, ""hidden_dim"": 64, ""dropout"": 0.1}, {""name"": ""va_long_beach"", ""encoder"": ""mlp_tabular_ln"", ""input_dim"": 9, ""hidden_dim"": 64, ""dropout"": 0.1}], ""anchor_eps"": 0.0001, ""sep_samples_per_class"": 4, ""sep_method"": ""classifier"", ""sep_margin"": 1.0, ""lambda_fit"": 0.1, ""lambda_sep"": 0.1, ""groupdro_enabled"": true, ""groupdro_eta"": 0.1, ""groupdro_gamma"": 0.9, ""groupdro_update_mode"": ""exp"", ""groupdro_objective"": ""weighted"", ""groupdro_kl_lambda"": 0.0, ""groupdro_uniform_init"": true, ""log_interval"": 20, ""save_every"": 10, ""groupdro_ema_decay"": 0.9, ""groupdro_update_every"": 1, ""dro_signal"": ""val"", ""val_frac"": 0.15, ""dro_val_stride"": 1, ""common_encoder"": false, ""impute_missing"": true, ""use_regret"": true, ""optimal_losses"": [0.377003, 0.42032, 0.1051, 0.511216]}","{""num_groups"": 4, ""num_classes"": 2, ""train_total"": 623, ""test_total"": 185, ""train_group_counts"": [205, 199, 83, 136], ""test_group_counts"": [61, 59, 25, 40], ""train_class_counts"": [278, 345], ""test_class_counts"": [83, 102], ""train_group_class_counts"": [[111, 94], [127, 72], [5, 78], [35, 101]], ""test_group_class_counts"": [[33, 28], [38, 21], [2, 23], [10, 30]], ""group_proportions"": [0.3290529695024077, 0.31942215088282505, 0.1332263242375602, 0.21829855537720708], ""val_group_counts"": [37, 36, 15, 24], ""val_total"": 112}","{""num_groups"": 4, ""eta"": 0.1, ""update_mode"": ""exp"", ""robust_objective"": ""weighted"", ""gamma"": 0.9, ""kl_lambda"": 0.0, ""initial_pi"": [0.32905295491218567, 0.3194221556186676, 0.13322632014751434, 0.2182985544204712]}",2026-09-18T04:41:56.495131,36,0.3419182399908702,0.8385416666666666,0.001,0.827027027027027,0.8383078632953599,0.8,0.92,"[0.819672131147541, 0.8135593220338984, 0.92, 0.8]","[0.3511835544935015, 0.4758883354774976, 0.3944919821154326, 0.5060741788242012]","[0.7951807228915663, 0.8529411764705882]","[[0.8484848484848485, 0.7857142857142857], [0.9210526315789473, 0.6190476190476191], [0.0, 1.0], [0.3, 0.9666666666666667]]","[61, 59, 25, 40]",0.8247691214776225,"[0.817910447761194, 0.78345011678345, 0.4791666666666667, 0.6536796536796536]",0.4791666666666667,0.5060741788242012,0.7857142857142857,0.8077515015015015,0.7222222222222222,0.9333333333333333,"[0.7837837837837838, 0.7222222222222222, 0.9333333333333333, 0.7916666666666666]","[0.4951542869612977, 0.8435201573496064, 0.3585893458686769, 0.55027150354969]","[0.76, 0.8064516129032258]","[[0.8, 0.7647058823529411], [0.8695652173913043, 0.46153846153846156], [0.0, 1.0], [0.3333333333333333, 0.9444444444444444]]","[37, 36, 15, 24]",0.7832258064516129,"[0.7823529411764707, 0.6727272727272727, 0.4827586206896552, 0.6581196581196581]",0.4827586206896552,0.8435201573496064,"[0.012047523632645607, 0.7989209294319153, 0.1886165291070938, 0.0004150707391090691]","[0.36740439467959934, 0.4037388265132904, 0.09246007332371341, 0.4815830323431227]","[0.013316930996047126, 0.789309197001987, 0.19690004818969303, 0.0004738135838932875]","[0.32905295491218567, 0.3194221556186676, 0.13322632014751434, 0.2182985544204712]",0.0
"{""run_name"": ""fedheart_final"", ""seed"": 42, ""run_dir"": ""runs/dynamics_fedheart/anchors_regretdro"", ""use_fedheart"": true, ""num_classes"": 2, ""stratified_batching"": true, ""train_frac"": 0.8, ""group_max_train_samples"": null, ""true_hetero_input_dim"": true, ""feature_mask"": [[0, 1, 2, 3, 5, 6, 7, 8, 9, 10], [0, 1, 2, 3, 5, 6, 11, 12], [0, 1, 2, 4, 5, 7, 11, 12], [0, 1, 2, 4, 5, 6, 8, 9, 10]], ""batch_size"": 64, ""num_workers"": 0, ""epochs"": 100, ""early_stopping_patience"": 30, ""lr"": 0.001, ""weight_decay"": 0.0001, ""optimizer"": ""adam"", ""grad_clip"": 1.0, ""lr_scheduler"": ""cosine"", ""lr_min"": 1e-05, ""latent_dim"": 64, ""head_hidden"": 32, ""groups"": [{""name"": ""cleveland"", ""encoder"": ""mlp_tabular_ln"", ""input_dim"": 10, ""hidden_dim"": 64, ""dropout"": 0.1}, {""name"": ""hungarian"", ""encoder"": ""mlp_tabular_ln"", ""input_dim"": 8, ""hidden_dim"": 64, ""dropout"": 0.1}, {""name"": ""switzerland"", ""encoder"": ""mlp_tabular_ln"", ""input_dim"": 8, ""hidden_dim"": 64, ""dropout"": 0.1}, {""name"": ""va_long_beach"", ""encoder"": ""mlp_tabular_ln"", ""input_dim"": 9, ""hidden_dim"": 64, ""dropout"": 0.1}], ""anchor_eps"": 0.0001, ""sep_samples_per_class"": 4, ""sep_method"": ""classifier"", ""sep_margin"": 1.0, ""lambda_fit"": 0.1, ""lambda_sep"": 0.1, ""groupdro_enabled"": true, ""groupdro_eta"": 0.1, ""groupdro_gamma"": 0.9, ""groupdro_update_mode"": ""exp"", ""groupdro_objective"": ""weighted"", ""groupdro_kl_lambda"": 0.0, ""groupdro_uniform_init"": true, ""log_interval"": 20, ""save_every"": 10, ""groupdro_ema_decay"": 0.9, ""groupdro_update_every"": 1, ""dro_signal"": ""val"", ""val_frac"": 0.15, ""dro_val_stride"": 1, ""common_encoder"": false, ""impute_missing"": true, ""use_regret"": true, ""optimal_losses"": [0.377003, 0.42032, 0.1051, 0.511216]}","{""num_groups"": 4, ""num_classes"": 2, ""train_total"": 623, ""test_total"": 185, ""train_group_counts"": [205, 199, 83, 136], ""test_group_counts"": [61, 59, 25, 40], ""train_class_counts"": [278, 345], ""test_class_counts"": [83, 102], ""train_group_class_counts"": [[111, 94], [127, 72], [5, 78], [35, 101]], ""test_group_class_counts"": [[33, 28], [38, 21], [2, 23], [10, 30]], ""group_proportions"": [0.3290529695024077, 0.31942215088282505, 0.1332263242375602, 0.21829855537720708], ""val_group_counts"": [37, 36, 15, 24], ""val_total"": 112}","{""num_groups"": 4, ""eta"": 0.1, ""update_mode"": ""exp"", ""robust_objective"": ""weighted"", ""gamma"": 0.9, ""kl_lambda"": 0.0, ""initial_pi"": [0.32905295491218567, 0.3194221556186676, 0.13322632014751434, 0.2182985544204712]}",2026-09-18T04:41:56.495131,37,0.33933662871519726,0.8472222222222222,0.001,0.8378378378378378,0.8467824395665463,0.8,0.92,"[0.819672131147541, 0.847457627118644, 0.92, 0.8]","[0.35299039378640107, 0.47828079224169506, 0.40132793367840347, 0.5054449670948088]","[0.7710843373493976, 0.8921568627450981]","[[0.8484848484848485, 0.7857142857142857], [0.868421052631579, 0.8095238095238095], [0.0, 1.0], [0.3, 0.9666666666666667]]","[61, 59, 25, 40]",0.8343085741581084,"[0.817910447761194, 0.8353488372093023, 0.4791666666666667, 0.6536796536796536]",0.4791666666666667,0.5054449670948088,0.7857142857142857,0.8075638138138138,0.6944444444444444,0.9333333333333333,"[0.8108108108108109, 0.6944444444444444, 0.9333333333333333, 0.7916666666666666]","[0.4965958271578357, 0.8344351677482741, 0.3750295390530179, 0.5530464771048477]","[0.76, 0.8064516129032258]","[[0.85, 0.7647058823529411], [0.8260869565217391, 0.46153846153846156], [0.0, 1.0], [0.3333333333333333, 0.9444444444444444]]","[37, 36, 15, 24]",0.7832258064516129,"[0.8085735402808574, 0.6486246672582077, 0.4827586206896552, 0.6581196581196581]",0.4827586206896552,0.8344351677482741,"[0.009554047137498856, 0.820606529712677, 0.16953256726264954, 0.00030690227868035436]","[0.3839334266053306, 0.39788522322972614, 0.07362284200886886, 0.40349455343352425]","[0.010621337944434749, 0.8111341264512804, 0.17789198458194733, 0.0003525301322547926]","[0.32905295491218567, 0.3194221556186676, 0.13322632014751434, 0.2182985544204712]",0.0
"{""run_name"": ""fedheart_final"", ""seed"": 42, ""run_dir"": ""runs/dynamics_fedheart/anchors_regretdro"", ""use_fedheart"": true, ""num_classes"": 2, ""stratified_batching"": true, ""train_frac"": 0.8, ""group_max_train_samples"": null, ""true_hetero_input_dim"": true, ""feature_mask"": [[0, 1, 2, 3, 5, 6, 7, 8, 9, 10], [0, 1, 2, 3, 5, 6, 11, 12], [0, 1, 2, 4, 5, 7, 11, 12], [0, 1, 2, 4, 5, 6, 8, 9, 10]], ""batch_size"": 64, ""num_workers"": 0, ""epochs"": 100, ""early_stopping_patience"": 30, ""lr"": 0.001, ""weight_decay"": 0.0001, ""optimizer"": ""adam"", ""grad_clip"": 1.0, ""lr_scheduler"": ""cosine"", ""lr_min"": 1e-05, ""latent_dim"": 64, ""head_hidden"": 32, ""groups"": [{""name"": ""cleveland"", ""encoder"": ""mlp_tabular_ln"", ""input_dim"": 10, ""hidden_dim"": 64, ""dropout"": 0.1}, {""name"": ""hungarian"", ""encoder"": ""mlp_tabular_ln"", ""input_dim"": 8, ""hidden_dim"": 64, ""dropout"": 0.1}, {""name"": ""switzerland"", ""encoder"": ""mlp_tabular_ln"", ""input_dim"": 8, ""hidden_dim"": 64, ""dropout"": 0.1}, {""name"": ""va_long_beach"", ""encoder"": ""mlp_tabular_ln"", ""input_dim"": 9, ""hidden_dim"": 64, ""dropout"": 0.1}], ""anchor_eps"": 0.0001, ""sep_samples_per_class"": 4, ""sep_method"": ""classifier"", ""sep_margin"": 1.0, ""lambda_fit"": 0.1, ""lambda_sep"": 0.1, ""groupdro_enabled"": true, ""groupdro_eta"": 0.1, ""groupdro_gamma"": 0.9, ""groupdro_update_mode"": ""exp"", ""groupdro_objective"": ""weighted"", ""groupdro_kl_lambda"": 0.0, ""groupdro_uniform_init"": true, ""log_interval"": 20, ""save_every"": 10, ""groupdro_ema_decay"": 0.9, ""groupdro_update_every"": 1, ""dro_signal"": ""val"", ""val_frac"": 0.15, ""dro_val_stride"": 1, ""common_encoder"": false, ""impute_missing"": true, ""use_regret"": true, ""optimal_losses"": [0.377003, 0.42032, 0.1051, 0.511216]}","{""num_groups"": 4, ""num_classes"": 2, ""train_total"": 623, ""test_total"": 185, ""train_group_counts"": [205, 199, 83, 136], ""test_group_counts"": [61, 59, 25, 40], ""train_class_counts"": [278, 345], ""test_class_counts"": [83, 102], ""train_group_class_counts"": [[111, 94], [127, 72], [5, 78], [35, 101]], ""test_group_class_counts"": [[33, 28], [38, 21], [2, 23], [10, 30]], ""group_proportions"": [0.3290529695024077, 0.31942215088282505, 0.1332263242375602, 0.21829855537720708], ""val_group_counts"": [37, 36, 15, 24], ""val_total"": 112}","{""num_groups"": 4, ""eta"": 0.1, ""update_mode"": ""exp"", ""robust_objective"": ""weighted"", ""gamma"": 0.9, ""kl_lambda"": 0.0, ""initial_pi"": [0.32905295491218567, 0.3194221556186676, 0.13322632014751434, 0.2182985544204712]}",2026-09-18T04:41:56.495131,38,0.3312121480703354,0.859375,0.001,0.8378378378378378,0.8467824395665463,0.8,0.92,"[0.819672131147541, 0.847457627118644, 0.92, 0.8]","[0.35339908359847105, 0.4342652123768703, 0.4012616454530507, 0.5050447233021259]","[0.7831325301204819, 0.8823529411764706]","[[0.8484848484848485, 0.7857142857142857], [0.8947368421052632, 0.7619047619047619], [0.0, 1.0], [0.3, 0.9666666666666667]]","[61, 59, 25, 40]",0.8348214285714285,"[0.817910447761194, 0.831802343997466, 0.4791666666666667, 0.6536796536796536]",0.4791666666666667,0.5050447233021259,0.7767857142857143,0.800807057057057,0.6944444444444444,0.9333333333333333,"[0.7837837837837838, 0.6944444444444444, 0.9333333333333333, 0.7916666666666666]","[0.49653447968130177, 0.8293855674176788, 0.38498833978859087, 0.5534207013746103]","[0.74, 0.8064516129032258]","[[0.8, 0.7647058823529411], [0.8260869565217391, 0.46153846153846156], [0.0, 1.0], [0.3333333333333333, 0.9444444444444444]]","[37, 36, 15, 24]",0.7737373737373736,"[0.7823529411764707, 0.6486246672582077, 0.4827586206896552, 0.6581196581196581]",0.4827586206896552,0.8293855674176788,"[0.0074975318275392056, 0.8404060006141663, 0.15187180042266846, 0.00022461984190158546]","[0.3905655476782057, 0.38324208557605743, 0.0880235739880138, 0.37611636850568986]","[0.008378067416035466, 0.8317697313096788, 0.15959289173285165, 0.0002592962814055176]","[0.32905295491218567, 0.3194221556186676, 0.13322632014751434, 0.2182985544204712]",0.0
"{""run_name"": ""fedheart_final"", ""seed"": 42, ""run_dir"": ""runs/dynamics_fedheart/anchors_regretdro"", ""use_fedheart"": true, ""num_classes"": 2, ""stratified_batching"": true, ""train_frac"": 0.8, ""group_max_train_samples"": null, ""true_hetero_input_dim"": true, ""feature_mask"": [[0, 1, 2, 3, 5, 6, 7, 8, 9, 10], [0, 1, 2, 3, 5, 6, 11, 12], [0, 1, 2, 4, 5, 7, 11, 12], [0, 1, 2, 4, 5, 6, 8, 9, 10]], ""batch_size"": 64, ""num_workers"": 0, ""epochs"": 100, ""early_stopping_patience"": 30, ""lr"": 0.001, ""weight_decay"": 0.0001, ""optimizer"": ""adam"", ""grad_clip"": 1.0, ""lr_scheduler"": ""cosine"", ""lr_min"": 1e-05, ""latent_dim"": 64, ""head_hidden"": 32, ""groups"": [{""name"": ""cleveland"", ""encoder"": ""mlp_tabular_ln"", ""input_dim"": 10, ""hidden_dim"": 64, ""dropout"": 0.1}, {""name"": ""hungarian"", ""encoder"": ""mlp_tabular_ln"", ""input_dim"": 8, ""hidden_dim"": 64, ""dropout"": 0.1}, {""name"": ""switzerland"", ""encoder"": ""mlp_tabular_ln"", ""input_dim"": 8, ""hidden_dim"": 64, ""dropout"": 0.1}, {""name"": ""va_long_beach"", ""encoder"": ""mlp_tabular_ln"", ""input_dim"": 9, ""hidden_dim"": 64, ""dropout"": 0.1}], ""anchor_eps"": 0.0001, ""sep_samples_per_class"": 4, ""sep_method"": ""classifier"", ""sep_margin"": 1.0, ""lambda_fit"": 0.1, ""lambda_sep"": 0.1, ""groupdro_enabled"": true, ""groupdro_eta"": 0.1, ""groupdro_gamma"": 0.9, ""groupdro_update_mode"": ""exp"", ""groupdro_objective"": ""weighted"", ""groupdro_kl_lambda"": 0.0, ""groupdro_uniform_init"": true, ""log_interval"": 20, ""save_every"": 10, ""groupdro_ema_decay"": 0.9, ""groupdro_update_every"": 1, ""dro_signal"": ""val"", ""val_frac"": 0.15, ""dro_val_stride"": 1, ""common_encoder"": false, ""impute_missing"": true, ""use_regret"": true, ""optimal_losses"": [0.377003, 0.42032, 0.1051, 0.511216]}","{""num_groups"": 4, ""num_classes"": 2, ""train_total"": 623, ""test_total"": 185, ""train_group_counts"": [205, 199, 83, 136], ""test_group_counts"": [61, 59, 25, 40], ""train_class_counts"": [278, 345], ""test_class_counts"": [83, 102], ""train_group_class_counts"": [[111, 94], [127, 72], [5, 78], [35, 101]], ""test_group_class_counts"": [[33, 28], [38, 21], [2, 23], [10, 30]], ""group_proportions"": [0.3290529695024077, 0.31942215088282505, 0.1332263242375602, 0.21829855537720708], ""val_group_counts"": [37, 36, 15, 24], ""val_total"": 112}","{""num_groups"": 4, ""eta"": 0.1, ""update_mode"": ""exp"", ""robust_objective"": ""weighted"", ""gamma"": 0.9, ""kl_lambda"": 0.0, ""initial_pi"": [0.32905295491218567, 0.3194221556186676, 0.13322632014751434, 0.2182985544204712]}",2026-09-18T04:41:56.495131,39,0.330742789639367,0.8333333333333334,0.001,0.8324324324324325,0.8425451514309531,0.8,0.92,"[0.819672131147541, 0.8305084745762712, 0.92, 0.8]","[0.3540602563956722, 0.4112309267886488, 0.4166304283030331, 0.5080161494202912]","[0.7951807228915663, 0.8627450980392157]","[[0.8484848484848485, 0.7857142857142857], [0.9210526315789473, 0.6666666666666666], [0.0, 1.0], [0.3, 0.9666666666666667]]","[61, 59, 25, 40]",0.8300287484069826,"[0.817910447761194, 0.8059210526315789, 0.4791666666666667, 0.6536796536796536]",0.4791666666666667,0.5080161494202912,0.7857142857142857,0.8075638138138138,0.6944444444444444,0.9333333333333333,"[0.8108108108108109, 0.6944444444444444, 0.9333333333333333, 0.7916666666666666]","[0.4975083542333261, 0.8661181604386203, 0.4099792784079909, 0.5521374059996257]","[0.76, 0.8064516129032258]","[[0.85, 0.7647058823529411], [0.8260869565217391, 0.46153846153846156], [0.0, 1.0], [0.3333333333333333, 0.9444444444444444]]","[37, 36, 15, 24]",0.7832258064516129,"[0.8085735402808574, 0.6486246672582077, 0.4827586206896552, 0.6581196581196581]",0.4827586206896552,0.8661181604386203,"[0.005847534164786339, 0.8573830723762512, 0.1366061419248581, 0.0001632953790249303]","[0.40450547138849896, 0.37040793067879146, 0.09851531115257078, 0.4608097987042533]","[0.0065536097519927556, 0.8500197529792786, 0.14323749476008946, 0.0001891559368232265]","[0.32905295491218567, 0.3194221556186676, 0.13322632014751434, 0.2182985544204712]",0.0
"{""run_name"": ""fedheart_final"", ""seed"": 42, ""run_dir"": ""runs/dynamics_fedheart/anchors_regretdro"", ""use_fedheart"": true, ""num_classes"": 2, ""stratified_batching"": true, ""train_frac"": 0.8, ""group_max_train_samples"": null, ""true_hetero_input_dim"": true, ""feature_mask"": [[0, 1, 2, 3, 5, 6, 7, 8, 9, 10], [0, 1, 2, 3, 5, 6, 11, 12], [0, 1, 2, 4, 5, 7, 11, 12], [0, 1, 2, 4, 5, 6, 8, 9, 10]], ""batch_size"": 64, ""num_workers"": 0, ""epochs"": 100, ""early_stopping_patience"": 30, ""lr"": 0.001, ""weight_decay"": 0.0001, ""optimizer"": ""adam"", ""grad_clip"": 1.0, ""lr_scheduler"": ""cosine"", ""lr_min"": 1e-05, ""latent_dim"": 64, ""head_hidden"": 32, ""groups"": [{""name"": ""cleveland"", ""encoder"": ""mlp_tabular_ln"", ""input_dim"": 10, ""hidden_dim"": 64, ""dropout"": 0.1}, {""name"": ""hungarian"", ""encoder"": ""mlp_tabular_ln"", ""input_dim"": 8, ""hidden_dim"": 64, ""dropout"": 0.1}, {""name"": ""switzerland"", ""encoder"": ""mlp_tabular_ln"", ""input_dim"": 8, ""hidden_dim"": 64, ""dropout"": 0.1}, {""name"": ""va_long_beach"", ""encoder"": ""mlp_tabular_ln"", ""input_dim"": 9, ""hidden_dim"": 64, ""dropout"": 0.1}], ""anchor_eps"": 0.0001, ""sep_samples_per_class"": 4, ""sep_method"": ""classifier"", ""sep_margin"": 1.0, ""lambda_fit"": 0.1, ""lambda_sep"": 0.1, ""groupdro_enabled"": true, ""groupdro_eta"": 0.1, ""groupdro_gamma"": 0.9, ""groupdro_update_mode"": ""exp"", ""groupdro_objective"": ""weighted"", ""groupdro_kl_lambda"": 0.0, ""groupdro_uniform_init"": true, ""log_interval"": 20, ""save_every"": 10, ""groupdro_ema_decay"": 0.9, ""groupdro_update_every"": 1, ""dro_signal"": ""val"", ""val_frac"": 0.15, ""dro_val_stride"": 1, ""common_encoder"": false, ""impute_missing"": true, ""use_regret"": true, ""optimal_losses"": [0.377003, 0.42032, 0.1051, 0.511216]}","{""num_groups"": 4, ""num_classes"": 2, ""train_total"": 623, ""test_total"": 185, ""train_group_counts"": [205, 199, 83, 136], ""test_group_counts"": [61, 59, 25, 40], ""train_class_counts"": [278, 345], ""test_class_counts"": [83, 102], ""train_group_class_counts"": [[111, 94], [127, 72], [5, 78], [35, 101]], ""test_group_class_counts"": [[33, 28], [38, 21], [2, 23], [10, 30]], ""group_proportions"": [0.3290529695024077, 0.31942215088282505, 0.1332263242375602, 0.21829855537720708], ""val_group_counts"": [37, 36, 15, 24], ""val_total"": 112}","{""num_groups"": 4, ""eta"": 0.1, ""update_mode"": ""exp"", ""robust_objective"": ""weighted"", ""gamma"": 0.9, ""kl_lambda"": 0.0, ""initial_pi"": [0.32905295491218567, 0.3194221556186676, 0.13322632014751434, 0.2182985544204712]}",2026-09-18T04:41:56.495131,40,0.3666740208864212,0.8333333333333334,0.001,0.8324324324324325,0.8425451514309531,0.8,0.92,"[0.819672131147541, 0.8305084745762712, 0.92, 0.8]","[0.35407709617350924, 0.43915909681256105, 0.3986567516811192, 0.5138870199210942]","[0.7590361445783133, 0.8921568627450981]","[[0.8484848484848485, 0.7857142857142857], [0.8421052631578947, 0.8095238095238095], [0.0, 1.0], [0.3, 0.9666666666666667]]","[61, 59, 25, 40]",0.8285039322986752,"[0.817910447761194, 0.8187960687960688, 0.4791666666666667, 0.6536796536796536]",0.4791666666666667,0.5138870199210942,0.7857142857142857,0.8075638138138138,0.6944444444444444,0.9333333333333333,"[0.8108108108108109, 0.6944444444444444, 0.9333333333333333, 0.7916666666666666]","[0.4962273484750374, 0.8592154026975751, 0.4008330765645951, 0.5542214102266977]","[0.74, 0.8225806451612904]","[[0.85, 0.7647058823529411], [0.782608695652174, 0.5384615384615384], [0.0, 1.0], [0.3333333333333333, 0.9444444444444444]]","[37, 36, 15, 24]",0.782312925170068,"[0.8085735402808574, 0.6629787234042553, 0.4827586206896552, 0.6581196581196581]",0.4827586206896552,0.8592154026975751,"[0.00448800390586257, 0.872860312461853, 0.1225348636507988, 0.00011683467891998589]","[0.4249073498778873, 0.40850941671265495, 0.12721530161798, 0.4555758684873581]","[0.005068670233918561, 0.8660653167300754, 0.128729694419437, 0.00013635068252268765]","[0.32905295491218567, 0.3194221556186676, 0.13322632014751434, 0.2182985544204712]",0.0
