config,dataset_info,groupdro_config,start_time,epoch,train_loss,train_acc,learning_rate,test_overall_acc,test_balanced_acc,test_worst_group_acc,test_best_group_acc,test_worst_group_bal_acc,test_per_group_bal_acc,test_per_group_acc,test_per_group_loss,test_per_class_acc,test_per_group_per_class_acc,test_per_group_counts,test_overall_auroc,test_per_group_sensitivity,test_per_group_specificity,test_per_group_f1,test_per_group_pos_f1,test_per_group_auroc,test_mean_group_f1,test_worst_group_f1,val_overall_acc,val_balanced_acc,val_worst_group_acc,val_best_group_acc,val_worst_group_bal_acc,val_per_group_bal_acc,val_per_group_acc,val_per_group_loss,val_per_class_acc,val_per_group_per_class_acc,val_per_group_counts,val_overall_auroc,val_per_group_sensitivity,val_per_group_specificity,val_per_group_f1,val_per_group_pos_f1,val_per_group_auroc,val_mean_group_f1,val_worst_group_f1,groupdro_weights,train_per_group_loss,groupdro_weights_mean,groupdro_pi
"{""run_name"": ""nhanes_pergroup_gdro"", ""seed"": 33, ""run_dir"": ""runs/matrix_nhanes_nested/RegretDRO_s33"", ""use_nhanes"": true, ""num_classes"": 2, ""stratified_batching"": true, ""train_frac"": 0.8, ""use_post_pandemic"": true, ""data_split_seed"": 100, ""batch_size"": 128, ""num_workers"": 0, ""epochs"": 100, ""early_stopping_patience"": 25, ""lr"": 0.001, ""weight_decay"": 0.0001, ""optimizer"": ""adam"", ""grad_clip"": 1.0, ""lr_scheduler"": ""cosine"", ""lr_min"": 1e-05, ""latent_dim"": 64, ""head_hidden"": 32, ""common_encoder"": false, ""groups"": [{""name"": ""survey_only"", ""encoder"": ""mlp_tabular_ln"", ""input_dim"": 10, ""hidden_dim"": 64, ""dropout"": 0.1}, {""name"": ""exam"", ""encoder"": ""mlp_tabular_ln"", ""input_dim"": 13, ""hidden_dim"": 64, ""dropout"": 0.1}, {""name"": ""vitals_labs"", ""encoder"": ""mlp_tabular_ln"", ""input_dim"": 20, ""hidden_dim"": 64, ""dropout"": 0.1}], ""anchor_eps"": 0.0001, ""sep_samples_per_class"": 4, ""sep_method"": ""classifier"", ""sep_margin"": 1.0, ""lambda_fit"": 0.001, ""lambda_sep"": 0.001, ""groupdro_enabled"": true, ""groupdro_eta"": 1.0, ""groupdro_gamma"": 0.9, ""groupdro_update_mode"": ""softmax"", ""groupdro_objective"": ""weighted"", ""groupdro_kl_lambda"": 0.0, ""groupdro_uniform_init"": false, ""log_interval"": 20, ""save_every"": 10, ""val_frac"": 0.2, ""use_regret"": true, ""optimal_losses"": [0.3137474827246547, 0.27642265089432755, 0.26571401524607213]}","{""num_groups"": 3, ""num_classes"": 2, ""train_total"": 10883, ""test_total"": 3401, ""train_group_counts"": [1707, 1694, 7482], ""test_group_counts"": [533, 530, 2338], ""train_class_counts"": [9739, 1144], ""test_class_counts"": [3043, 358], ""train_group_class_counts"": [[1501, 206], [1526, 168], [6712, 770]], ""test_group_class_counts"": [[469, 64], [477, 53], [2097, 241]], ""group_proportions"": [0.15685013323532115, 0.15565560966645225, 0.6874942570982266], ""group_names"": [""survey_only"", ""exam"", ""vitals_labs""], ""group_feature_counts"": {""0"": 10, ""1"": 13, ""2"": 20}, ""max_features"": 20, ""feature_mode"": ""nested"", ""val_total"": 2721}","{""num_groups"": 3, ""eta"": 1.0, ""update_mode"": ""softmax"", ""robust_objective"": ""weighted"", ""gamma"": 0.9, ""kl_lambda"": 0.0, ""initial_pi"": [0.15685012936592102, 0.1556556075811386, 0.6874942779541016]}",2026-09-14T15:53:39.593600,1,0.6464811700828182,0.7047901968286686,0.001,0.7365480740958542,0.7617373729200697,0.7142857142857143,0.8030018761726079,0.6698113207547169,"[0.6789212420042644, 0.6698113207547169, 0.7415671864766303]","[0.8030018761726079, 0.7679245283018868, 0.7142857142857143]","[0.4166342337767805, 0.4850600964618179, 0.5405856831695556]","[0.741373644429839, 0.6955307262569832]","[[0.8422174840085288, 0.515625], [0.7924528301886793, 0.5471698113207547], [0.7072007629947544, 0.7759336099585062]]","[533, 530, 2338]",0.7843374389798365,"[0.515625, 0.5471698113207547, 0.7759336099585062]","[0.8422174840085288, 0.7924528301886793, 0.7072007629947544]","[0.6343232382632559, 0.5902551241679709, 0.5875528306451017]","[0.38596491228070173, 0.32044198895027626, 0.3589251439539347]","[0.7678404850746269, 0.7473596772279578, 0.8091741412846253]",0.6040437310254428,0.5875528306451017,0.7320837927232635,0.7458176383907643,0.7199358631747729,0.7863849765258216,0.616078431372549,"[0.616078431372549, 0.6282722513089005, 0.7659099470749164]","[0.7863849765258216, 0.7311320754716981, 0.7199358631747729]","[0.4181507065227614, 0.5136253308891406, 0.5298589312738751]","[0.7359342915811088, 0.6993006993006993]","[[0.84, 0.39215686274509803], [0.756544502617801, 0.5], [0.7079856972586412, 0.8238341968911918]]","[426, 424, 1871]",0.8005076032796771,"[0.39215686274509803, 0.5, 0.8238341968911918]","[0.84, 0.756544502617801, 0.7079856972586412]","[0.589564959608686, 0.5522454424188529, 0.5984912769268572]","[0.3053435114503817, 0.2692307692307692, 0.37767220902612825]","[0.7748235294117648, 0.712291199202194, 0.8365127495723382]",0.5801005596514653,0.5522454424188529,"[0.0, 0.0, 1.0]","[0.6344980086599078, 0.6294485153186888, 0.6135935629115385]","[0.3226538072614109, 0.3334802736254299, 0.34386591700946584]","[0.15685012936592102, 0.1556556075811386, 0.6874942779541016]"
"{""run_name"": ""nhanes_pergroup_gdro"", ""seed"": 33, ""run_dir"": ""runs/matrix_nhanes_nested/RegretDRO_s33"", ""use_nhanes"": true, ""num_classes"": 2, ""stratified_batching"": true, ""train_frac"": 0.8, ""use_post_pandemic"": true, ""data_split_seed"": 100, ""batch_size"": 128, ""num_workers"": 0, ""epochs"": 100, ""early_stopping_patience"": 25, ""lr"": 0.001, ""weight_decay"": 0.0001, ""optimizer"": ""adam"", ""grad_clip"": 1.0, ""lr_scheduler"": ""cosine"", ""lr_min"": 1e-05, ""latent_dim"": 64, ""head_hidden"": 32, ""common_encoder"": false, ""groups"": [{""name"": ""survey_only"", ""encoder"": ""mlp_tabular_ln"", ""input_dim"": 10, ""hidden_dim"": 64, ""dropout"": 0.1}, {""name"": ""exam"", ""encoder"": ""mlp_tabular_ln"", ""input_dim"": 13, ""hidden_dim"": 64, ""dropout"": 0.1}, {""name"": ""vitals_labs"", ""encoder"": ""mlp_tabular_ln"", ""input_dim"": 20, ""hidden_dim"": 64, ""dropout"": 0.1}], ""anchor_eps"": 0.0001, ""sep_samples_per_class"": 4, ""sep_method"": ""classifier"", ""sep_margin"": 1.0, ""lambda_fit"": 0.001, ""lambda_sep"": 0.001, ""groupdro_enabled"": true, ""groupdro_eta"": 1.0, ""groupdro_gamma"": 0.9, ""groupdro_update_mode"": ""softmax"", ""groupdro_objective"": ""weighted"", ""groupdro_kl_lambda"": 0.0, ""groupdro_uniform_init"": false, ""log_interval"": 20, ""save_every"": 10, ""val_frac"": 0.2, ""use_regret"": true, ""optimal_losses"": [0.3137474827246547, 0.27642265089432755, 0.26571401524607213]}","{""num_groups"": 3, ""num_classes"": 2, ""train_total"": 10883, ""test_total"": 3401, ""train_group_counts"": [1707, 1694, 7482], ""test_group_counts"": [533, 530, 2338], ""train_class_counts"": [9739, 1144], ""test_class_counts"": [3043, 358], ""train_group_class_counts"": [[1501, 206], [1526, 168], [6712, 770]], ""test_group_class_counts"": [[469, 64], [477, 53], [2097, 241]], ""group_proportions"": [0.15685013323532115, 0.15565560966645225, 0.6874942570982266], ""group_names"": [""survey_only"", ""exam"", ""vitals_labs""], ""group_feature_counts"": {""0"": 10, ""1"": 13, ""2"": 20}, ""max_features"": 20, ""feature_mode"": ""nested"", ""val_total"": 2721}","{""num_groups"": 3, ""eta"": 1.0, ""update_mode"": ""softmax"", ""robust_objective"": ""weighted"", ""gamma"": 0.9, ""kl_lambda"": 0.0, ""initial_pi"": [0.15685012936592102, 0.1556556075811386, 0.6874942779541016]}",2026-09-14T15:53:39.593600,2,0.5628325539619295,0.7204790197027867,0.001,0.6553954719200236,0.6639345583775178,0.5928705440900562,0.7509433962264151,0.701192697228145,"[0.701192697228145, 0.7106918238993711, 0.7413346867783852]","[0.5928705440900562, 0.7509433962264151, 0.6479897348160821]","[0.623240591213806, 0.44342823795060504, 0.5742342960602509]","[0.6352283930331909, 0.8268156424581006]","[[0.55863539445629, 0.84375], [0.7610062893081762, 0.660377358490566], [0.6237482117310443, 0.8589211618257261]]","[533, 530, 2338]",0.7974874104318547,"[0.84375, 0.660377358490566, 0.8589211618257261]","[0.55863539445629, 0.7610062893081762, 0.6237482117310443]","[0.5197300944669365, 0.5963442498095963, 0.5476834625319961]","[0.3323076923076923, 0.3465346534653465, 0.33468067906224735]","[0.7746535181236673, 0.7800324354258139, 0.8136658375826364]",0.554585935602843,0.5197300944669365,0.6611539875045939,0.6624467686555247,0.6197183098591549,0.7075471698113207,0.6469708302169035,"[0.7331764705882353, 0.6469708302169035, 0.7600492814663398]","[0.6197183098591549, 0.7075471698113207, 0.6600748262960984]","[0.611440969858441, 0.4871212729288019, 0.5668469169946165]","[0.6402464065708419, 0.8391608391608392]","[[0.584, 0.8823529411764706], [0.7225130890052356, 0.5714285714285714], [0.634088200238379, 0.8860103626943006]]","[426, 424, 1871]",0.8081302680892004,"[0.8823529411764706, 0.5714285714285714, 0.8860103626943006]","[0.584, 0.7225130890052356, 0.634088200238379]","[0.5435714285714286, 0.5478189073895693, 0.5597959745367699]","[0.35714285714285715, 0.27906976744186046, 0.34969325153374237]","[0.7829542483660131, 0.7368486661680379, 0.8338788466407702]",0.5503954368325893,0.5435714285714286,"[0.0, 0.0, 1.0]","[0.5834268029956591, 0.5390414091802779, 0.5309189484399908]","[0.33148422311334047, 0.32855950418640584, 0.33995627270025364]","[0.15685012936592102, 0.1556556075811386, 0.6874942779541016]"
"{""run_name"": ""nhanes_pergroup_gdro"", ""seed"": 33, ""run_dir"": ""runs/matrix_nhanes_nested/RegretDRO_s33"", ""use_nhanes"": true, ""num_classes"": 2, ""stratified_batching"": true, ""train_frac"": 0.8, ""use_post_pandemic"": true, ""data_split_seed"": 100, ""batch_size"": 128, ""num_workers"": 0, ""epochs"": 100, ""early_stopping_patience"": 25, ""lr"": 0.001, ""weight_decay"": 0.0001, ""optimizer"": ""adam"", ""grad_clip"": 1.0, ""lr_scheduler"": ""cosine"", ""lr_min"": 1e-05, ""latent_dim"": 64, ""head_hidden"": 32, ""common_encoder"": false, ""groups"": [{""name"": ""survey_only"", ""encoder"": ""mlp_tabular_ln"", ""input_dim"": 10, ""hidden_dim"": 64, ""dropout"": 0.1}, {""name"": ""exam"", ""encoder"": ""mlp_tabular_ln"", ""input_dim"": 13, ""hidden_dim"": 64, ""dropout"": 0.1}, {""name"": ""vitals_labs"", ""encoder"": ""mlp_tabular_ln"", ""input_dim"": 20, ""hidden_dim"": 64, ""dropout"": 0.1}], ""anchor_eps"": 0.0001, ""sep_samples_per_class"": 4, ""sep_method"": ""classifier"", ""sep_margin"": 1.0, ""lambda_fit"": 0.001, ""lambda_sep"": 0.001, ""groupdro_enabled"": true, ""groupdro_eta"": 1.0, ""groupdro_gamma"": 0.9, ""groupdro_update_mode"": ""softmax"", ""groupdro_objective"": ""weighted"", ""groupdro_kl_lambda"": 0.0, ""groupdro_uniform_init"": false, ""log_interval"": 20, ""save_every"": 10, ""val_frac"": 0.2, ""use_regret"": true, ""optimal_losses"": [0.3137474827246547, 0.27642265089432755, 0.26571401524607213]}","{""num_groups"": 3, ""num_classes"": 2, ""train_total"": 10883, ""test_total"": 3401, ""train_group_counts"": [1707, 1694, 7482], ""test_group_counts"": [533, 530, 2338], ""train_class_counts"": [9739, 1144], ""test_class_counts"": [3043, 358], ""train_group_class_counts"": [[1501, 206], [1526, 168], [6712, 770]], ""test_group_class_counts"": [[469, 64], [477, 53], [2097, 241]], ""group_proportions"": [0.15685013323532115, 0.15565560966645225, 0.6874942570982266], ""group_names"": [""survey_only"", ""exam"", ""vitals_labs""], ""group_feature_counts"": {""0"": 10, ""1"": 13, ""2"": 20}, ""max_features"": 20, ""feature_mode"": ""nested"", ""val_total"": 2721}","{""num_groups"": 3, ""eta"": 1.0, ""update_mode"": ""softmax"", ""robust_objective"": ""weighted"", ""gamma"": 0.9, ""kl_lambda"": 0.0, ""initial_pi"": [0.15685012936592102, 0.1556556075811386, 0.6874942779541016]}",2026-09-14T15:53:39.593600,3,0.5403333291151335,0.6998700334199777,0.001,0.6774478094678036,0.6896337827069093,0.6303939962476548,0.7716981132075472,0.7157682569296375,"[0.7157682569296375, 0.7306079664570231, 0.7463171058437563]","[0.6303939962476548, 0.7716981132075472, 0.6668092386655261]","[0.612470157150927, 0.4049474882207951, 0.5356148257907368]","[0.6608609924416694, 0.8184357541899442]","[[0.603411513859275, 0.828125], [0.7819706498951782, 0.6792452830188679], [0.6461611826418694, 0.8464730290456431]]","[533, 530, 2338]",0.7997923616249034,"[0.828125, 0.6792452830188679, 0.8464730290456431]","[0.603411513859275, 0.7819706498951782, 0.6461611826418694]","[0.5458218167819402, 0.6167476438914486, 0.5602252644790717]","[0.3498349834983498, 0.3730569948186528, 0.34372367312552654]","[0.7703224946695096, 0.7913848344606622, 0.8151439420472243]",0.5742649083841536,0.5458218167819402,0.6832047041528849,0.6804138530738589,0.6314553990610329,0.7240566037735849,0.6455372725006233,"[0.7483137254901961, 0.6455372725006233, 0.7605958240441681]","[0.6314553990610329, 0.7240566037735849, 0.6857295563869589]","[0.5978748638471457, 0.4573181148921579, 0.5256912116516822]","[0.6673511293634496, 0.8181818181818182]","[[0.5946666666666667, 0.9019607843137255], [0.743455497382199, 0.5476190476190477], [0.66626936829559, 0.8549222797927462]]","[426, 424, 1871]",0.8099653939489669,"[0.9019607843137255, 0.5476190476190477, 0.8549222797927462]","[0.5946666666666667, 0.743455497382199, 0.66626936829559]","[0.5545565345960958, 0.555702834624513, 0.5756309133662908]","[0.36947791164658633, 0.2822085889570552, 0.35947712418300654]","[0.7882875816993464, 0.7289329344303167, 0.8368184428785811]",0.5619634275289666,0.5545565345960958,"[0.0, 0.0, 1.0]","[0.541804606006259, 0.5282605088182858, 0.5193145695854636]","[0.3241946628865074, 0.33236713093869824, 0.34343819583163543]","[0.15685012936592102, 0.1556556075811386, 0.6874942779541016]"
"{""run_name"": ""nhanes_pergroup_gdro"", ""seed"": 33, ""run_dir"": ""runs/matrix_nhanes_nested/RegretDRO_s33"", ""use_nhanes"": true, ""num_classes"": 2, ""stratified_batching"": true, ""train_frac"": 0.8, ""use_post_pandemic"": true, ""data_split_seed"": 100, ""batch_size"": 128, ""num_workers"": 0, ""epochs"": 100, ""early_stopping_patience"": 25, ""lr"": 0.001, ""weight_decay"": 0.0001, ""optimizer"": ""adam"", ""grad_clip"": 1.0, ""lr_scheduler"": ""cosine"", ""lr_min"": 1e-05, ""latent_dim"": 64, ""head_hidden"": 32, ""common_encoder"": false, ""groups"": [{""name"": ""survey_only"", ""encoder"": ""mlp_tabular_ln"", ""input_dim"": 10, ""hidden_dim"": 64, ""dropout"": 0.1}, {""name"": ""exam"", ""encoder"": ""mlp_tabular_ln"", ""input_dim"": 13, ""hidden_dim"": 64, ""dropout"": 0.1}, {""name"": ""vitals_labs"", ""encoder"": ""mlp_tabular_ln"", ""input_dim"": 20, ""hidden_dim"": 64, ""dropout"": 0.1}], ""anchor_eps"": 0.0001, ""sep_samples_per_class"": 4, ""sep_method"": ""classifier"", ""sep_margin"": 1.0, ""lambda_fit"": 0.001, ""lambda_sep"": 0.001, ""groupdro_enabled"": true, ""groupdro_eta"": 1.0, ""groupdro_gamma"": 0.9, ""groupdro_update_mode"": ""softmax"", ""groupdro_objective"": ""weighted"", ""groupdro_kl_lambda"": 0.0, ""groupdro_uniform_init"": false, ""log_interval"": 20, ""save_every"": 10, ""val_frac"": 0.2, ""use_regret"": true, ""optimal_losses"": [0.3137474827246547, 0.27642265089432755, 0.26571401524607213]}","{""num_groups"": 3, ""num_classes"": 2, ""train_total"": 10883, ""test_total"": 3401, ""train_group_counts"": [1707, 1694, 7482], ""test_group_counts"": [533, 530, 2338], ""train_class_counts"": [9739, 1144], ""test_class_counts"": [3043, 358], ""train_group_class_counts"": [[1501, 206], [1526, 168], [6712, 770]], ""test_group_class_counts"": [[469, 64], [477, 53], [2097, 241]], ""group_proportions"": [0.15685013323532115, 0.15565560966645225, 0.6874942570982266], ""group_names"": [""survey_only"", ""exam"", ""vitals_labs""], ""group_feature_counts"": {""0"": 10, ""1"": 13, ""2"": 20}, ""max_features"": 20, ""feature_mode"": ""nested"", ""val_total"": 2721}","{""num_groups"": 3, ""eta"": 1.0, ""update_mode"": ""softmax"", ""robust_objective"": ""weighted"", ""gamma"": 0.9, ""kl_lambda"": 0.0, ""initial_pi"": [0.15685012936592102, 0.1556556075811386, 0.6874942779541016]}",2026-09-14T15:53:39.593600,4,0.5306806305372888,0.7047901968508018,0.001,0.6830344016465746,0.6854876078946116,0.6547842401500938,0.720754716981132,0.7026419243070363,"[0.7026419243070363, 0.7274633123689727, 0.7339867069534229]","[0.6547842401500938, 0.720754716981132, 0.6809238665526091]","[0.547448147189634, 0.4819555252755307, 0.5123605523362016]","[0.6710483075911929, 0.7849162011173184]","[[0.6396588486140725, 0.765625], [0.7190775681341719, 0.7358490566037735], [0.6671435383881735, 0.8008298755186722]]","[533, 530, 2338]",0.8033704977262587,"[0.765625, 0.7358490566037735, 0.8008298755186722]","[0.6396588486140725, 0.7190775681341719, 0.6671435383881735]","[0.5564119264727168, 0.5838373548948452, 0.5652463926489004]","[0.3475177304964539, 0.3451327433628319, 0.34098939929328625]","[0.7774853411513859, 0.7837901981725406, 0.8160957067694019]",0.5684985580054874,0.5564119264727168,0.6861447997059904,0.6732679818815882,0.6533018867924528,0.6974879743452699,0.6274619795562204,"[0.7527058823529412, 0.6274619795562204, 0.751102348589179]","[0.6690140845070423, 0.6533018867924528, 0.6974879743452699]","[0.5364921782296938, 0.5429376001768517, 0.5039986643083055]","[0.6735112936344969, 0.7937062937062938]","[[0.6426666666666667, 0.8627450980392157], [0.6596858638743456, 0.5952380952380952], [0.6835518474374255, 0.8186528497409327]]","[426, 424, 1871]",0.8098340058298992,"[0.8627450980392157, 0.5952380952380952, 0.8186528497409327]","[0.6426666666666667, 0.6596858638743456, 0.6835518474374255]","[0.57897761921117, 0.5140003274930407, 0.5801872730444159]","[0.38427947598253276, 0.25380710659898476, 0.3582766439909296]","[0.7849673202614379, 0.7241336325105958, 0.8354937718848617]",0.5577217399162088,0.5140003274930407,"[0.0, 0.0, 1.0]","[0.5286813527345657, 0.5227119284016746, 0.5132859962828019]","[0.32319875710150775, 0.3332142959622776, 0.34358695780529697]","[0.15685012936592102, 0.1556556075811386, 0.6874942779541016]"
"{""run_name"": ""nhanes_pergroup_gdro"", ""seed"": 33, ""run_dir"": ""runs/matrix_nhanes_nested/RegretDRO_s33"", ""use_nhanes"": true, ""num_classes"": 2, ""stratified_batching"": true, ""train_frac"": 0.8, ""use_post_pandemic"": true, ""data_split_seed"": 100, ""batch_size"": 128, ""num_workers"": 0, ""epochs"": 100, ""early_stopping_patience"": 25, ""lr"": 0.001, ""weight_decay"": 0.0001, ""optimizer"": ""adam"", ""grad_clip"": 1.0, ""lr_scheduler"": ""cosine"", ""lr_min"": 1e-05, ""latent_dim"": 64, ""head_hidden"": 32, ""common_encoder"": false, ""groups"": [{""name"": ""survey_only"", ""encoder"": ""mlp_tabular_ln"", ""input_dim"": 10, ""hidden_dim"": 64, ""dropout"": 0.1}, {""name"": ""exam"", ""encoder"": ""mlp_tabular_ln"", ""input_dim"": 13, ""hidden_dim"": 64, ""dropout"": 0.1}, {""name"": ""vitals_labs"", ""encoder"": ""mlp_tabular_ln"", ""input_dim"": 20, ""hidden_dim"": 64, ""dropout"": 0.1}], ""anchor_eps"": 0.0001, ""sep_samples_per_class"": 4, ""sep_method"": ""classifier"", ""sep_margin"": 1.0, ""lambda_fit"": 0.001, ""lambda_sep"": 0.001, ""groupdro_enabled"": true, ""groupdro_eta"": 1.0, ""groupdro_gamma"": 0.9, ""groupdro_update_mode"": ""softmax"", ""groupdro_objective"": ""weighted"", ""groupdro_kl_lambda"": 0.0, ""groupdro_uniform_init"": false, ""log_interval"": 20, ""save_every"": 10, ""val_frac"": 0.2, ""use_regret"": true, ""optimal_losses"": [0.3137474827246547, 0.27642265089432755, 0.26571401524607213]}","{""num_groups"": 3, ""num_classes"": 2, ""train_total"": 10883, ""test_total"": 3401, ""train_group_counts"": [1707, 1694, 7482], ""test_group_counts"": [533, 530, 2338], ""train_class_counts"": [9739, 1144], ""test_class_counts"": [3043, 358], ""train_group_class_counts"": [[1501, 206], [1526, 168], [6712, 770]], ""test_group_class_counts"": [[469, 64], [477, 53], [2097, 241]], ""group_proportions"": [0.15685013323532115, 0.15565560966645225, 0.6874942570982266], ""group_names"": [""survey_only"", ""exam"", ""vitals_labs""], ""group_feature_counts"": {""0"": 10, ""1"": 13, ""2"": 20}, ""max_features"": 20, ""feature_mode"": ""nested"", ""val_total"": 2721}","{""num_groups"": 3, ""eta"": 1.0, ""update_mode"": ""softmax"", ""robust_objective"": ""weighted"", ""gamma"": 0.9, ""kl_lambda"": 0.0, ""initial_pi"": [0.15685012936592102, 0.1556556075811386, 0.6874942779541016]}",2026-09-14T15:53:39.593600,5,0.5129986236883812,0.706925362094025,0.001,0.6745074977947663,0.6910377169229,0.6599657827202737,0.7358490566037735,0.7221815031982942,"[0.7221815031982942, 0.7358490566037735, 0.7369933732639198]","[0.6772983114446529, 0.7358490566037735, 0.6599657827202737]","[0.508889869722148, 0.44627157571936416, 0.5639315902937038]","[0.6585606309562931, 0.8100558659217877]","[[0.6631130063965884, 0.78125], [0.7358490566037735, 0.7358490566037735], [0.6399618502622795, 0.8340248962655602]]","[533, 530, 2338]",0.7938289544462336,"[0.78125, 0.7358490566037735, 0.8340248962655602]","[0.6631130063965884, 0.7358490566037735, 0.6399618502622795]","[0.5755111868424951, 0.5957636906448168, 0.5536628291049555]","[0.36764705882352944, 0.3577981651376147, 0.3358395989974937]","[0.7707389392324093, 0.78208931608718, 0.8147402829966539]",0.5749792355307558,0.5536628291049555,0.679162072767365,0.6808012485473681,0.677712453233565,0.6854460093896714,0.6418598853153827,"[0.728156862745098, 0.6418598853153827, 0.7538335175727334]","[0.6854460093896714, 0.6792452830188679, 0.677712453233565]","[0.48380581919812193, 0.5075291647160655, 0.5517869205535143]","[0.6648870636550308, 0.8006993006993007]","[[0.672, 0.7843137254901961], [0.6884816753926701, 0.5952380952380952], [0.6579261025029798, 0.8497409326424871]]","[426, 424, 1871]",0.8041333409916572,"[0.7843137254901961, 0.5952380952380952, 0.8497409326424871]","[0.672, 0.6884816753926701, 0.6579261025029798]","[0.581900213869276, 0.5316895689179092, 0.5688974685532249]","[0.37383177570093457, 0.26881720430107525, 0.35230934479054776]","[0.7976209150326796, 0.7245699326851158, 0.8343296670721991]",0.5608290837801367,0.5316895689179092,"[0.0, 0.0, 1.0]","[0.5229985458510262, 0.4981972731295086, 0.49826010746114396]","[0.32586985791430756, 0.3301253038294175, 0.34400483720442826]","[0.15685012936592102, 0.1556556075811386, 0.6874942779541016]"
"{""run_name"": ""nhanes_pergroup_gdro"", ""seed"": 33, ""run_dir"": ""runs/matrix_nhanes_nested/RegretDRO_s33"", ""use_nhanes"": true, ""num_classes"": 2, ""stratified_batching"": true, ""train_frac"": 0.8, ""use_post_pandemic"": true, ""data_split_seed"": 100, ""batch_size"": 128, ""num_workers"": 0, ""epochs"": 100, ""early_stopping_patience"": 25, ""lr"": 0.001, ""weight_decay"": 0.0001, ""optimizer"": ""adam"", ""grad_clip"": 1.0, ""lr_scheduler"": ""cosine"", ""lr_min"": 1e-05, ""latent_dim"": 64, ""head_hidden"": 32, ""common_encoder"": false, ""groups"": [{""name"": ""survey_only"", ""encoder"": ""mlp_tabular_ln"", ""input_dim"": 10, ""hidden_dim"": 64, ""dropout"": 0.1}, {""name"": ""exam"", ""encoder"": ""mlp_tabular_ln"", ""input_dim"": 13, ""hidden_dim"": 64, ""dropout"": 0.1}, {""name"": ""vitals_labs"", ""encoder"": ""mlp_tabular_ln"", ""input_dim"": 20, ""hidden_dim"": 64, ""dropout"": 0.1}], ""anchor_eps"": 0.0001, ""sep_samples_per_class"": 4, ""sep_method"": ""classifier"", ""sep_margin"": 1.0, ""lambda_fit"": 0.001, ""lambda_sep"": 0.001, ""groupdro_enabled"": true, ""groupdro_eta"": 1.0, ""groupdro_gamma"": 0.9, ""groupdro_update_mode"": ""softmax"", ""groupdro_objective"": ""weighted"", ""groupdro_kl_lambda"": 0.0, ""groupdro_uniform_init"": false, ""log_interval"": 20, ""save_every"": 10, ""val_frac"": 0.2, ""use_regret"": true, ""optimal_losses"": [0.3137474827246547, 0.27642265089432755, 0.26571401524607213]}","{""num_groups"": 3, ""num_classes"": 2, ""train_total"": 10883, ""test_total"": 3401, ""train_group_counts"": [1707, 1694, 7482], ""test_group_counts"": [533, 530, 2338], ""train_class_counts"": [9739, 1144], ""test_class_counts"": [3043, 358], ""train_group_class_counts"": [[1501, 206], [1526, 168], [6712, 770]], ""test_group_class_counts"": [[469, 64], [477, 53], [2097, 241]], ""group_proportions"": [0.15685013323532115, 0.15565560966645225, 0.6874942570982266], ""group_names"": [""survey_only"", ""exam"", ""vitals_labs""], ""group_feature_counts"": {""0"": 10, ""1"": 13, ""2"": 20}, ""max_features"": 20, ""feature_mode"": ""nested"", ""val_total"": 2721}","{""num_groups"": 3, ""eta"": 1.0, ""update_mode"": ""softmax"", ""robust_objective"": ""weighted"", ""gamma"": 0.9, ""kl_lambda"": 0.0, ""initial_pi"": [0.15685012936592102, 0.1556556075811386, 0.6874942779541016]}",2026-09-14T15:53:39.593600,6,0.5150335074090798,0.691700705532863,0.001,0.6853866509850044,0.6735318952623873,0.6360225140712945,0.6958939264328486,0.7054737473347548,"[0.7054737473347548, 0.7180293501048218, 0.7331506974001587]","[0.6360225140712945, 0.6886792452830188, 0.6958939264328486]","[0.5516537856590178, 0.5284369514912437, 0.5091801166739172]","[0.6743345382845876, 0.7793296089385475]","[[0.6140724946695096, 0.796875], [0.6813417190775681, 0.7547169811320755], [0.6862184072484502, 0.7800829875518672]]","[533, 530, 2338]",0.7982332379286099,"[0.796875, 0.7547169811320755, 0.7800829875518672]","[0.6140724946695096, 0.6813417190775681, 0.6862184072484502]","[0.5463232713232714, 0.5620383122574184, 0.5739004209683939]","[0.34459459459459457, 0.326530612244898, 0.34590616375344985]","[0.7668410181236673, 0.7754440093350738, 0.8158087922481633]",0.5607540015163612,0.5463232713232714,0.6909224549797869,0.669492904436424,0.6226415094339622,0.7097808658471406,0.6422338568935427,"[0.7567058823529411, 0.6422338568935427, 0.7510776460997857]","[0.676056338028169, 0.6226415094339622, 0.7097808658471406]","[0.5190696534908381, 0.5907142212150952, 0.4984774949762797]","[0.6788501026694045, 0.7937062937062938]","[[0.6506666666666666, 0.8627450980392157], [0.6178010471204188, 0.6666666666666666], [0.6990464839094159, 0.8031088082901554]]","[426, 424, 1871]",0.8107932108958804,"[0.8627450980392157, 0.6666666666666666, 0.8031088082901554]","[0.6506666666666666, 0.6178010471204188, 0.6990464839094159]","[0.5844666233142017, 0.503047351148617, 0.587734451371313]","[0.3893805309734514, 0.25925925925925924, 0.3634232121922626]","[0.8029019607843139, 0.7333582647718773, 0.834758872825409]",0.5584161419447106,0.503047351148617,"[0.0, 0.0, 1.0]","[0.5330445934974012, 0.4939084290748551, 0.5060167498448316]","[0.32786019304219416, 0.32818775913294623, 0.34395205098039966]","[0.15685012936592102, 0.1556556075811386, 0.6874942779541016]"
"{""run_name"": ""nhanes_pergroup_gdro"", ""seed"": 33, ""run_dir"": ""runs/matrix_nhanes_nested/RegretDRO_s33"", ""use_nhanes"": true, ""num_classes"": 2, ""stratified_batching"": true, ""train_frac"": 0.8, ""use_post_pandemic"": true, ""data_split_seed"": 100, ""batch_size"": 128, ""num_workers"": 0, ""epochs"": 100, ""early_stopping_patience"": 25, ""lr"": 0.001, ""weight_decay"": 0.0001, ""optimizer"": ""adam"", ""grad_clip"": 1.0, ""lr_scheduler"": ""cosine"", ""lr_min"": 1e-05, ""latent_dim"": 64, ""head_hidden"": 32, ""common_encoder"": false, ""groups"": [{""name"": ""survey_only"", ""encoder"": ""mlp_tabular_ln"", ""input_dim"": 10, ""hidden_dim"": 64, ""dropout"": 0.1}, {""name"": ""exam"", ""encoder"": ""mlp_tabular_ln"", ""input_dim"": 13, ""hidden_dim"": 64, ""dropout"": 0.1}, {""name"": ""vitals_labs"", ""encoder"": ""mlp_tabular_ln"", ""input_dim"": 20, ""hidden_dim"": 64, ""dropout"": 0.1}], ""anchor_eps"": 0.0001, ""sep_samples_per_class"": 4, ""sep_method"": ""classifier"", ""sep_margin"": 1.0, ""lambda_fit"": 0.001, ""lambda_sep"": 0.001, ""groupdro_enabled"": true, ""groupdro_eta"": 1.0, ""groupdro_gamma"": 0.9, ""groupdro_update_mode"": ""softmax"", ""groupdro_objective"": ""weighted"", ""groupdro_kl_lambda"": 0.0, ""groupdro_uniform_init"": false, ""log_interval"": 20, ""save_every"": 10, ""val_frac"": 0.2, ""use_regret"": true, ""optimal_losses"": [0.3137474827246547, 0.27642265089432755, 0.26571401524607213]}","{""num_groups"": 3, ""num_classes"": 2, ""train_total"": 10883, ""test_total"": 3401, ""train_group_counts"": [1707, 1694, 7482], ""test_group_counts"": [533, 530, 2338], ""train_class_counts"": [9739, 1144], ""test_class_counts"": [3043, 358], ""train_group_class_counts"": [[1501, 206], [1526, 168], [6712, 770]], ""test_group_class_counts"": [[469, 64], [477, 53], [2097, 241]], ""group_proportions"": [0.15685013323532115, 0.15565560966645225, 0.6874942570982266], ""group_names"": [""survey_only"", ""exam"", ""vitals_labs""], ""group_feature_counts"": {""0"": 10, ""1"": 13, ""2"": 20}, ""max_features"": 20, ""feature_mode"": ""nested"", ""val_total"": 2721}","{""num_groups"": 3, ""eta"": 1.0, ""update_mode"": ""softmax"", ""robust_objective"": ""weighted"", ""gamma"": 0.9, ""kl_lambda"": 0.0, ""initial_pi"": [0.15685012936592102, 0.1556556075811386, 0.6874942779541016]}",2026-09-14T15:53:39.593600,7,0.5021244543848363,0.7085963609136262,0.001,0.7206703910614525,0.7062181771188056,0.6285178236397748,0.7566037735849057,0.6802935010482181,"[0.6944629530916844, 0.6802935010482181, 0.7302617649794114]","[0.6285178236397748, 0.7566037735849057, 0.7335329341317365]","[0.5358554498929404, 0.4024852454086836, 0.44296266790857847]","[0.7213276372001315, 0.7150837988826816]","[[0.6076759061833689, 0.78125], [0.7756813417190775, 0.5849056603773585], [0.7343824511206486, 0.7261410788381742]]","[533, 530, 2338]",0.7978903867654862,"[0.78125, 0.5849056603773585, 0.7261410788381742]","[0.6076759061833689, 0.7756813417190775, 0.7343824511206486]","[0.5388789848993288, 0.588080419812145, 0.5957351321211461]","[0.3355704697986577, 0.32460732984293195, 0.3597122302158273]","[0.7723214285714285, 0.767058265100273, 0.8160185366567928]",0.57423151227754,0.5388789848993288,0.7247335538404999,0.7126615124618093,0.6596244131455399,0.7429245283018868,0.6666043380703066,"[0.7473725490196079, 0.6666043380703066, 0.74703878908397]","[0.6596244131455399, 0.7429245283018868, 0.7354355959380011]","[0.5140605468681179, 0.4497599327027411, 0.43199210090090817]","[0.7215605749486653, 0.7517482517482518]","[[0.632, 0.8627450980392157], [0.7617801047120419, 0.5714285714285714], [0.732419547079857, 0.7616580310880829]]","[426, 424, 1871]",0.8104895104895106,"[0.8627450980392157, 0.5714285714285714, 0.7616580310880829]","[0.632, 0.7617801047120419, 0.732419547079857]","[0.5717168075325703, 0.5739950408804741, 0.6024987156194834]","[0.37768240343347637, 0.3057324840764331, 0.3726235741444867]","[0.8009411764705883, 0.7225130890052357, 0.8357037430447053]",0.5827368546775092,0.5717168075325703,"[0.0, 0.0, 1.0]","[0.5149352896426406, 0.48779620460811113, 0.4903534840135013]","[0.32546798271291394, 0.3307495746542426, 0.34378244754146126]","[0.15685012936592102, 0.1556556075811386, 0.6874942779541016]"
"{""run_name"": ""nhanes_pergroup_gdro"", ""seed"": 33, ""run_dir"": ""runs/matrix_nhanes_nested/RegretDRO_s33"", ""use_nhanes"": true, ""num_classes"": 2, ""stratified_batching"": true, ""train_frac"": 0.8, ""use_post_pandemic"": true, ""data_split_seed"": 100, ""batch_size"": 128, ""num_workers"": 0, ""epochs"": 100, ""early_stopping_patience"": 25, ""lr"": 0.001, ""weight_decay"": 0.0001, ""optimizer"": ""adam"", ""grad_clip"": 1.0, ""lr_scheduler"": ""cosine"", ""lr_min"": 1e-05, ""latent_dim"": 64, ""head_hidden"": 32, ""common_encoder"": false, ""groups"": [{""name"": ""survey_only"", ""encoder"": ""mlp_tabular_ln"", ""input_dim"": 10, ""hidden_dim"": 64, ""dropout"": 0.1}, {""name"": ""exam"", ""encoder"": ""mlp_tabular_ln"", ""input_dim"": 13, ""hidden_dim"": 64, ""dropout"": 0.1}, {""name"": ""vitals_labs"", ""encoder"": ""mlp_tabular_ln"", ""input_dim"": 20, ""hidden_dim"": 64, ""dropout"": 0.1}], ""anchor_eps"": 0.0001, ""sep_samples_per_class"": 4, ""sep_method"": ""classifier"", ""sep_margin"": 1.0, ""lambda_fit"": 0.001, ""lambda_sep"": 0.001, ""groupdro_enabled"": true, ""groupdro_eta"": 1.0, ""groupdro_gamma"": 0.9, ""groupdro_update_mode"": ""softmax"", ""groupdro_objective"": ""weighted"", ""groupdro_kl_lambda"": 0.0, ""groupdro_uniform_init"": false, ""log_interval"": 20, ""save_every"": 10, ""val_frac"": 0.2, ""use_regret"": true, ""optimal_losses"": [0.3137474827246547, 0.27642265089432755, 0.26571401524607213]}","{""num_groups"": 3, ""num_classes"": 2, ""train_total"": 10883, ""test_total"": 3401, ""train_group_counts"": [1707, 1694, 7482], ""test_group_counts"": [533, 530, 2338], ""train_class_counts"": [9739, 1144], ""test_class_counts"": [3043, 358], ""train_group_class_counts"": [[1501, 206], [1526, 168], [6712, 770]], ""test_group_class_counts"": [[469, 64], [477, 53], [2097, 241]], ""group_proportions"": [0.15685013323532115, 0.15565560966645225, 0.6874942570982266], ""group_names"": [""survey_only"", ""exam"", ""vitals_labs""], ""group_feature_counts"": {""0"": 10, ""1"": 13, ""2"": 20}, ""max_features"": 20, ""feature_mode"": ""nested"", ""val_total"": 2721}","{""num_groups"": 3, ""eta"": 1.0, ""update_mode"": ""softmax"", ""robust_objective"": ""weighted"", ""gamma"": 0.9, ""kl_lambda"": 0.0, ""initial_pi"": [0.15685012936592102, 0.1556556075811386, 0.6874942779541016]}",2026-09-14T15:53:39.593600,8,0.5038367990961847,0.7230783512368328,0.001,0.6598059394295795,0.6661014579469432,0.5778611632270169,0.7660377358490567,0.6791711087420043,"[0.6791711087420043, 0.7358490566037736, 0.7265486953304168]","[0.5778611632270169, 0.7660377358490567, 0.6544054747647562]","[0.5922918151784513, 0.4137709094760588, 0.5489785649434888]","[0.6434439697666776, 0.7988826815642458]","[[0.5458422174840085, 0.8125], [0.7735849056603774, 0.6981132075471698], [0.6356700047687173, 0.8174273858921162]]","[533, 530, 2338]",0.7948221671865274,"[0.8125, 0.6981132075471698, 0.8174273858921162]","[0.5458422174840085, 0.7735849056603774, 0.6356700047687173]","[0.5054088496451151, 0.6149429328083621, 0.5476010525539377]","[0.31610942249240126, 0.37373737373737376, 0.3277870216306156]","[0.7561467217484008, 0.7813773189351687, 0.816143196069469]",0.555984278335805,0.5054088496451151,0.6747519294377067,0.6696835237857929,0.596244131455399,0.7334905660377359,0.6719645973572674,"[0.7198431372549019, 0.6719645973572674, 0.7593128385012999]","[0.596244131455399, 0.7334905660377359, 0.6793158738642437]","[0.5724629556886992, 0.47601601625199624, 0.5381438735748563]","[0.6570841889117043, 0.8251748251748252]","[[0.5573333333333333, 0.8823529411764706], [0.7486910994764397, 0.5952380952380952], [0.6585220500595947, 0.8601036269430051]]","[426, 424, 1871]",0.8050401344035841,"[0.8823529411764706, 0.5952380952380952, 0.8601036269430051]","[0.5573333333333333, 0.7486910994764397, 0.6585220500595947]","[0.525993013326433, 0.5708924813040168, 0.5713500221465336]","[0.3435114503816794, 0.3067484662576687, 0.3562231759656653]","[0.7958169934640523, 0.7257541760159562, 0.8341104324788331]",0.5560785055923279,0.525993013326433,"[0.0, 0.0, 1.0]","[0.5392003992483729, 0.47416004804628237, 0.4911395791698905]","[0.33311451059930464, 0.3241731982020771, 0.3427122901467716]","[0.15685012936592102, 0.1556556075811386, 0.6874942779541016]"
"{""run_name"": ""nhanes_pergroup_gdro"", ""seed"": 33, ""run_dir"": ""runs/matrix_nhanes_nested/RegretDRO_s33"", ""use_nhanes"": true, ""num_classes"": 2, ""stratified_batching"": true, ""train_frac"": 0.8, ""use_post_pandemic"": true, ""data_split_seed"": 100, ""batch_size"": 128, ""num_workers"": 0, ""epochs"": 100, ""early_stopping_patience"": 25, ""lr"": 0.001, ""weight_decay"": 0.0001, ""optimizer"": ""adam"", ""grad_clip"": 1.0, ""lr_scheduler"": ""cosine"", ""lr_min"": 1e-05, ""latent_dim"": 64, ""head_hidden"": 32, ""common_encoder"": false, ""groups"": [{""name"": ""survey_only"", ""encoder"": ""mlp_tabular_ln"", ""input_dim"": 10, ""hidden_dim"": 64, ""dropout"": 0.1}, {""name"": ""exam"", ""encoder"": ""mlp_tabular_ln"", ""input_dim"": 13, ""hidden_dim"": 64, ""dropout"": 0.1}, {""name"": ""vitals_labs"", ""encoder"": ""mlp_tabular_ln"", ""input_dim"": 20, ""hidden_dim"": 64, ""dropout"": 0.1}], ""anchor_eps"": 0.0001, ""sep_samples_per_class"": 4, ""sep_method"": ""classifier"", ""sep_margin"": 1.0, ""lambda_fit"": 0.001, ""lambda_sep"": 0.001, ""groupdro_enabled"": true, ""groupdro_eta"": 1.0, ""groupdro_gamma"": 0.9, ""groupdro_update_mode"": ""softmax"", ""groupdro_objective"": ""weighted"", ""groupdro_kl_lambda"": 0.0, ""groupdro_uniform_init"": false, ""log_interval"": 20, ""save_every"": 10, ""val_frac"": 0.2, ""use_regret"": true, ""optimal_losses"": [0.3137474827246547, 0.27642265089432755, 0.26571401524607213]}","{""num_groups"": 3, ""num_classes"": 2, ""train_total"": 10883, ""test_total"": 3401, ""train_group_counts"": [1707, 1694, 7482], ""test_group_counts"": [533, 530, 2338], ""train_class_counts"": [9739, 1144], ""test_class_counts"": [3043, 358], ""train_group_class_counts"": [[1501, 206], [1526, 168], [6712, 770]], ""test_group_class_counts"": [[469, 64], [477, 53], [2097, 241]], ""group_proportions"": [0.15685013323532115, 0.15565560966645225, 0.6874942570982266], ""group_names"": [""survey_only"", ""exam"", ""vitals_labs""], ""group_feature_counts"": {""0"": 10, ""1"": 13, ""2"": 20}, ""max_features"": 20, ""feature_mode"": ""nested"", ""val_total"": 2721}","{""num_groups"": 3, ""eta"": 1.0, ""update_mode"": ""softmax"", ""robust_objective"": ""weighted"", ""gamma"": 0.9, ""kl_lambda"": 0.0, ""initial_pi"": [0.15685012936592102, 0.1556556075811386, 0.6874942779541016]}",2026-09-14T15:53:39.593600,9,0.4909985601581077,0.7060898626067582,0.001,0.7047927080270509,0.7091837837097433,0.6472795497185742,0.779245283018868,0.6983775319829424,"[0.6983775319829424, 0.7431865828092243, 0.7341756747932732]","[0.6472795497185742, 0.779245283018868, 0.7010265183917879]","[0.5652991329286139, 0.39912485506227413, 0.48697236986867476]","[0.6979953992770292, 0.7625698324022346]","[[0.6311300639658849, 0.765625], [0.7882599580712788, 0.6981132075471698], [0.6924177396280401, 0.7759336099585062]]","[533, 530, 2338]",0.7991332796031556,"[0.765625, 0.6981132075471698, 0.7759336099585062]","[0.6311300639658849, 0.7882599580712788, 0.6924177396280401]","[0.5508158508158508, 0.6263985202947362, 0.5772752280834627]","[0.34265734265734266, 0.38743455497382207, 0.34855545200372795]","[0.7673240938166311, 0.7780151101617816, 0.8182485550391095]",0.5848298663980166,0.5508158508158508,0.7041528849687615,0.7026662184392599,0.6713615023474179,0.7311320754716981,0.6706556968337073,"[0.7455686274509804, 0.6706556968337073, 0.7486938558733256]","[0.6713615023474179, 0.7311320754716981, 0.7055050774986639]","[0.5417669294918493, 0.4606357742691817, 0.47818902112694905]","[0.6952772073921971, 0.7797202797202797]","[[0.648, 0.8431372549019608], [0.7460732984293194, 0.5952380952380952], [0.6942789034564958, 0.8031088082901554]]","[426, 424, 1871]",0.8073857354144828,"[0.8431372549019608, 0.5952380952380952, 0.8031088082901554]","[0.648, 0.7460732984293194, 0.6942789034564958]","[0.5784444004636828, 0.5691056910569106, 0.5843967102337756]","[0.38053097345132747, 0.3048780487804878, 0.3600464576074332]","[0.7886797385620915, 0.7231363749688356, 0.8344809698197335]",0.5773156005847896,0.5691056910569106,"[1.0, 0.0, 0.0]","[0.49838360986288854, 0.48079870658971013, 0.48967388910906656]","[0.3357940871925915, 0.3296073456020916, 0.3345985661534702]","[0.15685012936592102, 0.1556556075811386, 0.6874942779541016]"
"{""run_name"": ""nhanes_pergroup_gdro"", ""seed"": 33, ""run_dir"": ""runs/matrix_nhanes_nested/RegretDRO_s33"", ""use_nhanes"": true, ""num_classes"": 2, ""stratified_batching"": true, ""train_frac"": 0.8, ""use_post_pandemic"": true, ""data_split_seed"": 100, ""batch_size"": 128, ""num_workers"": 0, ""epochs"": 100, ""early_stopping_patience"": 25, ""lr"": 0.001, ""weight_decay"": 0.0001, ""optimizer"": ""adam"", ""grad_clip"": 1.0, ""lr_scheduler"": ""cosine"", ""lr_min"": 1e-05, ""latent_dim"": 64, ""head_hidden"": 32, ""common_encoder"": false, ""groups"": [{""name"": ""survey_only"", ""encoder"": ""mlp_tabular_ln"", ""input_dim"": 10, ""hidden_dim"": 64, ""dropout"": 0.1}, {""name"": ""exam"", ""encoder"": ""mlp_tabular_ln"", ""input_dim"": 13, ""hidden_dim"": 64, ""dropout"": 0.1}, {""name"": ""vitals_labs"", ""encoder"": ""mlp_tabular_ln"", ""input_dim"": 20, ""hidden_dim"": 64, ""dropout"": 0.1}], ""anchor_eps"": 0.0001, ""sep_samples_per_class"": 4, ""sep_method"": ""classifier"", ""sep_margin"": 1.0, ""lambda_fit"": 0.001, ""lambda_sep"": 0.001, ""groupdro_enabled"": true, ""groupdro_eta"": 1.0, ""groupdro_gamma"": 0.9, ""groupdro_update_mode"": ""softmax"", ""groupdro_objective"": ""weighted"", ""groupdro_kl_lambda"": 0.0, ""groupdro_uniform_init"": false, ""log_interval"": 20, ""save_every"": 10, ""val_frac"": 0.2, ""use_regret"": true, ""optimal_losses"": [0.3137474827246547, 0.27642265089432755, 0.26571401524607213]}","{""num_groups"": 3, ""num_classes"": 2, ""train_total"": 10883, ""test_total"": 3401, ""train_group_counts"": [1707, 1694, 7482], ""test_group_counts"": [533, 530, 2338], ""train_class_counts"": [9739, 1144], ""test_class_counts"": [3043, 358], ""train_group_class_counts"": [[1501, 206], [1526, 168], [6712, 770]], ""test_group_class_counts"": [[469, 64], [477, 53], [2097, 241]], ""group_proportions"": [0.15685013323532115, 0.15565560966645225, 0.6874942570982266], ""group_names"": [""survey_only"", ""exam"", ""vitals_labs""], ""group_feature_counts"": {""0"": 10, ""1"": 13, ""2"": 20}, ""max_features"": 20, ""feature_mode"": ""nested"", ""val_total"": 2721}","{""num_groups"": 3, ""eta"": 1.0, ""update_mode"": ""softmax"", ""robust_objective"": ""weighted"", ""gamma"": 0.9, ""kl_lambda"": 0.0, ""initial_pi"": [0.15685012936592102, 0.1556556075811386, 0.6874942779541016]}",2026-09-14T15:53:39.593600,10,0.4823704795670518,0.715094689892607,0.001,0.6780358718024111,0.6861059350175918,0.5891181988742964,0.7981132075471699,0.6781970649895178,"[0.6923140991471215, 0.6781970649895178, 0.7285026821560934]","[0.5891181988742964, 0.7981132075471699, 0.6710863986313088]","[0.6623273406869699, 0.38781532308664435, 0.5448624077599601]","[0.6677620768977982, 0.7653631284916201]","[[0.5565031982942431, 0.828125], [0.8280922431865828, 0.5283018867924528], [0.6561754887935145, 0.8008298755186722]]","[533, 530, 2338]",0.7911100116211398,"[0.828125, 0.5283018867924528, 0.8008298755186722]","[0.5565031982942431, 0.8280922431865828, 0.6561754887935145]","[0.5153036437246964, 0.6121358858088652, 0.5578976358300415]","[0.3261538461538461, 0.34355828220858897, 0.3341991341991342]","[0.7700726279317698, 0.765871603180254, 0.8161471535111412]",0.5617790551212011,0.5153036437246964,0.6909224549797869,0.6921072234540505,0.6009389671361502,0.785377358490566,0.668972824731987,"[0.7309803921568627, 0.668972824731987, 0.75380881508334]","[0.6009389671361502, 0.785377358490566, 0.6900053447354356]","[0.6392978308153964, 0.4392383871288401, 0.5356608829085224]","[0.6780287474332649, 0.8006993006993007]","[[0.56, 0.9019607843137255], [0.8141361256544503, 0.5238095238095238], [0.6734207389749702, 0.8341968911917098]]","[426, 424, 1871]",0.8014359357275167,"[0.9019607843137255, 0.5238095238095238, 0.8341968911917098]","[0.56, 0.8141361256544503, 0.6734207389749702]","[0.5315047224738001, 0.5991480962027946, 0.5763795634115112]","[0.35114503816793896, 0.32592592592592595, 0.35698447893569846]","[0.7905882352941176, 0.725691847419596, 0.8331717378818849]",0.5690107940293686,0.5315047224738001,"[0.0, 0.0, 1.0]","[0.5193677966793379, 0.4558138769297373, 0.4797140535186319]","[0.33198737326790306, 0.3237078845500946, 0.3443047449869268]","[0.15685012936592102, 0.1556556075811386, 0.6874942779541016]"
"{""run_name"": ""nhanes_pergroup_gdro"", ""seed"": 33, ""run_dir"": ""runs/matrix_nhanes_nested/RegretDRO_s33"", ""use_nhanes"": true, ""num_classes"": 2, ""stratified_batching"": true, ""train_frac"": 0.8, ""use_post_pandemic"": true, ""data_split_seed"": 100, ""batch_size"": 128, ""num_workers"": 0, ""epochs"": 100, ""early_stopping_patience"": 25, ""lr"": 0.001, ""weight_decay"": 0.0001, ""optimizer"": ""adam"", ""grad_clip"": 1.0, ""lr_scheduler"": ""cosine"", ""lr_min"": 1e-05, ""latent_dim"": 64, ""head_hidden"": 32, ""common_encoder"": false, ""groups"": [{""name"": ""survey_only"", ""encoder"": ""mlp_tabular_ln"", ""input_dim"": 10, ""hidden_dim"": 64, ""dropout"": 0.1}, {""name"": ""exam"", ""encoder"": ""mlp_tabular_ln"", ""input_dim"": 13, ""hidden_dim"": 64, ""dropout"": 0.1}, {""name"": ""vitals_labs"", ""encoder"": ""mlp_tabular_ln"", ""input_dim"": 20, ""hidden_dim"": 64, ""dropout"": 0.1}], ""anchor_eps"": 0.0001, ""sep_samples_per_class"": 4, ""sep_method"": ""classifier"", ""sep_margin"": 1.0, ""lambda_fit"": 0.001, ""lambda_sep"": 0.001, ""groupdro_enabled"": true, ""groupdro_eta"": 1.0, ""groupdro_gamma"": 0.9, ""groupdro_update_mode"": ""softmax"", ""groupdro_objective"": ""weighted"", ""groupdro_kl_lambda"": 0.0, ""groupdro_uniform_init"": false, ""log_interval"": 20, ""save_every"": 10, ""val_frac"": 0.2, ""use_regret"": true, ""optimal_losses"": [0.3137474827246547, 0.27642265089432755, 0.26571401524607213]}","{""num_groups"": 3, ""num_classes"": 2, ""train_total"": 10883, ""test_total"": 3401, ""train_group_counts"": [1707, 1694, 7482], ""test_group_counts"": [533, 530, 2338], ""train_class_counts"": [9739, 1144], ""test_class_counts"": [3043, 358], ""train_group_class_counts"": [[1501, 206], [1526, 168], [6712, 770]], ""test_group_class_counts"": [[469, 64], [477, 53], [2097, 241]], ""group_proportions"": [0.15685013323532115, 0.15565560966645225, 0.6874942570982266], ""group_names"": [""survey_only"", ""exam"", ""vitals_labs""], ""group_feature_counts"": {""0"": 10, ""1"": 13, ""2"": 20}, ""max_features"": 20, ""feature_mode"": ""nested"", ""val_total"": 2721}","{""num_groups"": 3, ""eta"": 1.0, ""update_mode"": ""softmax"", ""robust_objective"": ""weighted"", ""gamma"": 0.9, ""kl_lambda"": 0.0, ""initial_pi"": [0.15685012936592102, 0.1556556075811386, 0.6874942779541016]}",2026-09-14T15:53:39.593600,11,0.4800633777955231,0.7145376902860733,0.001,0.6477506615701264,0.6524317855138956,0.600375234521576,0.7132075471698113,0.6897274633123689,"[0.6919642857142857, 0.6897274633123689, 0.7389503281708507]","[0.600375234521576, 0.7132075471698113, 0.6437125748502994]","[0.5613163449453351, 0.4429904842667967, 0.5846322686928288]","[0.6273414393690437, 0.8212290502793296]","[[0.5714285714285714, 0.8125], [0.7190775681341719, 0.660377358490566], [0.6189794945159752, 0.8589211618257261]]","[533, 530, 2338]",0.7879284262626745,"[0.8125, 0.660377358490566, 0.8589211618257261]","[0.5714285714285714, 0.7190775681341719, 0.6189794945159752]","[0.5218482687747702, 0.5669655335526457, 0.5445344124820537]","[0.3280757097791798, 0.31531531531531526, 0.3319967923015237]","[0.761777052238806, 0.7536094300067243, 0.8156603881854536]",0.5444494049364899,0.5218482687747702,0.6523337008452774,0.6526841656053973,0.6291079812206573,0.6768867924528302,0.6511468461730242,"[0.7385098039215686, 0.6511468461730242, 0.7647504739790152]","[0.6291079812206573, 0.6768867924528302, 0.6520577231427044]","[0.5363240160081895, 0.48480481524756264, 0.5752356705268997]","[0.6279260780287474, 0.8601398601398601]","[[0.5946666666666667, 0.8823529411764706], [0.6832460732984293, 0.6190476190476191], [0.6227651966626937, 0.9067357512953368]]","[426, 424, 1871]",0.8020526701224853,"[0.8823529411764706, 0.6190476190476191, 0.9067357512953368]","[0.5946666666666667, 0.6832460732984293, 0.6227651966626937]","[0.550656910916471, 0.5336207657907203, 0.5560728946354629]","[0.3629032258064516, 0.2751322751322751, 0.34965034965034963]","[0.7908758169934641, 0.7240713039142358, 0.8300530485959723]",0.5467835237808848,0.5336207657907203,"[0.0, 0.0, 1.0]","[0.5133261719629878, 0.4848394097671622, 0.4770677068654229]","[0.3264025842442232, 0.33165162310880775, 0.3419457854593501]","[0.15685012936592102, 0.1556556075811386, 0.6874942779541016]"
"{""run_name"": ""nhanes_pergroup_gdro"", ""seed"": 33, ""run_dir"": ""runs/matrix_nhanes_nested/RegretDRO_s33"", ""use_nhanes"": true, ""num_classes"": 2, ""stratified_batching"": true, ""train_frac"": 0.8, ""use_post_pandemic"": true, ""data_split_seed"": 100, ""batch_size"": 128, ""num_workers"": 0, ""epochs"": 100, ""early_stopping_patience"": 25, ""lr"": 0.001, ""weight_decay"": 0.0001, ""optimizer"": ""adam"", ""grad_clip"": 1.0, ""lr_scheduler"": ""cosine"", ""lr_min"": 1e-05, ""latent_dim"": 64, ""head_hidden"": 32, ""common_encoder"": false, ""groups"": [{""name"": ""survey_only"", ""encoder"": ""mlp_tabular_ln"", ""input_dim"": 10, ""hidden_dim"": 64, ""dropout"": 0.1}, {""name"": ""exam"", ""encoder"": ""mlp_tabular_ln"", ""input_dim"": 13, ""hidden_dim"": 64, ""dropout"": 0.1}, {""name"": ""vitals_labs"", ""encoder"": ""mlp_tabular_ln"", ""input_dim"": 20, ""hidden_dim"": 64, ""dropout"": 0.1}], ""anchor_eps"": 0.0001, ""sep_samples_per_class"": 4, ""sep_method"": ""classifier"", ""sep_margin"": 1.0, ""lambda_fit"": 0.001, ""lambda_sep"": 0.001, ""groupdro_enabled"": true, ""groupdro_eta"": 1.0, ""groupdro_gamma"": 0.9, ""groupdro_update_mode"": ""softmax"", ""groupdro_objective"": ""weighted"", ""groupdro_kl_lambda"": 0.0, ""groupdro_uniform_init"": false, ""log_interval"": 20, ""save_every"": 10, ""val_frac"": 0.2, ""use_regret"": true, ""optimal_losses"": [0.3137474827246547, 0.27642265089432755, 0.26571401524607213]}","{""num_groups"": 3, ""num_classes"": 2, ""train_total"": 10883, ""test_total"": 3401, ""train_group_counts"": [1707, 1694, 7482], ""test_group_counts"": [533, 530, 2338], ""train_class_counts"": [9739, 1144], ""test_class_counts"": [3043, 358], ""train_group_class_counts"": [[1501, 206], [1526, 168], [6712, 770]], ""test_group_class_counts"": [[469, 64], [477, 53], [2097, 241]], ""group_proportions"": [0.15685013323532115, 0.15565560966645225, 0.6874942570982266], ""group_names"": [""survey_only"", ""exam"", ""vitals_labs""], ""group_feature_counts"": {""0"": 10, ""1"": 13, ""2"": 20}, ""max_features"": 20, ""feature_mode"": ""nested"", ""val_total"": 2721}","{""num_groups"": 3, ""eta"": 1.0, ""update_mode"": ""softmax"", ""robust_objective"": ""weighted"", ""gamma"": 0.9, ""kl_lambda"": 0.0, ""initial_pi"": [0.15685012936592102, 0.1556556075811386, 0.6874942779541016]}",2026-09-14T15:53:39.593600,12,0.4568114233252686,0.7136093575716285,0.001,0.6774478094678036,0.6721992041465382,0.5909943714821764,0.7433962264150943,0.693380197228145,"[0.693380197228145, 0.7316561844863732, 0.7310295086638292]","[0.5909943714821764, 0.7433962264150943, 0.6822070145423439]","[0.5954718925495672, 0.447988816715979, 0.5374636879458488]","[0.6644758462044036, 0.7877094972067039]","[[0.55863539445629, 0.828125], [0.7463312368972747, 0.7169811320754716], [0.6695278969957081, 0.7925311203319502]]","[533, 530, 2338]",0.7912348516698275,"[0.828125, 0.7169811320754716, 0.7925311203319502]","[0.55863539445629, 0.7463312368972747, 0.6695278969957081]","[0.5166799773718014, 0.5990566037735849, 0.5651593604305517]","[0.3271604938271605, 0.3584905660377358, 0.33955555555555555]","[0.7610441098081023, 0.7722004667536886, 0.8104009482030248]",0.5602986471919794,0.5166799773718014,0.6835722160970231,0.668472497432619,0.6056338028169014,0.7028301886792453,0.6867364746945899,"[0.7251764705882353, 0.6867364746945899, 0.7485116750140495]","[0.6056338028169014, 0.7028301886792453, 0.6969535008017104]","[0.5737392555527661, 0.5186554441628823, 0.528245447455885]","[0.6694045174537988, 0.8041958041958042]","[[0.568, 0.8823529411764706], [0.7068062827225131, 0.6666666666666666], [0.6835518474374255, 0.8134715025906736]]","[426, 424, 1871]",0.797105153573326,"[0.8823529411764706, 0.6666666666666666, 0.8134715025906736]","[0.568, 0.7068062827225131, 0.6835518474374255]","[0.5330044632370213, 0.5592515592515592, 0.5791153565841618]","[0.34883720930232553, 0.30769230769230765, 0.35641316685584556]","[0.7927843137254902, 0.7142233856893543, 0.8243653004131493]",0.5571237930242474,0.5330044632370213,"[0.0, 0.0, 1.0]","[0.5117735020106747, 0.46220346682128455, 0.47366122007369993]","[0.3300764827167287, 0.3258660242838018, 0.34405748809085174]","[0.15685012936592102, 0.1556556075811386, 0.6874942779541016]"
"{""run_name"": ""nhanes_pergroup_gdro"", ""seed"": 33, ""run_dir"": ""runs/matrix_nhanes_nested/RegretDRO_s33"", ""use_nhanes"": true, ""num_classes"": 2, ""stratified_batching"": true, ""train_frac"": 0.8, ""use_post_pandemic"": true, ""data_split_seed"": 100, ""batch_size"": 128, ""num_workers"": 0, ""epochs"": 100, ""early_stopping_patience"": 25, ""lr"": 0.001, ""weight_decay"": 0.0001, ""optimizer"": ""adam"", ""grad_clip"": 1.0, ""lr_scheduler"": ""cosine"", ""lr_min"": 1e-05, ""latent_dim"": 64, ""head_hidden"": 32, ""common_encoder"": false, ""groups"": [{""name"": ""survey_only"", ""encoder"": ""mlp_tabular_ln"", ""input_dim"": 10, ""hidden_dim"": 64, ""dropout"": 0.1}, {""name"": ""exam"", ""encoder"": ""mlp_tabular_ln"", ""input_dim"": 13, ""hidden_dim"": 64, ""dropout"": 0.1}, {""name"": ""vitals_labs"", ""encoder"": ""mlp_tabular_ln"", ""input_dim"": 20, ""hidden_dim"": 64, ""dropout"": 0.1}], ""anchor_eps"": 0.0001, ""sep_samples_per_class"": 4, ""sep_method"": ""classifier"", ""sep_margin"": 1.0, ""lambda_fit"": 0.001, ""lambda_sep"": 0.001, ""groupdro_enabled"": true, ""groupdro_eta"": 1.0, ""groupdro_gamma"": 0.9, ""groupdro_update_mode"": ""softmax"", ""groupdro_objective"": ""weighted"", ""groupdro_kl_lambda"": 0.0, ""groupdro_uniform_init"": false, ""log_interval"": 20, ""save_every"": 10, ""val_frac"": 0.2, ""use_regret"": true, ""optimal_losses"": [0.3137474827246547, 0.27642265089432755, 0.26571401524607213]}","{""num_groups"": 3, ""num_classes"": 2, ""train_total"": 10883, ""test_total"": 3401, ""train_group_counts"": [1707, 1694, 7482], ""test_group_counts"": [533, 530, 2338], ""train_class_counts"": [9739, 1144], ""test_class_counts"": [3043, 358], ""train_group_class_counts"": [[1501, 206], [1526, 168], [6712, 770]], ""test_group_class_counts"": [[469, 64], [477, 53], [2097, 241]], ""group_proportions"": [0.15685013323532115, 0.15565560966645225, 0.6874942570982266], ""group_names"": [""survey_only"", ""exam"", ""vitals_labs""], ""group_feature_counts"": {""0"": 10, ""1"": 13, ""2"": 20}, ""max_features"": 20, ""feature_mode"": ""nested"", ""val_total"": 2721}","{""num_groups"": 3, ""eta"": 1.0, ""update_mode"": ""softmax"", ""robust_objective"": ""weighted"", ""gamma"": 0.9, ""kl_lambda"": 0.0, ""initial_pi"": [0.15685012936592102, 0.1556556075811386, 0.6874942779541016]}",2026-09-14T15:53:39.593600,13,0.42402642216938735,0.7093390271515816,0.001,0.691267274331079,0.6978468423343056,0.6022514071294559,0.8056603773584906,0.6488469601677149,"[0.6727911780383795, 0.6488469601677149, 0.7347732484857838]","[0.6022514071294559, 0.8056603773584906, 0.6856287425149701]","[0.5984406786788199, 0.3607799874960482, 0.5028692492535533]","[0.6855077226421294, 0.7402234636871509]","[[0.579957356076759, 0.765625], [0.8448637316561844, 0.4528301886792453], [0.6728659990462565, 0.7966804979253111]]","[533, 530, 2338]",0.7896862843011803,"[0.765625, 0.4528301886792453, 0.7966804979253111]","[0.579957356076759, 0.8448637316561844, 0.6728659990462565]","[0.517852875917392, 0.6022847317844368, 0.5682643671316838]","[0.3161290322580645, 0.31788079470198677, 0.3431635388739946]","[0.7634095149253731, 0.7649618290415727, 0.8142060283708993]",0.5628006582778375,0.517852875917392,0.6986402058066887,0.6994375177670592,0.6384976525821596,0.7617924528301887,0.6029045125903765,"[0.7438431372549019, 0.6029045125903765, 0.7605711215547747]","[0.6384976525821596, 0.7617924528301887, 0.6980224478888295]","[0.5689936969601418, 0.42327009847590574, 0.48976275733948843]","[0.6887063655030801, 0.7832167832167832]","[[0.6053333333333333, 0.8823529411764706], [0.8010471204188482, 0.40476190476190477], [0.6817640047675805, 0.8393782383419689]]","[426, 424, 1871]",0.8021517496876841,"[0.8823529411764706, 0.40476190476190477, 0.8393782383419689]","[0.6053333333333333, 0.8010471204188482, 0.6817640047675805]","[0.5577814926660914, 0.5550984364448601, 0.5832086446607423]","[0.3688524590163934, 0.2518518518518519, 0.3644544431946007]","[0.794326797385621, 0.7076165544751932, 0.8346291847560937]",0.565362857923898,0.5550984364448601,"[0.0, 0.0, 1.0]","[0.5024471843526477, 0.43058979670916286, 0.4763238854268018]","[0.3307813030831954, 0.3207482991849675, 0.3484703926479115]","[0.15685012936592102, 0.1556556075811386, 0.6874942779541016]"
"{""run_name"": ""nhanes_pergroup_gdro"", ""seed"": 33, ""run_dir"": ""runs/matrix_nhanes_nested/RegretDRO_s33"", ""use_nhanes"": true, ""num_classes"": 2, ""stratified_batching"": true, ""train_frac"": 0.8, ""use_post_pandemic"": true, ""data_split_seed"": 100, ""batch_size"": 128, ""num_workers"": 0, ""epochs"": 100, ""early_stopping_patience"": 25, ""lr"": 0.001, ""weight_decay"": 0.0001, ""optimizer"": ""adam"", ""grad_clip"": 1.0, ""lr_scheduler"": ""cosine"", ""lr_min"": 1e-05, ""latent_dim"": 64, ""head_hidden"": 32, ""common_encoder"": false, ""groups"": [{""name"": ""survey_only"", ""encoder"": ""mlp_tabular_ln"", ""input_dim"": 10, ""hidden_dim"": 64, ""dropout"": 0.1}, {""name"": ""exam"", ""encoder"": ""mlp_tabular_ln"", ""input_dim"": 13, ""hidden_dim"": 64, ""dropout"": 0.1}, {""name"": ""vitals_labs"", ""encoder"": ""mlp_tabular_ln"", ""input_dim"": 20, ""hidden_dim"": 64, ""dropout"": 0.1}], ""anchor_eps"": 0.0001, ""sep_samples_per_class"": 4, ""sep_method"": ""classifier"", ""sep_margin"": 1.0, ""lambda_fit"": 0.001, ""lambda_sep"": 0.001, ""groupdro_enabled"": true, ""groupdro_eta"": 1.0, ""groupdro_gamma"": 0.9, ""groupdro_update_mode"": ""softmax"", ""groupdro_objective"": ""weighted"", ""groupdro_kl_lambda"": 0.0, ""groupdro_uniform_init"": false, ""log_interval"": 20, ""save_every"": 10, ""val_frac"": 0.2, ""use_regret"": true, ""optimal_losses"": [0.3137474827246547, 0.27642265089432755, 0.26571401524607213]}","{""num_groups"": 3, ""num_classes"": 2, ""train_total"": 10883, ""test_total"": 3401, ""train_group_counts"": [1707, 1694, 7482], ""test_group_counts"": [533, 530, 2338], ""train_class_counts"": [9739, 1144], ""test_class_counts"": [3043, 358], ""train_group_class_counts"": [[1501, 206], [1526, 168], [6712, 770]], ""test_group_class_counts"": [[469, 64], [477, 53], [2097, 241]], ""group_proportions"": [0.15685013323532115, 0.15565560966645225, 0.6874942570982266], ""group_names"": [""survey_only"", ""exam"", ""vitals_labs""], ""group_feature_counts"": {""0"": 10, ""1"": 13, ""2"": 20}, ""max_features"": 20, ""feature_mode"": ""nested"", ""val_total"": 2721}","{""num_groups"": 3, ""eta"": 1.0, ""update_mode"": ""softmax"", ""robust_objective"": ""weighted"", ""gamma"": 0.9, ""kl_lambda"": 0.0, ""initial_pi"": [0.15685012936592102, 0.1556556075811386, 0.6874942779541016]}",2026-09-14T15:53:39.593600,14,0.39509861362490056,0.7139806907238059,0.001,0.7121434872096443,0.7078667957521386,0.6566604127579737,0.7509433962264151,0.6902152185501066,"[0.6902152185501066, 0.7190775681341719, 0.7223221476244467]","[0.6566604127579737, 0.7509433962264151, 0.7159965782720273]","[0.5588523225706353, 0.46380171604121745, 0.44350411512246046]","[0.7108116989812685, 0.723463687150838]","[[0.6460554371002132, 0.734375], [0.7589098532494759, 0.6792452830188679], [0.7143538388173581, 0.7302904564315352]]","[533, 530, 2338]",0.7877361175112036,"[0.734375, 0.6792452830188679, 0.7302904564315352]","[0.6460554371002132, 0.7589098532494759, 0.7143538388173581]","[0.5537055085036581, 0.5993677844969764, 0.5825179639430317]","[0.33935018050541516, 0.35294117647058826, 0.3464566929133858]","[0.7586287313432835, 0.7647640520549028, 0.8068867399980608]",0.578530418981222,0.5537055085036581,0.7166482910694597,0.703236770564618,0.6807511737089202,0.7284874398717264,0.674831712789828,"[0.7509019607843137, 0.674831712789828, 0.7500432293564384]","[0.6807511737089202, 0.7004716981132075, 0.7284874398717264]","[0.5273279522208414, 0.5453830804145359, 0.4286656872651085]","[0.7104722792607803, 0.7692307692307693]","[[0.6586666666666666, 0.8431372549019608], [0.7068062827225131, 0.6428571428571429], [0.7228843861740167, 0.7772020725388601]]","[426, 424, 1871]",0.801007308912853,"[0.8431372549019608, 0.6428571428571429, 0.7772020725388601]","[0.6586666666666666, 0.7068062827225131, 0.7228843861740167]","[0.5857571857571857, 0.5539688719176323, 0.5990723305459381]","[0.38738738738738737, 0.2983425414364641, 0.37128712871287134]","[0.789516339869281, 0.718898030416355, 0.8302259660217258]",0.579599462740252,0.5539688719176323,"[0.0, 0.0, 1.0]","[0.49710732095298316, 0.4303288601693653, 0.47221727756892934]","[0.32903805322506846, 0.32259091752416946, 0.3483710257446065]","[0.15685012936592102, 0.1556556075811386, 0.6874942779541016]"
"{""run_name"": ""nhanes_pergroup_gdro"", ""seed"": 33, ""run_dir"": ""runs/matrix_nhanes_nested/RegretDRO_s33"", ""use_nhanes"": true, ""num_classes"": 2, ""stratified_batching"": true, ""train_frac"": 0.8, ""use_post_pandemic"": true, ""data_split_seed"": 100, ""batch_size"": 128, ""num_workers"": 0, ""epochs"": 100, ""early_stopping_patience"": 25, ""lr"": 0.001, ""weight_decay"": 0.0001, ""optimizer"": ""adam"", ""grad_clip"": 1.0, ""lr_scheduler"": ""cosine"", ""lr_min"": 1e-05, ""latent_dim"": 64, ""head_hidden"": 32, ""common_encoder"": false, ""groups"": [{""name"": ""survey_only"", ""encoder"": ""mlp_tabular_ln"", ""input_dim"": 10, ""hidden_dim"": 64, ""dropout"": 0.1}, {""name"": ""exam"", ""encoder"": ""mlp_tabular_ln"", ""input_dim"": 13, ""hidden_dim"": 64, ""dropout"": 0.1}, {""name"": ""vitals_labs"", ""encoder"": ""mlp_tabular_ln"", ""input_dim"": 20, ""hidden_dim"": 64, ""dropout"": 0.1}], ""anchor_eps"": 0.0001, ""sep_samples_per_class"": 4, ""sep_method"": ""classifier"", ""sep_margin"": 1.0, ""lambda_fit"": 0.001, ""lambda_sep"": 0.001, ""groupdro_enabled"": true, ""groupdro_eta"": 1.0, ""groupdro_gamma"": 0.9, ""groupdro_update_mode"": ""softmax"", ""groupdro_objective"": ""weighted"", ""groupdro_kl_lambda"": 0.0, ""groupdro_uniform_init"": false, ""log_interval"": 20, ""save_every"": 10, ""val_frac"": 0.2, ""use_regret"": true, ""optimal_losses"": [0.3137474827246547, 0.27642265089432755, 0.26571401524607213]}","{""num_groups"": 3, ""num_classes"": 2, ""train_total"": 10883, ""test_total"": 3401, ""train_group_counts"": [1707, 1694, 7482], ""test_group_counts"": [533, 530, 2338], ""train_class_counts"": [9739, 1144], ""test_class_counts"": [3043, 358], ""train_group_class_counts"": [[1501, 206], [1526, 168], [6712, 770]], ""test_group_class_counts"": [[469, 64], [477, 53], [2097, 241]], ""group_proportions"": [0.15685013323532115, 0.15565560966645225, 0.6874942570982266], ""group_names"": [""survey_only"", ""exam"", ""vitals_labs""], ""group_feature_counts"": {""0"": 10, ""1"": 13, ""2"": 20}, ""max_features"": 20, ""feature_mode"": ""nested"", ""val_total"": 2721}","{""num_groups"": 3, ""eta"": 1.0, ""update_mode"": ""softmax"", ""robust_objective"": ""weighted"", ""gamma"": 0.9, ""kl_lambda"": 0.0, ""initial_pi"": [0.15685012936592102, 0.1556556075811386, 0.6874942779541016]}",2026-09-14T15:53:39.593600,15,0.380712629775553,0.716023022629185,0.001,0.6962658041752425,0.7036078190281518,0.6378986866791745,0.7830188679245284,0.6614255765199162,"[0.6930470415778252, 0.6614255765199162, 0.7316488482855373]","[0.6378986866791745, 0.7830188679245284, 0.6899059024807528]","[0.570775928352977, 0.39004841312304256, 0.5074057668354681]","[0.6910943148209004, 0.7402234636871509]","[[0.6204690831556503, 0.765625], [0.8134171907756813, 0.5094339622641509], [0.6790653314258465, 0.7842323651452282]]","[533, 530, 2338]",0.7853517643754234,"[0.765625, 0.5094339622641509, 0.7842323651452282]","[0.6204690831556503, 0.8134171907756813, 0.6790653314258465]","[0.5438687506928278, 0.5952290824085695, 0.5698955016456404]","[0.33676975945017185, 0.31952662721893493, 0.34270172257479603]","[0.7654084488272921, 0.7602151813614969, 0.8106680755159019]",0.5696644449156792,0.5438687506928278,0.7037853730246233,0.7043194594309931,0.6666666666666666,0.7429245283018868,0.6348167539267016,"[0.7429019607843137, 0.6348167539267016, 0.7704289587283158]","[0.6666666666666666, 0.7429245283018868, 0.7033671833244255]","[0.5407570661556635, 0.45483619377684487, 0.4923143105786483]","[0.6924024640657084, 0.8006993006993007]","[[0.6426666666666667, 0.8431372549019608], [0.7696335078534031, 0.5], [0.6859356376638855, 0.8549222797927462]]","[426, 424, 1871]",0.801046079177496,"[0.8431372549019608, 0.5, 0.8549222797927462]","[0.6426666666666667, 0.7696335078534031, 0.6859356376638855]","[0.574814439946019, 0.5608805951713588, 0.5893108214732771]","[0.3771929824561404, 0.27814569536423844, 0.37288135593220345]","[0.7921830065359476, 0.7167165295437546, 0.8336349095580107]",0.5750019521968849,0.5608805951713588,"[0.0, 0.0, 1.0]","[0.5158562241565614, 0.4494806196363199, 0.4753138121436624]","[0.3316553427892573, 0.3230719189433491, 0.3452727303785436]","[0.15685012936592102, 0.1556556075811386, 0.6874942779541016]"
"{""run_name"": ""nhanes_pergroup_gdro"", ""seed"": 33, ""run_dir"": ""runs/matrix_nhanes_nested/RegretDRO_s33"", ""use_nhanes"": true, ""num_classes"": 2, ""stratified_batching"": true, ""train_frac"": 0.8, ""use_post_pandemic"": true, ""data_split_seed"": 100, ""batch_size"": 128, ""num_workers"": 0, ""epochs"": 100, ""early_stopping_patience"": 25, ""lr"": 0.001, ""weight_decay"": 0.0001, ""optimizer"": ""adam"", ""grad_clip"": 1.0, ""lr_scheduler"": ""cosine"", ""lr_min"": 1e-05, ""latent_dim"": 64, ""head_hidden"": 32, ""common_encoder"": false, ""groups"": [{""name"": ""survey_only"", ""encoder"": ""mlp_tabular_ln"", ""input_dim"": 10, ""hidden_dim"": 64, ""dropout"": 0.1}, {""name"": ""exam"", ""encoder"": ""mlp_tabular_ln"", ""input_dim"": 13, ""hidden_dim"": 64, ""dropout"": 0.1}, {""name"": ""vitals_labs"", ""encoder"": ""mlp_tabular_ln"", ""input_dim"": 20, ""hidden_dim"": 64, ""dropout"": 0.1}], ""anchor_eps"": 0.0001, ""sep_samples_per_class"": 4, ""sep_method"": ""classifier"", ""sep_margin"": 1.0, ""lambda_fit"": 0.001, ""lambda_sep"": 0.001, ""groupdro_enabled"": true, ""groupdro_eta"": 1.0, ""groupdro_gamma"": 0.9, ""groupdro_update_mode"": ""softmax"", ""groupdro_objective"": ""weighted"", ""groupdro_kl_lambda"": 0.0, ""groupdro_uniform_init"": false, ""log_interval"": 20, ""save_every"": 10, ""val_frac"": 0.2, ""use_regret"": true, ""optimal_losses"": [0.3137474827246547, 0.27642265089432755, 0.26571401524607213]}","{""num_groups"": 3, ""num_classes"": 2, ""train_total"": 10883, ""test_total"": 3401, ""train_group_counts"": [1707, 1694, 7482], ""test_group_counts"": [533, 530, 2338], ""train_class_counts"": [9739, 1144], ""test_class_counts"": [3043, 358], ""train_group_class_counts"": [[1501, 206], [1526, 168], [6712, 770]], ""test_group_class_counts"": [[469, 64], [477, 53], [2097, 241]], ""group_proportions"": [0.15685013323532115, 0.15565560966645225, 0.6874942570982266], ""group_names"": [""survey_only"", ""exam"", ""vitals_labs""], ""group_feature_counts"": {""0"": 10, ""1"": 13, ""2"": 20}, ""max_features"": 20, ""feature_mode"": ""nested"", ""val_total"": 2721}","{""num_groups"": 3, ""eta"": 1.0, ""update_mode"": ""softmax"", ""robust_objective"": ""weighted"", ""gamma"": 0.9, ""kl_lambda"": 0.0, ""initial_pi"": [0.15685012936592102, 0.1556556075811386, 0.6874942779541016]}",2026-09-14T15:53:39.593600,16,0.3664858580615013,0.7189008540439641,0.001,0.7030285210232284,0.6972093579033404,0.6116322701688556,0.7716981132075472,0.6983608742004264,"[0.6983608742004264, 0.7306079664570231, 0.7272115668105197]","[0.6116322701688556, 0.7716981132075472, 0.7082976903336184]","[0.6379869904638422, 0.42940502033702355, 0.49284027327928404]","[0.6973381531383503, 0.7513966480446927]","[[0.5842217484008528, 0.8125], [0.7819706498951782, 0.6792452830188679], [0.7033857892226991, 0.7510373443983402]]","[533, 530, 2338]",0.7892479672184719,"[0.8125, 0.6792452830188679, 0.7510373443983402]","[0.5842217484008528, 0.7819706498951782, 0.7033857892226991]","[0.530116479632035, 0.6167476438914486, 0.5794839823113407]","[0.3344051446945337, 0.3730569948186528, 0.3467432950191571]","[0.7639925373134328, 0.7720026897670187, 0.8076485475199702]",0.5754493686116081,0.530116479632035,0.7041528849687615,0.6905688504014912,0.6314553990610329,0.7240566037735849,0.6879207180254301,"[0.7398431372549019, 0.6879207180254301, 0.7500679318458318]","[0.6314553990610329, 0.7240566037735849, 0.7161945483698557]","[0.6070429265422325, 0.5057199676932626, 0.479363218830542]","[0.6944558521560575, 0.7867132867132867]","[[0.5973333333333334, 0.8823529411764706], [0.7329842931937173, 0.6428571428571429], [0.7073897497020262, 0.7927461139896373]]","[426, 424, 1871]",0.8024339110581411,"[0.8823529411764706, 0.6428571428571429, 0.7927461139896373]","[0.5973333333333334, 0.7329842931937173, 0.7073897497020262]","[0.5524341687021113, 0.5714841016870092, 0.5914015509040771]","[0.3643724696356275, 0.31578947368421056, 0.3655913978494624]","[0.7926274509803921, 0.7213911742707554, 0.8318100131540757]",0.5717732737643991,0.5524341687021113,"[0.0, 0.0, 1.0]","[0.5130881108343601, 0.4512449210243566, 0.46951044166789335]","[0.33124403392567353, 0.3245299288455178, 0.34422603652757755]","[0.15685012936592102, 0.1556556075811386, 0.6874942779541016]"
"{""run_name"": ""nhanes_pergroup_gdro"", ""seed"": 33, ""run_dir"": ""runs/matrix_nhanes_nested/RegretDRO_s33"", ""use_nhanes"": true, ""num_classes"": 2, ""stratified_batching"": true, ""train_frac"": 0.8, ""use_post_pandemic"": true, ""data_split_seed"": 100, ""batch_size"": 128, ""num_workers"": 0, ""epochs"": 100, ""early_stopping_patience"": 25, ""lr"": 0.001, ""weight_decay"": 0.0001, ""optimizer"": ""adam"", ""grad_clip"": 1.0, ""lr_scheduler"": ""cosine"", ""lr_min"": 1e-05, ""latent_dim"": 64, ""head_hidden"": 32, ""common_encoder"": false, ""groups"": [{""name"": ""survey_only"", ""encoder"": ""mlp_tabular_ln"", ""input_dim"": 10, ""hidden_dim"": 64, ""dropout"": 0.1}, {""name"": ""exam"", ""encoder"": ""mlp_tabular_ln"", ""input_dim"": 13, ""hidden_dim"": 64, ""dropout"": 0.1}, {""name"": ""vitals_labs"", ""encoder"": ""mlp_tabular_ln"", ""input_dim"": 20, ""hidden_dim"": 64, ""dropout"": 0.1}], ""anchor_eps"": 0.0001, ""sep_samples_per_class"": 4, ""sep_method"": ""classifier"", ""sep_margin"": 1.0, ""lambda_fit"": 0.001, ""lambda_sep"": 0.001, ""groupdro_enabled"": true, ""groupdro_eta"": 1.0, ""groupdro_gamma"": 0.9, ""groupdro_update_mode"": ""softmax"", ""groupdro_objective"": ""weighted"", ""groupdro_kl_lambda"": 0.0, ""groupdro_uniform_init"": false, ""log_interval"": 20, ""save_every"": 10, ""val_frac"": 0.2, ""use_regret"": true, ""optimal_losses"": [0.3137474827246547, 0.27642265089432755, 0.26571401524607213]}","{""num_groups"": 3, ""num_classes"": 2, ""train_total"": 10883, ""test_total"": 3401, ""train_group_counts"": [1707, 1694, 7482], ""test_group_counts"": [533, 530, 2338], ""train_class_counts"": [9739, 1144], ""test_class_counts"": [3043, 358], ""train_group_class_counts"": [[1501, 206], [1526, 168], [6712, 770]], ""test_group_class_counts"": [[469, 64], [477, 53], [2097, 241]], ""group_proportions"": [0.15685013323532115, 0.15565560966645225, 0.6874942570982266], ""group_names"": [""survey_only"", ""exam"", ""vitals_labs""], ""group_feature_counts"": {""0"": 10, ""1"": 13, ""2"": 20}, ""max_features"": 20, ""feature_mode"": ""nested"", ""val_total"": 2721}","{""num_groups"": 3, ""eta"": 1.0, ""update_mode"": ""softmax"", ""robust_objective"": ""weighted"", ""gamma"": 0.9, ""kl_lambda"": 0.0, ""initial_pi"": [0.15685012936592102, 0.1556556075811386, 0.6874942779541016]}",2026-09-14T15:53:39.593600,17,0.35171061829479483,0.7232640178682544,0.001,0.7094972067039106,0.7061680879099884,0.6191369606003753,0.7867924528301887,0.6823860607675907,"[0.6823860607675907, 0.7306079664570231, 0.7185784078024919]","[0.6191369606003753, 0.7867924528301887, 0.7125748502994012]","[0.5950701221353335, 0.4157277572011429, 0.4594534792463511]","[0.7078540913572132, 0.723463687150838]","[[0.5991471215351812, 0.765625], [0.80083857442348, 0.660377358490566], [0.7110157367668097, 0.7261410788381742]]","[533, 530, 2338]",0.7909076055127897,"[0.765625, 0.660377358490566, 0.7261410788381742]","[0.5991471215351812, 0.80083857442348, 0.7110157367668097]","[0.5301109591123271, 0.6268326572829628, 0.579278853723823]","[0.3255813953488372, 0.3825136612021858, 0.3424657534246575]","[0.7656916311300639, 0.7744551244017246, 0.8096233109144263]",0.5787408233730377,0.5301109591123271,0.715178243292907,0.7013598005446431,0.647887323943662,0.7287735849056604,0.6799426576913488,"[0.7407058823529412, 0.6799426576913488, 0.7586180809871115]","[0.647887323943662, 0.7287735849056604, 0.7274184927846071]","[0.5673210991158734, 0.49809901583914734, 0.4430653342828085]","[0.7071868583162217, 0.7832167832167832]","[[0.6186666666666667, 0.8627450980392157], [0.7408376963350786, 0.6190476190476191], [0.7193087008343266, 0.7979274611398963]]","[426, 424, 1871]",0.8005248345084075,"[0.8627450980392157, 0.6190476190476191, 0.7979274611398963]","[0.6186666666666667, 0.7408376963350786, 0.7193087008343266]","[0.5627241124462814, 0.5712539678352546, 0.6010547563541253]","[0.3697478991596639, 0.31137724550898205, 0.3765281173594133]","[0.7911895424836601, 0.7174644727000747, 0.8321095308379702]",0.5783442788785538,0.5627241124462814,"[0.0, 0.0, 1.0]","[0.5045313265706811, 0.422814395456087, 0.4677328453344457]","[0.33363643604166365, 0.3192739626940559, 0.34708959618035484]","[0.15685012936592102, 0.1556556075811386, 0.6874942779541016]"
"{""run_name"": ""nhanes_pergroup_gdro"", ""seed"": 33, ""run_dir"": ""runs/matrix_nhanes_nested/RegretDRO_s33"", ""use_nhanes"": true, ""num_classes"": 2, ""stratified_batching"": true, ""train_frac"": 0.8, ""use_post_pandemic"": true, ""data_split_seed"": 100, ""batch_size"": 128, ""num_workers"": 0, ""epochs"": 100, ""early_stopping_patience"": 25, ""lr"": 0.001, ""weight_decay"": 0.0001, ""optimizer"": ""adam"", ""grad_clip"": 1.0, ""lr_scheduler"": ""cosine"", ""lr_min"": 1e-05, ""latent_dim"": 64, ""head_hidden"": 32, ""common_encoder"": false, ""groups"": [{""name"": ""survey_only"", ""encoder"": ""mlp_tabular_ln"", ""input_dim"": 10, ""hidden_dim"": 64, ""dropout"": 0.1}, {""name"": ""exam"", ""encoder"": ""mlp_tabular_ln"", ""input_dim"": 13, ""hidden_dim"": 64, ""dropout"": 0.1}, {""name"": ""vitals_labs"", ""encoder"": ""mlp_tabular_ln"", ""input_dim"": 20, ""hidden_dim"": 64, ""dropout"": 0.1}], ""anchor_eps"": 0.0001, ""sep_samples_per_class"": 4, ""sep_method"": ""classifier"", ""sep_margin"": 1.0, ""lambda_fit"": 0.001, ""lambda_sep"": 0.001, ""groupdro_enabled"": true, ""groupdro_eta"": 1.0, ""groupdro_gamma"": 0.9, ""groupdro_update_mode"": ""softmax"", ""groupdro_objective"": ""weighted"", ""groupdro_kl_lambda"": 0.0, ""groupdro_uniform_init"": false, ""log_interval"": 20, ""save_every"": 10, ""val_frac"": 0.2, ""use_regret"": true, ""optimal_losses"": [0.3137474827246547, 0.27642265089432755, 0.26571401524607213]}","{""num_groups"": 3, ""num_classes"": 2, ""train_total"": 10883, ""test_total"": 3401, ""train_group_counts"": [1707, 1694, 7482], ""test_group_counts"": [533, 530, 2338], ""train_class_counts"": [9739, 1144], ""test_class_counts"": [3043, 358], ""train_group_class_counts"": [[1501, 206], [1526, 168], [6712, 770]], ""test_group_class_counts"": [[469, 64], [477, 53], [2097, 241]], ""group_proportions"": [0.15685013323532115, 0.15565560966645225, 0.6874942570982266], ""group_names"": [""survey_only"", ""exam"", ""vitals_labs""], ""group_feature_counts"": {""0"": 10, ""1"": 13, ""2"": 20}, ""max_features"": 20, ""feature_mode"": ""nested"", ""val_total"": 2721}","{""num_groups"": 3, ""eta"": 1.0, ""update_mode"": ""softmax"", ""robust_objective"": ""weighted"", ""gamma"": 0.9, ""kl_lambda"": 0.0, ""initial_pi"": [0.15685012936592102, 0.1556556075811386, 0.6874942779541016]}",2026-09-14T15:53:39.593600,18,0.3390272783390096,0.7100816933010043,0.001,0.6909732431637754,0.6922941442078043,0.6341463414634146,0.7528301886792453,0.6774220415778252,"[0.6774220415778252, 0.7117400419287212, 0.7353213541573914]","[0.6341463414634146, 0.7528301886792453, 0.6899059024807528]","[0.5283650957803329, 0.4293032310318113, 0.5095139715933555]","[0.6825501150180743, 0.7625698324022346]","[[0.6204690831556503, 0.734375], [0.7631027253668763, 0.660377358490566], [0.6781115879828327, 0.7925311203319502]]","[533, 530, 2338]",0.7848670912452245,"[0.734375, 0.660377358490566, 0.7925311203319502]","[0.6204690831556503, 0.7631027253668763, 0.6781115879828327]","[0.5371471323028416, 0.5978778980533884, 0.5709693250850506]","[0.32525951557093424, 0.34825870646766166, 0.34507678410117437]","[0.761777052238806, 0.7516712155373602, 0.8097796298604805]",0.5686647851470935,0.5371471323028416,0.6993752296949651,0.6942664187670204,0.6737089201877934,0.7051886792452831,0.6562577910745451,"[0.7553725490196079, 0.6562577910745451, 0.7661415329129793]","[0.6737089201877934, 0.7051886792452831, 0.703901656867985]","[0.4963976439398614, 0.4970762738570522, 0.48582162144552826]","[0.6862422997946612, 0.8111888111888111]","[[0.648, 0.8627450980392157], [0.7172774869109948, 0.5952380952380952], [0.6877234803337307, 0.844559585492228]]","[426, 424, 1871]",0.8036896368518546,"[0.8627450980392157, 0.5952380952380952, 0.844559585492228]","[0.648, 0.7172774869109948, 0.6877234803337307]","[0.5826325991189427, 0.5499893865421355, 0.5884418080172797]","[0.3876651982378855, 0.2857142857142857, 0.3704545454545455]","[0.7910326797385621, 0.7011967090501121, 0.8359723826168581]",0.5736879312261193,0.5499893865421355,"[0.0, 0.0, 1.0]","[0.495615297130176, 0.419758968232643, 0.4600954325760112]","[0.3325440024628359, 0.3204195178606931, 0.3470364751184688]","[0.15685012936592102, 0.1556556075811386, 0.6874942779541016]"
"{""run_name"": ""nhanes_pergroup_gdro"", ""seed"": 33, ""run_dir"": ""runs/matrix_nhanes_nested/RegretDRO_s33"", ""use_nhanes"": true, ""num_classes"": 2, ""stratified_batching"": true, ""train_frac"": 0.8, ""use_post_pandemic"": true, ""data_split_seed"": 100, ""batch_size"": 128, ""num_workers"": 0, ""epochs"": 100, ""early_stopping_patience"": 25, ""lr"": 0.001, ""weight_decay"": 0.0001, ""optimizer"": ""adam"", ""grad_clip"": 1.0, ""lr_scheduler"": ""cosine"", ""lr_min"": 1e-05, ""latent_dim"": 64, ""head_hidden"": 32, ""common_encoder"": false, ""groups"": [{""name"": ""survey_only"", ""encoder"": ""mlp_tabular_ln"", ""input_dim"": 10, ""hidden_dim"": 64, ""dropout"": 0.1}, {""name"": ""exam"", ""encoder"": ""mlp_tabular_ln"", ""input_dim"": 13, ""hidden_dim"": 64, ""dropout"": 0.1}, {""name"": ""vitals_labs"", ""encoder"": ""mlp_tabular_ln"", ""input_dim"": 20, ""hidden_dim"": 64, ""dropout"": 0.1}], ""anchor_eps"": 0.0001, ""sep_samples_per_class"": 4, ""sep_method"": ""classifier"", ""sep_margin"": 1.0, ""lambda_fit"": 0.001, ""lambda_sep"": 0.001, ""groupdro_enabled"": true, ""groupdro_eta"": 1.0, ""groupdro_gamma"": 0.9, ""groupdro_update_mode"": ""softmax"", ""groupdro_objective"": ""weighted"", ""groupdro_kl_lambda"": 0.0, ""groupdro_uniform_init"": false, ""log_interval"": 20, ""save_every"": 10, ""val_frac"": 0.2, ""use_regret"": true, ""optimal_losses"": [0.3137474827246547, 0.27642265089432755, 0.26571401524607213]}","{""num_groups"": 3, ""num_classes"": 2, ""train_total"": 10883, ""test_total"": 3401, ""train_group_counts"": [1707, 1694, 7482], ""test_group_counts"": [533, 530, 2338], ""train_class_counts"": [9739, 1144], ""test_class_counts"": [3043, 358], ""train_group_class_counts"": [[1501, 206], [1526, 168], [6712, 770]], ""test_group_class_counts"": [[469, 64], [477, 53], [2097, 241]], ""group_proportions"": [0.15685013323532115, 0.15565560966645225, 0.6874942570982266], ""group_names"": [""survey_only"", ""exam"", ""vitals_labs""], ""group_feature_counts"": {""0"": 10, ""1"": 13, ""2"": 20}, ""max_features"": 20, ""feature_mode"": ""nested"", ""val_total"": 2721}","{""num_groups"": 3, ""eta"": 1.0, ""update_mode"": ""softmax"", ""robust_objective"": ""weighted"", ""gamma"": 0.9, ""kl_lambda"": 0.0, ""initial_pi"": [0.15685012936592102, 0.1556556075811386, 0.6874942779541016]}",2026-09-14T15:53:39.593600,19,0.33851753471289875,0.7211288526028982,0.001,0.6806821523081447,0.6776689865289472,0.5853658536585366,0.7641509433962265,0.6844863731656184,"[0.6901819029850746, 0.6844863731656184, 0.7225635515664544]","[0.5853658536585366, 0.7641509433962265, 0.6834901625320787]","[0.6085816075992933, 0.4356325709369007, 0.5603041242407969]","[0.6720341767992113, 0.7541899441340782]","[[0.5522388059701493, 0.828125], [0.7840670859538784, 0.5849056603773585], [0.6733428707677634, 0.7717842323651453]]","[533, 530, 2338]",0.7810204572450371,"[0.828125, 0.5849056603773585, 0.7717842323651453]","[0.5522388059701493, 0.7840670859538784, 0.6733428707677634]","[0.5125531236938916, 0.5941831903020502, 0.5634502499010892]","[0.3241590214067278, 0.3315508021390374, 0.3345323741007194]","[0.7666910980810234, 0.7541632055694, 0.8089920989677013]",0.5567288546323437,0.5125531236938916,0.693127526644616,0.684045012703117,0.607981220657277,0.7429245283018868,0.6454126153079033,"[0.7349803921568627, 0.6454126153079033, 0.7623589642246198]","[0.607981220657277, 0.7429245283018868, 0.7012292891501871]","[0.5782858122025667, 0.5147510019041446, 0.547237421577211]","[0.680082135523614, 0.8041958041958042]","[[0.568, 0.9019607843137255], [0.7670157068062827, 0.5238095238095238], [0.6853396901072706, 0.8393782383419689]]","[426, 424, 1871]",0.794002814434026,"[0.9019607843137255, 0.5238095238095238, 0.8393782383419689]","[0.568, 0.7670157068062827, 0.6853396901072706]","[0.5367967340985891, 0.5653735834861522, 0.5857040036094319]","[0.35521235521235517, 0.28758169934640526, 0.3669309173272933]","[0.7884183006535948, 0.6906008476689105, 0.8334125871534704]",0.5626247737313911,0.5367967340985891,"[0.0, 0.0, 1.0]","[0.505118207030353, 0.42172837097729954, 0.4697495211573208]","[0.33311441400471853, 0.31946915896499856, 0.3474164298352073]","[0.15685012936592102, 0.1556556075811386, 0.6874942779541016]"
"{""run_name"": ""nhanes_pergroup_gdro"", ""seed"": 33, ""run_dir"": ""runs/matrix_nhanes_nested/RegretDRO_s33"", ""use_nhanes"": true, ""num_classes"": 2, ""stratified_batching"": true, ""train_frac"": 0.8, ""use_post_pandemic"": true, ""data_split_seed"": 100, ""batch_size"": 128, ""num_workers"": 0, ""epochs"": 100, ""early_stopping_patience"": 25, ""lr"": 0.001, ""weight_decay"": 0.0001, ""optimizer"": ""adam"", ""grad_clip"": 1.0, ""lr_scheduler"": ""cosine"", ""lr_min"": 1e-05, ""latent_dim"": 64, ""head_hidden"": 32, ""common_encoder"": false, ""groups"": [{""name"": ""survey_only"", ""encoder"": ""mlp_tabular_ln"", ""input_dim"": 10, ""hidden_dim"": 64, ""dropout"": 0.1}, {""name"": ""exam"", ""encoder"": ""mlp_tabular_ln"", ""input_dim"": 13, ""hidden_dim"": 64, ""dropout"": 0.1}, {""name"": ""vitals_labs"", ""encoder"": ""mlp_tabular_ln"", ""input_dim"": 20, ""hidden_dim"": 64, ""dropout"": 0.1}], ""anchor_eps"": 0.0001, ""sep_samples_per_class"": 4, ""sep_method"": ""classifier"", ""sep_margin"": 1.0, ""lambda_fit"": 0.001, ""lambda_sep"": 0.001, ""groupdro_enabled"": true, ""groupdro_eta"": 1.0, ""groupdro_gamma"": 0.9, ""groupdro_update_mode"": ""softmax"", ""groupdro_objective"": ""weighted"", ""groupdro_kl_lambda"": 0.0, ""groupdro_uniform_init"": false, ""log_interval"": 20, ""save_every"": 10, ""val_frac"": 0.2, ""use_regret"": true, ""optimal_losses"": [0.3137474827246547, 0.27642265089432755, 0.26571401524607213]}","{""num_groups"": 3, ""num_classes"": 2, ""train_total"": 10883, ""test_total"": 3401, ""train_group_counts"": [1707, 1694, 7482], ""test_group_counts"": [533, 530, 2338], ""train_class_counts"": [9739, 1144], ""test_class_counts"": [3043, 358], ""train_group_class_counts"": [[1501, 206], [1526, 168], [6712, 770]], ""test_group_class_counts"": [[469, 64], [477, 53], [2097, 241]], ""group_proportions"": [0.15685013323532115, 0.15565560966645225, 0.6874942570982266], ""group_names"": [""survey_only"", ""exam"", ""vitals_labs""], ""group_feature_counts"": {""0"": 10, ""1"": 13, ""2"": 20}, ""max_features"": 20, ""feature_mode"": ""nested"", ""val_total"": 2721}","{""num_groups"": 3, ""eta"": 1.0, ""update_mode"": ""softmax"", ""robust_objective"": ""weighted"", ""gamma"": 0.9, ""kl_lambda"": 0.0, ""initial_pi"": [0.15685012936592102, 0.1556556075811386, 0.6874942779541016]}",2026-09-14T15:53:39.593600,20,0.3277033892855452,0.733754177497215,0.001,0.6862687444869157,0.7031269805907371,0.6435272045028143,0.7943396226415095,0.6509433962264151,"[0.689498933901919, 0.6509433962264151, 0.7140510945294305]","[0.6435272045028143, 0.7943396226415095, 0.6715141146278871]","[0.6021368392852596, 0.39764372576149604, 0.5691418788235788]","[0.6822214919487348, 0.7206703910614525]","[[0.6289978678038379, 0.75], [0.8301886792452831, 0.4716981132075472], [0.6604673342870768, 0.7676348547717843]]","[533, 530, 2338]",0.7748417927765344,"[0.75, 0.4716981132075472, 0.7676348547717843]","[0.6289978678038379, 0.8301886792452831, 0.6604673342870768]","[0.5460372960372961, 0.5967443581206069, 0.5540300091102278]","[0.3356643356643357, 0.3144654088050315, 0.3251318101933216]","[0.7638925906183368, 0.7508009967960128, 0.802387128816705]",0.5656038877560436,0.5460372960372961,0.6964351341418596,0.7110776353004223,0.676056338028169,0.7735849056603774,0.6518324607329843,"[0.7567058823529411, 0.6518324607329843, 0.7433550303531838]","[0.676056338028169, 0.7735849056603774, 0.6835916622127205]","[0.5680180619372532, 0.4594837477933703, 0.553451925104475]","[0.686652977412731, 0.7797202797202797]","[[0.6506666666666666, 0.8627450980392157], [0.8036649214659686, 0.5], [0.668057210965435, 0.8186528497409327]]","[426, 424, 1871]",0.7908236527333038,"[0.8627450980392157, 0.5, 0.8186528497409327]","[0.6506666666666666, 0.8036649214659686, 0.668057210965435]","[0.5844666233142017, 0.5845682792406613, 0.5695627978697938]","[0.3893805309734514, 0.30434782608695654, 0.34801762114537443]","[0.7875294117647058, 0.7030665669409125, 0.8256560054839526]",0.579532566808219,0.5695627978697938,"[0.0, 0.0, 1.0]","[0.48668903573637917, 0.4235942926080454, 0.4609197279986213]","[0.3295732694513657, 0.3255277773913215, 0.34489896262393277]","[0.15685012936592102, 0.1556556075811386, 0.6874942779541016]"
"{""run_name"": ""nhanes_pergroup_gdro"", ""seed"": 33, ""run_dir"": ""runs/matrix_nhanes_nested/RegretDRO_s33"", ""use_nhanes"": true, ""num_classes"": 2, ""stratified_batching"": true, ""train_frac"": 0.8, ""use_post_pandemic"": true, ""data_split_seed"": 100, ""batch_size"": 128, ""num_workers"": 0, ""epochs"": 100, ""early_stopping_patience"": 25, ""lr"": 0.001, ""weight_decay"": 0.0001, ""optimizer"": ""adam"", ""grad_clip"": 1.0, ""lr_scheduler"": ""cosine"", ""lr_min"": 1e-05, ""latent_dim"": 64, ""head_hidden"": 32, ""common_encoder"": false, ""groups"": [{""name"": ""survey_only"", ""encoder"": ""mlp_tabular_ln"", ""input_dim"": 10, ""hidden_dim"": 64, ""dropout"": 0.1}, {""name"": ""exam"", ""encoder"": ""mlp_tabular_ln"", ""input_dim"": 13, ""hidden_dim"": 64, ""dropout"": 0.1}, {""name"": ""vitals_labs"", ""encoder"": ""mlp_tabular_ln"", ""input_dim"": 20, ""hidden_dim"": 64, ""dropout"": 0.1}], ""anchor_eps"": 0.0001, ""sep_samples_per_class"": 4, ""sep_method"": ""classifier"", ""sep_margin"": 1.0, ""lambda_fit"": 0.001, ""lambda_sep"": 0.001, ""groupdro_enabled"": true, ""groupdro_eta"": 1.0, ""groupdro_gamma"": 0.9, ""groupdro_update_mode"": ""softmax"", ""groupdro_objective"": ""weighted"", ""groupdro_kl_lambda"": 0.0, ""groupdro_uniform_init"": false, ""log_interval"": 20, ""save_every"": 10, ""val_frac"": 0.2, ""use_regret"": true, ""optimal_losses"": [0.3137474827246547, 0.27642265089432755, 0.26571401524607213]}","{""num_groups"": 3, ""num_classes"": 2, ""train_total"": 10883, ""test_total"": 3401, ""train_group_counts"": [1707, 1694, 7482], ""test_group_counts"": [533, 530, 2338], ""train_class_counts"": [9739, 1144], ""test_class_counts"": [3043, 358], ""train_group_class_counts"": [[1501, 206], [1526, 168], [6712, 770]], ""test_group_class_counts"": [[469, 64], [477, 53], [2097, 241]], ""group_proportions"": [0.15685013323532115, 0.15565560966645225, 0.6874942570982266], ""group_names"": [""survey_only"", ""exam"", ""vitals_labs""], ""group_feature_counts"": {""0"": 10, ""1"": 13, ""2"": 20}, ""max_features"": 20, ""feature_mode"": ""nested"", ""val_total"": 2721}","{""num_groups"": 3, ""eta"": 1.0, ""update_mode"": ""softmax"", ""robust_objective"": ""weighted"", ""gamma"": 0.9, ""kl_lambda"": 0.0, ""initial_pi"": [0.15685012936592102, 0.1556556075811386, 0.6874942779541016]}",2026-09-14T15:53:39.593600,21,0.31779625228887326,0.7284626810691457,0.001,0.6953837106733314,0.6920717290632775,0.5966228893058161,0.7811320754716982,0.6687631027253669,"[0.6830856876332623, 0.6687631027253669, 0.7217275420131901]","[0.5966228893058161, 0.7811320754716982, 0.6984602224123182]","[0.5775231437327443, 0.40223971003347886, 0.5144993154249087]","[0.6917515609595793, 0.7262569832402235]","[[0.5692963752665245, 0.796875], [0.8092243186582809, 0.5283018867924528], [0.6924177396280401, 0.7510373443983402]]","[533, 530, 2338]",0.7767589136712705,"[0.796875, 0.5283018867924528, 0.7510373443983402]","[0.5692963752665245, 0.8092243186582809, 0.6924177396280401]","[0.5173585811576318, 0.5974753823591032, 0.571962003769084]","[0.3217665615141956, 0.32558139534883723, 0.3392689784442362]","[0.7576459221748401, 0.7444721332225783, 0.8046587003365804]",0.5622653224286064,0.5173585811576318,0.7118706357956633,0.7070672116380932,0.6384976525821596,0.7665094339622641,0.6479057591623036,"[0.7438431372549019, 0.6479057591623036, 0.7569460312362979]","[0.6384976525821596, 0.7665094339622641, 0.7161945483698557]","[0.5479980033540611, 0.45808778008906625, 0.4949770231845816]","[0.704312114989733, 0.7762237762237763]","[[0.6053333333333333, 0.8823529411764706], [0.7958115183246073, 0.5], [0.7056019070321812, 0.8082901554404145]]","[426, 424, 1871]",0.7942742062865266,"[0.8823529411764706, 0.5, 0.8082901554404145]","[0.6053333333333333, 0.7958115183246073, 0.7056019070321812]","[0.5577814926660914, 0.578922025941196, 0.5934700761951293]","[0.3688524590163934, 0.2978723404255319, 0.3701067615658363]","[0.7827712418300653, 0.6894166043380703, 0.8308342648230375]",0.5767245316008056,0.5577814926660914,"[0.0, 0.0, 1.0]","[0.4833556722317423, 0.40374224650717916, 0.4527852254755357]","[0.33248138077118816, 0.32049411991063287, 0.34702450037002563]","[0.15685012936592102, 0.1556556075811386, 0.6874942779541016]"
"{""run_name"": ""nhanes_pergroup_gdro"", ""seed"": 33, ""run_dir"": ""runs/matrix_nhanes_nested/RegretDRO_s33"", ""use_nhanes"": true, ""num_classes"": 2, ""stratified_batching"": true, ""train_frac"": 0.8, ""use_post_pandemic"": true, ""data_split_seed"": 100, ""batch_size"": 128, ""num_workers"": 0, ""epochs"": 100, ""early_stopping_patience"": 25, ""lr"": 0.001, ""weight_decay"": 0.0001, ""optimizer"": ""adam"", ""grad_clip"": 1.0, ""lr_scheduler"": ""cosine"", ""lr_min"": 1e-05, ""latent_dim"": 64, ""head_hidden"": 32, ""common_encoder"": false, ""groups"": [{""name"": ""survey_only"", ""encoder"": ""mlp_tabular_ln"", ""input_dim"": 10, ""hidden_dim"": 64, ""dropout"": 0.1}, {""name"": ""exam"", ""encoder"": ""mlp_tabular_ln"", ""input_dim"": 13, ""hidden_dim"": 64, ""dropout"": 0.1}, {""name"": ""vitals_labs"", ""encoder"": ""mlp_tabular_ln"", ""input_dim"": 20, ""hidden_dim"": 64, ""dropout"": 0.1}], ""anchor_eps"": 0.0001, ""sep_samples_per_class"": 4, ""sep_method"": ""classifier"", ""sep_margin"": 1.0, ""lambda_fit"": 0.001, ""lambda_sep"": 0.001, ""groupdro_enabled"": true, ""groupdro_eta"": 1.0, ""groupdro_gamma"": 0.9, ""groupdro_update_mode"": ""softmax"", ""groupdro_objective"": ""weighted"", ""groupdro_kl_lambda"": 0.0, ""groupdro_uniform_init"": false, ""log_interval"": 20, ""save_every"": 10, ""val_frac"": 0.2, ""use_regret"": true, ""optimal_losses"": [0.3137474827246547, 0.27642265089432755, 0.26571401524607213]}","{""num_groups"": 3, ""num_classes"": 2, ""train_total"": 10883, ""test_total"": 3401, ""train_group_counts"": [1707, 1694, 7482], ""test_group_counts"": [533, 530, 2338], ""train_class_counts"": [9739, 1144], ""test_class_counts"": [3043, 358], ""train_group_class_counts"": [[1501, 206], [1526, 168], [6712, 770]], ""test_group_class_counts"": [[469, 64], [477, 53], [2097, 241]], ""group_proportions"": [0.15685013323532115, 0.15565560966645225, 0.6874942570982266], ""group_names"": [""survey_only"", ""exam"", ""vitals_labs""], ""group_feature_counts"": {""0"": 10, ""1"": 13, ""2"": 20}, ""max_features"": 20, ""feature_mode"": ""nested"", ""val_total"": 2721}","{""num_groups"": 3, ""eta"": 1.0, ""update_mode"": ""softmax"", ""robust_objective"": ""weighted"", ""gamma"": 0.9, ""kl_lambda"": 0.0, ""initial_pi"": [0.15685012936592102, 0.1556556075811386, 0.6874942779541016]}",2026-09-14T15:53:39.593600,22,0.32351622661189033,0.731154845852503,0.001,0.7018523963540135,0.685044337120856,0.5703564727954972,0.7679245283018868,0.681653118336887,"[0.681653118336887, 0.7117400419287212, 0.7136177546663185]","[0.5703564727954972, 0.7679245283018868, 0.716852010265184]","[0.6150501413043897, 0.417315941176217, 0.47704776035544033]","[0.6996385146237266, 0.7206703910614525]","[[0.535181236673774, 0.828125], [0.7819706498951782, 0.6415094339622641], [0.7176919408679066, 0.7095435684647303]]","[533, 530, 2338]",0.7803177730004021,"[0.828125, 0.6415094339622641, 0.7095435684647303]","[0.535181236673774, 0.7819706498951782, 0.7176919408679066]","[0.501574208301856, 0.6072394700534405, 0.5801771128991658]","[0.31641791044776113, 0.35602094240837695, 0.34063745019920316]","[0.7510161247334755, 0.7570903049721135, 0.8016154276906151]",0.5629969304181541,0.501574208301856,0.7089305402425579,0.6826115514082921,0.5915492957746479,0.7322287546766435,0.6667289952630266,"[0.7256470588235294, 0.6667289952630266, 0.7475436462109468]","[0.5915492957746479, 0.7240566037735849, 0.7322287546766435]","[0.5827920138083034, 0.4912515995708058, 0.4555650143564307]","[0.702258726899384, 0.7657342657342657]","[[0.5493333333333333, 0.9019607843137255], [0.7382198952879581, 0.5952380952380952], [0.7282479141835518, 0.7668393782383419]]","[426, 424, 1871]",0.8003238035065551,"[0.9019607843137255, 0.5952380952380952, 0.7668393782383419]","[0.5493333333333333, 0.7382198952879581, 0.7282479141835518]","[0.5244681670045421, 0.5637975151019546, 0.6006369386046571]","[0.3458646616541354, 0.2994011976047904, 0.3713927227101631]","[0.790248366013072, 0.7043754674644727, 0.8333045137623745]",0.5629675402370512,0.5244681670045421,"[0.0, 0.0, 1.0]","[0.4799484206097467, 0.4257501367302168, 0.4550071565543904]","[0.32786309491185583, 0.3258227413191515, 0.34631416184060715]","[0.15685012936592102, 0.1556556075811386, 0.6874942779541016]"
"{""run_name"": ""nhanes_pergroup_gdro"", ""seed"": 33, ""run_dir"": ""runs/matrix_nhanes_nested/RegretDRO_s33"", ""use_nhanes"": true, ""num_classes"": 2, ""stratified_batching"": true, ""train_frac"": 0.8, ""use_post_pandemic"": true, ""data_split_seed"": 100, ""batch_size"": 128, ""num_workers"": 0, ""epochs"": 100, ""early_stopping_patience"": 25, ""lr"": 0.001, ""weight_decay"": 0.0001, ""optimizer"": ""adam"", ""grad_clip"": 1.0, ""lr_scheduler"": ""cosine"", ""lr_min"": 1e-05, ""latent_dim"": 64, ""head_hidden"": 32, ""common_encoder"": false, ""groups"": [{""name"": ""survey_only"", ""encoder"": ""mlp_tabular_ln"", ""input_dim"": 10, ""hidden_dim"": 64, ""dropout"": 0.1}, {""name"": ""exam"", ""encoder"": ""mlp_tabular_ln"", ""input_dim"": 13, ""hidden_dim"": 64, ""dropout"": 0.1}, {""name"": ""vitals_labs"", ""encoder"": ""mlp_tabular_ln"", ""input_dim"": 20, ""hidden_dim"": 64, ""dropout"": 0.1}], ""anchor_eps"": 0.0001, ""sep_samples_per_class"": 4, ""sep_method"": ""classifier"", ""sep_margin"": 1.0, ""lambda_fit"": 0.001, ""lambda_sep"": 0.001, ""groupdro_enabled"": true, ""groupdro_eta"": 1.0, ""groupdro_gamma"": 0.9, ""groupdro_update_mode"": ""softmax"", ""groupdro_objective"": ""weighted"", ""groupdro_kl_lambda"": 0.0, ""groupdro_uniform_init"": false, ""log_interval"": 20, ""save_every"": 10, ""val_frac"": 0.2, ""use_regret"": true, ""optimal_losses"": [0.3137474827246547, 0.27642265089432755, 0.26571401524607213]}","{""num_groups"": 3, ""num_classes"": 2, ""train_total"": 10883, ""test_total"": 3401, ""train_group_counts"": [1707, 1694, 7482], ""test_group_counts"": [533, 530, 2338], ""train_class_counts"": [9739, 1144], ""test_class_counts"": [3043, 358], ""train_group_class_counts"": [[1501, 206], [1526, 168], [6712, 770]], ""test_group_class_counts"": [[469, 64], [477, 53], [2097, 241]], ""group_proportions"": [0.15685013323532115, 0.15565560966645225, 0.6874942570982266], ""group_names"": [""survey_only"", ""exam"", ""vitals_labs""], ""group_feature_counts"": {""0"": 10, ""1"": 13, ""2"": 20}, ""max_features"": 20, ""feature_mode"": ""nested"", ""val_total"": 2721}","{""num_groups"": 3, ""eta"": 1.0, ""update_mode"": ""softmax"", ""robust_objective"": ""weighted"", ""gamma"": 0.9, ""kl_lambda"": 0.0, ""initial_pi"": [0.15685012936592102, 0.1556556075811386, 0.6874942779541016]}",2026-09-14T15:53:39.593600,23,0.30458113889362437,0.7322688451762364,0.001,0.7165539547192002,0.7099735162001792,0.6735459662288931,0.7339622641509433,0.6863172974413646,"[0.6863172974413646, 0.709643605870021, 0.7075361561764781]","[0.6735459662288931, 0.7339622641509433, 0.7224123182207014]","[0.5228236914994252, 0.4799191071660199, 0.4718026731943042]","[0.7196845218534341, 0.6899441340782123]","[[0.6695095948827292, 0.703125], [0.740041928721174, 0.6792452830188679], [0.726275631855031, 0.6887966804979253]]","[533, 530, 2338]",0.7769282738843798,"[0.703125, 0.6792452830188679, 0.6887966804979253]","[0.6695095948827292, 0.740041928721174, 0.726275631855031]","[0.5619757424620266, 0.5857791376357318, 0.5813937064027068]","[0.34090909090909094, 0.3380281690140845, 0.3384301732925586]","[0.7476679104477613, 0.7509196629880148, 0.7980596663480924]",0.5763828621668218,0.5619757424620266,0.7217934582873944,0.70451127817769,0.6830985915492958,0.7370390165686799,0.6709050112191474,"[0.7268235294117646, 0.6709050112191474, 0.7433473108252484]","[0.6830985915492958, 0.6933962264150944, 0.7370390165686799]","[0.4866917610394319, 0.579403323939423, 0.4546545722516957]","[0.7195071868583163, 0.7412587412587412]","[[0.6693333333333333, 0.7843137254901961], [0.6989528795811518, 0.6428571428571429], [0.735399284862932, 0.7512953367875648]]","[426, 424, 1871]",0.7913908473456729,"[0.7843137254901961, 0.6428571428571429, 0.7512953367875648]","[0.6693333333333333, 0.6989528795811518, 0.735399284862932]","[0.5800810485195868, 0.5488475641697224, 0.6023138867768023]","[0.3720930232558139, 0.29347826086956524, 0.3708439897698209]","[0.7855947712418301, 0.6927823485415108, 0.8234883620396846]",0.5770808331553705,0.5488475641697224,"[0.0, 0.0, 1.0]","[0.4747836006184419, 0.40175173041366397, 0.4465413700131809]","[0.33101995675002827, 0.3213589456151513, 0.34762109062250923]","[0.15685012936592102, 0.1556556075811386, 0.6874942779541016]"
"{""run_name"": ""nhanes_pergroup_gdro"", ""seed"": 33, ""run_dir"": ""runs/matrix_nhanes_nested/RegretDRO_s33"", ""use_nhanes"": true, ""num_classes"": 2, ""stratified_batching"": true, ""train_frac"": 0.8, ""use_post_pandemic"": true, ""data_split_seed"": 100, ""batch_size"": 128, ""num_workers"": 0, ""epochs"": 100, ""early_stopping_patience"": 25, ""lr"": 0.001, ""weight_decay"": 0.0001, ""optimizer"": ""adam"", ""grad_clip"": 1.0, ""lr_scheduler"": ""cosine"", ""lr_min"": 1e-05, ""latent_dim"": 64, ""head_hidden"": 32, ""common_encoder"": false, ""groups"": [{""name"": ""survey_only"", ""encoder"": ""mlp_tabular_ln"", ""input_dim"": 10, ""hidden_dim"": 64, ""dropout"": 0.1}, {""name"": ""exam"", ""encoder"": ""mlp_tabular_ln"", ""input_dim"": 13, ""hidden_dim"": 64, ""dropout"": 0.1}, {""name"": ""vitals_labs"", ""encoder"": ""mlp_tabular_ln"", ""input_dim"": 20, ""hidden_dim"": 64, ""dropout"": 0.1}], ""anchor_eps"": 0.0001, ""sep_samples_per_class"": 4, ""sep_method"": ""classifier"", ""sep_margin"": 1.0, ""lambda_fit"": 0.001, ""lambda_sep"": 0.001, ""groupdro_enabled"": true, ""groupdro_eta"": 1.0, ""groupdro_gamma"": 0.9, ""groupdro_update_mode"": ""softmax"", ""groupdro_objective"": ""weighted"", ""groupdro_kl_lambda"": 0.0, ""groupdro_uniform_init"": false, ""log_interval"": 20, ""save_every"": 10, ""val_frac"": 0.2, ""use_regret"": true, ""optimal_losses"": [0.3137474827246547, 0.27642265089432755, 0.26571401524607213]}","{""num_groups"": 3, ""num_classes"": 2, ""train_total"": 10883, ""test_total"": 3401, ""train_group_counts"": [1707, 1694, 7482], ""test_group_counts"": [533, 530, 2338], ""train_class_counts"": [9739, 1144], ""test_class_counts"": [3043, 358], ""train_group_class_counts"": [[1501, 206], [1526, 168], [6712, 770]], ""test_group_class_counts"": [[469, 64], [477, 53], [2097, 241]], ""group_proportions"": [0.15685013323532115, 0.15565560966645225, 0.6874942570982266], ""group_names"": [""survey_only"", ""exam"", ""vitals_labs""], ""group_feature_counts"": {""0"": 10, ""1"": 13, ""2"": 20}, ""max_features"": 20, ""feature_mode"": ""nested"", ""val_total"": 2721}","{""num_groups"": 3, ""eta"": 1.0, ""update_mode"": ""softmax"", ""robust_objective"": ""weighted"", ""gamma"": 0.9, ""kl_lambda"": 0.0, ""initial_pi"": [0.15685012936592102, 0.1556556075811386, 0.6874942779541016]}",2026-09-14T15:53:39.593600,24,0.3200210908414347,0.7344040103973264,0.001,0.6945016171714201,0.6974095199253719,0.6341463414634146,0.7660377358490567,0.6774220415778252,"[0.6774220415778252, 0.7106918238993711, 0.7126422452941072]","[0.6341463414634146, 0.7660377358490567, 0.6920444824636441]","[0.5731958132993527, 0.4502081965084609, 0.5070233949854895]","[0.6910943148209004, 0.723463687150838]","[[0.6204690831556503, 0.734375], [0.779874213836478, 0.6415094339622641], [0.6866952789699571, 0.7385892116182573]]","[533, 530, 2338]",0.7789312223125884,"[0.734375, 0.6415094339622641, 0.7385892116182573]","[0.6204690831556503, 0.779874213836478, 0.6866952789699571]","[0.5371471323028416, 0.6056547619047619, 0.5654275092936802]","[0.32525951557093424, 0.3541666666666667, 0.3308550185873606]","[0.7554304371002132, 0.753016099046715, 0.8004420462347911]",0.5694098011670946,0.5371471323028416,0.7089305402425579,0.702550247764714,0.6713615023474179,0.7216981132075472,0.6654200947394664,"[0.7540392156862745, 0.6654200947394664, 0.7675156088854854]","[0.6713615023474179, 0.7216981132075472, 0.7145911277391769]","[0.5304505025575105, 0.5286277055167905, 0.49095158701167757]","[0.6977412731006161, 0.8041958041958042]","[[0.6453333333333333, 0.8627450980392157], [0.7356020942408377, 0.5952380952380952], [0.700834326579261, 0.8341968911917098]]","[426, 424, 1871]",0.7970498700478167,"[0.8627450980392157, 0.5952380952380952, 0.8341968911917098]","[0.6453333333333333, 0.7356020942408377, 0.700834326579261]","[0.5808029689608637, 0.5620448179271709, 0.5955685196339402]","[0.3859649122807018, 0.2976190476190476, 0.3761682242990655]","[0.7910326797385621, 0.705933682373473, 0.8277588048935631]",0.5794721021739916,0.5620448179271709,"[0.0, 0.0, 1.0]","[0.4997710986506371, 0.41984513331027257, 0.437554187634412]","[0.3343853762921165, 0.3245810082730125, 0.34103361859041104]","[0.15685012936592102, 0.1556556075811386, 0.6874942779541016]"
"{""run_name"": ""nhanes_pergroup_gdro"", ""seed"": 33, ""run_dir"": ""runs/matrix_nhanes_nested/RegretDRO_s33"", ""use_nhanes"": true, ""num_classes"": 2, ""stratified_batching"": true, ""train_frac"": 0.8, ""use_post_pandemic"": true, ""data_split_seed"": 100, ""batch_size"": 128, ""num_workers"": 0, ""epochs"": 100, ""early_stopping_patience"": 25, ""lr"": 0.001, ""weight_decay"": 0.0001, ""optimizer"": ""adam"", ""grad_clip"": 1.0, ""lr_scheduler"": ""cosine"", ""lr_min"": 1e-05, ""latent_dim"": 64, ""head_hidden"": 32, ""common_encoder"": false, ""groups"": [{""name"": ""survey_only"", ""encoder"": ""mlp_tabular_ln"", ""input_dim"": 10, ""hidden_dim"": 64, ""dropout"": 0.1}, {""name"": ""exam"", ""encoder"": ""mlp_tabular_ln"", ""input_dim"": 13, ""hidden_dim"": 64, ""dropout"": 0.1}, {""name"": ""vitals_labs"", ""encoder"": ""mlp_tabular_ln"", ""input_dim"": 20, ""hidden_dim"": 64, ""dropout"": 0.1}], ""anchor_eps"": 0.0001, ""sep_samples_per_class"": 4, ""sep_method"": ""classifier"", ""sep_margin"": 1.0, ""lambda_fit"": 0.001, ""lambda_sep"": 0.001, ""groupdro_enabled"": true, ""groupdro_eta"": 1.0, ""groupdro_gamma"": 0.9, ""groupdro_update_mode"": ""softmax"", ""groupdro_objective"": ""weighted"", ""groupdro_kl_lambda"": 0.0, ""groupdro_uniform_init"": false, ""log_interval"": 20, ""save_every"": 10, ""val_frac"": 0.2, ""use_regret"": true, ""optimal_losses"": [0.3137474827246547, 0.27642265089432755, 0.26571401524607213]}","{""num_groups"": 3, ""num_classes"": 2, ""train_total"": 10883, ""test_total"": 3401, ""train_group_counts"": [1707, 1694, 7482], ""test_group_counts"": [533, 530, 2338], ""train_class_counts"": [9739, 1144], ""test_class_counts"": [3043, 358], ""train_group_class_counts"": [[1501, 206], [1526, 168], [6712, 770]], ""test_group_class_counts"": [[469, 64], [477, 53], [2097, 241]], ""group_proportions"": [0.15685013323532115, 0.15565560966645225, 0.6874942570982266], ""group_names"": [""survey_only"", ""exam"", ""vitals_labs""], ""group_feature_counts"": {""0"": 10, ""1"": 13, ""2"": 20}, ""max_features"": 20, ""feature_mode"": ""nested"", ""val_total"": 2721}","{""num_groups"": 3, ""eta"": 1.0, ""update_mode"": ""softmax"", ""robust_objective"": ""weighted"", ""gamma"": 0.9, ""kl_lambda"": 0.0, ""initial_pi"": [0.15685012936592102, 0.1556556075811386, 0.6874942779541016]}",2026-09-14T15:53:39.593600,25,0.30921139440723083,0.7349610100259933,0.001,0.6889150249926492,0.6947431313268438,0.6116322701688556,0.7886792452830189,0.6645702306079664,"[0.6983608742004264, 0.6645702306079664, 0.7209657344912808]","[0.6116322701688556, 0.7886792452830189, 0.6839178785286569]","[0.596624472939846, 0.44559863851804177, 0.5159931863669072]","[0.6832073611567532, 0.7374301675977654]","[[0.5842217484008528, 0.8125], [0.8197064989517819, 0.5094339622641509], [0.6742966142107774, 0.7676348547717843]]","[533, 530, 2338]",0.774452126595153,"[0.8125, 0.5094339622641509, 0.7676348547717843]","[0.5842217484008528, 0.8197064989517819, 0.6742966142107774]","[0.530116479632035, 0.6000107813805557, 0.5632285025315973]","[0.3344051446945337, 0.3253012048192771, 0.3336339044183949]","[0.7704390991471215, 0.7277006447529767, 0.8021318738288445]",0.564451921181396,0.530116479632035,0.7030503491363469,0.7052345187119161,0.6314553990610329,0.7830188679245284,0.6676639242084268,"[0.7229019607843137, 0.6676639242084268, 0.7486027654436875]","[0.6314553990610329, 0.7830188679245284, 0.7012292891501871]","[0.5588643217283469, 0.49180163892786255, 0.4976148349926346]","[0.6948665297741273, 0.7727272727272727]","[[0.6026666666666667, 0.8431372549019608], [0.8115183246073299, 0.5238095238095238], [0.6889153754469607, 0.8082901554404145]]","[426, 424, 1871]",0.7915760830545227,"[0.8431372549019608, 0.5238095238095238, 0.8082901554404145]","[0.6026666666666667, 0.8115183246073299, 0.6889153754469607]","[0.5480548967139006, 0.5971579643093192, 0.5817516388797912]","[0.35390946502057613, 0.3235294117647059, 0.3582089552238806]","[0.7831372549019607, 0.694153577661431, 0.827576624034287]",0.5756548333010038,0.5480548967139006,"[0.0, 0.0, 1.0]","[0.4910778985137031, 0.3980224826151416, 0.44880226780386534]","[0.33471014569787416, 0.3180863948429332, 0.34720345910857703]","[0.15685012936592102, 0.1556556075811386, 0.6874942779541016]"
"{""run_name"": ""nhanes_pergroup_gdro"", ""seed"": 33, ""run_dir"": ""runs/matrix_nhanes_nested/RegretDRO_s33"", ""use_nhanes"": true, ""num_classes"": 2, ""stratified_batching"": true, ""train_frac"": 0.8, ""use_post_pandemic"": true, ""data_split_seed"": 100, ""batch_size"": 128, ""num_workers"": 0, ""epochs"": 100, ""early_stopping_patience"": 25, ""lr"": 0.001, ""weight_decay"": 0.0001, ""optimizer"": ""adam"", ""grad_clip"": 1.0, ""lr_scheduler"": ""cosine"", ""lr_min"": 1e-05, ""latent_dim"": 64, ""head_hidden"": 32, ""common_encoder"": false, ""groups"": [{""name"": ""survey_only"", ""encoder"": ""mlp_tabular_ln"", ""input_dim"": 10, ""hidden_dim"": 64, ""dropout"": 0.1}, {""name"": ""exam"", ""encoder"": ""mlp_tabular_ln"", ""input_dim"": 13, ""hidden_dim"": 64, ""dropout"": 0.1}, {""name"": ""vitals_labs"", ""encoder"": ""mlp_tabular_ln"", ""input_dim"": 20, ""hidden_dim"": 64, ""dropout"": 0.1}], ""anchor_eps"": 0.0001, ""sep_samples_per_class"": 4, ""sep_method"": ""classifier"", ""sep_margin"": 1.0, ""lambda_fit"": 0.001, ""lambda_sep"": 0.001, ""groupdro_enabled"": true, ""groupdro_eta"": 1.0, ""groupdro_gamma"": 0.9, ""groupdro_update_mode"": ""softmax"", ""groupdro_objective"": ""weighted"", ""groupdro_kl_lambda"": 0.0, ""groupdro_uniform_init"": false, ""log_interval"": 20, ""save_every"": 10, ""val_frac"": 0.2, ""use_regret"": true, ""optimal_losses"": [0.3137474827246547, 0.27642265089432755, 0.26571401524607213]}","{""num_groups"": 3, ""num_classes"": 2, ""train_total"": 10883, ""test_total"": 3401, ""train_group_counts"": [1707, 1694, 7482], ""test_group_counts"": [533, 530, 2338], ""train_class_counts"": [9739, 1144], ""test_class_counts"": [3043, 358], ""train_group_class_counts"": [[1501, 206], [1526, 168], [6712, 770]], ""test_group_class_counts"": [[469, 64], [477, 53], [2097, 241]], ""group_proportions"": [0.15685013323532115, 0.15565560966645225, 0.6874942570982266], ""group_names"": [""survey_only"", ""exam"", ""vitals_labs""], ""group_feature_counts"": {""0"": 10, ""1"": 13, ""2"": 20}, ""max_features"": 20, ""feature_mode"": ""nested"", ""val_total"": 2721}","{""num_groups"": 3, ""eta"": 1.0, ""update_mode"": ""softmax"", ""robust_objective"": ""weighted"", ""gamma"": 0.9, ""kl_lambda"": 0.0, ""initial_pi"": [0.15685012936592102, 0.1556556075811386, 0.6874942779541016]}",2026-09-14T15:53:39.593600,26,0.30049462475897964,0.7289268473821018,0.001,0.6933254925022052,0.6958417346542155,0.6472795497185742,0.7490566037735849,0.7012578616352201,"[0.705123933901919, 0.7012578616352201, 0.7158378794444543]","[0.6472795497185742, 0.7490566037735849, 0.6911890504704876]","[0.5998061210950841, 0.4684807868828111, 0.5163613973078913]","[0.6881367071968452, 0.7374301675977654]","[[0.6289978678038379, 0.78125], [0.7610062893081762, 0.6415094339622641], [0.6847877920839294, 0.7468879668049793]]","[533, 530, 2338]",0.7761985103644777,"[0.78125, 0.6415094339622641, 0.7468879668049793]","[0.6289978678038379, 0.7610062893081762, 0.6847877920839294]","[0.5527884890031418, 0.5917386293213791, 0.5659134087722708]","[0.3472222222222222, 0.3383084577114428, 0.33271719038817005]","[0.7608275586353945, 0.7331592895850638, 0.8003292591471318]",0.5701468423655972,0.5527884890031418,0.6971701580301359,0.6968565784505197,0.6666666666666666,0.7264150943396226,0.6892296185489903,"[0.7344313725490196, 0.6892296185489903, 0.741931549401891]","[0.6666666666666666, 0.7264150943396226, 0.6974879743452699]","[0.5538700494891745, 0.5205064452996228, 0.5046194152679889]","[0.6874743326488706, 0.7797202797202797]","[[0.6453333333333333, 0.8235294117647058], [0.7356020942408377, 0.6428571428571429], [0.6859356376638855, 0.7979274611398963]]","[426, 424, 1871]",0.7949849944716474,"[0.8235294117647058, 0.6428571428571429, 0.7979274611398963]","[0.6453333333333333, 0.7356020942408377, 0.6859356376638855]","[0.572422177613164, 0.5732778066979003, 0.5775263381302082]","[0.3716814159292035, 0.3176470588235294, 0.3524027459954233]","[0.7852810457516339, 0.7127274993767141, 0.8236643672766124]",0.5744087741470908,0.572422177613164,"[0.0, 0.0, 1.0]","[0.46119360554785954, 0.4088990306038232, 0.4474121209453134]","[0.32649730443954467, 0.32431061618468343, 0.3491920793757719]","[0.15685012936592102, 0.1556556075811386, 0.6874942779541016]"
