config,dataset_info,groupdro_config,start_time,epoch,train_loss,train_acc,learning_rate,test_overall_acc,test_balanced_acc,test_worst_group_acc,test_best_group_acc,test_per_group_acc,test_per_group_loss,test_per_class_acc,test_per_group_per_class_acc,test_per_group_counts,test_overall_macro_f1,test_per_group_f1,test_worst_group_f1,test_worst_group_loss,val_overall_acc,val_balanced_acc,val_worst_group_acc,val_best_group_acc,val_per_group_acc,val_per_group_loss,val_per_class_acc,val_per_group_per_class_acc,val_per_group_counts,val_overall_macro_f1,val_per_group_f1,val_worst_group_f1,val_worst_group_loss,groupdro_weights,train_per_group_loss,groupdro_weights_mean,groupdro_pi,groupdro_kl_penalty
"{""run_name"": ""fedheart_exp_paper_hetagg_gdro"", ""seed"": 42, ""run_dir"": ""runs/fedheart_cv/PerGroupOnly_s42_f4"", ""use_fedheart"": true, ""num_classes"": 2, ""stratified_batching"": true, ""train_frac"": 0.8, ""group_max_train_samples"": [null, null, 20, 25], ""true_hetero_input_dim"": true, ""feature_mask"": [[0, 1, 2, 3, 5, 6, 7, 8, 9, 10], [0, 1, 2, 3, 5, 6, 11, 12], [0, 1, 2, 4, 5, 7, 11, 12], [0, 1, 2, 4, 5, 6, 8, 9, 10]], ""batch_size"": 64, ""num_workers"": 0, ""epochs"": 100, ""early_stopping_patience"": 30, ""lr"": 0.001, ""weight_decay"": 0.0001, ""optimizer"": ""adam"", ""grad_clip"": 1.0, ""lr_scheduler"": ""cosine"", ""lr_min"": 1e-05, ""latent_dim"": 64, ""head_hidden"": 32, ""groups"": [{""name"": ""cleveland"", ""encoder"": ""mlp_tabular_ln"", ""input_dim"": 10, ""hidden_dim"": 64, ""dropout"": 0.1}, {""name"": ""hungarian"", ""encoder"": ""mlp_tabular_ln"", ""input_dim"": 8, ""hidden_dim"": 64, ""dropout"": 0.1}, {""name"": ""switzerland"", ""encoder"": ""mlp_tabular_ln"", ""input_dim"": 8, ""hidden_dim"": 64, ""dropout"": 0.1}, {""name"": ""va_long_beach"", ""encoder"": ""mlp_tabular_ln"", ""input_dim"": 9, ""hidden_dim"": 64, ""dropout"": 0.1}], ""anchor_eps"": 0.0001, ""sep_samples_per_class"": 4, ""sep_method"": ""classifier"", ""sep_margin"": 1.0, ""lambda_fit"": 0.001, ""lambda_sep"": 0.001, ""groupdro_enabled"": false, ""groupdro_eta"": 0.02, ""groupdro_gamma"": 0.9, ""groupdro_update_mode"": ""exp"", ""groupdro_objective"": ""weighted"", ""groupdro_kl_lambda"": 0.0, ""groupdro_uniform_init"": false, ""log_interval"": 20, ""save_every"": 10, ""groupdro_ema_decay"": 0.9, ""groupdro_update_every"": 1, ""dro_signal"": ""val"", ""val_frac"": 0.15, ""impute_missing"": true, ""common_encoder"": false, ""use_regret"": false, ""data_split_seed"": 1004}","{""num_groups"": 4, ""num_classes"": 2, ""train_total"": 449, ""test_total"": 185, ""train_group_counts"": [205, 199, 20, 25], ""test_group_counts"": [61, 59, 25, 40], ""train_class_counts"": [248, 201], ""test_class_counts"": [83, 102], ""train_group_class_counts"": [[111, 94], [127, 72], [2, 18], [8, 17]], ""test_group_class_counts"": [[33, 28], [38, 21], [2, 23], [10, 30]], ""group_proportions"": [0.45657015590200445, 0.44320712694877507, 0.044543429844097995, 0.0556792873051225], ""val_group_counts"": [37, 36, 15, 24], ""val_total"": 112}",,2026-09-15T20:30:23.968460,1,0.7315415215600375,0.5374149666621841,0.001,0.7837837837837838,0.800800916921367,0.75,0.92,"[0.7704918032786885, 0.7627118644067796, 0.92, 0.75]","[0.6366085908452018, 0.6282269136380341, 0.45231715321540833, 0.585444163531065]","[0.7831325301204819, 0.7843137254901961]","[[0.8181818181818182, 0.7142857142857143], [1.0, 0.3333333333333333], [0.0, 1.0], [0.0, 1.0]]","[61, 59, 25, 40]",0.7823529411764706,"[0.7674291938997821, 0.6722222222222222, 0.4791666666666667, 0.42857142857142855]",0.42857142857142855,0.6366085908452018,0.6607142857142857,0.7087462462462463,0.5405405405405406,0.9333333333333333,"[0.5405405405405406, 0.6111111111111112, 0.9333333333333333, 0.75]","[0.6594080481980298, 0.6444759650362862, 0.4527295450369517, 0.5812787388761839]","[0.7, 0.6290322580645161]","[[0.7, 0.35294117647058826], [0.9130434782608695, 0.07692307692307693], [0.0, 1.0], [0.0, 1.0]]","[37, 36, 15, 24]",0.6602809706257982,"[0.518007662835249, 0.4375, 0.4827586206896552, 0.42857142857142855]",0.42857142857142855,0.6594080481980298,,"[NaN, NaN, NaN, NaN]",,,
"{""run_name"": ""fedheart_exp_paper_hetagg_gdro"", ""seed"": 42, ""run_dir"": ""runs/fedheart_cv/PerGroupOnly_s42_f4"", ""use_fedheart"": true, ""num_classes"": 2, ""stratified_batching"": true, ""train_frac"": 0.8, ""group_max_train_samples"": [null, null, 20, 25], ""true_hetero_input_dim"": true, ""feature_mask"": [[0, 1, 2, 3, 5, 6, 7, 8, 9, 10], [0, 1, 2, 3, 5, 6, 11, 12], [0, 1, 2, 4, 5, 7, 11, 12], [0, 1, 2, 4, 5, 6, 8, 9, 10]], ""batch_size"": 64, ""num_workers"": 0, ""epochs"": 100, ""early_stopping_patience"": 30, ""lr"": 0.001, ""weight_decay"": 0.0001, ""optimizer"": ""adam"", ""grad_clip"": 1.0, ""lr_scheduler"": ""cosine"", ""lr_min"": 1e-05, ""latent_dim"": 64, ""head_hidden"": 32, ""groups"": [{""name"": ""cleveland"", ""encoder"": ""mlp_tabular_ln"", ""input_dim"": 10, ""hidden_dim"": 64, ""dropout"": 0.1}, {""name"": ""hungarian"", ""encoder"": ""mlp_tabular_ln"", ""input_dim"": 8, ""hidden_dim"": 64, ""dropout"": 0.1}, {""name"": ""switzerland"", ""encoder"": ""mlp_tabular_ln"", ""input_dim"": 8, ""hidden_dim"": 64, ""dropout"": 0.1}, {""name"": ""va_long_beach"", ""encoder"": ""mlp_tabular_ln"", ""input_dim"": 9, ""hidden_dim"": 64, ""dropout"": 0.1}], ""anchor_eps"": 0.0001, ""sep_samples_per_class"": 4, ""sep_method"": ""classifier"", ""sep_margin"": 1.0, ""lambda_fit"": 0.001, ""lambda_sep"": 0.001, ""groupdro_enabled"": false, ""groupdro_eta"": 0.02, ""groupdro_gamma"": 0.9, ""groupdro_update_mode"": ""exp"", ""groupdro_objective"": ""weighted"", ""groupdro_kl_lambda"": 0.0, ""groupdro_uniform_init"": false, ""log_interval"": 20, ""save_every"": 10, ""groupdro_ema_decay"": 0.9, ""groupdro_update_every"": 1, ""dro_signal"": ""val"", ""val_frac"": 0.15, ""impute_missing"": true, ""common_encoder"": false, ""use_regret"": false, ""data_split_seed"": 1004}","{""num_groups"": 4, ""num_classes"": 2, ""train_total"": 449, ""test_total"": 185, ""train_group_counts"": [205, 199, 20, 25], ""test_group_counts"": [61, 59, 25, 40], ""train_class_counts"": [248, 201], ""test_class_counts"": [83, 102], ""train_group_class_counts"": [[111, 94], [127, 72], [2, 18], [8, 17]], ""test_group_class_counts"": [[33, 28], [38, 21], [2, 23], [10, 30]], ""group_proportions"": [0.45657015590200445, 0.44320712694877507, 0.044543429844097995, 0.0556792873051225], ""val_group_counts"": [37, 36, 15, 24], ""val_total"": 112}",,2026-09-15T20:30:23.968460,2,0.6470354387279,0.7097505656770027,0.001,0.772972972972973,0.7927431230897471,0.7213114754098361,0.92,"[0.7213114754098361, 0.7796610169491526, 0.92, 0.75]","[0.5948789613168748, 0.5721699236813238, 0.3848553454875946, 0.5628394849598408]","[0.7590361445783133, 0.7843137254901961]","[[0.7878787878787878, 0.6428571428571429], [0.9736842105263158, 0.42857142857142855], [0.0, 1.0], [0.0, 1.0]]","[61, 59, 25, 40]",0.771039603960396,"[0.7164342357123326, 0.7156099369670004, 0.4791666666666667, 0.42857142857142855]",0.42857142857142855,0.5948789613168748,0.7767857142857143,0.7971471471471472,0.6944444444444444,0.9333333333333333,"[0.8108108108108109, 0.6944444444444444, 0.9333333333333333, 0.75]","[0.584140891158903, 0.6036748695704672, 0.37908648053805033, 0.5568730570375919]","[0.74, 0.8064516129032258]","[[0.8, 0.8235294117647058], [0.9130434782608695, 0.3076923076923077], [0.0, 1.0], [0.0, 1.0]]","[37, 36, 15, 24]",0.7737373737373736,"[0.8102564102564103, 0.6067527308838133, 0.4827586206896552, 0.42857142857142855]",0.42857142857142855,0.6036748695704672,,"[NaN, NaN, NaN, NaN]",,,
"{""run_name"": ""fedheart_exp_paper_hetagg_gdro"", ""seed"": 42, ""run_dir"": ""runs/fedheart_cv/PerGroupOnly_s42_f4"", ""use_fedheart"": true, ""num_classes"": 2, ""stratified_batching"": true, ""train_frac"": 0.8, ""group_max_train_samples"": [null, null, 20, 25], ""true_hetero_input_dim"": true, ""feature_mask"": [[0, 1, 2, 3, 5, 6, 7, 8, 9, 10], [0, 1, 2, 3, 5, 6, 11, 12], [0, 1, 2, 4, 5, 7, 11, 12], [0, 1, 2, 4, 5, 6, 8, 9, 10]], ""batch_size"": 64, ""num_workers"": 0, ""epochs"": 100, ""early_stopping_patience"": 30, ""lr"": 0.001, ""weight_decay"": 0.0001, ""optimizer"": ""adam"", ""grad_clip"": 1.0, ""lr_scheduler"": ""cosine"", ""lr_min"": 1e-05, ""latent_dim"": 64, ""head_hidden"": 32, ""groups"": [{""name"": ""cleveland"", ""encoder"": ""mlp_tabular_ln"", ""input_dim"": 10, ""hidden_dim"": 64, ""dropout"": 0.1}, {""name"": ""hungarian"", ""encoder"": ""mlp_tabular_ln"", ""input_dim"": 8, ""hidden_dim"": 64, ""dropout"": 0.1}, {""name"": ""switzerland"", ""encoder"": ""mlp_tabular_ln"", ""input_dim"": 8, ""hidden_dim"": 64, ""dropout"": 0.1}, {""name"": ""va_long_beach"", ""encoder"": ""mlp_tabular_ln"", ""input_dim"": 9, ""hidden_dim"": 64, ""dropout"": 0.1}], ""anchor_eps"": 0.0001, ""sep_samples_per_class"": 4, ""sep_method"": ""classifier"", ""sep_margin"": 1.0, ""lambda_fit"": 0.001, ""lambda_sep"": 0.001, ""groupdro_enabled"": false, ""groupdro_eta"": 0.02, ""groupdro_gamma"": 0.9, ""groupdro_update_mode"": ""exp"", ""groupdro_objective"": ""weighted"", ""groupdro_kl_lambda"": 0.0, ""groupdro_uniform_init"": false, ""log_interval"": 20, ""save_every"": 10, ""groupdro_ema_decay"": 0.9, ""groupdro_update_every"": 1, ""dro_signal"": ""val"", ""val_frac"": 0.15, ""impute_missing"": true, ""common_encoder"": false, ""use_regret"": false, ""data_split_seed"": 1004}","{""num_groups"": 4, ""num_classes"": 2, ""train_total"": 449, ""test_total"": 185, ""train_group_counts"": [205, 199, 20, 25], ""test_group_counts"": [61, 59, 25, 40], ""train_class_counts"": [248, 201], ""test_class_counts"": [83, 102], ""train_group_class_counts"": [[111, 94], [127, 72], [2, 18], [8, 17]], ""test_group_class_counts"": [[33, 28], [38, 21], [2, 23], [10, 30]], ""group_proportions"": [0.45657015590200445, 0.44320712694877507, 0.044543429844097995, 0.0556792873051225], ""val_group_counts"": [37, 36, 15, 24], ""val_total"": 112}",,2026-09-15T20:30:23.968460,3,0.5804688657492467,0.7732426272768552,0.001,0.7783783783783784,0.7967025562656294,0.75,0.92,"[0.7540983606557377, 0.7627118644067796, 0.92, 0.75]","[0.5638515504657245, 0.5326135989467976, 0.3201508206129074, 0.5494407914578915]","[0.7228915662650602, 0.8235294117647058]","[[0.7575757575757576, 0.75], [0.9210526315789473, 0.47619047619047616], [0.0, 1.0], [0.0, 1.0]]","[61, 59, 25, 40]",0.7745846830515023,"[0.7530364372469636, 0.7107843137254901, 0.4791666666666667, 0.42857142857142855]",0.42857142857142855,0.5638515504657245,0.7678571428571429,0.7907657657657657,0.7297297297297297,0.9333333333333333,"[0.7297297297297297, 0.75, 0.9333333333333333, 0.75]","[0.5345533812368238, 0.5718158624238439, 0.3069104174772898, 0.5422292575240135]","[0.68, 0.8387096774193549]","[[0.65, 0.8235294117647058], [0.9130434782608695, 0.46153846153846156], [0.0, 1.0], [0.0, 1.0]]","[37, 36, 15, 24]",0.7617021276595746,"[0.72953216374269, 0.6974789915966386, 0.4827586206896552, 0.42857142857142855]",0.42857142857142855,0.5718158624238439,,"[NaN, NaN, NaN, NaN]",,,
"{""run_name"": ""fedheart_exp_paper_hetagg_gdro"", ""seed"": 42, ""run_dir"": ""runs/fedheart_cv/PerGroupOnly_s42_f4"", ""use_fedheart"": true, ""num_classes"": 2, ""stratified_batching"": true, ""train_frac"": 0.8, ""group_max_train_samples"": [null, null, 20, 25], ""true_hetero_input_dim"": true, ""feature_mask"": [[0, 1, 2, 3, 5, 6, 7, 8, 9, 10], [0, 1, 2, 3, 5, 6, 11, 12], [0, 1, 2, 4, 5, 7, 11, 12], [0, 1, 2, 4, 5, 6, 8, 9, 10]], ""batch_size"": 64, ""num_workers"": 0, ""epochs"": 100, ""early_stopping_patience"": 30, ""lr"": 0.001, ""weight_decay"": 0.0001, ""optimizer"": ""adam"", ""grad_clip"": 1.0, ""lr_scheduler"": ""cosine"", ""lr_min"": 1e-05, ""latent_dim"": 64, ""head_hidden"": 32, ""groups"": [{""name"": ""cleveland"", ""encoder"": ""mlp_tabular_ln"", ""input_dim"": 10, ""hidden_dim"": 64, ""dropout"": 0.1}, {""name"": ""hungarian"", ""encoder"": ""mlp_tabular_ln"", ""input_dim"": 8, ""hidden_dim"": 64, ""dropout"": 0.1}, {""name"": ""switzerland"", ""encoder"": ""mlp_tabular_ln"", ""input_dim"": 8, ""hidden_dim"": 64, ""dropout"": 0.1}, {""name"": ""va_long_beach"", ""encoder"": ""mlp_tabular_ln"", ""input_dim"": 9, ""hidden_dim"": 64, ""dropout"": 0.1}], ""anchor_eps"": 0.0001, ""sep_samples_per_class"": 4, ""sep_method"": ""classifier"", ""sep_margin"": 1.0, ""lambda_fit"": 0.001, ""lambda_sep"": 0.001, ""groupdro_enabled"": false, ""groupdro_eta"": 0.02, ""groupdro_gamma"": 0.9, ""groupdro_update_mode"": ""exp"", ""groupdro_objective"": ""weighted"", ""groupdro_kl_lambda"": 0.0, ""groupdro_uniform_init"": false, ""log_interval"": 20, ""save_every"": 10, ""groupdro_ema_decay"": 0.9, ""groupdro_update_every"": 1, ""dro_signal"": ""val"", ""val_frac"": 0.15, ""impute_missing"": true, ""common_encoder"": false, ""use_regret"": false, ""data_split_seed"": 1004}","{""num_groups"": 4, ""num_classes"": 2, ""train_total"": 449, ""test_total"": 185, ""train_group_counts"": [205, 199, 20, 25], ""test_group_counts"": [61, 59, 25, 40], ""train_class_counts"": [248, 201], ""test_class_counts"": [83, 102], ""train_group_class_counts"": [[111, 94], [127, 72], [2, 18], [8, 17]], ""test_group_class_counts"": [[33, 28], [38, 21], [2, 23], [10, 30]], ""group_proportions"": [0.45657015590200445, 0.44320712694877507, 0.044543429844097995, 0.0556792873051225], ""val_group_counts"": [37, 36, 15, 24], ""val_total"": 112}",,2026-09-15T20:30:23.968460,4,0.5193417389917265,0.804988659022887,0.001,0.7837837837837838,0.8010787718810781,0.7377049180327869,0.92,"[0.7377049180327869, 0.7966101694915254, 0.92, 0.75]","[0.5569937800774809, 0.5115377122567872, 0.2915062230825424, 0.5397158976644277]","[0.6987951807228916, 0.8529411764705882]","[[0.7272727272727273, 0.75], [0.8947368421052632, 0.6190476190476191], [0.0, 1.0], [0.0, 1.0]]","[61, 59, 25, 40]",0.7783369278696382,"[0.7370689655172413, 0.7671052631578947, 0.4791666666666667, 0.42857142857142855]",0.42857142857142855,0.5569937800774809,0.7678571428571429,0.7907657657657657,0.7297297297297297,0.9333333333333333,"[0.7297297297297297, 0.75, 0.9333333333333333, 0.75]","[0.5194722933543695, 0.5397662971582677, 0.2628757004936536, 0.5301288391153017]","[0.68, 0.8387096774193549]","[[0.65, 0.8235294117647058], [0.9130434782608695, 0.46153846153846156], [0.0, 1.0], [0.0, 1.0]]","[37, 36, 15, 24]",0.7617021276595746,"[0.72953216374269, 0.6974789915966386, 0.4827586206896552, 0.42857142857142855]",0.42857142857142855,0.5397662971582677,,"[NaN, NaN, NaN, NaN]",,,
"{""run_name"": ""fedheart_exp_paper_hetagg_gdro"", ""seed"": 42, ""run_dir"": ""runs/fedheart_cv/PerGroupOnly_s42_f4"", ""use_fedheart"": true, ""num_classes"": 2, ""stratified_batching"": true, ""train_frac"": 0.8, ""group_max_train_samples"": [null, null, 20, 25], ""true_hetero_input_dim"": true, ""feature_mask"": [[0, 1, 2, 3, 5, 6, 7, 8, 9, 10], [0, 1, 2, 3, 5, 6, 11, 12], [0, 1, 2, 4, 5, 7, 11, 12], [0, 1, 2, 4, 5, 6, 8, 9, 10]], ""batch_size"": 64, ""num_workers"": 0, ""epochs"": 100, ""early_stopping_patience"": 30, ""lr"": 0.001, ""weight_decay"": 0.0001, ""optimizer"": ""adam"", ""grad_clip"": 1.0, ""lr_scheduler"": ""cosine"", ""lr_min"": 1e-05, ""latent_dim"": 64, ""head_hidden"": 32, ""groups"": [{""name"": ""cleveland"", ""encoder"": ""mlp_tabular_ln"", ""input_dim"": 10, ""hidden_dim"": 64, ""dropout"": 0.1}, {""name"": ""hungarian"", ""encoder"": ""mlp_tabular_ln"", ""input_dim"": 8, ""hidden_dim"": 64, ""dropout"": 0.1}, {""name"": ""switzerland"", ""encoder"": ""mlp_tabular_ln"", ""input_dim"": 8, ""hidden_dim"": 64, ""dropout"": 0.1}, {""name"": ""va_long_beach"", ""encoder"": ""mlp_tabular_ln"", ""input_dim"": 9, ""hidden_dim"": 64, ""dropout"": 0.1}], ""anchor_eps"": 0.0001, ""sep_samples_per_class"": 4, ""sep_method"": ""classifier"", ""sep_margin"": 1.0, ""lambda_fit"": 0.001, ""lambda_sep"": 0.001, ""groupdro_enabled"": false, ""groupdro_eta"": 0.02, ""groupdro_gamma"": 0.9, ""groupdro_update_mode"": ""exp"", ""groupdro_objective"": ""weighted"", ""groupdro_kl_lambda"": 0.0, ""groupdro_uniform_init"": false, ""log_interval"": 20, ""save_every"": 10, ""groupdro_ema_decay"": 0.9, ""groupdro_update_every"": 1, ""dro_signal"": ""val"", ""val_frac"": 0.15, ""impute_missing"": true, ""common_encoder"": false, ""use_regret"": false, ""data_split_seed"": 1004}","{""num_groups"": 4, ""num_classes"": 2, ""train_total"": 449, ""test_total"": 185, ""train_group_counts"": [205, 199, 20, 25], ""test_group_counts"": [61, 59, 25, 40], ""train_class_counts"": [248, 201], ""test_class_counts"": [83, 102], ""train_group_class_counts"": [[111, 94], [127, 72], [2, 18], [8, 17]], ""test_group_class_counts"": [[33, 28], [38, 21], [2, 23], [10, 30]], ""group_proportions"": [0.45657015590200445, 0.44320712694877507, 0.044543429844097995, 0.0556792873051225], ""val_group_counts"": [37, 36, 15, 24], ""val_total"": 112}",,2026-09-15T20:30:23.968460,5,0.48804536090145845,0.800453518388493,0.001,0.7783783783783784,0.7968414837454849,0.7377049180327869,0.92,"[0.7377049180327869, 0.7796610169491526, 0.92, 0.75]","[0.5876605367807092, 0.508877914083206, 0.2869463813304901, 0.5367839831858874]","[0.6867469879518072, 0.8529411764705882]","[[0.7272727272727273, 0.75], [0.868421052631579, 0.6190476190476191], [0.0, 1.0], [0.0, 1.0]]","[61, 59, 25, 40]",0.7723930982745686,"[0.7370689655172413, 0.751054852320675, 0.4791666666666667, 0.42857142857142855]",0.42857142857142855,0.5876605367807092,0.7857142857142857,0.8046546546546547,0.7297297297297297,0.9333333333333333,"[0.7297297297297297, 0.8055555555555556, 0.9333333333333333, 0.75]","[0.538210793121441, 0.5164621784869168, 0.23716730574766795, 0.5226799547672272]","[0.66, 0.8870967741935484]","[[0.65, 0.8235294117647058], [0.8695652173913043, 0.6923076923076923], [0.0, 1.0], [0.0, 1.0]]","[37, 36, 15, 24]",0.7771144278606965,"[0.72953216374269, 0.785531914893617, 0.4827586206896552, 0.42857142857142855]",0.42857142857142855,0.538210793121441,,"[NaN, NaN, NaN, NaN]",,,
"{""run_name"": ""fedheart_exp_paper_hetagg_gdro"", ""seed"": 42, ""run_dir"": ""runs/fedheart_cv/PerGroupOnly_s42_f4"", ""use_fedheart"": true, ""num_classes"": 2, ""stratified_batching"": true, ""train_frac"": 0.8, ""group_max_train_samples"": [null, null, 20, 25], ""true_hetero_input_dim"": true, ""feature_mask"": [[0, 1, 2, 3, 5, 6, 7, 8, 9, 10], [0, 1, 2, 3, 5, 6, 11, 12], [0, 1, 2, 4, 5, 7, 11, 12], [0, 1, 2, 4, 5, 6, 8, 9, 10]], ""batch_size"": 64, ""num_workers"": 0, ""epochs"": 100, ""early_stopping_patience"": 30, ""lr"": 0.001, ""weight_decay"": 0.0001, ""optimizer"": ""adam"", ""grad_clip"": 1.0, ""lr_scheduler"": ""cosine"", ""lr_min"": 1e-05, ""latent_dim"": 64, ""head_hidden"": 32, ""groups"": [{""name"": ""cleveland"", ""encoder"": ""mlp_tabular_ln"", ""input_dim"": 10, ""hidden_dim"": 64, ""dropout"": 0.1}, {""name"": ""hungarian"", ""encoder"": ""mlp_tabular_ln"", ""input_dim"": 8, ""hidden_dim"": 64, ""dropout"": 0.1}, {""name"": ""switzerland"", ""encoder"": ""mlp_tabular_ln"", ""input_dim"": 8, ""hidden_dim"": 64, ""dropout"": 0.1}, {""name"": ""va_long_beach"", ""encoder"": ""mlp_tabular_ln"", ""input_dim"": 9, ""hidden_dim"": 64, ""dropout"": 0.1}], ""anchor_eps"": 0.0001, ""sep_samples_per_class"": 4, ""sep_method"": ""classifier"", ""sep_margin"": 1.0, ""lambda_fit"": 0.001, ""lambda_sep"": 0.001, ""groupdro_enabled"": false, ""groupdro_eta"": 0.02, ""groupdro_gamma"": 0.9, ""groupdro_update_mode"": ""exp"", ""groupdro_objective"": ""weighted"", ""groupdro_kl_lambda"": 0.0, ""groupdro_uniform_init"": false, ""log_interval"": 20, ""save_every"": 10, ""groupdro_ema_decay"": 0.9, ""groupdro_update_every"": 1, ""dro_signal"": ""val"", ""val_frac"": 0.15, ""impute_missing"": true, ""common_encoder"": false, ""use_regret"": false, ""data_split_seed"": 1004}","{""num_groups"": 4, ""num_classes"": 2, ""train_total"": 449, ""test_total"": 185, ""train_group_counts"": [205, 199, 20, 25], ""test_group_counts"": [61, 59, 25, 40], ""train_class_counts"": [248, 201], ""test_class_counts"": [83, 102], ""train_group_class_counts"": [[111, 94], [127, 72], [2, 18], [8, 17]], ""test_group_class_counts"": [[33, 28], [38, 21], [2, 23], [10, 30]], ""group_proportions"": [0.45657015590200445, 0.44320712694877507, 0.044543429844097995, 0.0556792873051225], ""val_group_counts"": [37, 36, 15, 24], ""val_total"": 112}",,2026-09-15T20:30:23.968460,6,0.4611908613689362,0.8117913859231132,0.001,0.772972972972973,0.7927431230897471,0.7213114754098361,0.92,"[0.7213114754098361, 0.7796610169491526, 0.92, 0.75]","[0.6204621441906593, 0.5176678416713819, 0.2934966269135475, 0.5314466744661331]","[0.6746987951807228, 0.8529411764705882]","[[0.696969696969697, 0.75], [0.868421052631579, 0.6190476190476191], [0.0, 1.0], [0.0, 1.0]]","[61, 59, 25, 40]",0.7664141414141413,"[0.7210115684691957, 0.751054852320675, 0.4791666666666667, 0.42857142857142855]",0.42857142857142855,0.6204621441906593,0.7857142857142857,0.8046546546546547,0.7297297297297297,0.9333333333333333,"[0.7297297297297297, 0.8055555555555556, 0.9333333333333333, 0.75]","[0.5769571836131651, 0.5036895446893241, 0.2266908384859562, 0.5202152753869692]","[0.64, 0.9032258064516129]","[[0.65, 0.8235294117647058], [0.8260869565217391, 0.7692307692307693], [0.0, 1.0], [0.0, 1.0]]","[37, 36, 15, 24]",0.7754010695187166,"[0.72953216374269, 0.7925925925925926, 0.4827586206896552, 0.42857142857142855]",0.42857142857142855,0.5769571836131651,,"[NaN, NaN, NaN, NaN]",,,
"{""run_name"": ""fedheart_exp_paper_hetagg_gdro"", ""seed"": 42, ""run_dir"": ""runs/fedheart_cv/PerGroupOnly_s42_f4"", ""use_fedheart"": true, ""num_classes"": 2, ""stratified_batching"": true, ""train_frac"": 0.8, ""group_max_train_samples"": [null, null, 20, 25], ""true_hetero_input_dim"": true, ""feature_mask"": [[0, 1, 2, 3, 5, 6, 7, 8, 9, 10], [0, 1, 2, 3, 5, 6, 11, 12], [0, 1, 2, 4, 5, 7, 11, 12], [0, 1, 2, 4, 5, 6, 8, 9, 10]], ""batch_size"": 64, ""num_workers"": 0, ""epochs"": 100, ""early_stopping_patience"": 30, ""lr"": 0.001, ""weight_decay"": 0.0001, ""optimizer"": ""adam"", ""grad_clip"": 1.0, ""lr_scheduler"": ""cosine"", ""lr_min"": 1e-05, ""latent_dim"": 64, ""head_hidden"": 32, ""groups"": [{""name"": ""cleveland"", ""encoder"": ""mlp_tabular_ln"", ""input_dim"": 10, ""hidden_dim"": 64, ""dropout"": 0.1}, {""name"": ""hungarian"", ""encoder"": ""mlp_tabular_ln"", ""input_dim"": 8, ""hidden_dim"": 64, ""dropout"": 0.1}, {""name"": ""switzerland"", ""encoder"": ""mlp_tabular_ln"", ""input_dim"": 8, ""hidden_dim"": 64, ""dropout"": 0.1}, {""name"": ""va_long_beach"", ""encoder"": ""mlp_tabular_ln"", ""input_dim"": 9, ""hidden_dim"": 64, ""dropout"": 0.1}], ""anchor_eps"": 0.0001, ""sep_samples_per_class"": 4, ""sep_method"": ""classifier"", ""sep_margin"": 1.0, ""lambda_fit"": 0.001, ""lambda_sep"": 0.001, ""groupdro_enabled"": false, ""groupdro_eta"": 0.02, ""groupdro_gamma"": 0.9, ""groupdro_update_mode"": ""exp"", ""groupdro_objective"": ""weighted"", ""groupdro_kl_lambda"": 0.0, ""groupdro_uniform_init"": false, ""log_interval"": 20, ""save_every"": 10, ""groupdro_ema_decay"": 0.9, ""groupdro_update_every"": 1, ""dro_signal"": ""val"", ""val_frac"": 0.15, ""impute_missing"": true, ""common_encoder"": false, ""use_regret"": false, ""data_split_seed"": 1004}","{""num_groups"": 4, ""num_classes"": 2, ""train_total"": 449, ""test_total"": 185, ""train_group_counts"": [205, 199, 20, 25], ""test_group_counts"": [61, 59, 25, 40], ""train_class_counts"": [248, 201], ""test_class_counts"": [83, 102], ""train_group_class_counts"": [[111, 94], [127, 72], [2, 18], [8, 17]], ""test_group_class_counts"": [[33, 28], [38, 21], [2, 23], [10, 30]], ""group_proportions"": [0.45657015590200445, 0.44320712694877507, 0.044543429844097995, 0.0556792873051225], ""val_group_counts"": [37, 36, 15, 24], ""val_total"": 112}",,2026-09-15T20:30:23.968460,7,0.4347053619604262,0.8321995501345247,0.001,0.772972972972973,0.7947558349541539,0.7213114754098361,0.92,"[0.7213114754098361, 0.7627118644067796, 0.92, 0.775]","[0.6364798849356956, 0.5187034219250841, 0.3005226555466652, 0.5279947023838758]","[0.6746987951807228, 0.8529411764705882]","[[0.696969696969697, 0.75], [0.8421052631578947, 0.6190476190476191], [0.0, 1.0], [0.1, 1.0]]","[61, 59, 25, 40]",0.7664141414141413,"[0.7210115684691957, 0.7352564102564103, 0.4791666666666667, 0.5256916996047432]",0.4791666666666667,0.6364798849356956,0.7589285714285714,0.7805367867867868,0.7027027027027027,0.9333333333333333,"[0.7027027027027027, 0.7777777777777778, 0.9333333333333333, 0.7083333333333334]","[0.6117746809849868, 0.4993158092515336, 0.21631975981096427, 0.5178583363691965]","[0.64, 0.8548387096774194]","[[0.65, 0.7647058823529411], [0.782608695652174, 0.7692307692307693], [0.0, 1.0], [0.16666666666666666, 0.8888888888888888]]","[37, 36, 15, 24]",0.7501445922498555,"[0.7027027027027027, 0.7662337662337662, 0.4827586206896552, 0.5213675213675213]",0.4827586206896552,0.6117746809849868,,"[NaN, NaN, NaN, NaN]",,,
"{""run_name"": ""fedheart_exp_paper_hetagg_gdro"", ""seed"": 42, ""run_dir"": ""runs/fedheart_cv/PerGroupOnly_s42_f4"", ""use_fedheart"": true, ""num_classes"": 2, ""stratified_batching"": true, ""train_frac"": 0.8, ""group_max_train_samples"": [null, null, 20, 25], ""true_hetero_input_dim"": true, ""feature_mask"": [[0, 1, 2, 3, 5, 6, 7, 8, 9, 10], [0, 1, 2, 3, 5, 6, 11, 12], [0, 1, 2, 4, 5, 7, 11, 12], [0, 1, 2, 4, 5, 6, 8, 9, 10]], ""batch_size"": 64, ""num_workers"": 0, ""epochs"": 100, ""early_stopping_patience"": 30, ""lr"": 0.001, ""weight_decay"": 0.0001, ""optimizer"": ""adam"", ""grad_clip"": 1.0, ""lr_scheduler"": ""cosine"", ""lr_min"": 1e-05, ""latent_dim"": 64, ""head_hidden"": 32, ""groups"": [{""name"": ""cleveland"", ""encoder"": ""mlp_tabular_ln"", ""input_dim"": 10, ""hidden_dim"": 64, ""dropout"": 0.1}, {""name"": ""hungarian"", ""encoder"": ""mlp_tabular_ln"", ""input_dim"": 8, ""hidden_dim"": 64, ""dropout"": 0.1}, {""name"": ""switzerland"", ""encoder"": ""mlp_tabular_ln"", ""input_dim"": 8, ""hidden_dim"": 64, ""dropout"": 0.1}, {""name"": ""va_long_beach"", ""encoder"": ""mlp_tabular_ln"", ""input_dim"": 9, ""hidden_dim"": 64, ""dropout"": 0.1}], ""anchor_eps"": 0.0001, ""sep_samples_per_class"": 4, ""sep_method"": ""classifier"", ""sep_margin"": 1.0, ""lambda_fit"": 0.001, ""lambda_sep"": 0.001, ""groupdro_enabled"": false, ""groupdro_eta"": 0.02, ""groupdro_gamma"": 0.9, ""groupdro_update_mode"": ""exp"", ""groupdro_objective"": ""weighted"", ""groupdro_kl_lambda"": 0.0, ""groupdro_uniform_init"": false, ""log_interval"": 20, ""save_every"": 10, ""groupdro_ema_decay"": 0.9, ""groupdro_update_every"": 1, ""dro_signal"": ""val"", ""val_frac"": 0.15, ""impute_missing"": true, ""common_encoder"": false, ""use_regret"": false, ""data_split_seed"": 1004}","{""num_groups"": 4, ""num_classes"": 2, ""train_total"": 449, ""test_total"": 185, ""train_group_counts"": [205, 199, 20, 25], ""test_group_counts"": [61, 59, 25, 40], ""train_class_counts"": [248, 201], ""test_class_counts"": [83, 102], ""train_group_class_counts"": [[111, 94], [127, 72], [2, 18], [8, 17]], ""test_group_class_counts"": [[33, 28], [38, 21], [2, 23], [10, 30]], ""group_proportions"": [0.45657015590200445, 0.44320712694877507, 0.044543429844097995, 0.0556792873051225], ""val_group_counts"": [37, 36, 15, 24], ""val_total"": 112}",,2026-09-15T20:30:23.968460,8,0.4244626880097551,0.8299319707617467,0.001,0.7621621621621621,0.7844074742984162,0.7049180327868853,0.92,"[0.7049180327868853, 0.7627118644067796, 0.92, 0.75]","[0.656659868408422, 0.5205305283099918, 0.31079656146466733, 0.5267721707001328]","[0.6626506024096386, 0.8431372549019608]","[[0.6666666666666666, 0.75], [0.8421052631578947, 0.6190476190476191], [0.0, 1.0], [0.1, 0.9666666666666667]]","[61, 59, 25, 40]",0.7552910052910053,"[0.7048387096774194, 0.7352564102564103, 0.4791666666666667, 0.5098039215686275]",0.4791666666666667,0.656659868408422,0.7589285714285714,0.7805367867867868,0.7027027027027027,0.9333333333333333,"[0.7027027027027027, 0.7777777777777778, 0.9333333333333333, 0.7083333333333334]","[0.6377236228436232, 0.49563217846055824, 0.21430424551169078, 0.5139141989250978]","[0.64, 0.8548387096774194]","[[0.65, 0.7647058823529411], [0.782608695652174, 0.7692307692307693], [0.0, 1.0], [0.16666666666666666, 0.8888888888888888]]","[37, 36, 15, 24]",0.7501445922498555,"[0.7027027027027027, 0.7662337662337662, 0.4827586206896552, 0.5213675213675213]",0.4827586206896552,0.6377236228436232,,"[NaN, NaN, NaN, NaN]",,,
"{""run_name"": ""fedheart_exp_paper_hetagg_gdro"", ""seed"": 42, ""run_dir"": ""runs/fedheart_cv/PerGroupOnly_s42_f4"", ""use_fedheart"": true, ""num_classes"": 2, ""stratified_batching"": true, ""train_frac"": 0.8, ""group_max_train_samples"": [null, null, 20, 25], ""true_hetero_input_dim"": true, ""feature_mask"": [[0, 1, 2, 3, 5, 6, 7, 8, 9, 10], [0, 1, 2, 3, 5, 6, 11, 12], [0, 1, 2, 4, 5, 7, 11, 12], [0, 1, 2, 4, 5, 6, 8, 9, 10]], ""batch_size"": 64, ""num_workers"": 0, ""epochs"": 100, ""early_stopping_patience"": 30, ""lr"": 0.001, ""weight_decay"": 0.0001, ""optimizer"": ""adam"", ""grad_clip"": 1.0, ""lr_scheduler"": ""cosine"", ""lr_min"": 1e-05, ""latent_dim"": 64, ""head_hidden"": 32, ""groups"": [{""name"": ""cleveland"", ""encoder"": ""mlp_tabular_ln"", ""input_dim"": 10, ""hidden_dim"": 64, ""dropout"": 0.1}, {""name"": ""hungarian"", ""encoder"": ""mlp_tabular_ln"", ""input_dim"": 8, ""hidden_dim"": 64, ""dropout"": 0.1}, {""name"": ""switzerland"", ""encoder"": ""mlp_tabular_ln"", ""input_dim"": 8, ""hidden_dim"": 64, ""dropout"": 0.1}, {""name"": ""va_long_beach"", ""encoder"": ""mlp_tabular_ln"", ""input_dim"": 9, ""hidden_dim"": 64, ""dropout"": 0.1}], ""anchor_eps"": 0.0001, ""sep_samples_per_class"": 4, ""sep_method"": ""classifier"", ""sep_margin"": 1.0, ""lambda_fit"": 0.001, ""lambda_sep"": 0.001, ""groupdro_enabled"": false, ""groupdro_eta"": 0.02, ""groupdro_gamma"": 0.9, ""groupdro_update_mode"": ""exp"", ""groupdro_objective"": ""weighted"", ""groupdro_kl_lambda"": 0.0, ""groupdro_uniform_init"": false, ""log_interval"": 20, ""save_every"": 10, ""groupdro_ema_decay"": 0.9, ""groupdro_update_every"": 1, ""dro_signal"": ""val"", ""val_frac"": 0.15, ""impute_missing"": true, ""common_encoder"": false, ""use_regret"": false, ""data_split_seed"": 1004}","{""num_groups"": 4, ""num_classes"": 2, ""train_total"": 449, ""test_total"": 185, ""train_group_counts"": [205, 199, 20, 25], ""test_group_counts"": [61, 59, 25, 40], ""train_class_counts"": [248, 201], ""test_class_counts"": [83, 102], ""train_group_class_counts"": [[111, 94], [127, 72], [2, 18], [8, 17]], ""test_group_class_counts"": [[33, 28], [38, 21], [2, 23], [10, 30]], ""group_proportions"": [0.45657015590200445, 0.44320712694877507, 0.044543429844097995, 0.0556792873051225], ""val_group_counts"": [37, 36, 15, 24], ""val_total"": 112}",,2026-09-15T20:30:23.968460,9,0.39777766955412436,0.8503401359192638,0.001,0.772972972972973,0.7948947624340095,0.7049180327868853,0.92,"[0.7049180327868853, 0.7796610169491526, 0.92, 0.775]","[0.6694557503415425, 0.5293278374661834, 0.3174632255733013, 0.5328263726085425]","[0.7108433734939759, 0.8235294117647058]","[[0.696969696969697, 0.7142857142857143], [0.868421052631579, 0.6190476190476191], [0.0, 1.0], [0.3, 0.9333333333333333]]","[61, 59, 25, 40]",0.7687499999999999,"[0.7042025862068966, 0.751054852320675, 0.4791666666666667, 0.6307692307692307]",0.4791666666666667,0.6694557503415425,0.7678571428571429,0.7909534534534535,0.7027027027027027,0.9333333333333333,"[0.7027027027027027, 0.7777777777777778, 0.9333333333333333, 0.75]","[0.6411646343264226, 0.4922066895912091, 0.20891255090634028, 0.5192769890030225]","[0.66, 0.8548387096774194]","[[0.65, 0.7647058823529411], [0.782608695652174, 0.7692307692307693], [0.0, 1.0], [0.3333333333333333, 0.8888888888888888]]","[37, 36, 15, 24]",0.7602108036890645,"[0.7027027027027027, 0.7662337662337662, 0.4827586206896552, 0.6210526315789474]",0.4827586206896552,0.6411646343264226,,"[NaN, NaN, NaN, NaN]",,,
"{""run_name"": ""fedheart_exp_paper_hetagg_gdro"", ""seed"": 42, ""run_dir"": ""runs/fedheart_cv/PerGroupOnly_s42_f4"", ""use_fedheart"": true, ""num_classes"": 2, ""stratified_batching"": true, ""train_frac"": 0.8, ""group_max_train_samples"": [null, null, 20, 25], ""true_hetero_input_dim"": true, ""feature_mask"": [[0, 1, 2, 3, 5, 6, 7, 8, 9, 10], [0, 1, 2, 3, 5, 6, 11, 12], [0, 1, 2, 4, 5, 7, 11, 12], [0, 1, 2, 4, 5, 6, 8, 9, 10]], ""batch_size"": 64, ""num_workers"": 0, ""epochs"": 100, ""early_stopping_patience"": 30, ""lr"": 0.001, ""weight_decay"": 0.0001, ""optimizer"": ""adam"", ""grad_clip"": 1.0, ""lr_scheduler"": ""cosine"", ""lr_min"": 1e-05, ""latent_dim"": 64, ""head_hidden"": 32, ""groups"": [{""name"": ""cleveland"", ""encoder"": ""mlp_tabular_ln"", ""input_dim"": 10, ""hidden_dim"": 64, ""dropout"": 0.1}, {""name"": ""hungarian"", ""encoder"": ""mlp_tabular_ln"", ""input_dim"": 8, ""hidden_dim"": 64, ""dropout"": 0.1}, {""name"": ""switzerland"", ""encoder"": ""mlp_tabular_ln"", ""input_dim"": 8, ""hidden_dim"": 64, ""dropout"": 0.1}, {""name"": ""va_long_beach"", ""encoder"": ""mlp_tabular_ln"", ""input_dim"": 9, ""hidden_dim"": 64, ""dropout"": 0.1}], ""anchor_eps"": 0.0001, ""sep_samples_per_class"": 4, ""sep_method"": ""classifier"", ""sep_margin"": 1.0, ""lambda_fit"": 0.001, ""lambda_sep"": 0.001, ""groupdro_enabled"": false, ""groupdro_eta"": 0.02, ""groupdro_gamma"": 0.9, ""groupdro_update_mode"": ""exp"", ""groupdro_objective"": ""weighted"", ""groupdro_kl_lambda"": 0.0, ""groupdro_uniform_init"": false, ""log_interval"": 20, ""save_every"": 10, ""groupdro_ema_decay"": 0.9, ""groupdro_update_every"": 1, ""dro_signal"": ""val"", ""val_frac"": 0.15, ""impute_missing"": true, ""common_encoder"": false, ""use_regret"": false, ""data_split_seed"": 1004}","{""num_groups"": 4, ""num_classes"": 2, ""train_total"": 449, ""test_total"": 185, ""train_group_counts"": [205, 199, 20, 25], ""test_group_counts"": [61, 59, 25, 40], ""train_class_counts"": [248, 201], ""test_class_counts"": [83, 102], ""train_group_class_counts"": [[111, 94], [127, 72], [2, 18], [8, 17]], ""test_group_class_counts"": [[33, 28], [38, 21], [2, 23], [10, 30]], ""group_proportions"": [0.45657015590200445, 0.44320712694877507, 0.044543429844097995, 0.0556792873051225], ""val_group_counts"": [37, 36, 15, 24], ""val_total"": 112}",,2026-09-15T20:30:23.968460,10,0.3991678241564303,0.8299319717078523,0.001,0.772972972972973,0.7948947624340095,0.7049180327868853,0.92,"[0.7049180327868853, 0.7796610169491526, 0.92, 0.775]","[0.6782655855488093, 0.5296970927866839, 0.3263849737495184, 0.5364403073675931]","[0.7108433734939759, 0.8235294117647058]","[[0.696969696969697, 0.7142857142857143], [0.868421052631579, 0.6190476190476191], [0.0, 1.0], [0.3, 0.9333333333333333]]","[61, 59, 25, 40]",0.7687499999999999,"[0.7042025862068966, 0.751054852320675, 0.4791666666666667, 0.6307692307692307]",0.4791666666666667,0.6782655855488093,0.7857142857142857,0.8046546546546547,0.7297297297297297,0.9333333333333333,"[0.7297297297297297, 0.8055555555555556, 0.9333333333333333, 0.75]","[0.6431673743535538, 0.4877030249271128, 0.21155254195133846, 0.5354394636427363]","[0.7, 0.8548387096774194]","[[0.7, 0.7647058823529411], [0.8260869565217391, 0.7692307692307693], [0.0, 1.0], [0.3333333333333333, 0.8888888888888888]]","[37, 36, 15, 24]",0.7800327332242225,"[0.7295321637426899, 0.7925925925925926, 0.4827586206896552, 0.6210526315789474]",0.4827586206896552,0.6431673743535538,,"[NaN, NaN, NaN, NaN]",,,
"{""run_name"": ""fedheart_exp_paper_hetagg_gdro"", ""seed"": 42, ""run_dir"": ""runs/fedheart_cv/PerGroupOnly_s42_f4"", ""use_fedheart"": true, ""num_classes"": 2, ""stratified_batching"": true, ""train_frac"": 0.8, ""group_max_train_samples"": [null, null, 20, 25], ""true_hetero_input_dim"": true, ""feature_mask"": [[0, 1, 2, 3, 5, 6, 7, 8, 9, 10], [0, 1, 2, 3, 5, 6, 11, 12], [0, 1, 2, 4, 5, 7, 11, 12], [0, 1, 2, 4, 5, 6, 8, 9, 10]], ""batch_size"": 64, ""num_workers"": 0, ""epochs"": 100, ""early_stopping_patience"": 30, ""lr"": 0.001, ""weight_decay"": 0.0001, ""optimizer"": ""adam"", ""grad_clip"": 1.0, ""lr_scheduler"": ""cosine"", ""lr_min"": 1e-05, ""latent_dim"": 64, ""head_hidden"": 32, ""groups"": [{""name"": ""cleveland"", ""encoder"": ""mlp_tabular_ln"", ""input_dim"": 10, ""hidden_dim"": 64, ""dropout"": 0.1}, {""name"": ""hungarian"", ""encoder"": ""mlp_tabular_ln"", ""input_dim"": 8, ""hidden_dim"": 64, ""dropout"": 0.1}, {""name"": ""switzerland"", ""encoder"": ""mlp_tabular_ln"", ""input_dim"": 8, ""hidden_dim"": 64, ""dropout"": 0.1}, {""name"": ""va_long_beach"", ""encoder"": ""mlp_tabular_ln"", ""input_dim"": 9, ""hidden_dim"": 64, ""dropout"": 0.1}], ""anchor_eps"": 0.0001, ""sep_samples_per_class"": 4, ""sep_method"": ""classifier"", ""sep_margin"": 1.0, ""lambda_fit"": 0.001, ""lambda_sep"": 0.001, ""groupdro_enabled"": false, ""groupdro_eta"": 0.02, ""groupdro_gamma"": 0.9, ""groupdro_update_mode"": ""exp"", ""groupdro_objective"": ""weighted"", ""groupdro_kl_lambda"": 0.0, ""groupdro_uniform_init"": false, ""log_interval"": 20, ""save_every"": 10, ""groupdro_ema_decay"": 0.9, ""groupdro_update_every"": 1, ""dro_signal"": ""val"", ""val_frac"": 0.15, ""impute_missing"": true, ""common_encoder"": false, ""use_regret"": false, ""data_split_seed"": 1004}","{""num_groups"": 4, ""num_classes"": 2, ""train_total"": 449, ""test_total"": 185, ""train_group_counts"": [205, 199, 20, 25], ""test_group_counts"": [61, 59, 25, 40], ""train_class_counts"": [248, 201], ""test_class_counts"": [83, 102], ""train_group_class_counts"": [[111, 94], [127, 72], [2, 18], [8, 17]], ""test_group_class_counts"": [[33, 28], [38, 21], [2, 23], [10, 30]], ""group_proportions"": [0.45657015590200445, 0.44320712694877507, 0.044543429844097995, 0.0556792873051225], ""val_group_counts"": [37, 36, 15, 24], ""val_total"": 112}",,2026-09-15T20:30:23.968460,11,0.38437183083049836,0.8594104307038444,0.001,0.7783783783783784,0.8011447624340094,0.7049180327868853,0.92,"[0.7049180327868853, 0.7796610169491526, 0.92, 0.8]","[0.6916162229646914, 0.5307375152232283, 0.3389846809953451, 0.5468423171900213]","[0.7349397590361446, 0.8137254901960784]","[[0.696969696969697, 0.7142857142857143], [0.868421052631579, 0.6190476190476191], [0.0, 1.0], [0.5, 0.9]]","[61, 59, 25, 40]",0.775199312409235,"[0.7042025862068966, 0.751054852320675, 0.4791666666666667, 0.7132616487455198]",0.4791666666666667,0.6916162229646914,0.7857142857142857,0.8046546546546547,0.7297297297297297,0.9333333333333333,"[0.7297297297297297, 0.8055555555555556, 0.9333333333333333, 0.75]","[0.6621875839458929, 0.4854800261350142, 0.22347633354365826, 0.5623872789243857]","[0.7, 0.8548387096774194]","[[0.7, 0.7647058823529411], [0.8260869565217391, 0.7692307692307693], [0.0, 1.0], [0.3333333333333333, 0.8888888888888888]]","[37, 36, 15, 24]",0.7800327332242225,"[0.7295321637426899, 0.7925925925925926, 0.4827586206896552, 0.6210526315789474]",0.4827586206896552,0.6621875839458929,,"[NaN, NaN, NaN, NaN]",,,
"{""run_name"": ""fedheart_exp_paper_hetagg_gdro"", ""seed"": 42, ""run_dir"": ""runs/fedheart_cv/PerGroupOnly_s42_f4"", ""use_fedheart"": true, ""num_classes"": 2, ""stratified_batching"": true, ""train_frac"": 0.8, ""group_max_train_samples"": [null, null, 20, 25], ""true_hetero_input_dim"": true, ""feature_mask"": [[0, 1, 2, 3, 5, 6, 7, 8, 9, 10], [0, 1, 2, 3, 5, 6, 11, 12], [0, 1, 2, 4, 5, 7, 11, 12], [0, 1, 2, 4, 5, 6, 8, 9, 10]], ""batch_size"": 64, ""num_workers"": 0, ""epochs"": 100, ""early_stopping_patience"": 30, ""lr"": 0.001, ""weight_decay"": 0.0001, ""optimizer"": ""adam"", ""grad_clip"": 1.0, ""lr_scheduler"": ""cosine"", ""lr_min"": 1e-05, ""latent_dim"": 64, ""head_hidden"": 32, ""groups"": [{""name"": ""cleveland"", ""encoder"": ""mlp_tabular_ln"", ""input_dim"": 10, ""hidden_dim"": 64, ""dropout"": 0.1}, {""name"": ""hungarian"", ""encoder"": ""mlp_tabular_ln"", ""input_dim"": 8, ""hidden_dim"": 64, ""dropout"": 0.1}, {""name"": ""switzerland"", ""encoder"": ""mlp_tabular_ln"", ""input_dim"": 8, ""hidden_dim"": 64, ""dropout"": 0.1}, {""name"": ""va_long_beach"", ""encoder"": ""mlp_tabular_ln"", ""input_dim"": 9, ""hidden_dim"": 64, ""dropout"": 0.1}], ""anchor_eps"": 0.0001, ""sep_samples_per_class"": 4, ""sep_method"": ""classifier"", ""sep_margin"": 1.0, ""lambda_fit"": 0.001, ""lambda_sep"": 0.001, ""groupdro_enabled"": false, ""groupdro_eta"": 0.02, ""groupdro_gamma"": 0.9, ""groupdro_update_mode"": ""exp"", ""groupdro_objective"": ""weighted"", ""groupdro_kl_lambda"": 0.0, ""groupdro_uniform_init"": false, ""log_interval"": 20, ""save_every"": 10, ""groupdro_ema_decay"": 0.9, ""groupdro_update_every"": 1, ""dro_signal"": ""val"", ""val_frac"": 0.15, ""impute_missing"": true, ""common_encoder"": false, ""use_regret"": false, ""data_split_seed"": 1004}","{""num_groups"": 4, ""num_classes"": 2, ""train_total"": 449, ""test_total"": 185, ""train_group_counts"": [205, 199, 20, 25], ""test_group_counts"": [61, 59, 25, 40], ""train_class_counts"": [248, 201], ""test_class_counts"": [83, 102], ""train_group_class_counts"": [[111, 94], [127, 72], [2, 18], [8, 17]], ""test_group_class_counts"": [[33, 28], [38, 21], [2, 23], [10, 30]], ""group_proportions"": [0.45657015590200445, 0.44320712694877507, 0.044543429844097995, 0.0556792873051225], ""val_group_counts"": [37, 36, 15, 24], ""val_total"": 112}",,2026-09-15T20:30:23.968460,12,0.3756832891310694,0.8594104288116334,0.001,0.7783783783783784,0.801283689913865,0.6885245901639344,0.92,"[0.6885245901639344, 0.7966101694915254, 0.92, 0.8]","[0.6926228231521415, 0.5288466011189809, 0.34430415026843547, 0.5657357493881137]","[0.7349397590361446, 0.8137254901960784]","[[0.6666666666666666, 0.7142857142857143], [0.8947368421052632, 0.6190476190476191], [0.0, 1.0], [0.5, 0.9]]","[61, 59, 25, 40]",0.775199312409235,"[0.6881894000538068, 0.7671052631578947, 0.4791666666666667, 0.7132616487455198]",0.4791666666666667,0.6926228231521415,0.7946428571428571,0.8115990990990991,0.7297297297297297,0.9333333333333333,"[0.7297297297297297, 0.8333333333333334, 0.9333333333333333, 0.75]","[0.6815502563541805, 0.47831384609970784, 0.2297681860004862, 0.5941634783521295]","[0.72, 0.8548387096774194]","[[0.7, 0.7647058823529411], [0.8695652173913043, 0.7692307692307693], [0.0, 1.0], [0.3333333333333333, 0.8888888888888888]]","[37, 36, 15, 24]",0.7898000815993471,"[0.7295321637426899, 0.8193979933110368, 0.4827586206896552, 0.6210526315789474]",0.4827586206896552,0.6815502563541805,,"[NaN, NaN, NaN, NaN]",,,
"{""run_name"": ""fedheart_exp_paper_hetagg_gdro"", ""seed"": 42, ""run_dir"": ""runs/fedheart_cv/PerGroupOnly_s42_f4"", ""use_fedheart"": true, ""num_classes"": 2, ""stratified_batching"": true, ""train_frac"": 0.8, ""group_max_train_samples"": [null, null, 20, 25], ""true_hetero_input_dim"": true, ""feature_mask"": [[0, 1, 2, 3, 5, 6, 7, 8, 9, 10], [0, 1, 2, 3, 5, 6, 11, 12], [0, 1, 2, 4, 5, 7, 11, 12], [0, 1, 2, 4, 5, 6, 8, 9, 10]], ""batch_size"": 64, ""num_workers"": 0, ""epochs"": 100, ""early_stopping_patience"": 30, ""lr"": 0.001, ""weight_decay"": 0.0001, ""optimizer"": ""adam"", ""grad_clip"": 1.0, ""lr_scheduler"": ""cosine"", ""lr_min"": 1e-05, ""latent_dim"": 64, ""head_hidden"": 32, ""groups"": [{""name"": ""cleveland"", ""encoder"": ""mlp_tabular_ln"", ""input_dim"": 10, ""hidden_dim"": 64, ""dropout"": 0.1}, {""name"": ""hungarian"", ""encoder"": ""mlp_tabular_ln"", ""input_dim"": 8, ""hidden_dim"": 64, ""dropout"": 0.1}, {""name"": ""switzerland"", ""encoder"": ""mlp_tabular_ln"", ""input_dim"": 8, ""hidden_dim"": 64, ""dropout"": 0.1}, {""name"": ""va_long_beach"", ""encoder"": ""mlp_tabular_ln"", ""input_dim"": 9, ""hidden_dim"": 64, ""dropout"": 0.1}], ""anchor_eps"": 0.0001, ""sep_samples_per_class"": 4, ""sep_method"": ""classifier"", ""sep_margin"": 1.0, ""lambda_fit"": 0.001, ""lambda_sep"": 0.001, ""groupdro_enabled"": false, ""groupdro_eta"": 0.02, ""groupdro_gamma"": 0.9, ""groupdro_update_mode"": ""exp"", ""groupdro_objective"": ""weighted"", ""groupdro_kl_lambda"": 0.0, ""groupdro_uniform_init"": false, ""log_interval"": 20, ""save_every"": 10, ""groupdro_ema_decay"": 0.9, ""groupdro_update_every"": 1, ""dro_signal"": ""val"", ""val_frac"": 0.15, ""impute_missing"": true, ""common_encoder"": false, ""use_regret"": false, ""data_split_seed"": 1004}","{""num_groups"": 4, ""num_classes"": 2, ""train_total"": 449, ""test_total"": 185, ""train_group_counts"": [205, 199, 20, 25], ""test_group_counts"": [61, 59, 25, 40], ""train_class_counts"": [248, 201], ""test_class_counts"": [83, 102], ""train_group_class_counts"": [[111, 94], [127, 72], [2, 18], [8, 17]], ""test_group_class_counts"": [[33, 28], [38, 21], [2, 23], [10, 30]], ""group_proportions"": [0.45657015590200445, 0.44320712694877507, 0.044543429844097995, 0.0556792873051225], ""val_group_counts"": [37, 36, 15, 24], ""val_total"": 112}",,2026-09-15T20:30:23.968460,13,0.3572660531181327,0.8662131527383852,0.001,0.7783783783783784,0.801283689913865,0.6885245901639344,0.92,"[0.6885245901639344, 0.7966101694915254, 0.92, 0.8]","[0.7153746864346208, 0.5295918832012152, 0.3541045266762376, 0.5919365318957717]","[0.7349397590361446, 0.8137254901960784]","[[0.6666666666666666, 0.7142857142857143], [0.8947368421052632, 0.6190476190476191], [0.0, 1.0], [0.5, 0.9]]","[61, 59, 25, 40]",0.775199312409235,"[0.6881894000538068, 0.7671052631578947, 0.4791666666666667, 0.7132616487455198]",0.4791666666666667,0.7153746864346208,0.7946428571428571,0.8115990990990991,0.7297297297297297,0.9333333333333333,"[0.7297297297297297, 0.8333333333333334, 0.9333333333333333, 0.75]","[0.7099887456090467, 0.47828873847093845, 0.2503231581300497, 0.62316082806016]","[0.72, 0.8548387096774194]","[[0.7, 0.7647058823529411], [0.8695652173913043, 0.7692307692307693], [0.0, 1.0], [0.3333333333333333, 0.8888888888888888]]","[37, 36, 15, 24]",0.7898000815993471,"[0.7295321637426899, 0.8193979933110368, 0.4827586206896552, 0.6210526315789474]",0.4827586206896552,0.7099887456090467,,"[NaN, NaN, NaN, NaN]",,,
"{""run_name"": ""fedheart_exp_paper_hetagg_gdro"", ""seed"": 42, ""run_dir"": ""runs/fedheart_cv/PerGroupOnly_s42_f4"", ""use_fedheart"": true, ""num_classes"": 2, ""stratified_batching"": true, ""train_frac"": 0.8, ""group_max_train_samples"": [null, null, 20, 25], ""true_hetero_input_dim"": true, ""feature_mask"": [[0, 1, 2, 3, 5, 6, 7, 8, 9, 10], [0, 1, 2, 3, 5, 6, 11, 12], [0, 1, 2, 4, 5, 7, 11, 12], [0, 1, 2, 4, 5, 6, 8, 9, 10]], ""batch_size"": 64, ""num_workers"": 0, ""epochs"": 100, ""early_stopping_patience"": 30, ""lr"": 0.001, ""weight_decay"": 0.0001, ""optimizer"": ""adam"", ""grad_clip"": 1.0, ""lr_scheduler"": ""cosine"", ""lr_min"": 1e-05, ""latent_dim"": 64, ""head_hidden"": 32, ""groups"": [{""name"": ""cleveland"", ""encoder"": ""mlp_tabular_ln"", ""input_dim"": 10, ""hidden_dim"": 64, ""dropout"": 0.1}, {""name"": ""hungarian"", ""encoder"": ""mlp_tabular_ln"", ""input_dim"": 8, ""hidden_dim"": 64, ""dropout"": 0.1}, {""name"": ""switzerland"", ""encoder"": ""mlp_tabular_ln"", ""input_dim"": 8, ""hidden_dim"": 64, ""dropout"": 0.1}, {""name"": ""va_long_beach"", ""encoder"": ""mlp_tabular_ln"", ""input_dim"": 9, ""hidden_dim"": 64, ""dropout"": 0.1}], ""anchor_eps"": 0.0001, ""sep_samples_per_class"": 4, ""sep_method"": ""classifier"", ""sep_margin"": 1.0, ""lambda_fit"": 0.001, ""lambda_sep"": 0.001, ""groupdro_enabled"": false, ""groupdro_eta"": 0.02, ""groupdro_gamma"": 0.9, ""groupdro_update_mode"": ""exp"", ""groupdro_objective"": ""weighted"", ""groupdro_kl_lambda"": 0.0, ""groupdro_uniform_init"": false, ""log_interval"": 20, ""save_every"": 10, ""groupdro_ema_decay"": 0.9, ""groupdro_update_every"": 1, ""dro_signal"": ""val"", ""val_frac"": 0.15, ""impute_missing"": true, ""common_encoder"": false, ""use_regret"": false, ""data_split_seed"": 1004}","{""num_groups"": 4, ""num_classes"": 2, ""train_total"": 449, ""test_total"": 185, ""train_group_counts"": [205, 199, 20, 25], ""test_group_counts"": [61, 59, 25, 40], ""train_class_counts"": [248, 201], ""test_class_counts"": [83, 102], ""train_group_class_counts"": [[111, 94], [127, 72], [2, 18], [8, 17]], ""test_group_class_counts"": [[33, 28], [38, 21], [2, 23], [10, 30]], ""group_proportions"": [0.45657015590200445, 0.44320712694877507, 0.044543429844097995, 0.0556792873051225], ""val_group_counts"": [37, 36, 15, 24], ""val_total"": 112}",,2026-09-15T20:30:23.968460,14,0.3543801163059243,0.8707483001306754,0.001,0.7675675675675676,0.7907964017782718,0.6885245901639344,0.92,"[0.6885245901639344, 0.7796610169491526, 0.92, 0.775]","[0.7213149886181365, 0.5313800012029833, 0.369366994202137, 0.6208345321705565]","[0.7228915662650602, 0.803921568627451]","[[0.6666666666666666, 0.7142857142857143], [0.868421052631579, 0.6190476190476191], [0.0, 1.0], [0.5, 0.8666666666666667]]","[61, 59, 25, 40]",0.7642334252096854,"[0.6881894000538068, 0.751054852320675, 0.4791666666666667, 0.6893874029335634]",0.4791666666666667,0.7213149886181365,0.7857142857142857,0.7949324324324325,0.7297297297297297,0.8666666666666667,"[0.7297297297297297, 0.8333333333333334, 0.8666666666666667, 0.75]","[0.7168970462941641, 0.4840971517066161, 0.27454767224068444, 0.668335018485474]","[0.72, 0.8387096774193549]","[[0.7, 0.7647058823529411], [0.8695652173913043, 0.7692307692307693], [0.0, 0.9285714285714286], [0.3333333333333333, 0.8888888888888888]]","[37, 36, 15, 24]",0.78125,"[0.7295321637426899, 0.8193979933110368, 0.4642857142857143, 0.6210526315789474]",0.4642857142857143,0.7168970462941641,,"[NaN, NaN, NaN, NaN]",,,
"{""run_name"": ""fedheart_exp_paper_hetagg_gdro"", ""seed"": 42, ""run_dir"": ""runs/fedheart_cv/PerGroupOnly_s42_f4"", ""use_fedheart"": true, ""num_classes"": 2, ""stratified_batching"": true, ""train_frac"": 0.8, ""group_max_train_samples"": [null, null, 20, 25], ""true_hetero_input_dim"": true, ""feature_mask"": [[0, 1, 2, 3, 5, 6, 7, 8, 9, 10], [0, 1, 2, 3, 5, 6, 11, 12], [0, 1, 2, 4, 5, 7, 11, 12], [0, 1, 2, 4, 5, 6, 8, 9, 10]], ""batch_size"": 64, ""num_workers"": 0, ""epochs"": 100, ""early_stopping_patience"": 30, ""lr"": 0.001, ""weight_decay"": 0.0001, ""optimizer"": ""adam"", ""grad_clip"": 1.0, ""lr_scheduler"": ""cosine"", ""lr_min"": 1e-05, ""latent_dim"": 64, ""head_hidden"": 32, ""groups"": [{""name"": ""cleveland"", ""encoder"": ""mlp_tabular_ln"", ""input_dim"": 10, ""hidden_dim"": 64, ""dropout"": 0.1}, {""name"": ""hungarian"", ""encoder"": ""mlp_tabular_ln"", ""input_dim"": 8, ""hidden_dim"": 64, ""dropout"": 0.1}, {""name"": ""switzerland"", ""encoder"": ""mlp_tabular_ln"", ""input_dim"": 8, ""hidden_dim"": 64, ""dropout"": 0.1}, {""name"": ""va_long_beach"", ""encoder"": ""mlp_tabular_ln"", ""input_dim"": 9, ""hidden_dim"": 64, ""dropout"": 0.1}], ""anchor_eps"": 0.0001, ""sep_samples_per_class"": 4, ""sep_method"": ""classifier"", ""sep_margin"": 1.0, ""lambda_fit"": 0.001, ""lambda_sep"": 0.001, ""groupdro_enabled"": false, ""groupdro_eta"": 0.02, ""groupdro_gamma"": 0.9, ""groupdro_update_mode"": ""exp"", ""groupdro_objective"": ""weighted"", ""groupdro_kl_lambda"": 0.0, ""groupdro_uniform_init"": false, ""log_interval"": 20, ""save_every"": 10, ""groupdro_ema_decay"": 0.9, ""groupdro_update_every"": 1, ""dro_signal"": ""val"", ""val_frac"": 0.15, ""impute_missing"": true, ""common_encoder"": false, ""use_regret"": false, ""data_split_seed"": 1004}","{""num_groups"": 4, ""num_classes"": 2, ""train_total"": 449, ""test_total"": 185, ""train_group_counts"": [205, 199, 20, 25], ""test_group_counts"": [61, 59, 25, 40], ""train_class_counts"": [248, 201], ""test_class_counts"": [83, 102], ""train_group_class_counts"": [[111, 94], [127, 72], [2, 18], [8, 17]], ""test_group_class_counts"": [[33, 28], [38, 21], [2, 23], [10, 30]], ""group_proportions"": [0.45657015590200445, 0.44320712694877507, 0.044543429844097995, 0.0556792873051225], ""val_group_counts"": [37, 36, 15, 24], ""val_total"": 112}",,2026-09-15T20:30:23.968460,15,0.37271605134686103,0.848072565196593,0.001,0.772972972972973,0.7948947624340095,0.7049180327868853,0.92,"[0.7049180327868853, 0.7796610169491526, 0.92, 0.775]","[0.6897105610792021, 0.5354452112026639, 0.38675205344334246, 0.6361489204224199]","[0.7349397590361446, 0.803921568627451]","[[0.696969696969697, 0.7142857142857143], [0.868421052631579, 0.6190476190476191], [0.0, 1.0], [0.5, 0.8666666666666667]]","[61, 59, 25, 40]",0.7700094719393795,"[0.7042025862068966, 0.751054852320675, 0.4791666666666667, 0.6893874029335634]",0.4791666666666667,0.6897105610792021,0.7767857142857143,0.7977102102102103,0.7297297297297297,0.9333333333333333,"[0.7297297297297297, 0.7777777777777778, 0.9333333333333333, 0.75]","[0.6979147910669043, 0.49054009601887727, 0.31037287699679533, 0.7249622197899347]","[0.68, 0.8548387096774194]","[[0.7, 0.7647058823529411], [0.782608695652174, 0.7692307692307693], [0.0, 1.0], [0.3333333333333333, 0.8888888888888888]]","[37, 36, 15, 24]",0.7701715505212181,"[0.7295321637426899, 0.7662337662337662, 0.4827586206896552, 0.6210526315789474]",0.4827586206896552,0.7249622197899347,,"[NaN, NaN, NaN, NaN]",,,
"{""run_name"": ""fedheart_exp_paper_hetagg_gdro"", ""seed"": 42, ""run_dir"": ""runs/fedheart_cv/PerGroupOnly_s42_f4"", ""use_fedheart"": true, ""num_classes"": 2, ""stratified_batching"": true, ""train_frac"": 0.8, ""group_max_train_samples"": [null, null, 20, 25], ""true_hetero_input_dim"": true, ""feature_mask"": [[0, 1, 2, 3, 5, 6, 7, 8, 9, 10], [0, 1, 2, 3, 5, 6, 11, 12], [0, 1, 2, 4, 5, 7, 11, 12], [0, 1, 2, 4, 5, 6, 8, 9, 10]], ""batch_size"": 64, ""num_workers"": 0, ""epochs"": 100, ""early_stopping_patience"": 30, ""lr"": 0.001, ""weight_decay"": 0.0001, ""optimizer"": ""adam"", ""grad_clip"": 1.0, ""lr_scheduler"": ""cosine"", ""lr_min"": 1e-05, ""latent_dim"": 64, ""head_hidden"": 32, ""groups"": [{""name"": ""cleveland"", ""encoder"": ""mlp_tabular_ln"", ""input_dim"": 10, ""hidden_dim"": 64, ""dropout"": 0.1}, {""name"": ""hungarian"", ""encoder"": ""mlp_tabular_ln"", ""input_dim"": 8, ""hidden_dim"": 64, ""dropout"": 0.1}, {""name"": ""switzerland"", ""encoder"": ""mlp_tabular_ln"", ""input_dim"": 8, ""hidden_dim"": 64, ""dropout"": 0.1}, {""name"": ""va_long_beach"", ""encoder"": ""mlp_tabular_ln"", ""input_dim"": 9, ""hidden_dim"": 64, ""dropout"": 0.1}], ""anchor_eps"": 0.0001, ""sep_samples_per_class"": 4, ""sep_method"": ""classifier"", ""sep_margin"": 1.0, ""lambda_fit"": 0.001, ""lambda_sep"": 0.001, ""groupdro_enabled"": false, ""groupdro_eta"": 0.02, ""groupdro_gamma"": 0.9, ""groupdro_update_mode"": ""exp"", ""groupdro_objective"": ""weighted"", ""groupdro_kl_lambda"": 0.0, ""groupdro_uniform_init"": false, ""log_interval"": 20, ""save_every"": 10, ""groupdro_ema_decay"": 0.9, ""groupdro_update_every"": 1, ""dro_signal"": ""val"", ""val_frac"": 0.15, ""impute_missing"": true, ""common_encoder"": false, ""use_regret"": false, ""data_split_seed"": 1004}","{""num_groups"": 4, ""num_classes"": 2, ""train_total"": 449, ""test_total"": 185, ""train_group_counts"": [205, 199, 20, 25], ""test_group_counts"": [61, 59, 25, 40], ""train_class_counts"": [248, 201], ""test_class_counts"": [83, 102], ""train_group_class_counts"": [[111, 94], [127, 72], [2, 18], [8, 17]], ""test_group_class_counts"": [[33, 28], [38, 21], [2, 23], [10, 30]], ""group_proportions"": [0.45657015590200445, 0.44320712694877507, 0.044543429844097995, 0.0556792873051225], ""val_group_counts"": [37, 36, 15, 24], ""val_total"": 112}",,2026-09-15T20:30:23.968460,16,0.35617809926841804,0.8707482963462535,0.001,0.772972972972973,0.7970464017782718,0.6885245901639344,0.92,"[0.6885245901639344, 0.7796610169491526, 0.92, 0.8]","[0.6784414870236986, 0.5393560888340413, 0.4028395710233599, 0.663029616815038]","[0.7349397590361446, 0.803921568627451]","[[0.6666666666666666, 0.7142857142857143], [0.868421052631579, 0.6190476190476191], [0.0, 1.0], [0.6, 0.8666666666666667]]","[61, 59, 25, 40]",0.7700094719393795,"[0.6881894000538068, 0.751054852320675, 0.4791666666666667, 0.7333333333333334]",0.4791666666666667,0.6784414870236986,0.7767857142857143,0.794237987987988,0.7083333333333334,0.9333333333333333,"[0.7297297297297297, 0.8055555555555556, 0.9333333333333333, 0.7083333333333334]","[0.706212300731725, 0.48449571720427936, 0.3431281548148642, 0.777579594636336]","[0.7, 0.8387096774193549]","[[0.7, 0.7647058823529411], [0.8260869565217391, 0.7692307692307693], [0.0, 1.0], [0.3333333333333333, 0.8333333333333334]]","[37, 36, 15, 24]",0.7715218278253773,"[0.7295321637426899, 0.7925925925925926, 0.4827586206896552, 0.5872235872235873]",0.4827586206896552,0.777579594636336,,"[NaN, NaN, NaN, NaN]",,,
"{""run_name"": ""fedheart_exp_paper_hetagg_gdro"", ""seed"": 42, ""run_dir"": ""runs/fedheart_cv/PerGroupOnly_s42_f4"", ""use_fedheart"": true, ""num_classes"": 2, ""stratified_batching"": true, ""train_frac"": 0.8, ""group_max_train_samples"": [null, null, 20, 25], ""true_hetero_input_dim"": true, ""feature_mask"": [[0, 1, 2, 3, 5, 6, 7, 8, 9, 10], [0, 1, 2, 3, 5, 6, 11, 12], [0, 1, 2, 4, 5, 7, 11, 12], [0, 1, 2, 4, 5, 6, 8, 9, 10]], ""batch_size"": 64, ""num_workers"": 0, ""epochs"": 100, ""early_stopping_patience"": 30, ""lr"": 0.001, ""weight_decay"": 0.0001, ""optimizer"": ""adam"", ""grad_clip"": 1.0, ""lr_scheduler"": ""cosine"", ""lr_min"": 1e-05, ""latent_dim"": 64, ""head_hidden"": 32, ""groups"": [{""name"": ""cleveland"", ""encoder"": ""mlp_tabular_ln"", ""input_dim"": 10, ""hidden_dim"": 64, ""dropout"": 0.1}, {""name"": ""hungarian"", ""encoder"": ""mlp_tabular_ln"", ""input_dim"": 8, ""hidden_dim"": 64, ""dropout"": 0.1}, {""name"": ""switzerland"", ""encoder"": ""mlp_tabular_ln"", ""input_dim"": 8, ""hidden_dim"": 64, ""dropout"": 0.1}, {""name"": ""va_long_beach"", ""encoder"": ""mlp_tabular_ln"", ""input_dim"": 9, ""hidden_dim"": 64, ""dropout"": 0.1}], ""anchor_eps"": 0.0001, ""sep_samples_per_class"": 4, ""sep_method"": ""classifier"", ""sep_margin"": 1.0, ""lambda_fit"": 0.001, ""lambda_sep"": 0.001, ""groupdro_enabled"": false, ""groupdro_eta"": 0.02, ""groupdro_gamma"": 0.9, ""groupdro_update_mode"": ""exp"", ""groupdro_objective"": ""weighted"", ""groupdro_kl_lambda"": 0.0, ""groupdro_uniform_init"": false, ""log_interval"": 20, ""save_every"": 10, ""groupdro_ema_decay"": 0.9, ""groupdro_update_every"": 1, ""dro_signal"": ""val"", ""val_frac"": 0.15, ""impute_missing"": true, ""common_encoder"": false, ""use_regret"": false, ""data_split_seed"": 1004}","{""num_groups"": 4, ""num_classes"": 2, ""train_total"": 449, ""test_total"": 185, ""train_group_counts"": [205, 199, 20, 25], ""test_group_counts"": [61, 59, 25, 40], ""train_class_counts"": [248, 201], ""test_class_counts"": [83, 102], ""train_group_class_counts"": [[111, 94], [127, 72], [2, 18], [8, 17]], ""test_group_class_counts"": [[33, 28], [38, 21], [2, 23], [10, 30]], ""group_proportions"": [0.45657015590200445, 0.44320712694877507, 0.044543429844097995, 0.0556792873051225], ""val_group_counts"": [37, 36, 15, 24], ""val_total"": 112}",,2026-09-15T20:30:23.968460,17,0.32960018698050053,0.8798185949152559,0.001,0.772972972972973,0.7948947624340095,0.7049180327868853,0.92,"[0.7049180327868853, 0.7796610169491526, 0.92, 0.775]","[0.6681268912144616, 0.549604038344854, 0.4119671308156103, 0.6815588503028266]","[0.7349397590361446, 0.803921568627451]","[[0.696969696969697, 0.7142857142857143], [0.868421052631579, 0.6190476190476191], [0.0, 1.0], [0.5, 0.8666666666666667]]","[61, 59, 25, 40]",0.7700094719393795,"[0.7042025862068966, 0.751054852320675, 0.4791666666666667, 0.6893874029335634]",0.4791666666666667,0.6815588503028266,0.7767857142857143,0.7845157657657658,0.7083333333333334,0.8666666666666667,"[0.7297297297297297, 0.8333333333333334, 0.8666666666666667, 0.7083333333333334]","[0.6975565892518372, 0.48928622994571924, 0.3809821182396263, 0.8510352566760654]","[0.72, 0.8225806451612904]","[[0.7, 0.7647058823529411], [0.8695652173913043, 0.7692307692307693], [0.0, 0.9285714285714286], [0.3333333333333333, 0.8333333333333334]]","[37, 36, 15, 24]",0.772708823768163,"[0.7295321637426899, 0.8193979933110368, 0.4642857142857143, 0.5872235872235873]",0.4642857142857143,0.8510352566760654,,"[NaN, NaN, NaN, NaN]",,,
"{""run_name"": ""fedheart_exp_paper_hetagg_gdro"", ""seed"": 42, ""run_dir"": ""runs/fedheart_cv/PerGroupOnly_s42_f4"", ""use_fedheart"": true, ""num_classes"": 2, ""stratified_batching"": true, ""train_frac"": 0.8, ""group_max_train_samples"": [null, null, 20, 25], ""true_hetero_input_dim"": true, ""feature_mask"": [[0, 1, 2, 3, 5, 6, 7, 8, 9, 10], [0, 1, 2, 3, 5, 6, 11, 12], [0, 1, 2, 4, 5, 7, 11, 12], [0, 1, 2, 4, 5, 6, 8, 9, 10]], ""batch_size"": 64, ""num_workers"": 0, ""epochs"": 100, ""early_stopping_patience"": 30, ""lr"": 0.001, ""weight_decay"": 0.0001, ""optimizer"": ""adam"", ""grad_clip"": 1.0, ""lr_scheduler"": ""cosine"", ""lr_min"": 1e-05, ""latent_dim"": 64, ""head_hidden"": 32, ""groups"": [{""name"": ""cleveland"", ""encoder"": ""mlp_tabular_ln"", ""input_dim"": 10, ""hidden_dim"": 64, ""dropout"": 0.1}, {""name"": ""hungarian"", ""encoder"": ""mlp_tabular_ln"", ""input_dim"": 8, ""hidden_dim"": 64, ""dropout"": 0.1}, {""name"": ""switzerland"", ""encoder"": ""mlp_tabular_ln"", ""input_dim"": 8, ""hidden_dim"": 64, ""dropout"": 0.1}, {""name"": ""va_long_beach"", ""encoder"": ""mlp_tabular_ln"", ""input_dim"": 9, ""hidden_dim"": 64, ""dropout"": 0.1}], ""anchor_eps"": 0.0001, ""sep_samples_per_class"": 4, ""sep_method"": ""classifier"", ""sep_margin"": 1.0, ""lambda_fit"": 0.001, ""lambda_sep"": 0.001, ""groupdro_enabled"": false, ""groupdro_eta"": 0.02, ""groupdro_gamma"": 0.9, ""groupdro_update_mode"": ""exp"", ""groupdro_objective"": ""weighted"", ""groupdro_kl_lambda"": 0.0, ""groupdro_uniform_init"": false, ""log_interval"": 20, ""save_every"": 10, ""groupdro_ema_decay"": 0.9, ""groupdro_update_every"": 1, ""dro_signal"": ""val"", ""val_frac"": 0.15, ""impute_missing"": true, ""common_encoder"": false, ""use_regret"": false, ""data_split_seed"": 1004}","{""num_groups"": 4, ""num_classes"": 2, ""train_total"": 449, ""test_total"": 185, ""train_group_counts"": [205, 199, 20, 25], ""test_group_counts"": [61, 59, 25, 40], ""train_class_counts"": [248, 201], ""test_class_counts"": [83, 102], ""train_group_class_counts"": [[111, 94], [127, 72], [2, 18], [8, 17]], ""test_group_class_counts"": [[33, 28], [38, 21], [2, 23], [10, 30]], ""group_proportions"": [0.45657015590200445, 0.44320712694877507, 0.044543429844097995, 0.0556792873051225], ""val_group_counts"": [37, 36, 15, 24], ""val_total"": 112}",,2026-09-15T20:30:23.968460,18,0.3391952843420089,0.8775510223003742,0.001,0.7621621621621621,0.7845464017782717,0.6885245901639344,0.92,"[0.6885245901639344, 0.7796610169491526, 0.92, 0.75]","[0.6840047847067358, 0.5433460791926767, 0.42230904567055405, 0.7050319629488513]","[0.7108433734939759, 0.803921568627451]","[[0.6666666666666666, 0.7142857142857143], [0.868421052631579, 0.6190476190476191], [0.0, 1.0], [0.4, 0.8666666666666667]]","[61, 59, 25, 40]",0.7584283000949668,"[0.6881894000538068, 0.751054852320675, 0.4791666666666667, 0.6415770609318997]",0.4791666666666667,0.7050319629488513,0.75,0.7539602102102102,0.7083333333333334,0.8,"[0.7297297297297297, 0.7777777777777778, 0.8, 0.7083333333333334]","[0.7250590271794716, 0.49830651381570434, 0.42712218638819954, 0.8981460031160774]","[0.68, 0.8064516129032258]","[[0.7, 0.7647058823529411], [0.782608695652174, 0.7692307692307693], [0.0, 0.8571428571428571], [0.3333333333333333, 0.8333333333333334]]","[37, 36, 15, 24]",0.7447916666666666,"[0.7295321637426899, 0.7662337662337662, 0.4444444444444445, 0.5872235872235873]",0.4444444444444445,0.8981460031160774,,"[NaN, NaN, NaN, NaN]",,,
"{""run_name"": ""fedheart_exp_paper_hetagg_gdro"", ""seed"": 42, ""run_dir"": ""runs/fedheart_cv/PerGroupOnly_s42_f4"", ""use_fedheart"": true, ""num_classes"": 2, ""stratified_batching"": true, ""train_frac"": 0.8, ""group_max_train_samples"": [null, null, 20, 25], ""true_hetero_input_dim"": true, ""feature_mask"": [[0, 1, 2, 3, 5, 6, 7, 8, 9, 10], [0, 1, 2, 3, 5, 6, 11, 12], [0, 1, 2, 4, 5, 7, 11, 12], [0, 1, 2, 4, 5, 6, 8, 9, 10]], ""batch_size"": 64, ""num_workers"": 0, ""epochs"": 100, ""early_stopping_patience"": 30, ""lr"": 0.001, ""weight_decay"": 0.0001, ""optimizer"": ""adam"", ""grad_clip"": 1.0, ""lr_scheduler"": ""cosine"", ""lr_min"": 1e-05, ""latent_dim"": 64, ""head_hidden"": 32, ""groups"": [{""name"": ""cleveland"", ""encoder"": ""mlp_tabular_ln"", ""input_dim"": 10, ""hidden_dim"": 64, ""dropout"": 0.1}, {""name"": ""hungarian"", ""encoder"": ""mlp_tabular_ln"", ""input_dim"": 8, ""hidden_dim"": 64, ""dropout"": 0.1}, {""name"": ""switzerland"", ""encoder"": ""mlp_tabular_ln"", ""input_dim"": 8, ""hidden_dim"": 64, ""dropout"": 0.1}, {""name"": ""va_long_beach"", ""encoder"": ""mlp_tabular_ln"", ""input_dim"": 9, ""hidden_dim"": 64, ""dropout"": 0.1}], ""anchor_eps"": 0.0001, ""sep_samples_per_class"": 4, ""sep_method"": ""classifier"", ""sep_margin"": 1.0, ""lambda_fit"": 0.001, ""lambda_sep"": 0.001, ""groupdro_enabled"": false, ""groupdro_eta"": 0.02, ""groupdro_gamma"": 0.9, ""groupdro_update_mode"": ""exp"", ""groupdro_objective"": ""weighted"", ""groupdro_kl_lambda"": 0.0, ""groupdro_uniform_init"": false, ""log_interval"": 20, ""save_every"": 10, ""groupdro_ema_decay"": 0.9, ""groupdro_update_every"": 1, ""dro_signal"": ""val"", ""val_frac"": 0.15, ""impute_missing"": true, ""common_encoder"": false, ""use_regret"": false, ""data_split_seed"": 1004}","{""num_groups"": 4, ""num_classes"": 2, ""train_total"": 449, ""test_total"": 185, ""train_group_counts"": [205, 199, 20, 25], ""test_group_counts"": [61, 59, 25, 40], ""train_class_counts"": [248, 201], ""test_class_counts"": [83, 102], ""train_group_class_counts"": [[111, 94], [127, 72], [2, 18], [8, 17]], ""test_group_class_counts"": [[33, 28], [38, 21], [2, 23], [10, 30]], ""group_proportions"": [0.45657015590200445, 0.44320712694877507, 0.044543429844097995, 0.0556792873051225], ""val_group_counts"": [37, 36, 15, 24], ""val_total"": 112}",,2026-09-15T20:30:23.968460,19,0.3117579168338084,0.8956916117343773,0.001,0.7675675675675676,0.7886447624340095,0.7049180327868853,0.92,"[0.7049180327868853, 0.7796610169491526, 0.92, 0.75]","[0.7120918993853399, 0.5516570062392344, 0.4340476638125256, 0.7297918413591106]","[0.7349397590361446, 0.7941176470588235]","[[0.696969696969697, 0.7142857142857143], [0.8947368421052632, 0.5714285714285714], [0.0, 1.0], [0.4, 0.8666666666666667]]","[61, 59, 25, 40]",0.7648189209164818,"[0.7042025862068966, 0.7440774107440773, 0.4791666666666667, 0.6415770609318997]",0.4791666666666667,0.7297918413591106,0.7589285714285714,0.7511824324324324,0.7083333333333334,0.8333333333333334,"[0.7297297297297297, 0.8333333333333334, 0.7333333333333333, 0.7083333333333334]","[0.7639224683312146, 0.49154967121366, 0.46599924489855765, 0.9373115683847573]","[0.72, 0.7903225806451613]","[[0.7, 0.7647058823529411], [0.8695652173913043, 0.7692307692307693], [0.0, 0.7857142857142857], [0.3333333333333333, 0.8333333333333334]]","[37, 36, 15, 24]",0.7556363636363636,"[0.7295321637426899, 0.8193979933110368, 0.4230769230769231, 0.5872235872235873]",0.4230769230769231,0.9373115683847573,,"[NaN, NaN, NaN, NaN]",,,
"{""run_name"": ""fedheart_exp_paper_hetagg_gdro"", ""seed"": 42, ""run_dir"": ""runs/fedheart_cv/PerGroupOnly_s42_f4"", ""use_fedheart"": true, ""num_classes"": 2, ""stratified_batching"": true, ""train_frac"": 0.8, ""group_max_train_samples"": [null, null, 20, 25], ""true_hetero_input_dim"": true, ""feature_mask"": [[0, 1, 2, 3, 5, 6, 7, 8, 9, 10], [0, 1, 2, 3, 5, 6, 11, 12], [0, 1, 2, 4, 5, 7, 11, 12], [0, 1, 2, 4, 5, 6, 8, 9, 10]], ""batch_size"": 64, ""num_workers"": 0, ""epochs"": 100, ""early_stopping_patience"": 30, ""lr"": 0.001, ""weight_decay"": 0.0001, ""optimizer"": ""adam"", ""grad_clip"": 1.0, ""lr_scheduler"": ""cosine"", ""lr_min"": 1e-05, ""latent_dim"": 64, ""head_hidden"": 32, ""groups"": [{""name"": ""cleveland"", ""encoder"": ""mlp_tabular_ln"", ""input_dim"": 10, ""hidden_dim"": 64, ""dropout"": 0.1}, {""name"": ""hungarian"", ""encoder"": ""mlp_tabular_ln"", ""input_dim"": 8, ""hidden_dim"": 64, ""dropout"": 0.1}, {""name"": ""switzerland"", ""encoder"": ""mlp_tabular_ln"", ""input_dim"": 8, ""hidden_dim"": 64, ""dropout"": 0.1}, {""name"": ""va_long_beach"", ""encoder"": ""mlp_tabular_ln"", ""input_dim"": 9, ""hidden_dim"": 64, ""dropout"": 0.1}], ""anchor_eps"": 0.0001, ""sep_samples_per_class"": 4, ""sep_method"": ""classifier"", ""sep_margin"": 1.0, ""lambda_fit"": 0.001, ""lambda_sep"": 0.001, ""groupdro_enabled"": false, ""groupdro_eta"": 0.02, ""groupdro_gamma"": 0.9, ""groupdro_update_mode"": ""exp"", ""groupdro_objective"": ""weighted"", ""groupdro_kl_lambda"": 0.0, ""groupdro_uniform_init"": false, ""log_interval"": 20, ""save_every"": 10, ""groupdro_ema_decay"": 0.9, ""groupdro_update_every"": 1, ""dro_signal"": ""val"", ""val_frac"": 0.15, ""impute_missing"": true, ""common_encoder"": false, ""use_regret"": false, ""data_split_seed"": 1004}","{""num_groups"": 4, ""num_classes"": 2, ""train_total"": 449, ""test_total"": 185, ""train_group_counts"": [205, 199, 20, 25], ""test_group_counts"": [61, 59, 25, 40], ""train_class_counts"": [248, 201], ""test_class_counts"": [83, 102], ""train_group_class_counts"": [[111, 94], [127, 72], [2, 18], [8, 17]], ""test_group_class_counts"": [[33, 28], [38, 21], [2, 23], [10, 30]], ""group_proportions"": [0.45657015590200445, 0.44320712694877507, 0.044543429844097995, 0.0556792873051225], ""val_group_counts"": [37, 36, 15, 24], ""val_total"": 112}",,2026-09-15T20:30:23.968460,20,0.3141531657740102,0.8798185978887303,0.001,0.7837837837837838,0.8032304112253403,0.7213114754098361,0.92,"[0.7213114754098361, 0.7966101694915254, 0.92, 0.775]","[0.7391749979340334, 0.5526028065389749, 0.4483829904999584, 0.7480602005991386]","[0.7590361445783133, 0.803921568627451]","[[0.7272727272727273, 0.7142857142857143], [0.8947368421052632, 0.6190476190476191], [0.0, 1.0], [0.5, 0.8666666666666667]]","[61, 59, 25, 40]",0.7814788566028821,"[0.7201079622132254, 0.7671052631578947, 0.4791666666666667, 0.6893874029335634]",0.4791666666666667,0.7480602005991386,0.75,0.744237987987988,0.7083333333333334,0.8055555555555556,"[0.7297297297297297, 0.8055555555555556, 0.7333333333333333, 0.7083333333333334]","[0.8005406162575692, 0.4953745683241222, 0.5116416324550906, 0.9510051062000761]","[0.7, 0.7903225806451613]","[[0.7, 0.7647058823529411], [0.8260869565217391, 0.7692307692307693], [0.0, 0.7857142857142857], [0.3333333333333333, 0.8333333333333334]]","[37, 36, 15, 24]",0.746031746031746,"[0.7295321637426899, 0.7925925925925926, 0.4230769230769231, 0.5872235872235873]",0.4230769230769231,0.9510051062000761,,"[NaN, NaN, NaN, NaN]",,,
"{""run_name"": ""fedheart_exp_paper_hetagg_gdro"", ""seed"": 42, ""run_dir"": ""runs/fedheart_cv/PerGroupOnly_s42_f4"", ""use_fedheart"": true, ""num_classes"": 2, ""stratified_batching"": true, ""train_frac"": 0.8, ""group_max_train_samples"": [null, null, 20, 25], ""true_hetero_input_dim"": true, ""feature_mask"": [[0, 1, 2, 3, 5, 6, 7, 8, 9, 10], [0, 1, 2, 3, 5, 6, 11, 12], [0, 1, 2, 4, 5, 7, 11, 12], [0, 1, 2, 4, 5, 6, 8, 9, 10]], ""batch_size"": 64, ""num_workers"": 0, ""epochs"": 100, ""early_stopping_patience"": 30, ""lr"": 0.001, ""weight_decay"": 0.0001, ""optimizer"": ""adam"", ""grad_clip"": 1.0, ""lr_scheduler"": ""cosine"", ""lr_min"": 1e-05, ""latent_dim"": 64, ""head_hidden"": 32, ""groups"": [{""name"": ""cleveland"", ""encoder"": ""mlp_tabular_ln"", ""input_dim"": 10, ""hidden_dim"": 64, ""dropout"": 0.1}, {""name"": ""hungarian"", ""encoder"": ""mlp_tabular_ln"", ""input_dim"": 8, ""hidden_dim"": 64, ""dropout"": 0.1}, {""name"": ""switzerland"", ""encoder"": ""mlp_tabular_ln"", ""input_dim"": 8, ""hidden_dim"": 64, ""dropout"": 0.1}, {""name"": ""va_long_beach"", ""encoder"": ""mlp_tabular_ln"", ""input_dim"": 9, ""hidden_dim"": 64, ""dropout"": 0.1}], ""anchor_eps"": 0.0001, ""sep_samples_per_class"": 4, ""sep_method"": ""classifier"", ""sep_margin"": 1.0, ""lambda_fit"": 0.001, ""lambda_sep"": 0.001, ""groupdro_enabled"": false, ""groupdro_eta"": 0.02, ""groupdro_gamma"": 0.9, ""groupdro_update_mode"": ""exp"", ""groupdro_objective"": ""weighted"", ""groupdro_kl_lambda"": 0.0, ""groupdro_uniform_init"": false, ""log_interval"": 20, ""save_every"": 10, ""groupdro_ema_decay"": 0.9, ""groupdro_update_every"": 1, ""dro_signal"": ""val"", ""val_frac"": 0.15, ""impute_missing"": true, ""common_encoder"": false, ""use_regret"": false, ""data_split_seed"": 1004}","{""num_groups"": 4, ""num_classes"": 2, ""train_total"": 449, ""test_total"": 185, ""train_group_counts"": [205, 199, 20, 25], ""test_group_counts"": [61, 59, 25, 40], ""train_class_counts"": [248, 201], ""test_class_counts"": [83, 102], ""train_group_class_counts"": [[111, 94], [127, 72], [2, 18], [8, 17]], ""test_group_class_counts"": [[33, 28], [38, 21], [2, 23], [10, 30]], ""group_proportions"": [0.45657015590200445, 0.44320712694877507, 0.044543429844097995, 0.0556792873051225], ""val_group_counts"": [37, 36, 15, 24], ""val_total"": 112}",,2026-09-15T20:30:23.968460,21,0.3189424873074166,0.8730158709885042,0.001,0.7783783783783784,0.7989931230897471,0.7213114754098361,0.92,"[0.7213114754098361, 0.7796610169491526, 0.92, 0.775]","[0.7659583751677124, 0.5559129842193955, 0.46402657351922244, 0.7855212466762168]","[0.7469879518072289, 0.803921568627451]","[[0.696969696969697, 0.75], [0.868421052631579, 0.6190476190476191], [0.0, 1.0], [0.6, 0.8333333333333334]]","[61, 59, 25, 40]",0.7757575757575758,"[0.7210115684691957, 0.751054852320675, 0.4791666666666667, 0.7094430992736076]",0.4791666666666667,0.7855212466762168,0.7589285714285714,0.7546546546546546,0.7297297297297297,0.8055555555555556,"[0.7297297297297297, 0.8055555555555556, 0.7333333333333333, 0.75]","[0.8172918684667329, 0.5157424097673761, 0.5502987672264378, 0.9474356544184653]","[0.72, 0.7903225806451613]","[[0.7, 0.7647058823529411], [0.8260869565217391, 0.7692307692307693], [0.0, 0.7857142857142857], [0.5, 0.8333333333333334]]","[37, 36, 15, 24]",0.7556363636363636,"[0.7295321637426899, 0.7925925925925926, 0.4230769230769231, 0.6666666666666667]",0.4230769230769231,0.9474356544184653,,"[NaN, NaN, NaN, NaN]",,,
"{""run_name"": ""fedheart_exp_paper_hetagg_gdro"", ""seed"": 42, ""run_dir"": ""runs/fedheart_cv/PerGroupOnly_s42_f4"", ""use_fedheart"": true, ""num_classes"": 2, ""stratified_batching"": true, ""train_frac"": 0.8, ""group_max_train_samples"": [null, null, 20, 25], ""true_hetero_input_dim"": true, ""feature_mask"": [[0, 1, 2, 3, 5, 6, 7, 8, 9, 10], [0, 1, 2, 3, 5, 6, 11, 12], [0, 1, 2, 4, 5, 7, 11, 12], [0, 1, 2, 4, 5, 6, 8, 9, 10]], ""batch_size"": 64, ""num_workers"": 0, ""epochs"": 100, ""early_stopping_patience"": 30, ""lr"": 0.001, ""weight_decay"": 0.0001, ""optimizer"": ""adam"", ""grad_clip"": 1.0, ""lr_scheduler"": ""cosine"", ""lr_min"": 1e-05, ""latent_dim"": 64, ""head_hidden"": 32, ""groups"": [{""name"": ""cleveland"", ""encoder"": ""mlp_tabular_ln"", ""input_dim"": 10, ""hidden_dim"": 64, ""dropout"": 0.1}, {""name"": ""hungarian"", ""encoder"": ""mlp_tabular_ln"", ""input_dim"": 8, ""hidden_dim"": 64, ""dropout"": 0.1}, {""name"": ""switzerland"", ""encoder"": ""mlp_tabular_ln"", ""input_dim"": 8, ""hidden_dim"": 64, ""dropout"": 0.1}, {""name"": ""va_long_beach"", ""encoder"": ""mlp_tabular_ln"", ""input_dim"": 9, ""hidden_dim"": 64, ""dropout"": 0.1}], ""anchor_eps"": 0.0001, ""sep_samples_per_class"": 4, ""sep_method"": ""classifier"", ""sep_margin"": 1.0, ""lambda_fit"": 0.001, ""lambda_sep"": 0.001, ""groupdro_enabled"": false, ""groupdro_eta"": 0.02, ""groupdro_gamma"": 0.9, ""groupdro_update_mode"": ""exp"", ""groupdro_objective"": ""weighted"", ""groupdro_kl_lambda"": 0.0, ""groupdro_uniform_init"": false, ""log_interval"": 20, ""save_every"": 10, ""groupdro_ema_decay"": 0.9, ""groupdro_update_every"": 1, ""dro_signal"": ""val"", ""val_frac"": 0.15, ""impute_missing"": true, ""common_encoder"": false, ""use_regret"": false, ""data_split_seed"": 1004}","{""num_groups"": 4, ""num_classes"": 2, ""train_total"": 449, ""test_total"": 185, ""train_group_counts"": [205, 199, 20, 25], ""test_group_counts"": [61, 59, 25, 40], ""train_class_counts"": [248, 201], ""test_class_counts"": [83, 102], ""train_group_class_counts"": [[111, 94], [127, 72], [2, 18], [8, 17]], ""test_group_class_counts"": [[33, 28], [38, 21], [2, 23], [10, 30]], ""group_proportions"": [0.45657015590200445, 0.44320712694877507, 0.044543429844097995, 0.0556792873051225], ""val_group_counts"": [37, 36, 15, 24], ""val_total"": 112}",,2026-09-15T20:30:23.968460,22,0.31064772396401213,0.8934240342538102,0.001,0.7783783783783784,0.7969804112253404,0.7213114754098361,0.92,"[0.7213114754098361, 0.7966101694915254, 0.92, 0.75]","[0.768523666778671, 0.5537838244621279, 0.47729177761124447, 0.8000359514204319]","[0.7590361445783133, 0.7941176470588235]","[[0.7272727272727273, 0.7142857142857143], [0.8947368421052632, 0.6190476190476191], [0.0, 1.0], [0.5, 0.8333333333333334]]","[61, 59, 25, 40]",0.776260287307159,"[0.7201079622132254, 0.7671052631578947, 0.4791666666666667, 0.6666666666666667]",0.4791666666666667,0.8000359514204319,0.7589285714285714,0.7511824324324324,0.7083333333333334,0.8333333333333334,"[0.7297297297297297, 0.8333333333333334, 0.7333333333333333, 0.7083333333333334]","[0.8262145977555396, 0.5004785557587942, 0.5856866956533243, 0.9529970682924613]","[0.72, 0.7903225806451613]","[[0.7, 0.7647058823529411], [0.8695652173913043, 0.7692307692307693], [0.0, 0.7857142857142857], [0.3333333333333333, 0.8333333333333334]]","[37, 36, 15, 24]",0.7556363636363636,"[0.7295321637426899, 0.8193979933110368, 0.4230769230769231, 0.5872235872235873]",0.4230769230769231,0.9529970682924613,,"[NaN, NaN, NaN, NaN]",,,
"{""run_name"": ""fedheart_exp_paper_hetagg_gdro"", ""seed"": 42, ""run_dir"": ""runs/fedheart_cv/PerGroupOnly_s42_f4"", ""use_fedheart"": true, ""num_classes"": 2, ""stratified_batching"": true, ""train_frac"": 0.8, ""group_max_train_samples"": [null, null, 20, 25], ""true_hetero_input_dim"": true, ""feature_mask"": [[0, 1, 2, 3, 5, 6, 7, 8, 9, 10], [0, 1, 2, 3, 5, 6, 11, 12], [0, 1, 2, 4, 5, 7, 11, 12], [0, 1, 2, 4, 5, 6, 8, 9, 10]], ""batch_size"": 64, ""num_workers"": 0, ""epochs"": 100, ""early_stopping_patience"": 30, ""lr"": 0.001, ""weight_decay"": 0.0001, ""optimizer"": ""adam"", ""grad_clip"": 1.0, ""lr_scheduler"": ""cosine"", ""lr_min"": 1e-05, ""latent_dim"": 64, ""head_hidden"": 32, ""groups"": [{""name"": ""cleveland"", ""encoder"": ""mlp_tabular_ln"", ""input_dim"": 10, ""hidden_dim"": 64, ""dropout"": 0.1}, {""name"": ""hungarian"", ""encoder"": ""mlp_tabular_ln"", ""input_dim"": 8, ""hidden_dim"": 64, ""dropout"": 0.1}, {""name"": ""switzerland"", ""encoder"": ""mlp_tabular_ln"", ""input_dim"": 8, ""hidden_dim"": 64, ""dropout"": 0.1}, {""name"": ""va_long_beach"", ""encoder"": ""mlp_tabular_ln"", ""input_dim"": 9, ""hidden_dim"": 64, ""dropout"": 0.1}], ""anchor_eps"": 0.0001, ""sep_samples_per_class"": 4, ""sep_method"": ""classifier"", ""sep_margin"": 1.0, ""lambda_fit"": 0.001, ""lambda_sep"": 0.001, ""groupdro_enabled"": false, ""groupdro_eta"": 0.02, ""groupdro_gamma"": 0.9, ""groupdro_update_mode"": ""exp"", ""groupdro_objective"": ""weighted"", ""groupdro_kl_lambda"": 0.0, ""groupdro_uniform_init"": false, ""log_interval"": 20, ""save_every"": 10, ""groupdro_ema_decay"": 0.9, ""groupdro_update_every"": 1, ""dro_signal"": ""val"", ""val_frac"": 0.15, ""impute_missing"": true, ""common_encoder"": false, ""use_regret"": false, ""data_split_seed"": 1004}","{""num_groups"": 4, ""num_classes"": 2, ""train_total"": 449, ""test_total"": 185, ""train_group_counts"": [205, 199, 20, 25], ""test_group_counts"": [61, 59, 25, 40], ""train_class_counts"": [248, 201], ""test_class_counts"": [83, 102], ""train_group_class_counts"": [[111, 94], [127, 72], [2, 18], [8, 17]], ""test_group_class_counts"": [[33, 28], [38, 21], [2, 23], [10, 30]], ""group_proportions"": [0.45657015590200445, 0.44320712694877507, 0.044543429844097995, 0.0556792873051225], ""val_group_counts"": [37, 36, 15, 24], ""val_total"": 112}",,2026-09-15T20:30:23.968460,23,0.294420547834059,0.8843537413614407,0.001,0.772972972972973,0.7948947624340095,0.7049180327868853,0.92,"[0.7049180327868853, 0.7796610169491526, 0.92, 0.775]","[0.7723207512420037, 0.5463285500941387, 0.4869564101169817, 0.8112324164016173]","[0.7349397590361446, 0.803921568627451]","[[0.696969696969697, 0.7142857142857143], [0.868421052631579, 0.6190476190476191], [0.0, 1.0], [0.5, 0.8666666666666667]]","[61, 59, 25, 40]",0.7700094719393795,"[0.7042025862068966, 0.751054852320675, 0.4791666666666667, 0.6893874029335634]",0.4791666666666667,0.8112324164016173,0.75,0.744237987987988,0.7083333333333334,0.8055555555555556,"[0.7297297297297297, 0.8055555555555556, 0.7333333333333333, 0.7083333333333334]","[0.8362656822113471, 0.5098844227484531, 0.6241265131354642, 0.9688999245893987]","[0.7, 0.7903225806451613]","[[0.7, 0.7647058823529411], [0.8260869565217391, 0.7692307692307693], [0.0, 0.7857142857142857], [0.3333333333333333, 0.8333333333333334]]","[37, 36, 15, 24]",0.746031746031746,"[0.7295321637426899, 0.7925925925925926, 0.4230769230769231, 0.5872235872235873]",0.4230769230769231,0.9688999245893987,,"[NaN, NaN, NaN, NaN]",,,
"{""run_name"": ""fedheart_exp_paper_hetagg_gdro"", ""seed"": 42, ""run_dir"": ""runs/fedheart_cv/PerGroupOnly_s42_f4"", ""use_fedheart"": true, ""num_classes"": 2, ""stratified_batching"": true, ""train_frac"": 0.8, ""group_max_train_samples"": [null, null, 20, 25], ""true_hetero_input_dim"": true, ""feature_mask"": [[0, 1, 2, 3, 5, 6, 7, 8, 9, 10], [0, 1, 2, 3, 5, 6, 11, 12], [0, 1, 2, 4, 5, 7, 11, 12], [0, 1, 2, 4, 5, 6, 8, 9, 10]], ""batch_size"": 64, ""num_workers"": 0, ""epochs"": 100, ""early_stopping_patience"": 30, ""lr"": 0.001, ""weight_decay"": 0.0001, ""optimizer"": ""adam"", ""grad_clip"": 1.0, ""lr_scheduler"": ""cosine"", ""lr_min"": 1e-05, ""latent_dim"": 64, ""head_hidden"": 32, ""groups"": [{""name"": ""cleveland"", ""encoder"": ""mlp_tabular_ln"", ""input_dim"": 10, ""hidden_dim"": 64, ""dropout"": 0.1}, {""name"": ""hungarian"", ""encoder"": ""mlp_tabular_ln"", ""input_dim"": 8, ""hidden_dim"": 64, ""dropout"": 0.1}, {""name"": ""switzerland"", ""encoder"": ""mlp_tabular_ln"", ""input_dim"": 8, ""hidden_dim"": 64, ""dropout"": 0.1}, {""name"": ""va_long_beach"", ""encoder"": ""mlp_tabular_ln"", ""input_dim"": 9, ""hidden_dim"": 64, ""dropout"": 0.1}], ""anchor_eps"": 0.0001, ""sep_samples_per_class"": 4, ""sep_method"": ""classifier"", ""sep_margin"": 1.0, ""lambda_fit"": 0.001, ""lambda_sep"": 0.001, ""groupdro_enabled"": false, ""groupdro_eta"": 0.02, ""groupdro_gamma"": 0.9, ""groupdro_update_mode"": ""exp"", ""groupdro_objective"": ""weighted"", ""groupdro_kl_lambda"": 0.0, ""groupdro_uniform_init"": false, ""log_interval"": 20, ""save_every"": 10, ""groupdro_ema_decay"": 0.9, ""groupdro_update_every"": 1, ""dro_signal"": ""val"", ""val_frac"": 0.15, ""impute_missing"": true, ""common_encoder"": false, ""use_regret"": false, ""data_split_seed"": 1004}","{""num_groups"": 4, ""num_classes"": 2, ""train_total"": 449, ""test_total"": 185, ""train_group_counts"": [205, 199, 20, 25], ""test_group_counts"": [61, 59, 25, 40], ""train_class_counts"": [248, 201], ""test_class_counts"": [83, 102], ""train_group_class_counts"": [[111, 94], [127, 72], [2, 18], [8, 17]], ""test_group_class_counts"": [[33, 28], [38, 21], [2, 23], [10, 30]], ""group_proportions"": [0.45657015590200445, 0.44320712694877507, 0.044543429844097995, 0.0556792873051225], ""val_group_counts"": [37, 36, 15, 24], ""val_total"": 112}",,2026-09-15T20:30:23.968460,24,0.300023179475953,0.8843537432536517,0.001,0.7783783783783784,0.7989931230897471,0.7213114754098361,0.92,"[0.7213114754098361, 0.7796610169491526, 0.92, 0.775]","[0.7862589402109018, 0.570927954231531, 0.5020867287158035, 0.8362173697983962]","[0.7469879518072289, 0.803921568627451]","[[0.7272727272727273, 0.7142857142857143], [0.868421052631579, 0.6190476190476191], [0.0, 1.0], [0.5, 0.8666666666666667]]","[61, 59, 25, 40]",0.7757575757575758,"[0.7201079622132254, 0.751054852320675, 0.4791666666666667, 0.6893874029335634]",0.4791666666666667,0.8362173697983962,0.7410714285714286,0.7372935435435435,0.7083333333333334,0.7777777777777778,"[0.7297297297297297, 0.7777777777777778, 0.7333333333333333, 0.7083333333333334]","[0.8413974022165545, 0.5197509497455839, 0.6636643641085054, 1.0272958156225893]","[0.68, 0.7903225806451613]","[[0.7, 0.7647058823529411], [0.782608695652174, 0.7692307692307693], [0.0, 0.7857142857142857], [0.3333333333333333, 0.8333333333333334]]","[37, 36, 15, 24]",0.7363422355710691,"[0.7295321637426899, 0.7662337662337662, 0.4230769230769231, 0.5872235872235873]",0.4230769230769231,1.0272958156225893,,"[NaN, NaN, NaN, NaN]",,,
"{""run_name"": ""fedheart_exp_paper_hetagg_gdro"", ""seed"": 42, ""run_dir"": ""runs/fedheart_cv/PerGroupOnly_s42_f4"", ""use_fedheart"": true, ""num_classes"": 2, ""stratified_batching"": true, ""train_frac"": 0.8, ""group_max_train_samples"": [null, null, 20, 25], ""true_hetero_input_dim"": true, ""feature_mask"": [[0, 1, 2, 3, 5, 6, 7, 8, 9, 10], [0, 1, 2, 3, 5, 6, 11, 12], [0, 1, 2, 4, 5, 7, 11, 12], [0, 1, 2, 4, 5, 6, 8, 9, 10]], ""batch_size"": 64, ""num_workers"": 0, ""epochs"": 100, ""early_stopping_patience"": 30, ""lr"": 0.001, ""weight_decay"": 0.0001, ""optimizer"": ""adam"", ""grad_clip"": 1.0, ""lr_scheduler"": ""cosine"", ""lr_min"": 1e-05, ""latent_dim"": 64, ""head_hidden"": 32, ""groups"": [{""name"": ""cleveland"", ""encoder"": ""mlp_tabular_ln"", ""input_dim"": 10, ""hidden_dim"": 64, ""dropout"": 0.1}, {""name"": ""hungarian"", ""encoder"": ""mlp_tabular_ln"", ""input_dim"": 8, ""hidden_dim"": 64, ""dropout"": 0.1}, {""name"": ""switzerland"", ""encoder"": ""mlp_tabular_ln"", ""input_dim"": 8, ""hidden_dim"": 64, ""dropout"": 0.1}, {""name"": ""va_long_beach"", ""encoder"": ""mlp_tabular_ln"", ""input_dim"": 9, ""hidden_dim"": 64, ""dropout"": 0.1}], ""anchor_eps"": 0.0001, ""sep_samples_per_class"": 4, ""sep_method"": ""classifier"", ""sep_margin"": 1.0, ""lambda_fit"": 0.001, ""lambda_sep"": 0.001, ""groupdro_enabled"": false, ""groupdro_eta"": 0.02, ""groupdro_gamma"": 0.9, ""groupdro_update_mode"": ""exp"", ""groupdro_objective"": ""weighted"", ""groupdro_kl_lambda"": 0.0, ""groupdro_uniform_init"": false, ""log_interval"": 20, ""save_every"": 10, ""groupdro_ema_decay"": 0.9, ""groupdro_update_every"": 1, ""dro_signal"": ""val"", ""val_frac"": 0.15, ""impute_missing"": true, ""common_encoder"": false, ""use_regret"": false, ""data_split_seed"": 1004}","{""num_groups"": 4, ""num_classes"": 2, ""train_total"": 449, ""test_total"": 185, ""train_group_counts"": [205, 199, 20, 25], ""test_group_counts"": [61, 59, 25, 40], ""train_class_counts"": [248, 201], ""test_class_counts"": [83, 102], ""train_group_class_counts"": [[111, 94], [127, 72], [2, 18], [8, 17]], ""test_group_class_counts"": [[33, 28], [38, 21], [2, 23], [10, 30]], ""group_proportions"": [0.45657015590200445, 0.44320712694877507, 0.044543429844097995, 0.0556792873051225], ""val_group_counts"": [37, 36, 15, 24], ""val_total"": 112}",,2026-09-15T20:30:23.968460,25,0.30623819099532235,0.8843537413614407,0.001,0.772972972972973,0.7948947624340095,0.7049180327868853,0.92,"[0.7049180327868853, 0.7796610169491526, 0.92, 0.775]","[0.7713005026882576, 0.5797524478097084, 0.5050135634909384, 0.8583025217725663]","[0.7349397590361446, 0.803921568627451]","[[0.696969696969697, 0.7142857142857143], [0.868421052631579, 0.6190476190476191], [0.0, 1.0], [0.5, 0.8666666666666667]]","[61, 59, 25, 40]",0.7700094719393795,"[0.7042025862068966, 0.751054852320675, 0.4791666666666667, 0.6893874029335634]",0.4791666666666667,0.8583025217725663,0.7589285714285714,0.7511824324324324,0.7083333333333334,0.8333333333333334,"[0.7297297297297297, 0.8333333333333334, 0.7333333333333333, 0.7083333333333334]","[0.8079899700446608, 0.5016261973004374, 0.6994667339643154, 1.0599931474086286]","[0.72, 0.7903225806451613]","[[0.7, 0.7647058823529411], [0.8695652173913043, 0.7692307692307693], [0.0, 0.7857142857142857], [0.3333333333333333, 0.8333333333333334]]","[37, 36, 15, 24]",0.7556363636363636,"[0.7295321637426899, 0.8193979933110368, 0.4230769230769231, 0.5872235872235873]",0.4230769230769231,1.0599931474086286,,"[NaN, NaN, NaN, NaN]",,,
"{""run_name"": ""fedheart_exp_paper_hetagg_gdro"", ""seed"": 42, ""run_dir"": ""runs/fedheart_cv/PerGroupOnly_s42_f4"", ""use_fedheart"": true, ""num_classes"": 2, ""stratified_batching"": true, ""train_frac"": 0.8, ""group_max_train_samples"": [null, null, 20, 25], ""true_hetero_input_dim"": true, ""feature_mask"": [[0, 1, 2, 3, 5, 6, 7, 8, 9, 10], [0, 1, 2, 3, 5, 6, 11, 12], [0, 1, 2, 4, 5, 7, 11, 12], [0, 1, 2, 4, 5, 6, 8, 9, 10]], ""batch_size"": 64, ""num_workers"": 0, ""epochs"": 100, ""early_stopping_patience"": 30, ""lr"": 0.001, ""weight_decay"": 0.0001, ""optimizer"": ""adam"", ""grad_clip"": 1.0, ""lr_scheduler"": ""cosine"", ""lr_min"": 1e-05, ""latent_dim"": 64, ""head_hidden"": 32, ""groups"": [{""name"": ""cleveland"", ""encoder"": ""mlp_tabular_ln"", ""input_dim"": 10, ""hidden_dim"": 64, ""dropout"": 0.1}, {""name"": ""hungarian"", ""encoder"": ""mlp_tabular_ln"", ""input_dim"": 8, ""hidden_dim"": 64, ""dropout"": 0.1}, {""name"": ""switzerland"", ""encoder"": ""mlp_tabular_ln"", ""input_dim"": 8, ""hidden_dim"": 64, ""dropout"": 0.1}, {""name"": ""va_long_beach"", ""encoder"": ""mlp_tabular_ln"", ""input_dim"": 9, ""hidden_dim"": 64, ""dropout"": 0.1}], ""anchor_eps"": 0.0001, ""sep_samples_per_class"": 4, ""sep_method"": ""classifier"", ""sep_margin"": 1.0, ""lambda_fit"": 0.001, ""lambda_sep"": 0.001, ""groupdro_enabled"": false, ""groupdro_eta"": 0.02, ""groupdro_gamma"": 0.9, ""groupdro_update_mode"": ""exp"", ""groupdro_objective"": ""weighted"", ""groupdro_kl_lambda"": 0.0, ""groupdro_uniform_init"": false, ""log_interval"": 20, ""save_every"": 10, ""groupdro_ema_decay"": 0.9, ""groupdro_update_every"": 1, ""dro_signal"": ""val"", ""val_frac"": 0.15, ""impute_missing"": true, ""common_encoder"": false, ""use_regret"": false, ""data_split_seed"": 1004}","{""num_groups"": 4, ""num_classes"": 2, ""train_total"": 449, ""test_total"": 185, ""train_group_counts"": [205, 199, 20, 25], ""test_group_counts"": [61, 59, 25, 40], ""train_class_counts"": [248, 201], ""test_class_counts"": [83, 102], ""train_group_class_counts"": [[111, 94], [127, 72], [2, 18], [8, 17]], ""test_group_class_counts"": [[33, 28], [38, 21], [2, 23], [10, 30]], ""group_proportions"": [0.45657015590200445, 0.44320712694877507, 0.044543429844097995, 0.0556792873051225], ""val_group_counts"": [37, 36, 15, 24], ""val_total"": 112}",,2026-09-15T20:30:23.968460,26,0.28325621070775314,0.8866213131653748,0.001,0.7675675675675676,0.7886447624340095,0.7049180327868853,0.92,"[0.7049180327868853, 0.7796610169491526, 0.92, 0.75]","[0.7648664673458265, 0.5894559422918295, 0.5080842087138444, 0.8728129676062963]","[0.7349397590361446, 0.7941176470588235]","[[0.696969696969697, 0.7142857142857143], [0.868421052631579, 0.6190476190476191], [0.0, 1.0], [0.5, 0.8333333333333334]]","[61, 59, 25, 40]",0.7648189209164818,"[0.7042025862068966, 0.751054852320675, 0.4791666666666667, 0.6666666666666667]",0.4791666666666667,0.8728129676062963,0.75,0.744237987987988,0.7083333333333334,0.8055555555555556,"[0.7297297297297297, 0.8055555555555556, 0.7333333333333333, 0.7083333333333334]","[0.796127225215723, 0.5036621699885776, 0.7404617153030509, 1.076014607223139]","[0.7, 0.7903225806451613]","[[0.7, 0.7647058823529411], [0.8260869565217391, 0.7692307692307693], [0.0, 0.7857142857142857], [0.3333333333333333, 0.8333333333333334]]","[37, 36, 15, 24]",0.746031746031746,"[0.7295321637426899, 0.7925925925925926, 0.4230769230769231, 0.5872235872235873]",0.4230769230769231,1.076014607223139,,"[NaN, NaN, NaN, NaN]",,,
"{""run_name"": ""fedheart_exp_paper_hetagg_gdro"", ""seed"": 42, ""run_dir"": ""runs/fedheart_cv/PerGroupOnly_s42_f4"", ""use_fedheart"": true, ""num_classes"": 2, ""stratified_batching"": true, ""train_frac"": 0.8, ""group_max_train_samples"": [null, null, 20, 25], ""true_hetero_input_dim"": true, ""feature_mask"": [[0, 1, 2, 3, 5, 6, 7, 8, 9, 10], [0, 1, 2, 3, 5, 6, 11, 12], [0, 1, 2, 4, 5, 7, 11, 12], [0, 1, 2, 4, 5, 6, 8, 9, 10]], ""batch_size"": 64, ""num_workers"": 0, ""epochs"": 100, ""early_stopping_patience"": 30, ""lr"": 0.001, ""weight_decay"": 0.0001, ""optimizer"": ""adam"", ""grad_clip"": 1.0, ""lr_scheduler"": ""cosine"", ""lr_min"": 1e-05, ""latent_dim"": 64, ""head_hidden"": 32, ""groups"": [{""name"": ""cleveland"", ""encoder"": ""mlp_tabular_ln"", ""input_dim"": 10, ""hidden_dim"": 64, ""dropout"": 0.1}, {""name"": ""hungarian"", ""encoder"": ""mlp_tabular_ln"", ""input_dim"": 8, ""hidden_dim"": 64, ""dropout"": 0.1}, {""name"": ""switzerland"", ""encoder"": ""mlp_tabular_ln"", ""input_dim"": 8, ""hidden_dim"": 64, ""dropout"": 0.1}, {""name"": ""va_long_beach"", ""encoder"": ""mlp_tabular_ln"", ""input_dim"": 9, ""hidden_dim"": 64, ""dropout"": 0.1}], ""anchor_eps"": 0.0001, ""sep_samples_per_class"": 4, ""sep_method"": ""classifier"", ""sep_margin"": 1.0, ""lambda_fit"": 0.001, ""lambda_sep"": 0.001, ""groupdro_enabled"": false, ""groupdro_eta"": 0.02, ""groupdro_gamma"": 0.9, ""groupdro_update_mode"": ""exp"", ""groupdro_objective"": ""weighted"", ""groupdro_kl_lambda"": 0.0, ""groupdro_uniform_init"": false, ""log_interval"": 20, ""save_every"": 10, ""groupdro_ema_decay"": 0.9, ""groupdro_update_every"": 1, ""dro_signal"": ""val"", ""val_frac"": 0.15, ""impute_missing"": true, ""common_encoder"": false, ""use_regret"": false, ""data_split_seed"": 1004}","{""num_groups"": 4, ""num_classes"": 2, ""train_total"": 449, ""test_total"": 185, ""train_group_counts"": [205, 199, 20, 25], ""test_group_counts"": [61, 59, 25, 40], ""train_class_counts"": [248, 201], ""test_class_counts"": [83, 102], ""train_group_class_counts"": [[111, 94], [127, 72], [2, 18], [8, 17]], ""test_group_class_counts"": [[33, 28], [38, 21], [2, 23], [10, 30]], ""group_proportions"": [0.45657015590200445, 0.44320712694877507, 0.044543429844097995, 0.0556792873051225], ""val_group_counts"": [37, 36, 15, 24], ""val_total"": 112}",,2026-09-15T20:30:23.968460,27,0.30148151233082726,0.8843537413614407,0.001,0.7621621621621621,0.7823947624340095,0.7049180327868853,0.92,"[0.7049180327868853, 0.7796610169491526, 0.92, 0.725]","[0.7756025402703643, 0.5851194527063329, 0.52009903378319, 0.8921066518247244]","[0.7349397590361446, 0.7843137254901961]","[[0.696969696969697, 0.7142857142857143], [0.868421052631579, 0.6190476190476191], [0.0, 1.0], [0.5, 0.8]]","[61, 59, 25, 40]",0.7596267422631703,"[0.7042025862068966, 0.751054852320675, 0.4791666666666667, 0.6448748991121872]",0.4791666666666667,0.8921066518247244,0.75,0.744237987987988,0.7083333333333334,0.8055555555555556,"[0.7297297297297297, 0.8055555555555556, 0.7333333333333333, 0.7083333333333334]","[0.8081270469717581, 0.5107780986258553, 0.7392777744098566, 1.0880610879442731]","[0.7, 0.7903225806451613]","[[0.7, 0.7647058823529411], [0.8260869565217391, 0.7692307692307693], [0.0, 0.7857142857142857], [0.3333333333333333, 0.8333333333333334]]","[37, 36, 15, 24]",0.746031746031746,"[0.7295321637426899, 0.7925925925925926, 0.4230769230769231, 0.5872235872235873]",0.4230769230769231,1.0880610879442731,,"[NaN, NaN, NaN, NaN]",,,
"{""run_name"": ""fedheart_exp_paper_hetagg_gdro"", ""seed"": 42, ""run_dir"": ""runs/fedheart_cv/PerGroupOnly_s42_f4"", ""use_fedheart"": true, ""num_classes"": 2, ""stratified_batching"": true, ""train_frac"": 0.8, ""group_max_train_samples"": [null, null, 20, 25], ""true_hetero_input_dim"": true, ""feature_mask"": [[0, 1, 2, 3, 5, 6, 7, 8, 9, 10], [0, 1, 2, 3, 5, 6, 11, 12], [0, 1, 2, 4, 5, 7, 11, 12], [0, 1, 2, 4, 5, 6, 8, 9, 10]], ""batch_size"": 64, ""num_workers"": 0, ""epochs"": 100, ""early_stopping_patience"": 30, ""lr"": 0.001, ""weight_decay"": 0.0001, ""optimizer"": ""adam"", ""grad_clip"": 1.0, ""lr_scheduler"": ""cosine"", ""lr_min"": 1e-05, ""latent_dim"": 64, ""head_hidden"": 32, ""groups"": [{""name"": ""cleveland"", ""encoder"": ""mlp_tabular_ln"", ""input_dim"": 10, ""hidden_dim"": 64, ""dropout"": 0.1}, {""name"": ""hungarian"", ""encoder"": ""mlp_tabular_ln"", ""input_dim"": 8, ""hidden_dim"": 64, ""dropout"": 0.1}, {""name"": ""switzerland"", ""encoder"": ""mlp_tabular_ln"", ""input_dim"": 8, ""hidden_dim"": 64, ""dropout"": 0.1}, {""name"": ""va_long_beach"", ""encoder"": ""mlp_tabular_ln"", ""input_dim"": 9, ""hidden_dim"": 64, ""dropout"": 0.1}], ""anchor_eps"": 0.0001, ""sep_samples_per_class"": 4, ""sep_method"": ""classifier"", ""sep_margin"": 1.0, ""lambda_fit"": 0.001, ""lambda_sep"": 0.001, ""groupdro_enabled"": false, ""groupdro_eta"": 0.02, ""groupdro_gamma"": 0.9, ""groupdro_update_mode"": ""exp"", ""groupdro_objective"": ""weighted"", ""groupdro_kl_lambda"": 0.0, ""groupdro_uniform_init"": false, ""log_interval"": 20, ""save_every"": 10, ""groupdro_ema_decay"": 0.9, ""groupdro_update_every"": 1, ""dro_signal"": ""val"", ""val_frac"": 0.15, ""impute_missing"": true, ""common_encoder"": false, ""use_regret"": false, ""data_split_seed"": 1004}","{""num_groups"": 4, ""num_classes"": 2, ""train_total"": 449, ""test_total"": 185, ""train_group_counts"": [205, 199, 20, 25], ""test_group_counts"": [61, 59, 25, 40], ""train_class_counts"": [248, 201], ""test_class_counts"": [83, 102], ""train_group_class_counts"": [[111, 94], [127, 72], [2, 18], [8, 17]], ""test_group_class_counts"": [[33, 28], [38, 21], [2, 23], [10, 30]], ""group_proportions"": [0.45657015590200445, 0.44320712694877507, 0.044543429844097995, 0.0556792873051225], ""val_group_counts"": [37, 36, 15, 24], ""val_total"": 112}",,2026-09-15T20:30:23.968460,28,0.2882579219043931,0.9002267602079309,0.001,0.7675675675675676,0.7886447624340095,0.7049180327868853,0.92,"[0.7049180327868853, 0.7796610169491526, 0.92, 0.75]","[0.8008067190960111, 0.5749220931428974, 0.5305805201572366, 0.9322270409189514]","[0.7349397590361446, 0.7941176470588235]","[[0.696969696969697, 0.7142857142857143], [0.868421052631579, 0.6190476190476191], [0.0, 1.0], [0.5, 0.8333333333333334]]","[61, 59, 25, 40]",0.7648189209164818,"[0.7042025862068966, 0.751054852320675, 0.4791666666666667, 0.6666666666666667]",0.4791666666666667,0.9322270409189514,0.7410714285714286,0.7372935435435435,0.7083333333333334,0.7777777777777778,"[0.7297297297297297, 0.7777777777777778, 0.7333333333333333, 0.7083333333333334]","[0.8316740378756328, 0.5253197702630941, 0.7493895451538265, 1.0911052258355387]","[0.68, 0.7903225806451613]","[[0.7, 0.7647058823529411], [0.782608695652174, 0.7692307692307693], [0.0, 0.7857142857142857], [0.3333333333333333, 0.8333333333333334]]","[37, 36, 15, 24]",0.7363422355710691,"[0.7295321637426899, 0.7662337662337662, 0.4230769230769231, 0.5872235872235873]",0.4230769230769231,1.0911052258355387,,"[NaN, NaN, NaN, NaN]",,,
"{""run_name"": ""fedheart_exp_paper_hetagg_gdro"", ""seed"": 42, ""run_dir"": ""runs/fedheart_cv/PerGroupOnly_s42_f4"", ""use_fedheart"": true, ""num_classes"": 2, ""stratified_batching"": true, ""train_frac"": 0.8, ""group_max_train_samples"": [null, null, 20, 25], ""true_hetero_input_dim"": true, ""feature_mask"": [[0, 1, 2, 3, 5, 6, 7, 8, 9, 10], [0, 1, 2, 3, 5, 6, 11, 12], [0, 1, 2, 4, 5, 7, 11, 12], [0, 1, 2, 4, 5, 6, 8, 9, 10]], ""batch_size"": 64, ""num_workers"": 0, ""epochs"": 100, ""early_stopping_patience"": 30, ""lr"": 0.001, ""weight_decay"": 0.0001, ""optimizer"": ""adam"", ""grad_clip"": 1.0, ""lr_scheduler"": ""cosine"", ""lr_min"": 1e-05, ""latent_dim"": 64, ""head_hidden"": 32, ""groups"": [{""name"": ""cleveland"", ""encoder"": ""mlp_tabular_ln"", ""input_dim"": 10, ""hidden_dim"": 64, ""dropout"": 0.1}, {""name"": ""hungarian"", ""encoder"": ""mlp_tabular_ln"", ""input_dim"": 8, ""hidden_dim"": 64, ""dropout"": 0.1}, {""name"": ""switzerland"", ""encoder"": ""mlp_tabular_ln"", ""input_dim"": 8, ""hidden_dim"": 64, ""dropout"": 0.1}, {""name"": ""va_long_beach"", ""encoder"": ""mlp_tabular_ln"", ""input_dim"": 9, ""hidden_dim"": 64, ""dropout"": 0.1}], ""anchor_eps"": 0.0001, ""sep_samples_per_class"": 4, ""sep_method"": ""classifier"", ""sep_margin"": 1.0, ""lambda_fit"": 0.001, ""lambda_sep"": 0.001, ""groupdro_enabled"": false, ""groupdro_eta"": 0.02, ""groupdro_gamma"": 0.9, ""groupdro_update_mode"": ""exp"", ""groupdro_objective"": ""weighted"", ""groupdro_kl_lambda"": 0.0, ""groupdro_uniform_init"": false, ""log_interval"": 20, ""save_every"": 10, ""groupdro_ema_decay"": 0.9, ""groupdro_update_every"": 1, ""dro_signal"": ""val"", ""val_frac"": 0.15, ""impute_missing"": true, ""common_encoder"": false, ""use_regret"": false, ""data_split_seed"": 1004}","{""num_groups"": 4, ""num_classes"": 2, ""train_total"": 449, ""test_total"": 185, ""train_group_counts"": [205, 199, 20, 25], ""test_group_counts"": [61, 59, 25, 40], ""train_class_counts"": [248, 201], ""test_class_counts"": [83, 102], ""train_group_class_counts"": [[111, 94], [127, 72], [2, 18], [8, 17]], ""test_group_class_counts"": [[33, 28], [38, 21], [2, 23], [10, 30]], ""group_proportions"": [0.45657015590200445, 0.44320712694877507, 0.044543429844097995, 0.0556792873051225], ""val_group_counts"": [37, 36, 15, 24], ""val_total"": 112}",,2026-09-15T20:30:23.968460,29,0.2698909426086884,0.8979591865117859,0.001,0.772972972972973,0.7948947624340095,0.7049180327868853,0.92,"[0.7049180327868853, 0.7796610169491526, 0.92, 0.775]","[0.8345578978817192, 0.5961361275827985, 0.543219340951182, 0.9682721095989109]","[0.7349397590361446, 0.803921568627451]","[[0.696969696969697, 0.7142857142857143], [0.868421052631579, 0.6190476190476191], [0.0, 1.0], [0.5, 0.8666666666666667]]","[61, 59, 25, 40]",0.7700094719393795,"[0.7042025862068966, 0.751054852320675, 0.4791666666666667, 0.6893874029335634]",0.4791666666666667,0.9682721095989109,0.75,0.744237987987988,0.7083333333333334,0.8055555555555556,"[0.7297297297297297, 0.8055555555555556, 0.7333333333333333, 0.7083333333333334]","[0.8772866575415498, 0.5044192617966069, 0.7712900319660548, 1.1187323457124876]","[0.7, 0.7903225806451613]","[[0.7, 0.7647058823529411], [0.8260869565217391, 0.7692307692307693], [0.0, 0.7857142857142857], [0.3333333333333333, 0.8333333333333334]]","[37, 36, 15, 24]",0.746031746031746,"[0.7295321637426899, 0.7925925925925926, 0.4230769230769231, 0.5872235872235873]",0.4230769230769231,1.1187323457124876,,"[NaN, NaN, NaN, NaN]",,,
"{""run_name"": ""fedheart_exp_paper_hetagg_gdro"", ""seed"": 42, ""run_dir"": ""runs/fedheart_cv/PerGroupOnly_s42_f4"", ""use_fedheart"": true, ""num_classes"": 2, ""stratified_batching"": true, ""train_frac"": 0.8, ""group_max_train_samples"": [null, null, 20, 25], ""true_hetero_input_dim"": true, ""feature_mask"": [[0, 1, 2, 3, 5, 6, 7, 8, 9, 10], [0, 1, 2, 3, 5, 6, 11, 12], [0, 1, 2, 4, 5, 7, 11, 12], [0, 1, 2, 4, 5, 6, 8, 9, 10]], ""batch_size"": 64, ""num_workers"": 0, ""epochs"": 100, ""early_stopping_patience"": 30, ""lr"": 0.001, ""weight_decay"": 0.0001, ""optimizer"": ""adam"", ""grad_clip"": 1.0, ""lr_scheduler"": ""cosine"", ""lr_min"": 1e-05, ""latent_dim"": 64, ""head_hidden"": 32, ""groups"": [{""name"": ""cleveland"", ""encoder"": ""mlp_tabular_ln"", ""input_dim"": 10, ""hidden_dim"": 64, ""dropout"": 0.1}, {""name"": ""hungarian"", ""encoder"": ""mlp_tabular_ln"", ""input_dim"": 8, ""hidden_dim"": 64, ""dropout"": 0.1}, {""name"": ""switzerland"", ""encoder"": ""mlp_tabular_ln"", ""input_dim"": 8, ""hidden_dim"": 64, ""dropout"": 0.1}, {""name"": ""va_long_beach"", ""encoder"": ""mlp_tabular_ln"", ""input_dim"": 9, ""hidden_dim"": 64, ""dropout"": 0.1}], ""anchor_eps"": 0.0001, ""sep_samples_per_class"": 4, ""sep_method"": ""classifier"", ""sep_margin"": 1.0, ""lambda_fit"": 0.001, ""lambda_sep"": 0.001, ""groupdro_enabled"": false, ""groupdro_eta"": 0.02, ""groupdro_gamma"": 0.9, ""groupdro_update_mode"": ""exp"", ""groupdro_objective"": ""weighted"", ""groupdro_kl_lambda"": 0.0, ""groupdro_uniform_init"": false, ""log_interval"": 20, ""save_every"": 10, ""groupdro_ema_decay"": 0.9, ""groupdro_update_every"": 1, ""dro_signal"": ""val"", ""val_frac"": 0.15, ""impute_missing"": true, ""common_encoder"": false, ""use_regret"": false, ""data_split_seed"": 1004}","{""num_groups"": 4, ""num_classes"": 2, ""train_total"": 449, ""test_total"": 185, ""train_group_counts"": [205, 199, 20, 25], ""test_group_counts"": [61, 59, 25, 40], ""train_class_counts"": [248, 201], ""test_class_counts"": [83, 102], ""train_group_class_counts"": [[111, 94], [127, 72], [2, 18], [8, 17]], ""test_group_class_counts"": [[33, 28], [38, 21], [2, 23], [10, 30]], ""group_proportions"": [0.45657015590200445, 0.44320712694877507, 0.044543429844097995, 0.0556792873051225], ""val_group_counts"": [37, 36, 15, 24], ""val_total"": 112}",,2026-09-15T20:30:23.968460,30,0.2856836432502383,0.8843537413614407,0.001,0.772972972972973,0.7948947624340095,0.7049180327868853,0.92,"[0.7049180327868853, 0.7796610169491526, 0.92, 0.775]","[0.8657749939851127, 0.6067424658054518, 0.5558141560421791, 0.9791111264938082]","[0.7349397590361446, 0.803921568627451]","[[0.696969696969697, 0.7142857142857143], [0.868421052631579, 0.6190476190476191], [0.0, 1.0], [0.5, 0.8666666666666667]]","[61, 59, 25, 40]",0.7700094719393795,"[0.7042025862068966, 0.751054852320675, 0.4791666666666667, 0.6893874029335634]",0.4791666666666667,0.9791111264938082,0.75,0.744237987987988,0.7083333333333334,0.8055555555555556,"[0.7297297297297297, 0.8055555555555556, 0.7333333333333333, 0.7083333333333334]","[0.9236440515850444, 0.4968183784771504, 0.792460256209597, 1.167085383553058]","[0.7, 0.7903225806451613]","[[0.7, 0.7647058823529411], [0.8260869565217391, 0.7692307692307693], [0.0, 0.7857142857142857], [0.3333333333333333, 0.8333333333333334]]","[37, 36, 15, 24]",0.746031746031746,"[0.7295321637426899, 0.7925925925925926, 0.4230769230769231, 0.5872235872235873]",0.4230769230769231,1.167085383553058,,"[NaN, NaN, NaN, NaN]",,,
"{""run_name"": ""fedheart_exp_paper_hetagg_gdro"", ""seed"": 42, ""run_dir"": ""runs/fedheart_cv/PerGroupOnly_s42_f4"", ""use_fedheart"": true, ""num_classes"": 2, ""stratified_batching"": true, ""train_frac"": 0.8, ""group_max_train_samples"": [null, null, 20, 25], ""true_hetero_input_dim"": true, ""feature_mask"": [[0, 1, 2, 3, 5, 6, 7, 8, 9, 10], [0, 1, 2, 3, 5, 6, 11, 12], [0, 1, 2, 4, 5, 7, 11, 12], [0, 1, 2, 4, 5, 6, 8, 9, 10]], ""batch_size"": 64, ""num_workers"": 0, ""epochs"": 100, ""early_stopping_patience"": 30, ""lr"": 0.001, ""weight_decay"": 0.0001, ""optimizer"": ""adam"", ""grad_clip"": 1.0, ""lr_scheduler"": ""cosine"", ""lr_min"": 1e-05, ""latent_dim"": 64, ""head_hidden"": 32, ""groups"": [{""name"": ""cleveland"", ""encoder"": ""mlp_tabular_ln"", ""input_dim"": 10, ""hidden_dim"": 64, ""dropout"": 0.1}, {""name"": ""hungarian"", ""encoder"": ""mlp_tabular_ln"", ""input_dim"": 8, ""hidden_dim"": 64, ""dropout"": 0.1}, {""name"": ""switzerland"", ""encoder"": ""mlp_tabular_ln"", ""input_dim"": 8, ""hidden_dim"": 64, ""dropout"": 0.1}, {""name"": ""va_long_beach"", ""encoder"": ""mlp_tabular_ln"", ""input_dim"": 9, ""hidden_dim"": 64, ""dropout"": 0.1}], ""anchor_eps"": 0.0001, ""sep_samples_per_class"": 4, ""sep_method"": ""classifier"", ""sep_margin"": 1.0, ""lambda_fit"": 0.001, ""lambda_sep"": 0.001, ""groupdro_enabled"": false, ""groupdro_eta"": 0.02, ""groupdro_gamma"": 0.9, ""groupdro_update_mode"": ""exp"", ""groupdro_objective"": ""weighted"", ""groupdro_kl_lambda"": 0.0, ""groupdro_uniform_init"": false, ""log_interval"": 20, ""save_every"": 10, ""groupdro_ema_decay"": 0.9, ""groupdro_update_every"": 1, ""dro_signal"": ""val"", ""val_frac"": 0.15, ""impute_missing"": true, ""common_encoder"": false, ""use_regret"": false, ""data_split_seed"": 1004}","{""num_groups"": 4, ""num_classes"": 2, ""train_total"": 449, ""test_total"": 185, ""train_group_counts"": [205, 199, 20, 25], ""test_group_counts"": [61, 59, 25, 40], ""train_class_counts"": [248, 201], ""test_class_counts"": [83, 102], ""train_group_class_counts"": [[111, 94], [127, 72], [2, 18], [8, 17]], ""test_group_class_counts"": [[33, 28], [38, 21], [2, 23], [10, 30]], ""group_proportions"": [0.45657015590200445, 0.44320712694877507, 0.044543429844097995, 0.0556792873051225], ""val_group_counts"": [37, 36, 15, 24], ""val_total"": 112}",,2026-09-15T20:30:23.968460,31,0.2456786038518763,0.9024943280922852,0.001,0.7783783783783784,0.8011447624340094,0.7049180327868853,0.92,"[0.7049180327868853, 0.7796610169491526, 0.92, 0.8]","[0.9047943972195231, 0.6259666383108597, 0.578355282775592, 0.9942408308772428]","[0.7349397590361446, 0.8137254901960784]","[[0.696969696969697, 0.7142857142857143], [0.868421052631579, 0.6190476190476191], [0.0, 1.0], [0.5, 0.9]]","[61, 59, 25, 40]",0.775199312409235,"[0.7042025862068966, 0.751054852320675, 0.4791666666666667, 0.7132616487455198]",0.4791666666666667,0.9942408308772428,0.7410714285714286,0.7372935435435435,0.7083333333333334,0.7777777777777778,"[0.7297297297297297, 0.7777777777777778, 0.7333333333333333, 0.7083333333333334]","[0.9798188098121082, 0.5018931730624495, 0.7887888017265747, 1.2370300734910415]","[0.68, 0.7903225806451613]","[[0.7, 0.7647058823529411], [0.782608695652174, 0.7692307692307693], [0.0, 0.7857142857142857], [0.3333333333333333, 0.8333333333333334]]","[37, 36, 15, 24]",0.7363422355710691,"[0.7295321637426899, 0.7662337662337662, 0.4230769230769231, 0.5872235872235873]",0.4230769230769231,1.2370300734910415,,"[NaN, NaN, NaN, NaN]",,,
