config,dataset_info,groupdro_config,start_time,epoch,train_loss,train_acc,learning_rate,test_overall_acc,test_balanced_acc,test_worst_group_acc,test_best_group_acc,test_per_group_acc,test_per_group_loss,test_per_class_acc,test_per_group_per_class_acc,test_per_group_counts,test_overall_macro_f1,test_per_group_f1,test_worst_group_f1,test_worst_group_loss,val_overall_acc,val_balanced_acc,val_worst_group_acc,val_best_group_acc,val_per_group_acc,val_per_group_loss,val_per_class_acc,val_per_group_per_class_acc,val_per_group_counts,val_overall_macro_f1,val_per_group_f1,val_worst_group_f1,val_worst_group_loss,groupdro_weights,train_per_group_loss,groupdro_weights_mean,groupdro_pi,groupdro_kl_penalty
"{""run_name"": ""fedheart_exp_paper_hetagg_gdro"", ""seed"": 31337, ""run_dir"": ""runs/fedheart_cv/GroupDRO_s31337_f0"", ""use_fedheart"": true, ""num_classes"": 2, ""stratified_batching"": true, ""train_frac"": 0.8, ""group_max_train_samples"": [null, null, 20, 25], ""true_hetero_input_dim"": true, ""feature_mask"": [[0, 1, 2, 3, 5, 6, 7, 8, 9, 10], [0, 1, 2, 3, 5, 6, 11, 12], [0, 1, 2, 4, 5, 7, 11, 12], [0, 1, 2, 4, 5, 6, 8, 9, 10]], ""batch_size"": 64, ""num_workers"": 0, ""epochs"": 100, ""early_stopping_patience"": 30, ""lr"": 0.001, ""weight_decay"": 0.0001, ""optimizer"": ""adam"", ""grad_clip"": 1.0, ""lr_scheduler"": ""cosine"", ""lr_min"": 1e-05, ""latent_dim"": 64, ""head_hidden"": 32, ""groups"": [{""name"": ""cleveland"", ""encoder"": ""mlp_tabular_ln"", ""input_dim"": 10, ""hidden_dim"": 64, ""dropout"": 0.1}, {""name"": ""hungarian"", ""encoder"": ""mlp_tabular_ln"", ""input_dim"": 8, ""hidden_dim"": 64, ""dropout"": 0.1}, {""name"": ""switzerland"", ""encoder"": ""mlp_tabular_ln"", ""input_dim"": 8, ""hidden_dim"": 64, ""dropout"": 0.1}, {""name"": ""va_long_beach"", ""encoder"": ""mlp_tabular_ln"", ""input_dim"": 9, ""hidden_dim"": 64, ""dropout"": 0.1}], ""anchor_eps"": 0.0001, ""sep_samples_per_class"": 4, ""sep_method"": ""classifier"", ""sep_margin"": 1.0, ""lambda_fit"": 0.001, ""lambda_sep"": 0.001, ""groupdro_enabled"": true, ""groupdro_eta"": 0.64, ""groupdro_gamma"": 0.9, ""groupdro_update_mode"": ""exp"", ""groupdro_objective"": ""weighted"", ""groupdro_kl_lambda"": 0.0, ""groupdro_uniform_init"": false, ""log_interval"": 20, ""save_every"": 10, ""groupdro_ema_decay"": 0.9, ""groupdro_update_every"": 1, ""dro_signal"": ""val"", ""val_frac"": 0.15, ""impute_missing"": true, ""common_encoder"": false, ""use_regret"": false, ""data_split_seed"": 1000}","{""num_groups"": 4, ""num_classes"": 2, ""train_total"": 449, ""test_total"": 185, ""train_group_counts"": [205, 199, 20, 25], ""test_group_counts"": [61, 59, 25, 40], ""train_class_counts"": [248, 201], ""test_class_counts"": [83, 102], ""train_group_class_counts"": [[111, 94], [127, 72], [3, 17], [7, 18]], ""test_group_class_counts"": [[33, 28], [38, 21], [2, 23], [10, 30]], ""group_proportions"": [0.45657015590200445, 0.44320712694877507, 0.044543429844097995, 0.0556792873051225], ""val_group_counts"": [37, 36, 15, 24], ""val_total"": 112}","{""num_groups"": 4, ""eta"": 0.64, ""update_mode"": ""exp"", ""robust_objective"": ""weighted"", ""gamma"": 0.9, ""kl_lambda"": 0.0, ""initial_pi"": [0.4565701484680176, 0.44320711493492126, 0.04454343020915985, 0.055679287761449814]}",2026-09-15T19:28:07.707959,1,0.7039571240916004,0.5827664366655069,0.001,0.7189189189189189,0.7423193942761879,0.65,0.92,"[0.7213114754098361, 0.6779661016949152, 0.92, 0.65]","[0.6169454347891886, 0.651296741881613, 0.5135298216342926, 0.6583039820194244]","[0.7831325301204819, 0.6666666666666666]","[[0.8787878787878788, 0.5357142857142857], [0.9473684210526315, 0.19047619047619047], [0.0, 1.0], [0.0, 0.8666666666666667]]","[61, 59, 25, 40]",0.7188449848024315,"[0.7058156028368794, 0.5437525437525437, 0.4791666666666667, 0.39393939393939387]",0.39393939393939387,0.6583039820194244,0.7589285714285714,0.783445945945946,0.6666666666666666,0.9333333333333333,"[0.7837837837837838, 0.6666666666666666, 0.9333333333333333, 0.75]","[0.5964946948193215, 0.6391049242681928, 0.5081457277139028, 0.6506209423144659]","[0.8, 0.7258064516129032]","[[0.8, 0.7647058823529411], [1.0, 0.07692307692307693], [0.0, 1.0], [0.16666666666666666, 0.9444444444444444]]","[37, 36, 15, 24]",0.7584471603163192,"[0.7823529411764707, 0.4679802955665025, 0.4827586206896552, 0.55]",0.4679802955665025,0.6506209423144659,"[0.4512603282928467, 0.4501630365848541, 0.04160512983798981, 0.05697150528430939]","[0.6631083914211818, 0.7011849113873073, 0.6122987071673075, 0.693947414557139]","[0.4565701484680176, 0.44320711493492126, 0.04454343020915985, 0.055679287761449814]","[0.4565701484680176, 0.44320711493492126, 0.04454343020915985, 0.055679287761449814]",0.0
"{""run_name"": ""fedheart_exp_paper_hetagg_gdro"", ""seed"": 31337, ""run_dir"": ""runs/fedheart_cv/GroupDRO_s31337_f0"", ""use_fedheart"": true, ""num_classes"": 2, ""stratified_batching"": true, ""train_frac"": 0.8, ""group_max_train_samples"": [null, null, 20, 25], ""true_hetero_input_dim"": true, ""feature_mask"": [[0, 1, 2, 3, 5, 6, 7, 8, 9, 10], [0, 1, 2, 3, 5, 6, 11, 12], [0, 1, 2, 4, 5, 7, 11, 12], [0, 1, 2, 4, 5, 6, 8, 9, 10]], ""batch_size"": 64, ""num_workers"": 0, ""epochs"": 100, ""early_stopping_patience"": 30, ""lr"": 0.001, ""weight_decay"": 0.0001, ""optimizer"": ""adam"", ""grad_clip"": 1.0, ""lr_scheduler"": ""cosine"", ""lr_min"": 1e-05, ""latent_dim"": 64, ""head_hidden"": 32, ""groups"": [{""name"": ""cleveland"", ""encoder"": ""mlp_tabular_ln"", ""input_dim"": 10, ""hidden_dim"": 64, ""dropout"": 0.1}, {""name"": ""hungarian"", ""encoder"": ""mlp_tabular_ln"", ""input_dim"": 8, ""hidden_dim"": 64, ""dropout"": 0.1}, {""name"": ""switzerland"", ""encoder"": ""mlp_tabular_ln"", ""input_dim"": 8, ""hidden_dim"": 64, ""dropout"": 0.1}, {""name"": ""va_long_beach"", ""encoder"": ""mlp_tabular_ln"", ""input_dim"": 9, ""hidden_dim"": 64, ""dropout"": 0.1}], ""anchor_eps"": 0.0001, ""sep_samples_per_class"": 4, ""sep_method"": ""classifier"", ""sep_margin"": 1.0, ""lambda_fit"": 0.001, ""lambda_sep"": 0.001, ""groupdro_enabled"": true, ""groupdro_eta"": 0.64, ""groupdro_gamma"": 0.9, ""groupdro_update_mode"": ""exp"", ""groupdro_objective"": ""weighted"", ""groupdro_kl_lambda"": 0.0, ""groupdro_uniform_init"": false, ""log_interval"": 20, ""save_every"": 10, ""groupdro_ema_decay"": 0.9, ""groupdro_update_every"": 1, ""dro_signal"": ""val"", ""val_frac"": 0.15, ""impute_missing"": true, ""common_encoder"": false, ""use_regret"": false, ""data_split_seed"": 1000}","{""num_groups"": 4, ""num_classes"": 2, ""train_total"": 449, ""test_total"": 185, ""train_group_counts"": [205, 199, 20, 25], ""test_group_counts"": [61, 59, 25, 40], ""train_class_counts"": [248, 201], ""test_class_counts"": [83, 102], ""train_group_class_counts"": [[111, 94], [127, 72], [3, 17], [7, 18]], ""test_group_class_counts"": [[33, 28], [38, 21], [2, 23], [10, 30]], ""group_proportions"": [0.45657015590200445, 0.44320712694877507, 0.044543429844097995, 0.0556792873051225], ""val_group_counts"": [37, 36, 15, 24], ""val_total"": 112}","{""num_groups"": 4, ""eta"": 0.64, ""update_mode"": ""exp"", ""robust_objective"": ""weighted"", ""gamma"": 0.9, ""kl_lambda"": 0.0, ""initial_pi"": [0.4565701484680176, 0.44320711493492126, 0.04454343020915985, 0.055679287761449814]}",2026-09-15T19:28:07.707959,2,0.6245324819807022,0.7120181384270423,0.001,0.7243243243243244,0.7525948180050014,0.6440677966101694,0.92,"[0.7213114754098361, 0.6440677966101694, 0.92, 0.725]","[0.5419297462604085, 0.6219328631788997, 0.458140789270401, 0.620623791217804]","[0.7710843373493976, 0.6862745098039216]","[[0.8787878787878788, 0.5357142857142857], [0.9210526315789473, 0.14285714285714285], [0.0, 1.0], [0.0, 0.9666666666666667]]","[61, 59, 25, 40]",0.7240340460381994,"[0.7058156028368794, 0.49572649572649563, 0.4791666666666667, 0.42028985507246375]",0.42028985507246375,0.6219328631788997,0.7857142857142857,0.8039039039039039,0.6944444444444444,0.9333333333333333,"[0.8378378378378378, 0.6944444444444444, 0.9333333333333333, 0.75]","[0.509965381912283, 0.5740201771259308, 0.45172763665517174, 0.5897823385894299]","[0.8, 0.7741935483870968]","[[0.85, 0.8235294117647058], [1.0, 0.15384615384615385], [0.0, 1.0], [0.0, 1.0]]","[37, 36, 15, 24]",0.7846153846153845,"[0.8367647058823529, 0.536842105263158, 0.4827586206896552, 0.42857142857142855]",0.42857142857142855,0.5897823385894299,"[0.4454805552959442, 0.4573102593421936, 0.03888919577002525, 0.05832001939415932]","[0.591629547732217, 0.6164492453847613, 0.4669893980026245, 0.6359057625134786]","[0.4512603282928467, 0.4501630365848541, 0.04160512983798981, 0.05697150528430939]","[0.4565701484680176, 0.44320711493492126, 0.04454343020915985, 0.055679287761449814]",0.0
"{""run_name"": ""fedheart_exp_paper_hetagg_gdro"", ""seed"": 31337, ""run_dir"": ""runs/fedheart_cv/GroupDRO_s31337_f0"", ""use_fedheart"": true, ""num_classes"": 2, ""stratified_batching"": true, ""train_frac"": 0.8, ""group_max_train_samples"": [null, null, 20, 25], ""true_hetero_input_dim"": true, ""feature_mask"": [[0, 1, 2, 3, 5, 6, 7, 8, 9, 10], [0, 1, 2, 3, 5, 6, 11, 12], [0, 1, 2, 4, 5, 7, 11, 12], [0, 1, 2, 4, 5, 6, 8, 9, 10]], ""batch_size"": 64, ""num_workers"": 0, ""epochs"": 100, ""early_stopping_patience"": 30, ""lr"": 0.001, ""weight_decay"": 0.0001, ""optimizer"": ""adam"", ""grad_clip"": 1.0, ""lr_scheduler"": ""cosine"", ""lr_min"": 1e-05, ""latent_dim"": 64, ""head_hidden"": 32, ""groups"": [{""name"": ""cleveland"", ""encoder"": ""mlp_tabular_ln"", ""input_dim"": 10, ""hidden_dim"": 64, ""dropout"": 0.1}, {""name"": ""hungarian"", ""encoder"": ""mlp_tabular_ln"", ""input_dim"": 8, ""hidden_dim"": 64, ""dropout"": 0.1}, {""name"": ""switzerland"", ""encoder"": ""mlp_tabular_ln"", ""input_dim"": 8, ""hidden_dim"": 64, ""dropout"": 0.1}, {""name"": ""va_long_beach"", ""encoder"": ""mlp_tabular_ln"", ""input_dim"": 9, ""hidden_dim"": 64, ""dropout"": 0.1}], ""anchor_eps"": 0.0001, ""sep_samples_per_class"": 4, ""sep_method"": ""classifier"", ""sep_margin"": 1.0, ""lambda_fit"": 0.001, ""lambda_sep"": 0.001, ""groupdro_enabled"": true, ""groupdro_eta"": 0.64, ""groupdro_gamma"": 0.9, ""groupdro_update_mode"": ""exp"", ""groupdro_objective"": ""weighted"", ""groupdro_kl_lambda"": 0.0, ""groupdro_uniform_init"": false, ""log_interval"": 20, ""save_every"": 10, ""groupdro_ema_decay"": 0.9, ""groupdro_update_every"": 1, ""dro_signal"": ""val"", ""val_frac"": 0.15, ""impute_missing"": true, ""common_encoder"": false, ""use_regret"": false, ""data_split_seed"": 1000}","{""num_groups"": 4, ""num_classes"": 2, ""train_total"": 449, ""test_total"": 185, ""train_group_counts"": [205, 199, 20, 25], ""test_group_counts"": [61, 59, 25, 40], ""train_class_counts"": [248, 201], ""test_class_counts"": [83, 102], ""train_group_class_counts"": [[111, 94], [127, 72], [3, 17], [7, 18]], ""test_group_class_counts"": [[33, 28], [38, 21], [2, 23], [10, 30]], ""group_proportions"": [0.45657015590200445, 0.44320712694877507, 0.044543429844097995, 0.0556792873051225], ""val_group_counts"": [37, 36, 15, 24], ""val_total"": 112}","{""num_groups"": 4, ""eta"": 0.64, ""update_mode"": ""exp"", ""robust_objective"": ""weighted"", ""gamma"": 0.9, ""kl_lambda"": 0.0, ""initial_pi"": [0.4565701484680176, 0.44320711493492126, 0.04454343020915985, 0.055679287761449814]}",2026-09-15T19:28:07.707959,3,0.5810814274141307,0.7528344677959711,0.001,0.7297297297297297,0.7568321061405946,0.6610169491525424,0.92,"[0.7213114754098361, 0.6610169491525424, 0.92, 0.725]","[0.4898494767849563, 0.602775154982583, 0.3967103409767151, 0.5930961921811104]","[0.7710843373493976, 0.696078431372549]","[[0.8787878787878788, 0.5357142857142857], [0.9210526315789473, 0.19047619047619047], [0.0, 1.0], [0.0, 0.9666666666666667]]","[61, 59, 25, 40]",0.7293422284644195,"[0.7058156028368794, 0.5317460317460317, 0.4791666666666667, 0.42028985507246375]",0.42028985507246375,0.602775154982583,0.8035714285714286,0.8177927927927928,0.75,0.9333333333333333,"[0.8378378378378378, 0.75, 0.9333333333333333, 0.75]","[0.43065089873365453, 0.5199842962125937, 0.3868259578943253, 0.5501689836382866]","[0.8, 0.8064516129032258]","[[0.85, 0.8235294117647058], [1.0, 0.3076923076923077], [0.0, 1.0], [0.0, 1.0]]","[37, 36, 15, 24]",0.8019929283188685,"[0.8367647058823529, 0.653475935828877, 0.4827586206896552, 0.42857142857142855]",0.42857142857142855,0.5501689836382866,"[0.4388701319694519, 0.4649398922920227, 0.03637228533625603, 0.05981767177581787]","[0.5366081850869315, 0.584564072745187, 0.4266090840101242, 0.5788600842157999]","[0.4454805552959442, 0.4573102593421936, 0.03888919577002525, 0.05832001939415932]","[0.4565701484680176, 0.44320711493492126, 0.04454343020915985, 0.055679287761449814]",0.0
"{""run_name"": ""fedheart_exp_paper_hetagg_gdro"", ""seed"": 31337, ""run_dir"": ""runs/fedheart_cv/GroupDRO_s31337_f0"", ""use_fedheart"": true, ""num_classes"": 2, ""stratified_batching"": true, ""train_frac"": 0.8, ""group_max_train_samples"": [null, null, 20, 25], ""true_hetero_input_dim"": true, ""feature_mask"": [[0, 1, 2, 3, 5, 6, 7, 8, 9, 10], [0, 1, 2, 3, 5, 6, 11, 12], [0, 1, 2, 4, 5, 7, 11, 12], [0, 1, 2, 4, 5, 6, 8, 9, 10]], ""batch_size"": 64, ""num_workers"": 0, ""epochs"": 100, ""early_stopping_patience"": 30, ""lr"": 0.001, ""weight_decay"": 0.0001, ""optimizer"": ""adam"", ""grad_clip"": 1.0, ""lr_scheduler"": ""cosine"", ""lr_min"": 1e-05, ""latent_dim"": 64, ""head_hidden"": 32, ""groups"": [{""name"": ""cleveland"", ""encoder"": ""mlp_tabular_ln"", ""input_dim"": 10, ""hidden_dim"": 64, ""dropout"": 0.1}, {""name"": ""hungarian"", ""encoder"": ""mlp_tabular_ln"", ""input_dim"": 8, ""hidden_dim"": 64, ""dropout"": 0.1}, {""name"": ""switzerland"", ""encoder"": ""mlp_tabular_ln"", ""input_dim"": 8, ""hidden_dim"": 64, ""dropout"": 0.1}, {""name"": ""va_long_beach"", ""encoder"": ""mlp_tabular_ln"", ""input_dim"": 9, ""hidden_dim"": 64, ""dropout"": 0.1}], ""anchor_eps"": 0.0001, ""sep_samples_per_class"": 4, ""sep_method"": ""classifier"", ""sep_margin"": 1.0, ""lambda_fit"": 0.001, ""lambda_sep"": 0.001, ""groupdro_enabled"": true, ""groupdro_eta"": 0.64, ""groupdro_gamma"": 0.9, ""groupdro_update_mode"": ""exp"", ""groupdro_objective"": ""weighted"", ""groupdro_kl_lambda"": 0.0, ""groupdro_uniform_init"": false, ""log_interval"": 20, ""save_every"": 10, ""groupdro_ema_decay"": 0.9, ""groupdro_update_every"": 1, ""dro_signal"": ""val"", ""val_frac"": 0.15, ""impute_missing"": true, ""common_encoder"": false, ""use_regret"": false, ""data_split_seed"": 1000}","{""num_groups"": 4, ""num_classes"": 2, ""train_total"": 449, ""test_total"": 185, ""train_group_counts"": [205, 199, 20, 25], ""test_group_counts"": [61, 59, 25, 40], ""train_class_counts"": [248, 201], ""test_class_counts"": [83, 102], ""train_group_class_counts"": [[111, 94], [127, 72], [3, 17], [7, 18]], ""test_group_class_counts"": [[33, 28], [38, 21], [2, 23], [10, 30]], ""group_proportions"": [0.45657015590200445, 0.44320712694877507, 0.044543429844097995, 0.0556792873051225], ""val_group_counts"": [37, 36, 15, 24], ""val_total"": 112}","{""num_groups"": 4, ""eta"": 0.64, ""update_mode"": ""exp"", ""robust_objective"": ""weighted"", ""gamma"": 0.9, ""kl_lambda"": 0.0, ""initial_pi"": [0.4565701484680176, 0.44320711493492126, 0.04454343020915985, 0.055679287761449814]}",2026-09-15T19:28:07.707959,4,0.5167025527716224,0.7959183642383065,0.001,0.7567567567567568,0.7778796193387052,0.725,0.92,"[0.7377049180327869, 0.7288135593220338, 0.92, 0.725]","[0.46359956142355185, 0.588003616211778, 0.3451562958955765, 0.5848367568105459]","[0.7590361445783133, 0.7549019607843137]","[[0.8787878787878788, 0.5714285714285714], [0.8947368421052632, 0.42857142857142855], [0.0, 1.0], [0.0, 0.9666666666666667]]","[61, 59, 25, 40]",0.7553557259984132,"[0.7252252252252253, 0.669467787114846, 0.4791666666666667, 0.42028985507246375]",0.42028985507246375,0.588003616211778,0.8214285714285714,0.8316816816816817,0.75,0.9333333333333333,"[0.8378378378378378, 0.8055555555555556, 0.9333333333333333, 0.75]","[0.3942779932875891, 0.4681597786645095, 0.3394393414258957, 0.5272075782219569]","[0.8, 0.8387096774193549]","[[0.85, 0.8235294117647058], [1.0, 0.46153846153846156], [0.0, 1.0], [0.0, 1.0]]","[37, 36, 15, 24]",0.8193548387096775,"[0.8367647058823529, 0.7497517378351539, 0.4827586206896552, 0.42857142857142855]",0.42857142857142855,0.5272075782219569,"[0.43170756101608276, 0.47273164987564087, 0.034024428576231, 0.061536382883787155]","[0.4855540948254721, 0.5084556383746011, 0.4025176515181859, 0.46231118341286975]","[0.4388701319694519, 0.4649398922920227, 0.03637228533625603, 0.05981767177581787]","[0.4565701484680176, 0.44320711493492126, 0.04454343020915985, 0.055679287761449814]",0.0
"{""run_name"": ""fedheart_exp_paper_hetagg_gdro"", ""seed"": 31337, ""run_dir"": ""runs/fedheart_cv/GroupDRO_s31337_f0"", ""use_fedheart"": true, ""num_classes"": 2, ""stratified_batching"": true, ""train_frac"": 0.8, ""group_max_train_samples"": [null, null, 20, 25], ""true_hetero_input_dim"": true, ""feature_mask"": [[0, 1, 2, 3, 5, 6, 7, 8, 9, 10], [0, 1, 2, 3, 5, 6, 11, 12], [0, 1, 2, 4, 5, 7, 11, 12], [0, 1, 2, 4, 5, 6, 8, 9, 10]], ""batch_size"": 64, ""num_workers"": 0, ""epochs"": 100, ""early_stopping_patience"": 30, ""lr"": 0.001, ""weight_decay"": 0.0001, ""optimizer"": ""adam"", ""grad_clip"": 1.0, ""lr_scheduler"": ""cosine"", ""lr_min"": 1e-05, ""latent_dim"": 64, ""head_hidden"": 32, ""groups"": [{""name"": ""cleveland"", ""encoder"": ""mlp_tabular_ln"", ""input_dim"": 10, ""hidden_dim"": 64, ""dropout"": 0.1}, {""name"": ""hungarian"", ""encoder"": ""mlp_tabular_ln"", ""input_dim"": 8, ""hidden_dim"": 64, ""dropout"": 0.1}, {""name"": ""switzerland"", ""encoder"": ""mlp_tabular_ln"", ""input_dim"": 8, ""hidden_dim"": 64, ""dropout"": 0.1}, {""name"": ""va_long_beach"", ""encoder"": ""mlp_tabular_ln"", ""input_dim"": 9, ""hidden_dim"": 64, ""dropout"": 0.1}], ""anchor_eps"": 0.0001, ""sep_samples_per_class"": 4, ""sep_method"": ""classifier"", ""sep_margin"": 1.0, ""lambda_fit"": 0.001, ""lambda_sep"": 0.001, ""groupdro_enabled"": true, ""groupdro_eta"": 0.64, ""groupdro_gamma"": 0.9, ""groupdro_update_mode"": ""exp"", ""groupdro_objective"": ""weighted"", ""groupdro_kl_lambda"": 0.0, ""groupdro_uniform_init"": false, ""log_interval"": 20, ""save_every"": 10, ""groupdro_ema_decay"": 0.9, ""groupdro_update_every"": 1, ""dro_signal"": ""val"", ""val_frac"": 0.15, ""impute_missing"": true, ""common_encoder"": false, ""use_regret"": false, ""data_split_seed"": 1000}","{""num_groups"": 4, ""num_classes"": 2, ""train_total"": 449, ""test_total"": 185, ""train_group_counts"": [205, 199, 20, 25], ""test_group_counts"": [61, 59, 25, 40], ""train_class_counts"": [248, 201], ""test_class_counts"": [83, 102], ""train_group_class_counts"": [[111, 94], [127, 72], [3, 17], [7, 18]], ""test_group_class_counts"": [[33, 28], [38, 21], [2, 23], [10, 30]], ""group_proportions"": [0.45657015590200445, 0.44320712694877507, 0.044543429844097995, 0.0556792873051225], ""val_group_counts"": [37, 36, 15, 24], ""val_total"": 112}","{""num_groups"": 4, ""eta"": 0.64, ""update_mode"": ""exp"", ""robust_objective"": ""weighted"", ""gamma"": 0.9, ""kl_lambda"": 0.0, ""initial_pi"": [0.4565701484680176, 0.44320711493492126, 0.04454343020915985, 0.055679287761449814]}",2026-09-15T19:28:07.707959,5,0.50909432620148,0.764172339250171,0.001,0.7621621621621621,0.7798263406501806,0.7,0.92,"[0.7704918032786885, 0.7288135593220338, 0.92, 0.7]","[0.4525624139264959, 0.5887793687693144, 0.32647795259952544, 0.5885541271418333]","[0.7590361445783133, 0.7647058823529411]","[[0.8787878787878788, 0.6428571428571429], [0.8947368421052632, 0.42857142857142855], [0.0, 1.0], [0.0, 0.9333333333333333]]","[61, 59, 25, 40]",0.7605882352941176,"[0.7627777777777778, 0.669467787114846, 0.4791666666666667, 0.4117647058823529]",0.4117647058823529,0.5887793687693144,0.8035714285714286,0.8145082582582583,0.7083333333333334,0.9333333333333333,"[0.8108108108108109, 0.8055555555555556, 0.9333333333333333, 0.7083333333333334]","[0.39267663607323494, 0.4296711925417185, 0.3262224594751994, 0.5101164976755778]","[0.78, 0.8225806451612904]","[[0.8, 0.8235294117647058], [1.0, 0.46153846153846156], [0.0, 1.0], [0.0, 0.9444444444444444]]","[37, 36, 15, 24]",0.8012903225806451,"[0.8102564102564103, 0.7497517378351539, 0.4827586206896552, 0.41463414634146345]",0.41463414634146345,0.5101164976755778,"[0.4245709776878357, 0.4800996482372284, 0.03184596076607704, 0.06348349153995514]","[0.47298320276396616, 0.4971825437886374, 0.38140276695291203, 0.49706263840198517]","[0.43170756101608276, 0.47273164987564087, 0.034024428576231, 0.061536382883787155]","[0.4565701484680176, 0.44320711493492126, 0.04454343020915985, 0.055679287761449814]",0.0
"{""run_name"": ""fedheart_exp_paper_hetagg_gdro"", ""seed"": 31337, ""run_dir"": ""runs/fedheart_cv/GroupDRO_s31337_f0"", ""use_fedheart"": true, ""num_classes"": 2, ""stratified_batching"": true, ""train_frac"": 0.8, ""group_max_train_samples"": [null, null, 20, 25], ""true_hetero_input_dim"": true, ""feature_mask"": [[0, 1, 2, 3, 5, 6, 7, 8, 9, 10], [0, 1, 2, 3, 5, 6, 11, 12], [0, 1, 2, 4, 5, 7, 11, 12], [0, 1, 2, 4, 5, 6, 8, 9, 10]], ""batch_size"": 64, ""num_workers"": 0, ""epochs"": 100, ""early_stopping_patience"": 30, ""lr"": 0.001, ""weight_decay"": 0.0001, ""optimizer"": ""adam"", ""grad_clip"": 1.0, ""lr_scheduler"": ""cosine"", ""lr_min"": 1e-05, ""latent_dim"": 64, ""head_hidden"": 32, ""groups"": [{""name"": ""cleveland"", ""encoder"": ""mlp_tabular_ln"", ""input_dim"": 10, ""hidden_dim"": 64, ""dropout"": 0.1}, {""name"": ""hungarian"", ""encoder"": ""mlp_tabular_ln"", ""input_dim"": 8, ""hidden_dim"": 64, ""dropout"": 0.1}, {""name"": ""switzerland"", ""encoder"": ""mlp_tabular_ln"", ""input_dim"": 8, ""hidden_dim"": 64, ""dropout"": 0.1}, {""name"": ""va_long_beach"", ""encoder"": ""mlp_tabular_ln"", ""input_dim"": 9, ""hidden_dim"": 64, ""dropout"": 0.1}], ""anchor_eps"": 0.0001, ""sep_samples_per_class"": 4, ""sep_method"": ""classifier"", ""sep_margin"": 1.0, ""lambda_fit"": 0.001, ""lambda_sep"": 0.001, ""groupdro_enabled"": true, ""groupdro_eta"": 0.64, ""groupdro_gamma"": 0.9, ""groupdro_update_mode"": ""exp"", ""groupdro_objective"": ""weighted"", ""groupdro_kl_lambda"": 0.0, ""groupdro_uniform_init"": false, ""log_interval"": 20, ""save_every"": 10, ""groupdro_ema_decay"": 0.9, ""groupdro_update_every"": 1, ""dro_signal"": ""val"", ""val_frac"": 0.15, ""impute_missing"": true, ""common_encoder"": false, ""use_regret"": false, ""data_split_seed"": 1000}","{""num_groups"": 4, ""num_classes"": 2, ""train_total"": 449, ""test_total"": 185, ""train_group_counts"": [205, 199, 20, 25], ""test_group_counts"": [61, 59, 25, 40], ""train_class_counts"": [248, 201], ""test_class_counts"": [83, 102], ""train_group_class_counts"": [[111, 94], [127, 72], [3, 17], [7, 18]], ""test_group_class_counts"": [[33, 28], [38, 21], [2, 23], [10, 30]], ""group_proportions"": [0.45657015590200445, 0.44320712694877507, 0.044543429844097995, 0.0556792873051225], ""val_group_counts"": [37, 36, 15, 24], ""val_total"": 112}","{""num_groups"": 4, ""eta"": 0.64, ""update_mode"": ""exp"", ""robust_objective"": ""weighted"", ""gamma"": 0.9, ""kl_lambda"": 0.0, ""initial_pi"": [0.4565701484680176, 0.44320711493492126, 0.04454343020915985, 0.055679287761449814]}",2026-09-15T19:28:07.707959,6,0.48381725352367305,0.8004535116305967,0.001,0.745945945945946,0.7653796193387052,0.675,0.92,"[0.7377049180327869, 0.7288135593220338, 0.92, 0.675]","[0.4863295668705565, 0.5984666106306901, 0.32134853571653366, 0.6006057448685169]","[0.7710843373493976, 0.7254901960784313]","[[0.9090909090909091, 0.5357142857142857], [0.8947368421052632, 0.42857142857142855], [0.0, 1.0], [0.0, 0.9]]","[61, 59, 25, 40]",0.7452014652014652,"[0.7208237986270023, 0.669467787114846, 0.4791666666666667, 0.4029850746268656]",0.4029850746268656,0.6006057448685169,0.8303571428571429,0.835153903903904,0.7083333333333334,0.9333333333333333,"[0.8378378378378378, 0.8611111111111112, 0.9333333333333333, 0.7083333333333334]","[0.3659907461622277, 0.4037810673730241, 0.3277605404456457, 0.4938381090760231]","[0.8, 0.8548387096774194]","[[0.85, 0.8235294117647058], [1.0, 0.6153846153846154], [0.0, 1.0], [0.0, 0.9444444444444444]]","[37, 36, 15, 24]",0.8280404040404041,"[0.8367647058823529, 0.8319327731092437, 0.4827586206896552, 0.41463414634146345]",0.41463414634146345,0.4938381090760231,"[0.41740861535072327, 0.4870273172855377, 0.029871392995119095, 0.06569264084100723]","[0.43121880292892456, 0.4966204251561846, 0.3646868939201037, 0.4097338045636813]","[0.4245709776878357, 0.4800996482372284, 0.03184596076607704, 0.06348349153995514]","[0.4565701484680176, 0.44320711493492126, 0.04454343020915985, 0.055679287761449814]",0.0
"{""run_name"": ""fedheart_exp_paper_hetagg_gdro"", ""seed"": 31337, ""run_dir"": ""runs/fedheart_cv/GroupDRO_s31337_f0"", ""use_fedheart"": true, ""num_classes"": 2, ""stratified_batching"": true, ""train_frac"": 0.8, ""group_max_train_samples"": [null, null, 20, 25], ""true_hetero_input_dim"": true, ""feature_mask"": [[0, 1, 2, 3, 5, 6, 7, 8, 9, 10], [0, 1, 2, 3, 5, 6, 11, 12], [0, 1, 2, 4, 5, 7, 11, 12], [0, 1, 2, 4, 5, 6, 8, 9, 10]], ""batch_size"": 64, ""num_workers"": 0, ""epochs"": 100, ""early_stopping_patience"": 30, ""lr"": 0.001, ""weight_decay"": 0.0001, ""optimizer"": ""adam"", ""grad_clip"": 1.0, ""lr_scheduler"": ""cosine"", ""lr_min"": 1e-05, ""latent_dim"": 64, ""head_hidden"": 32, ""groups"": [{""name"": ""cleveland"", ""encoder"": ""mlp_tabular_ln"", ""input_dim"": 10, ""hidden_dim"": 64, ""dropout"": 0.1}, {""name"": ""hungarian"", ""encoder"": ""mlp_tabular_ln"", ""input_dim"": 8, ""hidden_dim"": 64, ""dropout"": 0.1}, {""name"": ""switzerland"", ""encoder"": ""mlp_tabular_ln"", ""input_dim"": 8, ""hidden_dim"": 64, ""dropout"": 0.1}, {""name"": ""va_long_beach"", ""encoder"": ""mlp_tabular_ln"", ""input_dim"": 9, ""hidden_dim"": 64, ""dropout"": 0.1}], ""anchor_eps"": 0.0001, ""sep_samples_per_class"": 4, ""sep_method"": ""classifier"", ""sep_margin"": 1.0, ""lambda_fit"": 0.001, ""lambda_sep"": 0.001, ""groupdro_enabled"": true, ""groupdro_eta"": 0.64, ""groupdro_gamma"": 0.9, ""groupdro_update_mode"": ""exp"", ""groupdro_objective"": ""weighted"", ""groupdro_kl_lambda"": 0.0, ""groupdro_uniform_init"": false, ""log_interval"": 20, ""save_every"": 10, ""groupdro_ema_decay"": 0.9, ""groupdro_update_every"": 1, ""dro_signal"": ""val"", ""val_frac"": 0.15, ""impute_missing"": true, ""common_encoder"": false, ""use_regret"": false, ""data_split_seed"": 1000}","{""num_groups"": 4, ""num_classes"": 2, ""train_total"": 449, ""test_total"": 185, ""train_group_counts"": [205, 199, 20, 25], ""test_group_counts"": [61, 59, 25, 40], ""train_class_counts"": [248, 201], ""test_class_counts"": [83, 102], ""train_group_class_counts"": [[111, 94], [127, 72], [3, 17], [7, 18]], ""test_group_class_counts"": [[33, 28], [38, 21], [2, 23], [10, 30]], ""group_proportions"": [0.45657015590200445, 0.44320712694877507, 0.044543429844097995, 0.0556792873051225], ""val_group_counts"": [37, 36, 15, 24], ""val_total"": 112}","{""num_groups"": 4, ""eta"": 0.64, ""update_mode"": ""exp"", ""robust_objective"": ""weighted"", ""gamma"": 0.9, ""kl_lambda"": 0.0, ""initial_pi"": [0.4565701484680176, 0.44320711493492126, 0.04454343020915985, 0.055679287761449814]}",2026-09-15T19:28:07.707959,7,0.4626847267015721,0.8117913859231132,0.001,0.7567567567567568,0.7735763406501805,0.675,0.92,"[0.7704918032786885, 0.7288135593220338, 0.92, 0.675]","[0.4836442649791964, 0.6150944003109204, 0.3178697149455547, 0.6157182289287448]","[0.7710843373493976, 0.7450980392156863]","[[0.9090909090909091, 0.6071428571428571], [0.8947368421052632, 0.42857142857142855], [0.0, 1.0], [0.0, 0.9]]","[61, 59, 25, 40]",0.7557289985622488,"[0.759572072072072, 0.669467787114846, 0.4791666666666667, 0.4029850746268656]",0.4029850746268656,0.6157182289287448,0.8392857142857143,0.8419106606606607,0.7083333333333334,0.9333333333333333,"[0.8648648648648649, 0.8611111111111112, 0.9333333333333333, 0.7083333333333334]","[0.3591059179020089, 0.39611229797204334, 0.32811325838168465, 0.4835181050002575]","[0.82, 0.8548387096774194]","[[0.9, 0.8235294117647058], [1.0, 0.6153846153846154], [0.0, 1.0], [0.0, 0.9444444444444444]]","[37, 36, 15, 24]",0.8374193548387097,"[0.8632668144863267, 0.8319327731092437, 0.4827586206896552, 0.41463414634146345]",0.41463414634146345,0.4835181050002575,"[0.4102393090724945, 0.49352315068244934, 0.028086716309189796, 0.06815080344676971]","[0.42925414017268587, 0.46431886724063326, 0.2551005718608697, 0.38792846848567325]","[0.41740861535072327, 0.4870273172855377, 0.029871392995119095, 0.06569264084100723]","[0.4565701484680176, 0.44320711493492126, 0.04454343020915985, 0.055679287761449814]",0.0
"{""run_name"": ""fedheart_exp_paper_hetagg_gdro"", ""seed"": 31337, ""run_dir"": ""runs/fedheart_cv/GroupDRO_s31337_f0"", ""use_fedheart"": true, ""num_classes"": 2, ""stratified_batching"": true, ""train_frac"": 0.8, ""group_max_train_samples"": [null, null, 20, 25], ""true_hetero_input_dim"": true, ""feature_mask"": [[0, 1, 2, 3, 5, 6, 7, 8, 9, 10], [0, 1, 2, 3, 5, 6, 11, 12], [0, 1, 2, 4, 5, 7, 11, 12], [0, 1, 2, 4, 5, 6, 8, 9, 10]], ""batch_size"": 64, ""num_workers"": 0, ""epochs"": 100, ""early_stopping_patience"": 30, ""lr"": 0.001, ""weight_decay"": 0.0001, ""optimizer"": ""adam"", ""grad_clip"": 1.0, ""lr_scheduler"": ""cosine"", ""lr_min"": 1e-05, ""latent_dim"": 64, ""head_hidden"": 32, ""groups"": [{""name"": ""cleveland"", ""encoder"": ""mlp_tabular_ln"", ""input_dim"": 10, ""hidden_dim"": 64, ""dropout"": 0.1}, {""name"": ""hungarian"", ""encoder"": ""mlp_tabular_ln"", ""input_dim"": 8, ""hidden_dim"": 64, ""dropout"": 0.1}, {""name"": ""switzerland"", ""encoder"": ""mlp_tabular_ln"", ""input_dim"": 8, ""hidden_dim"": 64, ""dropout"": 0.1}, {""name"": ""va_long_beach"", ""encoder"": ""mlp_tabular_ln"", ""input_dim"": 9, ""hidden_dim"": 64, ""dropout"": 0.1}], ""anchor_eps"": 0.0001, ""sep_samples_per_class"": 4, ""sep_method"": ""classifier"", ""sep_margin"": 1.0, ""lambda_fit"": 0.001, ""lambda_sep"": 0.001, ""groupdro_enabled"": true, ""groupdro_eta"": 0.64, ""groupdro_gamma"": 0.9, ""groupdro_update_mode"": ""exp"", ""groupdro_objective"": ""weighted"", ""groupdro_kl_lambda"": 0.0, ""groupdro_uniform_init"": false, ""log_interval"": 20, ""save_every"": 10, ""groupdro_ema_decay"": 0.9, ""groupdro_update_every"": 1, ""dro_signal"": ""val"", ""val_frac"": 0.15, ""impute_missing"": true, ""common_encoder"": false, ""use_regret"": false, ""data_split_seed"": 1000}","{""num_groups"": 4, ""num_classes"": 2, ""train_total"": 449, ""test_total"": 185, ""train_group_counts"": [205, 199, 20, 25], ""test_group_counts"": [61, 59, 25, 40], ""train_class_counts"": [248, 201], ""test_class_counts"": [83, 102], ""train_group_class_counts"": [[111, 94], [127, 72], [3, 17], [7, 18]], ""test_group_class_counts"": [[33, 28], [38, 21], [2, 23], [10, 30]], ""group_proportions"": [0.45657015590200445, 0.44320712694877507, 0.044543429844097995, 0.0556792873051225], ""val_group_counts"": [37, 36, 15, 24], ""val_total"": 112}","{""num_groups"": 4, ""eta"": 0.64, ""update_mode"": ""exp"", ""robust_objective"": ""weighted"", ""gamma"": 0.9, ""kl_lambda"": 0.0, ""initial_pi"": [0.4565701484680176, 0.44320711493492126, 0.04454343020915985, 0.055679287761449814]}",2026-09-15T19:28:07.707959,8,0.437021440389205,0.8344671191001425,0.001,0.7567567567567568,0.7735763406501805,0.675,0.92,"[0.7704918032786885, 0.7288135593220338, 0.92, 0.675]","[0.4582720513409767, 0.6203920373345836, 0.3210920023918152, 0.635129698831588]","[0.7590361445783133, 0.7549019607843137]","[[0.8787878787878788, 0.6428571428571429], [0.8947368421052632, 0.42857142857142855], [0.0, 1.0], [0.0, 0.9]]","[61, 59, 25, 40]",0.7553557259984132,"[0.7627777777777778, 0.669467787114846, 0.4791666666666667, 0.4029850746268656]",0.4029850746268656,0.635129698831588,0.8392857142857143,0.8419106606606607,0.7083333333333334,0.9333333333333333,"[0.8648648648648649, 0.8611111111111112, 0.9333333333333333, 0.7083333333333334]","[0.36080613908534115, 0.39777839163111317, 0.33642275383075076, 0.46855347758779925]","[0.8, 0.8709677419354839]","[[0.85, 0.8823529411764706], [1.0, 0.6153846153846154], [0.0, 1.0], [0.0, 0.9444444444444444]]","[37, 36, 15, 24]",0.8367346938775511,"[0.8644688644688645, 0.8319327731092437, 0.4827586206896552, 0.41463414634146345]",0.41463414634146345,0.46855347758779925,"[0.4030947685241699, 0.4996381103992462, 0.026478037238121033, 0.07078908383846283]","[0.4017152488231659, 0.4306281294141497, 0.3138379255930583, 0.38519399364789325]","[0.4102393090724945, 0.49352315068244934, 0.028086716309189796, 0.06815080344676971]","[0.4565701484680176, 0.44320711493492126, 0.04454343020915985, 0.055679287761449814]",0.0
"{""run_name"": ""fedheart_exp_paper_hetagg_gdro"", ""seed"": 31337, ""run_dir"": ""runs/fedheart_cv/GroupDRO_s31337_f0"", ""use_fedheart"": true, ""num_classes"": 2, ""stratified_batching"": true, ""train_frac"": 0.8, ""group_max_train_samples"": [null, null, 20, 25], ""true_hetero_input_dim"": true, ""feature_mask"": [[0, 1, 2, 3, 5, 6, 7, 8, 9, 10], [0, 1, 2, 3, 5, 6, 11, 12], [0, 1, 2, 4, 5, 7, 11, 12], [0, 1, 2, 4, 5, 6, 8, 9, 10]], ""batch_size"": 64, ""num_workers"": 0, ""epochs"": 100, ""early_stopping_patience"": 30, ""lr"": 0.001, ""weight_decay"": 0.0001, ""optimizer"": ""adam"", ""grad_clip"": 1.0, ""lr_scheduler"": ""cosine"", ""lr_min"": 1e-05, ""latent_dim"": 64, ""head_hidden"": 32, ""groups"": [{""name"": ""cleveland"", ""encoder"": ""mlp_tabular_ln"", ""input_dim"": 10, ""hidden_dim"": 64, ""dropout"": 0.1}, {""name"": ""hungarian"", ""encoder"": ""mlp_tabular_ln"", ""input_dim"": 8, ""hidden_dim"": 64, ""dropout"": 0.1}, {""name"": ""switzerland"", ""encoder"": ""mlp_tabular_ln"", ""input_dim"": 8, ""hidden_dim"": 64, ""dropout"": 0.1}, {""name"": ""va_long_beach"", ""encoder"": ""mlp_tabular_ln"", ""input_dim"": 9, ""hidden_dim"": 64, ""dropout"": 0.1}], ""anchor_eps"": 0.0001, ""sep_samples_per_class"": 4, ""sep_method"": ""classifier"", ""sep_margin"": 1.0, ""lambda_fit"": 0.001, ""lambda_sep"": 0.001, ""groupdro_enabled"": true, ""groupdro_eta"": 0.64, ""groupdro_gamma"": 0.9, ""groupdro_update_mode"": ""exp"", ""groupdro_objective"": ""weighted"", ""groupdro_kl_lambda"": 0.0, ""groupdro_uniform_init"": false, ""log_interval"": 20, ""save_every"": 10, ""groupdro_ema_decay"": 0.9, ""groupdro_update_every"": 1, ""dro_signal"": ""val"", ""val_frac"": 0.15, ""impute_missing"": true, ""common_encoder"": false, ""use_regret"": false, ""data_split_seed"": 1000}","{""num_groups"": 4, ""num_classes"": 2, ""train_total"": 449, ""test_total"": 185, ""train_group_counts"": [205, 199, 20, 25], ""test_group_counts"": [61, 59, 25, 40], ""train_class_counts"": [248, 201], ""test_class_counts"": [83, 102], ""train_group_class_counts"": [[111, 94], [127, 72], [3, 17], [7, 18]], ""test_group_class_counts"": [[33, 28], [38, 21], [2, 23], [10, 30]], ""group_proportions"": [0.45657015590200445, 0.44320712694877507, 0.044543429844097995, 0.0556792873051225], ""val_group_counts"": [37, 36, 15, 24], ""val_total"": 112}","{""num_groups"": 4, ""eta"": 0.64, ""update_mode"": ""exp"", ""robust_objective"": ""weighted"", ""gamma"": 0.9, ""kl_lambda"": 0.0, ""initial_pi"": [0.4565701484680176, 0.44320711493492126, 0.04454343020915985, 0.055679287761449814]}",2026-09-15T19:28:07.707959,9,0.4409038933361469,0.8117913840309022,0.001,0.7621621621621621,0.7798263406501806,0.7,0.92,"[0.7704918032786885, 0.7288135593220338, 0.92, 0.7]","[0.4605456230032151, 0.6298869574221514, 0.32484546408057213, 0.6615101565606892]","[0.7710843373493976, 0.7549019607843137]","[[0.8787878787878788, 0.6428571428571429], [0.8947368421052632, 0.42857142857142855], [0.0, 1.0], [0.1, 0.9]]","[61, 59, 25, 40]",0.7609819121447028,"[0.7627777777777778, 0.669467787114846, 0.4791666666666667, 0.48051948051948057]",0.4791666666666667,0.6615101565606892,0.8303571428571429,0.831493993993994,0.6666666666666666,0.9333333333333333,"[0.8648648648648649, 0.8611111111111112, 0.9333333333333333, 0.6666666666666666]","[0.36176858404399576, 0.4028888362356358, 0.3462614032129447, 0.44750564948966104]","[0.8, 0.8548387096774194]","[[0.85, 0.8823529411764706], [1.0, 0.6153846153846154], [0.0, 1.0], [0.0, 0.8888888888888888]]","[37, 36, 15, 24]",0.8280404040404041,"[0.8644688644688645, 0.8319327731092437, 0.4827586206896552, 0.39999999999999997]",0.39999999999999997,0.44750564948966104,"[0.3959607183933258, 0.5055029988288879, 0.02503300830721855, 0.07350333780050278]","[0.4029277903693063, 0.45009489144597736, 0.2889878029624621, 0.3539013850192229]","[0.4030947685241699, 0.4996381103992462, 0.026478037238121033, 0.07078908383846283]","[0.4565701484680176, 0.44320711493492126, 0.04454343020915985, 0.055679287761449814]",0.0
"{""run_name"": ""fedheart_exp_paper_hetagg_gdro"", ""seed"": 31337, ""run_dir"": ""runs/fedheart_cv/GroupDRO_s31337_f0"", ""use_fedheart"": true, ""num_classes"": 2, ""stratified_batching"": true, ""train_frac"": 0.8, ""group_max_train_samples"": [null, null, 20, 25], ""true_hetero_input_dim"": true, ""feature_mask"": [[0, 1, 2, 3, 5, 6, 7, 8, 9, 10], [0, 1, 2, 3, 5, 6, 11, 12], [0, 1, 2, 4, 5, 7, 11, 12], [0, 1, 2, 4, 5, 6, 8, 9, 10]], ""batch_size"": 64, ""num_workers"": 0, ""epochs"": 100, ""early_stopping_patience"": 30, ""lr"": 0.001, ""weight_decay"": 0.0001, ""optimizer"": ""adam"", ""grad_clip"": 1.0, ""lr_scheduler"": ""cosine"", ""lr_min"": 1e-05, ""latent_dim"": 64, ""head_hidden"": 32, ""groups"": [{""name"": ""cleveland"", ""encoder"": ""mlp_tabular_ln"", ""input_dim"": 10, ""hidden_dim"": 64, ""dropout"": 0.1}, {""name"": ""hungarian"", ""encoder"": ""mlp_tabular_ln"", ""input_dim"": 8, ""hidden_dim"": 64, ""dropout"": 0.1}, {""name"": ""switzerland"", ""encoder"": ""mlp_tabular_ln"", ""input_dim"": 8, ""hidden_dim"": 64, ""dropout"": 0.1}, {""name"": ""va_long_beach"", ""encoder"": ""mlp_tabular_ln"", ""input_dim"": 9, ""hidden_dim"": 64, ""dropout"": 0.1}], ""anchor_eps"": 0.0001, ""sep_samples_per_class"": 4, ""sep_method"": ""classifier"", ""sep_margin"": 1.0, ""lambda_fit"": 0.001, ""lambda_sep"": 0.001, ""groupdro_enabled"": true, ""groupdro_eta"": 0.64, ""groupdro_gamma"": 0.9, ""groupdro_update_mode"": ""exp"", ""groupdro_objective"": ""weighted"", ""groupdro_kl_lambda"": 0.0, ""groupdro_uniform_init"": false, ""log_interval"": 20, ""save_every"": 10, ""groupdro_ema_decay"": 0.9, ""groupdro_update_every"": 1, ""dro_signal"": ""val"", ""val_frac"": 0.15, ""impute_missing"": true, ""common_encoder"": false, ""use_regret"": false, ""data_split_seed"": 1000}","{""num_groups"": 4, ""num_classes"": 2, ""train_total"": 449, ""test_total"": 185, ""train_group_counts"": [205, 199, 20, 25], ""test_group_counts"": [61, 59, 25, 40], ""train_class_counts"": [248, 201], ""test_class_counts"": [83, 102], ""train_group_class_counts"": [[111, 94], [127, 72], [3, 17], [7, 18]], ""test_group_class_counts"": [[33, 28], [38, 21], [2, 23], [10, 30]], ""group_proportions"": [0.45657015590200445, 0.44320712694877507, 0.044543429844097995, 0.0556792873051225], ""val_group_counts"": [37, 36, 15, 24], ""val_total"": 112}","{""num_groups"": 4, ""eta"": 0.64, ""update_mode"": ""exp"", ""robust_objective"": ""weighted"", ""gamma"": 0.9, ""kl_lambda"": 0.0, ""initial_pi"": [0.4565701484680176, 0.44320711493492126, 0.04454343020915985, 0.055679287761449814]}",2026-09-15T19:28:07.707959,10,0.4140947078631308,0.8117913859231132,0.001,0.7675675675675676,0.7839247013059183,0.7,0.92,"[0.7868852459016393, 0.7288135593220338, 0.92, 0.7]","[0.4575945706732693, 0.6305235912234096, 0.33145067825913427, 0.700462996494025]","[0.7831325301204819, 0.7549019607843137]","[[0.9090909090909091, 0.6428571428571429], [0.8947368421052632, 0.42857142857142855], [0.0, 1.0], [0.1, 0.9]]","[61, 59, 25, 40]",0.7665854875150376,"[0.7783058428850993, 0.669467787114846, 0.4791666666666667, 0.48051948051948057]",0.4791666666666667,0.700462996494025,0.8392857142857143,0.8417229729729729,0.7083333333333334,0.9333333333333333,"[0.8918918918918919, 0.8333333333333334, 0.9333333333333333, 0.7083333333333334]","[0.35598392699014497, 0.40888531040400267, 0.36086119363705316, 0.43498833710327744]","[0.84, 0.8387096774193549]","[[0.9, 0.8823529411764706], [1.0, 0.5384615384615384], [0.0, 1.0], [0.16666666666666666, 0.8888888888888888]]","[37, 36, 15, 24]",0.8379942140790742,"[0.8911764705882352, 0.7923076923076924, 0.4827586206896552, 0.5213675213675213]",0.4827586206896552,0.43498833710327744,"[0.3886962831020355, 0.5113206505775452, 0.02374931238591671, 0.07623378932476044]","[0.4204530247620174, 0.40054587381226675, 0.29174949290851754, 0.23852365091443062]","[0.3959607183933258, 0.5055029988288879, 0.02503300830721855, 0.07350333780050278]","[0.4565701484680176, 0.44320711493492126, 0.04454343020915985, 0.055679287761449814]",0.0
"{""run_name"": ""fedheart_exp_paper_hetagg_gdro"", ""seed"": 31337, ""run_dir"": ""runs/fedheart_cv/GroupDRO_s31337_f0"", ""use_fedheart"": true, ""num_classes"": 2, ""stratified_batching"": true, ""train_frac"": 0.8, ""group_max_train_samples"": [null, null, 20, 25], ""true_hetero_input_dim"": true, ""feature_mask"": [[0, 1, 2, 3, 5, 6, 7, 8, 9, 10], [0, 1, 2, 3, 5, 6, 11, 12], [0, 1, 2, 4, 5, 7, 11, 12], [0, 1, 2, 4, 5, 6, 8, 9, 10]], ""batch_size"": 64, ""num_workers"": 0, ""epochs"": 100, ""early_stopping_patience"": 30, ""lr"": 0.001, ""weight_decay"": 0.0001, ""optimizer"": ""adam"", ""grad_clip"": 1.0, ""lr_scheduler"": ""cosine"", ""lr_min"": 1e-05, ""latent_dim"": 64, ""head_hidden"": 32, ""groups"": [{""name"": ""cleveland"", ""encoder"": ""mlp_tabular_ln"", ""input_dim"": 10, ""hidden_dim"": 64, ""dropout"": 0.1}, {""name"": ""hungarian"", ""encoder"": ""mlp_tabular_ln"", ""input_dim"": 8, ""hidden_dim"": 64, ""dropout"": 0.1}, {""name"": ""switzerland"", ""encoder"": ""mlp_tabular_ln"", ""input_dim"": 8, ""hidden_dim"": 64, ""dropout"": 0.1}, {""name"": ""va_long_beach"", ""encoder"": ""mlp_tabular_ln"", ""input_dim"": 9, ""hidden_dim"": 64, ""dropout"": 0.1}], ""anchor_eps"": 0.0001, ""sep_samples_per_class"": 4, ""sep_method"": ""classifier"", ""sep_margin"": 1.0, ""lambda_fit"": 0.001, ""lambda_sep"": 0.001, ""groupdro_enabled"": true, ""groupdro_eta"": 0.64, ""groupdro_gamma"": 0.9, ""groupdro_update_mode"": ""exp"", ""groupdro_objective"": ""weighted"", ""groupdro_kl_lambda"": 0.0, ""groupdro_uniform_init"": false, ""log_interval"": 20, ""save_every"": 10, ""groupdro_ema_decay"": 0.9, ""groupdro_update_every"": 1, ""dro_signal"": ""val"", ""val_frac"": 0.15, ""impute_missing"": true, ""common_encoder"": false, ""use_regret"": false, ""data_split_seed"": 1000}","{""num_groups"": 4, ""num_classes"": 2, ""train_total"": 449, ""test_total"": 185, ""train_group_counts"": [205, 199, 20, 25], ""test_group_counts"": [61, 59, 25, 40], ""train_class_counts"": [248, 201], ""test_class_counts"": [83, 102], ""train_group_class_counts"": [[111, 94], [127, 72], [3, 17], [7, 18]], ""test_group_class_counts"": [[33, 28], [38, 21], [2, 23], [10, 30]], ""group_proportions"": [0.45657015590200445, 0.44320712694877507, 0.044543429844097995, 0.0556792873051225], ""val_group_counts"": [37, 36, 15, 24], ""val_total"": 112}","{""num_groups"": 4, ""eta"": 0.64, ""update_mode"": ""exp"", ""robust_objective"": ""weighted"", ""gamma"": 0.9, ""kl_lambda"": 0.0, ""initial_pi"": [0.4565701484680176, 0.44320711493492126, 0.04454343020915985, 0.055679287761449814]}",2026-09-15T19:28:07.707959,11,0.38959868573277445,0.8367346909040767,0.001,0.772972972972973,0.7881619894415115,0.7,0.92,"[0.7868852459016393, 0.7457627118644068, 0.92, 0.7]","[0.48294907617459043, 0.6474978853395935, 0.3422421611845493, 0.7516772146802395]","[0.7831325301204819, 0.7647058823529411]","[[0.9090909090909091, 0.6428571428571429], [0.8947368421052632, 0.47619047619047616], [0.0, 1.0], [0.1, 0.9]]","[61, 59, 25, 40]",0.7718463706835801,"[0.7783058428850993, 0.6953528399311532, 0.4791666666666667, 0.48051948051948057]",0.4791666666666667,0.7516772146802395,0.8482142857142857,0.8484797297297297,0.7083333333333334,0.9333333333333333,"[0.918918918918919, 0.8333333333333334, 0.9333333333333333, 0.7083333333333334]","[0.3457030990488223, 0.42041002213954926, 0.3823101417471965, 0.43136098391065997]","[0.86, 0.8387096774193549]","[[0.95, 0.8823529411764706], [1.0, 0.5384615384615384], [0.0, 1.0], [0.16666666666666666, 0.8888888888888888]]","[37, 36, 15, 24]",0.8472277942710423,"[0.917960088691796, 0.7923076923076924, 0.4827586206896552, 0.5213675213675213]",0.4827586206896552,0.43136098391065997,"[0.38102397322654724, 0.517394483089447, 0.022629352286458015, 0.07895219326019287]","[0.37470352223941256, 0.3917222704206194, 0.27811310688654584, 0.1990585538248221]","[0.3886962831020355, 0.5113206505775452, 0.02374931238591671, 0.07623378932476044]","[0.4565701484680176, 0.44320711493492126, 0.04454343020915985, 0.055679287761449814]",0.0
"{""run_name"": ""fedheart_exp_paper_hetagg_gdro"", ""seed"": 31337, ""run_dir"": ""runs/fedheart_cv/GroupDRO_s31337_f0"", ""use_fedheart"": true, ""num_classes"": 2, ""stratified_batching"": true, ""train_frac"": 0.8, ""group_max_train_samples"": [null, null, 20, 25], ""true_hetero_input_dim"": true, ""feature_mask"": [[0, 1, 2, 3, 5, 6, 7, 8, 9, 10], [0, 1, 2, 3, 5, 6, 11, 12], [0, 1, 2, 4, 5, 7, 11, 12], [0, 1, 2, 4, 5, 6, 8, 9, 10]], ""batch_size"": 64, ""num_workers"": 0, ""epochs"": 100, ""early_stopping_patience"": 30, ""lr"": 0.001, ""weight_decay"": 0.0001, ""optimizer"": ""adam"", ""grad_clip"": 1.0, ""lr_scheduler"": ""cosine"", ""lr_min"": 1e-05, ""latent_dim"": 64, ""head_hidden"": 32, ""groups"": [{""name"": ""cleveland"", ""encoder"": ""mlp_tabular_ln"", ""input_dim"": 10, ""hidden_dim"": 64, ""dropout"": 0.1}, {""name"": ""hungarian"", ""encoder"": ""mlp_tabular_ln"", ""input_dim"": 8, ""hidden_dim"": 64, ""dropout"": 0.1}, {""name"": ""switzerland"", ""encoder"": ""mlp_tabular_ln"", ""input_dim"": 8, ""hidden_dim"": 64, ""dropout"": 0.1}, {""name"": ""va_long_beach"", ""encoder"": ""mlp_tabular_ln"", ""input_dim"": 9, ""hidden_dim"": 64, ""dropout"": 0.1}], ""anchor_eps"": 0.0001, ""sep_samples_per_class"": 4, ""sep_method"": ""classifier"", ""sep_margin"": 1.0, ""lambda_fit"": 0.001, ""lambda_sep"": 0.001, ""groupdro_enabled"": true, ""groupdro_eta"": 0.64, ""groupdro_gamma"": 0.9, ""groupdro_update_mode"": ""exp"", ""groupdro_objective"": ""weighted"", ""groupdro_kl_lambda"": 0.0, ""groupdro_uniform_init"": false, ""log_interval"": 20, ""save_every"": 10, ""groupdro_ema_decay"": 0.9, ""groupdro_update_every"": 1, ""dro_signal"": ""val"", ""val_frac"": 0.15, ""impute_missing"": true, ""common_encoder"": false, ""use_regret"": false, ""data_split_seed"": 1000}","{""num_groups"": 4, ""num_classes"": 2, ""train_total"": 449, ""test_total"": 185, ""train_group_counts"": [205, 199, 20, 25], ""test_group_counts"": [61, 59, 25, 40], ""train_class_counts"": [248, 201], ""test_class_counts"": [83, 102], ""train_group_class_counts"": [[111, 94], [127, 72], [3, 17], [7, 18]], ""test_group_class_counts"": [[33, 28], [38, 21], [2, 23], [10, 30]], ""group_proportions"": [0.45657015590200445, 0.44320712694877507, 0.044543429844097995, 0.0556792873051225], ""val_group_counts"": [37, 36, 15, 24], ""val_total"": 112}","{""num_groups"": 4, ""eta"": 0.64, ""update_mode"": ""exp"", ""robust_objective"": ""weighted"", ""gamma"": 0.9, ""kl_lambda"": 0.0, ""initial_pi"": [0.4565701484680176, 0.44320711493492126, 0.04454343020915985, 0.055679287761449814]}",2026-09-15T19:28:07.707959,12,0.405939158804022,0.836734695634604,0.001,0.772972972972973,0.7883009169213671,0.7,0.92,"[0.7704918032786885, 0.7627118644067796, 0.92, 0.7]","[0.479327176667017, 0.641770285285883, 0.34444899901747705, 0.8209779132157564]","[0.7710843373493976, 0.7745098039215687]","[[0.8787878787878788, 0.6428571428571429], [0.8947368421052632, 0.5238095238095238], [0.0, 1.0], [0.1, 0.9]]","[61, 59, 25, 40]",0.7714705882352941,"[0.7627777777777778, 0.7201897018970189, 0.4791666666666667, 0.48051948051948057]",0.4791666666666667,0.8209779132157564,0.8303571428571429,0.8349662162162163,0.7083333333333334,0.9333333333333333,"[0.8648648648648649, 0.8333333333333334, 0.9333333333333333, 0.7083333333333334]","[0.34039187164524115, 0.4216215310411321, 0.3912625577300787, 0.4483169512823224]","[0.82, 0.8387096774193549]","[[0.85, 0.8823529411764706], [1.0, 0.5384615384615384], [0.0, 1.0], [0.16666666666666666, 0.8888888888888888]]","[37, 36, 15, 24]",0.8287048217016824,"[0.8644688644688645, 0.7923076923076924, 0.4827586206896552, 0.5213675213675213]",0.4827586206896552,0.4483169512823224,"[0.3728761374950409, 0.5237208604812622, 0.021657567471265793, 0.0817454606294632]","[0.37768430156367166, 0.4302288464137486, 0.21693453813592592, 0.19579210287580887]","[0.38102397322654724, 0.517394483089447, 0.022629352286458015, 0.07895219326019287]","[0.4565701484680176, 0.44320711493492126, 0.04454343020915985, 0.055679287761449814]",0.0
"{""run_name"": ""fedheart_exp_paper_hetagg_gdro"", ""seed"": 31337, ""run_dir"": ""runs/fedheart_cv/GroupDRO_s31337_f0"", ""use_fedheart"": true, ""num_classes"": 2, ""stratified_batching"": true, ""train_frac"": 0.8, ""group_max_train_samples"": [null, null, 20, 25], ""true_hetero_input_dim"": true, ""feature_mask"": [[0, 1, 2, 3, 5, 6, 7, 8, 9, 10], [0, 1, 2, 3, 5, 6, 11, 12], [0, 1, 2, 4, 5, 7, 11, 12], [0, 1, 2, 4, 5, 6, 8, 9, 10]], ""batch_size"": 64, ""num_workers"": 0, ""epochs"": 100, ""early_stopping_patience"": 30, ""lr"": 0.001, ""weight_decay"": 0.0001, ""optimizer"": ""adam"", ""grad_clip"": 1.0, ""lr_scheduler"": ""cosine"", ""lr_min"": 1e-05, ""latent_dim"": 64, ""head_hidden"": 32, ""groups"": [{""name"": ""cleveland"", ""encoder"": ""mlp_tabular_ln"", ""input_dim"": 10, ""hidden_dim"": 64, ""dropout"": 0.1}, {""name"": ""hungarian"", ""encoder"": ""mlp_tabular_ln"", ""input_dim"": 8, ""hidden_dim"": 64, ""dropout"": 0.1}, {""name"": ""switzerland"", ""encoder"": ""mlp_tabular_ln"", ""input_dim"": 8, ""hidden_dim"": 64, ""dropout"": 0.1}, {""name"": ""va_long_beach"", ""encoder"": ""mlp_tabular_ln"", ""input_dim"": 9, ""hidden_dim"": 64, ""dropout"": 0.1}], ""anchor_eps"": 0.0001, ""sep_samples_per_class"": 4, ""sep_method"": ""classifier"", ""sep_margin"": 1.0, ""lambda_fit"": 0.001, ""lambda_sep"": 0.001, ""groupdro_enabled"": true, ""groupdro_eta"": 0.64, ""groupdro_gamma"": 0.9, ""groupdro_update_mode"": ""exp"", ""groupdro_objective"": ""weighted"", ""groupdro_kl_lambda"": 0.0, ""groupdro_uniform_init"": false, ""log_interval"": 20, ""save_every"": 10, ""groupdro_ema_decay"": 0.9, ""groupdro_update_every"": 1, ""dro_signal"": ""val"", ""val_frac"": 0.15, ""impute_missing"": true, ""common_encoder"": false, ""use_regret"": false, ""data_split_seed"": 1000}","{""num_groups"": 4, ""num_classes"": 2, ""train_total"": 449, ""test_total"": 185, ""train_group_counts"": [205, 199, 20, 25], ""test_group_counts"": [61, 59, 25, 40], ""train_class_counts"": [248, 201], ""test_class_counts"": [83, 102], ""train_group_class_counts"": [[111, 94], [127, 72], [3, 17], [7, 18]], ""test_group_class_counts"": [[33, 28], [38, 21], [2, 23], [10, 30]], ""group_proportions"": [0.45657015590200445, 0.44320712694877507, 0.044543429844097995, 0.0556792873051225], ""val_group_counts"": [37, 36, 15, 24], ""val_total"": 112}","{""num_groups"": 4, ""eta"": 0.64, ""update_mode"": ""exp"", ""robust_objective"": ""weighted"", ""gamma"": 0.9, ""kl_lambda"": 0.0, ""initial_pi"": [0.4565701484680176, 0.44320711493492126, 0.04454343020915985, 0.055679287761449814]}",2026-09-15T19:28:07.707959,13,0.39311532780967334,0.8435374187504083,0.001,0.7675675675675676,0.7842025562656293,0.7,0.92,"[0.7540983606557377, 0.7627118644067796, 0.92, 0.7]","[0.4909503004574751, 0.6284377795281046, 0.35008675016462804, 0.8855222218669951]","[0.7590361445783133, 0.7745098039215687]","[[0.8484848484848485, 0.6428571428571429], [0.8947368421052632, 0.5238095238095238], [0.0, 1.0], [0.1, 0.9]]","[61, 59, 25, 40]",0.7658158909594042,"[0.7473073736536868, 0.7201897018970189, 0.4791666666666667, 0.48051948051948057]",0.4791666666666667,0.8855222218669951,0.8214285714285714,0.8182995495495495,0.7083333333333334,0.8666666666666667,"[0.8648648648648649, 0.8333333333333334, 0.8666666666666667, 0.7083333333333334]","[0.3473182405672363, 0.4223741831050979, 0.402907183021307, 0.4577414599286082]","[0.82, 0.8225806451612904]","[[0.85, 0.8823529411764706], [1.0, 0.5384615384615384], [0.0, 0.9285714285714286], [0.16666666666666666, 0.8888888888888888]]","[37, 36, 15, 24]",0.8199935711989714,"[0.8644688644688645, 0.7923076923076924, 0.4642857142857143, 0.5213675213675213]",0.4642857142857143,0.4577414599286082,"[0.36439597606658936, 0.5301443934440613, 0.020818835124373436, 0.08464088290929794]","[0.3704207347972052, 0.41317734122276306, 0.2056226022541523, 0.17503459254900613]","[0.3728761374950409, 0.5237208604812622, 0.021657567471265793, 0.0817454606294632]","[0.4565701484680176, 0.44320711493492126, 0.04454343020915985, 0.055679287761449814]",0.0
"{""run_name"": ""fedheart_exp_paper_hetagg_gdro"", ""seed"": 31337, ""run_dir"": ""runs/fedheart_cv/GroupDRO_s31337_f0"", ""use_fedheart"": true, ""num_classes"": 2, ""stratified_batching"": true, ""train_frac"": 0.8, ""group_max_train_samples"": [null, null, 20, 25], ""true_hetero_input_dim"": true, ""feature_mask"": [[0, 1, 2, 3, 5, 6, 7, 8, 9, 10], [0, 1, 2, 3, 5, 6, 11, 12], [0, 1, 2, 4, 5, 7, 11, 12], [0, 1, 2, 4, 5, 6, 8, 9, 10]], ""batch_size"": 64, ""num_workers"": 0, ""epochs"": 100, ""early_stopping_patience"": 30, ""lr"": 0.001, ""weight_decay"": 0.0001, ""optimizer"": ""adam"", ""grad_clip"": 1.0, ""lr_scheduler"": ""cosine"", ""lr_min"": 1e-05, ""latent_dim"": 64, ""head_hidden"": 32, ""groups"": [{""name"": ""cleveland"", ""encoder"": ""mlp_tabular_ln"", ""input_dim"": 10, ""hidden_dim"": 64, ""dropout"": 0.1}, {""name"": ""hungarian"", ""encoder"": ""mlp_tabular_ln"", ""input_dim"": 8, ""hidden_dim"": 64, ""dropout"": 0.1}, {""name"": ""switzerland"", ""encoder"": ""mlp_tabular_ln"", ""input_dim"": 8, ""hidden_dim"": 64, ""dropout"": 0.1}, {""name"": ""va_long_beach"", ""encoder"": ""mlp_tabular_ln"", ""input_dim"": 9, ""hidden_dim"": 64, ""dropout"": 0.1}], ""anchor_eps"": 0.0001, ""sep_samples_per_class"": 4, ""sep_method"": ""classifier"", ""sep_margin"": 1.0, ""lambda_fit"": 0.001, ""lambda_sep"": 0.001, ""groupdro_enabled"": true, ""groupdro_eta"": 0.64, ""groupdro_gamma"": 0.9, ""groupdro_update_mode"": ""exp"", ""groupdro_objective"": ""weighted"", ""groupdro_kl_lambda"": 0.0, ""groupdro_uniform_init"": false, ""log_interval"": 20, ""save_every"": 10, ""groupdro_ema_decay"": 0.9, ""groupdro_update_every"": 1, ""dro_signal"": ""val"", ""val_frac"": 0.15, ""impute_missing"": true, ""common_encoder"": false, ""use_regret"": false, ""data_split_seed"": 1000}","{""num_groups"": 4, ""num_classes"": 2, ""train_total"": 449, ""test_total"": 185, ""train_group_counts"": [205, 199, 20, 25], ""test_group_counts"": [61, 59, 25, 40], ""train_class_counts"": [248, 201], ""test_class_counts"": [83, 102], ""train_group_class_counts"": [[111, 94], [127, 72], [3, 17], [7, 18]], ""test_group_class_counts"": [[33, 28], [38, 21], [2, 23], [10, 30]], ""group_proportions"": [0.45657015590200445, 0.44320712694877507, 0.044543429844097995, 0.0556792873051225], ""val_group_counts"": [37, 36, 15, 24], ""val_total"": 112}","{""num_groups"": 4, ""eta"": 0.64, ""update_mode"": ""exp"", ""robust_objective"": ""weighted"", ""gamma"": 0.9, ""kl_lambda"": 0.0, ""initial_pi"": [0.4565701484680176, 0.44320711493492126, 0.04454343020915985, 0.055679287761449814]}",2026-09-15T19:28:07.707959,14,0.36538921191849133,0.8503401349731584,0.001,0.7513513513513513,0.7615636287857739,0.65,0.88,"[0.7704918032786885, 0.7457627118644068, 0.88, 0.65]","[0.5079108930773056, 0.6388477923632678, 0.3670643396675587, 0.9617620163829997]","[0.7710843373493976, 0.7352941176470589]","[[0.8787878787878788, 0.6428571428571429], [0.8947368421052632, 0.47619047619047616], [0.0, 0.9565217391304348], [0.1, 0.8333333333333334]]","[61, 59, 25, 40]",0.7504691531785128,"[0.7627777777777778, 0.6953528399311532, 0.4680851063829787, 0.453125]",0.453125,0.9617620163829997,0.8392857142857143,0.835472972972973,0.75,0.8918918918918919,"[0.8918918918918919, 0.8333333333333334, 0.8666666666666667, 0.75]","[0.33454613838143443, 0.44244273213876617, 0.4285310839613279, 0.4822818055205668]","[0.86, 0.8225806451612904]","[[0.9, 0.8823529411764706], [1.0, 0.5384615384615384], [0.0, 0.9285714285714286], [0.3333333333333333, 0.8888888888888888]]","[37, 36, 15, 24]",0.8384615384615386,"[0.8911764705882352, 0.7923076923076924, 0.4642857142857143, 0.6210526315789474]",0.4642857142857143,0.4822818055205668,"[0.3551485538482666, 0.5370150208473206, 0.020112182945013046, 0.08772426843643188]","[0.3684524915048054, 0.37249245388167246, 0.21642244964217147, 0.1074195879821976]","[0.36439597606658936, 0.5301443934440613, 0.020818835124373436, 0.08464088290929794]","[0.4565701484680176, 0.44320711493492126, 0.04454343020915985, 0.055679287761449814]",0.0
"{""run_name"": ""fedheart_exp_paper_hetagg_gdro"", ""seed"": 31337, ""run_dir"": ""runs/fedheart_cv/GroupDRO_s31337_f0"", ""use_fedheart"": true, ""num_classes"": 2, ""stratified_batching"": true, ""train_frac"": 0.8, ""group_max_train_samples"": [null, null, 20, 25], ""true_hetero_input_dim"": true, ""feature_mask"": [[0, 1, 2, 3, 5, 6, 7, 8, 9, 10], [0, 1, 2, 3, 5, 6, 11, 12], [0, 1, 2, 4, 5, 7, 11, 12], [0, 1, 2, 4, 5, 6, 8, 9, 10]], ""batch_size"": 64, ""num_workers"": 0, ""epochs"": 100, ""early_stopping_patience"": 30, ""lr"": 0.001, ""weight_decay"": 0.0001, ""optimizer"": ""adam"", ""grad_clip"": 1.0, ""lr_scheduler"": ""cosine"", ""lr_min"": 1e-05, ""latent_dim"": 64, ""head_hidden"": 32, ""groups"": [{""name"": ""cleveland"", ""encoder"": ""mlp_tabular_ln"", ""input_dim"": 10, ""hidden_dim"": 64, ""dropout"": 0.1}, {""name"": ""hungarian"", ""encoder"": ""mlp_tabular_ln"", ""input_dim"": 8, ""hidden_dim"": 64, ""dropout"": 0.1}, {""name"": ""switzerland"", ""encoder"": ""mlp_tabular_ln"", ""input_dim"": 8, ""hidden_dim"": 64, ""dropout"": 0.1}, {""name"": ""va_long_beach"", ""encoder"": ""mlp_tabular_ln"", ""input_dim"": 9, ""hidden_dim"": 64, ""dropout"": 0.1}], ""anchor_eps"": 0.0001, ""sep_samples_per_class"": 4, ""sep_method"": ""classifier"", ""sep_margin"": 1.0, ""lambda_fit"": 0.001, ""lambda_sep"": 0.001, ""groupdro_enabled"": true, ""groupdro_eta"": 0.64, ""groupdro_gamma"": 0.9, ""groupdro_update_mode"": ""exp"", ""groupdro_objective"": ""weighted"", ""groupdro_kl_lambda"": 0.0, ""groupdro_uniform_init"": false, ""log_interval"": 20, ""save_every"": 10, ""groupdro_ema_decay"": 0.9, ""groupdro_update_every"": 1, ""dro_signal"": ""val"", ""val_frac"": 0.15, ""impute_missing"": true, ""common_encoder"": false, ""use_regret"": false, ""data_split_seed"": 1000}","{""num_groups"": 4, ""num_classes"": 2, ""train_total"": 449, ""test_total"": 185, ""train_group_counts"": [205, 199, 20, 25], ""test_group_counts"": [61, 59, 25, 40], ""train_class_counts"": [248, 201], ""test_class_counts"": [83, 102], ""train_group_class_counts"": [[111, 94], [127, 72], [3, 17], [7, 18]], ""test_group_class_counts"": [[33, 28], [38, 21], [2, 23], [10, 30]], ""group_proportions"": [0.45657015590200445, 0.44320712694877507, 0.044543429844097995, 0.0556792873051225], ""val_group_counts"": [37, 36, 15, 24], ""val_total"": 112}","{""num_groups"": 4, ""eta"": 0.64, ""update_mode"": ""exp"", ""robust_objective"": ""weighted"", ""gamma"": 0.9, ""kl_lambda"": 0.0, ""initial_pi"": [0.4565701484680176, 0.44320711493492126, 0.04454343020915985, 0.055679287761449814]}",2026-09-15T19:28:07.707959,15,0.3704759198792127,0.8548752861498705,0.001,0.7405405405405405,0.7490636287857738,0.6,0.88,"[0.7704918032786885, 0.7457627118644068, 0.88, 0.6]","[0.5176358185174157, 0.6379775549206188, 0.3636520089954138, 1.0255283492151648]","[0.7710843373493976, 0.7156862745098039]","[[0.8787878787878788, 0.6428571428571429], [0.8947368421052632, 0.47619047619047616], [0.0, 0.9565217391304348], [0.1, 0.7666666666666667]]","[61, 59, 25, 40]",0.7399250234301782,"[0.7627777777777778, 0.6953528399311532, 0.4680851063829787, 0.42652329749103945]",0.42652329749103945,1.0255283492151648,0.8482142857142857,0.8422297297297298,0.75,0.918918918918919,"[0.918918918918919, 0.8333333333333334, 0.8666666666666667, 0.75]","[0.33050383900518754, 0.4508664844971564, 0.4254168952504794, 0.4865256253397092]","[0.9, 0.8064516129032258]","[[0.95, 0.8823529411764706], [1.0, 0.5384615384615384], [0.0, 0.9285714285714286], [0.5, 0.8333333333333334]]","[37, 36, 15, 24]",0.8479111750139787,"[0.917960088691796, 0.7923076923076924, 0.4642857142857143, 0.6666666666666667]",0.4642857142857143,0.4865256253397092,"[0.3450864851474762, 0.5444148778915405, 0.019505849108099937, 0.09099280089139938]","[0.3445723397391183, 0.4003124620233263, 0.22398233972489834, 0.13006625697016716]","[0.3551485538482666, 0.5370150208473206, 0.020112182945013046, 0.08772426843643188]","[0.4565701484680176, 0.44320711493492126, 0.04454343020915985, 0.055679287761449814]",0.0
"{""run_name"": ""fedheart_exp_paper_hetagg_gdro"", ""seed"": 31337, ""run_dir"": ""runs/fedheart_cv/GroupDRO_s31337_f0"", ""use_fedheart"": true, ""num_classes"": 2, ""stratified_batching"": true, ""train_frac"": 0.8, ""group_max_train_samples"": [null, null, 20, 25], ""true_hetero_input_dim"": true, ""feature_mask"": [[0, 1, 2, 3, 5, 6, 7, 8, 9, 10], [0, 1, 2, 3, 5, 6, 11, 12], [0, 1, 2, 4, 5, 7, 11, 12], [0, 1, 2, 4, 5, 6, 8, 9, 10]], ""batch_size"": 64, ""num_workers"": 0, ""epochs"": 100, ""early_stopping_patience"": 30, ""lr"": 0.001, ""weight_decay"": 0.0001, ""optimizer"": ""adam"", ""grad_clip"": 1.0, ""lr_scheduler"": ""cosine"", ""lr_min"": 1e-05, ""latent_dim"": 64, ""head_hidden"": 32, ""groups"": [{""name"": ""cleveland"", ""encoder"": ""mlp_tabular_ln"", ""input_dim"": 10, ""hidden_dim"": 64, ""dropout"": 0.1}, {""name"": ""hungarian"", ""encoder"": ""mlp_tabular_ln"", ""input_dim"": 8, ""hidden_dim"": 64, ""dropout"": 0.1}, {""name"": ""switzerland"", ""encoder"": ""mlp_tabular_ln"", ""input_dim"": 8, ""hidden_dim"": 64, ""dropout"": 0.1}, {""name"": ""va_long_beach"", ""encoder"": ""mlp_tabular_ln"", ""input_dim"": 9, ""hidden_dim"": 64, ""dropout"": 0.1}], ""anchor_eps"": 0.0001, ""sep_samples_per_class"": 4, ""sep_method"": ""classifier"", ""sep_margin"": 1.0, ""lambda_fit"": 0.001, ""lambda_sep"": 0.001, ""groupdro_enabled"": true, ""groupdro_eta"": 0.64, ""groupdro_gamma"": 0.9, ""groupdro_update_mode"": ""exp"", ""groupdro_objective"": ""weighted"", ""groupdro_kl_lambda"": 0.0, ""groupdro_uniform_init"": false, ""log_interval"": 20, ""save_every"": 10, ""groupdro_ema_decay"": 0.9, ""groupdro_update_every"": 1, ""dro_signal"": ""val"", ""val_frac"": 0.15, ""impute_missing"": true, ""common_encoder"": false, ""use_regret"": false, ""data_split_seed"": 1000}","{""num_groups"": 4, ""num_classes"": 2, ""train_total"": 449, ""test_total"": 185, ""train_group_counts"": [205, 199, 20, 25], ""test_group_counts"": [61, 59, 25, 40], ""train_class_counts"": [248, 201], ""test_class_counts"": [83, 102], ""train_group_class_counts"": [[111, 94], [127, 72], [3, 17], [7, 18]], ""test_group_class_counts"": [[33, 28], [38, 21], [2, 23], [10, 30]], ""group_proportions"": [0.45657015590200445, 0.44320712694877507, 0.044543429844097995, 0.0556792873051225], ""val_group_counts"": [37, 36, 15, 24], ""val_total"": 112}","{""num_groups"": 4, ""eta"": 0.64, ""update_mode"": ""exp"", ""robust_objective"": ""weighted"", ""gamma"": 0.9, ""kl_lambda"": 0.0, ""initial_pi"": [0.4565701484680176, 0.44320711493492126, 0.04454343020915985, 0.055679287761449814]}",2026-09-15T19:28:07.707959,16,0.36416750017747856,0.854875283311554,0.001,0.7513513513513513,0.7573992775771048,0.6,0.88,"[0.7868852459016393, 0.7627118644067796, 0.88, 0.6]","[0.5125316404279505, 0.637566871988445, 0.36933940190821885, 1.0979088268359192]","[0.7831325301204819, 0.7254901960784313]","[[0.9090909090909091, 0.6428571428571429], [0.8947368421052632, 0.5238095238095238], [0.0, 0.9565217391304348], [0.1, 0.7666666666666667]]","[61, 59, 25, 40]",0.750761480787254,"[0.7783058428850993, 0.7201897018970189, 0.4680851063829787, 0.42652329749103945]",0.42652329749103945,1.0979088268359192,0.8571428571428571,0.8526463963963964,0.7916666666666666,0.918918918918919,"[0.918918918918919, 0.8333333333333334, 0.8666666666666667, 0.7916666666666666]","[0.33487766989934686, 0.4366955833716525, 0.4354324022928874, 0.5036717710706095]","[0.9, 0.8225806451612904]","[[0.95, 0.8823529411764706], [1.0, 0.5384615384615384], [0.0, 0.9285714285714286], [0.5, 0.8888888888888888]]","[37, 36, 15, 24]",0.8567316917173009,"[0.917960088691796, 0.7923076923076924, 0.4642857142857143, 0.7051597051597052]",0.4642857142857143,0.5036717710706095,"[0.33453568816185, 0.5518964529037476, 0.018999548628926277, 0.09456831216812134]","[0.34856827344213215, 0.3935046451432364, 0.20854592571655908, 0.08742667672534783]","[0.3450864851474762, 0.5444148778915405, 0.019505849108099937, 0.09099280089139938]","[0.4565701484680176, 0.44320711493492126, 0.04454343020915985, 0.055679287761449814]",0.0
"{""run_name"": ""fedheart_exp_paper_hetagg_gdro"", ""seed"": 31337, ""run_dir"": ""runs/fedheart_cv/GroupDRO_s31337_f0"", ""use_fedheart"": true, ""num_classes"": 2, ""stratified_batching"": true, ""train_frac"": 0.8, ""group_max_train_samples"": [null, null, 20, 25], ""true_hetero_input_dim"": true, ""feature_mask"": [[0, 1, 2, 3, 5, 6, 7, 8, 9, 10], [0, 1, 2, 3, 5, 6, 11, 12], [0, 1, 2, 4, 5, 7, 11, 12], [0, 1, 2, 4, 5, 6, 8, 9, 10]], ""batch_size"": 64, ""num_workers"": 0, ""epochs"": 100, ""early_stopping_patience"": 30, ""lr"": 0.001, ""weight_decay"": 0.0001, ""optimizer"": ""adam"", ""grad_clip"": 1.0, ""lr_scheduler"": ""cosine"", ""lr_min"": 1e-05, ""latent_dim"": 64, ""head_hidden"": 32, ""groups"": [{""name"": ""cleveland"", ""encoder"": ""mlp_tabular_ln"", ""input_dim"": 10, ""hidden_dim"": 64, ""dropout"": 0.1}, {""name"": ""hungarian"", ""encoder"": ""mlp_tabular_ln"", ""input_dim"": 8, ""hidden_dim"": 64, ""dropout"": 0.1}, {""name"": ""switzerland"", ""encoder"": ""mlp_tabular_ln"", ""input_dim"": 8, ""hidden_dim"": 64, ""dropout"": 0.1}, {""name"": ""va_long_beach"", ""encoder"": ""mlp_tabular_ln"", ""input_dim"": 9, ""hidden_dim"": 64, ""dropout"": 0.1}], ""anchor_eps"": 0.0001, ""sep_samples_per_class"": 4, ""sep_method"": ""classifier"", ""sep_margin"": 1.0, ""lambda_fit"": 0.001, ""lambda_sep"": 0.001, ""groupdro_enabled"": true, ""groupdro_eta"": 0.64, ""groupdro_gamma"": 0.9, ""groupdro_update_mode"": ""exp"", ""groupdro_objective"": ""weighted"", ""groupdro_kl_lambda"": 0.0, ""groupdro_uniform_init"": false, ""log_interval"": 20, ""save_every"": 10, ""groupdro_ema_decay"": 0.9, ""groupdro_update_every"": 1, ""dro_signal"": ""val"", ""val_frac"": 0.15, ""impute_missing"": true, ""common_encoder"": false, ""use_regret"": false, ""data_split_seed"": 1000}","{""num_groups"": 4, ""num_classes"": 2, ""train_total"": 449, ""test_total"": 185, ""train_group_counts"": [205, 199, 20, 25], ""test_group_counts"": [61, 59, 25, 40], ""train_class_counts"": [248, 201], ""test_class_counts"": [83, 102], ""train_group_class_counts"": [[111, 94], [127, 72], [3, 17], [7, 18]], ""test_group_class_counts"": [[33, 28], [38, 21], [2, 23], [10, 30]], ""group_proportions"": [0.45657015590200445, 0.44320712694877507, 0.044543429844097995, 0.0556792873051225], ""val_group_counts"": [37, 36, 15, 24], ""val_total"": 112}","{""num_groups"": 4, ""eta"": 0.64, ""update_mode"": ""exp"", ""robust_objective"": ""weighted"", ""gamma"": 0.9, ""kl_lambda"": 0.0, ""initial_pi"": [0.4565701484680176, 0.44320711493492126, 0.04454343020915985, 0.055679287761449814]}",2026-09-15T19:28:07.707959,17,0.3612160415741321,0.8503401330809475,0.001,0.7567567567567568,0.7673992775771048,0.6,0.92,"[0.7868852459016393, 0.7627118644067796, 0.92, 0.6]","[0.5108260932515879, 0.6452782632372642, 0.37122097358107564, 1.1686365394038147]","[0.7831325301204819, 0.7352941176470589]","[[0.9090909090909091, 0.6428571428571429], [0.8947368421052632, 0.5238095238095238], [0.0, 1.0], [0.1, 0.7666666666666667]]","[61, 59, 25, 40]",0.756043956043956,"[0.7783058428850993, 0.7201897018970189, 0.4791666666666667, 0.42652329749103945]",0.42652329749103945,1.1686365394038147,0.8392857142857143,0.835472972972973,0.75,0.8918918918918919,"[0.8918918918918919, 0.8333333333333334, 0.8666666666666667, 0.75]","[0.33389359189046397, 0.4501712531265285, 0.4352233161528905, 0.5287083376946006]","[0.88, 0.8064516129032258]","[[0.9, 0.8823529411764706], [1.0, 0.5384615384615384], [0.0, 0.9285714285714286], [0.5, 0.8333333333333334]]","[37, 36, 15, 24]",0.8388231531819634,"[0.8911764705882352, 0.7923076923076924, 0.4642857142857143, 0.6666666666666667]",0.4642857142857143,0.5287083376946006,"[0.32337015867233276, 0.5595241189002991, 0.0185641348361969, 0.09854160249233246]","[0.3336531626326697, 0.39429932832717896, 0.2004673695191741, 0.10014118688801925]","[0.33453568816185, 0.5518964529037476, 0.018999548628926277, 0.09456831216812134]","[0.4565701484680176, 0.44320711493492126, 0.04454343020915985, 0.055679287761449814]",0.0
"{""run_name"": ""fedheart_exp_paper_hetagg_gdro"", ""seed"": 31337, ""run_dir"": ""runs/fedheart_cv/GroupDRO_s31337_f0"", ""use_fedheart"": true, ""num_classes"": 2, ""stratified_batching"": true, ""train_frac"": 0.8, ""group_max_train_samples"": [null, null, 20, 25], ""true_hetero_input_dim"": true, ""feature_mask"": [[0, 1, 2, 3, 5, 6, 7, 8, 9, 10], [0, 1, 2, 3, 5, 6, 11, 12], [0, 1, 2, 4, 5, 7, 11, 12], [0, 1, 2, 4, 5, 6, 8, 9, 10]], ""batch_size"": 64, ""num_workers"": 0, ""epochs"": 100, ""early_stopping_patience"": 30, ""lr"": 0.001, ""weight_decay"": 0.0001, ""optimizer"": ""adam"", ""grad_clip"": 1.0, ""lr_scheduler"": ""cosine"", ""lr_min"": 1e-05, ""latent_dim"": 64, ""head_hidden"": 32, ""groups"": [{""name"": ""cleveland"", ""encoder"": ""mlp_tabular_ln"", ""input_dim"": 10, ""hidden_dim"": 64, ""dropout"": 0.1}, {""name"": ""hungarian"", ""encoder"": ""mlp_tabular_ln"", ""input_dim"": 8, ""hidden_dim"": 64, ""dropout"": 0.1}, {""name"": ""switzerland"", ""encoder"": ""mlp_tabular_ln"", ""input_dim"": 8, ""hidden_dim"": 64, ""dropout"": 0.1}, {""name"": ""va_long_beach"", ""encoder"": ""mlp_tabular_ln"", ""input_dim"": 9, ""hidden_dim"": 64, ""dropout"": 0.1}], ""anchor_eps"": 0.0001, ""sep_samples_per_class"": 4, ""sep_method"": ""classifier"", ""sep_margin"": 1.0, ""lambda_fit"": 0.001, ""lambda_sep"": 0.001, ""groupdro_enabled"": true, ""groupdro_eta"": 0.64, ""groupdro_gamma"": 0.9, ""groupdro_update_mode"": ""exp"", ""groupdro_objective"": ""weighted"", ""groupdro_kl_lambda"": 0.0, ""groupdro_uniform_init"": false, ""log_interval"": 20, ""save_every"": 10, ""groupdro_ema_decay"": 0.9, ""groupdro_update_every"": 1, ""dro_signal"": ""val"", ""val_frac"": 0.15, ""impute_missing"": true, ""common_encoder"": false, ""use_regret"": false, ""data_split_seed"": 1000}","{""num_groups"": 4, ""num_classes"": 2, ""train_total"": 449, ""test_total"": 185, ""train_group_counts"": [205, 199, 20, 25], ""test_group_counts"": [61, 59, 25, 40], ""train_class_counts"": [248, 201], ""test_class_counts"": [83, 102], ""train_group_class_counts"": [[111, 94], [127, 72], [3, 17], [7, 18]], ""test_group_class_counts"": [[33, 28], [38, 21], [2, 23], [10, 30]], ""group_proportions"": [0.45657015590200445, 0.44320712694877507, 0.044543429844097995, 0.0556792873051225], ""val_group_counts"": [37, 36, 15, 24], ""val_total"": 112}","{""num_groups"": 4, ""eta"": 0.64, ""update_mode"": ""exp"", ""robust_objective"": ""weighted"", ""gamma"": 0.9, ""kl_lambda"": 0.0, ""initial_pi"": [0.4565701484680176, 0.44320711493492126, 0.04454343020915985, 0.055679287761449814]}",2026-09-15T19:28:07.707959,18,0.3343196175401173,0.861678005346095,0.001,0.7513513513513513,0.7654525562656294,0.625,0.92,"[0.7540983606557377, 0.7627118644067796, 0.92, 0.625]","[0.524688676743936, 0.6780048160797963, 0.3842990003153682, 1.2702447888528696]","[0.7590361445783133, 0.7450980392156863]","[[0.8484848484848485, 0.6428571428571429], [0.8947368421052632, 0.5238095238095238], [0.0, 1.0], [0.1, 0.8]]","[61, 59, 25, 40]",0.7501174536058257,"[0.7473073736536868, 0.7201897018970189, 0.4791666666666667, 0.4397759103641457]",0.4397759103641457,1.2702447888528696,0.8392857142857143,0.8391328828828829,0.7916666666666666,0.8666666666666667,"[0.8648648648648649, 0.8333333333333334, 0.8666666666666667, 0.7916666666666666]","[0.3323223625523718, 0.4651286647034188, 0.4521084262058139, 0.582364812415714]","[0.86, 0.8225806451612904]","[[0.85, 0.8823529411764706], [1.0, 0.5384615384615384], [0.0, 0.9285714285714286], [0.5, 0.8888888888888888]]","[37, 36, 15, 24]",0.8384615384615386,"[0.8644688644688645, 0.7923076923076924, 0.4642857142857143, 0.7051597051597052]",0.4642857142857143,0.582364812415714,"[0.31140273809432983, 0.5672388076782227, 0.018190020695328712, 0.10316843539476395]","[0.322395105447088, 0.3579634428024292, 0.2025830689817667, 0.09277950910230477]","[0.32337015867233276, 0.5595241189002991, 0.0185641348361969, 0.09854160249233246]","[0.4565701484680176, 0.44320711493492126, 0.04454343020915985, 0.055679287761449814]",0.0
"{""run_name"": ""fedheart_exp_paper_hetagg_gdro"", ""seed"": 31337, ""run_dir"": ""runs/fedheart_cv/GroupDRO_s31337_f0"", ""use_fedheart"": true, ""num_classes"": 2, ""stratified_batching"": true, ""train_frac"": 0.8, ""group_max_train_samples"": [null, null, 20, 25], ""true_hetero_input_dim"": true, ""feature_mask"": [[0, 1, 2, 3, 5, 6, 7, 8, 9, 10], [0, 1, 2, 3, 5, 6, 11, 12], [0, 1, 2, 4, 5, 7, 11, 12], [0, 1, 2, 4, 5, 6, 8, 9, 10]], ""batch_size"": 64, ""num_workers"": 0, ""epochs"": 100, ""early_stopping_patience"": 30, ""lr"": 0.001, ""weight_decay"": 0.0001, ""optimizer"": ""adam"", ""grad_clip"": 1.0, ""lr_scheduler"": ""cosine"", ""lr_min"": 1e-05, ""latent_dim"": 64, ""head_hidden"": 32, ""groups"": [{""name"": ""cleveland"", ""encoder"": ""mlp_tabular_ln"", ""input_dim"": 10, ""hidden_dim"": 64, ""dropout"": 0.1}, {""name"": ""hungarian"", ""encoder"": ""mlp_tabular_ln"", ""input_dim"": 8, ""hidden_dim"": 64, ""dropout"": 0.1}, {""name"": ""switzerland"", ""encoder"": ""mlp_tabular_ln"", ""input_dim"": 8, ""hidden_dim"": 64, ""dropout"": 0.1}, {""name"": ""va_long_beach"", ""encoder"": ""mlp_tabular_ln"", ""input_dim"": 9, ""hidden_dim"": 64, ""dropout"": 0.1}], ""anchor_eps"": 0.0001, ""sep_samples_per_class"": 4, ""sep_method"": ""classifier"", ""sep_margin"": 1.0, ""lambda_fit"": 0.001, ""lambda_sep"": 0.001, ""groupdro_enabled"": true, ""groupdro_eta"": 0.64, ""groupdro_gamma"": 0.9, ""groupdro_update_mode"": ""exp"", ""groupdro_objective"": ""weighted"", ""groupdro_kl_lambda"": 0.0, ""groupdro_uniform_init"": false, ""log_interval"": 20, ""save_every"": 10, ""groupdro_ema_decay"": 0.9, ""groupdro_update_every"": 1, ""dro_signal"": ""val"", ""val_frac"": 0.15, ""impute_missing"": true, ""common_encoder"": false, ""use_regret"": false, ""data_split_seed"": 1000}","{""num_groups"": 4, ""num_classes"": 2, ""train_total"": 449, ""test_total"": 185, ""train_group_counts"": [205, 199, 20, 25], ""test_group_counts"": [61, 59, 25, 40], ""train_class_counts"": [248, 201], ""test_class_counts"": [83, 102], ""train_group_class_counts"": [[111, 94], [127, 72], [3, 17], [7, 18]], ""test_group_class_counts"": [[33, 28], [38, 21], [2, 23], [10, 30]], ""group_proportions"": [0.45657015590200445, 0.44320712694877507, 0.044543429844097995, 0.0556792873051225], ""val_group_counts"": [37, 36, 15, 24], ""val_total"": 112}","{""num_groups"": 4, ""eta"": 0.64, ""update_mode"": ""exp"", ""robust_objective"": ""weighted"", ""gamma"": 0.9, ""kl_lambda"": 0.0, ""initial_pi"": [0.4565701484680176, 0.44320711493492126, 0.04454343020915985, 0.055679287761449814]}",2026-09-15T19:28:07.707959,19,0.32614937282743905,0.8662131557118595,0.001,0.7567567567567568,0.7717025562656293,0.65,0.92,"[0.7540983606557377, 0.7627118644067796, 0.92, 0.65]","[0.5453995420925747, 0.6918234743604089, 0.3956427688151598, 1.3794215294270544]","[0.7590361445783133, 0.7549019607843137]","[[0.8484848484848485, 0.6428571428571429], [0.8947368421052632, 0.5238095238095238], [0.0, 1.0], [0.1, 0.8333333333333334]]","[61, 59, 25, 40]",0.7553557259984132,"[0.7473073736536868, 0.7201897018970189, 0.4791666666666667, 0.453125]",0.453125,1.3794215294270544,0.8392857142857143,0.835472972972973,0.75,0.8918918918918919,"[0.8918918918918919, 0.8333333333333334, 0.8666666666666667, 0.75]","[0.32696944466993416, 0.4463783012599581, 0.46295580348620813, 0.6549588421791365]","[0.86, 0.8225806451612904]","[[0.9, 0.8823529411764706], [1.0, 0.5384615384615384], [0.0, 0.9285714285714286], [0.3333333333333333, 0.8888888888888888]]","[37, 36, 15, 24]",0.8384615384615386,"[0.8911764705882352, 0.7923076923076924, 0.4642857142857143, 0.6210526315789474]",0.4642857142857143,0.6549588421791365,"[0.29876914620399475, 0.5743681788444519, 0.017881691455841064, 0.10898101329803467]","[0.34339071597371784, 0.33557463756629397, 0.17182612690764168, 0.0870364058452348]","[0.31140273809432983, 0.5672388076782227, 0.018190020695328712, 0.10316843539476395]","[0.4565701484680176, 0.44320711493492126, 0.04454343020915985, 0.055679287761449814]",0.0
"{""run_name"": ""fedheart_exp_paper_hetagg_gdro"", ""seed"": 31337, ""run_dir"": ""runs/fedheart_cv/GroupDRO_s31337_f0"", ""use_fedheart"": true, ""num_classes"": 2, ""stratified_batching"": true, ""train_frac"": 0.8, ""group_max_train_samples"": [null, null, 20, 25], ""true_hetero_input_dim"": true, ""feature_mask"": [[0, 1, 2, 3, 5, 6, 7, 8, 9, 10], [0, 1, 2, 3, 5, 6, 11, 12], [0, 1, 2, 4, 5, 7, 11, 12], [0, 1, 2, 4, 5, 6, 8, 9, 10]], ""batch_size"": 64, ""num_workers"": 0, ""epochs"": 100, ""early_stopping_patience"": 30, ""lr"": 0.001, ""weight_decay"": 0.0001, ""optimizer"": ""adam"", ""grad_clip"": 1.0, ""lr_scheduler"": ""cosine"", ""lr_min"": 1e-05, ""latent_dim"": 64, ""head_hidden"": 32, ""groups"": [{""name"": ""cleveland"", ""encoder"": ""mlp_tabular_ln"", ""input_dim"": 10, ""hidden_dim"": 64, ""dropout"": 0.1}, {""name"": ""hungarian"", ""encoder"": ""mlp_tabular_ln"", ""input_dim"": 8, ""hidden_dim"": 64, ""dropout"": 0.1}, {""name"": ""switzerland"", ""encoder"": ""mlp_tabular_ln"", ""input_dim"": 8, ""hidden_dim"": 64, ""dropout"": 0.1}, {""name"": ""va_long_beach"", ""encoder"": ""mlp_tabular_ln"", ""input_dim"": 9, ""hidden_dim"": 64, ""dropout"": 0.1}], ""anchor_eps"": 0.0001, ""sep_samples_per_class"": 4, ""sep_method"": ""classifier"", ""sep_margin"": 1.0, ""lambda_fit"": 0.001, ""lambda_sep"": 0.001, ""groupdro_enabled"": true, ""groupdro_eta"": 0.64, ""groupdro_gamma"": 0.9, ""groupdro_update_mode"": ""exp"", ""groupdro_objective"": ""weighted"", ""groupdro_kl_lambda"": 0.0, ""groupdro_uniform_init"": false, ""log_interval"": 20, ""save_every"": 10, ""groupdro_ema_decay"": 0.9, ""groupdro_update_every"": 1, ""dro_signal"": ""val"", ""val_frac"": 0.15, ""impute_missing"": true, ""common_encoder"": false, ""use_regret"": false, ""data_split_seed"": 1000}","{""num_groups"": 4, ""num_classes"": 2, ""train_total"": 449, ""test_total"": 185, ""train_group_counts"": [205, 199, 20, 25], ""test_group_counts"": [61, 59, 25, 40], ""train_class_counts"": [248, 201], ""test_class_counts"": [83, 102], ""train_group_class_counts"": [[111, 94], [127, 72], [3, 17], [7, 18]], ""test_group_class_counts"": [[33, 28], [38, 21], [2, 23], [10, 30]], ""group_proportions"": [0.45657015590200445, 0.44320712694877507, 0.044543429844097995, 0.0556792873051225], ""val_group_counts"": [37, 36, 15, 24], ""val_total"": 112}","{""num_groups"": 4, ""eta"": 0.64, ""update_mode"": ""exp"", ""robust_objective"": ""weighted"", ""gamma"": 0.9, ""kl_lambda"": 0.0, ""initial_pi"": [0.4565701484680176, 0.44320711493492126, 0.04454343020915985, 0.055679287761449814]}",2026-09-15T19:28:07.707959,20,0.33641980956741474,0.8571428579538047,0.001,0.772972972972973,0.7823992775771047,0.7,0.88,"[0.7868852459016393, 0.7627118644067796, 0.88, 0.7]","[0.5687517612737405, 0.7234935867047664, 0.40843903489410877, 1.4290809229874868]","[0.7951807228915663, 0.7549019607843137]","[[0.9393939393939394, 0.6071428571428571], [0.8947368421052632, 0.5238095238095238], [0.0, 0.9565217391304348], [0.1, 0.9]]","[61, 59, 25, 40]",0.7721674876847291,"[0.7750354609929078, 0.7201897018970189, 0.4680851063829787, 0.48051948051948057]",0.4680851063829787,1.4290809229874868,0.8392857142857143,0.8318130630630631,0.7083333333333334,0.918918918918919,"[0.918918918918919, 0.8333333333333334, 0.8666666666666667, 0.7083333333333334]","[0.3288260877472223, 0.4804031698084954, 0.47543082541475695, 0.7051578940130033]","[0.86, 0.8225806451612904]","[[0.95, 0.8823529411764706], [1.0, 0.5384615384615384], [0.0, 0.9285714285714286], [0.16666666666666666, 0.8888888888888888]]","[37, 36, 15, 24]",0.8384615384615386,"[0.917960088691796, 0.7923076923076924, 0.4642857142857143, 0.5213675213675213]",0.4642857142857143,0.7051578940130033,"[0.28515195846557617, 0.5810507535934448, 0.017608806490898132, 0.11618849635124207]","[0.3456734312432153, 0.35887147060462404, 0.1579118693868319, 0.07419463534218569]","[0.29876914620399475, 0.5743681788444519, 0.017881691455841064, 0.10898101329803467]","[0.4565701484680176, 0.44320711493492126, 0.04454343020915985, 0.055679287761449814]",0.0
"{""run_name"": ""fedheart_exp_paper_hetagg_gdro"", ""seed"": 31337, ""run_dir"": ""runs/fedheart_cv/GroupDRO_s31337_f0"", ""use_fedheart"": true, ""num_classes"": 2, ""stratified_batching"": true, ""train_frac"": 0.8, ""group_max_train_samples"": [null, null, 20, 25], ""true_hetero_input_dim"": true, ""feature_mask"": [[0, 1, 2, 3, 5, 6, 7, 8, 9, 10], [0, 1, 2, 3, 5, 6, 11, 12], [0, 1, 2, 4, 5, 7, 11, 12], [0, 1, 2, 4, 5, 6, 8, 9, 10]], ""batch_size"": 64, ""num_workers"": 0, ""epochs"": 100, ""early_stopping_patience"": 30, ""lr"": 0.001, ""weight_decay"": 0.0001, ""optimizer"": ""adam"", ""grad_clip"": 1.0, ""lr_scheduler"": ""cosine"", ""lr_min"": 1e-05, ""latent_dim"": 64, ""head_hidden"": 32, ""groups"": [{""name"": ""cleveland"", ""encoder"": ""mlp_tabular_ln"", ""input_dim"": 10, ""hidden_dim"": 64, ""dropout"": 0.1}, {""name"": ""hungarian"", ""encoder"": ""mlp_tabular_ln"", ""input_dim"": 8, ""hidden_dim"": 64, ""dropout"": 0.1}, {""name"": ""switzerland"", ""encoder"": ""mlp_tabular_ln"", ""input_dim"": 8, ""hidden_dim"": 64, ""dropout"": 0.1}, {""name"": ""va_long_beach"", ""encoder"": ""mlp_tabular_ln"", ""input_dim"": 9, ""hidden_dim"": 64, ""dropout"": 0.1}], ""anchor_eps"": 0.0001, ""sep_samples_per_class"": 4, ""sep_method"": ""classifier"", ""sep_margin"": 1.0, ""lambda_fit"": 0.001, ""lambda_sep"": 0.001, ""groupdro_enabled"": true, ""groupdro_eta"": 0.64, ""groupdro_gamma"": 0.9, ""groupdro_update_mode"": ""exp"", ""groupdro_objective"": ""weighted"", ""groupdro_kl_lambda"": 0.0, ""groupdro_uniform_init"": false, ""log_interval"": 20, ""save_every"": 10, ""groupdro_ema_decay"": 0.9, ""groupdro_update_every"": 1, ""dro_signal"": ""val"", ""val_frac"": 0.15, ""impute_missing"": true, ""common_encoder"": false, ""use_regret"": false, ""data_split_seed"": 1000}","{""num_groups"": 4, ""num_classes"": 2, ""train_total"": 449, ""test_total"": 185, ""train_group_counts"": [205, 199, 20, 25], ""test_group_counts"": [61, 59, 25, 40], ""train_class_counts"": [248, 201], ""test_class_counts"": [83, 102], ""train_group_class_counts"": [[111, 94], [127, 72], [3, 17], [7, 18]], ""test_group_class_counts"": [[33, 28], [38, 21], [2, 23], [10, 30]], ""group_proportions"": [0.45657015590200445, 0.44320712694877507, 0.044543429844097995, 0.0556792873051225], ""val_group_counts"": [37, 36, 15, 24], ""val_total"": 112}","{""num_groups"": 4, ""eta"": 0.64, ""update_mode"": ""exp"", ""robust_objective"": ""weighted"", ""gamma"": 0.9, ""kl_lambda"": 0.0, ""initial_pi"": [0.4565701484680176, 0.44320711493492126, 0.04454343020915985, 0.055679287761449814]}",2026-09-15T19:28:07.707959,21,0.32430534284401374,0.8480725622231187,0.001,0.7567567567567568,0.7642025562656293,0.7,0.84,"[0.7540983606557377, 0.7627118644067796, 0.84, 0.7]","[0.5598508503410171, 0.7117768486772301, 0.42763365982100365, 1.459751425270224]","[0.7590361445783133, 0.7549019607843137]","[[0.8484848484848485, 0.6428571428571429], [0.8947368421052632, 0.5238095238095238], [0.0, 0.9130434782608695], [0.1, 0.9]]","[61, 59, 25, 40]",0.7553557259984132,"[0.7473073736536868, 0.7201897018970189, 0.45652173913043476, 0.48051948051948057]",0.45652173913043476,1.459751425270224,0.8392857142857143,0.8318130630630631,0.7083333333333334,0.918918918918919,"[0.918918918918919, 0.8333333333333334, 0.8666666666666667, 0.7083333333333334]","[0.32643747324048467, 0.48654892174009645, 0.4962672298153242, 0.7168174587010677]","[0.86, 0.8225806451612904]","[[0.95, 0.8823529411764706], [1.0, 0.5384615384615384], [0.0, 0.9285714285714286], [0.16666666666666666, 0.8888888888888888]]","[37, 36, 15, 24]",0.8384615384615386,"[0.917960088691796, 0.7923076923076924, 0.4642857142857143, 0.5213675213675213]",0.4642857142857143,0.7168174587010677,"[0.2706245183944702, 0.5870970487594604, 0.017376556992530823, 0.12490187585353851]","[0.3189390940325601, 0.3500759814466749, 0.17728964953372875, 0.0888576686847955]","[0.28515195846557617, 0.5810507535934448, 0.017608806490898132, 0.11618849635124207]","[0.4565701484680176, 0.44320711493492126, 0.04454343020915985, 0.055679287761449814]",0.0
"{""run_name"": ""fedheart_exp_paper_hetagg_gdro"", ""seed"": 31337, ""run_dir"": ""runs/fedheart_cv/GroupDRO_s31337_f0"", ""use_fedheart"": true, ""num_classes"": 2, ""stratified_batching"": true, ""train_frac"": 0.8, ""group_max_train_samples"": [null, null, 20, 25], ""true_hetero_input_dim"": true, ""feature_mask"": [[0, 1, 2, 3, 5, 6, 7, 8, 9, 10], [0, 1, 2, 3, 5, 6, 11, 12], [0, 1, 2, 4, 5, 7, 11, 12], [0, 1, 2, 4, 5, 6, 8, 9, 10]], ""batch_size"": 64, ""num_workers"": 0, ""epochs"": 100, ""early_stopping_patience"": 30, ""lr"": 0.001, ""weight_decay"": 0.0001, ""optimizer"": ""adam"", ""grad_clip"": 1.0, ""lr_scheduler"": ""cosine"", ""lr_min"": 1e-05, ""latent_dim"": 64, ""head_hidden"": 32, ""groups"": [{""name"": ""cleveland"", ""encoder"": ""mlp_tabular_ln"", ""input_dim"": 10, ""hidden_dim"": 64, ""dropout"": 0.1}, {""name"": ""hungarian"", ""encoder"": ""mlp_tabular_ln"", ""input_dim"": 8, ""hidden_dim"": 64, ""dropout"": 0.1}, {""name"": ""switzerland"", ""encoder"": ""mlp_tabular_ln"", ""input_dim"": 8, ""hidden_dim"": 64, ""dropout"": 0.1}, {""name"": ""va_long_beach"", ""encoder"": ""mlp_tabular_ln"", ""input_dim"": 9, ""hidden_dim"": 64, ""dropout"": 0.1}], ""anchor_eps"": 0.0001, ""sep_samples_per_class"": 4, ""sep_method"": ""classifier"", ""sep_margin"": 1.0, ""lambda_fit"": 0.001, ""lambda_sep"": 0.001, ""groupdro_enabled"": true, ""groupdro_eta"": 0.64, ""groupdro_gamma"": 0.9, ""groupdro_update_mode"": ""exp"", ""groupdro_objective"": ""weighted"", ""groupdro_kl_lambda"": 0.0, ""groupdro_uniform_init"": false, ""log_interval"": 20, ""save_every"": 10, ""groupdro_ema_decay"": 0.9, ""groupdro_update_every"": 1, ""dro_signal"": ""val"", ""val_frac"": 0.15, ""impute_missing"": true, ""common_encoder"": false, ""use_regret"": false, ""data_split_seed"": 1000}","{""num_groups"": 4, ""num_classes"": 2, ""train_total"": 449, ""test_total"": 185, ""train_group_counts"": [205, 199, 20, 25], ""test_group_counts"": [61, 59, 25, 40], ""train_class_counts"": [248, 201], ""test_class_counts"": [83, 102], ""train_group_class_counts"": [[111, 94], [127, 72], [3, 17], [7, 18]], ""test_group_class_counts"": [[33, 28], [38, 21], [2, 23], [10, 30]], ""group_proportions"": [0.45657015590200445, 0.44320712694877507, 0.044543429844097995, 0.0556792873051225], ""val_group_counts"": [37, 36, 15, 24], ""val_total"": 112}","{""num_groups"": 4, ""eta"": 0.64, ""update_mode"": ""exp"", ""robust_objective"": ""weighted"", ""gamma"": 0.9, ""kl_lambda"": 0.0, ""initial_pi"": [0.4565701484680176, 0.44320711493492126, 0.04454343020915985, 0.055679287761449814]}",2026-09-15T19:28:07.707959,22,0.3132837987811117,0.8639455780961346,0.001,0.7567567567567568,0.7642025562656293,0.7,0.84,"[0.7540983606557377, 0.7627118644067796, 0.84, 0.7]","[0.543434725852958, 0.7134604270854112, 0.4562392686866224, 1.4994705552453524]","[0.7590361445783133, 0.7549019607843137]","[[0.8484848484848485, 0.6428571428571429], [0.8947368421052632, 0.5238095238095238], [0.0, 0.9130434782608695], [0.1, 0.9]]","[61, 59, 25, 40]",0.7553557259984132,"[0.7473073736536868, 0.7201897018970189, 0.45652173913043476, 0.48051948051948057]",0.45652173913043476,1.4994705552453524,0.8214285714285714,0.8217717717717719,0.75,0.8666666666666667,"[0.8648648648648649, 0.8055555555555556, 0.8666666666666667, 0.75]","[0.33105893429633027, 0.4744391823704872, 0.5298871060522894, 0.7411714811411608]","[0.82, 0.8225806451612904]","[[0.85, 0.8823529411764706], [0.9565217391304348, 0.5384615384615384], [0.0, 0.9285714285714286], [0.3333333333333333, 0.8888888888888888]]","[37, 36, 15, 24]",0.8199935711989714,"[0.8644688644688645, 0.7647058823529411, 0.4642857142857143, 0.6210526315789474]",0.4642857142857143,0.7411714811411608,"[0.25550714135169983, 0.5918554067611694, 0.01720976084470749, 0.13542769849300385]","[0.3246320677655084, 0.34430227109364103, 0.17266881450389823, 0.03061321152684589]","[0.2706245183944702, 0.5870970487594604, 0.017376556992530823, 0.12490187585353851]","[0.4565701484680176, 0.44320711493492126, 0.04454343020915985, 0.055679287761449814]",0.0
"{""run_name"": ""fedheart_exp_paper_hetagg_gdro"", ""seed"": 31337, ""run_dir"": ""runs/fedheart_cv/GroupDRO_s31337_f0"", ""use_fedheart"": true, ""num_classes"": 2, ""stratified_batching"": true, ""train_frac"": 0.8, ""group_max_train_samples"": [null, null, 20, 25], ""true_hetero_input_dim"": true, ""feature_mask"": [[0, 1, 2, 3, 5, 6, 7, 8, 9, 10], [0, 1, 2, 3, 5, 6, 11, 12], [0, 1, 2, 4, 5, 7, 11, 12], [0, 1, 2, 4, 5, 6, 8, 9, 10]], ""batch_size"": 64, ""num_workers"": 0, ""epochs"": 100, ""early_stopping_patience"": 30, ""lr"": 0.001, ""weight_decay"": 0.0001, ""optimizer"": ""adam"", ""grad_clip"": 1.0, ""lr_scheduler"": ""cosine"", ""lr_min"": 1e-05, ""latent_dim"": 64, ""head_hidden"": 32, ""groups"": [{""name"": ""cleveland"", ""encoder"": ""mlp_tabular_ln"", ""input_dim"": 10, ""hidden_dim"": 64, ""dropout"": 0.1}, {""name"": ""hungarian"", ""encoder"": ""mlp_tabular_ln"", ""input_dim"": 8, ""hidden_dim"": 64, ""dropout"": 0.1}, {""name"": ""switzerland"", ""encoder"": ""mlp_tabular_ln"", ""input_dim"": 8, ""hidden_dim"": 64, ""dropout"": 0.1}, {""name"": ""va_long_beach"", ""encoder"": ""mlp_tabular_ln"", ""input_dim"": 9, ""hidden_dim"": 64, ""dropout"": 0.1}], ""anchor_eps"": 0.0001, ""sep_samples_per_class"": 4, ""sep_method"": ""classifier"", ""sep_margin"": 1.0, ""lambda_fit"": 0.001, ""lambda_sep"": 0.001, ""groupdro_enabled"": true, ""groupdro_eta"": 0.64, ""groupdro_gamma"": 0.9, ""groupdro_update_mode"": ""exp"", ""groupdro_objective"": ""weighted"", ""groupdro_kl_lambda"": 0.0, ""groupdro_uniform_init"": false, ""log_interval"": 20, ""save_every"": 10, ""groupdro_ema_decay"": 0.9, ""groupdro_update_every"": 1, ""dro_signal"": ""val"", ""val_frac"": 0.15, ""impute_missing"": true, ""common_encoder"": false, ""use_regret"": false, ""data_split_seed"": 1000}","{""num_groups"": 4, ""num_classes"": 2, ""train_total"": 449, ""test_total"": 185, ""train_group_counts"": [205, 199, 20, 25], ""test_group_counts"": [61, 59, 25, 40], ""train_class_counts"": [248, 201], ""test_class_counts"": [83, 102], ""train_group_class_counts"": [[111, 94], [127, 72], [3, 17], [7, 18]], ""test_group_class_counts"": [[33, 28], [38, 21], [2, 23], [10, 30]], ""group_proportions"": [0.45657015590200445, 0.44320712694877507, 0.044543429844097995, 0.0556792873051225], ""val_group_counts"": [37, 36, 15, 24], ""val_total"": 112}","{""num_groups"": 4, ""eta"": 0.64, ""update_mode"": ""exp"", ""robust_objective"": ""weighted"", ""gamma"": 0.9, ""kl_lambda"": 0.0, ""initial_pi"": [0.4565701484680176, 0.44320711493492126, 0.04454343020915985, 0.055679287761449814]}",2026-09-15T19:28:07.707959,23,0.3155029221456878,0.8707482982384644,0.001,0.7567567567567568,0.7642025562656293,0.7,0.84,"[0.7540983606557377, 0.7627118644067796, 0.84, 0.7]","[0.5510541616650833, 0.7266878489152355, 0.47312445286661386, 1.5211355248320615]","[0.7590361445783133, 0.7549019607843137]","[[0.8484848484848485, 0.6428571428571429], [0.8947368421052632, 0.5238095238095238], [0.0, 0.9130434782608695], [0.1, 0.9]]","[61, 59, 25, 40]",0.7553557259984132,"[0.7473073736536868, 0.7201897018970189, 0.45652173913043476, 0.48051948051948057]",0.45652173913043476,1.5211355248320615,0.8303571428571429,0.8287162162162163,0.75,0.8666666666666667,"[0.8648648648648649, 0.8333333333333334, 0.8666666666666667, 0.75]","[0.3284501990687253, 0.513221952262231, 0.5496426644114156, 0.7494337445774969]","[0.84, 0.8225806451612904]","[[0.85, 0.8823529411764706], [1.0, 0.5384615384615384], [0.0, 0.9285714285714286], [0.3333333333333333, 0.8888888888888888]]","[37, 36, 15, 24]",0.8292545935970472,"[0.8644688644688645, 0.7923076923076924, 0.4642857142857143, 0.6210526315789474]",0.4642857142857143,0.7494337445774969,"[0.23955219984054565, 0.5956226587295532, 0.017085101455450058, 0.14774000644683838]","[0.31922391057014465, 0.35469390877655577, 0.08303879527375102, 0.050265970484664045]","[0.25550714135169983, 0.5918554067611694, 0.01720976084470749, 0.13542769849300385]","[0.4565701484680176, 0.44320711493492126, 0.04454343020915985, 0.055679287761449814]",0.0
"{""run_name"": ""fedheart_exp_paper_hetagg_gdro"", ""seed"": 31337, ""run_dir"": ""runs/fedheart_cv/GroupDRO_s31337_f0"", ""use_fedheart"": true, ""num_classes"": 2, ""stratified_batching"": true, ""train_frac"": 0.8, ""group_max_train_samples"": [null, null, 20, 25], ""true_hetero_input_dim"": true, ""feature_mask"": [[0, 1, 2, 3, 5, 6, 7, 8, 9, 10], [0, 1, 2, 3, 5, 6, 11, 12], [0, 1, 2, 4, 5, 7, 11, 12], [0, 1, 2, 4, 5, 6, 8, 9, 10]], ""batch_size"": 64, ""num_workers"": 0, ""epochs"": 100, ""early_stopping_patience"": 30, ""lr"": 0.001, ""weight_decay"": 0.0001, ""optimizer"": ""adam"", ""grad_clip"": 1.0, ""lr_scheduler"": ""cosine"", ""lr_min"": 1e-05, ""latent_dim"": 64, ""head_hidden"": 32, ""groups"": [{""name"": ""cleveland"", ""encoder"": ""mlp_tabular_ln"", ""input_dim"": 10, ""hidden_dim"": 64, ""dropout"": 0.1}, {""name"": ""hungarian"", ""encoder"": ""mlp_tabular_ln"", ""input_dim"": 8, ""hidden_dim"": 64, ""dropout"": 0.1}, {""name"": ""switzerland"", ""encoder"": ""mlp_tabular_ln"", ""input_dim"": 8, ""hidden_dim"": 64, ""dropout"": 0.1}, {""name"": ""va_long_beach"", ""encoder"": ""mlp_tabular_ln"", ""input_dim"": 9, ""hidden_dim"": 64, ""dropout"": 0.1}], ""anchor_eps"": 0.0001, ""sep_samples_per_class"": 4, ""sep_method"": ""classifier"", ""sep_margin"": 1.0, ""lambda_fit"": 0.001, ""lambda_sep"": 0.001, ""groupdro_enabled"": true, ""groupdro_eta"": 0.64, ""groupdro_gamma"": 0.9, ""groupdro_update_mode"": ""exp"", ""groupdro_objective"": ""weighted"", ""groupdro_kl_lambda"": 0.0, ""groupdro_uniform_init"": false, ""log_interval"": 20, ""save_every"": 10, ""groupdro_ema_decay"": 0.9, ""groupdro_update_every"": 1, ""dro_signal"": ""val"", ""val_frac"": 0.15, ""impute_missing"": true, ""common_encoder"": false, ""use_regret"": false, ""data_split_seed"": 1000}","{""num_groups"": 4, ""num_classes"": 2, ""train_total"": 449, ""test_total"": 185, ""train_group_counts"": [205, 199, 20, 25], ""test_group_counts"": [61, 59, 25, 40], ""train_class_counts"": [248, 201], ""test_class_counts"": [83, 102], ""train_group_class_counts"": [[111, 94], [127, 72], [3, 17], [7, 18]], ""test_group_class_counts"": [[33, 28], [38, 21], [2, 23], [10, 30]], ""group_proportions"": [0.45657015590200445, 0.44320712694877507, 0.044543429844097995, 0.0556792873051225], ""val_group_counts"": [37, 36, 15, 24], ""val_total"": 112}","{""num_groups"": 4, ""eta"": 0.64, ""update_mode"": ""exp"", ""robust_objective"": ""weighted"", ""gamma"": 0.9, ""kl_lambda"": 0.0, ""initial_pi"": [0.4565701484680176, 0.44320711493492126, 0.04454343020915985, 0.055679287761449814]}",2026-09-15T19:28:07.707959,24,0.28974705170882264,0.8639455771500291,0.001,0.7567567567567568,0.7642025562656293,0.7,0.84,"[0.7540983606557377, 0.7627118644067796, 0.84, 0.7]","[0.573125196259171, 0.7062315471407216, 0.4837024963833392, 1.5536879043633234]","[0.7590361445783133, 0.7549019607843137]","[[0.8484848484848485, 0.6428571428571429], [0.8947368421052632, 0.5238095238095238], [0.0, 0.9130434782608695], [0.1, 0.9]]","[61, 59, 25, 40]",0.7553557259984132,"[0.7473073736536868, 0.7201897018970189, 0.45652173913043476, 0.48051948051948057]",0.45652173913043476,1.5536879043633234,0.8214285714285714,0.8217717717717719,0.75,0.8666666666666667,"[0.8648648648648649, 0.8055555555555556, 0.8666666666666667, 0.75]","[0.320125433850744, 0.5130454424975647, 0.5621747097621361, 0.7756393000042104]","[0.82, 0.8225806451612904]","[[0.85, 0.8823529411764706], [0.9565217391304348, 0.5384615384615384], [0.0, 0.9285714285714286], [0.3333333333333333, 0.8888888888888888]]","[37, 36, 15, 24]",0.8199935711989714,"[0.8644688644688645, 0.7647058823529411, 0.4642857142857143, 0.6210526315789474]",0.4642857142857143,0.7756393000042104,"[0.2228677123785019, 0.5979474186897278, 0.01699625700712204, 0.1621885448694229]","[0.3110973834991455, 0.31748853623867035, 0.12037096420923869, 0.05888864277706792]","[0.23955219984054565, 0.5956226587295532, 0.017085101455450058, 0.14774000644683838]","[0.4565701484680176, 0.44320711493492126, 0.04454343020915985, 0.055679287761449814]",0.0
"{""run_name"": ""fedheart_exp_paper_hetagg_gdro"", ""seed"": 31337, ""run_dir"": ""runs/fedheart_cv/GroupDRO_s31337_f0"", ""use_fedheart"": true, ""num_classes"": 2, ""stratified_batching"": true, ""train_frac"": 0.8, ""group_max_train_samples"": [null, null, 20, 25], ""true_hetero_input_dim"": true, ""feature_mask"": [[0, 1, 2, 3, 5, 6, 7, 8, 9, 10], [0, 1, 2, 3, 5, 6, 11, 12], [0, 1, 2, 4, 5, 7, 11, 12], [0, 1, 2, 4, 5, 6, 8, 9, 10]], ""batch_size"": 64, ""num_workers"": 0, ""epochs"": 100, ""early_stopping_patience"": 30, ""lr"": 0.001, ""weight_decay"": 0.0001, ""optimizer"": ""adam"", ""grad_clip"": 1.0, ""lr_scheduler"": ""cosine"", ""lr_min"": 1e-05, ""latent_dim"": 64, ""head_hidden"": 32, ""groups"": [{""name"": ""cleveland"", ""encoder"": ""mlp_tabular_ln"", ""input_dim"": 10, ""hidden_dim"": 64, ""dropout"": 0.1}, {""name"": ""hungarian"", ""encoder"": ""mlp_tabular_ln"", ""input_dim"": 8, ""hidden_dim"": 64, ""dropout"": 0.1}, {""name"": ""switzerland"", ""encoder"": ""mlp_tabular_ln"", ""input_dim"": 8, ""hidden_dim"": 64, ""dropout"": 0.1}, {""name"": ""va_long_beach"", ""encoder"": ""mlp_tabular_ln"", ""input_dim"": 9, ""hidden_dim"": 64, ""dropout"": 0.1}], ""anchor_eps"": 0.0001, ""sep_samples_per_class"": 4, ""sep_method"": ""classifier"", ""sep_margin"": 1.0, ""lambda_fit"": 0.001, ""lambda_sep"": 0.001, ""groupdro_enabled"": true, ""groupdro_eta"": 0.64, ""groupdro_gamma"": 0.9, ""groupdro_update_mode"": ""exp"", ""groupdro_objective"": ""weighted"", ""groupdro_kl_lambda"": 0.0, ""groupdro_uniform_init"": false, ""log_interval"": 20, ""save_every"": 10, ""groupdro_ema_decay"": 0.9, ""groupdro_update_every"": 1, ""dro_signal"": ""val"", ""val_frac"": 0.15, ""impute_missing"": true, ""common_encoder"": false, ""use_regret"": false, ""data_split_seed"": 1000}","{""num_groups"": 4, ""num_classes"": 2, ""train_total"": 449, ""test_total"": 185, ""train_group_counts"": [205, 199, 20, 25], ""test_group_counts"": [61, 59, 25, 40], ""train_class_counts"": [248, 201], ""test_class_counts"": [83, 102], ""train_group_class_counts"": [[111, 94], [127, 72], [3, 17], [7, 18]], ""test_group_class_counts"": [[33, 28], [38, 21], [2, 23], [10, 30]], ""group_proportions"": [0.45657015590200445, 0.44320712694877507, 0.044543429844097995, 0.0556792873051225], ""val_group_counts"": [37, 36, 15, 24], ""val_total"": 112}","{""num_groups"": 4, ""eta"": 0.64, ""update_mode"": ""exp"", ""robust_objective"": ""weighted"", ""gamma"": 0.9, ""kl_lambda"": 0.0, ""initial_pi"": [0.4565701484680176, 0.44320711493492126, 0.04454343020915985, 0.055679287761449814]}",2026-09-15T19:28:07.707959,25,0.26460650718671663,0.8888888896998365,0.001,0.7513513513513513,0.7579525562656293,0.675,0.84,"[0.7540983606557377, 0.7627118644067796, 0.84, 0.675]","[0.6063081038854329, 0.7308319508555835, 0.5005862392112612, 1.5569629949764932]","[0.7951807228915663, 0.7156862745098039]","[[0.9090909090909091, 0.5714285714285714], [0.8947368421052632, 0.5238095238095238], [0.0, 0.9130434782608695], [0.2, 0.8333333333333334]]","[61, 59, 25, 40]",0.7509948501872661,"[0.7404255319148936, 0.7201897018970189, 0.45652173913043476, 0.5144724556489263]",0.45652173913043476,1.5569629949764932,0.8392857142857143,0.8352852852852853,0.75,0.918918918918919,"[0.918918918918919, 0.8055555555555556, 0.8666666666666667, 0.75]","[0.31572809843409405, 0.5442630704751031, 0.5808641947805882, 0.7474096556191702]","[0.86, 0.8225806451612904]","[[0.95, 0.8823529411764706], [0.9565217391304348, 0.5384615384615384], [0.0, 0.9285714285714286], [0.3333333333333333, 0.8888888888888888]]","[37, 36, 15, 24]",0.8384615384615386,"[0.917960088691796, 0.7647058823529411, 0.4642857142857143, 0.6210526315789474]",0.4642857142857143,0.7474096556191702,"[0.2055019736289978, 0.5991343855857849, 0.016930565237998962, 0.17843298614025116]","[0.2702106365135738, 0.2944242911679404, 0.0697353845462203, 0.08646050118841231]","[0.2228677123785019, 0.5979474186897278, 0.01699625700712204, 0.1621885448694229]","[0.4565701484680176, 0.44320711493492126, 0.04454343020915985, 0.055679287761449814]",0.0
"{""run_name"": ""fedheart_exp_paper_hetagg_gdro"", ""seed"": 31337, ""run_dir"": ""runs/fedheart_cv/GroupDRO_s31337_f0"", ""use_fedheart"": true, ""num_classes"": 2, ""stratified_batching"": true, ""train_frac"": 0.8, ""group_max_train_samples"": [null, null, 20, 25], ""true_hetero_input_dim"": true, ""feature_mask"": [[0, 1, 2, 3, 5, 6, 7, 8, 9, 10], [0, 1, 2, 3, 5, 6, 11, 12], [0, 1, 2, 4, 5, 7, 11, 12], [0, 1, 2, 4, 5, 6, 8, 9, 10]], ""batch_size"": 64, ""num_workers"": 0, ""epochs"": 100, ""early_stopping_patience"": 30, ""lr"": 0.001, ""weight_decay"": 0.0001, ""optimizer"": ""adam"", ""grad_clip"": 1.0, ""lr_scheduler"": ""cosine"", ""lr_min"": 1e-05, ""latent_dim"": 64, ""head_hidden"": 32, ""groups"": [{""name"": ""cleveland"", ""encoder"": ""mlp_tabular_ln"", ""input_dim"": 10, ""hidden_dim"": 64, ""dropout"": 0.1}, {""name"": ""hungarian"", ""encoder"": ""mlp_tabular_ln"", ""input_dim"": 8, ""hidden_dim"": 64, ""dropout"": 0.1}, {""name"": ""switzerland"", ""encoder"": ""mlp_tabular_ln"", ""input_dim"": 8, ""hidden_dim"": 64, ""dropout"": 0.1}, {""name"": ""va_long_beach"", ""encoder"": ""mlp_tabular_ln"", ""input_dim"": 9, ""hidden_dim"": 64, ""dropout"": 0.1}], ""anchor_eps"": 0.0001, ""sep_samples_per_class"": 4, ""sep_method"": ""classifier"", ""sep_margin"": 1.0, ""lambda_fit"": 0.001, ""lambda_sep"": 0.001, ""groupdro_enabled"": true, ""groupdro_eta"": 0.64, ""groupdro_gamma"": 0.9, ""groupdro_update_mode"": ""exp"", ""groupdro_objective"": ""weighted"", ""groupdro_kl_lambda"": 0.0, ""groupdro_uniform_init"": false, ""log_interval"": 20, ""save_every"": 10, ""groupdro_ema_decay"": 0.9, ""groupdro_update_every"": 1, ""dro_signal"": ""val"", ""val_frac"": 0.15, ""impute_missing"": true, ""common_encoder"": false, ""use_regret"": false, ""data_split_seed"": 1000}","{""num_groups"": 4, ""num_classes"": 2, ""train_total"": 449, ""test_total"": 185, ""train_group_counts"": [205, 199, 20, 25], ""test_group_counts"": [61, 59, 25, 40], ""train_class_counts"": [248, 201], ""test_class_counts"": [83, 102], ""train_group_class_counts"": [[111, 94], [127, 72], [3, 17], [7, 18]], ""test_group_class_counts"": [[33, 28], [38, 21], [2, 23], [10, 30]], ""group_proportions"": [0.45657015590200445, 0.44320712694877507, 0.044543429844097995, 0.0556792873051225], ""val_group_counts"": [37, 36, 15, 24], ""val_total"": 112}","{""num_groups"": 4, ""eta"": 0.64, ""update_mode"": ""exp"", ""robust_objective"": ""weighted"", ""gamma"": 0.9, ""kl_lambda"": 0.0, ""initial_pi"": [0.4565701484680176, 0.44320711493492126, 0.04454343020915985, 0.055679287761449814]}",2026-09-15T19:28:07.707959,26,0.29418656189425463,0.8594104335421607,0.001,0.7513513513513513,0.7580914837454849,0.675,0.84,"[0.7377049180327869, 0.7796610169491526, 0.84, 0.675]","[0.6217841304477006, 0.7617483103639936, 0.5109248190093786, 1.5732883498145385]","[0.7710843373493976, 0.7352941176470589]","[[0.8787878787878788, 0.5714285714285714], [0.8947368421052632, 0.5714285714285714], [0.0, 0.9130434782608695], [0.1, 0.8666666666666667]]","[61, 59, 25, 40]",0.7504691531785128,"[0.7252252252252253, 0.7440774107440773, 0.45652173913043476, 0.4666666666666667]",0.45652173913043476,1.5732883498145385,0.8392857142857143,0.8352852852852853,0.75,0.918918918918919,"[0.918918918918919, 0.8055555555555556, 0.8666666666666667, 0.75]","[0.3161145773562099, 0.5719900134847395, 0.5878383406903595, 0.7536318160988836]","[0.86, 0.8225806451612904]","[[0.95, 0.8823529411764706], [0.9565217391304348, 0.5384615384615384], [0.0, 0.9285714285714286], [0.3333333333333333, 0.8888888888888888]]","[37, 36, 15, 24]",0.8384615384615386,"[0.917960088691796, 0.7647058823529411, 0.4642857142857143, 0.6210526315789474]",0.4642857142857143,0.7536318160988836,"[0.187604159116745, 0.5991642475128174, 0.016859503462910652, 0.19637209177017212]","[0.3177351249115808, 0.3328803394521986, 0.0948349772952497, 0.08044491655891761]","[0.2055019736289978, 0.5991343855857849, 0.016930565237998962, 0.17843298614025116]","[0.4565701484680176, 0.44320711493492126, 0.04454343020915985, 0.055679287761449814]",0.0
"{""run_name"": ""fedheart_exp_paper_hetagg_gdro"", ""seed"": 31337, ""run_dir"": ""runs/fedheart_cv/GroupDRO_s31337_f0"", ""use_fedheart"": true, ""num_classes"": 2, ""stratified_batching"": true, ""train_frac"": 0.8, ""group_max_train_samples"": [null, null, 20, 25], ""true_hetero_input_dim"": true, ""feature_mask"": [[0, 1, 2, 3, 5, 6, 7, 8, 9, 10], [0, 1, 2, 3, 5, 6, 11, 12], [0, 1, 2, 4, 5, 7, 11, 12], [0, 1, 2, 4, 5, 6, 8, 9, 10]], ""batch_size"": 64, ""num_workers"": 0, ""epochs"": 100, ""early_stopping_patience"": 30, ""lr"": 0.001, ""weight_decay"": 0.0001, ""optimizer"": ""adam"", ""grad_clip"": 1.0, ""lr_scheduler"": ""cosine"", ""lr_min"": 1e-05, ""latent_dim"": 64, ""head_hidden"": 32, ""groups"": [{""name"": ""cleveland"", ""encoder"": ""mlp_tabular_ln"", ""input_dim"": 10, ""hidden_dim"": 64, ""dropout"": 0.1}, {""name"": ""hungarian"", ""encoder"": ""mlp_tabular_ln"", ""input_dim"": 8, ""hidden_dim"": 64, ""dropout"": 0.1}, {""name"": ""switzerland"", ""encoder"": ""mlp_tabular_ln"", ""input_dim"": 8, ""hidden_dim"": 64, ""dropout"": 0.1}, {""name"": ""va_long_beach"", ""encoder"": ""mlp_tabular_ln"", ""input_dim"": 9, ""hidden_dim"": 64, ""dropout"": 0.1}], ""anchor_eps"": 0.0001, ""sep_samples_per_class"": 4, ""sep_method"": ""classifier"", ""sep_margin"": 1.0, ""lambda_fit"": 0.001, ""lambda_sep"": 0.001, ""groupdro_enabled"": true, ""groupdro_eta"": 0.64, ""groupdro_gamma"": 0.9, ""groupdro_update_mode"": ""exp"", ""groupdro_objective"": ""weighted"", ""groupdro_kl_lambda"": 0.0, ""groupdro_uniform_init"": false, ""log_interval"": 20, ""save_every"": 10, ""groupdro_ema_decay"": 0.9, ""groupdro_update_every"": 1, ""dro_signal"": ""val"", ""val_frac"": 0.15, ""impute_missing"": true, ""common_encoder"": false, ""use_regret"": false, ""data_split_seed"": 1000}","{""num_groups"": 4, ""num_classes"": 2, ""train_total"": 449, ""test_total"": 185, ""train_group_counts"": [205, 199, 20, 25], ""test_group_counts"": [61, 59, 25, 40], ""train_class_counts"": [248, 201], ""test_class_counts"": [83, 102], ""train_group_class_counts"": [[111, 94], [127, 72], [3, 17], [7, 18]], ""test_group_class_counts"": [[33, 28], [38, 21], [2, 23], [10, 30]], ""group_proportions"": [0.45657015590200445, 0.44320712694877507, 0.044543429844097995, 0.0556792873051225], ""val_group_counts"": [37, 36, 15, 24], ""val_total"": 112}","{""num_groups"": 4, ""eta"": 0.64, ""update_mode"": ""exp"", ""robust_objective"": ""weighted"", ""gamma"": 0.9, ""kl_lambda"": 0.0, ""initial_pi"": [0.4565701484680176, 0.44320711493492126, 0.04454343020915985, 0.055679287761449814]}",2026-09-15T19:28:07.707959,27,0.28212421987197295,0.8730158768002949,0.001,0.7405405405405405,0.7496169074742984,0.675,0.84,"[0.7377049180327869, 0.7457627118644068, 0.84, 0.675]","[0.6172327440252077, 0.7445914108775777, 0.5258460520673544, 1.5994670916581526]","[0.7349397590361446, 0.7450980392156863]","[[0.8484848484848485, 0.6071428571428571], [0.8421052631578947, 0.5714285714285714], [0.0, 0.9130434782608695], [0.1, 0.8666666666666667]]","[61, 59, 25, 40]",0.7388235294117648,"[0.7288888888888889, 0.7127555988315482, 0.45652173913043476, 0.4666666666666667]",0.45652173913043476,1.5994670916581526,0.8125,0.8146396396396396,0.75,0.8918918918918919,"[0.8918918918918919, 0.75, 0.8666666666666667, 0.75]","[0.31612944453671527, 0.5622852314780984, 0.5955124179056536, 0.7500396977290317]","[0.8, 0.8225806451612904]","[[0.9, 0.8823529411764706], [0.8695652173913043, 0.5384615384615384], [0.0, 0.9285714285714286], [0.3333333333333333, 0.8888888888888888]]","[37, 36, 15, 24]",0.8106737503018595,"[0.8911764705882352, 0.712511091393079, 0.4642857142857143, 0.6210526315789474]",0.4642857142857143,0.7500396977290317,"[0.16965699195861816, 0.5975204706192017, 0.016784628853201866, 0.21603789925575256]","[0.28500171857220785, 0.3265225759574345, 0.10234507126733661, 0.08477828737037878]","[0.187604159116745, 0.5991642475128174, 0.016859503462910652, 0.19637209177017212]","[0.4565701484680176, 0.44320711493492126, 0.04454343020915985, 0.055679287761449814]",0.0
"{""run_name"": ""fedheart_exp_paper_hetagg_gdro"", ""seed"": 31337, ""run_dir"": ""runs/fedheart_cv/GroupDRO_s31337_f0"", ""use_fedheart"": true, ""num_classes"": 2, ""stratified_batching"": true, ""train_frac"": 0.8, ""group_max_train_samples"": [null, null, 20, 25], ""true_hetero_input_dim"": true, ""feature_mask"": [[0, 1, 2, 3, 5, 6, 7, 8, 9, 10], [0, 1, 2, 3, 5, 6, 11, 12], [0, 1, 2, 4, 5, 7, 11, 12], [0, 1, 2, 4, 5, 6, 8, 9, 10]], ""batch_size"": 64, ""num_workers"": 0, ""epochs"": 100, ""early_stopping_patience"": 30, ""lr"": 0.001, ""weight_decay"": 0.0001, ""optimizer"": ""adam"", ""grad_clip"": 1.0, ""lr_scheduler"": ""cosine"", ""lr_min"": 1e-05, ""latent_dim"": 64, ""head_hidden"": 32, ""groups"": [{""name"": ""cleveland"", ""encoder"": ""mlp_tabular_ln"", ""input_dim"": 10, ""hidden_dim"": 64, ""dropout"": 0.1}, {""name"": ""hungarian"", ""encoder"": ""mlp_tabular_ln"", ""input_dim"": 8, ""hidden_dim"": 64, ""dropout"": 0.1}, {""name"": ""switzerland"", ""encoder"": ""mlp_tabular_ln"", ""input_dim"": 8, ""hidden_dim"": 64, ""dropout"": 0.1}, {""name"": ""va_long_beach"", ""encoder"": ""mlp_tabular_ln"", ""input_dim"": 9, ""hidden_dim"": 64, ""dropout"": 0.1}], ""anchor_eps"": 0.0001, ""sep_samples_per_class"": 4, ""sep_method"": ""classifier"", ""sep_margin"": 1.0, ""lambda_fit"": 0.001, ""lambda_sep"": 0.001, ""groupdro_enabled"": true, ""groupdro_eta"": 0.64, ""groupdro_gamma"": 0.9, ""groupdro_update_mode"": ""exp"", ""groupdro_objective"": ""weighted"", ""groupdro_kl_lambda"": 0.0, ""groupdro_uniform_init"": false, ""log_interval"": 20, ""save_every"": 10, ""groupdro_ema_decay"": 0.9, ""groupdro_update_every"": 1, ""dro_signal"": ""val"", ""val_frac"": 0.15, ""impute_missing"": true, ""common_encoder"": false, ""use_regret"": false, ""data_split_seed"": 1000}","{""num_groups"": 4, ""num_classes"": 2, ""train_total"": 449, ""test_total"": 185, ""train_group_counts"": [205, 199, 20, 25], ""test_group_counts"": [61, 59, 25, 40], ""train_class_counts"": [248, 201], ""test_class_counts"": [83, 102], ""train_group_class_counts"": [[111, 94], [127, 72], [3, 17], [7, 18]], ""test_group_class_counts"": [[33, 28], [38, 21], [2, 23], [10, 30]], ""group_proportions"": [0.45657015590200445, 0.44320712694877507, 0.044543429844097995, 0.0556792873051225], ""val_group_counts"": [37, 36, 15, 24], ""val_total"": 112}","{""num_groups"": 4, ""eta"": 0.64, ""update_mode"": ""exp"", ""robust_objective"": ""weighted"", ""gamma"": 0.9, ""kl_lambda"": 0.0, ""initial_pi"": [0.4565701484680176, 0.44320711493492126, 0.04454343020915985, 0.055679287761449814]}",2026-09-15T19:28:07.707959,28,0.25272978271216223,0.861678005346095,0.001,0.7513513513513513,0.7580914837454849,0.675,0.84,"[0.7377049180327869, 0.7796610169491526, 0.84, 0.675]","[0.6345393371569817, 0.7839809594304948, 0.5475249385926872, 1.6553290154304705]","[0.7710843373493976, 0.7352941176470589]","[[0.8787878787878788, 0.5714285714285714], [0.8947368421052632, 0.5714285714285714], [0.0, 0.9130434782608695], [0.1, 0.8666666666666667]]","[61, 59, 25, 40]",0.7504691531785128,"[0.7252252252252253, 0.7440774107440773, 0.45652173913043476, 0.4666666666666667]",0.45652173913043476,1.6553290154304705,0.8303571428571429,0.8248686186186187,0.7083333333333334,0.918918918918919,"[0.918918918918919, 0.8055555555555556, 0.8666666666666667, 0.7083333333333334]","[0.3173931854449817, 0.5748703157425754, 0.6125368242772917, 0.7687615682965164]","[0.84, 0.8225806451612904]","[[0.95, 0.8823529411764706], [0.9565217391304348, 0.5384615384615384], [0.0, 0.9285714285714286], [0.16666666666666666, 0.8888888888888888]]","[37, 36, 15, 24]",0.8292545935970472,"[0.917960088691796, 0.7647058823529411, 0.4642857142857143, 0.5213675213675213]",0.4642857142857143,0.7687615682965164,"[0.15189728140830994, 0.593905508518219, 0.016697725281119347, 0.23749947547912598]","[0.3062190456049783, 0.30347177173410145, 0.07877494192992647, 0.017592190764844418]","[0.16965699195861816, 0.5975204706192017, 0.016784628853201866, 0.21603789925575256]","[0.4565701484680176, 0.44320711493492126, 0.04454343020915985, 0.055679287761449814]",0.0
"{""run_name"": ""fedheart_exp_paper_hetagg_gdro"", ""seed"": 31337, ""run_dir"": ""runs/fedheart_cv/GroupDRO_s31337_f0"", ""use_fedheart"": true, ""num_classes"": 2, ""stratified_batching"": true, ""train_frac"": 0.8, ""group_max_train_samples"": [null, null, 20, 25], ""true_hetero_input_dim"": true, ""feature_mask"": [[0, 1, 2, 3, 5, 6, 7, 8, 9, 10], [0, 1, 2, 3, 5, 6, 11, 12], [0, 1, 2, 4, 5, 7, 11, 12], [0, 1, 2, 4, 5, 6, 8, 9, 10]], ""batch_size"": 64, ""num_workers"": 0, ""epochs"": 100, ""early_stopping_patience"": 30, ""lr"": 0.001, ""weight_decay"": 0.0001, ""optimizer"": ""adam"", ""grad_clip"": 1.0, ""lr_scheduler"": ""cosine"", ""lr_min"": 1e-05, ""latent_dim"": 64, ""head_hidden"": 32, ""groups"": [{""name"": ""cleveland"", ""encoder"": ""mlp_tabular_ln"", ""input_dim"": 10, ""hidden_dim"": 64, ""dropout"": 0.1}, {""name"": ""hungarian"", ""encoder"": ""mlp_tabular_ln"", ""input_dim"": 8, ""hidden_dim"": 64, ""dropout"": 0.1}, {""name"": ""switzerland"", ""encoder"": ""mlp_tabular_ln"", ""input_dim"": 8, ""hidden_dim"": 64, ""dropout"": 0.1}, {""name"": ""va_long_beach"", ""encoder"": ""mlp_tabular_ln"", ""input_dim"": 9, ""hidden_dim"": 64, ""dropout"": 0.1}], ""anchor_eps"": 0.0001, ""sep_samples_per_class"": 4, ""sep_method"": ""classifier"", ""sep_margin"": 1.0, ""lambda_fit"": 0.001, ""lambda_sep"": 0.001, ""groupdro_enabled"": true, ""groupdro_eta"": 0.64, ""groupdro_gamma"": 0.9, ""groupdro_update_mode"": ""exp"", ""groupdro_objective"": ""weighted"", ""groupdro_kl_lambda"": 0.0, ""groupdro_uniform_init"": false, ""log_interval"": 20, ""save_every"": 10, ""groupdro_ema_decay"": 0.9, ""groupdro_update_every"": 1, ""dro_signal"": ""val"", ""val_frac"": 0.15, ""impute_missing"": true, ""common_encoder"": false, ""use_regret"": false, ""data_split_seed"": 1000}","{""num_groups"": 4, ""num_classes"": 2, ""train_total"": 449, ""test_total"": 185, ""train_group_counts"": [205, 199, 20, 25], ""test_group_counts"": [61, 59, 25, 40], ""train_class_counts"": [248, 201], ""test_class_counts"": [83, 102], ""train_group_class_counts"": [[111, 94], [127, 72], [3, 17], [7, 18]], ""test_group_class_counts"": [[33, 28], [38, 21], [2, 23], [10, 30]], ""group_proportions"": [0.45657015590200445, 0.44320712694877507, 0.044543429844097995, 0.0556792873051225], ""val_group_counts"": [37, 36, 15, 24], ""val_total"": 112}","{""num_groups"": 4, ""eta"": 0.64, ""update_mode"": ""exp"", ""robust_objective"": ""weighted"", ""gamma"": 0.9, ""kl_lambda"": 0.0, ""initial_pi"": [0.4565701484680176, 0.44320711493492126, 0.04454343020915985, 0.055679287761449814]}",2026-09-15T19:28:07.707959,29,0.2925770467911718,0.8616780043999894,0.001,0.745945945945946,0.7539931230897472,0.675,0.84,"[0.7213114754098361, 0.7796610169491526, 0.84, 0.675]","[0.6397582553412964, 0.7882640907813211, 0.5614525700500235, 1.6540925769673778]","[0.7590361445783133, 0.7352941176470589]","[[0.8484848484848485, 0.5714285714285714], [0.8947368421052632, 0.5714285714285714], [0.0, 0.9130434782608695], [0.1, 0.8666666666666667]]","[61, 59, 25, 40]",0.7448725096094599,"[0.7100922560805143, 0.7440774107440773, 0.45652173913043476, 0.4666666666666667]",0.45652173913043476,1.6540925769673778,0.8392857142857143,0.8352852852852853,0.75,0.918918918918919,"[0.918918918918919, 0.8055555555555556, 0.8666666666666667, 0.75]","[0.32242573629529847, 0.5718065468439212, 0.6217857469726975, 0.7570758426785081]","[0.86, 0.8225806451612904]","[[0.95, 0.8823529411764706], [0.9565217391304348, 0.5384615384615384], [0.0, 0.9285714285714286], [0.3333333333333333, 0.8888888888888888]]","[37, 36, 15, 24]",0.8384615384615386,"[0.917960088691796, 0.7647058823529411, 0.4642857142857143, 0.6210526315789474]",0.4642857142857143,0.7570758426785081,"[0.1347396969795227, 0.5880876779556274, 0.01660023257136345, 0.26057231426239014]","[0.2891221216746739, 0.32858605895723614, 0.03879501577466726, 0.19273593014804646]","[0.15189728140830994, 0.593905508518219, 0.016697725281119347, 0.23749947547912598]","[0.4565701484680176, 0.44320711493492126, 0.04454343020915985, 0.055679287761449814]",0.0
"{""run_name"": ""fedheart_exp_paper_hetagg_gdro"", ""seed"": 31337, ""run_dir"": ""runs/fedheart_cv/GroupDRO_s31337_f0"", ""use_fedheart"": true, ""num_classes"": 2, ""stratified_batching"": true, ""train_frac"": 0.8, ""group_max_train_samples"": [null, null, 20, 25], ""true_hetero_input_dim"": true, ""feature_mask"": [[0, 1, 2, 3, 5, 6, 7, 8, 9, 10], [0, 1, 2, 3, 5, 6, 11, 12], [0, 1, 2, 4, 5, 7, 11, 12], [0, 1, 2, 4, 5, 6, 8, 9, 10]], ""batch_size"": 64, ""num_workers"": 0, ""epochs"": 100, ""early_stopping_patience"": 30, ""lr"": 0.001, ""weight_decay"": 0.0001, ""optimizer"": ""adam"", ""grad_clip"": 1.0, ""lr_scheduler"": ""cosine"", ""lr_min"": 1e-05, ""latent_dim"": 64, ""head_hidden"": 32, ""groups"": [{""name"": ""cleveland"", ""encoder"": ""mlp_tabular_ln"", ""input_dim"": 10, ""hidden_dim"": 64, ""dropout"": 0.1}, {""name"": ""hungarian"", ""encoder"": ""mlp_tabular_ln"", ""input_dim"": 8, ""hidden_dim"": 64, ""dropout"": 0.1}, {""name"": ""switzerland"", ""encoder"": ""mlp_tabular_ln"", ""input_dim"": 8, ""hidden_dim"": 64, ""dropout"": 0.1}, {""name"": ""va_long_beach"", ""encoder"": ""mlp_tabular_ln"", ""input_dim"": 9, ""hidden_dim"": 64, ""dropout"": 0.1}], ""anchor_eps"": 0.0001, ""sep_samples_per_class"": 4, ""sep_method"": ""classifier"", ""sep_margin"": 1.0, ""lambda_fit"": 0.001, ""lambda_sep"": 0.001, ""groupdro_enabled"": true, ""groupdro_eta"": 0.64, ""groupdro_gamma"": 0.9, ""groupdro_update_mode"": ""exp"", ""groupdro_objective"": ""weighted"", ""groupdro_kl_lambda"": 0.0, ""groupdro_uniform_init"": false, ""log_interval"": 20, ""save_every"": 10, ""groupdro_ema_decay"": 0.9, ""groupdro_update_every"": 1, ""dro_signal"": ""val"", ""val_frac"": 0.15, ""impute_missing"": true, ""common_encoder"": false, ""use_regret"": false, ""data_split_seed"": 1000}","{""num_groups"": 4, ""num_classes"": 2, ""train_total"": 449, ""test_total"": 185, ""train_group_counts"": [205, 199, 20, 25], ""test_group_counts"": [61, 59, 25, 40], ""train_class_counts"": [248, 201], ""test_class_counts"": [83, 102], ""train_group_class_counts"": [[111, 94], [127, 72], [3, 17], [7, 18]], ""test_group_class_counts"": [[33, 28], [38, 21], [2, 23], [10, 30]], ""group_proportions"": [0.45657015590200445, 0.44320712694877507, 0.044543429844097995, 0.0556792873051225], ""val_group_counts"": [37, 36, 15, 24], ""val_total"": 112}","{""num_groups"": 4, ""eta"": 0.64, ""update_mode"": ""exp"", ""robust_objective"": ""weighted"", ""gamma"": 0.9, ""kl_lambda"": 0.0, ""initial_pi"": [0.4565701484680176, 0.44320711493492126, 0.04454343020915985, 0.055679287761449814]}",2026-09-15T19:28:07.707959,30,0.2259316027434775,0.8866213170849547,0.001,0.745945945945946,0.7538541956098916,0.675,0.84,"[0.7377049180327869, 0.7627118644067796, 0.84, 0.675]","[0.6526243852668052, 0.8029867719614215, 0.5749928578315303, 1.6965171709132847]","[0.7590361445783133, 0.7352941176470589]","[[0.8484848484848485, 0.6071428571428571], [0.8947368421052632, 0.5238095238095238], [0.0, 0.9130434782608695], [0.1, 0.8666666666666667]]","[61, 59, 25, 40]",0.7448725096094599,"[0.7288888888888889, 0.7201897018970189, 0.45652173913043476, 0.4666666666666667]",0.45652173913043476,1.6965171709132847,0.8392857142857143,0.8318130630630631,0.7083333333333334,0.918918918918919,"[0.918918918918919, 0.8333333333333334, 0.8666666666666667, 0.7083333333333334]","[0.32591315663444836, 0.6002059710056832, 0.633243469761995, 0.8179342135990737]","[0.86, 0.8225806451612904]","[[0.95, 0.8823529411764706], [1.0, 0.5384615384615384], [0.0, 0.9285714285714286], [0.16666666666666666, 0.8888888888888888]]","[37, 36, 15, 24]",0.8384615384615386,"[0.917960088691796, 0.7923076923076924, 0.4642857142857143, 0.5213675213675213]",0.4642857142857143,0.8179342135990737,"[0.11820303648710251, 0.5796960592269897, 0.016456957906484604, 0.28564393520355225]","[0.250369661620685, 0.28755035783563343, 0.046134624940653644, 0.027159314292172592]","[0.1347396969795227, 0.5880876779556274, 0.01660023257136345, 0.26057231426239014]","[0.4565701484680176, 0.44320711493492126, 0.04454343020915985, 0.055679287761449814]",0.0
"{""run_name"": ""fedheart_exp_paper_hetagg_gdro"", ""seed"": 31337, ""run_dir"": ""runs/fedheart_cv/GroupDRO_s31337_f0"", ""use_fedheart"": true, ""num_classes"": 2, ""stratified_batching"": true, ""train_frac"": 0.8, ""group_max_train_samples"": [null, null, 20, 25], ""true_hetero_input_dim"": true, ""feature_mask"": [[0, 1, 2, 3, 5, 6, 7, 8, 9, 10], [0, 1, 2, 3, 5, 6, 11, 12], [0, 1, 2, 4, 5, 7, 11, 12], [0, 1, 2, 4, 5, 6, 8, 9, 10]], ""batch_size"": 64, ""num_workers"": 0, ""epochs"": 100, ""early_stopping_patience"": 30, ""lr"": 0.001, ""weight_decay"": 0.0001, ""optimizer"": ""adam"", ""grad_clip"": 1.0, ""lr_scheduler"": ""cosine"", ""lr_min"": 1e-05, ""latent_dim"": 64, ""head_hidden"": 32, ""groups"": [{""name"": ""cleveland"", ""encoder"": ""mlp_tabular_ln"", ""input_dim"": 10, ""hidden_dim"": 64, ""dropout"": 0.1}, {""name"": ""hungarian"", ""encoder"": ""mlp_tabular_ln"", ""input_dim"": 8, ""hidden_dim"": 64, ""dropout"": 0.1}, {""name"": ""switzerland"", ""encoder"": ""mlp_tabular_ln"", ""input_dim"": 8, ""hidden_dim"": 64, ""dropout"": 0.1}, {""name"": ""va_long_beach"", ""encoder"": ""mlp_tabular_ln"", ""input_dim"": 9, ""hidden_dim"": 64, ""dropout"": 0.1}], ""anchor_eps"": 0.0001, ""sep_samples_per_class"": 4, ""sep_method"": ""classifier"", ""sep_margin"": 1.0, ""lambda_fit"": 0.001, ""lambda_sep"": 0.001, ""groupdro_enabled"": true, ""groupdro_eta"": 0.64, ""groupdro_gamma"": 0.9, ""groupdro_update_mode"": ""exp"", ""groupdro_objective"": ""weighted"", ""groupdro_kl_lambda"": 0.0, ""groupdro_uniform_init"": false, ""log_interval"": 20, ""save_every"": 10, ""groupdro_ema_decay"": 0.9, ""groupdro_update_every"": 1, ""dro_signal"": ""val"", ""val_frac"": 0.15, ""impute_missing"": true, ""common_encoder"": false, ""use_regret"": false, ""data_split_seed"": 1000}","{""num_groups"": 4, ""num_classes"": 2, ""train_total"": 449, ""test_total"": 185, ""train_group_counts"": [205, 199, 20, 25], ""test_group_counts"": [61, 59, 25, 40], ""train_class_counts"": [248, 201], ""test_class_counts"": [83, 102], ""train_group_class_counts"": [[111, 94], [127, 72], [3, 17], [7, 18]], ""test_group_class_counts"": [[33, 28], [38, 21], [2, 23], [10, 30]], ""group_proportions"": [0.45657015590200445, 0.44320712694877507, 0.044543429844097995, 0.0556792873051225], ""val_group_counts"": [37, 36, 15, 24], ""val_total"": 112}","{""num_groups"": 4, ""eta"": 0.64, ""update_mode"": ""exp"", ""robust_objective"": ""weighted"", ""gamma"": 0.9, ""kl_lambda"": 0.0, ""initial_pi"": [0.4565701484680176, 0.44320711493492126, 0.04454343020915985, 0.055679287761449814]}",2026-09-15T19:28:07.707959,31,0.23702296506520573,0.8956916109234297,0.001,0.7405405405405405,0.7496169074742984,0.675,0.84,"[0.7377049180327869, 0.7457627118644068, 0.84, 0.675]","[0.6650459679644212, 0.7999823670143703, 0.5916212433669716, 1.7590715248064952]","[0.7469879518072289, 0.7352941176470589]","[[0.8484848484848485, 0.6071428571428571], [0.868421052631579, 0.5238095238095238], [0.0, 0.9130434782608695], [0.1, 0.8666666666666667]]","[61, 59, 25, 40]",0.7392529950669486,"[0.7288888888888889, 0.7047047047047047, 0.45652173913043476, 0.4666666666666667]",0.45652173913043476,1.7590715248064952,0.8303571428571429,0.8248686186186187,0.7083333333333334,0.918918918918919,"[0.918918918918919, 0.8055555555555556, 0.8666666666666667, 0.7083333333333334]","[0.32968735307175034, 0.599661250378833, 0.6461039716843515, 0.8621892303247781]","[0.84, 0.8225806451612904]","[[0.95, 0.8823529411764706], [0.9565217391304348, 0.5384615384615384], [0.0, 0.9285714285714286], [0.16666666666666666, 0.8888888888888888]]","[37, 36, 15, 24]",0.8292545935970472,"[0.917960088691796, 0.7647058823529411, 0.4642857142857143, 0.5213675213675213]",0.4642857142857143,0.8621892303247781,"[0.10250357538461685, 0.5680379271507263, 0.016257237643003464, 0.31320130825042725]","[0.27678808995655607, 0.31542108740125385, 0.09158449914927284, 0.017379388640013833]","[0.11820303648710251, 0.5796960592269897, 0.016456957906484604, 0.28564393520355225]","[0.4565701484680176, 0.44320711493492126, 0.04454343020915985, 0.055679287761449814]",0.0
"{""run_name"": ""fedheart_exp_paper_hetagg_gdro"", ""seed"": 31337, ""run_dir"": ""runs/fedheart_cv/GroupDRO_s31337_f0"", ""use_fedheart"": true, ""num_classes"": 2, ""stratified_batching"": true, ""train_frac"": 0.8, ""group_max_train_samples"": [null, null, 20, 25], ""true_hetero_input_dim"": true, ""feature_mask"": [[0, 1, 2, 3, 5, 6, 7, 8, 9, 10], [0, 1, 2, 3, 5, 6, 11, 12], [0, 1, 2, 4, 5, 7, 11, 12], [0, 1, 2, 4, 5, 6, 8, 9, 10]], ""batch_size"": 64, ""num_workers"": 0, ""epochs"": 100, ""early_stopping_patience"": 30, ""lr"": 0.001, ""weight_decay"": 0.0001, ""optimizer"": ""adam"", ""grad_clip"": 1.0, ""lr_scheduler"": ""cosine"", ""lr_min"": 1e-05, ""latent_dim"": 64, ""head_hidden"": 32, ""groups"": [{""name"": ""cleveland"", ""encoder"": ""mlp_tabular_ln"", ""input_dim"": 10, ""hidden_dim"": 64, ""dropout"": 0.1}, {""name"": ""hungarian"", ""encoder"": ""mlp_tabular_ln"", ""input_dim"": 8, ""hidden_dim"": 64, ""dropout"": 0.1}, {""name"": ""switzerland"", ""encoder"": ""mlp_tabular_ln"", ""input_dim"": 8, ""hidden_dim"": 64, ""dropout"": 0.1}, {""name"": ""va_long_beach"", ""encoder"": ""mlp_tabular_ln"", ""input_dim"": 9, ""hidden_dim"": 64, ""dropout"": 0.1}], ""anchor_eps"": 0.0001, ""sep_samples_per_class"": 4, ""sep_method"": ""classifier"", ""sep_margin"": 1.0, ""lambda_fit"": 0.001, ""lambda_sep"": 0.001, ""groupdro_enabled"": true, ""groupdro_eta"": 0.64, ""groupdro_gamma"": 0.9, ""groupdro_update_mode"": ""exp"", ""groupdro_objective"": ""weighted"", ""groupdro_kl_lambda"": 0.0, ""groupdro_uniform_init"": false, ""log_interval"": 20, ""save_every"": 10, ""groupdro_ema_decay"": 0.9, ""groupdro_update_every"": 1, ""dro_signal"": ""val"", ""val_frac"": 0.15, ""impute_missing"": true, ""common_encoder"": false, ""use_regret"": false, ""data_split_seed"": 1000}","{""num_groups"": 4, ""num_classes"": 2, ""train_total"": 449, ""test_total"": 185, ""train_group_counts"": [205, 199, 20, 25], ""test_group_counts"": [61, 59, 25, 40], ""train_class_counts"": [248, 201], ""test_class_counts"": [83, 102], ""train_group_class_counts"": [[111, 94], [127, 72], [3, 17], [7, 18]], ""test_group_class_counts"": [[33, 28], [38, 21], [2, 23], [10, 30]], ""group_proportions"": [0.45657015590200445, 0.44320712694877507, 0.044543429844097995, 0.0556792873051225], ""val_group_counts"": [37, 36, 15, 24], ""val_total"": 112}","{""num_groups"": 4, ""eta"": 0.64, ""update_mode"": ""exp"", ""robust_objective"": ""weighted"", ""gamma"": 0.9, ""kl_lambda"": 0.0, ""initial_pi"": [0.4565701484680176, 0.44320711493492126, 0.04454343020915985, 0.055679287761449814]}",2026-09-15T19:28:07.707959,32,0.22982833681463385,0.8662131499000688,0.001,0.745945945945946,0.7538541956098916,0.675,0.84,"[0.7377049180327869, 0.7627118644067796, 0.84, 0.675]","[0.6823188116111731, 0.7878184932702363, 0.6129601492453367, 1.7465460509003605]","[0.7590361445783133, 0.7352941176470589]","[[0.8787878787878788, 0.5714285714285714], [0.868421052631579, 0.5714285714285714], [0.0, 0.9130434782608695], [0.1, 0.8666666666666667]]","[61, 59, 25, 40]",0.7448725096094599,"[0.7252252252252253, 0.7282894736842105, 0.45652173913043476, 0.4666666666666667]",0.45652173913043476,1.7465460509003605,0.8303571428571429,0.8318130630630631,0.75,0.918918918918919,"[0.918918918918919, 0.75, 0.8666666666666667, 0.7916666666666666]","[0.3306895425838947, 0.5949681504474332, 0.66076927150134, 0.8193904674117221]","[0.84, 0.8225806451612904]","[[0.95, 0.8823529411764706], [0.8695652173913043, 0.5384615384615384], [0.0, 0.9285714285714286], [0.5, 0.8888888888888888]]","[37, 36, 15, 24]",0.8292545935970472,"[0.917960088691796, 0.712511091393079, 0.4642857142857143, 0.7051597051597052]",0.4642857142857143,0.8193904674117221,"[0.08797215670347214, 0.5534635186195374, 0.016023434698581696, 0.3425409197807312]","[0.2665697123323168, 0.3037435156958444, 0.07631112930054466, 0.04857905464208064]","[0.10250357538461685, 0.5680379271507263, 0.016257237643003464, 0.31320130825042725]","[0.4565701484680176, 0.44320711493492126, 0.04454343020915985, 0.055679287761449814]",0.0
"{""run_name"": ""fedheart_exp_paper_hetagg_gdro"", ""seed"": 31337, ""run_dir"": ""runs/fedheart_cv/GroupDRO_s31337_f0"", ""use_fedheart"": true, ""num_classes"": 2, ""stratified_batching"": true, ""train_frac"": 0.8, ""group_max_train_samples"": [null, null, 20, 25], ""true_hetero_input_dim"": true, ""feature_mask"": [[0, 1, 2, 3, 5, 6, 7, 8, 9, 10], [0, 1, 2, 3, 5, 6, 11, 12], [0, 1, 2, 4, 5, 7, 11, 12], [0, 1, 2, 4, 5, 6, 8, 9, 10]], ""batch_size"": 64, ""num_workers"": 0, ""epochs"": 100, ""early_stopping_patience"": 30, ""lr"": 0.001, ""weight_decay"": 0.0001, ""optimizer"": ""adam"", ""grad_clip"": 1.0, ""lr_scheduler"": ""cosine"", ""lr_min"": 1e-05, ""latent_dim"": 64, ""head_hidden"": 32, ""groups"": [{""name"": ""cleveland"", ""encoder"": ""mlp_tabular_ln"", ""input_dim"": 10, ""hidden_dim"": 64, ""dropout"": 0.1}, {""name"": ""hungarian"", ""encoder"": ""mlp_tabular_ln"", ""input_dim"": 8, ""hidden_dim"": 64, ""dropout"": 0.1}, {""name"": ""switzerland"", ""encoder"": ""mlp_tabular_ln"", ""input_dim"": 8, ""hidden_dim"": 64, ""dropout"": 0.1}, {""name"": ""va_long_beach"", ""encoder"": ""mlp_tabular_ln"", ""input_dim"": 9, ""hidden_dim"": 64, ""dropout"": 0.1}], ""anchor_eps"": 0.0001, ""sep_samples_per_class"": 4, ""sep_method"": ""classifier"", ""sep_margin"": 1.0, ""lambda_fit"": 0.001, ""lambda_sep"": 0.001, ""groupdro_enabled"": true, ""groupdro_eta"": 0.64, ""groupdro_gamma"": 0.9, ""groupdro_update_mode"": ""exp"", ""groupdro_objective"": ""weighted"", ""groupdro_kl_lambda"": 0.0, ""groupdro_uniform_init"": false, ""log_interval"": 20, ""save_every"": 10, ""groupdro_ema_decay"": 0.9, ""groupdro_update_every"": 1, ""dro_signal"": ""val"", ""val_frac"": 0.15, ""impute_missing"": true, ""common_encoder"": false, ""use_regret"": false, ""data_split_seed"": 1000}","{""num_groups"": 4, ""num_classes"": 2, ""train_total"": 449, ""test_total"": 185, ""train_group_counts"": [205, 199, 20, 25], ""test_group_counts"": [61, 59, 25, 40], ""train_class_counts"": [248, 201], ""test_class_counts"": [83, 102], ""train_group_class_counts"": [[111, 94], [127, 72], [3, 17], [7, 18]], ""test_group_class_counts"": [[33, 28], [38, 21], [2, 23], [10, 30]], ""group_proportions"": [0.45657015590200445, 0.44320712694877507, 0.044543429844097995, 0.0556792873051225], ""val_group_counts"": [37, 36, 15, 24], ""val_total"": 112}","{""num_groups"": 4, ""eta"": 0.64, ""update_mode"": ""exp"", ""robust_objective"": ""weighted"", ""gamma"": 0.9, ""kl_lambda"": 0.0, ""initial_pi"": [0.4565701484680176, 0.44320711493492126, 0.04454343020915985, 0.055679287761449814]}",2026-09-15T19:28:07.707959,33,0.21059897055431287,0.8911564615037706,0.001,0.7405405405405405,0.749755834954154,0.675,0.84,"[0.7213114754098361, 0.7627118644067796, 0.84, 0.675]","[0.6898496782356591, 0.8029776806449833, 0.6330820936756208, 1.812150082596054]","[0.7469879518072289, 0.7352941176470589]","[[0.8484848484848485, 0.5714285714285714], [0.868421052631579, 0.5714285714285714], [0.0, 0.9130434782608695], [0.1, 0.8666666666666667]]","[61, 59, 25, 40]",0.7392529950669486,"[0.7100922560805143, 0.7282894736842105, 0.45652173913043476, 0.4666666666666667]",0.45652173913043476,1.812150082596054,0.8303571428571429,0.8318130630630631,0.75,0.918918918918919,"[0.918918918918919, 0.75, 0.8666666666666667, 0.7916666666666666]","[0.33652918690397104, 0.6027440746288953, 0.6785915179255729, 0.8340020502685851]","[0.84, 0.8225806451612904]","[[0.95, 0.8823529411764706], [0.8695652173913043, 0.5384615384615384], [0.0, 0.9285714285714286], [0.5, 0.8888888888888888]]","[37, 36, 15, 24]",0.8292545935970472,"[0.917960088691796, 0.712511091393079, 0.4642857142857143, 0.7051597051597052]",0.4642857142857143,0.8340020502685851,"[0.07471473515033722, 0.5359748005867004, 0.015754936262965202, 0.3735554814338684]","[0.2469048478773662, 0.30513013686452595, 0.02270211772217105, 0.016098122631471295]","[0.08797215670347214, 0.5534635186195374, 0.016023434698581696, 0.3425409197807312]","[0.4565701484680176, 0.44320711493492126, 0.04454343020915985, 0.055679287761449814]",0.0
"{""run_name"": ""fedheart_exp_paper_hetagg_gdro"", ""seed"": 31337, ""run_dir"": ""runs/fedheart_cv/GroupDRO_s31337_f0"", ""use_fedheart"": true, ""num_classes"": 2, ""stratified_batching"": true, ""train_frac"": 0.8, ""group_max_train_samples"": [null, null, 20, 25], ""true_hetero_input_dim"": true, ""feature_mask"": [[0, 1, 2, 3, 5, 6, 7, 8, 9, 10], [0, 1, 2, 3, 5, 6, 11, 12], [0, 1, 2, 4, 5, 7, 11, 12], [0, 1, 2, 4, 5, 6, 8, 9, 10]], ""batch_size"": 64, ""num_workers"": 0, ""epochs"": 100, ""early_stopping_patience"": 30, ""lr"": 0.001, ""weight_decay"": 0.0001, ""optimizer"": ""adam"", ""grad_clip"": 1.0, ""lr_scheduler"": ""cosine"", ""lr_min"": 1e-05, ""latent_dim"": 64, ""head_hidden"": 32, ""groups"": [{""name"": ""cleveland"", ""encoder"": ""mlp_tabular_ln"", ""input_dim"": 10, ""hidden_dim"": 64, ""dropout"": 0.1}, {""name"": ""hungarian"", ""encoder"": ""mlp_tabular_ln"", ""input_dim"": 8, ""hidden_dim"": 64, ""dropout"": 0.1}, {""name"": ""switzerland"", ""encoder"": ""mlp_tabular_ln"", ""input_dim"": 8, ""hidden_dim"": 64, ""dropout"": 0.1}, {""name"": ""va_long_beach"", ""encoder"": ""mlp_tabular_ln"", ""input_dim"": 9, ""hidden_dim"": 64, ""dropout"": 0.1}], ""anchor_eps"": 0.0001, ""sep_samples_per_class"": 4, ""sep_method"": ""classifier"", ""sep_margin"": 1.0, ""lambda_fit"": 0.001, ""lambda_sep"": 0.001, ""groupdro_enabled"": true, ""groupdro_eta"": 0.64, ""groupdro_gamma"": 0.9, ""groupdro_update_mode"": ""exp"", ""groupdro_objective"": ""weighted"", ""groupdro_kl_lambda"": 0.0, ""groupdro_uniform_init"": false, ""log_interval"": 20, ""save_every"": 10, ""groupdro_ema_decay"": 0.9, ""groupdro_update_every"": 1, ""dro_signal"": ""val"", ""val_frac"": 0.15, ""impute_missing"": true, ""common_encoder"": false, ""use_regret"": false, ""data_split_seed"": 1000}","{""num_groups"": 4, ""num_classes"": 2, ""train_total"": 449, ""test_total"": 185, ""train_group_counts"": [205, 199, 20, 25], ""test_group_counts"": [61, 59, 25, 40], ""train_class_counts"": [248, 201], ""test_class_counts"": [83, 102], ""train_group_class_counts"": [[111, 94], [127, 72], [3, 17], [7, 18]], ""test_group_class_counts"": [[33, 28], [38, 21], [2, 23], [10, 30]], ""group_proportions"": [0.45657015590200445, 0.44320712694877507, 0.044543429844097995, 0.0556792873051225], ""val_group_counts"": [37, 36, 15, 24], ""val_total"": 112}","{""num_groups"": 4, ""eta"": 0.64, ""update_mode"": ""exp"", ""robust_objective"": ""weighted"", ""gamma"": 0.9, ""kl_lambda"": 0.0, ""initial_pi"": [0.4565701484680176, 0.44320711493492126, 0.04454343020915985, 0.055679287761449814]}",2026-09-15T19:28:07.707959,34,0.18966305249131996,0.88888888686152,0.001,0.7405405405405405,0.749755834954154,0.675,0.84,"[0.7213114754098361, 0.7627118644067796, 0.84, 0.675]","[0.6958110383039028, 0.8221893739961561, 0.6484950473718345, 1.8989644615878205]","[0.7590361445783133, 0.7254901960784313]","[[0.8484848484848485, 0.5714285714285714], [0.8947368421052632, 0.5238095238095238], [0.0, 0.9130434782608695], [0.1, 0.8666666666666667]]","[61, 59, 25, 40]",0.7396199859254047,"[0.7100922560805143, 0.7201897018970189, 0.45652173913043476, 0.4666666666666667]",0.45652173913043476,1.8989644615878205,0.8214285714285714,0.8213963963963964,0.75,0.918918918918919,"[0.918918918918919, 0.75, 0.8666666666666667, 0.75]","[0.3409248844058114, 0.6648176769344395, 0.6915659941344833, 0.8812888322193734]","[0.84, 0.8064516129032258]","[[0.95, 0.8823529411764706], [0.9130434782608695, 0.46153846153846156], [0.0, 0.9285714285714286], [0.3333333333333333, 0.8888888888888888]]","[37, 36, 15, 24]",0.8205128205128205,"[0.917960088691796, 0.6974789915966386, 0.4642857142857143, 0.6210526315789474]",0.4642857142857143,0.8812888322193734,"[0.06261806935071945, 0.5161016583442688, 0.015406220220029354, 0.4058740735054016]","[0.2556478221501623, 0.27624244349343435, 0.033822836354374886, 0.02305716728733387]","[0.07471473515033722, 0.5359748005867004, 0.015754936262965202, 0.3735554814338684]","[0.4565701484680176, 0.44320711493492126, 0.04454343020915985, 0.055679287761449814]",0.0
