config,dataset_info,groupdro_config,start_time,epoch,train_loss,train_acc,learning_rate,test_overall_acc,test_balanced_acc,test_worst_group_acc,test_best_group_acc,test_per_group_acc,test_per_group_loss,test_per_class_acc,test_per_group_per_class_acc,test_per_group_counts,test_overall_macro_f1,test_per_group_f1,test_worst_group_f1,test_worst_group_loss,val_overall_acc,val_balanced_acc,val_worst_group_acc,val_best_group_acc,val_per_group_acc,val_per_group_loss,val_per_class_acc,val_per_group_per_class_acc,val_per_group_counts,val_overall_macro_f1,val_per_group_f1,val_worst_group_f1,val_worst_group_loss,groupdro_weights,train_per_group_loss,groupdro_weights_mean,groupdro_pi,groupdro_kl_penalty
"{""run_name"": ""fedheart_exp_paper_hetagg_gdro"", ""seed"": 44, ""run_dir"": ""runs/fedheart_cv/Shared_Anchors_GDRO_s44_f0"", ""use_fedheart"": true, ""num_classes"": 2, ""stratified_batching"": true, ""train_frac"": 0.8, ""group_max_train_samples"": [null, null, 20, 25], ""true_hetero_input_dim"": true, ""feature_mask"": [[0, 1, 2, 3, 5, 6, 7, 8, 9, 10], [0, 1, 2, 3, 5, 6, 11, 12], [0, 1, 2, 4, 5, 7, 11, 12], [0, 1, 2, 4, 5, 6, 8, 9, 10]], ""batch_size"": 64, ""num_workers"": 0, ""epochs"": 100, ""early_stopping_patience"": 30, ""lr"": 0.001, ""weight_decay"": 0.0001, ""optimizer"": ""adam"", ""grad_clip"": 1.0, ""lr_scheduler"": ""cosine"", ""lr_min"": 1e-05, ""latent_dim"": 64, ""head_hidden"": 32, ""groups"": [{""name"": ""cleveland"", ""encoder"": ""mlp_tabular_ln"", ""input_dim"": 13, ""hidden_dim"": 64, ""dropout"": 0.1}, {""name"": ""hungarian"", ""encoder"": ""mlp_tabular_ln"", ""input_dim"": 13, ""hidden_dim"": 64, ""dropout"": 0.1}, {""name"": ""switzerland"", ""encoder"": ""mlp_tabular_ln"", ""input_dim"": 13, ""hidden_dim"": 64, ""dropout"": 0.1}, {""name"": ""va_long_beach"", ""encoder"": ""mlp_tabular_ln"", ""input_dim"": 13, ""hidden_dim"": 64, ""dropout"": 0.1}], ""anchor_eps"": 0.0001, ""sep_samples_per_class"": 4, ""sep_method"": ""classifier"", ""sep_margin"": 1.0, ""lambda_fit"": 0.1, ""lambda_sep"": 0.1, ""groupdro_enabled"": true, ""groupdro_eta"": 0.02, ""groupdro_gamma"": 0.9, ""groupdro_update_mode"": ""exp"", ""groupdro_objective"": ""weighted"", ""groupdro_kl_lambda"": 0.0, ""groupdro_uniform_init"": false, ""log_interval"": 20, ""save_every"": 10, ""groupdro_ema_decay"": 0.9, ""groupdro_update_every"": 1, ""dro_signal"": ""val"", ""val_frac"": 0.15, ""impute_missing"": true, ""common_encoder"": true, ""use_regret"": false, ""data_split_seed"": 1000}","{""num_groups"": 4, ""num_classes"": 2, ""train_total"": 449, ""test_total"": 185, ""train_group_counts"": [205, 199, 20, 25], ""test_group_counts"": [61, 59, 25, 40], ""train_class_counts"": [248, 201], ""test_class_counts"": [83, 102], ""train_group_class_counts"": [[111, 94], [127, 72], [2, 18], [8, 17]], ""test_group_class_counts"": [[33, 28], [38, 21], [2, 23], [10, 30]], ""group_proportions"": [0.45657015590200445, 0.44320712694877507, 0.044543429844097995, 0.0556792873051225], ""val_group_counts"": [37, 36, 15, 24], ""val_total"": 112}","{""num_groups"": 4, ""eta"": 0.02, ""update_mode"": ""exp"", ""robust_objective"": ""weighted"", ""gamma"": 0.9, ""kl_lambda"": 0.0, ""initial_pi"": [0.4565701484680176, 0.44320711493492126, 0.04454343020915985, 0.055679287761449814]}",2026-09-15T20:37:48.083811,1,3.301017247089723,0.5283446716748668,0.001,0.6756756756756757,0.6902292303417616,0.6229508196721312,0.76,"[0.6229508196721312, 0.6779661016949152, 0.76, 0.7]","[0.6657033494261445, 0.6671379289384616, 0.6620309901237488, 0.6648207262158394]","[0.5060240963855421, 0.8137254901960784]","[[0.45454545454545453, 0.8214285714285714], [0.6052631578947368, 0.8095238095238095], [0.5, 0.782608695652174], [0.3, 0.8333333333333334]]","[61, 59, 25, 40]",0.6589233038348082,"[0.6163522012578617, 0.6746008708272859, 0.5535714285714286, 0.5698924731182795]",0.5535714285714286,0.6671379289384616,0.6964285714285714,0.712105855855856,0.5833333333333334,0.8,"[0.7567567567567568, 0.5833333333333334, 0.8, 0.7083333333333334]","[0.6542653602522772, 0.6879598779810799, 0.6484682559967041, 0.6494522566596667]","[0.52, 0.8387096774193549]","[[0.6, 0.9411764705882353], [0.43478260869565216, 0.8461538461538461], [1.0, 0.7857142857142857], [0.5, 0.7777777777777778]]","[37, 36, 15, 24]",0.6791371755982474,"[0.753880266075388, 0.583011583011583, 0.64, 0.6307692307692307]",0.583011583011583,0.6879598779810799,"[0.4564385712146759, 0.4433780610561371, 0.044525425881147385, 0.05565788596868515]","[0.6814606870923724, 0.7120024647031512, 0.6503263711929321, 0.6519056359926859]","[0.4565701484680176, 0.44320711493492126, 0.04454343020915985, 0.055679287761449814]","[0.4565701484680176, 0.44320711493492126, 0.04454343020915985, 0.055679287761449814]",0.0
"{""run_name"": ""fedheart_exp_paper_hetagg_gdro"", ""seed"": 44, ""run_dir"": ""runs/fedheart_cv/Shared_Anchors_GDRO_s44_f0"", ""use_fedheart"": true, ""num_classes"": 2, ""stratified_batching"": true, ""train_frac"": 0.8, ""group_max_train_samples"": [null, null, 20, 25], ""true_hetero_input_dim"": true, ""feature_mask"": [[0, 1, 2, 3, 5, 6, 7, 8, 9, 10], [0, 1, 2, 3, 5, 6, 11, 12], [0, 1, 2, 4, 5, 7, 11, 12], [0, 1, 2, 4, 5, 6, 8, 9, 10]], ""batch_size"": 64, ""num_workers"": 0, ""epochs"": 100, ""early_stopping_patience"": 30, ""lr"": 0.001, ""weight_decay"": 0.0001, ""optimizer"": ""adam"", ""grad_clip"": 1.0, ""lr_scheduler"": ""cosine"", ""lr_min"": 1e-05, ""latent_dim"": 64, ""head_hidden"": 32, ""groups"": [{""name"": ""cleveland"", ""encoder"": ""mlp_tabular_ln"", ""input_dim"": 13, ""hidden_dim"": 64, ""dropout"": 0.1}, {""name"": ""hungarian"", ""encoder"": ""mlp_tabular_ln"", ""input_dim"": 13, ""hidden_dim"": 64, ""dropout"": 0.1}, {""name"": ""switzerland"", ""encoder"": ""mlp_tabular_ln"", ""input_dim"": 13, ""hidden_dim"": 64, ""dropout"": 0.1}, {""name"": ""va_long_beach"", ""encoder"": ""mlp_tabular_ln"", ""input_dim"": 13, ""hidden_dim"": 64, ""dropout"": 0.1}], ""anchor_eps"": 0.0001, ""sep_samples_per_class"": 4, ""sep_method"": ""classifier"", ""sep_margin"": 1.0, ""lambda_fit"": 0.1, ""lambda_sep"": 0.1, ""groupdro_enabled"": true, ""groupdro_eta"": 0.02, ""groupdro_gamma"": 0.9, ""groupdro_update_mode"": ""exp"", ""groupdro_objective"": ""weighted"", ""groupdro_kl_lambda"": 0.0, ""groupdro_uniform_init"": false, ""log_interval"": 20, ""save_every"": 10, ""groupdro_ema_decay"": 0.9, ""groupdro_update_every"": 1, ""dro_signal"": ""val"", ""val_frac"": 0.15, ""impute_missing"": true, ""common_encoder"": true, ""use_regret"": false, ""data_split_seed"": 1000}","{""num_groups"": 4, ""num_classes"": 2, ""train_total"": 449, ""test_total"": 185, ""train_group_counts"": [205, 199, 20, 25], ""test_group_counts"": [61, 59, 25, 40], ""train_class_counts"": [248, 201], ""test_class_counts"": [83, 102], ""train_group_class_counts"": [[111, 94], [127, 72], [2, 18], [8, 17]], ""test_group_class_counts"": [[33, 28], [38, 21], [2, 23], [10, 30]], ""group_proportions"": [0.45657015590200445, 0.44320712694877507, 0.044543429844097995, 0.0556792873051225], ""val_group_counts"": [37, 36, 15, 24], ""val_total"": 112}","{""num_groups"": 4, ""eta"": 0.02, ""update_mode"": ""exp"", ""robust_objective"": ""weighted"", ""gamma"": 0.9, ""kl_lambda"": 0.0, ""initial_pi"": [0.4565701484680176, 0.44320711493492126, 0.04454343020915985, 0.055679287761449814]}",2026-09-15T20:37:48.083811,2,2.24807079957456,0.5895691634305751,0.001,0.6864864864864865,0.6669074742984162,0.6,0.7627118644067796,"[0.7049180327868853, 0.7627118644067796, 0.6, 0.6]","[0.6614055682401188, 0.6499232488163447, 0.6825185513496399, 0.6753716140985488]","[0.7469879518072289, 0.6372549019607843]","[[0.7272727272727273, 0.6785714285714286], [0.7894736842105263, 0.7142857142857143], [0.5, 0.6086956521739131], [0.7, 0.5666666666666667]]","[61, 59, 25, 40]",0.6864040215104046,"[0.702922077922078, 0.7463144963144963, 0.45175438596491224, 0.5733333333333334]",0.45175438596491224,0.6825185513496399,0.7410714285714286,0.7270082582582582,0.6666666666666666,0.8108108108108109,"[0.8108108108108109, 0.7222222222222222, 0.6666666666666666, 0.7083333333333334]","[0.6368453631529937, 0.6657299051682154, 0.6672531565030416, 0.6554941534996033]","[0.78, 0.7096774193548387]","[[0.8, 0.8235294117647058], [0.6956521739130435, 0.7692307692307693], [1.0, 0.6428571428571429], [1.0, 0.6111111111111112]]","[37, 36, 15, 24]",0.7405543573767873,"[0.8102564102564103, 0.7142857142857144, 0.5341614906832298, 0.6950998185117967]",0.5341614906832298,0.6672531565030416,"[0.4563063085079193, 0.4435441195964813, 0.04451058804988861, 0.055639009922742844]","[0.6675198929650443, 0.6819356509617397, 0.6690359810988108, 0.6916809578736623]","[0.4564385712146759, 0.4433780610561371, 0.044525425881147385, 0.05565788596868515]","[0.4565701484680176, 0.44320711493492126, 0.04454343020915985, 0.055679287761449814]",0.0
"{""run_name"": ""fedheart_exp_paper_hetagg_gdro"", ""seed"": 44, ""run_dir"": ""runs/fedheart_cv/Shared_Anchors_GDRO_s44_f0"", ""use_fedheart"": true, ""num_classes"": 2, ""stratified_batching"": true, ""train_frac"": 0.8, ""group_max_train_samples"": [null, null, 20, 25], ""true_hetero_input_dim"": true, ""feature_mask"": [[0, 1, 2, 3, 5, 6, 7, 8, 9, 10], [0, 1, 2, 3, 5, 6, 11, 12], [0, 1, 2, 4, 5, 7, 11, 12], [0, 1, 2, 4, 5, 6, 8, 9, 10]], ""batch_size"": 64, ""num_workers"": 0, ""epochs"": 100, ""early_stopping_patience"": 30, ""lr"": 0.001, ""weight_decay"": 0.0001, ""optimizer"": ""adam"", ""grad_clip"": 1.0, ""lr_scheduler"": ""cosine"", ""lr_min"": 1e-05, ""latent_dim"": 64, ""head_hidden"": 32, ""groups"": [{""name"": ""cleveland"", ""encoder"": ""mlp_tabular_ln"", ""input_dim"": 13, ""hidden_dim"": 64, ""dropout"": 0.1}, {""name"": ""hungarian"", ""encoder"": ""mlp_tabular_ln"", ""input_dim"": 13, ""hidden_dim"": 64, ""dropout"": 0.1}, {""name"": ""switzerland"", ""encoder"": ""mlp_tabular_ln"", ""input_dim"": 13, ""hidden_dim"": 64, ""dropout"": 0.1}, {""name"": ""va_long_beach"", ""encoder"": ""mlp_tabular_ln"", ""input_dim"": 13, ""hidden_dim"": 64, ""dropout"": 0.1}], ""anchor_eps"": 0.0001, ""sep_samples_per_class"": 4, ""sep_method"": ""classifier"", ""sep_margin"": 1.0, ""lambda_fit"": 0.1, ""lambda_sep"": 0.1, ""groupdro_enabled"": true, ""groupdro_eta"": 0.02, ""groupdro_gamma"": 0.9, ""groupdro_update_mode"": ""exp"", ""groupdro_objective"": ""weighted"", ""groupdro_kl_lambda"": 0.0, ""groupdro_uniform_init"": false, ""log_interval"": 20, ""save_every"": 10, ""groupdro_ema_decay"": 0.9, ""groupdro_update_every"": 1, ""dro_signal"": ""val"", ""val_frac"": 0.15, ""impute_missing"": true, ""common_encoder"": true, ""use_regret"": false, ""data_split_seed"": 1000}","{""num_groups"": 4, ""num_classes"": 2, ""train_total"": 449, ""test_total"": 185, ""train_group_counts"": [205, 199, 20, 25], ""test_group_counts"": [61, 59, 25, 40], ""train_class_counts"": [248, 201], ""test_class_counts"": [83, 102], ""train_group_class_counts"": [[111, 94], [127, 72], [2, 18], [8, 17]], ""test_group_class_counts"": [[33, 28], [38, 21], [2, 23], [10, 30]], ""group_proportions"": [0.45657015590200445, 0.44320712694877507, 0.044543429844097995, 0.0556792873051225], ""val_group_counts"": [37, 36, 15, 24], ""val_total"": 112}","{""num_groups"": 4, ""eta"": 0.02, ""update_mode"": ""exp"", ""robust_objective"": ""weighted"", ""gamma"": 0.9, ""kl_lambda"": 0.0, ""initial_pi"": [0.4565701484680176, 0.44320711493492126, 0.04454343020915985, 0.055679287761449814]}",2026-09-15T20:37:48.083811,3,1.6973299007026517,0.6848072540733009,0.001,0.6810810810810811,0.6487176993609336,0.5,0.8135593220338984,"[0.7213114754098361, 0.8135593220338984, 0.56, 0.5]","[0.6602011860394087, 0.6424211991035332, 0.701117992401123, 0.6828802198171615]","[0.8433734939759037, 0.5490196078431373]","[[0.8484848484848485, 0.5714285714285714], [0.868421052631579, 0.7142857142857143], [0.5, 0.5652173913043478], [0.8, 0.4]]","[61, 59, 25, 40]",0.6792441740868084,"[0.7100922560805143, 0.7944250871080138, 0.4282744282744282, 0.494949494949495]",0.4282744282744282,0.701117992401123,0.7589285714285714,0.7407094594594594,0.6666666666666666,0.8378378378378378,"[0.8378378378378378, 0.75, 0.6666666666666666, 0.7083333333333334]","[0.6295081908638412, 0.6503307686911689, 0.6823411266009013, 0.6669344703356425]","[0.86, 0.6774193548387096]","[[0.85, 0.8235294117647058], [0.8260869565217391, 0.6153846153846154], [1.0, 0.6428571428571429], [1.0, 0.6111111111111112]]","[37, 36, 15, 24]",0.7589093518297056,"[0.8367647058823529, 0.7242553191489363, 0.5341614906832298, 0.6950998185117967]",0.5341614906832298,0.6823411266009013,"[0.45617473125457764, 0.4436998665332794, 0.04450071230530739, 0.05562465637922287]","[0.6461494735309056, 0.6599424736840385, 0.6795089940230051, 0.6859575808048248]","[0.4563063085079193, 0.4435441195964813, 0.04451058804988861, 0.055639009922742844]","[0.4565701484680176, 0.44320711493492126, 0.04454343020915985, 0.055679287761449814]",0.0
"{""run_name"": ""fedheart_exp_paper_hetagg_gdro"", ""seed"": 44, ""run_dir"": ""runs/fedheart_cv/Shared_Anchors_GDRO_s44_f0"", ""use_fedheart"": true, ""num_classes"": 2, ""stratified_batching"": true, ""train_frac"": 0.8, ""group_max_train_samples"": [null, null, 20, 25], ""true_hetero_input_dim"": true, ""feature_mask"": [[0, 1, 2, 3, 5, 6, 7, 8, 9, 10], [0, 1, 2, 3, 5, 6, 11, 12], [0, 1, 2, 4, 5, 7, 11, 12], [0, 1, 2, 4, 5, 6, 8, 9, 10]], ""batch_size"": 64, ""num_workers"": 0, ""epochs"": 100, ""early_stopping_patience"": 30, ""lr"": 0.001, ""weight_decay"": 0.0001, ""optimizer"": ""adam"", ""grad_clip"": 1.0, ""lr_scheduler"": ""cosine"", ""lr_min"": 1e-05, ""latent_dim"": 64, ""head_hidden"": 32, ""groups"": [{""name"": ""cleveland"", ""encoder"": ""mlp_tabular_ln"", ""input_dim"": 13, ""hidden_dim"": 64, ""dropout"": 0.1}, {""name"": ""hungarian"", ""encoder"": ""mlp_tabular_ln"", ""input_dim"": 13, ""hidden_dim"": 64, ""dropout"": 0.1}, {""name"": ""switzerland"", ""encoder"": ""mlp_tabular_ln"", ""input_dim"": 13, ""hidden_dim"": 64, ""dropout"": 0.1}, {""name"": ""va_long_beach"", ""encoder"": ""mlp_tabular_ln"", ""input_dim"": 13, ""hidden_dim"": 64, ""dropout"": 0.1}], ""anchor_eps"": 0.0001, ""sep_samples_per_class"": 4, ""sep_method"": ""classifier"", ""sep_margin"": 1.0, ""lambda_fit"": 0.1, ""lambda_sep"": 0.1, ""groupdro_enabled"": true, ""groupdro_eta"": 0.02, ""groupdro_gamma"": 0.9, ""groupdro_update_mode"": ""exp"", ""groupdro_objective"": ""weighted"", ""groupdro_kl_lambda"": 0.0, ""groupdro_uniform_init"": false, ""log_interval"": 20, ""save_every"": 10, ""groupdro_ema_decay"": 0.9, ""groupdro_update_every"": 1, ""dro_signal"": ""val"", ""val_frac"": 0.15, ""impute_missing"": true, ""common_encoder"": true, ""use_regret"": false, ""data_split_seed"": 1000}","{""num_groups"": 4, ""num_classes"": 2, ""train_total"": 449, ""test_total"": 185, ""train_group_counts"": [205, 199, 20, 25], ""test_group_counts"": [61, 59, 25, 40], ""train_class_counts"": [248, 201], ""test_class_counts"": [83, 102], ""train_group_class_counts"": [[111, 94], [127, 72], [2, 18], [8, 17]], ""test_group_class_counts"": [[33, 28], [38, 21], [2, 23], [10, 30]], ""group_proportions"": [0.45657015590200445, 0.44320712694877507, 0.044543429844097995, 0.0556792873051225], ""val_group_counts"": [37, 36, 15, 24], ""val_total"": 112}","{""num_groups"": 4, ""eta"": 0.02, ""update_mode"": ""exp"", ""robust_objective"": ""weighted"", ""gamma"": 0.9, ""kl_lambda"": 0.0, ""initial_pi"": [0.4565701484680176, 0.44320711493492126, 0.04454343020915985, 0.055679287761449814]}",2026-09-15T20:37:48.083811,4,1.3809318420838337,0.6621315207611136,0.001,0.6648648648648648,0.6184398444012226,0.44,0.7796610169491526,"[0.7540983606557377, 0.7796610169491526, 0.44, 0.5]","[0.6548581611914713, 0.634749925742715, 0.7160339164733887, 0.6891599908471108]","[0.8433734939759037, 0.5196078431372549]","[[0.8787878787878788, 0.6071428571428571], [0.8421052631578947, 0.6666666666666666], [0.5, 0.43478260869565216], [0.8, 0.4]]","[61, 59, 25, 40]",0.6620108439415371,"[0.7441990494828068, 0.7570478302185619, 0.35661764705882354, 0.494949494949495]",0.35661764705882354,0.7160339164733887,0.7589285714285714,0.7139451951951952,0.5333333333333333,0.8918918918918919,"[0.8918918918918919, 0.8055555555555556, 0.5333333333333333, 0.625]","[0.625390262217135, 0.6360286672910055, 0.7011015733083089, 0.673404760658741]","[0.94, 0.6129032258064516]","[[0.95, 0.8235294117647058], [0.9130434782608695, 0.6153846153846154], [1.0, 0.5], [1.0, 0.5]]","[37, 36, 15, 24]",0.7573617909010673,"[0.8898809523809523, 0.7763975155279503, 0.4444444444444444, 0.6190476190476191]",0.4444444444444444,0.7011015733083089,"[0.45604652166366577, 0.44384002685546875, 0.04449760913848877, 0.05561589077115059]","[0.646039000579289, 0.6612009916986737, 0.7238487402598063, 0.6899875402450562]","[0.45617473125457764, 0.4436998665332794, 0.04450071230530739, 0.05562465637922287]","[0.4565701484680176, 0.44320711493492126, 0.04454343020915985, 0.055679287761449814]",0.0
"{""run_name"": ""fedheart_exp_paper_hetagg_gdro"", ""seed"": 44, ""run_dir"": ""runs/fedheart_cv/Shared_Anchors_GDRO_s44_f0"", ""use_fedheart"": true, ""num_classes"": 2, ""stratified_batching"": true, ""train_frac"": 0.8, ""group_max_train_samples"": [null, null, 20, 25], ""true_hetero_input_dim"": true, ""feature_mask"": [[0, 1, 2, 3, 5, 6, 7, 8, 9, 10], [0, 1, 2, 3, 5, 6, 11, 12], [0, 1, 2, 4, 5, 7, 11, 12], [0, 1, 2, 4, 5, 6, 8, 9, 10]], ""batch_size"": 64, ""num_workers"": 0, ""epochs"": 100, ""early_stopping_patience"": 30, ""lr"": 0.001, ""weight_decay"": 0.0001, ""optimizer"": ""adam"", ""grad_clip"": 1.0, ""lr_scheduler"": ""cosine"", ""lr_min"": 1e-05, ""latent_dim"": 64, ""head_hidden"": 32, ""groups"": [{""name"": ""cleveland"", ""encoder"": ""mlp_tabular_ln"", ""input_dim"": 13, ""hidden_dim"": 64, ""dropout"": 0.1}, {""name"": ""hungarian"", ""encoder"": ""mlp_tabular_ln"", ""input_dim"": 13, ""hidden_dim"": 64, ""dropout"": 0.1}, {""name"": ""switzerland"", ""encoder"": ""mlp_tabular_ln"", ""input_dim"": 13, ""hidden_dim"": 64, ""dropout"": 0.1}, {""name"": ""va_long_beach"", ""encoder"": ""mlp_tabular_ln"", ""input_dim"": 13, ""hidden_dim"": 64, ""dropout"": 0.1}], ""anchor_eps"": 0.0001, ""sep_samples_per_class"": 4, ""sep_method"": ""classifier"", ""sep_margin"": 1.0, ""lambda_fit"": 0.1, ""lambda_sep"": 0.1, ""groupdro_enabled"": true, ""groupdro_eta"": 0.02, ""groupdro_gamma"": 0.9, ""groupdro_update_mode"": ""exp"", ""groupdro_objective"": ""weighted"", ""groupdro_kl_lambda"": 0.0, ""groupdro_uniform_init"": false, ""log_interval"": 20, ""save_every"": 10, ""groupdro_ema_decay"": 0.9, ""groupdro_update_every"": 1, ""dro_signal"": ""val"", ""val_frac"": 0.15, ""impute_missing"": true, ""common_encoder"": true, ""use_regret"": false, ""data_split_seed"": 1000}","{""num_groups"": 4, ""num_classes"": 2, ""train_total"": 449, ""test_total"": 185, ""train_group_counts"": [205, 199, 20, 25], ""test_group_counts"": [61, 59, 25, 40], ""train_class_counts"": [248, 201], ""test_class_counts"": [83, 102], ""train_group_class_counts"": [[111, 94], [127, 72], [2, 18], [8, 17]], ""test_group_class_counts"": [[33, 28], [38, 21], [2, 23], [10, 30]], ""group_proportions"": [0.45657015590200445, 0.44320712694877507, 0.044543429844097995, 0.0556792873051225], ""val_group_counts"": [37, 36, 15, 24], ""val_total"": 112}","{""num_groups"": 4, ""eta"": 0.02, ""update_mode"": ""exp"", ""robust_objective"": ""weighted"", ""gamma"": 0.9, ""kl_lambda"": 0.0, ""initial_pi"": [0.4565701484680176, 0.44320711493492126, 0.04454343020915985, 0.055679287761449814]}",2026-09-15T20:37:48.083811,5,1.1641180504476674,0.6893424024116966,0.001,0.6756756756756757,0.6253160600166714,0.4,0.8135593220338984,"[0.7377049180327869, 0.8135593220338984, 0.4, 0.55]","[0.6458402539862961, 0.6305113394381636, 0.717156503200531, 0.6887212589383125]","[0.8795180722891566, 0.5098039215686274]","[[0.8787878787878788, 0.5714285714285714], [0.8947368421052632, 0.6666666666666666], [0.5, 0.391304347826087], [0.9, 0.43333333333333335]]","[61, 59, 25, 40]",0.6714421027705422,"[0.7252252252252253, 0.7893541058098019, 0.3315508021390374, 0.5454545454545454]",0.3315508021390374,0.717156503200531,0.7678571428571429,0.7109797297297298,0.4666666666666667,0.918918918918919,"[0.918918918918919, 0.8333333333333334, 0.4666666666666667, 0.625]","[0.6196114050375449, 0.6240557738476329, 0.7085187832514445, 0.6703554429113865]","[0.96, 0.6129032258064516]","[[1.0, 0.8235294117647058], [0.9130434782608695, 0.6923076923076923], [1.0, 0.42857142857142855], [1.0, 0.5]]","[37, 36, 15, 24]",0.7659916425586628,"[0.9167291822955739, 0.8125, 0.39999999999999997, 0.6190476190476191]",0.39999999999999997,0.7085187832514445,"[0.45592308044433594, 0.4439622759819031, 0.04450193792581558, 0.055612657219171524]","[0.6415245703288487, 0.647160359791347, 0.7352189024289449, 0.685441126426061]","[0.45604652166366577, 0.44384002685546875, 0.04449760913848877, 0.05561589077115059]","[0.4565701484680176, 0.44320711493492126, 0.04454343020915985, 0.055679287761449814]",0.0
"{""run_name"": ""fedheart_exp_paper_hetagg_gdro"", ""seed"": 44, ""run_dir"": ""runs/fedheart_cv/Shared_Anchors_GDRO_s44_f0"", ""use_fedheart"": true, ""num_classes"": 2, ""stratified_batching"": true, ""train_frac"": 0.8, ""group_max_train_samples"": [null, null, 20, 25], ""true_hetero_input_dim"": true, ""feature_mask"": [[0, 1, 2, 3, 5, 6, 7, 8, 9, 10], [0, 1, 2, 3, 5, 6, 11, 12], [0, 1, 2, 4, 5, 7, 11, 12], [0, 1, 2, 4, 5, 6, 8, 9, 10]], ""batch_size"": 64, ""num_workers"": 0, ""epochs"": 100, ""early_stopping_patience"": 30, ""lr"": 0.001, ""weight_decay"": 0.0001, ""optimizer"": ""adam"", ""grad_clip"": 1.0, ""lr_scheduler"": ""cosine"", ""lr_min"": 1e-05, ""latent_dim"": 64, ""head_hidden"": 32, ""groups"": [{""name"": ""cleveland"", ""encoder"": ""mlp_tabular_ln"", ""input_dim"": 13, ""hidden_dim"": 64, ""dropout"": 0.1}, {""name"": ""hungarian"", ""encoder"": ""mlp_tabular_ln"", ""input_dim"": 13, ""hidden_dim"": 64, ""dropout"": 0.1}, {""name"": ""switzerland"", ""encoder"": ""mlp_tabular_ln"", ""input_dim"": 13, ""hidden_dim"": 64, ""dropout"": 0.1}, {""name"": ""va_long_beach"", ""encoder"": ""mlp_tabular_ln"", ""input_dim"": 13, ""hidden_dim"": 64, ""dropout"": 0.1}], ""anchor_eps"": 0.0001, ""sep_samples_per_class"": 4, ""sep_method"": ""classifier"", ""sep_margin"": 1.0, ""lambda_fit"": 0.1, ""lambda_sep"": 0.1, ""groupdro_enabled"": true, ""groupdro_eta"": 0.02, ""groupdro_gamma"": 0.9, ""groupdro_update_mode"": ""exp"", ""groupdro_objective"": ""weighted"", ""groupdro_kl_lambda"": 0.0, ""groupdro_uniform_init"": false, ""log_interval"": 20, ""save_every"": 10, ""groupdro_ema_decay"": 0.9, ""groupdro_update_every"": 1, ""dro_signal"": ""val"", ""val_frac"": 0.15, ""impute_missing"": true, ""common_encoder"": true, ""use_regret"": false, ""data_split_seed"": 1000}","{""num_groups"": 4, ""num_classes"": 2, ""train_total"": 449, ""test_total"": 185, ""train_group_counts"": [205, 199, 20, 25], ""test_group_counts"": [61, 59, 25, 40], ""train_class_counts"": [248, 201], ""test_class_counts"": [83, 102], ""train_group_class_counts"": [[111, 94], [127, 72], [2, 18], [8, 17]], ""test_group_class_counts"": [[33, 28], [38, 21], [2, 23], [10, 30]], ""group_proportions"": [0.45657015590200445, 0.44320712694877507, 0.044543429844097995, 0.0556792873051225], ""val_group_counts"": [37, 36, 15, 24], ""val_total"": 112}","{""num_groups"": 4, ""eta"": 0.02, ""update_mode"": ""exp"", ""robust_objective"": ""weighted"", ""gamma"": 0.9, ""kl_lambda"": 0.0, ""initial_pi"": [0.4565701484680176, 0.44320711493492126, 0.04454343020915985, 0.055679287761449814]}",2026-09-15T20:37:48.083811,6,1.0495093436468215,0.7097505685153191,0.001,0.6756756756756757,0.6151111419838844,0.36,0.8135593220338984,"[0.7868852459016393, 0.8135593220338984, 0.36, 0.5]","[0.6317584666072346, 0.6161411813760208, 0.7300259399414063, 0.69511808604002]","[0.9156626506024096, 0.4803921568627451]","[[0.9393939393939394, 0.6071428571428571], [0.9210526315789473, 0.6190476190476191], [0.5, 0.34782608695652173], [0.9, 0.36666666666666664]]","[61, 59, 25, 40]",0.6686171483162169,"[0.7750354609929078, 0.78345011678345, 0.3055555555555556, 0.4987468671679198]",0.3055555555555556,0.7300259399414063,0.7589285714285714,0.6880630630630631,0.3333333333333333,0.918918918918919,"[0.918918918918919, 0.8333333333333334, 0.3333333333333333, 0.6666666666666666]","[0.6025719602365751, 0.6037241137690015, 0.7263672192891438, 0.6714930819968382]","[0.98, 0.5806451612903226]","[[1.0, 0.8235294117647058], [0.9565217391304348, 0.6153846153846154], [1.0, 0.2857142857142857], [1.0, 0.5555555555555556]]","[37, 36, 15, 24]",0.7556363636363637,"[0.9167291822955739, 0.8036363636363637, 0.3055555555555556, 0.6571428571428571]",0.3055555555555556,0.7263672192891438,"[0.4558030962944031, 0.44406458735466003, 0.044515982270240784, 0.05561632290482521]","[0.6357291085379464, 0.6409490874835423, 0.751131276289622, 0.7094558775424957]","[0.45592308044433594, 0.4439622759819031, 0.04450193792581558, 0.055612657219171524]","[0.4565701484680176, 0.44320711493492126, 0.04454343020915985, 0.055679287761449814]",0.0
"{""run_name"": ""fedheart_exp_paper_hetagg_gdro"", ""seed"": 44, ""run_dir"": ""runs/fedheart_cv/Shared_Anchors_GDRO_s44_f0"", ""use_fedheart"": true, ""num_classes"": 2, ""stratified_batching"": true, ""train_frac"": 0.8, ""group_max_train_samples"": [null, null, 20, 25], ""true_hetero_input_dim"": true, ""feature_mask"": [[0, 1, 2, 3, 5, 6, 7, 8, 9, 10], [0, 1, 2, 3, 5, 6, 11, 12], [0, 1, 2, 4, 5, 7, 11, 12], [0, 1, 2, 4, 5, 6, 8, 9, 10]], ""batch_size"": 64, ""num_workers"": 0, ""epochs"": 100, ""early_stopping_patience"": 30, ""lr"": 0.001, ""weight_decay"": 0.0001, ""optimizer"": ""adam"", ""grad_clip"": 1.0, ""lr_scheduler"": ""cosine"", ""lr_min"": 1e-05, ""latent_dim"": 64, ""head_hidden"": 32, ""groups"": [{""name"": ""cleveland"", ""encoder"": ""mlp_tabular_ln"", ""input_dim"": 13, ""hidden_dim"": 64, ""dropout"": 0.1}, {""name"": ""hungarian"", ""encoder"": ""mlp_tabular_ln"", ""input_dim"": 13, ""hidden_dim"": 64, ""dropout"": 0.1}, {""name"": ""switzerland"", ""encoder"": ""mlp_tabular_ln"", ""input_dim"": 13, ""hidden_dim"": 64, ""dropout"": 0.1}, {""name"": ""va_long_beach"", ""encoder"": ""mlp_tabular_ln"", ""input_dim"": 13, ""hidden_dim"": 64, ""dropout"": 0.1}], ""anchor_eps"": 0.0001, ""sep_samples_per_class"": 4, ""sep_method"": ""classifier"", ""sep_margin"": 1.0, ""lambda_fit"": 0.1, ""lambda_sep"": 0.1, ""groupdro_enabled"": true, ""groupdro_eta"": 0.02, ""groupdro_gamma"": 0.9, ""groupdro_update_mode"": ""exp"", ""groupdro_objective"": ""weighted"", ""groupdro_kl_lambda"": 0.0, ""groupdro_uniform_init"": false, ""log_interval"": 20, ""save_every"": 10, ""groupdro_ema_decay"": 0.9, ""groupdro_update_every"": 1, ""dro_signal"": ""val"", ""val_frac"": 0.15, ""impute_missing"": true, ""common_encoder"": true, ""use_regret"": false, ""data_split_seed"": 1000}","{""num_groups"": 4, ""num_classes"": 2, ""train_total"": 449, ""test_total"": 185, ""train_group_counts"": [205, 199, 20, 25], ""test_group_counts"": [61, 59, 25, 40], ""train_class_counts"": [248, 201], ""test_class_counts"": [83, 102], ""train_group_class_counts"": [[111, 94], [127, 72], [2, 18], [8, 17]], ""test_group_class_counts"": [[33, 28], [38, 21], [2, 23], [10, 30]], ""group_proportions"": [0.45657015590200445, 0.44320712694877507, 0.044543429844097995, 0.0556792873051225], ""val_group_counts"": [37, 36, 15, 24], ""val_total"": 112}","{""num_groups"": 4, ""eta"": 0.02, ""update_mode"": ""exp"", ""robust_objective"": ""weighted"", ""gamma"": 0.9, ""kl_lambda"": 0.0, ""initial_pi"": [0.4565701484680176, 0.44320711493492126, 0.04454343020915985, 0.055679287761449814]}",2026-09-15T20:37:48.083811,7,0.9430298984996857,0.7369614528690607,0.001,0.6594594594594595,0.6026771325368158,0.36,0.7966101694915254,"[0.7540983606557377, 0.7966101694915254, 0.36, 0.5]","[0.6154094397044573, 0.5999557517342649, 0.7378076684474945, 0.6963689282536507]","[0.9156626506024096, 0.45098039215686275]","[[0.9393939393939394, 0.5357142857142857], [0.9210526315789473, 0.5714285714285714], [0.5, 0.34782608695652173], [0.9, 0.36666666666666664]]","[61, 59, 25, 40]",0.6502625656414103,"[0.735930735930736, 0.7601626016260162, 0.3055555555555556, 0.4987468671679198]",0.3055555555555556,0.7378076684474945,0.7410714285714286,0.6844594594594595,0.4,0.8378378378378378,"[0.8378378378378378, 0.8333333333333334, 0.4, 0.6666666666666666]","[0.5813981616819227, 0.5826996978786256, 0.7373931487401326, 0.6673436264197031]","[0.98, 0.5483870967741935]","[[1.0, 0.6470588235294118], [0.9565217391304348, 0.6153846153846154], [1.0, 0.35714285714285715], [1.0, 0.5555555555555556]]","[37, 36, 15, 24]",0.7363422355710691,"[0.8276397515527951, 0.8036363636363637, 0.354066985645933, 0.6571428571428571]",0.354066985645933,0.7373931487401326,"[0.4556839168071747, 0.44414693117141724, 0.04454142600297928, 0.055627815425395966]","[0.6286827921867371, 0.6063109976904733, 0.744645744562149, 0.704182763894399]","[0.4558030962944031, 0.44406458735466003, 0.044515982270240784, 0.05561632290482521]","[0.4565701484680176, 0.44320711493492126, 0.04454343020915985, 0.055679287761449814]",0.0
"{""run_name"": ""fedheart_exp_paper_hetagg_gdro"", ""seed"": 44, ""run_dir"": ""runs/fedheart_cv/Shared_Anchors_GDRO_s44_f0"", ""use_fedheart"": true, ""num_classes"": 2, ""stratified_batching"": true, ""train_frac"": 0.8, ""group_max_train_samples"": [null, null, 20, 25], ""true_hetero_input_dim"": true, ""feature_mask"": [[0, 1, 2, 3, 5, 6, 7, 8, 9, 10], [0, 1, 2, 3, 5, 6, 11, 12], [0, 1, 2, 4, 5, 7, 11, 12], [0, 1, 2, 4, 5, 6, 8, 9, 10]], ""batch_size"": 64, ""num_workers"": 0, ""epochs"": 100, ""early_stopping_patience"": 30, ""lr"": 0.001, ""weight_decay"": 0.0001, ""optimizer"": ""adam"", ""grad_clip"": 1.0, ""lr_scheduler"": ""cosine"", ""lr_min"": 1e-05, ""latent_dim"": 64, ""head_hidden"": 32, ""groups"": [{""name"": ""cleveland"", ""encoder"": ""mlp_tabular_ln"", ""input_dim"": 13, ""hidden_dim"": 64, ""dropout"": 0.1}, {""name"": ""hungarian"", ""encoder"": ""mlp_tabular_ln"", ""input_dim"": 13, ""hidden_dim"": 64, ""dropout"": 0.1}, {""name"": ""switzerland"", ""encoder"": ""mlp_tabular_ln"", ""input_dim"": 13, ""hidden_dim"": 64, ""dropout"": 0.1}, {""name"": ""va_long_beach"", ""encoder"": ""mlp_tabular_ln"", ""input_dim"": 13, ""hidden_dim"": 64, ""dropout"": 0.1}], ""anchor_eps"": 0.0001, ""sep_samples_per_class"": 4, ""sep_method"": ""classifier"", ""sep_margin"": 1.0, ""lambda_fit"": 0.1, ""lambda_sep"": 0.1, ""groupdro_enabled"": true, ""groupdro_eta"": 0.02, ""groupdro_gamma"": 0.9, ""groupdro_update_mode"": ""exp"", ""groupdro_objective"": ""weighted"", ""groupdro_kl_lambda"": 0.0, ""groupdro_uniform_init"": false, ""log_interval"": 20, ""save_every"": 10, ""groupdro_ema_decay"": 0.9, ""groupdro_update_every"": 1, ""dro_signal"": ""val"", ""val_frac"": 0.15, ""impute_missing"": true, ""common_encoder"": true, ""use_regret"": false, ""data_split_seed"": 1000}","{""num_groups"": 4, ""num_classes"": 2, ""train_total"": 449, ""test_total"": 185, ""train_group_counts"": [205, 199, 20, 25], ""test_group_counts"": [61, 59, 25, 40], ""train_class_counts"": [248, 201], ""test_class_counts"": [83, 102], ""train_group_class_counts"": [[111, 94], [127, 72], [2, 18], [8, 17]], ""test_group_class_counts"": [[33, 28], [38, 21], [2, 23], [10, 30]], ""group_proportions"": [0.45657015590200445, 0.44320712694877507, 0.044543429844097995, 0.0556792873051225], ""val_group_counts"": [37, 36, 15, 24], ""val_total"": 112}","{""num_groups"": 4, ""eta"": 0.02, ""update_mode"": ""exp"", ""robust_objective"": ""weighted"", ""gamma"": 0.9, ""kl_lambda"": 0.0, ""initial_pi"": [0.4565701484680176, 0.44320711493492126, 0.04454343020915985, 0.055679287761449814]}",2026-09-15T20:37:48.083811,8,0.8877984671906278,0.6916099789461582,0.001,0.6756756756756757,0.6195533481522646,0.36,0.8305084745762712,"[0.7377049180327869, 0.8305084745762712, 0.36, 0.55]","[0.5959122928439594, 0.5823265622227879, 0.7361115539073944, 0.6915974706411362]","[0.9036144578313253, 0.49019607843137253]","[[0.9090909090909091, 0.5357142857142857], [0.9210526315789473, 0.6666666666666666], [0.5, 0.34782608695652173], [0.9, 0.43333333333333335]]","[61, 59, 25, 40]",0.6696428571428571,"[0.7208237986270023, 0.8059210526315789, 0.3055555555555556, 0.5454545454545454]",0.3055555555555556,0.7361115539073944,0.7678571428571429,0.7146396396396396,0.4666666666666667,0.8918918918918919,"[0.8918918918918919, 0.8333333333333334, 0.4666666666666667, 0.6666666666666666]","[0.5557476419049341, 0.5593065884378221, 0.7374340971310933, 0.6566494293510914]","[0.98, 0.5967741935483871]","[[1.0, 0.7647058823529411], [0.9565217391304348, 0.6153846153846154], [1.0, 0.42857142857142855], [1.0, 0.5555555555555556]]","[37, 36, 15, 24]",0.7651612903225806,"[0.8878787878787878, 0.8036363636363637, 0.39999999999999997, 0.6571428571428571]",0.39999999999999997,0.7374340971310933,"[0.45556262135505676, 0.4442104995250702, 0.0445791520178318, 0.05564766377210617]","[0.6069199868610927, 0.6072319149971008, 0.8058453599611918, 0.6938482026259104]","[0.4556839168071747, 0.44414693117141724, 0.04454142600297928, 0.055627815425395966]","[0.4565701484680176, 0.44320711493492126, 0.04454343020915985, 0.055679287761449814]",0.0
"{""run_name"": ""fedheart_exp_paper_hetagg_gdro"", ""seed"": 44, ""run_dir"": ""runs/fedheart_cv/Shared_Anchors_GDRO_s44_f0"", ""use_fedheart"": true, ""num_classes"": 2, ""stratified_batching"": true, ""train_frac"": 0.8, ""group_max_train_samples"": [null, null, 20, 25], ""true_hetero_input_dim"": true, ""feature_mask"": [[0, 1, 2, 3, 5, 6, 7, 8, 9, 10], [0, 1, 2, 3, 5, 6, 11, 12], [0, 1, 2, 4, 5, 7, 11, 12], [0, 1, 2, 4, 5, 6, 8, 9, 10]], ""batch_size"": 64, ""num_workers"": 0, ""epochs"": 100, ""early_stopping_patience"": 30, ""lr"": 0.001, ""weight_decay"": 0.0001, ""optimizer"": ""adam"", ""grad_clip"": 1.0, ""lr_scheduler"": ""cosine"", ""lr_min"": 1e-05, ""latent_dim"": 64, ""head_hidden"": 32, ""groups"": [{""name"": ""cleveland"", ""encoder"": ""mlp_tabular_ln"", ""input_dim"": 13, ""hidden_dim"": 64, ""dropout"": 0.1}, {""name"": ""hungarian"", ""encoder"": ""mlp_tabular_ln"", ""input_dim"": 13, ""hidden_dim"": 64, ""dropout"": 0.1}, {""name"": ""switzerland"", ""encoder"": ""mlp_tabular_ln"", ""input_dim"": 13, ""hidden_dim"": 64, ""dropout"": 0.1}, {""name"": ""va_long_beach"", ""encoder"": ""mlp_tabular_ln"", ""input_dim"": 13, ""hidden_dim"": 64, ""dropout"": 0.1}], ""anchor_eps"": 0.0001, ""sep_samples_per_class"": 4, ""sep_method"": ""classifier"", ""sep_margin"": 1.0, ""lambda_fit"": 0.1, ""lambda_sep"": 0.1, ""groupdro_enabled"": true, ""groupdro_eta"": 0.02, ""groupdro_gamma"": 0.9, ""groupdro_update_mode"": ""exp"", ""groupdro_objective"": ""weighted"", ""groupdro_kl_lambda"": 0.0, ""groupdro_uniform_init"": false, ""log_interval"": 20, ""save_every"": 10, ""groupdro_ema_decay"": 0.9, ""groupdro_update_every"": 1, ""dro_signal"": ""val"", ""val_frac"": 0.15, ""impute_missing"": true, ""common_encoder"": true, ""use_regret"": false, ""data_split_seed"": 1000}","{""num_groups"": 4, ""num_classes"": 2, ""train_total"": 449, ""test_total"": 185, ""train_group_counts"": [205, 199, 20, 25], ""test_group_counts"": [61, 59, 25, 40], ""train_class_counts"": [248, 201], ""test_class_counts"": [83, 102], ""train_group_class_counts"": [[111, 94], [127, 72], [2, 18], [8, 17]], ""test_group_class_counts"": [[33, 28], [38, 21], [2, 23], [10, 30]], ""group_proportions"": [0.45657015590200445, 0.44320712694877507, 0.044543429844097995, 0.0556792873051225], ""val_group_counts"": [37, 36, 15, 24], ""val_total"": 112}","{""num_groups"": 4, ""eta"": 0.02, ""update_mode"": ""exp"", ""robust_objective"": ""weighted"", ""gamma"": 0.9, ""kl_lambda"": 0.0, ""initial_pi"": [0.4565701484680176, 0.44320711493492126, 0.04454343020915985, 0.055679287761449814]}",2026-09-15T20:37:48.083811,9,0.8291108856936431,0.7210884380773082,0.001,0.6702702702702703,0.613164420672409,0.36,0.8135593220338984,"[0.7540983606557377, 0.8135593220338984, 0.36, 0.525]","[0.5698022681181548, 0.5516294958227772, 0.7580563163757325, 0.700202751159668]","[0.9036144578313253, 0.4803921568627451]","[[0.9393939393939394, 0.5357142857142857], [0.9210526315789473, 0.6190476190476191], [0.5, 0.34782608695652173], [0.8, 0.43333333333333335]]","[61, 59, 25, 40]",0.6636263375957554,"[0.735930735930736, 0.78345011678345, 0.3055555555555556, 0.5174603174603175]",0.3055555555555556,0.7580563163757325,0.7589285714285714,0.7078828828828829,0.4666666666666667,0.8648648648648649,"[0.8648648648648649, 0.8333333333333334, 0.4666666666666667, 0.6666666666666666]","[0.5161396538889086, 0.5206946490539445, 0.7622207442919413, 0.6539614734550317]","[0.98, 0.5806451612903226]","[[1.0, 0.7058823529411765], [0.9565217391304348, 0.6153846153846154], [1.0, 0.42857142857142855], [1.0, 0.5555555555555556]]","[37, 36, 15, 24]",0.7556363636363637,"[0.8582375478927203, 0.8036363636363637, 0.39999999999999997, 0.6571428571428571]",0.39999999999999997,0.7622207442919413,"[0.45543473958969116, 0.44425347447395325, 0.04463326185941696, 0.055678591132164]","[0.5872417518070766, 0.5840110863958087, 0.8032578229904175, 0.7062459290027618]","[0.45556262135505676, 0.4442104995250702, 0.0445791520178318, 0.05564766377210617]","[0.4565701484680176, 0.44320711493492126, 0.04454343020915985, 0.055679287761449814]",0.0
"{""run_name"": ""fedheart_exp_paper_hetagg_gdro"", ""seed"": 44, ""run_dir"": ""runs/fedheart_cv/Shared_Anchors_GDRO_s44_f0"", ""use_fedheart"": true, ""num_classes"": 2, ""stratified_batching"": true, ""train_frac"": 0.8, ""group_max_train_samples"": [null, null, 20, 25], ""true_hetero_input_dim"": true, ""feature_mask"": [[0, 1, 2, 3, 5, 6, 7, 8, 9, 10], [0, 1, 2, 3, 5, 6, 11, 12], [0, 1, 2, 4, 5, 7, 11, 12], [0, 1, 2, 4, 5, 6, 8, 9, 10]], ""batch_size"": 64, ""num_workers"": 0, ""epochs"": 100, ""early_stopping_patience"": 30, ""lr"": 0.001, ""weight_decay"": 0.0001, ""optimizer"": ""adam"", ""grad_clip"": 1.0, ""lr_scheduler"": ""cosine"", ""lr_min"": 1e-05, ""latent_dim"": 64, ""head_hidden"": 32, ""groups"": [{""name"": ""cleveland"", ""encoder"": ""mlp_tabular_ln"", ""input_dim"": 13, ""hidden_dim"": 64, ""dropout"": 0.1}, {""name"": ""hungarian"", ""encoder"": ""mlp_tabular_ln"", ""input_dim"": 13, ""hidden_dim"": 64, ""dropout"": 0.1}, {""name"": ""switzerland"", ""encoder"": ""mlp_tabular_ln"", ""input_dim"": 13, ""hidden_dim"": 64, ""dropout"": 0.1}, {""name"": ""va_long_beach"", ""encoder"": ""mlp_tabular_ln"", ""input_dim"": 13, ""hidden_dim"": 64, ""dropout"": 0.1}], ""anchor_eps"": 0.0001, ""sep_samples_per_class"": 4, ""sep_method"": ""classifier"", ""sep_margin"": 1.0, ""lambda_fit"": 0.1, ""lambda_sep"": 0.1, ""groupdro_enabled"": true, ""groupdro_eta"": 0.02, ""groupdro_gamma"": 0.9, ""groupdro_update_mode"": ""exp"", ""groupdro_objective"": ""weighted"", ""groupdro_kl_lambda"": 0.0, ""groupdro_uniform_init"": false, ""log_interval"": 20, ""save_every"": 10, ""groupdro_ema_decay"": 0.9, ""groupdro_update_every"": 1, ""dro_signal"": ""val"", ""val_frac"": 0.15, ""impute_missing"": true, ""common_encoder"": true, ""use_regret"": false, ""data_split_seed"": 1000}","{""num_groups"": 4, ""num_classes"": 2, ""train_total"": 449, ""test_total"": 185, ""train_group_counts"": [205, 199, 20, 25], ""test_group_counts"": [61, 59, 25, 40], ""train_class_counts"": [248, 201], ""test_class_counts"": [83, 102], ""train_group_class_counts"": [[111, 94], [127, 72], [2, 18], [8, 17]], ""test_group_class_counts"": [[33, 28], [38, 21], [2, 23], [10, 30]], ""group_proportions"": [0.45657015590200445, 0.44320712694877507, 0.044543429844097995, 0.0556792873051225], ""val_group_counts"": [37, 36, 15, 24], ""val_total"": 112}","{""num_groups"": 4, ""eta"": 0.02, ""update_mode"": ""exp"", ""robust_objective"": ""weighted"", ""gamma"": 0.9, ""kl_lambda"": 0.0, ""initial_pi"": [0.4565701484680176, 0.44320711493492126, 0.04454343020915985, 0.055679287761449814]}",2026-09-15T20:37:48.083811,10,0.7768465411636024,0.7369614530042186,0.001,0.6756756756756757,0.619414420672409,0.36,0.8135593220338984,"[0.7540983606557377, 0.8135593220338984, 0.36, 0.55]","[0.5490529353989929, 0.5304382483837968, 0.7592590534687043, 0.7045507520437241]","[0.9156626506024096, 0.4803921568627451]","[[0.9393939393939394, 0.5357142857142857], [0.9210526315789473, 0.6190476190476191], [0.5, 0.34782608695652173], [0.9, 0.43333333333333335]]","[61, 59, 25, 40]",0.6686171483162169,"[0.735930735930736, 0.78345011678345, 0.3055555555555556, 0.5454545454545454]",0.3055555555555556,0.7592590534687043,0.7767857142857143,0.7213963963963964,0.4666666666666667,0.918918918918919,"[0.918918918918919, 0.8333333333333334, 0.4666666666666667, 0.6666666666666666]","[0.48048679248706716, 0.49513808803425896, 0.7666933437188467, 0.6384360603988171]","[0.98, 0.6129032258064516]","[[1.0, 0.8235294117647058], [0.9565217391304348, 0.6153846153846154], [1.0, 0.42857142857142855], [1.0, 0.5555555555555556]]","[37, 36, 15, 24]",0.7746116075022136,"[0.9167291822955739, 0.8036363636363637, 0.39999999999999997, 0.6571428571428571]",0.39999999999999997,0.7666933437188467,"[0.4552939534187317, 0.44428008794784546, 0.04470507800579071, 0.05572090297937393]","[0.5465781518391201, 0.553360606942858, 0.7776224066813787, 0.737582246462504]","[0.45543473958969116, 0.44425347447395325, 0.04463326185941696, 0.055678591132164]","[0.4565701484680176, 0.44320711493492126, 0.04454343020915985, 0.055679287761449814]",0.0
"{""run_name"": ""fedheart_exp_paper_hetagg_gdro"", ""seed"": 44, ""run_dir"": ""runs/fedheart_cv/Shared_Anchors_GDRO_s44_f0"", ""use_fedheart"": true, ""num_classes"": 2, ""stratified_batching"": true, ""train_frac"": 0.8, ""group_max_train_samples"": [null, null, 20, 25], ""true_hetero_input_dim"": true, ""feature_mask"": [[0, 1, 2, 3, 5, 6, 7, 8, 9, 10], [0, 1, 2, 3, 5, 6, 11, 12], [0, 1, 2, 4, 5, 7, 11, 12], [0, 1, 2, 4, 5, 6, 8, 9, 10]], ""batch_size"": 64, ""num_workers"": 0, ""epochs"": 100, ""early_stopping_patience"": 30, ""lr"": 0.001, ""weight_decay"": 0.0001, ""optimizer"": ""adam"", ""grad_clip"": 1.0, ""lr_scheduler"": ""cosine"", ""lr_min"": 1e-05, ""latent_dim"": 64, ""head_hidden"": 32, ""groups"": [{""name"": ""cleveland"", ""encoder"": ""mlp_tabular_ln"", ""input_dim"": 13, ""hidden_dim"": 64, ""dropout"": 0.1}, {""name"": ""hungarian"", ""encoder"": ""mlp_tabular_ln"", ""input_dim"": 13, ""hidden_dim"": 64, ""dropout"": 0.1}, {""name"": ""switzerland"", ""encoder"": ""mlp_tabular_ln"", ""input_dim"": 13, ""hidden_dim"": 64, ""dropout"": 0.1}, {""name"": ""va_long_beach"", ""encoder"": ""mlp_tabular_ln"", ""input_dim"": 13, ""hidden_dim"": 64, ""dropout"": 0.1}], ""anchor_eps"": 0.0001, ""sep_samples_per_class"": 4, ""sep_method"": ""classifier"", ""sep_margin"": 1.0, ""lambda_fit"": 0.1, ""lambda_sep"": 0.1, ""groupdro_enabled"": true, ""groupdro_eta"": 0.02, ""groupdro_gamma"": 0.9, ""groupdro_update_mode"": ""exp"", ""groupdro_objective"": ""weighted"", ""groupdro_kl_lambda"": 0.0, ""groupdro_uniform_init"": false, ""log_interval"": 20, ""save_every"": 10, ""groupdro_ema_decay"": 0.9, ""groupdro_update_every"": 1, ""dro_signal"": ""val"", ""val_frac"": 0.15, ""impute_missing"": true, ""common_encoder"": true, ""use_regret"": false, ""data_split_seed"": 1000}","{""num_groups"": 4, ""num_classes"": 2, ""train_total"": 449, ""test_total"": 185, ""train_group_counts"": [205, 199, 20, 25], ""test_group_counts"": [61, 59, 25, 40], ""train_class_counts"": [248, 201], ""test_class_counts"": [83, 102], ""train_group_class_counts"": [[111, 94], [127, 72], [2, 18], [8, 17]], ""test_group_class_counts"": [[33, 28], [38, 21], [2, 23], [10, 30]], ""group_proportions"": [0.45657015590200445, 0.44320712694877507, 0.044543429844097995, 0.0556792873051225], ""val_group_counts"": [37, 36, 15, 24], ""val_total"": 112}","{""num_groups"": 4, ""eta"": 0.02, ""update_mode"": ""exp"", ""robust_objective"": ""weighted"", ""gamma"": 0.9, ""kl_lambda"": 0.0, ""initial_pi"": [0.4565701484680176, 0.44320711493492126, 0.04454343020915985, 0.055679287761449814]}",2026-09-15T20:37:48.083811,11,0.7458078747703916,0.725623582496124,0.001,0.6864864864864865,0.6415660600166713,0.44,0.8135593220338984,"[0.7377049180327869, 0.8135593220338984, 0.44, 0.575]","[0.5272705896956021, 0.5107325262437432, 0.7423544955253601, 0.6920402951538562]","[0.9036144578313253, 0.5098039215686274]","[[0.9090909090909091, 0.5357142857142857], [0.9210526315789473, 0.6190476190476191], [0.5, 0.43478260869565216], [0.9, 0.4666666666666667]]","[61, 59, 25, 40]",0.6815645773979107,"[0.7208237986270023, 0.78345011678345, 0.35661764705882354, 0.5682539682539683]",0.35661764705882354,0.7423544955253601,0.7946428571428571,0.7484797297297298,0.5333333333333333,0.918918918918919,"[0.918918918918919, 0.8333333333333334, 0.5333333333333333, 0.7083333333333334]","[0.44347541235588694, 0.4731089762515492, 0.7437826136747996, 0.6139075408379236]","[0.98, 0.6451612903225806]","[[1.0, 0.8235294117647058], [0.9565217391304348, 0.6153846153846154], [1.0, 0.5], [1.0, 0.6111111111111112]]","[37, 36, 15, 24]",0.7933081922490572,"[0.9167291822955739, 0.8036363636363637, 0.4444444444444444, 0.6950998185117967]",0.4444444444444444,0.7437826136747996,"[0.4551343619823456, 0.44429823756217957, 0.04479346424341202, 0.05577398091554642]","[0.5242025894778115, 0.545368607555117, 0.8704446156819662, 0.7325475911299387]","[0.4552939534187317, 0.44428008794784546, 0.04470507800579071, 0.05572090297937393]","[0.4565701484680176, 0.44320711493492126, 0.04454343020915985, 0.055679287761449814]",0.0
"{""run_name"": ""fedheart_exp_paper_hetagg_gdro"", ""seed"": 44, ""run_dir"": ""runs/fedheart_cv/Shared_Anchors_GDRO_s44_f0"", ""use_fedheart"": true, ""num_classes"": 2, ""stratified_batching"": true, ""train_frac"": 0.8, ""group_max_train_samples"": [null, null, 20, 25], ""true_hetero_input_dim"": true, ""feature_mask"": [[0, 1, 2, 3, 5, 6, 7, 8, 9, 10], [0, 1, 2, 3, 5, 6, 11, 12], [0, 1, 2, 4, 5, 7, 11, 12], [0, 1, 2, 4, 5, 6, 8, 9, 10]], ""batch_size"": 64, ""num_workers"": 0, ""epochs"": 100, ""early_stopping_patience"": 30, ""lr"": 0.001, ""weight_decay"": 0.0001, ""optimizer"": ""adam"", ""grad_clip"": 1.0, ""lr_scheduler"": ""cosine"", ""lr_min"": 1e-05, ""latent_dim"": 64, ""head_hidden"": 32, ""groups"": [{""name"": ""cleveland"", ""encoder"": ""mlp_tabular_ln"", ""input_dim"": 13, ""hidden_dim"": 64, ""dropout"": 0.1}, {""name"": ""hungarian"", ""encoder"": ""mlp_tabular_ln"", ""input_dim"": 13, ""hidden_dim"": 64, ""dropout"": 0.1}, {""name"": ""switzerland"", ""encoder"": ""mlp_tabular_ln"", ""input_dim"": 13, ""hidden_dim"": 64, ""dropout"": 0.1}, {""name"": ""va_long_beach"", ""encoder"": ""mlp_tabular_ln"", ""input_dim"": 13, ""hidden_dim"": 64, ""dropout"": 0.1}], ""anchor_eps"": 0.0001, ""sep_samples_per_class"": 4, ""sep_method"": ""classifier"", ""sep_margin"": 1.0, ""lambda_fit"": 0.1, ""lambda_sep"": 0.1, ""groupdro_enabled"": true, ""groupdro_eta"": 0.02, ""groupdro_gamma"": 0.9, ""groupdro_update_mode"": ""exp"", ""groupdro_objective"": ""weighted"", ""groupdro_kl_lambda"": 0.0, ""groupdro_uniform_init"": false, ""log_interval"": 20, ""save_every"": 10, ""groupdro_ema_decay"": 0.9, ""groupdro_update_every"": 1, ""dro_signal"": ""val"", ""val_frac"": 0.15, ""impute_missing"": true, ""common_encoder"": true, ""use_regret"": false, ""data_split_seed"": 1000}","{""num_groups"": 4, ""num_classes"": 2, ""train_total"": 449, ""test_total"": 185, ""train_group_counts"": [205, 199, 20, 25], ""test_group_counts"": [61, 59, 25, 40], ""train_class_counts"": [248, 201], ""test_class_counts"": [83, 102], ""train_group_class_counts"": [[111, 94], [127, 72], [2, 18], [8, 17]], ""test_group_class_counts"": [[33, 28], [38, 21], [2, 23], [10, 30]], ""group_proportions"": [0.45657015590200445, 0.44320712694877507, 0.044543429844097995, 0.0556792873051225], ""val_group_counts"": [37, 36, 15, 24], ""val_total"": 112}","{""num_groups"": 4, ""eta"": 0.02, ""update_mode"": ""exp"", ""robust_objective"": ""weighted"", ""gamma"": 0.9, ""kl_lambda"": 0.0, ""initial_pi"": [0.4565701484680176, 0.44320711493492126, 0.04454343020915985, 0.055679287761449814]}",2026-09-15T20:37:48.083811,12,0.7128607868607623,0.7437641711191796,0.001,0.6918918918918919,0.645664420672409,0.44,0.8135593220338984,"[0.7540983606557377, 0.8135593220338984, 0.44, 0.575]","[0.5070498937466106, 0.4871905491513721, 0.7573527079820633, 0.7013129282742738]","[0.9156626506024096, 0.5098039215686274]","[[0.9393939393939394, 0.5357142857142857], [0.9210526315789473, 0.6190476190476191], [0.5, 0.43478260869565216], [0.9, 0.4666666666666667]]","[61, 59, 25, 40]",0.6866177300959909,"[0.735930735930736, 0.78345011678345, 0.35661764705882354, 0.5682539682539683]",0.35661764705882354,0.7573527079820633,0.7857142857142857,0.731813063063063,0.4666666666666667,0.918918918918919,"[0.918918918918919, 0.8333333333333334, 0.4666666666666667, 0.7083333333333334]","[0.41198712627629974, 0.4485806884864966, 0.7601869463920593, 0.6127928725133339]","[0.98, 0.6290322580645161]","[[1.0, 0.8235294117647058], [0.9565217391304348, 0.6153846153846154], [1.0, 0.42857142857142855], [1.0, 0.6111111111111112]]","[37, 36, 15, 24]",0.7839922854387656,"[0.9167291822955739, 0.8036363636363637, 0.39999999999999997, 0.6950998185117967]",0.39999999999999997,0.7601869463920593,"[0.4549514055252075, 0.44430866837501526, 0.04490053653717041, 0.05583938956260681]","[0.5126624022211347, 0.5268590194838387, 0.8401111165682474, 0.7555690109729767]","[0.4551343619823456, 0.44429823756217957, 0.04479346424341202, 0.05577398091554642]","[0.4565701484680176, 0.44320711493492126, 0.04454343020915985, 0.055679287761449814]",0.0
"{""run_name"": ""fedheart_exp_paper_hetagg_gdro"", ""seed"": 44, ""run_dir"": ""runs/fedheart_cv/Shared_Anchors_GDRO_s44_f0"", ""use_fedheart"": true, ""num_classes"": 2, ""stratified_batching"": true, ""train_frac"": 0.8, ""group_max_train_samples"": [null, null, 20, 25], ""true_hetero_input_dim"": true, ""feature_mask"": [[0, 1, 2, 3, 5, 6, 7, 8, 9, 10], [0, 1, 2, 3, 5, 6, 11, 12], [0, 1, 2, 4, 5, 7, 11, 12], [0, 1, 2, 4, 5, 6, 8, 9, 10]], ""batch_size"": 64, ""num_workers"": 0, ""epochs"": 100, ""early_stopping_patience"": 30, ""lr"": 0.001, ""weight_decay"": 0.0001, ""optimizer"": ""adam"", ""grad_clip"": 1.0, ""lr_scheduler"": ""cosine"", ""lr_min"": 1e-05, ""latent_dim"": 64, ""head_hidden"": 32, ""groups"": [{""name"": ""cleveland"", ""encoder"": ""mlp_tabular_ln"", ""input_dim"": 13, ""hidden_dim"": 64, ""dropout"": 0.1}, {""name"": ""hungarian"", ""encoder"": ""mlp_tabular_ln"", ""input_dim"": 13, ""hidden_dim"": 64, ""dropout"": 0.1}, {""name"": ""switzerland"", ""encoder"": ""mlp_tabular_ln"", ""input_dim"": 13, ""hidden_dim"": 64, ""dropout"": 0.1}, {""name"": ""va_long_beach"", ""encoder"": ""mlp_tabular_ln"", ""input_dim"": 13, ""hidden_dim"": 64, ""dropout"": 0.1}], ""anchor_eps"": 0.0001, ""sep_samples_per_class"": 4, ""sep_method"": ""classifier"", ""sep_margin"": 1.0, ""lambda_fit"": 0.1, ""lambda_sep"": 0.1, ""groupdro_enabled"": true, ""groupdro_eta"": 0.02, ""groupdro_gamma"": 0.9, ""groupdro_update_mode"": ""exp"", ""groupdro_objective"": ""weighted"", ""groupdro_kl_lambda"": 0.0, ""groupdro_uniform_init"": false, ""log_interval"": 20, ""save_every"": 10, ""groupdro_ema_decay"": 0.9, ""groupdro_update_every"": 1, ""dro_signal"": ""val"", ""val_frac"": 0.15, ""impute_missing"": true, ""common_encoder"": true, ""use_regret"": false, ""data_split_seed"": 1000}","{""num_groups"": 4, ""num_classes"": 2, ""train_total"": 449, ""test_total"": 185, ""train_group_counts"": [205, 199, 20, 25], ""test_group_counts"": [61, 59, 25, 40], ""train_class_counts"": [248, 201], ""test_class_counts"": [83, 102], ""train_group_class_counts"": [[111, 94], [127, 72], [2, 18], [8, 17]], ""test_group_class_counts"": [[33, 28], [38, 21], [2, 23], [10, 30]], ""group_proportions"": [0.45657015590200445, 0.44320712694877507, 0.044543429844097995, 0.0556792873051225], ""val_group_counts"": [37, 36, 15, 24], ""val_total"": 112}","{""num_groups"": 4, ""eta"": 0.02, ""update_mode"": ""exp"", ""robust_objective"": ""weighted"", ""gamma"": 0.9, ""kl_lambda"": 0.0, ""initial_pi"": [0.4565701484680176, 0.44320711493492126, 0.04454343020915985, 0.055679287761449814]}",2026-09-15T20:37:48.083811,13,0.6724083502006099,0.7528344707694453,0.001,0.6756756756756757,0.6271898444012225,0.4,0.7796610169491526,"[0.7540983606557377, 0.7796610169491526, 0.4, 0.575]","[0.505379463439105, 0.47340581477698634, 0.8121495097875595, 0.7374225776642561]","[0.9156626506024096, 0.4803921568627451]","[[0.9393939393939394, 0.5357142857142857], [0.9210526315789473, 0.5238095238095238], [0.5, 0.391304347826087], [0.9, 0.4666666666666667]]","[61, 59, 25, 40]",0.6686171483162169,"[0.735930735930736, 0.7359724612736662, 0.3315508021390374, 0.5682539682539683]",0.3315508021390374,0.8121495097875595,0.7678571428571429,0.7047297297297297,0.4,0.918918918918919,"[0.918918918918919, 0.8333333333333334, 0.4, 0.6666666666666666]","[0.38828239851706736, 0.4310231916606426, 0.8095957279205322, 0.6338994552691778]","[0.98, 0.5967741935483871]","[[1.0, 0.8235294117647058], [0.9565217391304348, 0.6153846153846154], [1.0, 0.35714285714285715], [1.0, 0.5555555555555556]]","[37, 36, 15, 24]",0.7651612903225806,"[0.9167291822955739, 0.8036363636363637, 0.354066985645933, 0.6571428571428571]",0.354066985645933,0.8095957279205322,"[0.45473963022232056, 0.44430992007255554, 0.0450303852558136, 0.055919989943504333]","[0.4926387199333736, 0.5002601785319192, 0.8042435149351755, 0.7875888695319494]","[0.4549514055252075, 0.44430866837501526, 0.04490053653717041, 0.05583938956260681]","[0.4565701484680176, 0.44320711493492126, 0.04454343020915985, 0.055679287761449814]",0.0
"{""run_name"": ""fedheart_exp_paper_hetagg_gdro"", ""seed"": 44, ""run_dir"": ""runs/fedheart_cv/Shared_Anchors_GDRO_s44_f0"", ""use_fedheart"": true, ""num_classes"": 2, ""stratified_batching"": true, ""train_frac"": 0.8, ""group_max_train_samples"": [null, null, 20, 25], ""true_hetero_input_dim"": true, ""feature_mask"": [[0, 1, 2, 3, 5, 6, 7, 8, 9, 10], [0, 1, 2, 3, 5, 6, 11, 12], [0, 1, 2, 4, 5, 7, 11, 12], [0, 1, 2, 4, 5, 6, 8, 9, 10]], ""batch_size"": 64, ""num_workers"": 0, ""epochs"": 100, ""early_stopping_patience"": 30, ""lr"": 0.001, ""weight_decay"": 0.0001, ""optimizer"": ""adam"", ""grad_clip"": 1.0, ""lr_scheduler"": ""cosine"", ""lr_min"": 1e-05, ""latent_dim"": 64, ""head_hidden"": 32, ""groups"": [{""name"": ""cleveland"", ""encoder"": ""mlp_tabular_ln"", ""input_dim"": 13, ""hidden_dim"": 64, ""dropout"": 0.1}, {""name"": ""hungarian"", ""encoder"": ""mlp_tabular_ln"", ""input_dim"": 13, ""hidden_dim"": 64, ""dropout"": 0.1}, {""name"": ""switzerland"", ""encoder"": ""mlp_tabular_ln"", ""input_dim"": 13, ""hidden_dim"": 64, ""dropout"": 0.1}, {""name"": ""va_long_beach"", ""encoder"": ""mlp_tabular_ln"", ""input_dim"": 13, ""hidden_dim"": 64, ""dropout"": 0.1}], ""anchor_eps"": 0.0001, ""sep_samples_per_class"": 4, ""sep_method"": ""classifier"", ""sep_margin"": 1.0, ""lambda_fit"": 0.1, ""lambda_sep"": 0.1, ""groupdro_enabled"": true, ""groupdro_eta"": 0.02, ""groupdro_gamma"": 0.9, ""groupdro_update_mode"": ""exp"", ""groupdro_objective"": ""weighted"", ""groupdro_kl_lambda"": 0.0, ""groupdro_uniform_init"": false, ""log_interval"": 20, ""save_every"": 10, ""groupdro_ema_decay"": 0.9, ""groupdro_update_every"": 1, ""dro_signal"": ""val"", ""val_frac"": 0.15, ""impute_missing"": true, ""common_encoder"": true, ""use_regret"": false, ""data_split_seed"": 1000}","{""num_groups"": 4, ""num_classes"": 2, ""train_total"": 449, ""test_total"": 185, ""train_group_counts"": [205, 199, 20, 25], ""test_group_counts"": [61, 59, 25, 40], ""train_class_counts"": [248, 201], ""test_class_counts"": [83, 102], ""train_group_class_counts"": [[111, 94], [127, 72], [2, 18], [8, 17]], ""test_group_class_counts"": [[33, 28], [38, 21], [2, 23], [10, 30]], ""group_proportions"": [0.45657015590200445, 0.44320712694877507, 0.044543429844097995, 0.0556792873051225], ""val_group_counts"": [37, 36, 15, 24], ""val_total"": 112}","{""num_groups"": 4, ""eta"": 0.02, ""update_mode"": ""exp"", ""robust_objective"": ""weighted"", ""gamma"": 0.9, ""kl_lambda"": 0.0, ""initial_pi"": [0.4565701484680176, 0.44320711493492126, 0.04454343020915985, 0.055679287761449814]}",2026-09-15T20:37:48.083811,14,0.6348008994612835,0.7641723324922748,0.001,0.7081081081081081,0.6640000694637399,0.48,0.8305084745762712,"[0.7704918032786885, 0.8305084745762712, 0.48, 0.575]","[0.49053250399769327, 0.47014810359579023, 0.7288558092713356, 0.6811767723411322]","[0.9036144578313253, 0.5490196078431373]","[[0.9090909090909091, 0.6071428571428571], [0.9210526315789473, 0.6666666666666666], [0.5, 0.4782608695652174], [0.9, 0.4666666666666667]]","[61, 59, 25, 40]",0.7049964564138909,"[0.759572072072072, 0.8059210526315789, 0.38095238095238093, 0.5682539682539683]",0.38095238095238093,0.7288558092713356,0.8214285714285714,0.7984797297297297,0.7083333333333334,0.918918918918919,"[0.918918918918919, 0.8333333333333334, 0.7333333333333333, 0.7083333333333334]","[0.36800939851516, 0.43518178082174724, 0.7226684749126434, 0.5738585448513428]","[0.98, 0.6935483870967742]","[[1.0, 0.8235294117647058], [0.9565217391304348, 0.6153846153846154], [1.0, 0.7142857142857143], [1.0, 0.6111111111111112]]","[37, 36, 15, 24]",0.8209146146466262,"[0.9167291822955739, 0.8036363636363637, 0.5833333333333333, 0.6950998185117967]",0.5833333333333333,0.7226684749126434,"[0.45449674129486084, 0.44431954622268677, 0.04517439380288124, 0.05600922554731369]","[0.49104335478373934, 0.4948471486568451, 0.7350399841864904, 0.7213699122269949]","[0.45473963022232056, 0.44430992007255554, 0.0450303852558136, 0.055919989943504333]","[0.4565701484680176, 0.44320711493492126, 0.04454343020915985, 0.055679287761449814]",0.0
"{""run_name"": ""fedheart_exp_paper_hetagg_gdro"", ""seed"": 44, ""run_dir"": ""runs/fedheart_cv/Shared_Anchors_GDRO_s44_f0"", ""use_fedheart"": true, ""num_classes"": 2, ""stratified_batching"": true, ""train_frac"": 0.8, ""group_max_train_samples"": [null, null, 20, 25], ""true_hetero_input_dim"": true, ""feature_mask"": [[0, 1, 2, 3, 5, 6, 7, 8, 9, 10], [0, 1, 2, 3, 5, 6, 11, 12], [0, 1, 2, 4, 5, 7, 11, 12], [0, 1, 2, 4, 5, 6, 8, 9, 10]], ""batch_size"": 64, ""num_workers"": 0, ""epochs"": 100, ""early_stopping_patience"": 30, ""lr"": 0.001, ""weight_decay"": 0.0001, ""optimizer"": ""adam"", ""grad_clip"": 1.0, ""lr_scheduler"": ""cosine"", ""lr_min"": 1e-05, ""latent_dim"": 64, ""head_hidden"": 32, ""groups"": [{""name"": ""cleveland"", ""encoder"": ""mlp_tabular_ln"", ""input_dim"": 13, ""hidden_dim"": 64, ""dropout"": 0.1}, {""name"": ""hungarian"", ""encoder"": ""mlp_tabular_ln"", ""input_dim"": 13, ""hidden_dim"": 64, ""dropout"": 0.1}, {""name"": ""switzerland"", ""encoder"": ""mlp_tabular_ln"", ""input_dim"": 13, ""hidden_dim"": 64, ""dropout"": 0.1}, {""name"": ""va_long_beach"", ""encoder"": ""mlp_tabular_ln"", ""input_dim"": 13, ""hidden_dim"": 64, ""dropout"": 0.1}], ""anchor_eps"": 0.0001, ""sep_samples_per_class"": 4, ""sep_method"": ""classifier"", ""sep_margin"": 1.0, ""lambda_fit"": 0.1, ""lambda_sep"": 0.1, ""groupdro_enabled"": true, ""groupdro_eta"": 0.02, ""groupdro_gamma"": 0.9, ""groupdro_update_mode"": ""exp"", ""groupdro_objective"": ""weighted"", ""groupdro_kl_lambda"": 0.0, ""groupdro_uniform_init"": false, ""log_interval"": 20, ""save_every"": 10, ""groupdro_ema_decay"": 0.9, ""groupdro_update_every"": 1, ""dro_signal"": ""val"", ""val_frac"": 0.15, ""impute_missing"": true, ""common_encoder"": true, ""use_regret"": false, ""data_split_seed"": 1000}","{""num_groups"": 4, ""num_classes"": 2, ""train_total"": 449, ""test_total"": 185, ""train_group_counts"": [205, 199, 20, 25], ""test_group_counts"": [61, 59, 25, 40], ""train_class_counts"": [248, 201], ""test_class_counts"": [83, 102], ""train_group_class_counts"": [[111, 94], [127, 72], [2, 18], [8, 17]], ""test_group_class_counts"": [[33, 28], [38, 21], [2, 23], [10, 30]], ""group_proportions"": [0.45657015590200445, 0.44320712694877507, 0.044543429844097995, 0.0556792873051225], ""val_group_counts"": [37, 36, 15, 24], ""val_total"": 112}","{""num_groups"": 4, ""eta"": 0.02, ""update_mode"": ""exp"", ""robust_objective"": ""weighted"", ""gamma"": 0.9, ""kl_lambda"": 0.0, ""initial_pi"": [0.4565701484680176, 0.44320711493492126, 0.04454343020915985, 0.055679287761449814]}",2026-09-15T20:37:48.083811,15,0.6266520738331369,0.7482993175653644,0.001,0.6918918918918919,0.6514271325368157,0.48,0.7966101694915254,"[0.7540983606557377, 0.7966101694915254, 0.48, 0.575]","[0.5009076936078853, 0.4595753649028681, 0.8253742986917496, 0.7583587555214762]","[0.9156626506024096, 0.5098039215686274]","[[0.9393939393939394, 0.5357142857142857], [0.9210526315789473, 0.5714285714285714], [0.5, 0.4782608695652174], [0.9, 0.4666666666666667]]","[61, 59, 25, 40]",0.6866177300959909,"[0.735930735930736, 0.7601626016260162, 0.38095238095238093, 0.5682539682539683]",0.38095238095238093,0.8253742986917496,0.7857142857142857,0.7415352852852853,0.5333333333333333,0.918918918918919,"[0.918918918918919, 0.8055555555555556, 0.5333333333333333, 0.7083333333333334]","[0.35838448397211126, 0.431012733735972, 0.8090062896410625, 0.626055572492381]","[0.98, 0.6290322580645161]","[[1.0, 0.8235294117647058], [0.9565217391304348, 0.5384615384615384], [1.0, 0.5], [1.0, 0.6111111111111112]]","[37, 36, 15, 24]",0.7839922854387656,"[0.9167291822955739, 0.7647058823529411, 0.4444444444444444, 0.6950998185117967]",0.4444444444444444,0.8090062896410625,"[0.45421651005744934, 0.4443323314189911, 0.045339081436395645, 0.05611206963658333]","[0.4767659476825169, 0.48819807171821594, 0.7635588099559149, 0.808501586318016]","[0.45449674129486084, 0.44431954622268677, 0.04517439380288124, 0.05600922554731369]","[0.4565701484680176, 0.44320711493492126, 0.04454343020915985, 0.055679287761449814]",0.0
"{""run_name"": ""fedheart_exp_paper_hetagg_gdro"", ""seed"": 44, ""run_dir"": ""runs/fedheart_cv/Shared_Anchors_GDRO_s44_f0"", ""use_fedheart"": true, ""num_classes"": 2, ""stratified_batching"": true, ""train_frac"": 0.8, ""group_max_train_samples"": [null, null, 20, 25], ""true_hetero_input_dim"": true, ""feature_mask"": [[0, 1, 2, 3, 5, 6, 7, 8, 9, 10], [0, 1, 2, 3, 5, 6, 11, 12], [0, 1, 2, 4, 5, 7, 11, 12], [0, 1, 2, 4, 5, 6, 8, 9, 10]], ""batch_size"": 64, ""num_workers"": 0, ""epochs"": 100, ""early_stopping_patience"": 30, ""lr"": 0.001, ""weight_decay"": 0.0001, ""optimizer"": ""adam"", ""grad_clip"": 1.0, ""lr_scheduler"": ""cosine"", ""lr_min"": 1e-05, ""latent_dim"": 64, ""head_hidden"": 32, ""groups"": [{""name"": ""cleveland"", ""encoder"": ""mlp_tabular_ln"", ""input_dim"": 13, ""hidden_dim"": 64, ""dropout"": 0.1}, {""name"": ""hungarian"", ""encoder"": ""mlp_tabular_ln"", ""input_dim"": 13, ""hidden_dim"": 64, ""dropout"": 0.1}, {""name"": ""switzerland"", ""encoder"": ""mlp_tabular_ln"", ""input_dim"": 13, ""hidden_dim"": 64, ""dropout"": 0.1}, {""name"": ""va_long_beach"", ""encoder"": ""mlp_tabular_ln"", ""input_dim"": 13, ""hidden_dim"": 64, ""dropout"": 0.1}], ""anchor_eps"": 0.0001, ""sep_samples_per_class"": 4, ""sep_method"": ""classifier"", ""sep_margin"": 1.0, ""lambda_fit"": 0.1, ""lambda_sep"": 0.1, ""groupdro_enabled"": true, ""groupdro_eta"": 0.02, ""groupdro_gamma"": 0.9, ""groupdro_update_mode"": ""exp"", ""groupdro_objective"": ""weighted"", ""groupdro_kl_lambda"": 0.0, ""groupdro_uniform_init"": false, ""log_interval"": 20, ""save_every"": 10, ""groupdro_ema_decay"": 0.9, ""groupdro_update_every"": 1, ""dro_signal"": ""val"", ""val_frac"": 0.15, ""impute_missing"": true, ""common_encoder"": true, ""use_regret"": false, ""data_split_seed"": 1000}","{""num_groups"": 4, ""num_classes"": 2, ""train_total"": 449, ""test_total"": 185, ""train_group_counts"": [205, 199, 20, 25], ""test_group_counts"": [61, 59, 25, 40], ""train_class_counts"": [248, 201], ""test_class_counts"": [83, 102], ""train_group_class_counts"": [[111, 94], [127, 72], [2, 18], [8, 17]], ""test_group_class_counts"": [[33, 28], [38, 21], [2, 23], [10, 30]], ""group_proportions"": [0.45657015590200445, 0.44320712694877507, 0.044543429844097995, 0.0556792873051225], ""val_group_counts"": [37, 36, 15, 24], ""val_total"": 112}","{""num_groups"": 4, ""eta"": 0.02, ""update_mode"": ""exp"", ""robust_objective"": ""weighted"", ""gamma"": 0.9, ""kl_lambda"": 0.0, ""initial_pi"": [0.4565701484680176, 0.44320711493492126, 0.04454343020915985, 0.055679287761449814]}",2026-09-15T20:37:48.083811,16,0.5812542504734464,0.7732426291690662,0.001,0.7027027027027027,0.6597627813281467,0.48,0.8135593220338984,"[0.7704918032786885, 0.8135593220338984, 0.48, 0.575]","[0.4856781311577461, 0.4590721785138219, 0.7595936870574951, 0.713780178502202]","[0.9036144578313253, 0.5392156862745098]","[[0.9090909090909091, 0.6071428571428571], [0.9210526315789473, 0.6190476190476191], [0.5, 0.4782608695652174], [0.9, 0.4666666666666667]]","[61, 59, 25, 40]",0.6991869918699187,"[0.759572072072072, 0.78345011678345, 0.38095238095238093, 0.5682539682539683]",0.38095238095238093,0.7595936870574951,0.8303571428571429,0.8054241741741742,0.7083333333333334,0.918918918918919,"[0.918918918918919, 0.8611111111111112, 0.7333333333333333, 0.7083333333333334]","[0.34244696171702566, 0.42017026493946713, 0.7328821301460267, 0.5818539960309863]","[0.98, 0.7096774193548387]","[[1.0, 0.8235294117647058], [0.9565217391304348, 0.6923076923076923], [1.0, 0.7142857142857143], [1.0, 0.6111111111111112]]","[37, 36, 15, 24]",0.8300183720744468,"[0.9167291822955739, 0.8402839396628217, 0.5833333333333333, 0.6950998185117967]",0.5833333333333333,0.7328821301460267,"[0.45390433073043823, 0.4443540871143341, 0.045517321676015854, 0.05622426047921181]","[0.452360349042075, 0.4685869514942169, 0.8286293745040894, 0.6482124328613281]","[0.45421651005744934, 0.4443323314189911, 0.045339081436395645, 0.05611206963658333]","[0.4565701484680176, 0.44320711493492126, 0.04454343020915985, 0.055679287761449814]",0.0
"{""run_name"": ""fedheart_exp_paper_hetagg_gdro"", ""seed"": 44, ""run_dir"": ""runs/fedheart_cv/Shared_Anchors_GDRO_s44_f0"", ""use_fedheart"": true, ""num_classes"": 2, ""stratified_batching"": true, ""train_frac"": 0.8, ""group_max_train_samples"": [null, null, 20, 25], ""true_hetero_input_dim"": true, ""feature_mask"": [[0, 1, 2, 3, 5, 6, 7, 8, 9, 10], [0, 1, 2, 3, 5, 6, 11, 12], [0, 1, 2, 4, 5, 7, 11, 12], [0, 1, 2, 4, 5, 6, 8, 9, 10]], ""batch_size"": 64, ""num_workers"": 0, ""epochs"": 100, ""early_stopping_patience"": 30, ""lr"": 0.001, ""weight_decay"": 0.0001, ""optimizer"": ""adam"", ""grad_clip"": 1.0, ""lr_scheduler"": ""cosine"", ""lr_min"": 1e-05, ""latent_dim"": 64, ""head_hidden"": 32, ""groups"": [{""name"": ""cleveland"", ""encoder"": ""mlp_tabular_ln"", ""input_dim"": 13, ""hidden_dim"": 64, ""dropout"": 0.1}, {""name"": ""hungarian"", ""encoder"": ""mlp_tabular_ln"", ""input_dim"": 13, ""hidden_dim"": 64, ""dropout"": 0.1}, {""name"": ""switzerland"", ""encoder"": ""mlp_tabular_ln"", ""input_dim"": 13, ""hidden_dim"": 64, ""dropout"": 0.1}, {""name"": ""va_long_beach"", ""encoder"": ""mlp_tabular_ln"", ""input_dim"": 13, ""hidden_dim"": 64, ""dropout"": 0.1}], ""anchor_eps"": 0.0001, ""sep_samples_per_class"": 4, ""sep_method"": ""classifier"", ""sep_margin"": 1.0, ""lambda_fit"": 0.1, ""lambda_sep"": 0.1, ""groupdro_enabled"": true, ""groupdro_eta"": 0.02, ""groupdro_gamma"": 0.9, ""groupdro_update_mode"": ""exp"", ""groupdro_objective"": ""weighted"", ""groupdro_kl_lambda"": 0.0, ""groupdro_uniform_init"": false, ""log_interval"": 20, ""save_every"": 10, ""groupdro_ema_decay"": 0.9, ""groupdro_update_every"": 1, ""dro_signal"": ""val"", ""val_frac"": 0.15, ""impute_missing"": true, ""common_encoder"": true, ""use_regret"": false, ""data_split_seed"": 1000}","{""num_groups"": 4, ""num_classes"": 2, ""train_total"": 449, ""test_total"": 185, ""train_group_counts"": [205, 199, 20, 25], ""test_group_counts"": [61, 59, 25, 40], ""train_class_counts"": [248, 201], ""test_class_counts"": [83, 102], ""train_group_class_counts"": [[111, 94], [127, 72], [2, 18], [8, 17]], ""test_group_class_counts"": [[33, 28], [38, 21], [2, 23], [10, 30]], ""group_proportions"": [0.45657015590200445, 0.44320712694877507, 0.044543429844097995, 0.0556792873051225], ""val_group_counts"": [37, 36, 15, 24], ""val_total"": 112}","{""num_groups"": 4, ""eta"": 0.02, ""update_mode"": ""exp"", ""robust_objective"": ""weighted"", ""gamma"": 0.9, ""kl_lambda"": 0.0, ""initial_pi"": [0.4565701484680176, 0.44320711493492126, 0.04454343020915985, 0.055679287761449814]}",2026-09-15T20:37:48.083811,17,0.5848857044092381,0.7505668951810893,0.001,0.6972972972972973,0.6535127813281467,0.48,0.8135593220338984,"[0.7704918032786885, 0.8135593220338984, 0.48, 0.55]","[0.4940881813403036, 0.4606456065834579, 0.7945772612094879, 0.7430332779884339]","[0.9156626506024096, 0.5196078431372549]","[[0.9393939393939394, 0.5714285714285714], [0.9210526315789473, 0.6190476190476191], [0.5, 0.4782608695652174], [0.9, 0.43333333333333335]]","[61, 59, 25, 40]",0.6925451092117759,"[0.755720823798627, 0.78345011678345, 0.38095238095238093, 0.5454545454545454]",0.38095238095238093,0.7945772612094879,0.8035714285714286,0.7748686186186187,0.6666666666666666,0.918918918918919,"[0.918918918918919, 0.8055555555555556, 0.6666666666666666, 0.7083333333333334]","[0.3393623257005537, 0.43300282168719506, 0.7640310664971669, 0.6024443103621403]","[0.98, 0.6612903225806451]","[[1.0, 0.8235294117647058], [0.9565217391304348, 0.5384615384615384], [1.0, 0.6428571428571429], [1.0, 0.6111111111111112]]","[37, 36, 15, 24]",0.8025641025641026,"[0.9167291822955739, 0.7647058823529411, 0.5341614906832298, 0.6950998185117967]",0.5341614906832298,0.7640310664971669,"[0.45355427265167236, 0.4443890452384949, 0.04571016877889633, 0.05634646862745285]","[0.4614375020776476, 0.5029789890561785, 0.6649249593416849, 0.7283526162306467]","[0.45390433073043823, 0.4443540871143341, 0.045517321676015854, 0.05622426047921181]","[0.4565701484680176, 0.44320711493492126, 0.04454343020915985, 0.055679287761449814]",0.0
"{""run_name"": ""fedheart_exp_paper_hetagg_gdro"", ""seed"": 44, ""run_dir"": ""runs/fedheart_cv/Shared_Anchors_GDRO_s44_f0"", ""use_fedheart"": true, ""num_classes"": 2, ""stratified_batching"": true, ""train_frac"": 0.8, ""group_max_train_samples"": [null, null, 20, 25], ""true_hetero_input_dim"": true, ""feature_mask"": [[0, 1, 2, 3, 5, 6, 7, 8, 9, 10], [0, 1, 2, 3, 5, 6, 11, 12], [0, 1, 2, 4, 5, 7, 11, 12], [0, 1, 2, 4, 5, 6, 8, 9, 10]], ""batch_size"": 64, ""num_workers"": 0, ""epochs"": 100, ""early_stopping_patience"": 30, ""lr"": 0.001, ""weight_decay"": 0.0001, ""optimizer"": ""adam"", ""grad_clip"": 1.0, ""lr_scheduler"": ""cosine"", ""lr_min"": 1e-05, ""latent_dim"": 64, ""head_hidden"": 32, ""groups"": [{""name"": ""cleveland"", ""encoder"": ""mlp_tabular_ln"", ""input_dim"": 13, ""hidden_dim"": 64, ""dropout"": 0.1}, {""name"": ""hungarian"", ""encoder"": ""mlp_tabular_ln"", ""input_dim"": 13, ""hidden_dim"": 64, ""dropout"": 0.1}, {""name"": ""switzerland"", ""encoder"": ""mlp_tabular_ln"", ""input_dim"": 13, ""hidden_dim"": 64, ""dropout"": 0.1}, {""name"": ""va_long_beach"", ""encoder"": ""mlp_tabular_ln"", ""input_dim"": 13, ""hidden_dim"": 64, ""dropout"": 0.1}], ""anchor_eps"": 0.0001, ""sep_samples_per_class"": 4, ""sep_method"": ""classifier"", ""sep_margin"": 1.0, ""lambda_fit"": 0.1, ""lambda_sep"": 0.1, ""groupdro_enabled"": true, ""groupdro_eta"": 0.02, ""groupdro_gamma"": 0.9, ""groupdro_update_mode"": ""exp"", ""groupdro_objective"": ""weighted"", ""groupdro_kl_lambda"": 0.0, ""groupdro_uniform_init"": false, ""log_interval"": 20, ""save_every"": 10, ""groupdro_ema_decay"": 0.9, ""groupdro_update_every"": 1, ""dro_signal"": ""val"", ""val_frac"": 0.15, ""impute_missing"": true, ""common_encoder"": true, ""use_regret"": false, ""data_split_seed"": 1000}","{""num_groups"": 4, ""num_classes"": 2, ""train_total"": 449, ""test_total"": 185, ""train_group_counts"": [205, 199, 20, 25], ""test_group_counts"": [61, 59, 25, 40], ""train_class_counts"": [248, 201], ""test_class_counts"": [83, 102], ""train_group_class_counts"": [[111, 94], [127, 72], [2, 18], [8, 17]], ""test_group_class_counts"": [[33, 28], [38, 21], [2, 23], [10, 30]], ""group_proportions"": [0.45657015590200445, 0.44320712694877507, 0.044543429844097995, 0.0556792873051225], ""val_group_counts"": [37, 36, 15, 24], ""val_total"": 112}","{""num_groups"": 4, ""eta"": 0.02, ""update_mode"": ""exp"", ""robust_objective"": ""weighted"", ""gamma"": 0.9, ""kl_lambda"": 0.0, ""initial_pi"": [0.4565701484680176, 0.44320711493492126, 0.04454343020915985, 0.055679287761449814]}",2026-09-15T20:37:48.083811,18,0.5458855541114634,0.7709750575002899,0.001,0.6972972972972973,0.6535127813281467,0.48,0.8135593220338984,"[0.7704918032786885, 0.8135593220338984, 0.48, 0.55]","[0.5069432013103219, 0.4651006492391481, 0.8267560079693794, 0.7638461393304169]","[0.9156626506024096, 0.5196078431372549]","[[0.9393939393939394, 0.5714285714285714], [0.9210526315789473, 0.6190476190476191], [0.5, 0.4782608695652174], [0.9, 0.43333333333333335]]","[61, 59, 25, 40]",0.6925451092117759,"[0.755720823798627, 0.78345011678345, 0.38095238095238093, 0.5454545454545454]",0.38095238095238093,0.8267560079693794,0.8035714285714286,0.7748686186186187,0.6666666666666666,0.918918918918919,"[0.918918918918919, 0.8055555555555556, 0.6666666666666666, 0.7083333333333334]","[0.33480094514183095, 0.4450111755480369, 0.7679527004559835, 0.6140063023194671]","[0.98, 0.6612903225806451]","[[1.0, 0.8235294117647058], [0.9565217391304348, 0.5384615384615384], [1.0, 0.6428571428571429], [1.0, 0.6111111111111112]]","[37, 36, 15, 24]",0.8025641025641026,"[0.9167291822955739, 0.7647058823529411, 0.5341614906832298, 0.6950998185117967]",0.5341614906832298,0.7679527004559835,"[0.4531622529029846, 0.4444427490234375, 0.04591637849807739, 0.0564785934984684]","[0.45324852211134775, 0.4499581456184387, 0.763078028957049, 0.8026364247004191]","[0.45355427265167236, 0.4443890452384949, 0.04571016877889633, 0.05634646862745285]","[0.4565701484680176, 0.44320711493492126, 0.04454343020915985, 0.055679287761449814]",0.0
"{""run_name"": ""fedheart_exp_paper_hetagg_gdro"", ""seed"": 44, ""run_dir"": ""runs/fedheart_cv/Shared_Anchors_GDRO_s44_f0"", ""use_fedheart"": true, ""num_classes"": 2, ""stratified_batching"": true, ""train_frac"": 0.8, ""group_max_train_samples"": [null, null, 20, 25], ""true_hetero_input_dim"": true, ""feature_mask"": [[0, 1, 2, 3, 5, 6, 7, 8, 9, 10], [0, 1, 2, 3, 5, 6, 11, 12], [0, 1, 2, 4, 5, 7, 11, 12], [0, 1, 2, 4, 5, 6, 8, 9, 10]], ""batch_size"": 64, ""num_workers"": 0, ""epochs"": 100, ""early_stopping_patience"": 30, ""lr"": 0.001, ""weight_decay"": 0.0001, ""optimizer"": ""adam"", ""grad_clip"": 1.0, ""lr_scheduler"": ""cosine"", ""lr_min"": 1e-05, ""latent_dim"": 64, ""head_hidden"": 32, ""groups"": [{""name"": ""cleveland"", ""encoder"": ""mlp_tabular_ln"", ""input_dim"": 13, ""hidden_dim"": 64, ""dropout"": 0.1}, {""name"": ""hungarian"", ""encoder"": ""mlp_tabular_ln"", ""input_dim"": 13, ""hidden_dim"": 64, ""dropout"": 0.1}, {""name"": ""switzerland"", ""encoder"": ""mlp_tabular_ln"", ""input_dim"": 13, ""hidden_dim"": 64, ""dropout"": 0.1}, {""name"": ""va_long_beach"", ""encoder"": ""mlp_tabular_ln"", ""input_dim"": 13, ""hidden_dim"": 64, ""dropout"": 0.1}], ""anchor_eps"": 0.0001, ""sep_samples_per_class"": 4, ""sep_method"": ""classifier"", ""sep_margin"": 1.0, ""lambda_fit"": 0.1, ""lambda_sep"": 0.1, ""groupdro_enabled"": true, ""groupdro_eta"": 0.02, ""groupdro_gamma"": 0.9, ""groupdro_update_mode"": ""exp"", ""groupdro_objective"": ""weighted"", ""groupdro_kl_lambda"": 0.0, ""groupdro_uniform_init"": false, ""log_interval"": 20, ""save_every"": 10, ""groupdro_ema_decay"": 0.9, ""groupdro_update_every"": 1, ""dro_signal"": ""val"", ""val_frac"": 0.15, ""impute_missing"": true, ""common_encoder"": true, ""use_regret"": false, ""data_split_seed"": 1000}","{""num_groups"": 4, ""num_classes"": 2, ""train_total"": 449, ""test_total"": 185, ""train_group_counts"": [205, 199, 20, 25], ""test_group_counts"": [61, 59, 25, 40], ""train_class_counts"": [248, 201], ""test_class_counts"": [83, 102], ""train_group_class_counts"": [[111, 94], [127, 72], [2, 18], [8, 17]], ""test_group_class_counts"": [[33, 28], [38, 21], [2, 23], [10, 30]], ""group_proportions"": [0.45657015590200445, 0.44320712694877507, 0.044543429844097995, 0.0556792873051225], ""val_group_counts"": [37, 36, 15, 24], ""val_total"": 112}","{""num_groups"": 4, ""eta"": 0.02, ""update_mode"": ""exp"", ""robust_objective"": ""weighted"", ""gamma"": 0.9, ""kl_lambda"": 0.0, ""initial_pi"": [0.4565701484680176, 0.44320711493492126, 0.04454343020915985, 0.055679287761449814]}",2026-09-15T20:37:48.083811,19,0.5227348471309593,0.7732426272768552,0.001,0.7027027027027027,0.6695533481522645,0.55,0.8305084745762712,"[0.7377049180327869, 0.8305084745762712, 0.56, 0.55]","[0.4998816554052908, 0.46531474085177404, 0.8037001682817936, 0.7467376621440053]","[0.891566265060241, 0.5490196078431373]","[[0.8787878787878788, 0.5714285714285714], [0.9210526315789473, 0.6666666666666666], [0.5, 0.5652173913043478], [0.9, 0.43333333333333335]]","[61, 59, 25, 40]",0.6998613610217987,"[0.7252252252252253, 0.8059210526315789, 0.4282744282744282, 0.5454545454545454]",0.4282744282744282,0.8037001682817936,0.8214285714285714,0.808201951951952,0.7083333333333334,0.918918918918919,"[0.918918918918919, 0.8055555555555556, 0.8, 0.7083333333333334]","[0.31979551971764175, 0.4443189981910918, 0.7178446352481842, 0.5922450978929797]","[0.98, 0.6935483870967742]","[[1.0, 0.8235294117647058], [0.9565217391304348, 0.5384615384615384], [1.0, 0.7857142857142857], [1.0, 0.6111111111111112]]","[37, 36, 15, 24]",0.8209146146466262,"[0.9167291822955739, 0.7647058823529411, 0.64, 0.6950998185117967]",0.64,0.7178446352481842,"[0.4527284502983093, 0.444521963596344, 0.0461311899125576, 0.056618448346853256]","[0.45308567370687214, 0.4542169826371329, 0.7359708646933237, 0.5714714924494425]","[0.4531622529029846, 0.4444427490234375, 0.04591637849807739, 0.0564785934984684]","[0.4565701484680176, 0.44320711493492126, 0.04454343020915985, 0.055679287761449814]",0.0
"{""run_name"": ""fedheart_exp_paper_hetagg_gdro"", ""seed"": 44, ""run_dir"": ""runs/fedheart_cv/Shared_Anchors_GDRO_s44_f0"", ""use_fedheart"": true, ""num_classes"": 2, ""stratified_batching"": true, ""train_frac"": 0.8, ""group_max_train_samples"": [null, null, 20, 25], ""true_hetero_input_dim"": true, ""feature_mask"": [[0, 1, 2, 3, 5, 6, 7, 8, 9, 10], [0, 1, 2, 3, 5, 6, 11, 12], [0, 1, 2, 4, 5, 7, 11, 12], [0, 1, 2, 4, 5, 6, 8, 9, 10]], ""batch_size"": 64, ""num_workers"": 0, ""epochs"": 100, ""early_stopping_patience"": 30, ""lr"": 0.001, ""weight_decay"": 0.0001, ""optimizer"": ""adam"", ""grad_clip"": 1.0, ""lr_scheduler"": ""cosine"", ""lr_min"": 1e-05, ""latent_dim"": 64, ""head_hidden"": 32, ""groups"": [{""name"": ""cleveland"", ""encoder"": ""mlp_tabular_ln"", ""input_dim"": 13, ""hidden_dim"": 64, ""dropout"": 0.1}, {""name"": ""hungarian"", ""encoder"": ""mlp_tabular_ln"", ""input_dim"": 13, ""hidden_dim"": 64, ""dropout"": 0.1}, {""name"": ""switzerland"", ""encoder"": ""mlp_tabular_ln"", ""input_dim"": 13, ""hidden_dim"": 64, ""dropout"": 0.1}, {""name"": ""va_long_beach"", ""encoder"": ""mlp_tabular_ln"", ""input_dim"": 13, ""hidden_dim"": 64, ""dropout"": 0.1}], ""anchor_eps"": 0.0001, ""sep_samples_per_class"": 4, ""sep_method"": ""classifier"", ""sep_margin"": 1.0, ""lambda_fit"": 0.1, ""lambda_sep"": 0.1, ""groupdro_enabled"": true, ""groupdro_eta"": 0.02, ""groupdro_gamma"": 0.9, ""groupdro_update_mode"": ""exp"", ""groupdro_objective"": ""weighted"", ""groupdro_kl_lambda"": 0.0, ""groupdro_uniform_init"": false, ""log_interval"": 20, ""save_every"": 10, ""groupdro_ema_decay"": 0.9, ""groupdro_update_every"": 1, ""dro_signal"": ""val"", ""val_frac"": 0.15, ""impute_missing"": true, ""common_encoder"": true, ""use_regret"": false, ""data_split_seed"": 1000}","{""num_groups"": 4, ""num_classes"": 2, ""train_total"": 449, ""test_total"": 185, ""train_group_counts"": [205, 199, 20, 25], ""test_group_counts"": [61, 59, 25, 40], ""train_class_counts"": [248, 201], ""test_class_counts"": [83, 102], ""train_group_class_counts"": [[111, 94], [127, 72], [2, 18], [8, 17]], ""test_group_class_counts"": [[33, 28], [38, 21], [2, 23], [10, 30]], ""group_proportions"": [0.45657015590200445, 0.44320712694877507, 0.044543429844097995, 0.0556792873051225], ""val_group_counts"": [37, 36, 15, 24], ""val_total"": 112}","{""num_groups"": 4, ""eta"": 0.02, ""update_mode"": ""exp"", ""robust_objective"": ""weighted"", ""gamma"": 0.9, ""kl_lambda"": 0.0, ""initial_pi"": [0.4565701484680176, 0.44320711493492126, 0.04454343020915985, 0.055679287761449814]}",2026-09-15T20:37:48.083811,20,0.5123770003145784,0.7868480743194113,0.001,0.6810810810810811,0.6353160600166713,0.44,0.8135593220338984,"[0.7377049180327869, 0.8135593220338984, 0.44, 0.55]","[0.5103074814208218, 0.46769580974290936, 0.8655393576622009, 0.7802309905178845]","[0.891566265060241, 0.5098039215686274]","[[0.8787878787878788, 0.5714285714285714], [0.9210526315789473, 0.6190476190476191], [0.5, 0.43478260869565216], [0.9, 0.43333333333333335]]","[61, 59, 25, 40]",0.6765063276132894,"[0.7252252252252253, 0.78345011678345, 0.35661764705882354, 0.5454545454545454]",0.35661764705882354,0.8655393576622009,0.8214285714285714,0.808201951951952,0.7083333333333334,0.918918918918919,"[0.918918918918919, 0.8055555555555556, 0.8, 0.7083333333333334]","[0.3059650626335595, 0.437116381401817, 0.7386119623978933, 0.6112499342610439]","[0.98, 0.6935483870967742]","[[1.0, 0.8235294117647058], [0.9565217391304348, 0.5384615384615384], [1.0, 0.7857142857142857], [1.0, 0.6111111111111112]]","[37, 36, 15, 24]",0.8209146146466262,"[0.9167291822955739, 0.7647058823529411, 0.64, 0.6950998185117967]",0.64,0.7386119623978933,"[0.45225104689598083, 0.4446240961551666, 0.04635653272271156, 0.05676831305027008]","[0.4238659143447876, 0.4620667355401175, 0.5902773514389992, 0.7243880182504654]","[0.4527284502983093, 0.444521963596344, 0.0461311899125576, 0.056618448346853256]","[0.4565701484680176, 0.44320711493492126, 0.04454343020915985, 0.055679287761449814]",0.0
"{""run_name"": ""fedheart_exp_paper_hetagg_gdro"", ""seed"": 44, ""run_dir"": ""runs/fedheart_cv/Shared_Anchors_GDRO_s44_f0"", ""use_fedheart"": true, ""num_classes"": 2, ""stratified_batching"": true, ""train_frac"": 0.8, ""group_max_train_samples"": [null, null, 20, 25], ""true_hetero_input_dim"": true, ""feature_mask"": [[0, 1, 2, 3, 5, 6, 7, 8, 9, 10], [0, 1, 2, 3, 5, 6, 11, 12], [0, 1, 2, 4, 5, 7, 11, 12], [0, 1, 2, 4, 5, 6, 8, 9, 10]], ""batch_size"": 64, ""num_workers"": 0, ""epochs"": 100, ""early_stopping_patience"": 30, ""lr"": 0.001, ""weight_decay"": 0.0001, ""optimizer"": ""adam"", ""grad_clip"": 1.0, ""lr_scheduler"": ""cosine"", ""lr_min"": 1e-05, ""latent_dim"": 64, ""head_hidden"": 32, ""groups"": [{""name"": ""cleveland"", ""encoder"": ""mlp_tabular_ln"", ""input_dim"": 13, ""hidden_dim"": 64, ""dropout"": 0.1}, {""name"": ""hungarian"", ""encoder"": ""mlp_tabular_ln"", ""input_dim"": 13, ""hidden_dim"": 64, ""dropout"": 0.1}, {""name"": ""switzerland"", ""encoder"": ""mlp_tabular_ln"", ""input_dim"": 13, ""hidden_dim"": 64, ""dropout"": 0.1}, {""name"": ""va_long_beach"", ""encoder"": ""mlp_tabular_ln"", ""input_dim"": 13, ""hidden_dim"": 64, ""dropout"": 0.1}], ""anchor_eps"": 0.0001, ""sep_samples_per_class"": 4, ""sep_method"": ""classifier"", ""sep_margin"": 1.0, ""lambda_fit"": 0.1, ""lambda_sep"": 0.1, ""groupdro_enabled"": true, ""groupdro_eta"": 0.02, ""groupdro_gamma"": 0.9, ""groupdro_update_mode"": ""exp"", ""groupdro_objective"": ""weighted"", ""groupdro_kl_lambda"": 0.0, ""groupdro_uniform_init"": false, ""log_interval"": 20, ""save_every"": 10, ""groupdro_ema_decay"": 0.9, ""groupdro_update_every"": 1, ""dro_signal"": ""val"", ""val_frac"": 0.15, ""impute_missing"": true, ""common_encoder"": true, ""use_regret"": false, ""data_split_seed"": 1000}","{""num_groups"": 4, ""num_classes"": 2, ""train_total"": 449, ""test_total"": 185, ""train_group_counts"": [205, 199, 20, 25], ""test_group_counts"": [61, 59, 25, 40], ""train_class_counts"": [248, 201], ""test_class_counts"": [83, 102], ""train_group_class_counts"": [[111, 94], [127, 72], [2, 18], [8, 17]], ""test_group_class_counts"": [[33, 28], [38, 21], [2, 23], [10, 30]], ""group_proportions"": [0.45657015590200445, 0.44320712694877507, 0.044543429844097995, 0.0556792873051225], ""val_group_counts"": [37, 36, 15, 24], ""val_total"": 112}","{""num_groups"": 4, ""eta"": 0.02, ""update_mode"": ""exp"", ""robust_objective"": ""weighted"", ""gamma"": 0.9, ""kl_lambda"": 0.0, ""initial_pi"": [0.4565701484680176, 0.44320711493492126, 0.04454343020915985, 0.055679287761449814]}",2026-09-15T20:37:48.083811,21,0.5031881923037592,0.7845805025154771,0.001,0.6810810810810811,0.6353160600166713,0.44,0.8135593220338984,"[0.7377049180327869, 0.8135593220338984, 0.44, 0.55]","[0.5185557599561136, 0.47411481609915274, 0.8935566270351409, 0.8020316150505096]","[0.891566265060241, 0.5098039215686274]","[[0.8787878787878788, 0.5714285714285714], [0.9210526315789473, 0.6190476190476191], [0.5, 0.43478260869565216], [0.9, 0.43333333333333335]]","[61, 59, 25, 40]",0.6765063276132894,"[0.7252252252252253, 0.78345011678345, 0.35661764705882354, 0.5454545454545454]",0.35661764705882354,0.8935566270351409,0.8125,0.7915352852852853,0.7083333333333334,0.918918918918919,"[0.918918918918919, 0.8055555555555556, 0.7333333333333333, 0.7083333333333334]","[0.3018577691872378, 0.44295167985061806, 0.7507939944664638, 0.6253285848846039]","[0.98, 0.6774193548387096]","[[1.0, 0.8235294117647058], [0.9565217391304348, 0.5384615384615384], [1.0, 0.7142857142857143], [1.0, 0.6111111111111112]]","[37, 36, 15, 24]",0.8117647058823529,"[0.9167291822955739, 0.7647058823529411, 0.5833333333333333, 0.6950998185117967]",0.5833333333333333,0.7507939944664638,"[0.45172885060310364, 0.44474995136260986, 0.04659251496195793, 0.05692863464355469]","[0.43582852823393686, 0.42972657084465027, 0.831591010093689, 0.7703652928272883]","[0.45225104689598083, 0.4446240961551666, 0.04635653272271156, 0.05676831305027008]","[0.4565701484680176, 0.44320711493492126, 0.04454343020915985, 0.055679287761449814]",0.0
"{""run_name"": ""fedheart_exp_paper_hetagg_gdro"", ""seed"": 44, ""run_dir"": ""runs/fedheart_cv/Shared_Anchors_GDRO_s44_f0"", ""use_fedheart"": true, ""num_classes"": 2, ""stratified_batching"": true, ""train_frac"": 0.8, ""group_max_train_samples"": [null, null, 20, 25], ""true_hetero_input_dim"": true, ""feature_mask"": [[0, 1, 2, 3, 5, 6, 7, 8, 9, 10], [0, 1, 2, 3, 5, 6, 11, 12], [0, 1, 2, 4, 5, 7, 11, 12], [0, 1, 2, 4, 5, 6, 8, 9, 10]], ""batch_size"": 64, ""num_workers"": 0, ""epochs"": 100, ""early_stopping_patience"": 30, ""lr"": 0.001, ""weight_decay"": 0.0001, ""optimizer"": ""adam"", ""grad_clip"": 1.0, ""lr_scheduler"": ""cosine"", ""lr_min"": 1e-05, ""latent_dim"": 64, ""head_hidden"": 32, ""groups"": [{""name"": ""cleveland"", ""encoder"": ""mlp_tabular_ln"", ""input_dim"": 13, ""hidden_dim"": 64, ""dropout"": 0.1}, {""name"": ""hungarian"", ""encoder"": ""mlp_tabular_ln"", ""input_dim"": 13, ""hidden_dim"": 64, ""dropout"": 0.1}, {""name"": ""switzerland"", ""encoder"": ""mlp_tabular_ln"", ""input_dim"": 13, ""hidden_dim"": 64, ""dropout"": 0.1}, {""name"": ""va_long_beach"", ""encoder"": ""mlp_tabular_ln"", ""input_dim"": 13, ""hidden_dim"": 64, ""dropout"": 0.1}], ""anchor_eps"": 0.0001, ""sep_samples_per_class"": 4, ""sep_method"": ""classifier"", ""sep_margin"": 1.0, ""lambda_fit"": 0.1, ""lambda_sep"": 0.1, ""groupdro_enabled"": true, ""groupdro_eta"": 0.02, ""groupdro_gamma"": 0.9, ""groupdro_update_mode"": ""exp"", ""groupdro_objective"": ""weighted"", ""groupdro_kl_lambda"": 0.0, ""groupdro_uniform_init"": false, ""log_interval"": 20, ""save_every"": 10, ""groupdro_ema_decay"": 0.9, ""groupdro_update_every"": 1, ""dro_signal"": ""val"", ""val_frac"": 0.15, ""impute_missing"": true, ""common_encoder"": true, ""use_regret"": false, ""data_split_seed"": 1000}","{""num_groups"": 4, ""num_classes"": 2, ""train_total"": 449, ""test_total"": 185, ""train_group_counts"": [205, 199, 20, 25], ""test_group_counts"": [61, 59, 25, 40], ""train_class_counts"": [248, 201], ""test_class_counts"": [83, 102], ""train_group_class_counts"": [[111, 94], [127, 72], [2, 18], [8, 17]], ""test_group_class_counts"": [[33, 28], [38, 21], [2, 23], [10, 30]], ""group_proportions"": [0.45657015590200445, 0.44320712694877507, 0.044543429844097995, 0.0556792873051225], ""val_group_counts"": [37, 36, 15, 24], ""val_total"": 112}","{""num_groups"": 4, ""eta"": 0.02, ""update_mode"": ""exp"", ""robust_objective"": ""weighted"", ""gamma"": 0.9, ""kl_lambda"": 0.0, ""initial_pi"": [0.4565701484680176, 0.44320711493492126, 0.04454343020915985, 0.055679287761449814]}",2026-09-15T20:37:48.083811,22,0.5021285245748334,0.7664399120002107,0.001,0.7027027027027027,0.6750382050569603,0.55,0.7796610169491526,"[0.7704918032786885, 0.7796610169491526, 0.6, 0.55]","[0.5036330417287155, 0.48319215883137817, 0.7935032314807177, 0.722908138576895]","[0.8554216867469879, 0.5784313725490197]","[[0.8787878787878788, 0.6428571428571429], [0.868421052631579, 0.6190476190476191], [0.5, 0.6086956521739131], [0.8, 0.4666666666666667]]","[61, 59, 25, 40]",0.7014465537983041,"[0.7627777777777778, 0.751054852320675, 0.45175438596491224, 0.5396419437340153]",0.45175438596491224,0.7935032314807177,0.8035714285714286,0.7882507507507508,0.7333333333333333,0.8918918918918919,"[0.8918918918918919, 0.7777777777777778, 0.7333333333333333, 0.75]","[0.312055373262312, 0.4500430441564984, 0.6610529502232869, 0.5787117492097119]","[0.92, 0.7096774193548387]","[[0.95, 0.8235294117647058], [0.9130434782608695, 0.5384615384615384], [0.0, 0.7857142857142857], [1.0, 0.6666666666666666]]","[37, 36, 15, 24]",0.8035087719298246,"[0.8898809523809523, 0.7381818181818182, 0.4230769230769231, 0.7333333333333334]",0.4230769230769231,0.6610529502232869,"[0.45117461681365967, 0.4449024796485901, 0.04682980850338936, 0.05709303542971611]","[0.4423825570515224, 0.43523256693567547, 0.7263086289167404, 0.7505980481704077]","[0.45172885060310364, 0.44474995136260986, 0.04659251496195793, 0.05692863464355469]","[0.4565701484680176, 0.44320711493492126, 0.04454343020915985, 0.055679287761449814]",0.0
"{""run_name"": ""fedheart_exp_paper_hetagg_gdro"", ""seed"": 44, ""run_dir"": ""runs/fedheart_cv/Shared_Anchors_GDRO_s44_f0"", ""use_fedheart"": true, ""num_classes"": 2, ""stratified_batching"": true, ""train_frac"": 0.8, ""group_max_train_samples"": [null, null, 20, 25], ""true_hetero_input_dim"": true, ""feature_mask"": [[0, 1, 2, 3, 5, 6, 7, 8, 9, 10], [0, 1, 2, 3, 5, 6, 11, 12], [0, 1, 2, 4, 5, 7, 11, 12], [0, 1, 2, 4, 5, 6, 8, 9, 10]], ""batch_size"": 64, ""num_workers"": 0, ""epochs"": 100, ""early_stopping_patience"": 30, ""lr"": 0.001, ""weight_decay"": 0.0001, ""optimizer"": ""adam"", ""grad_clip"": 1.0, ""lr_scheduler"": ""cosine"", ""lr_min"": 1e-05, ""latent_dim"": 64, ""head_hidden"": 32, ""groups"": [{""name"": ""cleveland"", ""encoder"": ""mlp_tabular_ln"", ""input_dim"": 13, ""hidden_dim"": 64, ""dropout"": 0.1}, {""name"": ""hungarian"", ""encoder"": ""mlp_tabular_ln"", ""input_dim"": 13, ""hidden_dim"": 64, ""dropout"": 0.1}, {""name"": ""switzerland"", ""encoder"": ""mlp_tabular_ln"", ""input_dim"": 13, ""hidden_dim"": 64, ""dropout"": 0.1}, {""name"": ""va_long_beach"", ""encoder"": ""mlp_tabular_ln"", ""input_dim"": 13, ""hidden_dim"": 64, ""dropout"": 0.1}], ""anchor_eps"": 0.0001, ""sep_samples_per_class"": 4, ""sep_method"": ""classifier"", ""sep_margin"": 1.0, ""lambda_fit"": 0.1, ""lambda_sep"": 0.1, ""groupdro_enabled"": true, ""groupdro_eta"": 0.02, ""groupdro_gamma"": 0.9, ""groupdro_update_mode"": ""exp"", ""groupdro_objective"": ""weighted"", ""groupdro_kl_lambda"": 0.0, ""groupdro_uniform_init"": false, ""log_interval"": 20, ""save_every"": 10, ""groupdro_ema_decay"": 0.9, ""groupdro_update_every"": 1, ""dro_signal"": ""val"", ""val_frac"": 0.15, ""impute_missing"": true, ""common_encoder"": true, ""use_regret"": false, ""data_split_seed"": 1000}","{""num_groups"": 4, ""num_classes"": 2, ""train_total"": 449, ""test_total"": 185, ""train_group_counts"": [205, 199, 20, 25], ""test_group_counts"": [61, 59, 25, 40], ""train_class_counts"": [248, 201], ""test_class_counts"": [83, 102], ""train_group_class_counts"": [[111, 94], [127, 72], [2, 18], [8, 17]], ""test_group_class_counts"": [[33, 28], [38, 21], [2, 23], [10, 30]], ""group_proportions"": [0.45657015590200445, 0.44320712694877507, 0.044543429844097995, 0.0556792873051225], ""val_group_counts"": [37, 36, 15, 24], ""val_total"": 112}","{""num_groups"": 4, ""eta"": 0.02, ""update_mode"": ""exp"", ""robust_objective"": ""weighted"", ""gamma"": 0.9, ""kl_lambda"": 0.0, ""initial_pi"": [0.4565701484680176, 0.44320711493492126, 0.04454343020915985, 0.055679287761449814]}",2026-09-15T20:37:48.083811,23,0.4793089340333225,0.7959183700500972,0.001,0.6756756756756757,0.6310787718810781,0.44,0.7966101694915254,"[0.7377049180327869, 0.7966101694915254, 0.44, 0.55]","[0.5158649576736278, 0.4763622767591881, 0.9107124749571085, 0.8210780278313905]","[0.891566265060241, 0.5]","[[0.8787878787878788, 0.5714285714285714], [0.9210526315789473, 0.5714285714285714], [0.5, 0.43478260869565216], [0.9, 0.43333333333333335]]","[61, 59, 25, 40]",0.6705840455840455,"[0.7252252252252253, 0.7601626016260162, 0.35661764705882354, 0.5454545454545454]",0.35661764705882354,0.9107124749571085,0.8125,0.7915352852852853,0.7083333333333334,0.918918918918919,"[0.918918918918919, 0.8055555555555556, 0.7333333333333333, 0.7083333333333334]","[0.31104613820443283, 0.4618019912805822, 0.7447620406746864, 0.6417865778009096]","[0.96, 0.6935483870967742]","[[1.0, 0.8235294117647058], [0.9565217391304348, 0.5384615384615384], [0.0, 0.7857142857142857], [1.0, 0.6111111111111112]]","[37, 36, 15, 24]",0.812125569134915,"[0.9167291822955739, 0.7647058823529411, 0.4230769230769231, 0.6950998185117967]",0.4230769230769231,0.7447620406746864,"[0.45057955384254456, 0.4450783133506775, 0.047075118869543076, 0.0572669692337513]","[0.41962776865277973, 0.44602630393845694, 0.7285164992014567, 0.6601590812206268]","[0.45117461681365967, 0.4449024796485901, 0.04682980850338936, 0.05709303542971611]","[0.4565701484680176, 0.44320711493492126, 0.04454343020915985, 0.055679287761449814]",0.0
"{""run_name"": ""fedheart_exp_paper_hetagg_gdro"", ""seed"": 44, ""run_dir"": ""runs/fedheart_cv/Shared_Anchors_GDRO_s44_f0"", ""use_fedheart"": true, ""num_classes"": 2, ""stratified_batching"": true, ""train_frac"": 0.8, ""group_max_train_samples"": [null, null, 20, 25], ""true_hetero_input_dim"": true, ""feature_mask"": [[0, 1, 2, 3, 5, 6, 7, 8, 9, 10], [0, 1, 2, 3, 5, 6, 11, 12], [0, 1, 2, 4, 5, 7, 11, 12], [0, 1, 2, 4, 5, 6, 8, 9, 10]], ""batch_size"": 64, ""num_workers"": 0, ""epochs"": 100, ""early_stopping_patience"": 30, ""lr"": 0.001, ""weight_decay"": 0.0001, ""optimizer"": ""adam"", ""grad_clip"": 1.0, ""lr_scheduler"": ""cosine"", ""lr_min"": 1e-05, ""latent_dim"": 64, ""head_hidden"": 32, ""groups"": [{""name"": ""cleveland"", ""encoder"": ""mlp_tabular_ln"", ""input_dim"": 13, ""hidden_dim"": 64, ""dropout"": 0.1}, {""name"": ""hungarian"", ""encoder"": ""mlp_tabular_ln"", ""input_dim"": 13, ""hidden_dim"": 64, ""dropout"": 0.1}, {""name"": ""switzerland"", ""encoder"": ""mlp_tabular_ln"", ""input_dim"": 13, ""hidden_dim"": 64, ""dropout"": 0.1}, {""name"": ""va_long_beach"", ""encoder"": ""mlp_tabular_ln"", ""input_dim"": 13, ""hidden_dim"": 64, ""dropout"": 0.1}], ""anchor_eps"": 0.0001, ""sep_samples_per_class"": 4, ""sep_method"": ""classifier"", ""sep_margin"": 1.0, ""lambda_fit"": 0.1, ""lambda_sep"": 0.1, ""groupdro_enabled"": true, ""groupdro_eta"": 0.02, ""groupdro_gamma"": 0.9, ""groupdro_update_mode"": ""exp"", ""groupdro_objective"": ""weighted"", ""groupdro_kl_lambda"": 0.0, ""groupdro_uniform_init"": false, ""log_interval"": 20, ""save_every"": 10, ""groupdro_ema_decay"": 0.9, ""groupdro_update_every"": 1, ""dro_signal"": ""val"", ""val_frac"": 0.15, ""impute_missing"": true, ""common_encoder"": true, ""use_regret"": false, ""data_split_seed"": 1000}","{""num_groups"": 4, ""num_classes"": 2, ""train_total"": 449, ""test_total"": 185, ""train_group_counts"": [205, 199, 20, 25], ""test_group_counts"": [61, 59, 25, 40], ""train_class_counts"": [248, 201], ""test_class_counts"": [83, 102], ""train_group_class_counts"": [[111, 94], [127, 72], [2, 18], [8, 17]], ""test_group_class_counts"": [[33, 28], [38, 21], [2, 23], [10, 30]], ""group_proportions"": [0.45657015590200445, 0.44320712694877507, 0.044543429844097995, 0.0556792873051225], ""val_group_counts"": [37, 36, 15, 24], ""val_total"": 112}","{""num_groups"": 4, ""eta"": 0.02, ""update_mode"": ""exp"", ""robust_objective"": ""weighted"", ""gamma"": 0.9, ""kl_lambda"": 0.0, ""initial_pi"": [0.4565701484680176, 0.44320711493492126, 0.04454343020915985, 0.055679287761449814]}",2026-09-15T20:37:48.083811,24,0.4614997279752139,0.8004535185236509,0.001,0.6702702702702703,0.6363541956098917,0.52,0.7627118644067796,"[0.7377049180327869, 0.7627118644067796, 0.52, 0.525]","[0.5131374768546371, 0.4855551075000884, 0.8801601444929839, 0.7965924286283552]","[0.8554216867469879, 0.5196078431372549]","[[0.8787878787878788, 0.5714285714285714], [0.868421052631579, 0.5714285714285714], [0.5, 0.5217391304347826], [0.8, 0.43333333333333335]]","[61, 59, 25, 40]",0.6671189640423587,"[0.7252252252252253, 0.7282894736842105, 0.40476190476190477, 0.5174603174603175]",0.40476190476190477,0.8801601444929839,0.7946428571428571,0.777834084084084,0.7083333333333334,0.8918918918918919,"[0.8918918918918919, 0.7777777777777778, 0.7333333333333333, 0.7083333333333334]","[0.3103510516922216, 0.46815878339111805, 0.711187141140302, 0.6191941709257662]","[0.92, 0.6935483870967742]","[[0.95, 0.8235294117647058], [0.9130434782608695, 0.5384615384615384], [0.0, 0.7857142857142857], [1.0, 0.6111111111111112]]","[37, 36, 15, 24]",0.7944954128440367,"[0.8898809523809523, 0.7381818181818182, 0.4230769230769231, 0.6950998185117967]",0.4230769230769231,0.711187141140302,"[0.449947327375412, 0.44528090953826904, 0.04732469096779823, 0.05744701996445656]","[0.39587115389960154, 0.4284210332802364, 0.6400937487681707, 0.8301868736743927]","[0.45057955384254456, 0.4450783133506775, 0.047075118869543076, 0.0572669692337513]","[0.4565701484680176, 0.44320711493492126, 0.04454343020915985, 0.055679287761449814]",0.0
"{""run_name"": ""fedheart_exp_paper_hetagg_gdro"", ""seed"": 44, ""run_dir"": ""runs/fedheart_cv/Shared_Anchors_GDRO_s44_f0"", ""use_fedheart"": true, ""num_classes"": 2, ""stratified_batching"": true, ""train_frac"": 0.8, ""group_max_train_samples"": [null, null, 20, 25], ""true_hetero_input_dim"": true, ""feature_mask"": [[0, 1, 2, 3, 5, 6, 7, 8, 9, 10], [0, 1, 2, 3, 5, 6, 11, 12], [0, 1, 2, 4, 5, 7, 11, 12], [0, 1, 2, 4, 5, 6, 8, 9, 10]], ""batch_size"": 64, ""num_workers"": 0, ""epochs"": 100, ""early_stopping_patience"": 30, ""lr"": 0.001, ""weight_decay"": 0.0001, ""optimizer"": ""adam"", ""grad_clip"": 1.0, ""lr_scheduler"": ""cosine"", ""lr_min"": 1e-05, ""latent_dim"": 64, ""head_hidden"": 32, ""groups"": [{""name"": ""cleveland"", ""encoder"": ""mlp_tabular_ln"", ""input_dim"": 13, ""hidden_dim"": 64, ""dropout"": 0.1}, {""name"": ""hungarian"", ""encoder"": ""mlp_tabular_ln"", ""input_dim"": 13, ""hidden_dim"": 64, ""dropout"": 0.1}, {""name"": ""switzerland"", ""encoder"": ""mlp_tabular_ln"", ""input_dim"": 13, ""hidden_dim"": 64, ""dropout"": 0.1}, {""name"": ""va_long_beach"", ""encoder"": ""mlp_tabular_ln"", ""input_dim"": 13, ""hidden_dim"": 64, ""dropout"": 0.1}], ""anchor_eps"": 0.0001, ""sep_samples_per_class"": 4, ""sep_method"": ""classifier"", ""sep_margin"": 1.0, ""lambda_fit"": 0.1, ""lambda_sep"": 0.1, ""groupdro_enabled"": true, ""groupdro_eta"": 0.02, ""groupdro_gamma"": 0.9, ""groupdro_update_mode"": ""exp"", ""groupdro_objective"": ""weighted"", ""groupdro_kl_lambda"": 0.0, ""groupdro_uniform_init"": false, ""log_interval"": 20, ""save_every"": 10, ""groupdro_ema_decay"": 0.9, ""groupdro_update_every"": 1, ""dro_signal"": ""val"", ""val_frac"": 0.15, ""impute_missing"": true, ""common_encoder"": true, ""use_regret"": false, ""data_split_seed"": 1000}","{""num_groups"": 4, ""num_classes"": 2, ""train_total"": 449, ""test_total"": 185, ""train_group_counts"": [205, 199, 20, 25], ""test_group_counts"": [61, 59, 25, 40], ""train_class_counts"": [248, 201], ""test_class_counts"": [83, 102], ""train_group_class_counts"": [[111, 94], [127, 72], [2, 18], [8, 17]], ""test_group_class_counts"": [[33, 28], [38, 21], [2, 23], [10, 30]], ""group_proportions"": [0.45657015590200445, 0.44320712694877507, 0.044543429844097995, 0.0556792873051225], ""val_group_counts"": [37, 36, 15, 24], ""val_total"": 112}","{""num_groups"": 4, ""eta"": 0.02, ""update_mode"": ""exp"", ""robust_objective"": ""weighted"", ""gamma"": 0.9, ""kl_lambda"": 0.0, ""initial_pi"": [0.4565701484680176, 0.44320711493492126, 0.04454343020915985, 0.055679287761449814]}",2026-09-15T20:37:48.083811,25,0.4695634741902081,0.7913832177921217,0.001,0.6594594594594595,0.612328771881078,0.44,0.7966101694915254,"[0.7377049180327869, 0.7966101694915254, 0.44, 0.475]","[0.5428875794054054, 0.4839083460175385, 1.0340382850170136, 0.92587831011042]","[0.9036144578313253, 0.46078431372549017]","[[0.9090909090909091, 0.5357142857142857], [0.9210526315789473, 0.5714285714285714], [0.5, 0.43478260869565216], [0.9, 0.3333333333333333]]","[61, 59, 25, 40]",0.6514757333811787,"[0.7208237986270023, 0.7601626016260162, 0.35661764705882354, 0.47467166979362097]",0.35661764705882354,1.0340382850170136,0.7857142857142857,0.7575075075075075,0.6666666666666666,0.918918918918919,"[0.918918918918919, 0.7777777777777778, 0.6666666666666666, 0.6666666666666666]","[0.30387065192130774, 0.4757642960175872, 0.8296514938275019, 0.7061339099891484]","[0.98, 0.6290322580645161]","[[1.0, 0.8235294117647058], [0.9565217391304348, 0.46153846153846156], [1.0, 0.6428571428571429], [1.0, 0.5555555555555556]]","[37, 36, 15, 24]",0.7839922854387656,"[0.9167291822955739, 0.7230769230769231, 0.5341614906832298, 0.6571428571428571]",0.5341614906832298,0.8296514938275019,"[0.44926589727401733, 0.44550421833992004, 0.047588467597961426, 0.05764139071106911]","[0.4213829253401075, 0.4380388047013964, 0.7035845617453257, 0.7887125263611475]","[0.449947327375412, 0.44528090953826904, 0.04732469096779823, 0.05744701996445656]","[0.4565701484680176, 0.44320711493492126, 0.04454343020915985, 0.055679287761449814]",0.0
"{""run_name"": ""fedheart_exp_paper_hetagg_gdro"", ""seed"": 44, ""run_dir"": ""runs/fedheart_cv/Shared_Anchors_GDRO_s44_f0"", ""use_fedheart"": true, ""num_classes"": 2, ""stratified_batching"": true, ""train_frac"": 0.8, ""group_max_train_samples"": [null, null, 20, 25], ""true_hetero_input_dim"": true, ""feature_mask"": [[0, 1, 2, 3, 5, 6, 7, 8, 9, 10], [0, 1, 2, 3, 5, 6, 11, 12], [0, 1, 2, 4, 5, 7, 11, 12], [0, 1, 2, 4, 5, 6, 8, 9, 10]], ""batch_size"": 64, ""num_workers"": 0, ""epochs"": 100, ""early_stopping_patience"": 30, ""lr"": 0.001, ""weight_decay"": 0.0001, ""optimizer"": ""adam"", ""grad_clip"": 1.0, ""lr_scheduler"": ""cosine"", ""lr_min"": 1e-05, ""latent_dim"": 64, ""head_hidden"": 32, ""groups"": [{""name"": ""cleveland"", ""encoder"": ""mlp_tabular_ln"", ""input_dim"": 13, ""hidden_dim"": 64, ""dropout"": 0.1}, {""name"": ""hungarian"", ""encoder"": ""mlp_tabular_ln"", ""input_dim"": 13, ""hidden_dim"": 64, ""dropout"": 0.1}, {""name"": ""switzerland"", ""encoder"": ""mlp_tabular_ln"", ""input_dim"": 13, ""hidden_dim"": 64, ""dropout"": 0.1}, {""name"": ""va_long_beach"", ""encoder"": ""mlp_tabular_ln"", ""input_dim"": 13, ""hidden_dim"": 64, ""dropout"": 0.1}], ""anchor_eps"": 0.0001, ""sep_samples_per_class"": 4, ""sep_method"": ""classifier"", ""sep_margin"": 1.0, ""lambda_fit"": 0.1, ""lambda_sep"": 0.1, ""groupdro_enabled"": true, ""groupdro_eta"": 0.02, ""groupdro_gamma"": 0.9, ""groupdro_update_mode"": ""exp"", ""groupdro_objective"": ""weighted"", ""groupdro_kl_lambda"": 0.0, ""groupdro_uniform_init"": false, ""log_interval"": 20, ""save_every"": 10, ""groupdro_ema_decay"": 0.9, ""groupdro_update_every"": 1, ""dro_signal"": ""val"", ""val_frac"": 0.15, ""impute_missing"": true, ""common_encoder"": true, ""use_regret"": false, ""data_split_seed"": 1000}","{""num_groups"": 4, ""num_classes"": 2, ""train_total"": 449, ""test_total"": 185, ""train_group_counts"": [205, 199, 20, 25], ""test_group_counts"": [61, 59, 25, 40], ""train_class_counts"": [248, 201], ""test_class_counts"": [83, 102], ""train_group_class_counts"": [[111, 94], [127, 72], [2, 18], [8, 17]], ""test_group_class_counts"": [[33, 28], [38, 21], [2, 23], [10, 30]], ""group_proportions"": [0.45657015590200445, 0.44320712694877507, 0.044543429844097995, 0.0556792873051225], ""val_group_counts"": [37, 36, 15, 24], ""val_total"": 112}","{""num_groups"": 4, ""eta"": 0.02, ""update_mode"": ""exp"", ""robust_objective"": ""weighted"", ""gamma"": 0.9, ""kl_lambda"": 0.0, ""initial_pi"": [0.4565701484680176, 0.44320711493492126, 0.04454343020915985, 0.055679287761449814]}",2026-09-15T20:37:48.083811,26,0.47095016422185226,0.8004535116305967,0.001,0.6918918918918919,0.6609398444012226,0.55,0.7796610169491526,"[0.7540983606557377, 0.7796610169491526, 0.56, 0.55]","[0.5188703753939662, 0.49254733390348443, 0.8346147667244077, 0.7385120091727003]","[0.8313253012048193, 0.5784313725490197]","[[0.8484848484848485, 0.6428571428571429], [0.8421052631578947, 0.6666666666666666], [0.5, 0.5652173913043478], [0.8, 0.4666666666666667]]","[61, 59, 25, 40]",0.6909890109890111,"[0.7473073736536868, 0.7570478302185619, 0.4282744282744282, 0.5396419437340153]",0.4282744282744282,0.8346147667244077,0.8125,0.7950075075075075,0.7333333333333333,0.918918918918919,"[0.918918918918919, 0.7777777777777778, 0.7333333333333333, 0.75]","[0.3076613315355939, 0.463693308747477, 0.6729147886236508, 0.6006882796064019]","[0.92, 0.7258064516129032]","[[0.95, 0.8823529411764706], [0.9130434782608695, 0.5384615384615384], [0.0, 0.7857142857142857], [1.0, 0.6666666666666666]]","[37, 36, 15, 24]",0.8124850514231046,"[0.917960088691796, 0.7381818181818182, 0.4230769230769231, 0.7333333333333334]",0.4230769230769231,0.6729147886236508,"[0.4485589563846588, 0.44575047492980957, 0.04785199090838432, 0.05783858895301819]","[0.4293706459658487, 0.44649133511951994, 0.5997970004876455, 0.7703961133956909]","[0.44926589727401733, 0.44550421833992004, 0.047588467597961426, 0.05764139071106911]","[0.4565701484680176, 0.44320711493492126, 0.04454343020915985, 0.055679287761449814]",0.0
"{""run_name"": ""fedheart_exp_paper_hetagg_gdro"", ""seed"": 44, ""run_dir"": ""runs/fedheart_cv/Shared_Anchors_GDRO_s44_f0"", ""use_fedheart"": true, ""num_classes"": 2, ""stratified_batching"": true, ""train_frac"": 0.8, ""group_max_train_samples"": [null, null, 20, 25], ""true_hetero_input_dim"": true, ""feature_mask"": [[0, 1, 2, 3, 5, 6, 7, 8, 9, 10], [0, 1, 2, 3, 5, 6, 11, 12], [0, 1, 2, 4, 5, 7, 11, 12], [0, 1, 2, 4, 5, 6, 8, 9, 10]], ""batch_size"": 64, ""num_workers"": 0, ""epochs"": 100, ""early_stopping_patience"": 30, ""lr"": 0.001, ""weight_decay"": 0.0001, ""optimizer"": ""adam"", ""grad_clip"": 1.0, ""lr_scheduler"": ""cosine"", ""lr_min"": 1e-05, ""latent_dim"": 64, ""head_hidden"": 32, ""groups"": [{""name"": ""cleveland"", ""encoder"": ""mlp_tabular_ln"", ""input_dim"": 13, ""hidden_dim"": 64, ""dropout"": 0.1}, {""name"": ""hungarian"", ""encoder"": ""mlp_tabular_ln"", ""input_dim"": 13, ""hidden_dim"": 64, ""dropout"": 0.1}, {""name"": ""switzerland"", ""encoder"": ""mlp_tabular_ln"", ""input_dim"": 13, ""hidden_dim"": 64, ""dropout"": 0.1}, {""name"": ""va_long_beach"", ""encoder"": ""mlp_tabular_ln"", ""input_dim"": 13, ""hidden_dim"": 64, ""dropout"": 0.1}], ""anchor_eps"": 0.0001, ""sep_samples_per_class"": 4, ""sep_method"": ""classifier"", ""sep_margin"": 1.0, ""lambda_fit"": 0.1, ""lambda_sep"": 0.1, ""groupdro_enabled"": true, ""groupdro_eta"": 0.02, ""groupdro_gamma"": 0.9, ""groupdro_update_mode"": ""exp"", ""groupdro_objective"": ""weighted"", ""groupdro_kl_lambda"": 0.0, ""groupdro_uniform_init"": false, ""log_interval"": 20, ""save_every"": 10, ""groupdro_ema_decay"": 0.9, ""groupdro_update_every"": 1, ""dro_signal"": ""val"", ""val_frac"": 0.15, ""impute_missing"": true, ""common_encoder"": true, ""use_regret"": false, ""data_split_seed"": 1000}","{""num_groups"": 4, ""num_classes"": 2, ""train_total"": 449, ""test_total"": 185, ""train_group_counts"": [205, 199, 20, 25], ""test_group_counts"": [61, 59, 25, 40], ""train_class_counts"": [248, 201], ""test_class_counts"": [83, 102], ""train_group_class_counts"": [[111, 94], [127, 72], [2, 18], [8, 17]], ""test_group_class_counts"": [[33, 28], [38, 21], [2, 23], [10, 30]], ""group_proportions"": [0.45657015590200445, 0.44320712694877507, 0.044543429844097995, 0.0556792873051225], ""val_group_counts"": [37, 36, 15, 24], ""val_total"": 112}","{""num_groups"": 4, ""eta"": 0.02, ""update_mode"": ""exp"", ""robust_objective"": ""weighted"", ""gamma"": 0.9, ""kl_lambda"": 0.0, ""initial_pi"": [0.4565701484680176, 0.44320711493492126, 0.04454343020915985, 0.055679287761449814]}",2026-09-15T20:37:48.083811,27,0.4427244590253246,0.7913832217117015,0.001,0.6486486486486487,0.6039931230897472,0.44,0.7796610169491526,"[0.7213114754098361, 0.7796610169491526, 0.44, 0.475]","[0.5435293385850601, 0.48462931259330044, 1.0152089342847466, 0.8977498928550631]","[0.8795180722891566, 0.46078431372549017]","[[0.8787878787878788, 0.5357142857142857], [0.8947368421052632, 0.5714285714285714], [0.5, 0.43478260869565216], [0.9, 0.3333333333333333]]","[61, 59, 25, 40]",0.6415690482577723,"[0.7058156028368794, 0.7440774107440773, 0.35661764705882354, 0.47467166979362097]",0.35661764705882354,1.0152089342847466,0.7857142857142857,0.7477852852852853,0.6,0.918918918918919,"[0.918918918918919, 0.8055555555555556, 0.6, 0.6666666666666666]","[0.31117141538777865, 0.47321371278829044, 0.8121697341402372, 0.7120352092509469]","[0.98, 0.6290322580645161]","[[1.0, 0.8235294117647058], [1.0, 0.46153846153846156], [0.0, 0.6428571428571429], [1.0, 0.5555555555555556]]","[37, 36, 15, 24]",0.7839922854387656,"[0.9167291822955739, 0.7497517378351539, 0.375, 0.6571428571428571]",0.375,0.8121697341402372,"[0.4478151500225067, 0.44600871205329895, 0.048126962035894394, 0.05804911628365517]","[0.3945273927279881, 0.4326751572745187, 0.5861463050047556, 0.7702578405539194]","[0.4485589563846588, 0.44575047492980957, 0.04785199090838432, 0.05783858895301819]","[0.4565701484680176, 0.44320711493492126, 0.04454343020915985, 0.055679287761449814]",0.0
"{""run_name"": ""fedheart_exp_paper_hetagg_gdro"", ""seed"": 44, ""run_dir"": ""runs/fedheart_cv/Shared_Anchors_GDRO_s44_f0"", ""use_fedheart"": true, ""num_classes"": 2, ""stratified_batching"": true, ""train_frac"": 0.8, ""group_max_train_samples"": [null, null, 20, 25], ""true_hetero_input_dim"": true, ""feature_mask"": [[0, 1, 2, 3, 5, 6, 7, 8, 9, 10], [0, 1, 2, 3, 5, 6, 11, 12], [0, 1, 2, 4, 5, 7, 11, 12], [0, 1, 2, 4, 5, 6, 8, 9, 10]], ""batch_size"": 64, ""num_workers"": 0, ""epochs"": 100, ""early_stopping_patience"": 30, ""lr"": 0.001, ""weight_decay"": 0.0001, ""optimizer"": ""adam"", ""grad_clip"": 1.0, ""lr_scheduler"": ""cosine"", ""lr_min"": 1e-05, ""latent_dim"": 64, ""head_hidden"": 32, ""groups"": [{""name"": ""cleveland"", ""encoder"": ""mlp_tabular_ln"", ""input_dim"": 13, ""hidden_dim"": 64, ""dropout"": 0.1}, {""name"": ""hungarian"", ""encoder"": ""mlp_tabular_ln"", ""input_dim"": 13, ""hidden_dim"": 64, ""dropout"": 0.1}, {""name"": ""switzerland"", ""encoder"": ""mlp_tabular_ln"", ""input_dim"": 13, ""hidden_dim"": 64, ""dropout"": 0.1}, {""name"": ""va_long_beach"", ""encoder"": ""mlp_tabular_ln"", ""input_dim"": 13, ""hidden_dim"": 64, ""dropout"": 0.1}], ""anchor_eps"": 0.0001, ""sep_samples_per_class"": 4, ""sep_method"": ""classifier"", ""sep_margin"": 1.0, ""lambda_fit"": 0.1, ""lambda_sep"": 0.1, ""groupdro_enabled"": true, ""groupdro_eta"": 0.02, ""groupdro_gamma"": 0.9, ""groupdro_update_mode"": ""exp"", ""groupdro_objective"": ""weighted"", ""groupdro_kl_lambda"": 0.0, ""groupdro_uniform_init"": false, ""log_interval"": 20, ""save_every"": 10, ""groupdro_ema_decay"": 0.9, ""groupdro_update_every"": 1, ""dro_signal"": ""val"", ""val_frac"": 0.15, ""impute_missing"": true, ""common_encoder"": true, ""use_regret"": false, ""data_split_seed"": 1000}","{""num_groups"": 4, ""num_classes"": 2, ""train_total"": 449, ""test_total"": 185, ""train_group_counts"": [205, 199, 20, 25], ""test_group_counts"": [61, 59, 25, 40], ""train_class_counts"": [248, 201], ""test_class_counts"": [83, 102], ""train_group_class_counts"": [[111, 94], [127, 72], [2, 18], [8, 17]], ""test_group_class_counts"": [[33, 28], [38, 21], [2, 23], [10, 30]], ""group_proportions"": [0.45657015590200445, 0.44320712694877507, 0.044543429844097995, 0.0556792873051225], ""val_group_counts"": [37, 36, 15, 24], ""val_total"": 112}","{""num_groups"": 4, ""eta"": 0.02, ""update_mode"": ""exp"", ""robust_objective"": ""weighted"", ""gamma"": 0.9, ""kl_lambda"": 0.0, ""initial_pi"": [0.4565701484680176, 0.44320711493492126, 0.04454343020915985, 0.055679287761449814]}",2026-09-15T20:37:48.083811,28,0.4523706422641434,0.7936507905421614,0.001,0.6756756756756757,0.6290660600166713,0.44,0.8135593220338984,"[0.7377049180327869, 0.8135593220338984, 0.44, 0.525]","[0.5438053626872477, 0.4889133602254472, 0.9687763612344861, 0.8456983885960654]","[0.8674698795180723, 0.5196078431372549]","[[0.8787878787878788, 0.5714285714285714], [0.8947368421052632, 0.6666666666666666], [0.5, 0.43478260869565216], [0.8, 0.43333333333333335]]","[61, 59, 25, 40]",0.6722182849043232,"[0.7252252252252253, 0.7893541058098019, 0.35661764705882354, 0.5174603174603175]",0.35661764705882354,0.9687763612344861,0.8125,0.7880630630630631,0.6666666666666666,0.918918918918919,"[0.918918918918919, 0.8333333333333334, 0.7333333333333333, 0.6666666666666666]","[0.311481448494502, 0.45663452458878356, 0.7531772390007972, 0.6961857476271689]","[0.98, 0.6774193548387096]","[[1.0, 0.8235294117647058], [1.0, 0.5384615384615384], [0.0, 0.7857142857142857], [1.0, 0.5555555555555556]]","[37, 36, 15, 24]",0.8117647058823529,"[0.9167291822955739, 0.7923076923076924, 0.4230769230769231, 0.6571428571428571]",0.4230769230769231,0.7531772390007972,"[0.4470483362674713, 0.4462725520133972, 0.04840788245201111, 0.05827123671770096]","[0.42577122364725384, 0.4194419341427939, 0.785576676328977, 0.7410545324285825]","[0.4478151500225067, 0.44600871205329895, 0.048126962035894394, 0.05804911628365517]","[0.4565701484680176, 0.44320711493492126, 0.04454343020915985, 0.055679287761449814]",0.0
"{""run_name"": ""fedheart_exp_paper_hetagg_gdro"", ""seed"": 44, ""run_dir"": ""runs/fedheart_cv/Shared_Anchors_GDRO_s44_f0"", ""use_fedheart"": true, ""num_classes"": 2, ""stratified_batching"": true, ""train_frac"": 0.8, ""group_max_train_samples"": [null, null, 20, 25], ""true_hetero_input_dim"": true, ""feature_mask"": [[0, 1, 2, 3, 5, 6, 7, 8, 9, 10], [0, 1, 2, 3, 5, 6, 11, 12], [0, 1, 2, 4, 5, 7, 11, 12], [0, 1, 2, 4, 5, 6, 8, 9, 10]], ""batch_size"": 64, ""num_workers"": 0, ""epochs"": 100, ""early_stopping_patience"": 30, ""lr"": 0.001, ""weight_decay"": 0.0001, ""optimizer"": ""adam"", ""grad_clip"": 1.0, ""lr_scheduler"": ""cosine"", ""lr_min"": 1e-05, ""latent_dim"": 64, ""head_hidden"": 32, ""groups"": [{""name"": ""cleveland"", ""encoder"": ""mlp_tabular_ln"", ""input_dim"": 13, ""hidden_dim"": 64, ""dropout"": 0.1}, {""name"": ""hungarian"", ""encoder"": ""mlp_tabular_ln"", ""input_dim"": 13, ""hidden_dim"": 64, ""dropout"": 0.1}, {""name"": ""switzerland"", ""encoder"": ""mlp_tabular_ln"", ""input_dim"": 13, ""hidden_dim"": 64, ""dropout"": 0.1}, {""name"": ""va_long_beach"", ""encoder"": ""mlp_tabular_ln"", ""input_dim"": 13, ""hidden_dim"": 64, ""dropout"": 0.1}], ""anchor_eps"": 0.0001, ""sep_samples_per_class"": 4, ""sep_method"": ""classifier"", ""sep_margin"": 1.0, ""lambda_fit"": 0.1, ""lambda_sep"": 0.1, ""groupdro_enabled"": true, ""groupdro_eta"": 0.02, ""groupdro_gamma"": 0.9, ""groupdro_update_mode"": ""exp"", ""groupdro_objective"": ""weighted"", ""groupdro_kl_lambda"": 0.0, ""groupdro_uniform_init"": false, ""log_interval"": 20, ""save_every"": 10, ""groupdro_ema_decay"": 0.9, ""groupdro_update_every"": 1, ""dro_signal"": ""val"", ""val_frac"": 0.15, ""impute_missing"": true, ""common_encoder"": true, ""use_regret"": false, ""data_split_seed"": 1000}","{""num_groups"": 4, ""num_classes"": 2, ""train_total"": 449, ""test_total"": 185, ""train_group_counts"": [205, 199, 20, 25], ""test_group_counts"": [61, 59, 25, 40], ""train_class_counts"": [248, 201], ""test_class_counts"": [83, 102], ""train_group_class_counts"": [[111, 94], [127, 72], [2, 18], [8, 17]], ""test_group_class_counts"": [[33, 28], [38, 21], [2, 23], [10, 30]], ""group_proportions"": [0.45657015590200445, 0.44320712694877507, 0.044543429844097995, 0.0556792873051225], ""val_group_counts"": [37, 36, 15, 24], ""val_total"": 112}","{""num_groups"": 4, ""eta"": 0.02, ""update_mode"": ""exp"", ""robust_objective"": ""weighted"", ""gamma"": 0.9, ""kl_lambda"": 0.0, ""initial_pi"": [0.4565701484680176, 0.44320711493492126, 0.04454343020915985, 0.055679287761449814]}",2026-09-15T20:37:48.083811,29,0.4261105706632273,0.8117913868692186,0.001,0.6648648648648648,0.6267709780494581,0.48,0.8135593220338984,"[0.6885245901639344, 0.8135593220338984, 0.48, 0.525]","[0.5558499119198713, 0.4926129931236728, 0.9711601883918047, 0.8411531982943415]","[0.8554216867469879, 0.5098039215686274]","[[0.8484848484848485, 0.5], [0.868421052631579, 0.7142857142857143], [0.5, 0.4782608695652174], [0.9, 0.4]]","[61, 59, 25, 40]",0.6612922277344673,"[0.6712056737588652, 0.7944250871080138, 0.38095238095238093, 0.5223130106851037]",0.38095238095238093,0.9711601883918047,0.8035714285714286,0.7811186186186186,0.6666666666666666,0.918918918918919,"[0.918918918918919, 0.8055555555555556, 0.7333333333333333, 0.6666666666666666]","[0.3197828107387633, 0.47377523210727507, 0.751792828241984, 0.7080943353163699]","[0.98, 0.6612903225806451]","[[1.0, 0.8235294117647058], [1.0, 0.46153846153846156], [0.0, 0.7857142857142857], [1.0, 0.5555555555555556]]","[37, 36, 15, 24]",0.8025641025641026,"[0.9167291822955739, 0.7497517378351539, 0.4230769230769231, 0.6571428571428571]",0.4230769230769231,0.751792828241984,"[0.4462573528289795, 0.4465456008911133, 0.04869304224848747, 0.05850393325090408]","[0.40030400242124287, 0.41506139295441763, 0.47562957058350247, 0.8199945489565531]","[0.4470483362674713, 0.4462725520133972, 0.04840788245201111, 0.05827123671770096]","[0.4565701484680176, 0.44320711493492126, 0.04454343020915985, 0.055679287761449814]",0.0
"{""run_name"": ""fedheart_exp_paper_hetagg_gdro"", ""seed"": 44, ""run_dir"": ""runs/fedheart_cv/Shared_Anchors_GDRO_s44_f0"", ""use_fedheart"": true, ""num_classes"": 2, ""stratified_batching"": true, ""train_frac"": 0.8, ""group_max_train_samples"": [null, null, 20, 25], ""true_hetero_input_dim"": true, ""feature_mask"": [[0, 1, 2, 3, 5, 6, 7, 8, 9, 10], [0, 1, 2, 3, 5, 6, 11, 12], [0, 1, 2, 4, 5, 7, 11, 12], [0, 1, 2, 4, 5, 6, 8, 9, 10]], ""batch_size"": 64, ""num_workers"": 0, ""epochs"": 100, ""early_stopping_patience"": 30, ""lr"": 0.001, ""weight_decay"": 0.0001, ""optimizer"": ""adam"", ""grad_clip"": 1.0, ""lr_scheduler"": ""cosine"", ""lr_min"": 1e-05, ""latent_dim"": 64, ""head_hidden"": 32, ""groups"": [{""name"": ""cleveland"", ""encoder"": ""mlp_tabular_ln"", ""input_dim"": 13, ""hidden_dim"": 64, ""dropout"": 0.1}, {""name"": ""hungarian"", ""encoder"": ""mlp_tabular_ln"", ""input_dim"": 13, ""hidden_dim"": 64, ""dropout"": 0.1}, {""name"": ""switzerland"", ""encoder"": ""mlp_tabular_ln"", ""input_dim"": 13, ""hidden_dim"": 64, ""dropout"": 0.1}, {""name"": ""va_long_beach"", ""encoder"": ""mlp_tabular_ln"", ""input_dim"": 13, ""hidden_dim"": 64, ""dropout"": 0.1}], ""anchor_eps"": 0.0001, ""sep_samples_per_class"": 4, ""sep_method"": ""classifier"", ""sep_margin"": 1.0, ""lambda_fit"": 0.1, ""lambda_sep"": 0.1, ""groupdro_enabled"": true, ""groupdro_eta"": 0.02, ""groupdro_gamma"": 0.9, ""groupdro_update_mode"": ""exp"", ""groupdro_objective"": ""weighted"", ""groupdro_kl_lambda"": 0.0, ""groupdro_uniform_init"": false, ""log_interval"": 20, ""save_every"": 10, ""groupdro_ema_decay"": 0.9, ""groupdro_update_every"": 1, ""dro_signal"": ""val"", ""val_frac"": 0.15, ""impute_missing"": true, ""common_encoder"": true, ""use_regret"": false, ""data_split_seed"": 1000}","{""num_groups"": 4, ""num_classes"": 2, ""train_total"": 449, ""test_total"": 185, ""train_group_counts"": [205, 199, 20, 25], ""test_group_counts"": [61, 59, 25, 40], ""train_class_counts"": [248, 201], ""test_class_counts"": [83, 102], ""train_group_class_counts"": [[111, 94], [127, 72], [2, 18], [8, 17]], ""test_group_class_counts"": [[33, 28], [38, 21], [2, 23], [10, 30]], ""group_proportions"": [0.45657015590200445, 0.44320712694877507, 0.044543429844097995, 0.0556792873051225], ""val_group_counts"": [37, 36, 15, 24], ""val_total"": 112}","{""num_groups"": 4, ""eta"": 0.02, ""update_mode"": ""exp"", ""robust_objective"": ""weighted"", ""gamma"": 0.9, ""kl_lambda"": 0.0, ""initial_pi"": [0.4565701484680176, 0.44320711493492126, 0.04454343020915985, 0.055679287761449814]}",2026-09-15T20:37:48.083811,30,0.43341085990540296,0.8095238064151773,0.001,0.6486486486486487,0.6140591136426785,0.48,0.7627118644067796,"[0.6885245901639344, 0.7627118644067796, 0.48, 0.525]","[0.5641825576847206, 0.4942108202346806, 0.98595707654953, 0.8834741844562813]","[0.8433734939759037, 0.49019607843137253]","[[0.8484848484848485, 0.5], [0.8421052631578947, 0.6190476190476191], [0.5, 0.4782608695652174], [0.9, 0.4]]","[61, 59, 25, 40]",0.6444937176644494,"[0.6712056737588652, 0.7352564102564103, 0.38095238095238093, 0.5223130106851037]",0.38095238095238093,0.98595707654953,0.8035714285714286,0.7811186186186186,0.6666666666666666,0.918918918918919,"[0.918918918918919, 0.8055555555555556, 0.7333333333333333, 0.6666666666666666]","[0.31804721163132704, 0.48860852441026104, 0.7706929763158162, 0.7202908244604865]","[0.98, 0.6612903225806451]","[[1.0, 0.8235294117647058], [1.0, 0.46153846153846156], [0.0, 0.7857142857142857], [1.0, 0.5555555555555556]]","[37, 36, 15, 24]",0.8025641025641026,"[0.9167291822955739, 0.7497517378351539, 0.4230769230769231, 0.6571428571428571]",0.4230769230769231,0.7706929763158162,"[0.4454364478588104, 0.4468333423137665, 0.048983339220285416, 0.05874687060713768]","[0.4238639942237309, 0.42105282630239216, 0.6012092332045237, 0.6703531059126059]","[0.4462573528289795, 0.4465456008911133, 0.04869304224848747, 0.05850393325090408]","[0.4565701484680176, 0.44320711493492126, 0.04454343020915985, 0.055679287761449814]",0.0
"{""run_name"": ""fedheart_exp_paper_hetagg_gdro"", ""seed"": 44, ""run_dir"": ""runs/fedheart_cv/Shared_Anchors_GDRO_s44_f0"", ""use_fedheart"": true, ""num_classes"": 2, ""stratified_batching"": true, ""train_frac"": 0.8, ""group_max_train_samples"": [null, null, 20, 25], ""true_hetero_input_dim"": true, ""feature_mask"": [[0, 1, 2, 3, 5, 6, 7, 8, 9, 10], [0, 1, 2, 3, 5, 6, 11, 12], [0, 1, 2, 4, 5, 7, 11, 12], [0, 1, 2, 4, 5, 6, 8, 9, 10]], ""batch_size"": 64, ""num_workers"": 0, ""epochs"": 100, ""early_stopping_patience"": 30, ""lr"": 0.001, ""weight_decay"": 0.0001, ""optimizer"": ""adam"", ""grad_clip"": 1.0, ""lr_scheduler"": ""cosine"", ""lr_min"": 1e-05, ""latent_dim"": 64, ""head_hidden"": 32, ""groups"": [{""name"": ""cleveland"", ""encoder"": ""mlp_tabular_ln"", ""input_dim"": 13, ""hidden_dim"": 64, ""dropout"": 0.1}, {""name"": ""hungarian"", ""encoder"": ""mlp_tabular_ln"", ""input_dim"": 13, ""hidden_dim"": 64, ""dropout"": 0.1}, {""name"": ""switzerland"", ""encoder"": ""mlp_tabular_ln"", ""input_dim"": 13, ""hidden_dim"": 64, ""dropout"": 0.1}, {""name"": ""va_long_beach"", ""encoder"": ""mlp_tabular_ln"", ""input_dim"": 13, ""hidden_dim"": 64, ""dropout"": 0.1}], ""anchor_eps"": 0.0001, ""sep_samples_per_class"": 4, ""sep_method"": ""classifier"", ""sep_margin"": 1.0, ""lambda_fit"": 0.1, ""lambda_sep"": 0.1, ""groupdro_enabled"": true, ""groupdro_eta"": 0.02, ""groupdro_gamma"": 0.9, ""groupdro_update_mode"": ""exp"", ""groupdro_objective"": ""weighted"", ""groupdro_kl_lambda"": 0.0, ""groupdro_uniform_init"": false, ""log_interval"": 20, ""save_every"": 10, ""groupdro_ema_decay"": 0.9, ""groupdro_update_every"": 1, ""dro_signal"": ""val"", ""val_frac"": 0.15, ""impute_missing"": true, ""common_encoder"": true, ""use_regret"": false, ""data_split_seed"": 1000}","{""num_groups"": 4, ""num_classes"": 2, ""train_total"": 449, ""test_total"": 185, ""train_group_counts"": [205, 199, 20, 25], ""test_group_counts"": [61, 59, 25, 40], ""train_class_counts"": [248, 201], ""test_class_counts"": [83, 102], ""train_group_class_counts"": [[111, 94], [127, 72], [2, 18], [8, 17]], ""test_group_class_counts"": [[33, 28], [38, 21], [2, 23], [10, 30]], ""group_proportions"": [0.45657015590200445, 0.44320712694877507, 0.044543429844097995, 0.0556792873051225], ""val_group_counts"": [37, 36, 15, 24], ""val_total"": 112}","{""num_groups"": 4, ""eta"": 0.02, ""update_mode"": ""exp"", ""robust_objective"": ""weighted"", ""gamma"": 0.9, ""kl_lambda"": 0.0, ""initial_pi"": [0.4565701484680176, 0.44320711493492126, 0.04454343020915985, 0.055679287761449814]}",2026-09-15T20:37:48.083811,31,0.40475943637272666,0.818594107957654,0.001,0.6702702702702703,0.6423947624340095,0.525,0.7796610169491526,"[0.7049180327868853, 0.7796610169491526, 0.56, 0.525]","[0.5446197907822053, 0.5120585639882138, 0.905608364418149, 0.8348550950409844]","[0.8072289156626506, 0.5588235294117647]","[[0.8181818181818182, 0.5714285714285714], [0.8157894736842105, 0.7142857142857143], [0.5, 0.5652173913043478], [0.8, 0.43333333333333335]]","[61, 59, 25, 40]",0.6693040293040293,"[0.6950000000000001, 0.7621705426356589, 0.4282744282744282, 0.5174603174603175]",0.4282744282744282,0.905608364418149,0.7857142857142857,0.7676051051051052,0.6666666666666666,0.8648648648648649,"[0.8648648648648649, 0.8055555555555556, 0.7333333333333333, 0.6666666666666666]","[0.3090568219336706, 0.4676337812302841, 0.7181550294160843, 0.6776968385092914]","[0.9, 0.6935483870967742]","[[0.9, 0.8235294117647058], [0.9565217391304348, 0.5384615384615384], [0.0, 0.7857142857142857], [0.8333333333333334, 0.6111111111111112]]","[37, 36, 15, 24]",0.7856459330143541,"[0.8632668144863267, 0.7647058823529411, 0.4230769230769231, 0.6444444444444445]",0.4230769230769231,0.7181550294160843,"[0.44459691643714905, 0.4471317231655121, 0.04927508533000946, 0.058996327221393585]","[0.38459052784102304, 0.4051379348550524, 0.4216919591029485, 0.8826766113440195]","[0.4454364478588104, 0.4468333423137665, 0.048983339220285416, 0.05874687060713768]","[0.4565701484680176, 0.44320711493492126, 0.04454343020915985, 0.055679287761449814]",0.0
