config,dataset_info,groupdro_config,start_time,epoch,train_loss,train_acc,learning_rate,test_overall_acc,test_balanced_acc,test_worst_group_acc,test_best_group_acc,test_per_group_acc,test_per_group_loss,test_per_class_acc,test_per_group_per_class_acc,test_per_group_counts,test_overall_macro_f1,test_per_group_f1,test_worst_group_f1,test_worst_group_loss,val_overall_acc,val_balanced_acc,val_worst_group_acc,val_best_group_acc,val_per_group_acc,val_per_group_loss,val_per_class_acc,val_per_group_per_class_acc,val_per_group_counts,val_overall_macro_f1,val_per_group_f1,val_worst_group_f1,val_worst_group_loss,groupdro_weights,train_per_group_loss,groupdro_weights_mean,groupdro_pi,groupdro_kl_penalty
"{""run_name"": ""fedheart_exp_paper_hetagg_gdro"", ""seed"": 2024, ""run_dir"": ""runs/fedheart_cv/GroupDRO_s2024_f3"", ""use_fedheart"": true, ""num_classes"": 2, ""stratified_batching"": true, ""train_frac"": 0.8, ""group_max_train_samples"": [null, null, 20, 25], ""true_hetero_input_dim"": true, ""feature_mask"": [[0, 1, 2, 3, 5, 6, 7, 8, 9, 10], [0, 1, 2, 3, 5, 6, 11, 12], [0, 1, 2, 4, 5, 7, 11, 12], [0, 1, 2, 4, 5, 6, 8, 9, 10]], ""batch_size"": 64, ""num_workers"": 0, ""epochs"": 100, ""early_stopping_patience"": 30, ""lr"": 0.001, ""weight_decay"": 0.0001, ""optimizer"": ""adam"", ""grad_clip"": 1.0, ""lr_scheduler"": ""cosine"", ""lr_min"": 1e-05, ""latent_dim"": 64, ""head_hidden"": 32, ""groups"": [{""name"": ""cleveland"", ""encoder"": ""mlp_tabular_ln"", ""input_dim"": 10, ""hidden_dim"": 64, ""dropout"": 0.1}, {""name"": ""hungarian"", ""encoder"": ""mlp_tabular_ln"", ""input_dim"": 8, ""hidden_dim"": 64, ""dropout"": 0.1}, {""name"": ""switzerland"", ""encoder"": ""mlp_tabular_ln"", ""input_dim"": 8, ""hidden_dim"": 64, ""dropout"": 0.1}, {""name"": ""va_long_beach"", ""encoder"": ""mlp_tabular_ln"", ""input_dim"": 9, ""hidden_dim"": 64, ""dropout"": 0.1}], ""anchor_eps"": 0.0001, ""sep_samples_per_class"": 4, ""sep_method"": ""classifier"", ""sep_margin"": 1.0, ""lambda_fit"": 0.001, ""lambda_sep"": 0.001, ""groupdro_enabled"": true, ""groupdro_eta"": 0.02, ""groupdro_gamma"": 0.9, ""groupdro_update_mode"": ""exp"", ""groupdro_objective"": ""weighted"", ""groupdro_kl_lambda"": 0.0, ""groupdro_uniform_init"": false, ""log_interval"": 20, ""save_every"": 10, ""groupdro_ema_decay"": 0.9, ""groupdro_update_every"": 1, ""dro_signal"": ""val"", ""val_frac"": 0.15, ""impute_missing"": true, ""common_encoder"": false, ""use_regret"": false, ""data_split_seed"": 1003}","{""num_groups"": 4, ""num_classes"": 2, ""train_total"": 449, ""test_total"": 185, ""train_group_counts"": [205, 199, 20, 25], ""test_group_counts"": [61, 59, 25, 40], ""train_class_counts"": [245, 204], ""test_class_counts"": [83, 102], ""train_group_class_counts"": [[111, 94], [127, 72], [1, 19], [6, 19]], ""test_group_class_counts"": [[33, 28], [38, 21], [2, 23], [10, 30]], ""group_proportions"": [0.45657015590200445, 0.44320712694877507, 0.044543429844097995, 0.0556792873051225], ""val_group_counts"": [37, 36, 15, 24], ""val_total"": 112}","{""num_groups"": 4, ""eta"": 0.02, ""update_mode"": ""exp"", ""robust_objective"": ""weighted"", ""gamma"": 0.9, ""kl_lambda"": 0.0, ""initial_pi"": [0.4565701484680176, 0.44320711493492126, 0.04454343020915985, 0.055679287761449814]}",2026-09-15T20:38:41.901882,1,0.6837748737832586,0.6167800490007379,0.001,0.7405405405405405,0.7675972492358989,0.6885245901639344,0.92,"[0.6885245901639344, 0.711864406779661, 0.92, 0.75]","[0.6423878894477594, 0.5713892533617505, 0.4772267436981201, 0.6007919602096081]","[0.7710843373493976, 0.7156862745098039]","[[0.8484848484848485, 0.5], [0.9473684210526315, 0.2857142857142857], [0.0, 1.0], [0.0, 1.0]]","[61, 59, 25, 40]",0.7399250234301782,"[0.6712056737588652, 0.6113909337466099, 0.4791666666666667, 0.42857142857142855]",0.42857142857142855,0.6423878894477594,0.7589285714285714,0.7832582582582582,0.6388888888888888,0.9333333333333333,"[0.8108108108108109, 0.6388888888888888, 0.9333333333333333, 0.75]","[0.6261084691898243, 0.6248541101813316, 0.4898083130518595, 0.6256143053372701]","[0.74, 0.7741935483870968]","[[0.8, 0.8235294117647058], [0.9130434782608695, 0.15384615384615385], [0.0, 1.0], [0.0, 1.0]]","[37, 36, 15, 24]",0.7565805361023907,"[0.8102564102564103, 0.49946524064171116, 0.4827586206896552, 0.42857142857142855]",0.42857142857142855,0.6261084691898243,"[0.4566308259963989, 0.44325488805770874, 0.04442807659506798, 0.055686138570308685]","[0.6891302806990487, 0.6371703318187169, 0.5282808393239975, 0.6259241998195648]","[0.4565701484680176, 0.44320711493492126, 0.04454343020915985, 0.055679287761449814]","[0.4565701484680176, 0.44320711493492126, 0.04454343020915985, 0.055679287761449814]",0.0
"{""run_name"": ""fedheart_exp_paper_hetagg_gdro"", ""seed"": 2024, ""run_dir"": ""runs/fedheart_cv/GroupDRO_s2024_f3"", ""use_fedheart"": true, ""num_classes"": 2, ""stratified_batching"": true, ""train_frac"": 0.8, ""group_max_train_samples"": [null, null, 20, 25], ""true_hetero_input_dim"": true, ""feature_mask"": [[0, 1, 2, 3, 5, 6, 7, 8, 9, 10], [0, 1, 2, 3, 5, 6, 11, 12], [0, 1, 2, 4, 5, 7, 11, 12], [0, 1, 2, 4, 5, 6, 8, 9, 10]], ""batch_size"": 64, ""num_workers"": 0, ""epochs"": 100, ""early_stopping_patience"": 30, ""lr"": 0.001, ""weight_decay"": 0.0001, ""optimizer"": ""adam"", ""grad_clip"": 1.0, ""lr_scheduler"": ""cosine"", ""lr_min"": 1e-05, ""latent_dim"": 64, ""head_hidden"": 32, ""groups"": [{""name"": ""cleveland"", ""encoder"": ""mlp_tabular_ln"", ""input_dim"": 10, ""hidden_dim"": 64, ""dropout"": 0.1}, {""name"": ""hungarian"", ""encoder"": ""mlp_tabular_ln"", ""input_dim"": 8, ""hidden_dim"": 64, ""dropout"": 0.1}, {""name"": ""switzerland"", ""encoder"": ""mlp_tabular_ln"", ""input_dim"": 8, ""hidden_dim"": 64, ""dropout"": 0.1}, {""name"": ""va_long_beach"", ""encoder"": ""mlp_tabular_ln"", ""input_dim"": 9, ""hidden_dim"": 64, ""dropout"": 0.1}], ""anchor_eps"": 0.0001, ""sep_samples_per_class"": 4, ""sep_method"": ""classifier"", ""sep_margin"": 1.0, ""lambda_fit"": 0.001, ""lambda_sep"": 0.001, ""groupdro_enabled"": true, ""groupdro_eta"": 0.02, ""groupdro_gamma"": 0.9, ""groupdro_update_mode"": ""exp"", ""groupdro_objective"": ""weighted"", ""groupdro_kl_lambda"": 0.0, ""groupdro_uniform_init"": false, ""log_interval"": 20, ""save_every"": 10, ""groupdro_ema_decay"": 0.9, ""groupdro_update_every"": 1, ""dro_signal"": ""val"", ""val_frac"": 0.15, ""impute_missing"": true, ""common_encoder"": false, ""use_regret"": false, ""data_split_seed"": 1003}","{""num_groups"": 4, ""num_classes"": 2, ""train_total"": 449, ""test_total"": 185, ""train_group_counts"": [205, 199, 20, 25], ""test_group_counts"": [61, 59, 25, 40], ""train_class_counts"": [245, 204], ""test_class_counts"": [83, 102], ""train_group_class_counts"": [[111, 94], [127, 72], [1, 19], [6, 19]], ""test_group_class_counts"": [[33, 28], [38, 21], [2, 23], [10, 30]], ""group_proportions"": [0.45657015590200445, 0.44320712694877507, 0.044543429844097995, 0.0556792873051225], ""val_group_counts"": [37, 36, 15, 24], ""val_total"": 112}","{""num_groups"": 4, ""eta"": 0.02, ""update_mode"": ""exp"", ""robust_objective"": ""weighted"", ""gamma"": 0.9, ""kl_lambda"": 0.0, ""initial_pi"": [0.4565701484680176, 0.44320711493492126, 0.04454343020915985, 0.055679287761449814]}",2026-09-15T20:38:41.901882,2,0.6079282582211657,0.734693876334599,0.001,0.7891891891891892,0.8050382050569602,0.75,0.92,"[0.7704918032786885, 0.7796610169491526, 0.92, 0.75]","[0.5791288589844938, 0.5165329613422943, 0.4229743003845215, 0.5732286371290684]","[0.8192771084337349, 0.7647058823529411]","[[0.9696969696969697, 0.5357142857142857], [0.9473684210526315, 0.47619047619047616], [0.0, 1.0], [0.0, 1.0]]","[61, 59, 25, 40]",0.7885714285714285,"[0.7511655011655012, 0.7265597147950089, 0.4791666666666667, 0.42857142857142855]",0.42857142857142855,0.5791288589844938,0.7410714285714286,0.7695570570570571,0.6111111111111112,0.9333333333333333,"[0.7837837837837838, 0.6111111111111112, 0.9333333333333333, 0.75]","[0.5569040896119298, 0.610615218265189, 0.42132927974065143, 0.6080807981391748]","[0.74, 0.7419354838709677]","[[0.9, 0.6470588235294118], [0.8260869565217391, 0.23076923076923078], [0.0, 1.0], [0.0, 1.0]]","[37, 36, 15, 24]",0.7393885902270723,"[0.7757575757575759, 0.5153846153846154, 0.4827586206896552, 0.42857142857142855]",0.42857142857142855,0.610615218265189,"[0.4566664695739746, 0.4433271288871765, 0.04431065917015076, 0.05569569021463394]","[0.6293731757572719, 0.5404260967458997, 0.45360658566157025, 0.6195143858591715]","[0.4566308259963989, 0.44325488805770874, 0.04442807659506798, 0.055686138570308685]","[0.4565701484680176, 0.44320711493492126, 0.04454343020915985, 0.055679287761449814]",0.0
"{""run_name"": ""fedheart_exp_paper_hetagg_gdro"", ""seed"": 2024, ""run_dir"": ""runs/fedheart_cv/GroupDRO_s2024_f3"", ""use_fedheart"": true, ""num_classes"": 2, ""stratified_batching"": true, ""train_frac"": 0.8, ""group_max_train_samples"": [null, null, 20, 25], ""true_hetero_input_dim"": true, ""feature_mask"": [[0, 1, 2, 3, 5, 6, 7, 8, 9, 10], [0, 1, 2, 3, 5, 6, 11, 12], [0, 1, 2, 4, 5, 7, 11, 12], [0, 1, 2, 4, 5, 6, 8, 9, 10]], ""batch_size"": 64, ""num_workers"": 0, ""epochs"": 100, ""early_stopping_patience"": 30, ""lr"": 0.001, ""weight_decay"": 0.0001, ""optimizer"": ""adam"", ""grad_clip"": 1.0, ""lr_scheduler"": ""cosine"", ""lr_min"": 1e-05, ""latent_dim"": 64, ""head_hidden"": 32, ""groups"": [{""name"": ""cleveland"", ""encoder"": ""mlp_tabular_ln"", ""input_dim"": 10, ""hidden_dim"": 64, ""dropout"": 0.1}, {""name"": ""hungarian"", ""encoder"": ""mlp_tabular_ln"", ""input_dim"": 8, ""hidden_dim"": 64, ""dropout"": 0.1}, {""name"": ""switzerland"", ""encoder"": ""mlp_tabular_ln"", ""input_dim"": 8, ""hidden_dim"": 64, ""dropout"": 0.1}, {""name"": ""va_long_beach"", ""encoder"": ""mlp_tabular_ln"", ""input_dim"": 9, ""hidden_dim"": 64, ""dropout"": 0.1}], ""anchor_eps"": 0.0001, ""sep_samples_per_class"": 4, ""sep_method"": ""classifier"", ""sep_margin"": 1.0, ""lambda_fit"": 0.001, ""lambda_sep"": 0.001, ""groupdro_enabled"": true, ""groupdro_eta"": 0.02, ""groupdro_gamma"": 0.9, ""groupdro_update_mode"": ""exp"", ""groupdro_objective"": ""weighted"", ""groupdro_kl_lambda"": 0.0, ""groupdro_uniform_init"": false, ""log_interval"": 20, ""save_every"": 10, ""groupdro_ema_decay"": 0.9, ""groupdro_update_every"": 1, ""dro_signal"": ""val"", ""val_frac"": 0.15, ""impute_missing"": true, ""common_encoder"": false, ""use_regret"": false, ""data_split_seed"": 1003}","{""num_groups"": 4, ""num_classes"": 2, ""train_total"": 449, ""test_total"": 185, ""train_group_counts"": [205, 199, 20, 25], ""test_group_counts"": [61, 59, 25, 40], ""train_class_counts"": [245, 204], ""test_class_counts"": [83, 102], ""train_group_class_counts"": [[111, 94], [127, 72], [1, 19], [6, 19]], ""test_group_class_counts"": [[33, 28], [38, 21], [2, 23], [10, 30]], ""group_proportions"": [0.45657015590200445, 0.44320712694877507, 0.044543429844097995, 0.0556792873051225], ""val_group_counts"": [37, 36, 15, 24], ""val_total"": 112}","{""num_groups"": 4, ""eta"": 0.02, ""update_mode"": ""exp"", ""robust_objective"": ""weighted"", ""gamma"": 0.9, ""kl_lambda"": 0.0, ""initial_pi"": [0.4565701484680176, 0.44320711493492126, 0.04454343020915985, 0.055679287761449814]}",2026-09-15T20:38:41.901882,3,0.553132140312065,0.7891156461233455,0.001,0.8108108108108109,0.8215705751597666,0.75,0.92,"[0.819672131147541, 0.7966101694915254, 0.92, 0.75]","[0.5136044770479202, 0.4838381164659888, 0.3624325746297836, 0.5401307381689548]","[0.8072289156626506, 0.8137254901960784]","[[0.9696969696969697, 0.6428571428571429], [0.9210526315789473, 0.5714285714285714], [0.0, 1.0], [0.0, 1.0]]","[61, 59, 25, 40]",0.8093850275250964,"[0.809645390070922, 0.7601626016260162, 0.4791666666666667, 0.42857142857142855]",0.42857142857142855,0.5401307381689548,0.75,0.7765015015015015,0.6388888888888888,0.9333333333333333,"[0.7837837837837838, 0.6388888888888888, 0.9333333333333333, 0.75]","[0.4952179559984723, 0.6205614155365361, 0.3484973986943563, 0.5899986078341802]","[0.7, 0.7903225806451613]","[[0.85, 0.7058823529411765], [0.782608695652174, 0.38461538461538464], [0.0, 1.0], [0.0, 1.0]]","[37, 36, 15, 24]",0.746031746031746,"[0.7797619047619049, 0.5847382431233363, 0.4827586206896552, 0.42857142857142855]",0.42857142857142855,0.6205614155365361,"[0.4566487967967987, 0.44345492124557495, 0.044187456369400024, 0.05570877715945244]","[0.557751647063664, 0.49720317125320435, 0.399787833293279, 0.583257923523585]","[0.4566664695739746, 0.4433271288871765, 0.04431065917015076, 0.05569569021463394]","[0.4565701484680176, 0.44320711493492126, 0.04454343020915985, 0.055679287761449814]",0.0
"{""run_name"": ""fedheart_exp_paper_hetagg_gdro"", ""seed"": 2024, ""run_dir"": ""runs/fedheart_cv/GroupDRO_s2024_f3"", ""use_fedheart"": true, ""num_classes"": 2, ""stratified_batching"": true, ""train_frac"": 0.8, ""group_max_train_samples"": [null, null, 20, 25], ""true_hetero_input_dim"": true, ""feature_mask"": [[0, 1, 2, 3, 5, 6, 7, 8, 9, 10], [0, 1, 2, 3, 5, 6, 11, 12], [0, 1, 2, 4, 5, 7, 11, 12], [0, 1, 2, 4, 5, 6, 8, 9, 10]], ""batch_size"": 64, ""num_workers"": 0, ""epochs"": 100, ""early_stopping_patience"": 30, ""lr"": 0.001, ""weight_decay"": 0.0001, ""optimizer"": ""adam"", ""grad_clip"": 1.0, ""lr_scheduler"": ""cosine"", ""lr_min"": 1e-05, ""latent_dim"": 64, ""head_hidden"": 32, ""groups"": [{""name"": ""cleveland"", ""encoder"": ""mlp_tabular_ln"", ""input_dim"": 10, ""hidden_dim"": 64, ""dropout"": 0.1}, {""name"": ""hungarian"", ""encoder"": ""mlp_tabular_ln"", ""input_dim"": 8, ""hidden_dim"": 64, ""dropout"": 0.1}, {""name"": ""switzerland"", ""encoder"": ""mlp_tabular_ln"", ""input_dim"": 8, ""hidden_dim"": 64, ""dropout"": 0.1}, {""name"": ""va_long_beach"", ""encoder"": ""mlp_tabular_ln"", ""input_dim"": 9, ""hidden_dim"": 64, ""dropout"": 0.1}], ""anchor_eps"": 0.0001, ""sep_samples_per_class"": 4, ""sep_method"": ""classifier"", ""sep_margin"": 1.0, ""lambda_fit"": 0.001, ""lambda_sep"": 0.001, ""groupdro_enabled"": true, ""groupdro_eta"": 0.02, ""groupdro_gamma"": 0.9, ""groupdro_update_mode"": ""exp"", ""groupdro_objective"": ""weighted"", ""groupdro_kl_lambda"": 0.0, ""groupdro_uniform_init"": false, ""log_interval"": 20, ""save_every"": 10, ""groupdro_ema_decay"": 0.9, ""groupdro_update_every"": 1, ""dro_signal"": ""val"", ""val_frac"": 0.15, ""impute_missing"": true, ""common_encoder"": false, ""use_regret"": false, ""data_split_seed"": 1003}","{""num_groups"": 4, ""num_classes"": 2, ""train_total"": 449, ""test_total"": 185, ""train_group_counts"": [205, 199, 20, 25], ""test_group_counts"": [61, 59, 25, 40], ""train_class_counts"": [245, 204], ""test_class_counts"": [83, 102], ""train_group_class_counts"": [[111, 94], [127, 72], [1, 19], [6, 19]], ""test_group_class_counts"": [[33, 28], [38, 21], [2, 23], [10, 30]], ""group_proportions"": [0.45657015590200445, 0.44320712694877507, 0.044543429844097995, 0.0556792873051225], ""val_group_counts"": [37, 36, 15, 24], ""val_total"": 112}","{""num_groups"": 4, ""eta"": 0.02, ""update_mode"": ""exp"", ""robust_objective"": ""weighted"", ""gamma"": 0.9, ""kl_lambda"": 0.0, ""initial_pi"": [0.4565701484680176, 0.44320711493492126, 0.04454343020915985, 0.055679287761449814]}",2026-09-15T20:38:41.901882,4,0.49978187916770817,0.8253968271538784,0.001,0.8216216216216217,0.830045151430953,0.75,0.92,"[0.819672131147541, 0.8305084745762712, 0.92, 0.75]","[0.46233942371899966, 0.47553655757742413, 0.3105831691622734, 0.5114430598914623]","[0.7951807228915663, 0.8431372549019608]","[[0.9393939393939394, 0.6785714285714286], [0.9210526315789473, 0.6666666666666666], [0.0, 1.0], [0.0, 1.0]]","[61, 59, 25, 40]",0.8195121951219513,"[0.8124126362873918, 0.8059210526315789, 0.4791666666666667, 0.42857142857142855]",0.42857142857142855,0.5114430598914623,0.7589285714285714,0.7832582582582582,0.6388888888888888,0.9333333333333333,"[0.8108108108108109, 0.6388888888888888, 0.9333333333333333, 0.75]","[0.46402861097374476, 0.6397923789918423, 0.2918535610040029, 0.5838326501349608]","[0.68, 0.8225806451612904]","[[0.8, 0.8235294117647058], [0.782608695652174, 0.38461538461538464], [0.0, 1.0], [0.0, 1.0]]","[37, 36, 15, 24]",0.7532435740514076,"[0.8102564102564103, 0.5847382431233363, 0.4827586206896552, 0.42857142857142855]",0.42857142857142855,0.6397923789918423,"[0.4565623700618744, 0.44365742802619934, 0.04405488446354866, 0.055725306272506714]","[0.512981823512486, 0.442410409450531, 0.3085265060265859, 0.4793052126963933]","[0.4566487967967987, 0.44345492124557495, 0.044187456369400024, 0.05570877715945244]","[0.4565701484680176, 0.44320711493492126, 0.04454343020915985, 0.055679287761449814]",0.0
"{""run_name"": ""fedheart_exp_paper_hetagg_gdro"", ""seed"": 2024, ""run_dir"": ""runs/fedheart_cv/GroupDRO_s2024_f3"", ""use_fedheart"": true, ""num_classes"": 2, ""stratified_batching"": true, ""train_frac"": 0.8, ""group_max_train_samples"": [null, null, 20, 25], ""true_hetero_input_dim"": true, ""feature_mask"": [[0, 1, 2, 3, 5, 6, 7, 8, 9, 10], [0, 1, 2, 3, 5, 6, 11, 12], [0, 1, 2, 4, 5, 7, 11, 12], [0, 1, 2, 4, 5, 6, 8, 9, 10]], ""batch_size"": 64, ""num_workers"": 0, ""epochs"": 100, ""early_stopping_patience"": 30, ""lr"": 0.001, ""weight_decay"": 0.0001, ""optimizer"": ""adam"", ""grad_clip"": 1.0, ""lr_scheduler"": ""cosine"", ""lr_min"": 1e-05, ""latent_dim"": 64, ""head_hidden"": 32, ""groups"": [{""name"": ""cleveland"", ""encoder"": ""mlp_tabular_ln"", ""input_dim"": 10, ""hidden_dim"": 64, ""dropout"": 0.1}, {""name"": ""hungarian"", ""encoder"": ""mlp_tabular_ln"", ""input_dim"": 8, ""hidden_dim"": 64, ""dropout"": 0.1}, {""name"": ""switzerland"", ""encoder"": ""mlp_tabular_ln"", ""input_dim"": 8, ""hidden_dim"": 64, ""dropout"": 0.1}, {""name"": ""va_long_beach"", ""encoder"": ""mlp_tabular_ln"", ""input_dim"": 9, ""hidden_dim"": 64, ""dropout"": 0.1}], ""anchor_eps"": 0.0001, ""sep_samples_per_class"": 4, ""sep_method"": ""classifier"", ""sep_margin"": 1.0, ""lambda_fit"": 0.001, ""lambda_sep"": 0.001, ""groupdro_enabled"": true, ""groupdro_eta"": 0.02, ""groupdro_gamma"": 0.9, ""groupdro_update_mode"": ""exp"", ""groupdro_objective"": ""weighted"", ""groupdro_kl_lambda"": 0.0, ""groupdro_uniform_init"": false, ""log_interval"": 20, ""save_every"": 10, ""groupdro_ema_decay"": 0.9, ""groupdro_update_every"": 1, ""dro_signal"": ""val"", ""val_frac"": 0.15, ""impute_missing"": true, ""common_encoder"": false, ""use_regret"": false, ""data_split_seed"": 1003}","{""num_groups"": 4, ""num_classes"": 2, ""train_total"": 449, ""test_total"": 185, ""train_group_counts"": [205, 199, 20, 25], ""test_group_counts"": [61, 59, 25, 40], ""train_class_counts"": [245, 204], ""test_class_counts"": [83, 102], ""train_group_class_counts"": [[111, 94], [127, 72], [1, 19], [6, 19]], ""test_group_class_counts"": [[33, 28], [38, 21], [2, 23], [10, 30]], ""group_proportions"": [0.45657015590200445, 0.44320712694877507, 0.044543429844097995, 0.0556792873051225], ""val_group_counts"": [37, 36, 15, 24], ""val_total"": 112}","{""num_groups"": 4, ""eta"": 0.02, ""update_mode"": ""exp"", ""robust_objective"": ""weighted"", ""gamma"": 0.9, ""kl_lambda"": 0.0, ""initial_pi"": [0.4565701484680176, 0.44320711493492126, 0.04454343020915985, 0.055679287761449814]}",2026-09-15T20:38:41.901882,5,0.4652267978980698,0.8253968271538784,0.001,0.827027027027027,0.8341435120866908,0.75,0.92,"[0.8360655737704918, 0.8305084745762712, 0.92, 0.75]","[0.4420170329633306, 0.48259042563327287, 0.2850246351957321, 0.4922390691936016]","[0.7951807228915663, 0.8529411764705882]","[[0.9393939393939394, 0.7142857142857143], [0.9210526315789473, 0.6666666666666666], [0.0, 1.0], [0.0, 1.0]]","[61, 59, 25, 40]",0.8247691214776225,"[0.8305555555555556, 0.8059210526315789, 0.4791666666666667, 0.42857142857142855]",0.42857142857142855,0.4922390691936016,0.7678571428571429,0.7902027027027028,0.6666666666666666,0.9333333333333333,"[0.8108108108108109, 0.6666666666666666, 0.9333333333333333, 0.75]","[0.46101015242370397, 0.659932477813628, 0.26438668817281724, 0.5877584156890711]","[0.68, 0.8387096774193549]","[[0.8, 0.8235294117647058], [0.782608695652174, 0.46153846153846156], [0.0, 1.0], [0.0, 1.0]]","[37, 36, 15, 24]",0.7617021276595746,"[0.8102564102564103, 0.6249999999999999, 0.4827586206896552, 0.42857142857142855]",0.42857142857142855,0.659932477813628,"[0.4564052224159241, 0.4439391791820526, 0.043911002576351166, 0.05574461817741394]","[0.474510269505637, 0.411704067673002, 0.26261649280786514, 0.45825687299172085]","[0.4565623700618744, 0.44365742802619934, 0.04405488446354866, 0.055725306272506714]","[0.4565701484680176, 0.44320711493492126, 0.04454343020915985, 0.055679287761449814]",0.0
"{""run_name"": ""fedheart_exp_paper_hetagg_gdro"", ""seed"": 2024, ""run_dir"": ""runs/fedheart_cv/GroupDRO_s2024_f3"", ""use_fedheart"": true, ""num_classes"": 2, ""stratified_batching"": true, ""train_frac"": 0.8, ""group_max_train_samples"": [null, null, 20, 25], ""true_hetero_input_dim"": true, ""feature_mask"": [[0, 1, 2, 3, 5, 6, 7, 8, 9, 10], [0, 1, 2, 3, 5, 6, 11, 12], [0, 1, 2, 4, 5, 7, 11, 12], [0, 1, 2, 4, 5, 6, 8, 9, 10]], ""batch_size"": 64, ""num_workers"": 0, ""epochs"": 100, ""early_stopping_patience"": 30, ""lr"": 0.001, ""weight_decay"": 0.0001, ""optimizer"": ""adam"", ""grad_clip"": 1.0, ""lr_scheduler"": ""cosine"", ""lr_min"": 1e-05, ""latent_dim"": 64, ""head_hidden"": 32, ""groups"": [{""name"": ""cleveland"", ""encoder"": ""mlp_tabular_ln"", ""input_dim"": 10, ""hidden_dim"": 64, ""dropout"": 0.1}, {""name"": ""hungarian"", ""encoder"": ""mlp_tabular_ln"", ""input_dim"": 8, ""hidden_dim"": 64, ""dropout"": 0.1}, {""name"": ""switzerland"", ""encoder"": ""mlp_tabular_ln"", ""input_dim"": 8, ""hidden_dim"": 64, ""dropout"": 0.1}, {""name"": ""va_long_beach"", ""encoder"": ""mlp_tabular_ln"", ""input_dim"": 9, ""hidden_dim"": 64, ""dropout"": 0.1}], ""anchor_eps"": 0.0001, ""sep_samples_per_class"": 4, ""sep_method"": ""classifier"", ""sep_margin"": 1.0, ""lambda_fit"": 0.001, ""lambda_sep"": 0.001, ""groupdro_enabled"": true, ""groupdro_eta"": 0.02, ""groupdro_gamma"": 0.9, ""groupdro_update_mode"": ""exp"", ""groupdro_objective"": ""weighted"", ""groupdro_kl_lambda"": 0.0, ""groupdro_uniform_init"": false, ""log_interval"": 20, ""save_every"": 10, ""groupdro_ema_decay"": 0.9, ""groupdro_update_every"": 1, ""dro_signal"": ""val"", ""val_frac"": 0.15, ""impute_missing"": true, ""common_encoder"": false, ""use_regret"": false, ""data_split_seed"": 1003}","{""num_groups"": 4, ""num_classes"": 2, ""train_total"": 449, ""test_total"": 185, ""train_group_counts"": [205, 199, 20, 25], ""test_group_counts"": [61, 59, 25, 40], ""train_class_counts"": [245, 204], ""test_class_counts"": [83, 102], ""train_group_class_counts"": [[111, 94], [127, 72], [1, 19], [6, 19]], ""test_group_class_counts"": [[33, 28], [38, 21], [2, 23], [10, 30]], ""group_proportions"": [0.45657015590200445, 0.44320712694877507, 0.044543429844097995, 0.0556792873051225], ""val_group_counts"": [37, 36, 15, 24], ""val_total"": 112}","{""num_groups"": 4, ""eta"": 0.02, ""update_mode"": ""exp"", ""robust_objective"": ""weighted"", ""gamma"": 0.9, ""kl_lambda"": 0.0, ""initial_pi"": [0.4565701484680176, 0.44320711493492126, 0.04454343020915985, 0.055679287761449814]}",2026-09-15T20:38:41.901882,6,0.45487814019867084,0.834467121938459,0.001,0.827027027027027,0.8341435120866908,0.75,0.92,"[0.8360655737704918, 0.8305084745762712, 0.92, 0.75]","[0.42855003555534316, 0.49281146970845885, 0.2814104740321636, 0.4810488376766443]","[0.7951807228915663, 0.8529411764705882]","[[0.9393939393939394, 0.7142857142857143], [0.9210526315789473, 0.6666666666666666], [0.0, 1.0], [0.0, 1.0]]","[61, 59, 25, 40]",0.8247691214776225,"[0.8305555555555556, 0.8059210526315789, 0.4791666666666667, 0.42857142857142855]",0.42857142857142855,0.49281146970845885,0.7767857142857143,0.7971471471471472,0.6944444444444444,0.9333333333333333,"[0.8108108108108109, 0.6944444444444444, 0.9333333333333333, 0.75]","[0.4603749344477782, 0.683035465164317, 0.25945423568288484, 0.5963658882925907]","[0.68, 0.8548387096774194]","[[0.8, 0.8235294117647058], [0.782608695652174, 0.5384615384615384], [0.0, 1.0], [0.0, 1.0]]","[37, 36, 15, 24]",0.7701715505212181,"[0.8102564102564103, 0.6629787234042553, 0.4827586206896552, 0.42857142857142855]",0.42857142857142855,0.683035465164317,"[0.45617440342903137, 0.44430363178253174, 0.04375574365258217, 0.05576624348759651]","[0.4539894461631775, 0.4138522616454533, 0.1365166467924913, 0.5436586538950602]","[0.4564052224159241, 0.4439391791820526, 0.043911002576351166, 0.05574461817741394]","[0.4565701484680176, 0.44320711493492126, 0.04454343020915985, 0.055679287761449814]",0.0
"{""run_name"": ""fedheart_exp_paper_hetagg_gdro"", ""seed"": 2024, ""run_dir"": ""runs/fedheart_cv/GroupDRO_s2024_f3"", ""use_fedheart"": true, ""num_classes"": 2, ""stratified_batching"": true, ""train_frac"": 0.8, ""group_max_train_samples"": [null, null, 20, 25], ""true_hetero_input_dim"": true, ""feature_mask"": [[0, 1, 2, 3, 5, 6, 7, 8, 9, 10], [0, 1, 2, 3, 5, 6, 11, 12], [0, 1, 2, 4, 5, 7, 11, 12], [0, 1, 2, 4, 5, 6, 8, 9, 10]], ""batch_size"": 64, ""num_workers"": 0, ""epochs"": 100, ""early_stopping_patience"": 30, ""lr"": 0.001, ""weight_decay"": 0.0001, ""optimizer"": ""adam"", ""grad_clip"": 1.0, ""lr_scheduler"": ""cosine"", ""lr_min"": 1e-05, ""latent_dim"": 64, ""head_hidden"": 32, ""groups"": [{""name"": ""cleveland"", ""encoder"": ""mlp_tabular_ln"", ""input_dim"": 10, ""hidden_dim"": 64, ""dropout"": 0.1}, {""name"": ""hungarian"", ""encoder"": ""mlp_tabular_ln"", ""input_dim"": 8, ""hidden_dim"": 64, ""dropout"": 0.1}, {""name"": ""switzerland"", ""encoder"": ""mlp_tabular_ln"", ""input_dim"": 8, ""hidden_dim"": 64, ""dropout"": 0.1}, {""name"": ""va_long_beach"", ""encoder"": ""mlp_tabular_ln"", ""input_dim"": 9, ""hidden_dim"": 64, ""dropout"": 0.1}], ""anchor_eps"": 0.0001, ""sep_samples_per_class"": 4, ""sep_method"": ""classifier"", ""sep_margin"": 1.0, ""lambda_fit"": 0.001, ""lambda_sep"": 0.001, ""groupdro_enabled"": true, ""groupdro_eta"": 0.02, ""groupdro_gamma"": 0.9, ""groupdro_update_mode"": ""exp"", ""groupdro_objective"": ""weighted"", ""groupdro_kl_lambda"": 0.0, ""groupdro_uniform_init"": false, ""log_interval"": 20, ""save_every"": 10, ""groupdro_ema_decay"": 0.9, ""groupdro_update_every"": 1, ""dro_signal"": ""val"", ""val_frac"": 0.15, ""impute_missing"": true, ""common_encoder"": false, ""use_regret"": false, ""data_split_seed"": 1003}","{""num_groups"": 4, ""num_classes"": 2, ""train_total"": 449, ""test_total"": 185, ""train_group_counts"": [205, 199, 20, 25], ""test_group_counts"": [61, 59, 25, 40], ""train_class_counts"": [245, 204], ""test_class_counts"": [83, 102], ""train_group_class_counts"": [[111, 94], [127, 72], [1, 19], [6, 19]], ""test_group_class_counts"": [[33, 28], [38, 21], [2, 23], [10, 30]], ""group_proportions"": [0.45657015590200445, 0.44320712694877507, 0.044543429844097995, 0.0556792873051225], ""val_group_counts"": [37, 36, 15, 24], ""val_total"": 112}","{""num_groups"": 4, ""eta"": 0.02, ""update_mode"": ""exp"", ""robust_objective"": ""weighted"", ""gamma"": 0.9, ""kl_lambda"": 0.0, ""initial_pi"": [0.4565701484680176, 0.44320711493492126, 0.04454343020915985, 0.055679287761449814]}",2026-09-15T20:38:41.901882,7,0.45537665952630596,0.8253968290460894,0.001,0.8432432432432433,0.8528935120866907,0.825,0.92,"[0.8360655737704918, 0.8305084745762712, 0.92, 0.825]","[0.4229540722902681, 0.5031537392129333, 0.2874640157818794, 0.46915578842163086]","[0.8313253012048193, 0.8529411764705882]","[[0.9393939393939394, 0.7142857142857143], [0.9210526315789473, 0.6666666666666666], [0.0, 1.0], [0.3, 1.0]]","[61, 59, 25, 40]",0.8417450812660394,"[0.8305555555555556, 0.8059210526315789, 0.4791666666666667, 0.6785304247990814]",0.4791666666666667,0.5031537392129333,0.7767857142857143,0.7971471471471472,0.6944444444444444,0.9333333333333333,"[0.8108108108108109, 0.6944444444444444, 0.9333333333333333, 0.75]","[0.46962956802265066, 0.7049655970185995, 0.26448151270548503, 0.601678424825271]","[0.68, 0.8548387096774194]","[[0.8, 0.8235294117647058], [0.782608695652174, 0.5384615384615384], [0.0, 1.0], [0.0, 1.0]]","[37, 36, 15, 24]",0.7701715505212181,"[0.8102564102564103, 0.6629787234042553, 0.4827586206896552, 0.42857142857142855]",0.42857142857142855,0.7049655970185995,"[0.4558723568916321, 0.4447491765022278, 0.04358956217765808, 0.05578889697790146]","[0.47497890676770893, 0.39710733933108194, 0.24748976901173592, 0.43211164822181064]","[0.45617440342903137, 0.44430363178253174, 0.04375574365258217, 0.05576624348759651]","[0.4565701484680176, 0.44320711493492126, 0.04454343020915985, 0.055679287761449814]",0.0
"{""run_name"": ""fedheart_exp_paper_hetagg_gdro"", ""seed"": 2024, ""run_dir"": ""runs/fedheart_cv/GroupDRO_s2024_f3"", ""use_fedheart"": true, ""num_classes"": 2, ""stratified_batching"": true, ""train_frac"": 0.8, ""group_max_train_samples"": [null, null, 20, 25], ""true_hetero_input_dim"": true, ""feature_mask"": [[0, 1, 2, 3, 5, 6, 7, 8, 9, 10], [0, 1, 2, 3, 5, 6, 11, 12], [0, 1, 2, 4, 5, 7, 11, 12], [0, 1, 2, 4, 5, 6, 8, 9, 10]], ""batch_size"": 64, ""num_workers"": 0, ""epochs"": 100, ""early_stopping_patience"": 30, ""lr"": 0.001, ""weight_decay"": 0.0001, ""optimizer"": ""adam"", ""grad_clip"": 1.0, ""lr_scheduler"": ""cosine"", ""lr_min"": 1e-05, ""latent_dim"": 64, ""head_hidden"": 32, ""groups"": [{""name"": ""cleveland"", ""encoder"": ""mlp_tabular_ln"", ""input_dim"": 10, ""hidden_dim"": 64, ""dropout"": 0.1}, {""name"": ""hungarian"", ""encoder"": ""mlp_tabular_ln"", ""input_dim"": 8, ""hidden_dim"": 64, ""dropout"": 0.1}, {""name"": ""switzerland"", ""encoder"": ""mlp_tabular_ln"", ""input_dim"": 8, ""hidden_dim"": 64, ""dropout"": 0.1}, {""name"": ""va_long_beach"", ""encoder"": ""mlp_tabular_ln"", ""input_dim"": 9, ""hidden_dim"": 64, ""dropout"": 0.1}], ""anchor_eps"": 0.0001, ""sep_samples_per_class"": 4, ""sep_method"": ""classifier"", ""sep_margin"": 1.0, ""lambda_fit"": 0.001, ""lambda_sep"": 0.001, ""groupdro_enabled"": true, ""groupdro_eta"": 0.02, ""groupdro_gamma"": 0.9, ""groupdro_update_mode"": ""exp"", ""groupdro_objective"": ""weighted"", ""groupdro_kl_lambda"": 0.0, ""groupdro_uniform_init"": false, ""log_interval"": 20, ""save_every"": 10, ""groupdro_ema_decay"": 0.9, ""groupdro_update_every"": 1, ""dro_signal"": ""val"", ""val_frac"": 0.15, ""impute_missing"": true, ""common_encoder"": false, ""use_regret"": false, ""data_split_seed"": 1003}","{""num_groups"": 4, ""num_classes"": 2, ""train_total"": 449, ""test_total"": 185, ""train_group_counts"": [205, 199, 20, 25], ""test_group_counts"": [61, 59, 25, 40], ""train_class_counts"": [245, 204], ""test_class_counts"": [83, 102], ""train_group_class_counts"": [[111, 94], [127, 72], [1, 19], [6, 19]], ""test_group_class_counts"": [[33, 28], [38, 21], [2, 23], [10, 30]], ""group_proportions"": [0.45657015590200445, 0.44320712694877507, 0.044543429844097995, 0.0556792873051225], ""val_group_counts"": [37, 36, 15, 24], ""val_total"": 112}","{""num_groups"": 4, ""eta"": 0.02, ""update_mode"": ""exp"", ""robust_objective"": ""weighted"", ""gamma"": 0.9, ""kl_lambda"": 0.0, ""initial_pi"": [0.4565701484680176, 0.44320711493492126, 0.04454343020915985, 0.055679287761449814]}",2026-09-15T20:38:41.901882,8,0.42383376824882835,0.8480725612770132,0.001,0.8432432432432433,0.8528935120866907,0.825,0.92,"[0.8360655737704918, 0.8305084745762712, 0.92, 0.825]","[0.4278529754794035, 0.5050295137374078, 0.29328144125640393, 0.46402087807655334]","[0.8433734939759037, 0.8431372549019608]","[[0.9696969696969697, 0.6785714285714286], [0.9210526315789473, 0.6666666666666666], [0.0, 1.0], [0.3, 1.0]]","[61, 59, 25, 40]",0.8420618799493657,"[0.8282657657657657, 0.8059210526315789, 0.4791666666666667, 0.6785304247990814]",0.4791666666666667,0.5050295137374078,0.75,0.7768768768768769,0.6944444444444444,0.9333333333333333,"[0.7297297297297297, 0.6944444444444444, 0.9333333333333333, 0.75]","[0.4708895861498407, 0.7054354423243139, 0.2684287839879592, 0.5972864919652542]","[0.64, 0.8387096774193549]","[[0.7, 0.7647058823529411], [0.782608695652174, 0.5384615384615384], [0.0, 1.0], [0.0, 1.0]]","[37, 36, 15, 24]",0.7417654808959158,"[0.7295321637426899, 0.6629787234042553, 0.4827586206896552, 0.42857142857142855]",0.42857142857142855,0.7054354423243139,"[0.45550665259361267, 0.4452674388885498, 0.04341398552060127, 0.05581188201904297]","[0.42065079723085674, 0.3891467068876539, 0.183469091852506, 0.43078866600990295]","[0.4558723568916321, 0.4447491765022278, 0.04358956217765808, 0.05578889697790146]","[0.4565701484680176, 0.44320711493492126, 0.04454343020915985, 0.055679287761449814]",0.0
"{""run_name"": ""fedheart_exp_paper_hetagg_gdro"", ""seed"": 2024, ""run_dir"": ""runs/fedheart_cv/GroupDRO_s2024_f3"", ""use_fedheart"": true, ""num_classes"": 2, ""stratified_batching"": true, ""train_frac"": 0.8, ""group_max_train_samples"": [null, null, 20, 25], ""true_hetero_input_dim"": true, ""feature_mask"": [[0, 1, 2, 3, 5, 6, 7, 8, 9, 10], [0, 1, 2, 3, 5, 6, 11, 12], [0, 1, 2, 4, 5, 7, 11, 12], [0, 1, 2, 4, 5, 6, 8, 9, 10]], ""batch_size"": 64, ""num_workers"": 0, ""epochs"": 100, ""early_stopping_patience"": 30, ""lr"": 0.001, ""weight_decay"": 0.0001, ""optimizer"": ""adam"", ""grad_clip"": 1.0, ""lr_scheduler"": ""cosine"", ""lr_min"": 1e-05, ""latent_dim"": 64, ""head_hidden"": 32, ""groups"": [{""name"": ""cleveland"", ""encoder"": ""mlp_tabular_ln"", ""input_dim"": 10, ""hidden_dim"": 64, ""dropout"": 0.1}, {""name"": ""hungarian"", ""encoder"": ""mlp_tabular_ln"", ""input_dim"": 8, ""hidden_dim"": 64, ""dropout"": 0.1}, {""name"": ""switzerland"", ""encoder"": ""mlp_tabular_ln"", ""input_dim"": 8, ""hidden_dim"": 64, ""dropout"": 0.1}, {""name"": ""va_long_beach"", ""encoder"": ""mlp_tabular_ln"", ""input_dim"": 9, ""hidden_dim"": 64, ""dropout"": 0.1}], ""anchor_eps"": 0.0001, ""sep_samples_per_class"": 4, ""sep_method"": ""classifier"", ""sep_margin"": 1.0, ""lambda_fit"": 0.001, ""lambda_sep"": 0.001, ""groupdro_enabled"": true, ""groupdro_eta"": 0.02, ""groupdro_gamma"": 0.9, ""groupdro_update_mode"": ""exp"", ""groupdro_objective"": ""weighted"", ""groupdro_kl_lambda"": 0.0, ""groupdro_uniform_init"": false, ""log_interval"": 20, ""save_every"": 10, ""groupdro_ema_decay"": 0.9, ""groupdro_update_every"": 1, ""dro_signal"": ""val"", ""val_frac"": 0.15, ""impute_missing"": true, ""common_encoder"": false, ""use_regret"": false, ""data_split_seed"": 1003}","{""num_groups"": 4, ""num_classes"": 2, ""train_total"": 449, ""test_total"": 185, ""train_group_counts"": [205, 199, 20, 25], ""test_group_counts"": [61, 59, 25, 40], ""train_class_counts"": [245, 204], ""test_class_counts"": [83, 102], ""train_group_class_counts"": [[111, 94], [127, 72], [1, 19], [6, 19]], ""test_group_class_counts"": [[33, 28], [38, 21], [2, 23], [10, 30]], ""group_proportions"": [0.45657015590200445, 0.44320712694877507, 0.044543429844097995, 0.0556792873051225], ""val_group_counts"": [37, 36, 15, 24], ""val_total"": 112}","{""num_groups"": 4, ""eta"": 0.02, ""update_mode"": ""exp"", ""robust_objective"": ""weighted"", ""gamma"": 0.9, ""kl_lambda"": 0.0, ""initial_pi"": [0.4565701484680176, 0.44320711493492126, 0.04454343020915985, 0.055679287761449814]}",2026-09-15T20:38:41.901882,9,0.4221553604483875,0.8412698439729998,0.001,0.827027027027027,0.8403205751597667,0.7966101694915254,0.92,"[0.819672131147541, 0.7966101694915254, 0.92, 0.825]","[0.425164599276957, 0.5107703828963183, 0.3035974346846342, 0.4568697752431035]","[0.8192771084337349, 0.8333333333333334]","[[0.9090909090909091, 0.7142857142857143], [0.9210526315789473, 0.5714285714285714], [0.0, 1.0], [0.3, 1.0]]","[61, 59, 25, 40]",0.8255539839698256,"[0.8146920740127037, 0.7601626016260162, 0.4791666666666667, 0.6785304247990814]",0.4791666666666667,0.5107703828963183,0.75,0.7766891891891892,0.6666666666666666,0.9333333333333333,"[0.7567567567567568, 0.6666666666666666, 0.9333333333333333, 0.75]","[0.4802909971693078, 0.7248352690496378, 0.27648573045929276, 0.6001542548959454]","[0.64, 0.8387096774193549]","[[0.7, 0.8235294117647058], [0.782608695652174, 0.46153846153846156], [0.0, 1.0], [0.0, 1.0]]","[37, 36, 15, 24]",0.7417654808959158,"[0.7567567567567567, 0.6249999999999999, 0.4827586206896552, 0.42857142857142855]",0.42857142857142855,0.7248352690496378,"[0.4550798833370209, 0.4458565413951874, 0.04322964325547218, 0.05583395063877106]","[0.42245479566710337, 0.3930088920252664, 0.17934904775271812, 0.41539303710063297]","[0.45550665259361267, 0.4452674388885498, 0.04341398552060127, 0.05581188201904297]","[0.4565701484680176, 0.44320711493492126, 0.04454343020915985, 0.055679287761449814]",0.0
"{""run_name"": ""fedheart_exp_paper_hetagg_gdro"", ""seed"": 2024, ""run_dir"": ""runs/fedheart_cv/GroupDRO_s2024_f3"", ""use_fedheart"": true, ""num_classes"": 2, ""stratified_batching"": true, ""train_frac"": 0.8, ""group_max_train_samples"": [null, null, 20, 25], ""true_hetero_input_dim"": true, ""feature_mask"": [[0, 1, 2, 3, 5, 6, 7, 8, 9, 10], [0, 1, 2, 3, 5, 6, 11, 12], [0, 1, 2, 4, 5, 7, 11, 12], [0, 1, 2, 4, 5, 6, 8, 9, 10]], ""batch_size"": 64, ""num_workers"": 0, ""epochs"": 100, ""early_stopping_patience"": 30, ""lr"": 0.001, ""weight_decay"": 0.0001, ""optimizer"": ""adam"", ""grad_clip"": 1.0, ""lr_scheduler"": ""cosine"", ""lr_min"": 1e-05, ""latent_dim"": 64, ""head_hidden"": 32, ""groups"": [{""name"": ""cleveland"", ""encoder"": ""mlp_tabular_ln"", ""input_dim"": 10, ""hidden_dim"": 64, ""dropout"": 0.1}, {""name"": ""hungarian"", ""encoder"": ""mlp_tabular_ln"", ""input_dim"": 8, ""hidden_dim"": 64, ""dropout"": 0.1}, {""name"": ""switzerland"", ""encoder"": ""mlp_tabular_ln"", ""input_dim"": 8, ""hidden_dim"": 64, ""dropout"": 0.1}, {""name"": ""va_long_beach"", ""encoder"": ""mlp_tabular_ln"", ""input_dim"": 9, ""hidden_dim"": 64, ""dropout"": 0.1}], ""anchor_eps"": 0.0001, ""sep_samples_per_class"": 4, ""sep_method"": ""classifier"", ""sep_margin"": 1.0, ""lambda_fit"": 0.001, ""lambda_sep"": 0.001, ""groupdro_enabled"": true, ""groupdro_eta"": 0.02, ""groupdro_gamma"": 0.9, ""groupdro_update_mode"": ""exp"", ""groupdro_objective"": ""weighted"", ""groupdro_kl_lambda"": 0.0, ""groupdro_uniform_init"": false, ""log_interval"": 20, ""save_every"": 10, ""groupdro_ema_decay"": 0.9, ""groupdro_update_every"": 1, ""dro_signal"": ""val"", ""val_frac"": 0.15, ""impute_missing"": true, ""common_encoder"": false, ""use_regret"": false, ""data_split_seed"": 1003}","{""num_groups"": 4, ""num_classes"": 2, ""train_total"": 449, ""test_total"": 185, ""train_group_counts"": [205, 199, 20, 25], ""test_group_counts"": [61, 59, 25, 40], ""train_class_counts"": [245, 204], ""test_class_counts"": [83, 102], ""train_group_class_counts"": [[111, 94], [127, 72], [1, 19], [6, 19]], ""test_group_class_counts"": [[33, 28], [38, 21], [2, 23], [10, 30]], ""group_proportions"": [0.45657015590200445, 0.44320712694877507, 0.044543429844097995, 0.0556792873051225], ""val_group_counts"": [37, 36, 15, 24], ""val_total"": 112}","{""num_groups"": 4, ""eta"": 0.02, ""update_mode"": ""exp"", ""robust_objective"": ""weighted"", ""gamma"": 0.9, ""kl_lambda"": 0.0, ""initial_pi"": [0.4565701484680176, 0.44320711493492126, 0.04454343020915985, 0.055679287761449814]}",2026-09-15T20:38:41.901882,10,0.4083660129381686,0.854875283311554,0.001,0.8162162162162162,0.8299722145040289,0.7966101694915254,0.92,"[0.8032786885245902, 0.7966101694915254, 0.92, 0.8]","[0.43402385317766273, 0.5114272363105062, 0.31373039320111273, 0.4517356716096401]","[0.8192771084337349, 0.8137254901960784]","[[0.9090909090909091, 0.6785714285714286], [0.9210526315789473, 0.5714285714285714], [0.0, 1.0], [0.3, 0.9666666666666667]]","[61, 59, 25, 40]",0.8150000000000002,"[0.7966666666666666, 0.7601626016260162, 0.4791666666666667, 0.6536796536796536]",0.4791666666666667,0.5114272363105062,0.75,0.7766891891891892,0.6666666666666666,0.9333333333333333,"[0.7567567567567568, 0.6666666666666666, 0.9333333333333333, 0.75]","[0.4941112851170269, 0.7513964282762673, 0.2842472872386376, 0.5984142863502105]","[0.64, 0.8387096774193549]","[[0.7, 0.8235294117647058], [0.782608695652174, 0.46153846153846156], [0.0, 1.0], [0.0, 1.0]]","[37, 36, 15, 24]",0.7417654808959158,"[0.7567567567567567, 0.6249999999999999, 0.4827586206896552, 0.42857142857142855]",0.42857142857142855,0.7513964282762673,"[0.4545937776565552, 0.44651663303375244, 0.04303664341568947, 0.055852893739938736]","[0.40662936653409687, 0.3994576803275517, 0.040602538734674454, 0.3670327961444855]","[0.4550798833370209, 0.4458565413951874, 0.04322964325547218, 0.05583395063877106]","[0.4565701484680176, 0.44320711493492126, 0.04454343020915985, 0.055679287761449814]",0.0
"{""run_name"": ""fedheart_exp_paper_hetagg_gdro"", ""seed"": 2024, ""run_dir"": ""runs/fedheart_cv/GroupDRO_s2024_f3"", ""use_fedheart"": true, ""num_classes"": 2, ""stratified_batching"": true, ""train_frac"": 0.8, ""group_max_train_samples"": [null, null, 20, 25], ""true_hetero_input_dim"": true, ""feature_mask"": [[0, 1, 2, 3, 5, 6, 7, 8, 9, 10], [0, 1, 2, 3, 5, 6, 11, 12], [0, 1, 2, 4, 5, 7, 11, 12], [0, 1, 2, 4, 5, 6, 8, 9, 10]], ""batch_size"": 64, ""num_workers"": 0, ""epochs"": 100, ""early_stopping_patience"": 30, ""lr"": 0.001, ""weight_decay"": 0.0001, ""optimizer"": ""adam"", ""grad_clip"": 1.0, ""lr_scheduler"": ""cosine"", ""lr_min"": 1e-05, ""latent_dim"": 64, ""head_hidden"": 32, ""groups"": [{""name"": ""cleveland"", ""encoder"": ""mlp_tabular_ln"", ""input_dim"": 10, ""hidden_dim"": 64, ""dropout"": 0.1}, {""name"": ""hungarian"", ""encoder"": ""mlp_tabular_ln"", ""input_dim"": 8, ""hidden_dim"": 64, ""dropout"": 0.1}, {""name"": ""switzerland"", ""encoder"": ""mlp_tabular_ln"", ""input_dim"": 8, ""hidden_dim"": 64, ""dropout"": 0.1}, {""name"": ""va_long_beach"", ""encoder"": ""mlp_tabular_ln"", ""input_dim"": 9, ""hidden_dim"": 64, ""dropout"": 0.1}], ""anchor_eps"": 0.0001, ""sep_samples_per_class"": 4, ""sep_method"": ""classifier"", ""sep_margin"": 1.0, ""lambda_fit"": 0.001, ""lambda_sep"": 0.001, ""groupdro_enabled"": true, ""groupdro_eta"": 0.02, ""groupdro_gamma"": 0.9, ""groupdro_update_mode"": ""exp"", ""groupdro_objective"": ""weighted"", ""groupdro_kl_lambda"": 0.0, ""groupdro_uniform_init"": false, ""log_interval"": 20, ""save_every"": 10, ""groupdro_ema_decay"": 0.9, ""groupdro_update_every"": 1, ""dro_signal"": ""val"", ""val_frac"": 0.15, ""impute_missing"": true, ""common_encoder"": false, ""use_regret"": false, ""data_split_seed"": 1003}","{""num_groups"": 4, ""num_classes"": 2, ""train_total"": 449, ""test_total"": 185, ""train_group_counts"": [205, 199, 20, 25], ""test_group_counts"": [61, 59, 25, 40], ""train_class_counts"": [245, 204], ""test_class_counts"": [83, 102], ""train_group_class_counts"": [[111, 94], [127, 72], [1, 19], [6, 19]], ""test_group_class_counts"": [[33, 28], [38, 21], [2, 23], [10, 30]], ""group_proportions"": [0.45657015590200445, 0.44320712694877507, 0.044543429844097995, 0.0556792873051225], ""val_group_counts"": [37, 36, 15, 24], ""val_total"": 112}","{""num_groups"": 4, ""eta"": 0.02, ""update_mode"": ""exp"", ""robust_objective"": ""weighted"", ""gamma"": 0.9, ""kl_lambda"": 0.0, ""initial_pi"": [0.4565701484680176, 0.44320711493492126, 0.04454343020915985, 0.055679287761449814]}",2026-09-15T20:38:41.901882,11,0.37888530045409863,0.8662131508461742,0.001,0.8324324324324325,0.8444189358155043,0.7966101694915254,0.92,"[0.8360655737704918, 0.7966101694915254, 0.92, 0.825]","[0.44986298423810084, 0.5137714870526628, 0.3188200430572033, 0.4547730814665556]","[0.8313253012048193, 0.8333333333333334]","[[0.9393939393939394, 0.7142857142857143], [0.9210526315789473, 0.5714285714285714], [0.0, 1.0], [0.3, 1.0]]","[61, 59, 25, 40]",0.8311695958079426,"[0.8305555555555556, 0.7601626016260162, 0.4791666666666667, 0.6785304247990814]",0.4791666666666667,0.5137714870526628,0.75,0.7766891891891892,0.6666666666666666,0.9333333333333333,"[0.7567567567567568, 0.6666666666666666, 0.9333333333333333, 0.75]","[0.4841857192584792, 0.7657520898307363, 0.2856165458758672, 0.6129344537233313]","[0.64, 0.8387096774193549]","[[0.7, 0.8235294117647058], [0.782608695652174, 0.46153846153846156], [0.0, 1.0], [0.0, 1.0]]","[37, 36, 15, 24]",0.7417654808959158,"[0.7567567567567567, 0.6249999999999999, 0.4827586206896552, 0.42857142857142855]",0.42857142857142855,0.7657520898307363,"[0.4540427029132843, 0.4472511112689972, 0.04283590614795685, 0.055870309472084045]","[0.3679048163550241, 0.35896716160433634, 0.18181935721077025, 0.3951953873038292]","[0.4545937776565552, 0.44651663303375244, 0.04303664341568947, 0.055852893739938736]","[0.4565701484680176, 0.44320711493492126, 0.04454343020915985, 0.055679287761449814]",0.0
"{""run_name"": ""fedheart_exp_paper_hetagg_gdro"", ""seed"": 2024, ""run_dir"": ""runs/fedheart_cv/GroupDRO_s2024_f3"", ""use_fedheart"": true, ""num_classes"": 2, ""stratified_batching"": true, ""train_frac"": 0.8, ""group_max_train_samples"": [null, null, 20, 25], ""true_hetero_input_dim"": true, ""feature_mask"": [[0, 1, 2, 3, 5, 6, 7, 8, 9, 10], [0, 1, 2, 3, 5, 6, 11, 12], [0, 1, 2, 4, 5, 7, 11, 12], [0, 1, 2, 4, 5, 6, 8, 9, 10]], ""batch_size"": 64, ""num_workers"": 0, ""epochs"": 100, ""early_stopping_patience"": 30, ""lr"": 0.001, ""weight_decay"": 0.0001, ""optimizer"": ""adam"", ""grad_clip"": 1.0, ""lr_scheduler"": ""cosine"", ""lr_min"": 1e-05, ""latent_dim"": 64, ""head_hidden"": 32, ""groups"": [{""name"": ""cleveland"", ""encoder"": ""mlp_tabular_ln"", ""input_dim"": 10, ""hidden_dim"": 64, ""dropout"": 0.1}, {""name"": ""hungarian"", ""encoder"": ""mlp_tabular_ln"", ""input_dim"": 8, ""hidden_dim"": 64, ""dropout"": 0.1}, {""name"": ""switzerland"", ""encoder"": ""mlp_tabular_ln"", ""input_dim"": 8, ""hidden_dim"": 64, ""dropout"": 0.1}, {""name"": ""va_long_beach"", ""encoder"": ""mlp_tabular_ln"", ""input_dim"": 9, ""hidden_dim"": 64, ""dropout"": 0.1}], ""anchor_eps"": 0.0001, ""sep_samples_per_class"": 4, ""sep_method"": ""classifier"", ""sep_margin"": 1.0, ""lambda_fit"": 0.001, ""lambda_sep"": 0.001, ""groupdro_enabled"": true, ""groupdro_eta"": 0.02, ""groupdro_gamma"": 0.9, ""groupdro_update_mode"": ""exp"", ""groupdro_objective"": ""weighted"", ""groupdro_kl_lambda"": 0.0, ""groupdro_uniform_init"": false, ""log_interval"": 20, ""save_every"": 10, ""groupdro_ema_decay"": 0.9, ""groupdro_update_every"": 1, ""dro_signal"": ""val"", ""val_frac"": 0.15, ""impute_missing"": true, ""common_encoder"": false, ""use_regret"": false, ""data_split_seed"": 1003}","{""num_groups"": 4, ""num_classes"": 2, ""train_total"": 449, ""test_total"": 185, ""train_group_counts"": [205, 199, 20, 25], ""test_group_counts"": [61, 59, 25, 40], ""train_class_counts"": [245, 204], ""test_class_counts"": [83, 102], ""train_group_class_counts"": [[111, 94], [127, 72], [1, 19], [6, 19]], ""test_group_class_counts"": [[33, 28], [38, 21], [2, 23], [10, 30]], ""group_proportions"": [0.45657015590200445, 0.44320712694877507, 0.044543429844097995, 0.0556792873051225], ""val_group_counts"": [37, 36, 15, 24], ""val_total"": 112}","{""num_groups"": 4, ""eta"": 0.02, ""update_mode"": ""exp"", ""robust_objective"": ""weighted"", ""gamma"": 0.9, ""kl_lambda"": 0.0, ""initial_pi"": [0.4565701484680176, 0.44320711493492126, 0.04454343020915985, 0.055679287761449814]}",2026-09-15T20:38:41.901882,12,0.39714409225111375,0.8503401340270529,0.001,0.8378378378378378,0.8466435120866908,0.8,0.92,"[0.8360655737704918, 0.8305084745762712, 0.92, 0.8]","[0.45376574703049466, 0.5156327218322431, 0.323531881198287, 0.45018860697746277]","[0.8192771084337349, 0.8529411764705882]","[[0.9090909090909091, 0.75], [0.9210526315789473, 0.6666666666666666], [0.0, 1.0], [0.3, 0.9666666666666667]]","[61, 59, 25, 40]",0.8361091424521616,"[0.8324175824175823, 0.8059210526315789, 0.4791666666666667, 0.6536796536796536]",0.4791666666666667,0.5156327218322431,0.75,0.7766891891891892,0.6666666666666666,0.9333333333333333,"[0.7567567567567568, 0.6666666666666666, 0.9333333333333333, 0.75]","[0.47995935259638606, 0.768744051663412, 0.2883270074923833, 0.6314140843848387]","[0.64, 0.8387096774193549]","[[0.7, 0.8235294117647058], [0.782608695652174, 0.46153846153846156], [0.0, 1.0], [0.0, 1.0]]","[37, 36, 15, 24]",0.7417654808959158,"[0.7567567567567567, 0.6249999999999999, 0.4827586206896552, 0.42857142857142855]",0.42857142857142855,0.768744051663412,"[0.45342859625816345, 0.44805461168289185, 0.04262853413820267, 0.055888283997774124]","[0.4097786843776703, 0.3635213375091553, 0.09971120891471703, 0.4027931292851766]","[0.4540427029132843, 0.4472511112689972, 0.04283590614795685, 0.055870309472084045]","[0.4565701484680176, 0.44320711493492126, 0.04454343020915985, 0.055679287761449814]",0.0
"{""run_name"": ""fedheart_exp_paper_hetagg_gdro"", ""seed"": 2024, ""run_dir"": ""runs/fedheart_cv/GroupDRO_s2024_f3"", ""use_fedheart"": true, ""num_classes"": 2, ""stratified_batching"": true, ""train_frac"": 0.8, ""group_max_train_samples"": [null, null, 20, 25], ""true_hetero_input_dim"": true, ""feature_mask"": [[0, 1, 2, 3, 5, 6, 7, 8, 9, 10], [0, 1, 2, 3, 5, 6, 11, 12], [0, 1, 2, 4, 5, 7, 11, 12], [0, 1, 2, 4, 5, 6, 8, 9, 10]], ""batch_size"": 64, ""num_workers"": 0, ""epochs"": 100, ""early_stopping_patience"": 30, ""lr"": 0.001, ""weight_decay"": 0.0001, ""optimizer"": ""adam"", ""grad_clip"": 1.0, ""lr_scheduler"": ""cosine"", ""lr_min"": 1e-05, ""latent_dim"": 64, ""head_hidden"": 32, ""groups"": [{""name"": ""cleveland"", ""encoder"": ""mlp_tabular_ln"", ""input_dim"": 10, ""hidden_dim"": 64, ""dropout"": 0.1}, {""name"": ""hungarian"", ""encoder"": ""mlp_tabular_ln"", ""input_dim"": 8, ""hidden_dim"": 64, ""dropout"": 0.1}, {""name"": ""switzerland"", ""encoder"": ""mlp_tabular_ln"", ""input_dim"": 8, ""hidden_dim"": 64, ""dropout"": 0.1}, {""name"": ""va_long_beach"", ""encoder"": ""mlp_tabular_ln"", ""input_dim"": 9, ""hidden_dim"": 64, ""dropout"": 0.1}], ""anchor_eps"": 0.0001, ""sep_samples_per_class"": 4, ""sep_method"": ""classifier"", ""sep_margin"": 1.0, ""lambda_fit"": 0.001, ""lambda_sep"": 0.001, ""groupdro_enabled"": true, ""groupdro_eta"": 0.02, ""groupdro_gamma"": 0.9, ""groupdro_update_mode"": ""exp"", ""groupdro_objective"": ""weighted"", ""groupdro_kl_lambda"": 0.0, ""groupdro_uniform_init"": false, ""log_interval"": 20, ""save_every"": 10, ""groupdro_ema_decay"": 0.9, ""groupdro_update_every"": 1, ""dro_signal"": ""val"", ""val_frac"": 0.15, ""impute_missing"": true, ""common_encoder"": false, ""use_regret"": false, ""data_split_seed"": 1003}","{""num_groups"": 4, ""num_classes"": 2, ""train_total"": 449, ""test_total"": 185, ""train_group_counts"": [205, 199, 20, 25], ""test_group_counts"": [61, 59, 25, 40], ""train_class_counts"": [245, 204], ""test_class_counts"": [83, 102], ""train_group_class_counts"": [[111, 94], [127, 72], [1, 19], [6, 19]], ""test_group_class_counts"": [[33, 28], [38, 21], [2, 23], [10, 30]], ""group_proportions"": [0.45657015590200445, 0.44320712694877507, 0.044543429844097995, 0.0556792873051225], ""val_group_counts"": [37, 36, 15, 24], ""val_total"": 112}","{""num_groups"": 4, ""eta"": 0.02, ""update_mode"": ""exp"", ""robust_objective"": ""weighted"", ""gamma"": 0.9, ""kl_lambda"": 0.0, ""initial_pi"": [0.4565701484680176, 0.44320711493492126, 0.04454343020915985, 0.055679287761449814]}",2026-09-15T20:38:41.901882,13,0.3750808786372749,0.8639455762039236,0.001,0.8432432432432433,0.8527545846068352,0.8135593220338984,0.92,"[0.8524590163934426, 0.8135593220338984, 0.92, 0.825]","[0.454307958666907, 0.5304075897813348, 0.32739941254258154, 0.4469589076936245]","[0.8192771084337349, 0.8627450980392157]","[[0.8787878787878788, 0.8214285714285714], [0.9210526315789473, 0.6190476190476191], [0.0, 1.0], [0.4, 0.9666666666666667]]","[61, 59, 25, 40]",0.8413895048041389,"[0.8510176390773405, 0.78345011678345, 0.4791666666666667, 0.7128205128205127]",0.4791666666666667,0.5304075897813348,0.7589285714285714,0.783445945945946,0.6666666666666666,0.9333333333333333,"[0.7837837837837838, 0.6666666666666666, 0.9333333333333333, 0.75]","[0.48203550238867066, 0.7726994712526599, 0.2909592105075717, 0.6313687379782399]","[0.64, 0.8548387096774194]","[[0.7, 0.8823529411764706], [0.782608695652174, 0.46153846153846156], [0.0, 1.0], [0.0, 1.0]]","[37, 36, 15, 24]",0.7501445922498555,"[0.7836257309941519, 0.6249999999999999, 0.4827586206896552, 0.42857142857142855]",0.42857142857142855,0.7726994712526599,"[0.45275694131851196, 0.4489213526248932, 0.04241533577442169, 0.05590638890862465]","[0.3762594759464264, 0.3644207503114428, 0.14496066514402628, 0.27796390901009244]","[0.45342859625816345, 0.44805461168289185, 0.04262853413820267, 0.055888283997774124]","[0.4565701484680176, 0.44320711493492126, 0.04454343020915985, 0.055679287761449814]",0.0
"{""run_name"": ""fedheart_exp_paper_hetagg_gdro"", ""seed"": 2024, ""run_dir"": ""runs/fedheart_cv/GroupDRO_s2024_f3"", ""use_fedheart"": true, ""num_classes"": 2, ""stratified_batching"": true, ""train_frac"": 0.8, ""group_max_train_samples"": [null, null, 20, 25], ""true_hetero_input_dim"": true, ""feature_mask"": [[0, 1, 2, 3, 5, 6, 7, 8, 9, 10], [0, 1, 2, 3, 5, 6, 11, 12], [0, 1, 2, 4, 5, 7, 11, 12], [0, 1, 2, 4, 5, 6, 8, 9, 10]], ""batch_size"": 64, ""num_workers"": 0, ""epochs"": 100, ""early_stopping_patience"": 30, ""lr"": 0.001, ""weight_decay"": 0.0001, ""optimizer"": ""adam"", ""grad_clip"": 1.0, ""lr_scheduler"": ""cosine"", ""lr_min"": 1e-05, ""latent_dim"": 64, ""head_hidden"": 32, ""groups"": [{""name"": ""cleveland"", ""encoder"": ""mlp_tabular_ln"", ""input_dim"": 10, ""hidden_dim"": 64, ""dropout"": 0.1}, {""name"": ""hungarian"", ""encoder"": ""mlp_tabular_ln"", ""input_dim"": 8, ""hidden_dim"": 64, ""dropout"": 0.1}, {""name"": ""switzerland"", ""encoder"": ""mlp_tabular_ln"", ""input_dim"": 8, ""hidden_dim"": 64, ""dropout"": 0.1}, {""name"": ""va_long_beach"", ""encoder"": ""mlp_tabular_ln"", ""input_dim"": 9, ""hidden_dim"": 64, ""dropout"": 0.1}], ""anchor_eps"": 0.0001, ""sep_samples_per_class"": 4, ""sep_method"": ""classifier"", ""sep_margin"": 1.0, ""lambda_fit"": 0.001, ""lambda_sep"": 0.001, ""groupdro_enabled"": true, ""groupdro_eta"": 0.02, ""groupdro_gamma"": 0.9, ""groupdro_update_mode"": ""exp"", ""groupdro_objective"": ""weighted"", ""groupdro_kl_lambda"": 0.0, ""groupdro_uniform_init"": false, ""log_interval"": 20, ""save_every"": 10, ""groupdro_ema_decay"": 0.9, ""groupdro_update_every"": 1, ""dro_signal"": ""val"", ""val_frac"": 0.15, ""impute_missing"": true, ""common_encoder"": false, ""use_regret"": false, ""data_split_seed"": 1003}","{""num_groups"": 4, ""num_classes"": 2, ""train_total"": 449, ""test_total"": 185, ""train_group_counts"": [205, 199, 20, 25], ""test_group_counts"": [61, 59, 25, 40], ""train_class_counts"": [245, 204], ""test_class_counts"": [83, 102], ""train_group_class_counts"": [[111, 94], [127, 72], [1, 19], [6, 19]], ""test_group_class_counts"": [[33, 28], [38, 21], [2, 23], [10, 30]], ""group_proportions"": [0.45657015590200445, 0.44320712694877507, 0.044543429844097995, 0.0556792873051225], ""val_group_counts"": [37, 36, 15, 24], ""val_total"": 112}","{""num_groups"": 4, ""eta"": 0.02, ""update_mode"": ""exp"", ""robust_objective"": ""weighted"", ""gamma"": 0.9, ""kl_lambda"": 0.0, ""initial_pi"": [0.4565701484680176, 0.44320711493492126, 0.04454343020915985, 0.055679287761449814]}",2026-09-15T20:38:41.901882,14,0.3831032501056351,0.8526077133998309,0.001,0.8432432432432433,0.854767296471242,0.7966101694915254,0.92,"[0.8524590163934426, 0.7966101694915254, 0.92, 0.85]","[0.45446912254222105, 0.5428489533931775, 0.3424550397321582, 0.4511783471331]","[0.8313253012048193, 0.8529411764705882]","[[0.8787878787878788, 0.8214285714285714], [0.9210526315789473, 0.5714285714285714], [0.0, 1.0], [0.5, 0.9666666666666667]]","[61, 59, 25, 40]",0.8417450812660394,"[0.8510176390773405, 0.7601626016260162, 0.4791666666666667, 0.765625]",0.4791666666666667,0.5428489533931775,0.75,0.7766891891891892,0.6666666666666666,0.9333333333333333,"[0.7567567567567568, 0.6666666666666666, 0.9333333333333333, 0.75]","[0.4812721477670444, 0.7963371399479607, 0.3005287286515037, 0.6522346859176954]","[0.62, 0.8548387096774194]","[[0.65, 0.8823529411764706], [0.782608695652174, 0.46153846153846156], [0.0, 1.0], [0.0, 1.0]]","[37, 36, 15, 24]",0.739966832504146,"[0.756043956043956, 0.6249999999999999, 0.4827586206896552, 0.42857142857142855]",0.42857142857142855,0.7963371399479607,"[0.4520220160484314, 0.44985559582710266, 0.0421968512237072, 0.05592557042837143]","[0.37557634711265564, 0.39066286172185627, 0.10414083767682314, 0.29963501542806625]","[0.45275694131851196, 0.4489213526248932, 0.04241533577442169, 0.05590638890862465]","[0.4565701484680176, 0.44320711493492126, 0.04454343020915985, 0.055679287761449814]",0.0
"{""run_name"": ""fedheart_exp_paper_hetagg_gdro"", ""seed"": 2024, ""run_dir"": ""runs/fedheart_cv/GroupDRO_s2024_f3"", ""use_fedheart"": true, ""num_classes"": 2, ""stratified_batching"": true, ""train_frac"": 0.8, ""group_max_train_samples"": [null, null, 20, 25], ""true_hetero_input_dim"": true, ""feature_mask"": [[0, 1, 2, 3, 5, 6, 7, 8, 9, 10], [0, 1, 2, 3, 5, 6, 11, 12], [0, 1, 2, 4, 5, 7, 11, 12], [0, 1, 2, 4, 5, 6, 8, 9, 10]], ""batch_size"": 64, ""num_workers"": 0, ""epochs"": 100, ""early_stopping_patience"": 30, ""lr"": 0.001, ""weight_decay"": 0.0001, ""optimizer"": ""adam"", ""grad_clip"": 1.0, ""lr_scheduler"": ""cosine"", ""lr_min"": 1e-05, ""latent_dim"": 64, ""head_hidden"": 32, ""groups"": [{""name"": ""cleveland"", ""encoder"": ""mlp_tabular_ln"", ""input_dim"": 10, ""hidden_dim"": 64, ""dropout"": 0.1}, {""name"": ""hungarian"", ""encoder"": ""mlp_tabular_ln"", ""input_dim"": 8, ""hidden_dim"": 64, ""dropout"": 0.1}, {""name"": ""switzerland"", ""encoder"": ""mlp_tabular_ln"", ""input_dim"": 8, ""hidden_dim"": 64, ""dropout"": 0.1}, {""name"": ""va_long_beach"", ""encoder"": ""mlp_tabular_ln"", ""input_dim"": 9, ""hidden_dim"": 64, ""dropout"": 0.1}], ""anchor_eps"": 0.0001, ""sep_samples_per_class"": 4, ""sep_method"": ""classifier"", ""sep_margin"": 1.0, ""lambda_fit"": 0.001, ""lambda_sep"": 0.001, ""groupdro_enabled"": true, ""groupdro_eta"": 0.02, ""groupdro_gamma"": 0.9, ""groupdro_update_mode"": ""exp"", ""groupdro_objective"": ""weighted"", ""groupdro_kl_lambda"": 0.0, ""groupdro_uniform_init"": false, ""log_interval"": 20, ""save_every"": 10, ""groupdro_ema_decay"": 0.9, ""groupdro_update_every"": 1, ""dro_signal"": ""val"", ""val_frac"": 0.15, ""impute_missing"": true, ""common_encoder"": false, ""use_regret"": false, ""data_split_seed"": 1003}","{""num_groups"": 4, ""num_classes"": 2, ""train_total"": 449, ""test_total"": 185, ""train_group_counts"": [205, 199, 20, 25], ""test_group_counts"": [61, 59, 25, 40], ""train_class_counts"": [245, 204], ""test_class_counts"": [83, 102], ""train_group_class_counts"": [[111, 94], [127, 72], [1, 19], [6, 19]], ""test_group_class_counts"": [[33, 28], [38, 21], [2, 23], [10, 30]], ""group_proportions"": [0.45657015590200445, 0.44320712694877507, 0.044543429844097995, 0.0556792873051225], ""val_group_counts"": [37, 36, 15, 24], ""val_total"": 112}","{""num_groups"": 4, ""eta"": 0.02, ""update_mode"": ""exp"", ""robust_objective"": ""weighted"", ""gamma"": 0.9, ""kl_lambda"": 0.0, ""initial_pi"": [0.4565701484680176, 0.44320711493492126, 0.04454343020915985, 0.055679287761449814]}",2026-09-15T20:38:41.901882,15,0.3572752697397522,0.8662131489539633,0.001,0.8378378378378378,0.8506689358155043,0.7966101694915254,0.92,"[0.8360655737704918, 0.7966101694915254, 0.92, 0.85]","[0.4611550972445822, 0.5534729730906123, 0.3498270113766193, 0.4539140322245657]","[0.8433734939759037, 0.8333333333333334]","[[0.9090909090909091, 0.75], [0.9210526315789473, 0.5714285714285714], [0.0, 1.0], [0.5, 0.9666666666666667]]","[61, 59, 25, 40]",0.836764705882353,"[0.8324175824175823, 0.7601626016260162, 0.4791666666666667, 0.765625]",0.4791666666666667,0.5534729730906123,0.75,0.7730292792792792,0.6666666666666666,0.9333333333333333,"[0.7837837837837838, 0.6666666666666666, 0.9333333333333333, 0.7083333333333334]","[0.4726927459139276, 0.7915170736507409, 0.3053471695010861, 0.6463372992972533]","[0.64, 0.8387096774193549]","[[0.7, 0.8823529411764706], [0.782608695652174, 0.46153846153846156], [0.0, 1.0], [0.0, 0.9444444444444444]]","[37, 36, 15, 24]",0.7417654808959158,"[0.7836257309941519, 0.6249999999999999, 0.4827586206896552, 0.41463414634146345]",0.41463414634146345,0.7915170736507409,"[0.4512277841567993, 0.4508518576622009, 0.04197467491030693, 0.05594567954540253]","[0.3494295733315604, 0.3555079017366682, 0.12352300202473998, 0.2651758740345637]","[0.4520220160484314, 0.44985559582710266, 0.0421968512237072, 0.05592557042837143]","[0.4565701484680176, 0.44320711493492126, 0.04454343020915985, 0.055679287761449814]",0.0
"{""run_name"": ""fedheart_exp_paper_hetagg_gdro"", ""seed"": 2024, ""run_dir"": ""runs/fedheart_cv/GroupDRO_s2024_f3"", ""use_fedheart"": true, ""num_classes"": 2, ""stratified_batching"": true, ""train_frac"": 0.8, ""group_max_train_samples"": [null, null, 20, 25], ""true_hetero_input_dim"": true, ""feature_mask"": [[0, 1, 2, 3, 5, 6, 7, 8, 9, 10], [0, 1, 2, 3, 5, 6, 11, 12], [0, 1, 2, 4, 5, 7, 11, 12], [0, 1, 2, 4, 5, 6, 8, 9, 10]], ""batch_size"": 64, ""num_workers"": 0, ""epochs"": 100, ""early_stopping_patience"": 30, ""lr"": 0.001, ""weight_decay"": 0.0001, ""optimizer"": ""adam"", ""grad_clip"": 1.0, ""lr_scheduler"": ""cosine"", ""lr_min"": 1e-05, ""latent_dim"": 64, ""head_hidden"": 32, ""groups"": [{""name"": ""cleveland"", ""encoder"": ""mlp_tabular_ln"", ""input_dim"": 10, ""hidden_dim"": 64, ""dropout"": 0.1}, {""name"": ""hungarian"", ""encoder"": ""mlp_tabular_ln"", ""input_dim"": 8, ""hidden_dim"": 64, ""dropout"": 0.1}, {""name"": ""switzerland"", ""encoder"": ""mlp_tabular_ln"", ""input_dim"": 8, ""hidden_dim"": 64, ""dropout"": 0.1}, {""name"": ""va_long_beach"", ""encoder"": ""mlp_tabular_ln"", ""input_dim"": 9, ""hidden_dim"": 64, ""dropout"": 0.1}], ""anchor_eps"": 0.0001, ""sep_samples_per_class"": 4, ""sep_method"": ""classifier"", ""sep_margin"": 1.0, ""lambda_fit"": 0.001, ""lambda_sep"": 0.001, ""groupdro_enabled"": true, ""groupdro_eta"": 0.02, ""groupdro_gamma"": 0.9, ""groupdro_update_mode"": ""exp"", ""groupdro_objective"": ""weighted"", ""groupdro_kl_lambda"": 0.0, ""groupdro_uniform_init"": false, ""log_interval"": 20, ""save_every"": 10, ""groupdro_ema_decay"": 0.9, ""groupdro_update_every"": 1, ""dro_signal"": ""val"", ""val_frac"": 0.15, ""impute_missing"": true, ""common_encoder"": false, ""use_regret"": false, ""data_split_seed"": 1003}","{""num_groups"": 4, ""num_classes"": 2, ""train_total"": 449, ""test_total"": 185, ""train_group_counts"": [205, 199, 20, 25], ""test_group_counts"": [61, 59, 25, 40], ""train_class_counts"": [245, 204], ""test_class_counts"": [83, 102], ""train_group_class_counts"": [[111, 94], [127, 72], [1, 19], [6, 19]], ""test_group_class_counts"": [[33, 28], [38, 21], [2, 23], [10, 30]], ""group_proportions"": [0.45657015590200445, 0.44320712694877507, 0.044543429844097995, 0.0556792873051225], ""val_group_counts"": [37, 36, 15, 24], ""val_total"": 112}","{""num_groups"": 4, ""eta"": 0.02, ""update_mode"": ""exp"", ""robust_objective"": ""weighted"", ""gamma"": 0.9, ""kl_lambda"": 0.0, ""initial_pi"": [0.4565701484680176, 0.44320711493492126, 0.04454343020915985, 0.055679287761449814]}",2026-09-15T20:38:41.901882,16,0.34110242533845964,0.8684807235962139,0.001,0.8378378378378378,0.8506689358155043,0.7966101694915254,0.92,"[0.8360655737704918, 0.7966101694915254, 0.92, 0.85]","[0.4706147558315367, 0.556862791937034, 0.36189299108460543, 0.4628928666934371]","[0.8433734939759037, 0.8333333333333334]","[[0.9090909090909091, 0.75], [0.9210526315789473, 0.5714285714285714], [0.0, 1.0], [0.5, 0.9666666666666667]]","[61, 59, 25, 40]",0.836764705882353,"[0.8324175824175823, 0.7601626016260162, 0.4791666666666667, 0.765625]",0.4791666666666667,0.556862791937034,0.75,0.7730292792792792,0.6666666666666666,0.9333333333333333,"[0.7837837837837838, 0.6666666666666666, 0.9333333333333333, 0.7083333333333334]","[0.4820068254563454, 0.802228253826292, 0.314340576933076, 0.6486133278037111]","[0.64, 0.8387096774193549]","[[0.7, 0.8823529411764706], [0.782608695652174, 0.46153846153846156], [0.0, 1.0], [0.0, 0.9444444444444444]]","[37, 36, 15, 24]",0.7417654808959158,"[0.7836257309941519, 0.6249999999999999, 0.4827586206896552, 0.41463414634146345]",0.41463414634146345,0.802228253826292,"[0.4503798484802246, 0.45190510153770447, 0.041749257594347, 0.05596575140953064]","[0.3382789897067206, 0.3371936274426324, 0.07347539400992294, 0.26061128328243893]","[0.4512277841567993, 0.4508518576622009, 0.04197467491030693, 0.05594567954540253]","[0.4565701484680176, 0.44320711493492126, 0.04454343020915985, 0.055679287761449814]",0.0
"{""run_name"": ""fedheart_exp_paper_hetagg_gdro"", ""seed"": 2024, ""run_dir"": ""runs/fedheart_cv/GroupDRO_s2024_f3"", ""use_fedheart"": true, ""num_classes"": 2, ""stratified_batching"": true, ""train_frac"": 0.8, ""group_max_train_samples"": [null, null, 20, 25], ""true_hetero_input_dim"": true, ""feature_mask"": [[0, 1, 2, 3, 5, 6, 7, 8, 9, 10], [0, 1, 2, 3, 5, 6, 11, 12], [0, 1, 2, 4, 5, 7, 11, 12], [0, 1, 2, 4, 5, 6, 8, 9, 10]], ""batch_size"": 64, ""num_workers"": 0, ""epochs"": 100, ""early_stopping_patience"": 30, ""lr"": 0.001, ""weight_decay"": 0.0001, ""optimizer"": ""adam"", ""grad_clip"": 1.0, ""lr_scheduler"": ""cosine"", ""lr_min"": 1e-05, ""latent_dim"": 64, ""head_hidden"": 32, ""groups"": [{""name"": ""cleveland"", ""encoder"": ""mlp_tabular_ln"", ""input_dim"": 10, ""hidden_dim"": 64, ""dropout"": 0.1}, {""name"": ""hungarian"", ""encoder"": ""mlp_tabular_ln"", ""input_dim"": 8, ""hidden_dim"": 64, ""dropout"": 0.1}, {""name"": ""switzerland"", ""encoder"": ""mlp_tabular_ln"", ""input_dim"": 8, ""hidden_dim"": 64, ""dropout"": 0.1}, {""name"": ""va_long_beach"", ""encoder"": ""mlp_tabular_ln"", ""input_dim"": 9, ""hidden_dim"": 64, ""dropout"": 0.1}], ""anchor_eps"": 0.0001, ""sep_samples_per_class"": 4, ""sep_method"": ""classifier"", ""sep_margin"": 1.0, ""lambda_fit"": 0.001, ""lambda_sep"": 0.001, ""groupdro_enabled"": true, ""groupdro_eta"": 0.02, ""groupdro_gamma"": 0.9, ""groupdro_update_mode"": ""exp"", ""groupdro_objective"": ""weighted"", ""groupdro_kl_lambda"": 0.0, ""groupdro_uniform_init"": false, ""log_interval"": 20, ""save_every"": 10, ""groupdro_ema_decay"": 0.9, ""groupdro_update_every"": 1, ""dro_signal"": ""val"", ""val_frac"": 0.15, ""impute_missing"": true, ""common_encoder"": false, ""use_regret"": false, ""data_split_seed"": 1003}","{""num_groups"": 4, ""num_classes"": 2, ""train_total"": 449, ""test_total"": 185, ""train_group_counts"": [205, 199, 20, 25], ""test_group_counts"": [61, 59, 25, 40], ""train_class_counts"": [245, 204], ""test_class_counts"": [83, 102], ""train_group_class_counts"": [[111, 94], [127, 72], [1, 19], [6, 19]], ""test_group_class_counts"": [[33, 28], [38, 21], [2, 23], [10, 30]], ""group_proportions"": [0.45657015590200445, 0.44320712694877507, 0.044543429844097995, 0.0556792873051225], ""val_group_counts"": [37, 36, 15, 24], ""val_total"": 112}","{""num_groups"": 4, ""eta"": 0.02, ""update_mode"": ""exp"", ""robust_objective"": ""weighted"", ""gamma"": 0.9, ""kl_lambda"": 0.0, ""initial_pi"": [0.4565701484680176, 0.44320711493492126, 0.04454343020915985, 0.055679287761449814]}",2026-09-15T20:38:41.901882,17,0.3342781921092615,0.8684807254884248,0.001,0.8432432432432433,0.8569189358155043,0.7966101694915254,0.92,"[0.8360655737704918, 0.7966101694915254, 0.92, 0.875]","[0.4783490711487219, 0.5692881430199338, 0.3683799088746309, 0.4803147276863456]","[0.8433734939759037, 0.8431372549019608]","[[0.9090909090909091, 0.75], [0.9210526315789473, 0.5714285714285714], [0.0, 1.0], [0.5, 1.0]]","[61, 59, 25, 40]",0.8420618799493657,"[0.8324175824175823, 0.7601626016260162, 0.4791666666666667, 0.7948717948717948]",0.4791666666666667,0.5692881430199338,0.75,0.7730292792792792,0.6666666666666666,0.9333333333333333,"[0.7837837837837838, 0.6666666666666666, 0.9333333333333333, 0.7083333333333334]","[0.5048312446907968, 0.8292653481993411, 0.3193953407307466, 0.6685585285692165]","[0.64, 0.8387096774193549]","[[0.7, 0.8823529411764706], [0.782608695652174, 0.46153846153846156], [0.0, 1.0], [0.0, 0.9444444444444444]]","[37, 36, 15, 24]",0.7417654808959158,"[0.7836257309941519, 0.6249999999999999, 0.4827586206896552, 0.41463414634146345]",0.41463414634146345,0.8292653481993411,"[0.44948267936706543, 0.4530125856399536, 0.04151950776576996, 0.05598529428243637]","[0.343126511999539, 0.3276920829500471, 0.11508092020327847, 0.1629106750090917]","[0.4503798484802246, 0.45190510153770447, 0.041749257594347, 0.05596575140953064]","[0.4565701484680176, 0.44320711493492126, 0.04454343020915985, 0.055679287761449814]",0.0
"{""run_name"": ""fedheart_exp_paper_hetagg_gdro"", ""seed"": 2024, ""run_dir"": ""runs/fedheart_cv/GroupDRO_s2024_f3"", ""use_fedheart"": true, ""num_classes"": 2, ""stratified_batching"": true, ""train_frac"": 0.8, ""group_max_train_samples"": [null, null, 20, 25], ""true_hetero_input_dim"": true, ""feature_mask"": [[0, 1, 2, 3, 5, 6, 7, 8, 9, 10], [0, 1, 2, 3, 5, 6, 11, 12], [0, 1, 2, 4, 5, 7, 11, 12], [0, 1, 2, 4, 5, 6, 8, 9, 10]], ""batch_size"": 64, ""num_workers"": 0, ""epochs"": 100, ""early_stopping_patience"": 30, ""lr"": 0.001, ""weight_decay"": 0.0001, ""optimizer"": ""adam"", ""grad_clip"": 1.0, ""lr_scheduler"": ""cosine"", ""lr_min"": 1e-05, ""latent_dim"": 64, ""head_hidden"": 32, ""groups"": [{""name"": ""cleveland"", ""encoder"": ""mlp_tabular_ln"", ""input_dim"": 10, ""hidden_dim"": 64, ""dropout"": 0.1}, {""name"": ""hungarian"", ""encoder"": ""mlp_tabular_ln"", ""input_dim"": 8, ""hidden_dim"": 64, ""dropout"": 0.1}, {""name"": ""switzerland"", ""encoder"": ""mlp_tabular_ln"", ""input_dim"": 8, ""hidden_dim"": 64, ""dropout"": 0.1}, {""name"": ""va_long_beach"", ""encoder"": ""mlp_tabular_ln"", ""input_dim"": 9, ""hidden_dim"": 64, ""dropout"": 0.1}], ""anchor_eps"": 0.0001, ""sep_samples_per_class"": 4, ""sep_method"": ""classifier"", ""sep_margin"": 1.0, ""lambda_fit"": 0.001, ""lambda_sep"": 0.001, ""groupdro_enabled"": true, ""groupdro_eta"": 0.02, ""groupdro_gamma"": 0.9, ""groupdro_update_mode"": ""exp"", ""groupdro_objective"": ""weighted"", ""groupdro_kl_lambda"": 0.0, ""groupdro_uniform_init"": false, ""log_interval"": 20, ""save_every"": 10, ""groupdro_ema_decay"": 0.9, ""groupdro_update_every"": 1, ""dro_signal"": ""val"", ""val_frac"": 0.15, ""impute_missing"": true, ""common_encoder"": false, ""use_regret"": false, ""data_split_seed"": 1003}","{""num_groups"": 4, ""num_classes"": 2, ""train_total"": 449, ""test_total"": 185, ""train_group_counts"": [205, 199, 20, 25], ""test_group_counts"": [61, 59, 25, 40], ""train_class_counts"": [245, 204], ""test_class_counts"": [83, 102], ""train_group_class_counts"": [[111, 94], [127, 72], [1, 19], [6, 19]], ""test_group_class_counts"": [[33, 28], [38, 21], [2, 23], [10, 30]], ""group_proportions"": [0.45657015590200445, 0.44320712694877507, 0.044543429844097995, 0.0556792873051225], ""val_group_counts"": [37, 36, 15, 24], ""val_total"": 112}","{""num_groups"": 4, ""eta"": 0.02, ""update_mode"": ""exp"", ""robust_objective"": ""weighted"", ""gamma"": 0.9, ""kl_lambda"": 0.0, ""initial_pi"": [0.4565701484680176, 0.44320711493492126, 0.04454343020915985, 0.055679287761449814]}",2026-09-15T20:38:41.901882,18,0.3245333429772297,0.8775510183807944,0.001,0.8486486486486486,0.861017296471242,0.7966101694915254,0.92,"[0.8524590163934426, 0.7966101694915254, 0.92, 0.875]","[0.47874521348839166, 0.5838711514232396, 0.3776748488470912, 0.49476634031161665]","[0.8433734939759037, 0.8529411764705882]","[[0.9090909090909091, 0.7857142857142857], [0.9210526315789473, 0.5714285714285714], [0.0, 1.0], [0.5, 1.0]]","[61, 59, 25, 40]",0.8473597359735974,"[0.8498769483182936, 0.7601626016260162, 0.4791666666666667, 0.7948717948717948]",0.4791666666666667,0.5838711514232396,0.7410714285714286,0.7662725225225225,0.6666666666666666,0.9333333333333333,"[0.7567567567567568, 0.6666666666666666, 0.9333333333333333, 0.7083333333333334]","[0.4863709009982444, 0.8526437966308246, 0.3282048157726725, 0.7054216326214373]","[0.64, 0.8225806451612904]","[[0.7, 0.8235294117647058], [0.782608695652174, 0.46153846153846156], [0.0, 1.0], [0.0, 0.9444444444444444]]","[37, 36, 15, 24]",0.733398998604613,"[0.7567567567567567, 0.6249999999999999, 0.4827586206896552, 0.41463414634146345]",0.41463414634146345,0.8526437966308246,"[0.44852012395858765, 0.45418572425842285, 0.041286323219537735, 0.05600786954164505]","[0.3151232472487858, 0.33147193491458893, 0.08561477895515661, 0.18172648486991724]","[0.44948267936706543, 0.4530125856399536, 0.04151950776576996, 0.05598529428243637]","[0.4565701484680176, 0.44320711493492126, 0.04454343020915985, 0.055679287761449814]",0.0
"{""run_name"": ""fedheart_exp_paper_hetagg_gdro"", ""seed"": 2024, ""run_dir"": ""runs/fedheart_cv/GroupDRO_s2024_f3"", ""use_fedheart"": true, ""num_classes"": 2, ""stratified_batching"": true, ""train_frac"": 0.8, ""group_max_train_samples"": [null, null, 20, 25], ""true_hetero_input_dim"": true, ""feature_mask"": [[0, 1, 2, 3, 5, 6, 7, 8, 9, 10], [0, 1, 2, 3, 5, 6, 11, 12], [0, 1, 2, 4, 5, 7, 11, 12], [0, 1, 2, 4, 5, 6, 8, 9, 10]], ""batch_size"": 64, ""num_workers"": 0, ""epochs"": 100, ""early_stopping_patience"": 30, ""lr"": 0.001, ""weight_decay"": 0.0001, ""optimizer"": ""adam"", ""grad_clip"": 1.0, ""lr_scheduler"": ""cosine"", ""lr_min"": 1e-05, ""latent_dim"": 64, ""head_hidden"": 32, ""groups"": [{""name"": ""cleveland"", ""encoder"": ""mlp_tabular_ln"", ""input_dim"": 10, ""hidden_dim"": 64, ""dropout"": 0.1}, {""name"": ""hungarian"", ""encoder"": ""mlp_tabular_ln"", ""input_dim"": 8, ""hidden_dim"": 64, ""dropout"": 0.1}, {""name"": ""switzerland"", ""encoder"": ""mlp_tabular_ln"", ""input_dim"": 8, ""hidden_dim"": 64, ""dropout"": 0.1}, {""name"": ""va_long_beach"", ""encoder"": ""mlp_tabular_ln"", ""input_dim"": 9, ""hidden_dim"": 64, ""dropout"": 0.1}], ""anchor_eps"": 0.0001, ""sep_samples_per_class"": 4, ""sep_method"": ""classifier"", ""sep_margin"": 1.0, ""lambda_fit"": 0.001, ""lambda_sep"": 0.001, ""groupdro_enabled"": true, ""groupdro_eta"": 0.02, ""groupdro_gamma"": 0.9, ""groupdro_update_mode"": ""exp"", ""groupdro_objective"": ""weighted"", ""groupdro_kl_lambda"": 0.0, ""groupdro_uniform_init"": false, ""log_interval"": 20, ""save_every"": 10, ""groupdro_ema_decay"": 0.9, ""groupdro_update_every"": 1, ""dro_signal"": ""val"", ""val_frac"": 0.15, ""impute_missing"": true, ""common_encoder"": false, ""use_regret"": false, ""data_split_seed"": 1003}","{""num_groups"": 4, ""num_classes"": 2, ""train_total"": 449, ""test_total"": 185, ""train_group_counts"": [205, 199, 20, 25], ""test_group_counts"": [61, 59, 25, 40], ""train_class_counts"": [245, 204], ""test_class_counts"": [83, 102], ""train_group_class_counts"": [[111, 94], [127, 72], [1, 19], [6, 19]], ""test_group_class_counts"": [[33, 28], [38, 21], [2, 23], [10, 30]], ""group_proportions"": [0.45657015590200445, 0.44320712694877507, 0.044543429844097995, 0.0556792873051225], ""val_group_counts"": [37, 36, 15, 24], ""val_total"": 112}","{""num_groups"": 4, ""eta"": 0.02, ""update_mode"": ""exp"", ""robust_objective"": ""weighted"", ""gamma"": 0.9, ""kl_lambda"": 0.0, ""initial_pi"": [0.4565701484680176, 0.44320711493492126, 0.04454343020915985, 0.055679287761449814]}",2026-09-15T20:38:41.901882,19,0.3326375625706584,0.8684807283267413,0.001,0.8378378378378378,0.8529595026396222,0.8032786885245902,0.92,"[0.8032786885245902, 0.8135593220338984, 0.92, 0.875]","[0.5032837241964384, 0.587115959390619, 0.3871963252313435, 0.5092215240234509]","[0.8433734939759037, 0.8333333333333334]","[[0.9090909090909091, 0.6785714285714286], [0.9210526315789473, 0.6190476190476191], [0.0, 1.0], [0.5, 1.0]]","[61, 59, 25, 40]",0.836764705882353,"[0.7966666666666666, 0.78345011678345, 0.4791666666666667, 0.7948717948717948]",0.4791666666666667,0.587115959390619,0.7321428571428571,0.7595157657657657,0.6666666666666666,0.9333333333333333,"[0.7297297297297297, 0.6666666666666666, 0.9333333333333333, 0.7083333333333334]","[0.47498486368489024, 0.8643647630233318, 0.3390428149141371, 0.7469610720872879]","[0.64, 0.8064516129032258]","[[0.7, 0.7647058823529411], [0.782608695652174, 0.46153846153846156], [0.0, 1.0], [0.0, 0.9444444444444444]]","[37, 36, 15, 24]",0.7250409165302782,"[0.7295321637426899, 0.6249999999999999, 0.4827586206896552, 0.41463414634146345]",0.41463414634146345,0.8643647630233318,"[0.4474858045578003, 0.4554259777069092, 0.04105084016919136, 0.05603741854429245]","[0.3524991593190602, 0.3188376724720001, 0.05892375879921019, 0.17054648200670877]","[0.44852012395858765, 0.45418572425842285, 0.041286323219537735, 0.05600786954164505]","[0.4565701484680176, 0.44320711493492126, 0.04454343020915985, 0.055679287761449814]",0.0
"{""run_name"": ""fedheart_exp_paper_hetagg_gdro"", ""seed"": 2024, ""run_dir"": ""runs/fedheart_cv/GroupDRO_s2024_f3"", ""use_fedheart"": true, ""num_classes"": 2, ""stratified_batching"": true, ""train_frac"": 0.8, ""group_max_train_samples"": [null, null, 20, 25], ""true_hetero_input_dim"": true, ""feature_mask"": [[0, 1, 2, 3, 5, 6, 7, 8, 9, 10], [0, 1, 2, 3, 5, 6, 11, 12], [0, 1, 2, 4, 5, 7, 11, 12], [0, 1, 2, 4, 5, 6, 8, 9, 10]], ""batch_size"": 64, ""num_workers"": 0, ""epochs"": 100, ""early_stopping_patience"": 30, ""lr"": 0.001, ""weight_decay"": 0.0001, ""optimizer"": ""adam"", ""grad_clip"": 1.0, ""lr_scheduler"": ""cosine"", ""lr_min"": 1e-05, ""latent_dim"": 64, ""head_hidden"": 32, ""groups"": [{""name"": ""cleveland"", ""encoder"": ""mlp_tabular_ln"", ""input_dim"": 10, ""hidden_dim"": 64, ""dropout"": 0.1}, {""name"": ""hungarian"", ""encoder"": ""mlp_tabular_ln"", ""input_dim"": 8, ""hidden_dim"": 64, ""dropout"": 0.1}, {""name"": ""switzerland"", ""encoder"": ""mlp_tabular_ln"", ""input_dim"": 8, ""hidden_dim"": 64, ""dropout"": 0.1}, {""name"": ""va_long_beach"", ""encoder"": ""mlp_tabular_ln"", ""input_dim"": 9, ""hidden_dim"": 64, ""dropout"": 0.1}], ""anchor_eps"": 0.0001, ""sep_samples_per_class"": 4, ""sep_method"": ""classifier"", ""sep_margin"": 1.0, ""lambda_fit"": 0.001, ""lambda_sep"": 0.001, ""groupdro_enabled"": true, ""groupdro_eta"": 0.02, ""groupdro_gamma"": 0.9, ""groupdro_update_mode"": ""exp"", ""groupdro_objective"": ""weighted"", ""groupdro_kl_lambda"": 0.0, ""groupdro_uniform_init"": false, ""log_interval"": 20, ""save_every"": 10, ""groupdro_ema_decay"": 0.9, ""groupdro_update_every"": 1, ""dro_signal"": ""val"", ""val_frac"": 0.15, ""impute_missing"": true, ""common_encoder"": false, ""use_regret"": false, ""data_split_seed"": 1003}","{""num_groups"": 4, ""num_classes"": 2, ""train_total"": 449, ""test_total"": 185, ""train_group_counts"": [205, 199, 20, 25], ""test_group_counts"": [61, 59, 25, 40], ""train_class_counts"": [245, 204], ""test_class_counts"": [83, 102], ""train_group_class_counts"": [[111, 94], [127, 72], [1, 19], [6, 19]], ""test_group_class_counts"": [[33, 28], [38, 21], [2, 23], [10, 30]], ""group_proportions"": [0.45657015590200445, 0.44320712694877507, 0.044543429844097995, 0.0556792873051225], ""val_group_counts"": [37, 36, 15, 24], ""val_total"": 112}","{""num_groups"": 4, ""eta"": 0.02, ""update_mode"": ""exp"", ""robust_objective"": ""weighted"", ""gamma"": 0.9, ""kl_lambda"": 0.0, ""initial_pi"": [0.4565701484680176, 0.44320711493492126, 0.04454343020915985, 0.055679287761449814]}",2026-09-15T20:38:41.901882,20,0.3305823666776389,0.8707482963462535,0.001,0.8378378378378378,0.8528205751597666,0.7966101694915254,0.92,"[0.819672131147541, 0.7966101694915254, 0.92, 0.875]","[0.49987328269320436, 0.5931681531513016, 0.40128688188269734, 0.5354413878871128]","[0.8192771084337349, 0.8529411764705882]","[[0.8787878787878788, 0.75], [0.8947368421052632, 0.6190476190476191], [0.0, 1.0], [0.5, 1.0]]","[61, 59, 25, 40]",0.8361091424521616,"[0.8165162701668034, 0.7671052631578947, 0.4791666666666667, 0.7948717948717948]",0.4791666666666667,0.5931681531513016,0.7321428571428571,0.7593280780780781,0.6388888888888888,0.9333333333333333,"[0.7567567567567568, 0.6388888888888888, 0.9333333333333333, 0.7083333333333334]","[0.4977663041193139, 0.8688311155678498, 0.3525926334472994, 0.7997583837714046]","[0.62, 0.8225806451612904]","[[0.7, 0.8235294117647058], [0.7391304347826086, 0.46153846153846156], [0.0, 1.0], [0.0, 0.9444444444444444]]","[37, 36, 15, 24]",0.7233201581027668,"[0.7567567567567567, 0.6017021276595745, 0.4827586206896552, 0.41463414634146345]",0.41463414634146345,0.8688311155678498,"[0.44639304280281067, 0.456716388463974, 0.04081321135163307, 0.05607730522751808]","[0.3084536556686674, 0.3593182734080723, 0.03780652928010871, 0.14667693773905435]","[0.4474858045578003, 0.4554259777069092, 0.04105084016919136, 0.05603741854429245]","[0.4565701484680176, 0.44320711493492126, 0.04454343020915985, 0.055679287761449814]",0.0
"{""run_name"": ""fedheart_exp_paper_hetagg_gdro"", ""seed"": 2024, ""run_dir"": ""runs/fedheart_cv/GroupDRO_s2024_f3"", ""use_fedheart"": true, ""num_classes"": 2, ""stratified_batching"": true, ""train_frac"": 0.8, ""group_max_train_samples"": [null, null, 20, 25], ""true_hetero_input_dim"": true, ""feature_mask"": [[0, 1, 2, 3, 5, 6, 7, 8, 9, 10], [0, 1, 2, 3, 5, 6, 11, 12], [0, 1, 2, 4, 5, 7, 11, 12], [0, 1, 2, 4, 5, 6, 8, 9, 10]], ""batch_size"": 64, ""num_workers"": 0, ""epochs"": 100, ""early_stopping_patience"": 30, ""lr"": 0.001, ""weight_decay"": 0.0001, ""optimizer"": ""adam"", ""grad_clip"": 1.0, ""lr_scheduler"": ""cosine"", ""lr_min"": 1e-05, ""latent_dim"": 64, ""head_hidden"": 32, ""groups"": [{""name"": ""cleveland"", ""encoder"": ""mlp_tabular_ln"", ""input_dim"": 10, ""hidden_dim"": 64, ""dropout"": 0.1}, {""name"": ""hungarian"", ""encoder"": ""mlp_tabular_ln"", ""input_dim"": 8, ""hidden_dim"": 64, ""dropout"": 0.1}, {""name"": ""switzerland"", ""encoder"": ""mlp_tabular_ln"", ""input_dim"": 8, ""hidden_dim"": 64, ""dropout"": 0.1}, {""name"": ""va_long_beach"", ""encoder"": ""mlp_tabular_ln"", ""input_dim"": 9, ""hidden_dim"": 64, ""dropout"": 0.1}], ""anchor_eps"": 0.0001, ""sep_samples_per_class"": 4, ""sep_method"": ""classifier"", ""sep_margin"": 1.0, ""lambda_fit"": 0.001, ""lambda_sep"": 0.001, ""groupdro_enabled"": true, ""groupdro_eta"": 0.02, ""groupdro_gamma"": 0.9, ""groupdro_update_mode"": ""exp"", ""groupdro_objective"": ""weighted"", ""groupdro_kl_lambda"": 0.0, ""groupdro_uniform_init"": false, ""log_interval"": 20, ""save_every"": 10, ""groupdro_ema_decay"": 0.9, ""groupdro_update_every"": 1, ""dro_signal"": ""val"", ""val_frac"": 0.15, ""impute_missing"": true, ""common_encoder"": false, ""use_regret"": false, ""data_split_seed"": 1003}","{""num_groups"": 4, ""num_classes"": 2, ""train_total"": 449, ""test_total"": 185, ""train_group_counts"": [205, 199, 20, 25], ""test_group_counts"": [61, 59, 25, 40], ""train_class_counts"": [245, 204], ""test_class_counts"": [83, 102], ""train_group_class_counts"": [[111, 94], [127, 72], [1, 19], [6, 19]], ""test_group_class_counts"": [[33, 28], [38, 21], [2, 23], [10, 30]], ""group_proportions"": [0.45657015590200445, 0.44320712694877507, 0.044543429844097995, 0.0556792873051225], ""val_group_counts"": [37, 36, 15, 24], ""val_total"": 112}","{""num_groups"": 4, ""eta"": 0.02, ""update_mode"": ""exp"", ""robust_objective"": ""weighted"", ""gamma"": 0.9, ""kl_lambda"": 0.0, ""initial_pi"": [0.4565701484680176, 0.44320711493492126, 0.04454343020915985, 0.055679287761449814]}",2026-09-15T20:38:41.901882,21,0.31891056246498006,0.8843537443349151,0.001,0.8378378378378378,0.8528205751597666,0.7966101694915254,0.92,"[0.819672131147541, 0.7966101694915254, 0.92, 0.875]","[0.5020376376914563, 0.6003851644947367, 0.41423164793290196, 0.5514484472572804]","[0.8192771084337349, 0.8529411764705882]","[[0.8484848484848485, 0.7857142857142857], [0.9210526315789473, 0.5714285714285714], [0.0, 1.0], [0.5, 1.0]]","[61, 59, 25, 40]",0.8361091424521616,"[0.817910447761194, 0.7601626016260162, 0.4791666666666667, 0.7948717948717948]",0.4791666666666667,0.6003851644947367,0.7232142857142857,0.752759009009009,0.6666666666666666,0.9333333333333333,"[0.7027027027027027, 0.6666666666666666, 0.9333333333333333, 0.7083333333333334]","[0.5250666473765631, 0.8765985450138234, 0.36245607564536236, 0.8505485044637074]","[0.6, 0.8225806451612904]","[[0.6, 0.8235294117647058], [0.782608695652174, 0.46153846153846156], [0.0, 1.0], [0.0, 0.9444444444444444]]","[37, 36, 15, 24]",0.7131289762868711,"[0.7018315018315018, 0.6249999999999999, 0.4827586206896552, 0.41463414634146345]",0.41463414634146345,0.8765985450138234,"[0.44525519013404846, 0.4580417275428772, 0.04057304561138153, 0.05613001808524132]","[0.304753588778632, 0.3383178157465799, 0.06471636511075, 0.12557186527798572]","[0.44639304280281067, 0.456716388463974, 0.04081321135163307, 0.05607730522751808]","[0.4565701484680176, 0.44320711493492126, 0.04454343020915985, 0.055679287761449814]",0.0
"{""run_name"": ""fedheart_exp_paper_hetagg_gdro"", ""seed"": 2024, ""run_dir"": ""runs/fedheart_cv/GroupDRO_s2024_f3"", ""use_fedheart"": true, ""num_classes"": 2, ""stratified_batching"": true, ""train_frac"": 0.8, ""group_max_train_samples"": [null, null, 20, 25], ""true_hetero_input_dim"": true, ""feature_mask"": [[0, 1, 2, 3, 5, 6, 7, 8, 9, 10], [0, 1, 2, 3, 5, 6, 11, 12], [0, 1, 2, 4, 5, 7, 11, 12], [0, 1, 2, 4, 5, 6, 8, 9, 10]], ""batch_size"": 64, ""num_workers"": 0, ""epochs"": 100, ""early_stopping_patience"": 30, ""lr"": 0.001, ""weight_decay"": 0.0001, ""optimizer"": ""adam"", ""grad_clip"": 1.0, ""lr_scheduler"": ""cosine"", ""lr_min"": 1e-05, ""latent_dim"": 64, ""head_hidden"": 32, ""groups"": [{""name"": ""cleveland"", ""encoder"": ""mlp_tabular_ln"", ""input_dim"": 10, ""hidden_dim"": 64, ""dropout"": 0.1}, {""name"": ""hungarian"", ""encoder"": ""mlp_tabular_ln"", ""input_dim"": 8, ""hidden_dim"": 64, ""dropout"": 0.1}, {""name"": ""switzerland"", ""encoder"": ""mlp_tabular_ln"", ""input_dim"": 8, ""hidden_dim"": 64, ""dropout"": 0.1}, {""name"": ""va_long_beach"", ""encoder"": ""mlp_tabular_ln"", ""input_dim"": 9, ""hidden_dim"": 64, ""dropout"": 0.1}], ""anchor_eps"": 0.0001, ""sep_samples_per_class"": 4, ""sep_method"": ""classifier"", ""sep_margin"": 1.0, ""lambda_fit"": 0.001, ""lambda_sep"": 0.001, ""groupdro_enabled"": true, ""groupdro_eta"": 0.02, ""groupdro_gamma"": 0.9, ""groupdro_update_mode"": ""exp"", ""groupdro_objective"": ""weighted"", ""groupdro_kl_lambda"": 0.0, ""groupdro_uniform_init"": false, ""log_interval"": 20, ""save_every"": 10, ""groupdro_ema_decay"": 0.9, ""groupdro_update_every"": 1, ""dro_signal"": ""val"", ""val_frac"": 0.15, ""impute_missing"": true, ""common_encoder"": false, ""use_regret"": false, ""data_split_seed"": 1003}","{""num_groups"": 4, ""num_classes"": 2, ""train_total"": 449, ""test_total"": 185, ""train_group_counts"": [205, 199, 20, 25], ""test_group_counts"": [61, 59, 25, 40], ""train_class_counts"": [245, 204], ""test_class_counts"": [83, 102], ""train_group_class_counts"": [[111, 94], [127, 72], [1, 19], [6, 19]], ""test_group_class_counts"": [[33, 28], [38, 21], [2, 23], [10, 30]], ""group_proportions"": [0.45657015590200445, 0.44320712694877507, 0.044543429844097995, 0.0556792873051225], ""val_group_counts"": [37, 36, 15, 24], ""val_total"": 112}","{""num_groups"": 4, ""eta"": 0.02, ""update_mode"": ""exp"", ""robust_objective"": ""weighted"", ""gamma"": 0.9, ""kl_lambda"": 0.0, ""initial_pi"": [0.4565701484680176, 0.44320711493492126, 0.04454343020915985, 0.055679287761449814]}",2026-09-15T20:38:41.901882,22,0.308666148220871,0.8843537404153352,0.001,0.8378378378378378,0.8528205751597666,0.7966101694915254,0.92,"[0.819672131147541, 0.7966101694915254, 0.92, 0.875]","[0.5134132399345885, 0.6294079259061649, 0.419298040792346, 0.5658276981557719]","[0.8433734939759037, 0.8333333333333334]","[[0.9090909090909091, 0.7142857142857143], [0.9210526315789473, 0.5714285714285714], [0.0, 1.0], [0.5, 1.0]]","[61, 59, 25, 40]",0.836764705882353,"[0.8146920740127037, 0.7601626016260162, 0.4791666666666667, 0.7948717948717948]",0.4791666666666667,0.6294079259061649,0.7321428571428571,0.7595157657657657,0.6666666666666666,0.9333333333333333,"[0.7297297297297297, 0.6666666666666666, 0.9333333333333333, 0.7083333333333334]","[0.5239040733667443, 0.9194353313004184, 0.36596055612899364, 0.898511075162484]","[0.62, 0.8225806451612904]","[[0.65, 0.8235294117647058], [0.782608695652174, 0.46153846153846156], [0.0, 1.0], [0.0, 0.9444444444444444]]","[37, 36, 15, 24]",0.7233201581027668,"[0.72953216374269, 0.6249999999999999, 0.4827586206896552, 0.41463414634146345]",0.41463414634146345,0.9194353313004184,"[0.44405606389045715, 0.45941758155822754, 0.0403292290866375, 0.05619713291525841]","[0.32791724162442343, 0.29979866317340303, 0.06121912303691109, 0.10257950363059838]","[0.44525519013404846, 0.4580417275428772, 0.04057304561138153, 0.05613001808524132]","[0.4565701484680176, 0.44320711493492126, 0.04454343020915985, 0.055679287761449814]",0.0
"{""run_name"": ""fedheart_exp_paper_hetagg_gdro"", ""seed"": 2024, ""run_dir"": ""runs/fedheart_cv/GroupDRO_s2024_f3"", ""use_fedheart"": true, ""num_classes"": 2, ""stratified_batching"": true, ""train_frac"": 0.8, ""group_max_train_samples"": [null, null, 20, 25], ""true_hetero_input_dim"": true, ""feature_mask"": [[0, 1, 2, 3, 5, 6, 7, 8, 9, 10], [0, 1, 2, 3, 5, 6, 11, 12], [0, 1, 2, 4, 5, 7, 11, 12], [0, 1, 2, 4, 5, 6, 8, 9, 10]], ""batch_size"": 64, ""num_workers"": 0, ""epochs"": 100, ""early_stopping_patience"": 30, ""lr"": 0.001, ""weight_decay"": 0.0001, ""optimizer"": ""adam"", ""grad_clip"": 1.0, ""lr_scheduler"": ""cosine"", ""lr_min"": 1e-05, ""latent_dim"": 64, ""head_hidden"": 32, ""groups"": [{""name"": ""cleveland"", ""encoder"": ""mlp_tabular_ln"", ""input_dim"": 10, ""hidden_dim"": 64, ""dropout"": 0.1}, {""name"": ""hungarian"", ""encoder"": ""mlp_tabular_ln"", ""input_dim"": 8, ""hidden_dim"": 64, ""dropout"": 0.1}, {""name"": ""switzerland"", ""encoder"": ""mlp_tabular_ln"", ""input_dim"": 8, ""hidden_dim"": 64, ""dropout"": 0.1}, {""name"": ""va_long_beach"", ""encoder"": ""mlp_tabular_ln"", ""input_dim"": 9, ""hidden_dim"": 64, ""dropout"": 0.1}], ""anchor_eps"": 0.0001, ""sep_samples_per_class"": 4, ""sep_method"": ""classifier"", ""sep_margin"": 1.0, ""lambda_fit"": 0.001, ""lambda_sep"": 0.001, ""groupdro_enabled"": true, ""groupdro_eta"": 0.02, ""groupdro_gamma"": 0.9, ""groupdro_update_mode"": ""exp"", ""groupdro_objective"": ""weighted"", ""groupdro_kl_lambda"": 0.0, ""groupdro_uniform_init"": false, ""log_interval"": 20, ""save_every"": 10, ""groupdro_ema_decay"": 0.9, ""groupdro_update_every"": 1, ""dro_signal"": ""val"", ""val_frac"": 0.15, ""impute_missing"": true, ""common_encoder"": false, ""use_regret"": false, ""data_split_seed"": 1003}","{""num_groups"": 4, ""num_classes"": 2, ""train_total"": 449, ""test_total"": 185, ""train_group_counts"": [205, 199, 20, 25], ""test_group_counts"": [61, 59, 25, 40], ""train_class_counts"": [245, 204], ""test_class_counts"": [83, 102], ""train_group_class_counts"": [[111, 94], [127, 72], [1, 19], [6, 19]], ""test_group_class_counts"": [[33, 28], [38, 21], [2, 23], [10, 30]], ""group_proportions"": [0.45657015590200445, 0.44320712694877507, 0.044543429844097995, 0.0556792873051225], ""val_group_counts"": [37, 36, 15, 24], ""val_total"": 112}","{""num_groups"": 4, ""eta"": 0.02, ""update_mode"": ""exp"", ""robust_objective"": ""weighted"", ""gamma"": 0.9, ""kl_lambda"": 0.0, ""initial_pi"": [0.4565701484680176, 0.44320711493492126, 0.04454343020915985, 0.055679287761449814]}",2026-09-15T20:38:41.901882,23,0.2983454530066103,0.8934240351999158,0.001,0.8324324324324325,0.8485832870241734,0.7796610169491526,0.92,"[0.819672131147541, 0.7796610169491526, 0.92, 0.875]","[0.5341193517326515, 0.6349672187214433, 0.418693875009194, 0.5769732264103368]","[0.8433734939759037, 0.8235294117647058]","[[0.9090909090909091, 0.7142857142857143], [0.9210526315789473, 0.5238095238095238], [0.0, 1.0], [0.5, 1.0]]","[61, 59, 25, 40]",0.831467277910018,"[0.8146920740127037, 0.7359724612736662, 0.4791666666666667, 0.7948717948717948]",0.4791666666666667,0.6349672187214433,0.7321428571428571,0.7595157657657657,0.6666666666666666,0.9333333333333333,"[0.7297297297297297, 0.6666666666666666, 0.9333333333333333, 0.7083333333333334]","[0.5164946998167481, 0.9114812130056735, 0.3655319892956565, 0.9081565813588289]","[0.62, 0.8225806451612904]","[[0.65, 0.8235294117647058], [0.782608695652174, 0.46153846153846156], [0.0, 1.0], [0.0, 0.9444444444444444]]","[37, 36, 15, 24]",0.7233201581027668,"[0.72953216374269, 0.6249999999999999, 0.4827586206896552, 0.41463414634146345]",0.41463414634146345,0.9114812130056735,"[0.4428008198738098, 0.46083736419677734, 0.04008275642991066, 0.05627897009253502]","[0.2931011212723596, 0.3110554495028087, 0.02885788877028972, 0.10273570194840431]","[0.44405606389045715, 0.45941758155822754, 0.0403292290866375, 0.05619713291525841]","[0.4565701484680176, 0.44320711493492126, 0.04454343020915985, 0.055679287761449814]",0.0
"{""run_name"": ""fedheart_exp_paper_hetagg_gdro"", ""seed"": 2024, ""run_dir"": ""runs/fedheart_cv/GroupDRO_s2024_f3"", ""use_fedheart"": true, ""num_classes"": 2, ""stratified_batching"": true, ""train_frac"": 0.8, ""group_max_train_samples"": [null, null, 20, 25], ""true_hetero_input_dim"": true, ""feature_mask"": [[0, 1, 2, 3, 5, 6, 7, 8, 9, 10], [0, 1, 2, 3, 5, 6, 11, 12], [0, 1, 2, 4, 5, 7, 11, 12], [0, 1, 2, 4, 5, 6, 8, 9, 10]], ""batch_size"": 64, ""num_workers"": 0, ""epochs"": 100, ""early_stopping_patience"": 30, ""lr"": 0.001, ""weight_decay"": 0.0001, ""optimizer"": ""adam"", ""grad_clip"": 1.0, ""lr_scheduler"": ""cosine"", ""lr_min"": 1e-05, ""latent_dim"": 64, ""head_hidden"": 32, ""groups"": [{""name"": ""cleveland"", ""encoder"": ""mlp_tabular_ln"", ""input_dim"": 10, ""hidden_dim"": 64, ""dropout"": 0.1}, {""name"": ""hungarian"", ""encoder"": ""mlp_tabular_ln"", ""input_dim"": 8, ""hidden_dim"": 64, ""dropout"": 0.1}, {""name"": ""switzerland"", ""encoder"": ""mlp_tabular_ln"", ""input_dim"": 8, ""hidden_dim"": 64, ""dropout"": 0.1}, {""name"": ""va_long_beach"", ""encoder"": ""mlp_tabular_ln"", ""input_dim"": 9, ""hidden_dim"": 64, ""dropout"": 0.1}], ""anchor_eps"": 0.0001, ""sep_samples_per_class"": 4, ""sep_method"": ""classifier"", ""sep_margin"": 1.0, ""lambda_fit"": 0.001, ""lambda_sep"": 0.001, ""groupdro_enabled"": true, ""groupdro_eta"": 0.02, ""groupdro_gamma"": 0.9, ""groupdro_update_mode"": ""exp"", ""groupdro_objective"": ""weighted"", ""groupdro_kl_lambda"": 0.0, ""groupdro_uniform_init"": false, ""log_interval"": 20, ""save_every"": 10, ""groupdro_ema_decay"": 0.9, ""groupdro_update_every"": 1, ""dro_signal"": ""val"", ""val_frac"": 0.15, ""impute_missing"": true, ""common_encoder"": false, ""use_regret"": false, ""data_split_seed"": 1003}","{""num_groups"": 4, ""num_classes"": 2, ""train_total"": 449, ""test_total"": 185, ""train_group_counts"": [205, 199, 20, 25], ""test_group_counts"": [61, 59, 25, 40], ""train_class_counts"": [245, 204], ""test_class_counts"": [83, 102], ""train_group_class_counts"": [[111, 94], [127, 72], [1, 19], [6, 19]], ""test_group_class_counts"": [[33, 28], [38, 21], [2, 23], [10, 30]], ""group_proportions"": [0.45657015590200445, 0.44320712694877507, 0.044543429844097995, 0.0556792873051225], ""val_group_counts"": [37, 36, 15, 24], ""val_total"": 112}","{""num_groups"": 4, ""eta"": 0.02, ""update_mode"": ""exp"", ""robust_objective"": ""weighted"", ""gamma"": 0.9, ""kl_lambda"": 0.0, ""initial_pi"": [0.4565701484680176, 0.44320711493492126, 0.04454343020915985, 0.055679287761449814]}",2026-09-15T20:38:41.901882,24,0.2965060969193776,0.8956916070038499,0.001,0.8486486486486486,0.8611562239510976,0.8135593220338984,0.92,"[0.8360655737704918, 0.8135593220338984, 0.92, 0.875]","[0.5236625201183326, 0.6483311368570805, 0.418751880005002, 0.5950743056018837]","[0.8313253012048193, 0.8627450980392157]","[[0.8787878787878788, 0.7857142857142857], [0.9210526315789473, 0.6190476190476191], [0.0, 1.0], [0.5, 1.0]]","[61, 59, 25, 40]",0.8470351996220176,"[0.8338779956427016, 0.78345011678345, 0.4791666666666667, 0.7948717948717948]",0.4791666666666667,0.6483311368570805,0.7321428571428571,0.7595157657657657,0.6666666666666666,0.9333333333333333,"[0.7297297297297297, 0.6666666666666666, 0.9333333333333333, 0.7083333333333334]","[0.5220667845884187, 0.93049389711814, 0.3664840169871847, 0.8711957358949197]","[0.62, 0.8225806451612904]","[[0.65, 0.8235294117647058], [0.782608695652174, 0.46153846153846156], [0.0, 1.0], [0.0, 0.9444444444444444]]","[37, 36, 15, 24]",0.7233201581027668,"[0.72953216374269, 0.6249999999999999, 0.4827586206896552, 0.41463414634146345]",0.41463414634146345,0.93049389711814,"[0.441491961479187, 0.46230581402778625, 0.03983338177204132, 0.05636882781982422]","[0.30754466354846954, 0.3008032866886684, 0.028194448328576982, 0.07383293161789577]","[0.4428008198738098, 0.46083736419677734, 0.04008275642991066, 0.05627897009253502]","[0.4565701484680176, 0.44320711493492126, 0.04454343020915985, 0.055679287761449814]",0.0
"{""run_name"": ""fedheart_exp_paper_hetagg_gdro"", ""seed"": 2024, ""run_dir"": ""runs/fedheart_cv/GroupDRO_s2024_f3"", ""use_fedheart"": true, ""num_classes"": 2, ""stratified_batching"": true, ""train_frac"": 0.8, ""group_max_train_samples"": [null, null, 20, 25], ""true_hetero_input_dim"": true, ""feature_mask"": [[0, 1, 2, 3, 5, 6, 7, 8, 9, 10], [0, 1, 2, 3, 5, 6, 11, 12], [0, 1, 2, 4, 5, 7, 11, 12], [0, 1, 2, 4, 5, 6, 8, 9, 10]], ""batch_size"": 64, ""num_workers"": 0, ""epochs"": 100, ""early_stopping_patience"": 30, ""lr"": 0.001, ""weight_decay"": 0.0001, ""optimizer"": ""adam"", ""grad_clip"": 1.0, ""lr_scheduler"": ""cosine"", ""lr_min"": 1e-05, ""latent_dim"": 64, ""head_hidden"": 32, ""groups"": [{""name"": ""cleveland"", ""encoder"": ""mlp_tabular_ln"", ""input_dim"": 10, ""hidden_dim"": 64, ""dropout"": 0.1}, {""name"": ""hungarian"", ""encoder"": ""mlp_tabular_ln"", ""input_dim"": 8, ""hidden_dim"": 64, ""dropout"": 0.1}, {""name"": ""switzerland"", ""encoder"": ""mlp_tabular_ln"", ""input_dim"": 8, ""hidden_dim"": 64, ""dropout"": 0.1}, {""name"": ""va_long_beach"", ""encoder"": ""mlp_tabular_ln"", ""input_dim"": 9, ""hidden_dim"": 64, ""dropout"": 0.1}], ""anchor_eps"": 0.0001, ""sep_samples_per_class"": 4, ""sep_method"": ""classifier"", ""sep_margin"": 1.0, ""lambda_fit"": 0.001, ""lambda_sep"": 0.001, ""groupdro_enabled"": true, ""groupdro_eta"": 0.02, ""groupdro_gamma"": 0.9, ""groupdro_update_mode"": ""exp"", ""groupdro_objective"": ""weighted"", ""groupdro_kl_lambda"": 0.0, ""groupdro_uniform_init"": false, ""log_interval"": 20, ""save_every"": 10, ""groupdro_ema_decay"": 0.9, ""groupdro_update_every"": 1, ""dro_signal"": ""val"", ""val_frac"": 0.15, ""impute_missing"": true, ""common_encoder"": false, ""use_regret"": false, ""data_split_seed"": 1003}","{""num_groups"": 4, ""num_classes"": 2, ""train_total"": 449, ""test_total"": 185, ""train_group_counts"": [205, 199, 20, 25], ""test_group_counts"": [61, 59, 25, 40], ""train_class_counts"": [245, 204], ""test_class_counts"": [83, 102], ""train_group_class_counts"": [[111, 94], [127, 72], [1, 19], [6, 19]], ""test_group_class_counts"": [[33, 28], [38, 21], [2, 23], [10, 30]], ""group_proportions"": [0.45657015590200445, 0.44320712694877507, 0.044543429844097995, 0.0556792873051225], ""val_group_counts"": [37, 36, 15, 24], ""val_total"": 112}","{""num_groups"": 4, ""eta"": 0.02, ""update_mode"": ""exp"", ""robust_objective"": ""weighted"", ""gamma"": 0.9, ""kl_lambda"": 0.0, ""initial_pi"": [0.4565701484680176, 0.44320711493492126, 0.04454343020915985, 0.055679287761449814]}",2026-09-15T20:38:41.901882,25,0.2995400442963555,0.8798185978887303,0.001,0.8378378378378378,0.8505300083356488,0.7796610169491526,0.92,"[0.8524590163934426, 0.7796610169491526, 0.92, 0.85]","[0.5348728667853064, 0.6590857097042441, 0.41983643766492607, 0.6131862103822641]","[0.8433734939759037, 0.8333333333333334]","[[0.9090909090909091, 0.7857142857142857], [0.9210526315789473, 0.5238095238095238], [0.0, 1.0], [0.5, 0.9666666666666667]]","[61, 59, 25, 40]",0.836764705882353,"[0.8498769483182936, 0.7359724612736662, 0.4791666666666667, 0.765625]",0.4791666666666667,0.6590857097042441,0.7410714285714286,0.7662725225225225,0.6666666666666666,0.9333333333333333,"[0.7567567567567568, 0.6666666666666666, 0.9333333333333333, 0.7083333333333334]","[0.49105270817322105, 0.9489183998537354, 0.36845299646568797, 0.9016111885624317]","[0.62, 0.8387096774193549]","[[0.65, 0.8823529411764706], [0.782608695652174, 0.46153846153846156], [0.0, 1.0], [0.0, 0.9444444444444444]]","[37, 36, 15, 24]",0.7316367842683633,"[0.756043956043956, 0.6249999999999999, 0.4827586206896552, 0.41463414634146345]",0.41463414634146345,0.9489183998537354,"[0.44011032581329346, 0.46383804082870483, 0.039581943303346634, 0.0564696379005909]","[0.3015508566583906, 0.3067375421524048, 0.05500070168636739, 0.09601510564486186]","[0.441491961479187, 0.46230581402778625, 0.03983338177204132, 0.05636882781982422]","[0.4565701484680176, 0.44320711493492126, 0.04454343020915985, 0.055679287761449814]",0.0
"{""run_name"": ""fedheart_exp_paper_hetagg_gdro"", ""seed"": 2024, ""run_dir"": ""runs/fedheart_cv/GroupDRO_s2024_f3"", ""use_fedheart"": true, ""num_classes"": 2, ""stratified_batching"": true, ""train_frac"": 0.8, ""group_max_train_samples"": [null, null, 20, 25], ""true_hetero_input_dim"": true, ""feature_mask"": [[0, 1, 2, 3, 5, 6, 7, 8, 9, 10], [0, 1, 2, 3, 5, 6, 11, 12], [0, 1, 2, 4, 5, 7, 11, 12], [0, 1, 2, 4, 5, 6, 8, 9, 10]], ""batch_size"": 64, ""num_workers"": 0, ""epochs"": 100, ""early_stopping_patience"": 30, ""lr"": 0.001, ""weight_decay"": 0.0001, ""optimizer"": ""adam"", ""grad_clip"": 1.0, ""lr_scheduler"": ""cosine"", ""lr_min"": 1e-05, ""latent_dim"": 64, ""head_hidden"": 32, ""groups"": [{""name"": ""cleveland"", ""encoder"": ""mlp_tabular_ln"", ""input_dim"": 10, ""hidden_dim"": 64, ""dropout"": 0.1}, {""name"": ""hungarian"", ""encoder"": ""mlp_tabular_ln"", ""input_dim"": 8, ""hidden_dim"": 64, ""dropout"": 0.1}, {""name"": ""switzerland"", ""encoder"": ""mlp_tabular_ln"", ""input_dim"": 8, ""hidden_dim"": 64, ""dropout"": 0.1}, {""name"": ""va_long_beach"", ""encoder"": ""mlp_tabular_ln"", ""input_dim"": 9, ""hidden_dim"": 64, ""dropout"": 0.1}], ""anchor_eps"": 0.0001, ""sep_samples_per_class"": 4, ""sep_method"": ""classifier"", ""sep_margin"": 1.0, ""lambda_fit"": 0.001, ""lambda_sep"": 0.001, ""groupdro_enabled"": true, ""groupdro_eta"": 0.02, ""groupdro_gamma"": 0.9, ""groupdro_update_mode"": ""exp"", ""groupdro_objective"": ""weighted"", ""groupdro_kl_lambda"": 0.0, ""groupdro_uniform_init"": false, ""log_interval"": 20, ""save_every"": 10, ""groupdro_ema_decay"": 0.9, ""groupdro_update_every"": 1, ""dro_signal"": ""val"", ""val_frac"": 0.15, ""impute_missing"": true, ""common_encoder"": false, ""use_regret"": false, ""data_split_seed"": 1003}","{""num_groups"": 4, ""num_classes"": 2, ""train_total"": 449, ""test_total"": 185, ""train_group_counts"": [205, 199, 20, 25], ""test_group_counts"": [61, 59, 25, 40], ""train_class_counts"": [245, 204], ""test_class_counts"": [83, 102], ""train_group_class_counts"": [[111, 94], [127, 72], [1, 19], [6, 19]], ""test_group_class_counts"": [[33, 28], [38, 21], [2, 23], [10, 30]], ""group_proportions"": [0.45657015590200445, 0.44320712694877507, 0.044543429844097995, 0.0556792873051225], ""val_group_counts"": [37, 36, 15, 24], ""val_total"": 112}","{""num_groups"": 4, ""eta"": 0.02, ""update_mode"": ""exp"", ""robust_objective"": ""weighted"", ""gamma"": 0.9, ""kl_lambda"": 0.0, ""initial_pi"": [0.4565701484680176, 0.44320711493492126, 0.04454343020915985, 0.055679287761449814]}",2026-09-15T20:38:41.901882,26,0.29880648851394653,0.888888888753731,0.001,0.8216216216216217,0.8382349263684357,0.7796610169491526,0.92,"[0.8032786885245902, 0.7796610169491526, 0.92, 0.85]","[0.5534791256736231, 0.6829006859570963, 0.4415667490288615, 0.6355037869885564]","[0.8072289156626506, 0.8333333333333334]","[[0.8181818181818182, 0.7857142857142857], [0.9210526315789473, 0.5238095238095238], [0.0, 1.0], [0.5, 0.9666666666666667]]","[61, 59, 25, 40]",0.8199168166130792,"[0.801948051948052, 0.7359724612736662, 0.4791666666666667, 0.765625]",0.4791666666666667,0.6829006859570963,0.7321428571428571,0.7595157657657657,0.6666666666666666,0.9333333333333333,"[0.7297297297297297, 0.6666666666666666, 0.9333333333333333, 0.7083333333333334]","[0.5140640420360943, 0.9758734525465924, 0.38296958107190826, 0.9568177517891551]","[0.6, 0.8387096774193549]","[[0.6, 0.8823529411764706], [0.782608695652174, 0.46153846153846156], [0.0, 1.0], [0.0, 0.9444444444444444]]","[37, 36, 15, 24]",0.7213930348258706,"[0.7279411764705882, 0.6249999999999999, 0.4827586206896552, 0.41463414634146345]",0.41463414634146345,0.9758734525465924,"[0.4386603832244873, 0.46542826294898987, 0.03932785242795944, 0.05658352002501488]","[0.2969192628349577, 0.3190407433680126, 0.03977108407222355, 0.049342735360066094]","[0.44011032581329346, 0.46383804082870483, 0.039581943303346634, 0.0564696379005909]","[0.4565701484680176, 0.44320711493492126, 0.04454343020915985, 0.055679287761449814]",0.0
"{""run_name"": ""fedheart_exp_paper_hetagg_gdro"", ""seed"": 2024, ""run_dir"": ""runs/fedheart_cv/GroupDRO_s2024_f3"", ""use_fedheart"": true, ""num_classes"": 2, ""stratified_batching"": true, ""train_frac"": 0.8, ""group_max_train_samples"": [null, null, 20, 25], ""true_hetero_input_dim"": true, ""feature_mask"": [[0, 1, 2, 3, 5, 6, 7, 8, 9, 10], [0, 1, 2, 3, 5, 6, 11, 12], [0, 1, 2, 4, 5, 7, 11, 12], [0, 1, 2, 4, 5, 6, 8, 9, 10]], ""batch_size"": 64, ""num_workers"": 0, ""epochs"": 100, ""early_stopping_patience"": 30, ""lr"": 0.001, ""weight_decay"": 0.0001, ""optimizer"": ""adam"", ""grad_clip"": 1.0, ""lr_scheduler"": ""cosine"", ""lr_min"": 1e-05, ""latent_dim"": 64, ""head_hidden"": 32, ""groups"": [{""name"": ""cleveland"", ""encoder"": ""mlp_tabular_ln"", ""input_dim"": 10, ""hidden_dim"": 64, ""dropout"": 0.1}, {""name"": ""hungarian"", ""encoder"": ""mlp_tabular_ln"", ""input_dim"": 8, ""hidden_dim"": 64, ""dropout"": 0.1}, {""name"": ""switzerland"", ""encoder"": ""mlp_tabular_ln"", ""input_dim"": 8, ""hidden_dim"": 64, ""dropout"": 0.1}, {""name"": ""va_long_beach"", ""encoder"": ""mlp_tabular_ln"", ""input_dim"": 9, ""hidden_dim"": 64, ""dropout"": 0.1}], ""anchor_eps"": 0.0001, ""sep_samples_per_class"": 4, ""sep_method"": ""classifier"", ""sep_margin"": 1.0, ""lambda_fit"": 0.001, ""lambda_sep"": 0.001, ""groupdro_enabled"": true, ""groupdro_eta"": 0.02, ""groupdro_gamma"": 0.9, ""groupdro_update_mode"": ""exp"", ""groupdro_objective"": ""weighted"", ""groupdro_kl_lambda"": 0.0, ""groupdro_uniform_init"": false, ""log_interval"": 20, ""save_every"": 10, ""groupdro_ema_decay"": 0.9, ""groupdro_update_every"": 1, ""dro_signal"": ""val"", ""val_frac"": 0.15, ""impute_missing"": true, ""common_encoder"": false, ""use_regret"": false, ""data_split_seed"": 1003}","{""num_groups"": 4, ""num_classes"": 2, ""train_total"": 449, ""test_total"": 185, ""train_group_counts"": [205, 199, 20, 25], ""test_group_counts"": [61, 59, 25, 40], ""train_class_counts"": [245, 204], ""test_class_counts"": [83, 102], ""train_group_class_counts"": [[111, 94], [127, 72], [1, 19], [6, 19]], ""test_group_class_counts"": [[33, 28], [38, 21], [2, 23], [10, 30]], ""group_proportions"": [0.45657015590200445, 0.44320712694877507, 0.044543429844097995, 0.0556792873051225], ""val_group_counts"": [37, 36, 15, 24], ""val_total"": 112}","{""num_groups"": 4, ""eta"": 0.02, ""update_mode"": ""exp"", ""robust_objective"": ""weighted"", ""gamma"": 0.9, ""kl_lambda"": 0.0, ""initial_pi"": [0.4565701484680176, 0.44320711493492126, 0.04454343020915985, 0.055679287761449814]}",2026-09-15T20:38:41.901882,27,0.2753288401903209,0.8888888878076255,0.001,0.8432432432432433,0.8570578632953598,0.8135593220338984,0.92,"[0.819672131147541, 0.8135593220338984, 0.92, 0.875]","[0.5774970712411203, 0.670702087392999, 0.4584212582977489, 0.6651317696552723]","[0.8192771084337349, 0.8627450980392157]","[[0.8484848484848485, 0.7857142857142857], [0.9210526315789473, 0.6190476190476191], [0.0, 1.0], [0.5, 1.0]]","[61, 59, 25, 40]",0.8413895048041389,"[0.817910447761194, 0.78345011678345, 0.4791666666666667, 0.7948717948717948]",0.4791666666666667,0.670702087392999,0.7232142857142857,0.752759009009009,0.6666666666666666,0.9333333333333333,"[0.7027027027027027, 0.6666666666666666, 0.9333333333333333, 0.7083333333333334]","[0.5307889342673022, 0.9624532399304573, 0.393018119642511, 1.0237312320872054]","[0.6, 0.8225806451612904]","[[0.6, 0.8235294117647058], [0.782608695652174, 0.46153846153846156], [0.0, 1.0], [0.0, 0.9444444444444444]]","[37, 36, 15, 24]",0.7131289762868711,"[0.7018315018315018, 0.6249999999999999, 0.4827586206896552, 0.41463414634146345]",0.41463414634146345,1.0237312320872054,"[0.4371589720249176, 0.467053085565567, 0.03907186537981033, 0.05671610310673714]","[0.28395119096551624, 0.2843205524342401, 0.013776243315078318, 0.032998951229577266]","[0.4386603832244873, 0.46542826294898987, 0.03932785242795944, 0.05658352002501488]","[0.4565701484680176, 0.44320711493492126, 0.04454343020915985, 0.055679287761449814]",0.0
"{""run_name"": ""fedheart_exp_paper_hetagg_gdro"", ""seed"": 2024, ""run_dir"": ""runs/fedheart_cv/GroupDRO_s2024_f3"", ""use_fedheart"": true, ""num_classes"": 2, ""stratified_batching"": true, ""train_frac"": 0.8, ""group_max_train_samples"": [null, null, 20, 25], ""true_hetero_input_dim"": true, ""feature_mask"": [[0, 1, 2, 3, 5, 6, 7, 8, 9, 10], [0, 1, 2, 3, 5, 6, 11, 12], [0, 1, 2, 4, 5, 7, 11, 12], [0, 1, 2, 4, 5, 6, 8, 9, 10]], ""batch_size"": 64, ""num_workers"": 0, ""epochs"": 100, ""early_stopping_patience"": 30, ""lr"": 0.001, ""weight_decay"": 0.0001, ""optimizer"": ""adam"", ""grad_clip"": 1.0, ""lr_scheduler"": ""cosine"", ""lr_min"": 1e-05, ""latent_dim"": 64, ""head_hidden"": 32, ""groups"": [{""name"": ""cleveland"", ""encoder"": ""mlp_tabular_ln"", ""input_dim"": 10, ""hidden_dim"": 64, ""dropout"": 0.1}, {""name"": ""hungarian"", ""encoder"": ""mlp_tabular_ln"", ""input_dim"": 8, ""hidden_dim"": 64, ""dropout"": 0.1}, {""name"": ""switzerland"", ""encoder"": ""mlp_tabular_ln"", ""input_dim"": 8, ""hidden_dim"": 64, ""dropout"": 0.1}, {""name"": ""va_long_beach"", ""encoder"": ""mlp_tabular_ln"", ""input_dim"": 9, ""hidden_dim"": 64, ""dropout"": 0.1}], ""anchor_eps"": 0.0001, ""sep_samples_per_class"": 4, ""sep_method"": ""classifier"", ""sep_margin"": 1.0, ""lambda_fit"": 0.001, ""lambda_sep"": 0.001, ""groupdro_enabled"": true, ""groupdro_eta"": 0.02, ""groupdro_gamma"": 0.9, ""groupdro_update_mode"": ""exp"", ""groupdro_objective"": ""weighted"", ""groupdro_kl_lambda"": 0.0, ""groupdro_uniform_init"": false, ""log_interval"": 20, ""save_every"": 10, ""groupdro_ema_decay"": 0.9, ""groupdro_update_every"": 1, ""dro_signal"": ""val"", ""val_frac"": 0.15, ""impute_missing"": true, ""common_encoder"": false, ""use_regret"": false, ""data_split_seed"": 1003}","{""num_groups"": 4, ""num_classes"": 2, ""train_total"": 449, ""test_total"": 185, ""train_group_counts"": [205, 199, 20, 25], ""test_group_counts"": [61, 59, 25, 40], ""train_class_counts"": [245, 204], ""test_class_counts"": [83, 102], ""train_group_class_counts"": [[111, 94], [127, 72], [1, 19], [6, 19]], ""test_group_class_counts"": [[33, 28], [38, 21], [2, 23], [10, 30]], ""group_proportions"": [0.45657015590200445, 0.44320712694877507, 0.044543429844097995, 0.0556792873051225], ""val_group_counts"": [37, 36, 15, 24], ""val_total"": 112}","{""num_groups"": 4, ""eta"": 0.02, ""update_mode"": ""exp"", ""robust_objective"": ""weighted"", ""gamma"": 0.9, ""kl_lambda"": 0.0, ""initial_pi"": [0.4565701484680176, 0.44320711493492126, 0.04454343020915985, 0.055679287761449814]}",2026-09-15T20:38:41.901882,28,0.2688916278263879,0.9115646238229713,0.001,0.8378378378378378,0.8528205751597666,0.7966101694915254,0.92,"[0.819672131147541, 0.7966101694915254, 0.92, 0.875]","[0.58052313197824, 0.6759124143104369, 0.4633942790469155, 0.6952777796104783]","[0.8072289156626506, 0.8627450980392157]","[[0.8484848484848485, 0.7857142857142857], [0.8947368421052632, 0.6190476190476191], [0.0, 1.0], [0.5, 1.0]]","[61, 59, 25, 40]",0.8357210513852713,"[0.817910447761194, 0.7671052631578947, 0.4791666666666667, 0.7948717948717948]",0.4791666666666667,0.6952777796104783,0.7142857142857143,0.7458145645645646,0.6388888888888888,0.9333333333333333,"[0.7027027027027027, 0.6388888888888888, 0.9333333333333333, 0.7083333333333334]","[0.5460398261989089, 0.9816052553004637, 0.3963500475976616, 1.1074826520489296]","[0.58, 0.8225806451612904]","[[0.6, 0.8235294117647058], [0.7391304347826086, 0.46153846153846156], [0.0, 1.0], [0.0, 0.9444444444444444]]","[37, 36, 15, 24]",0.7028192371475954,"[0.7018315018315018, 0.6017021276595745, 0.4827586206896552, 0.41463414634146345]",0.41463414634146345,1.1074826520489296,"[0.4356066882610321, 0.4687075614929199, 0.038812968879938126, 0.05687272921204567]","[0.2953541427850723, 0.26109929595674786, 0.027333656112508226, 0.043742075407256685]","[0.4371589720249176, 0.467053085565567, 0.03907186537981033, 0.05671610310673714]","[0.4565701484680176, 0.44320711493492126, 0.04454343020915985, 0.055679287761449814]",0.0
"{""run_name"": ""fedheart_exp_paper_hetagg_gdro"", ""seed"": 2024, ""run_dir"": ""runs/fedheart_cv/GroupDRO_s2024_f3"", ""use_fedheart"": true, ""num_classes"": 2, ""stratified_batching"": true, ""train_frac"": 0.8, ""group_max_train_samples"": [null, null, 20, 25], ""true_hetero_input_dim"": true, ""feature_mask"": [[0, 1, 2, 3, 5, 6, 7, 8, 9, 10], [0, 1, 2, 3, 5, 6, 11, 12], [0, 1, 2, 4, 5, 7, 11, 12], [0, 1, 2, 4, 5, 6, 8, 9, 10]], ""batch_size"": 64, ""num_workers"": 0, ""epochs"": 100, ""early_stopping_patience"": 30, ""lr"": 0.001, ""weight_decay"": 0.0001, ""optimizer"": ""adam"", ""grad_clip"": 1.0, ""lr_scheduler"": ""cosine"", ""lr_min"": 1e-05, ""latent_dim"": 64, ""head_hidden"": 32, ""groups"": [{""name"": ""cleveland"", ""encoder"": ""mlp_tabular_ln"", ""input_dim"": 10, ""hidden_dim"": 64, ""dropout"": 0.1}, {""name"": ""hungarian"", ""encoder"": ""mlp_tabular_ln"", ""input_dim"": 8, ""hidden_dim"": 64, ""dropout"": 0.1}, {""name"": ""switzerland"", ""encoder"": ""mlp_tabular_ln"", ""input_dim"": 8, ""hidden_dim"": 64, ""dropout"": 0.1}, {""name"": ""va_long_beach"", ""encoder"": ""mlp_tabular_ln"", ""input_dim"": 9, ""hidden_dim"": 64, ""dropout"": 0.1}], ""anchor_eps"": 0.0001, ""sep_samples_per_class"": 4, ""sep_method"": ""classifier"", ""sep_margin"": 1.0, ""lambda_fit"": 0.001, ""lambda_sep"": 0.001, ""groupdro_enabled"": true, ""groupdro_eta"": 0.02, ""groupdro_gamma"": 0.9, ""groupdro_update_mode"": ""exp"", ""groupdro_objective"": ""weighted"", ""groupdro_kl_lambda"": 0.0, ""groupdro_uniform_init"": false, ""log_interval"": 20, ""save_every"": 10, ""groupdro_ema_decay"": 0.9, ""groupdro_update_every"": 1, ""dro_signal"": ""val"", ""val_frac"": 0.15, ""impute_missing"": true, ""common_encoder"": false, ""use_regret"": false, ""data_split_seed"": 1003}","{""num_groups"": 4, ""num_classes"": 2, ""train_total"": 449, ""test_total"": 185, ""train_group_counts"": [205, 199, 20, 25], ""test_group_counts"": [61, 59, 25, 40], ""train_class_counts"": [245, 204], ""test_class_counts"": [83, 102], ""train_group_class_counts"": [[111, 94], [127, 72], [1, 19], [6, 19]], ""test_group_class_counts"": [[33, 28], [38, 21], [2, 23], [10, 30]], ""group_proportions"": [0.45657015590200445, 0.44320712694877507, 0.044543429844097995, 0.0556792873051225], ""val_group_counts"": [37, 36, 15, 24], ""val_total"": 112}","{""num_groups"": 4, ""eta"": 0.02, ""update_mode"": ""exp"", ""robust_objective"": ""weighted"", ""gamma"": 0.9, ""kl_lambda"": 0.0, ""initial_pi"": [0.4565701484680176, 0.44320711493492126, 0.04454343020915985, 0.055679287761449814]}",2026-09-15T20:38:41.901882,29,0.2558342974945531,0.8979591816461006,0.001,0.8432432432432433,0.8570578632953598,0.8135593220338984,0.92,"[0.819672131147541, 0.8135593220338984, 0.92, 0.875]","[0.5994317629679915, 0.686811138295679, 0.46759213868994265, 0.7172971580002923]","[0.8192771084337349, 0.8627450980392157]","[[0.8484848484848485, 0.7857142857142857], [0.9210526315789473, 0.6190476190476191], [0.0, 1.0], [0.5, 1.0]]","[61, 59, 25, 40]",0.8413895048041389,"[0.817910447761194, 0.78345011678345, 0.4791666666666667, 0.7948717948717948]",0.4791666666666667,0.7172971580002923,0.7232142857142857,0.752759009009009,0.6666666666666666,0.9333333333333333,"[0.7027027027027027, 0.6666666666666666, 0.9333333333333333, 0.7083333333333334]","[0.5680356310944803, 1.020676759126622, 0.3987161332042888, 1.1928713711289067]","[0.6, 0.8225806451612904]","[[0.6, 0.8235294117647058], [0.782608695652174, 0.46153846153846156], [0.0, 1.0], [0.0, 0.9444444444444444]]","[37, 36, 15, 24]",0.7131289762868711,"[0.7018315018315018, 0.6249999999999999, 0.4827586206896552, 0.41463414634146345]",0.41463414634146345,1.1928713711289067,"[0.43399927020072937, 0.4703943729400635, 0.038549263030290604, 0.05705708637833595]","[0.2292157049689974, 0.29553093016147614, 0.01377927550735573, 0.02303759582961599]","[0.4356066882610321, 0.4687075614929199, 0.038812968879938126, 0.05687272921204567]","[0.4565701484680176, 0.44320711493492126, 0.04454343020915985, 0.055679287761449814]",0.0
"{""run_name"": ""fedheart_exp_paper_hetagg_gdro"", ""seed"": 2024, ""run_dir"": ""runs/fedheart_cv/GroupDRO_s2024_f3"", ""use_fedheart"": true, ""num_classes"": 2, ""stratified_batching"": true, ""train_frac"": 0.8, ""group_max_train_samples"": [null, null, 20, 25], ""true_hetero_input_dim"": true, ""feature_mask"": [[0, 1, 2, 3, 5, 6, 7, 8, 9, 10], [0, 1, 2, 3, 5, 6, 11, 12], [0, 1, 2, 4, 5, 7, 11, 12], [0, 1, 2, 4, 5, 6, 8, 9, 10]], ""batch_size"": 64, ""num_workers"": 0, ""epochs"": 100, ""early_stopping_patience"": 30, ""lr"": 0.001, ""weight_decay"": 0.0001, ""optimizer"": ""adam"", ""grad_clip"": 1.0, ""lr_scheduler"": ""cosine"", ""lr_min"": 1e-05, ""latent_dim"": 64, ""head_hidden"": 32, ""groups"": [{""name"": ""cleveland"", ""encoder"": ""mlp_tabular_ln"", ""input_dim"": 10, ""hidden_dim"": 64, ""dropout"": 0.1}, {""name"": ""hungarian"", ""encoder"": ""mlp_tabular_ln"", ""input_dim"": 8, ""hidden_dim"": 64, ""dropout"": 0.1}, {""name"": ""switzerland"", ""encoder"": ""mlp_tabular_ln"", ""input_dim"": 8, ""hidden_dim"": 64, ""dropout"": 0.1}, {""name"": ""va_long_beach"", ""encoder"": ""mlp_tabular_ln"", ""input_dim"": 9, ""hidden_dim"": 64, ""dropout"": 0.1}], ""anchor_eps"": 0.0001, ""sep_samples_per_class"": 4, ""sep_method"": ""classifier"", ""sep_margin"": 1.0, ""lambda_fit"": 0.001, ""lambda_sep"": 0.001, ""groupdro_enabled"": true, ""groupdro_eta"": 0.02, ""groupdro_gamma"": 0.9, ""groupdro_update_mode"": ""exp"", ""groupdro_objective"": ""weighted"", ""groupdro_kl_lambda"": 0.0, ""groupdro_uniform_init"": false, ""log_interval"": 20, ""save_every"": 10, ""groupdro_ema_decay"": 0.9, ""groupdro_update_every"": 1, ""dro_signal"": ""val"", ""val_frac"": 0.15, ""impute_missing"": true, ""common_encoder"": false, ""use_regret"": false, ""data_split_seed"": 1003}","{""num_groups"": 4, ""num_classes"": 2, ""train_total"": 449, ""test_total"": 185, ""train_group_counts"": [205, 199, 20, 25], ""test_group_counts"": [61, 59, 25, 40], ""train_class_counts"": [245, 204], ""test_class_counts"": [83, 102], ""train_group_class_counts"": [[111, 94], [127, 72], [1, 19], [6, 19]], ""test_group_class_counts"": [[33, 28], [38, 21], [2, 23], [10, 30]], ""group_proportions"": [0.45657015590200445, 0.44320712694877507, 0.044543429844097995, 0.0556792873051225], ""val_group_counts"": [37, 36, 15, 24], ""val_total"": 112}","{""num_groups"": 4, ""eta"": 0.02, ""update_mode"": ""exp"", ""robust_objective"": ""weighted"", ""gamma"": 0.9, ""kl_lambda"": 0.0, ""initial_pi"": [0.4565701484680176, 0.44320711493492126, 0.04454343020915985, 0.055679287761449814]}",2026-09-15T20:38:41.901882,30,0.24894807330605123,0.9206349176614463,0.001,0.8324324324324325,0.8485832870241734,0.7796610169491526,0.92,"[0.819672131147541, 0.7796610169491526, 0.92, 0.875]","[0.6183003641848193, 0.7253762402125807, 0.47404042585752904, 0.7287819282559213]","[0.8313253012048193, 0.8333333333333334]","[[0.8787878787878788, 0.75], [0.9210526315789473, 0.5238095238095238], [0.0, 1.0], [0.5, 1.0]]","[61, 59, 25, 40]",0.8311695958079426,"[0.8165162701668034, 0.7359724612736662, 0.4791666666666667, 0.7948717948717948]",0.4791666666666667,0.7287819282559213,0.7410714285714286,0.7662725225225225,0.6666666666666666,0.9333333333333333,"[0.7567567567567568, 0.6666666666666666, 0.9333333333333333, 0.7083333333333334]","[0.5638518413321141, 1.050930062491615, 0.40275402708599967, 1.1951953497919021]","[0.64, 0.8225806451612904]","[[0.7, 0.8235294117647058], [0.782608695652174, 0.46153846153846156], [0.0, 1.0], [0.0, 0.9444444444444444]]","[37, 36, 15, 24]",0.733398998604613,"[0.7567567567567567, 0.6249999999999999, 0.4827586206896552, 0.41463414634146345]",0.41463414634146345,1.1951953497919021,"[0.432327538728714, 0.472126305103302, 0.03828074410557747, 0.05726533383131027]","[0.2529125064611435, 0.25392308086156845, 0.013353874538249025, 0.0705443980017056]","[0.43399927020072937, 0.4703943729400635, 0.038549263030290604, 0.05705708637833595]","[0.4565701484680176, 0.44320711493492126, 0.04454343020915985, 0.055679287761449814]",0.0
"{""run_name"": ""fedheart_exp_paper_hetagg_gdro"", ""seed"": 2024, ""run_dir"": ""runs/fedheart_cv/GroupDRO_s2024_f3"", ""use_fedheart"": true, ""num_classes"": 2, ""stratified_batching"": true, ""train_frac"": 0.8, ""group_max_train_samples"": [null, null, 20, 25], ""true_hetero_input_dim"": true, ""feature_mask"": [[0, 1, 2, 3, 5, 6, 7, 8, 9, 10], [0, 1, 2, 3, 5, 6, 11, 12], [0, 1, 2, 4, 5, 7, 11, 12], [0, 1, 2, 4, 5, 6, 8, 9, 10]], ""batch_size"": 64, ""num_workers"": 0, ""epochs"": 100, ""early_stopping_patience"": 30, ""lr"": 0.001, ""weight_decay"": 0.0001, ""optimizer"": ""adam"", ""grad_clip"": 1.0, ""lr_scheduler"": ""cosine"", ""lr_min"": 1e-05, ""latent_dim"": 64, ""head_hidden"": 32, ""groups"": [{""name"": ""cleveland"", ""encoder"": ""mlp_tabular_ln"", ""input_dim"": 10, ""hidden_dim"": 64, ""dropout"": 0.1}, {""name"": ""hungarian"", ""encoder"": ""mlp_tabular_ln"", ""input_dim"": 8, ""hidden_dim"": 64, ""dropout"": 0.1}, {""name"": ""switzerland"", ""encoder"": ""mlp_tabular_ln"", ""input_dim"": 8, ""hidden_dim"": 64, ""dropout"": 0.1}, {""name"": ""va_long_beach"", ""encoder"": ""mlp_tabular_ln"", ""input_dim"": 9, ""hidden_dim"": 64, ""dropout"": 0.1}], ""anchor_eps"": 0.0001, ""sep_samples_per_class"": 4, ""sep_method"": ""classifier"", ""sep_margin"": 1.0, ""lambda_fit"": 0.001, ""lambda_sep"": 0.001, ""groupdro_enabled"": true, ""groupdro_eta"": 0.02, ""groupdro_gamma"": 0.9, ""groupdro_update_mode"": ""exp"", ""groupdro_objective"": ""weighted"", ""groupdro_kl_lambda"": 0.0, ""groupdro_uniform_init"": false, ""log_interval"": 20, ""save_every"": 10, ""groupdro_ema_decay"": 0.9, ""groupdro_update_every"": 1, ""dro_signal"": ""val"", ""val_frac"": 0.15, ""impute_missing"": true, ""common_encoder"": false, ""use_regret"": false, ""data_split_seed"": 1003}","{""num_groups"": 4, ""num_classes"": 2, ""train_total"": 449, ""test_total"": 185, ""train_group_counts"": [205, 199, 20, 25], ""test_group_counts"": [61, 59, 25, 40], ""train_class_counts"": [245, 204], ""test_class_counts"": [83, 102], ""train_group_class_counts"": [[111, 94], [127, 72], [1, 19], [6, 19]], ""test_group_class_counts"": [[33, 28], [38, 21], [2, 23], [10, 30]], ""group_proportions"": [0.45657015590200445, 0.44320712694877507, 0.044543429844097995, 0.0556792873051225], ""val_group_counts"": [37, 36, 15, 24], ""val_total"": 112}","{""num_groups"": 4, ""eta"": 0.02, ""update_mode"": ""exp"", ""robust_objective"": ""weighted"", ""gamma"": 0.9, ""kl_lambda"": 0.0, ""initial_pi"": [0.4565701484680176, 0.44320711493492126, 0.04454343020915985, 0.055679287761449814]}",2026-09-15T20:38:41.901882,31,0.26433856977897435,0.8956916088960609,0.001,0.8324324324324325,0.8485832870241734,0.7796610169491526,0.92,"[0.819672131147541, 0.7796610169491526, 0.92, 0.875]","[0.6282893378472674, 0.7361214185978081, 0.47899364337325095, 0.754249759450613]","[0.8192771084337349, 0.8431372549019608]","[[0.8484848484848485, 0.7857142857142857], [0.9210526315789473, 0.5238095238095238], [0.0, 1.0], [0.5, 1.0]]","[61, 59, 25, 40]",0.8308309489395593,"[0.817910447761194, 0.7359724612736662, 0.4791666666666667, 0.7948717948717948]",0.4791666666666667,0.754249759450613,0.7410714285714286,0.7662725225225225,0.6666666666666666,0.9333333333333333,"[0.7567567567567568, 0.6666666666666666, 0.9333333333333333, 0.7083333333333334]","[0.5864824535564293, 1.0746418100849648, 0.4058275933610275, 1.2326402369217249]","[0.64, 0.8225806451612904]","[[0.7, 0.8235294117647058], [0.782608695652174, 0.46153846153846156], [0.0, 1.0], [0.0, 0.9444444444444444]]","[37, 36, 15, 24]",0.733398998604613,"[0.7567567567567567, 0.6249999999999999, 0.4827586206896552, 0.41463414634146345]",0.41463414634146345,1.2326402369217249,"[0.43059754371643066, 0.4738990068435669, 0.03800654783844948, 0.05749686807394028]","[0.2753004346575056, 0.26952276698180605, 0.018731378057661157, 0.04441792944756647]","[0.432327538728714, 0.472126305103302, 0.03828074410557747, 0.05726533383131027]","[0.4565701484680176, 0.44320711493492126, 0.04454343020915985, 0.055679287761449814]",0.0
"{""run_name"": ""fedheart_exp_paper_hetagg_gdro"", ""seed"": 2024, ""run_dir"": ""runs/fedheart_cv/GroupDRO_s2024_f3"", ""use_fedheart"": true, ""num_classes"": 2, ""stratified_batching"": true, ""train_frac"": 0.8, ""group_max_train_samples"": [null, null, 20, 25], ""true_hetero_input_dim"": true, ""feature_mask"": [[0, 1, 2, 3, 5, 6, 7, 8, 9, 10], [0, 1, 2, 3, 5, 6, 11, 12], [0, 1, 2, 4, 5, 7, 11, 12], [0, 1, 2, 4, 5, 6, 8, 9, 10]], ""batch_size"": 64, ""num_workers"": 0, ""epochs"": 100, ""early_stopping_patience"": 30, ""lr"": 0.001, ""weight_decay"": 0.0001, ""optimizer"": ""adam"", ""grad_clip"": 1.0, ""lr_scheduler"": ""cosine"", ""lr_min"": 1e-05, ""latent_dim"": 64, ""head_hidden"": 32, ""groups"": [{""name"": ""cleveland"", ""encoder"": ""mlp_tabular_ln"", ""input_dim"": 10, ""hidden_dim"": 64, ""dropout"": 0.1}, {""name"": ""hungarian"", ""encoder"": ""mlp_tabular_ln"", ""input_dim"": 8, ""hidden_dim"": 64, ""dropout"": 0.1}, {""name"": ""switzerland"", ""encoder"": ""mlp_tabular_ln"", ""input_dim"": 8, ""hidden_dim"": 64, ""dropout"": 0.1}, {""name"": ""va_long_beach"", ""encoder"": ""mlp_tabular_ln"", ""input_dim"": 9, ""hidden_dim"": 64, ""dropout"": 0.1}], ""anchor_eps"": 0.0001, ""sep_samples_per_class"": 4, ""sep_method"": ""classifier"", ""sep_margin"": 1.0, ""lambda_fit"": 0.001, ""lambda_sep"": 0.001, ""groupdro_enabled"": true, ""groupdro_eta"": 0.02, ""groupdro_gamma"": 0.9, ""groupdro_update_mode"": ""exp"", ""groupdro_objective"": ""weighted"", ""groupdro_kl_lambda"": 0.0, ""groupdro_uniform_init"": false, ""log_interval"": 20, ""save_every"": 10, ""groupdro_ema_decay"": 0.9, ""groupdro_update_every"": 1, ""dro_signal"": ""val"", ""val_frac"": 0.15, ""impute_missing"": true, ""common_encoder"": false, ""use_regret"": false, ""data_split_seed"": 1003}","{""num_groups"": 4, ""num_classes"": 2, ""train_total"": 449, ""test_total"": 185, ""train_group_counts"": [205, 199, 20, 25], ""test_group_counts"": [61, 59, 25, 40], ""train_class_counts"": [245, 204], ""test_class_counts"": [83, 102], ""train_group_class_counts"": [[111, 94], [127, 72], [1, 19], [6, 19]], ""test_group_class_counts"": [[33, 28], [38, 21], [2, 23], [10, 30]], ""group_proportions"": [0.45657015590200445, 0.44320712694877507, 0.044543429844097995, 0.0556792873051225], ""val_group_counts"": [37, 36, 15, 24], ""val_total"": 112}","{""num_groups"": 4, ""eta"": 0.02, ""update_mode"": ""exp"", ""robust_objective"": ""weighted"", ""gamma"": 0.9, ""kl_lambda"": 0.0, ""initial_pi"": [0.4565701484680176, 0.44320711493492126, 0.04454343020915985, 0.055679287761449814]}",2026-09-15T20:38:41.901882,32,0.27441530108722156,0.9070294822424718,0.001,0.8324324324324325,0.8467095026396221,0.8032786885245902,0.92,"[0.8032786885245902, 0.8135593220338984, 0.92, 0.85]","[0.6212011326932669, 0.7408773674722366, 0.4865296117402613, 0.7836720372491982]","[0.8072289156626506, 0.8529411764705882]","[[0.8181818181818182, 0.7857142857142857], [0.9210526315789473, 0.6190476190476191], [0.0, 1.0], [0.5, 0.9666666666666667]]","[61, 59, 25, 40]",0.830450849963045,"[0.801948051948052, 0.78345011678345, 0.4791666666666667, 0.765625]",0.4791666666666667,0.7836720372491982,0.7232142857142857,0.7523836336336337,0.6111111111111112,0.9333333333333333,"[0.7567567567567568, 0.6111111111111112, 0.9333333333333333, 0.7083333333333334]","[0.6200235707156763, 1.0756880094542995, 0.4118737611764421, 1.2229407964162722]","[0.58, 0.8387096774193549]","[[0.65, 0.8823529411764706], [0.6956521739130435, 0.46153846153846156], [0.0, 1.0], [0.0, 0.9444444444444444]]","[37, 36, 15, 24]",0.7110278818143987,"[0.756043956043956, 0.5785953177257526, 0.4827586206896552, 0.41463414634146345]",0.41463414634146345,1.2229407964162722,"[0.4288313686847687, 0.47569510340690613, 0.037726808339357376, 0.057746704667806625]","[0.2773024652685438, 0.2904288257871355, 0.0202033962123096, 0.03948633186519146]","[0.43059754371643066, 0.4738990068435669, 0.03800654783844948, 0.05749686807394028]","[0.4565701484680176, 0.44320711493492126, 0.04454343020915985, 0.055679287761449814]",0.0
"{""run_name"": ""fedheart_exp_paper_hetagg_gdro"", ""seed"": 2024, ""run_dir"": ""runs/fedheart_cv/GroupDRO_s2024_f3"", ""use_fedheart"": true, ""num_classes"": 2, ""stratified_batching"": true, ""train_frac"": 0.8, ""group_max_train_samples"": [null, null, 20, 25], ""true_hetero_input_dim"": true, ""feature_mask"": [[0, 1, 2, 3, 5, 6, 7, 8, 9, 10], [0, 1, 2, 3, 5, 6, 11, 12], [0, 1, 2, 4, 5, 7, 11, 12], [0, 1, 2, 4, 5, 6, 8, 9, 10]], ""batch_size"": 64, ""num_workers"": 0, ""epochs"": 100, ""early_stopping_patience"": 30, ""lr"": 0.001, ""weight_decay"": 0.0001, ""optimizer"": ""adam"", ""grad_clip"": 1.0, ""lr_scheduler"": ""cosine"", ""lr_min"": 1e-05, ""latent_dim"": 64, ""head_hidden"": 32, ""groups"": [{""name"": ""cleveland"", ""encoder"": ""mlp_tabular_ln"", ""input_dim"": 10, ""hidden_dim"": 64, ""dropout"": 0.1}, {""name"": ""hungarian"", ""encoder"": ""mlp_tabular_ln"", ""input_dim"": 8, ""hidden_dim"": 64, ""dropout"": 0.1}, {""name"": ""switzerland"", ""encoder"": ""mlp_tabular_ln"", ""input_dim"": 8, ""hidden_dim"": 64, ""dropout"": 0.1}, {""name"": ""va_long_beach"", ""encoder"": ""mlp_tabular_ln"", ""input_dim"": 9, ""hidden_dim"": 64, ""dropout"": 0.1}], ""anchor_eps"": 0.0001, ""sep_samples_per_class"": 4, ""sep_method"": ""classifier"", ""sep_margin"": 1.0, ""lambda_fit"": 0.001, ""lambda_sep"": 0.001, ""groupdro_enabled"": true, ""groupdro_eta"": 0.02, ""groupdro_gamma"": 0.9, ""groupdro_update_mode"": ""exp"", ""groupdro_objective"": ""weighted"", ""groupdro_kl_lambda"": 0.0, ""groupdro_uniform_init"": false, ""log_interval"": 20, ""save_every"": 10, ""groupdro_ema_decay"": 0.9, ""groupdro_update_every"": 1, ""dro_signal"": ""val"", ""val_frac"": 0.15, ""impute_missing"": true, ""common_encoder"": false, ""use_regret"": false, ""data_split_seed"": 1003}","{""num_groups"": 4, ""num_classes"": 2, ""train_total"": 449, ""test_total"": 185, ""train_group_counts"": [205, 199, 20, 25], ""test_group_counts"": [61, 59, 25, 40], ""train_class_counts"": [245, 204], ""test_class_counts"": [83, 102], ""train_group_class_counts"": [[111, 94], [127, 72], [1, 19], [6, 19]], ""test_group_class_counts"": [[33, 28], [38, 21], [2, 23], [10, 30]], ""group_proportions"": [0.45657015590200445, 0.44320712694877507, 0.044543429844097995, 0.0556792873051225], ""val_group_counts"": [37, 36, 15, 24], ""val_total"": 112}","{""num_groups"": 4, ""eta"": 0.02, ""update_mode"": ""exp"", ""robust_objective"": ""weighted"", ""gamma"": 0.9, ""kl_lambda"": 0.0, ""initial_pi"": [0.4565701484680176, 0.44320711493492126, 0.04454343020915985, 0.055679287761449814]}",2026-09-15T20:38:41.901882,33,0.2464049853164863,0.9138322033309072,0.001,0.8216216216216217,0.8382349263684357,0.7796610169491526,0.92,"[0.8032786885245902, 0.7796610169491526, 0.92, 0.85]","[0.6282008264774884, 0.7499684471848137, 0.49147229619324206, 0.8033057651700801]","[0.8313253012048193, 0.8137254901960784]","[[0.8787878787878788, 0.7142857142857143], [0.9210526315789473, 0.5238095238095238], [0.0, 1.0], [0.5, 0.9666666666666667]]","[61, 59, 25, 40]",0.820594199065503,"[0.7989010989010988, 0.7359724612736662, 0.4791666666666667, 0.765625]",0.4791666666666667,0.8033057651700801,0.7410714285714286,0.7662725225225225,0.6666666666666666,0.9333333333333333,"[0.7567567567567568, 0.6666666666666666, 0.9333333333333333, 0.7083333333333334]","[0.5604203964325574, 1.1002538645585043, 0.41557659190148116, 1.2729332280650851]","[0.64, 0.8225806451612904]","[[0.7, 0.8235294117647058], [0.782608695652174, 0.46153846153846156], [0.0, 1.0], [0.0, 0.9444444444444444]]","[37, 36, 15, 24]",0.733398998604613,"[0.7567567567567567, 0.6249999999999999, 0.4827586206896552, 0.41463414634146345]",0.41463414634146345,1.2729332280650851,"[0.42699089646339417, 0.47754544019699097, 0.03744340315461159, 0.05802021920681]","[0.2306354365178517, 0.27347804073776516, 0.024936480913311243, 0.03907784361702701]","[0.4288313686847687, 0.47569510340690613, 0.037726808339357376, 0.057746704667806625]","[0.4565701484680176, 0.44320711493492126, 0.04454343020915985, 0.055679287761449814]",0.0
"{""run_name"": ""fedheart_exp_paper_hetagg_gdro"", ""seed"": 2024, ""run_dir"": ""runs/fedheart_cv/GroupDRO_s2024_f3"", ""use_fedheart"": true, ""num_classes"": 2, ""stratified_batching"": true, ""train_frac"": 0.8, ""group_max_train_samples"": [null, null, 20, 25], ""true_hetero_input_dim"": true, ""feature_mask"": [[0, 1, 2, 3, 5, 6, 7, 8, 9, 10], [0, 1, 2, 3, 5, 6, 11, 12], [0, 1, 2, 4, 5, 7, 11, 12], [0, 1, 2, 4, 5, 6, 8, 9, 10]], ""batch_size"": 64, ""num_workers"": 0, ""epochs"": 100, ""early_stopping_patience"": 30, ""lr"": 0.001, ""weight_decay"": 0.0001, ""optimizer"": ""adam"", ""grad_clip"": 1.0, ""lr_scheduler"": ""cosine"", ""lr_min"": 1e-05, ""latent_dim"": 64, ""head_hidden"": 32, ""groups"": [{""name"": ""cleveland"", ""encoder"": ""mlp_tabular_ln"", ""input_dim"": 10, ""hidden_dim"": 64, ""dropout"": 0.1}, {""name"": ""hungarian"", ""encoder"": ""mlp_tabular_ln"", ""input_dim"": 8, ""hidden_dim"": 64, ""dropout"": 0.1}, {""name"": ""switzerland"", ""encoder"": ""mlp_tabular_ln"", ""input_dim"": 8, ""hidden_dim"": 64, ""dropout"": 0.1}, {""name"": ""va_long_beach"", ""encoder"": ""mlp_tabular_ln"", ""input_dim"": 9, ""hidden_dim"": 64, ""dropout"": 0.1}], ""anchor_eps"": 0.0001, ""sep_samples_per_class"": 4, ""sep_method"": ""classifier"", ""sep_margin"": 1.0, ""lambda_fit"": 0.001, ""lambda_sep"": 0.001, ""groupdro_enabled"": true, ""groupdro_eta"": 0.02, ""groupdro_gamma"": 0.9, ""groupdro_update_mode"": ""exp"", ""groupdro_objective"": ""weighted"", ""groupdro_kl_lambda"": 0.0, ""groupdro_uniform_init"": false, ""log_interval"": 20, ""save_every"": 10, ""groupdro_ema_decay"": 0.9, ""groupdro_update_every"": 1, ""dro_signal"": ""val"", ""val_frac"": 0.15, ""impute_missing"": true, ""common_encoder"": false, ""use_regret"": false, ""data_split_seed"": 1003}","{""num_groups"": 4, ""num_classes"": 2, ""train_total"": 449, ""test_total"": 185, ""train_group_counts"": [205, 199, 20, 25], ""test_group_counts"": [61, 59, 25, 40], ""train_class_counts"": [245, 204], ""test_class_counts"": [83, 102], ""train_group_class_counts"": [[111, 94], [127, 72], [1, 19], [6, 19]], ""test_group_class_counts"": [[33, 28], [38, 21], [2, 23], [10, 30]], ""group_proportions"": [0.45657015590200445, 0.44320712694877507, 0.044543429844097995, 0.0556792873051225], ""val_group_counts"": [37, 36, 15, 24], ""val_total"": 112}","{""num_groups"": 4, ""eta"": 0.02, ""update_mode"": ""exp"", ""robust_objective"": ""weighted"", ""gamma"": 0.9, ""kl_lambda"": 0.0, ""initial_pi"": [0.4565701484680176, 0.44320711493492126, 0.04454343020915985, 0.055679287761449814]}",2026-09-15T20:38:41.901882,34,0.25340202727826006,0.8911564654233505,0.001,0.8324324324324325,0.8465705751597666,0.7966101694915254,0.92,"[0.819672131147541, 0.7966101694915254, 0.92, 0.85]","[0.6537093690316933, 0.7387190446340464, 0.49604443152202293, 0.8271984351245919]","[0.8313253012048193, 0.8333333333333334]","[[0.8787878787878788, 0.75], [0.9210526315789473, 0.5714285714285714], [0.0, 1.0], [0.5, 0.9666666666666667]]","[61, 59, 25, 40]",0.8311695958079426,"[0.8165162701668034, 0.7601626016260162, 0.4791666666666667, 0.765625]",0.4791666666666667,0.8271984351245919,0.75,0.7730292792792792,0.6666666666666666,0.9333333333333333,"[0.7837837837837838, 0.6666666666666666, 0.9333333333333333, 0.7083333333333334]","[0.5761311451646474, 1.0904994538011832, 0.4183461900412416, 1.3493503509598668]","[0.64, 0.8387096774193549]","[[0.7, 0.8823529411764706], [0.782608695652174, 0.46153846153846156], [0.0, 1.0], [0.0, 0.9444444444444444]]","[37, 36, 15, 24]",0.7417654808959158,"[0.7836257309941519, 0.6249999999999999, 0.4827586206896552, 0.41463414634146345]",0.41463414634146345,1.3493503509598668,"[0.4250914752483368, 0.4794285297393799, 0.0371566005051136, 0.05832340568304062]","[0.26891572560582844, 0.2544679843953678, 0.012213470103840033, 0.03031606557002912]","[0.42699089646339417, 0.47754544019699097, 0.03744340315461159, 0.05802021920681]","[0.4565701484680176, 0.44320711493492126, 0.04454343020915985, 0.055679287761449814]",0.0
"{""run_name"": ""fedheart_exp_paper_hetagg_gdro"", ""seed"": 2024, ""run_dir"": ""runs/fedheart_cv/GroupDRO_s2024_f3"", ""use_fedheart"": true, ""num_classes"": 2, ""stratified_batching"": true, ""train_frac"": 0.8, ""group_max_train_samples"": [null, null, 20, 25], ""true_hetero_input_dim"": true, ""feature_mask"": [[0, 1, 2, 3, 5, 6, 7, 8, 9, 10], [0, 1, 2, 3, 5, 6, 11, 12], [0, 1, 2, 4, 5, 7, 11, 12], [0, 1, 2, 4, 5, 6, 8, 9, 10]], ""batch_size"": 64, ""num_workers"": 0, ""epochs"": 100, ""early_stopping_patience"": 30, ""lr"": 0.001, ""weight_decay"": 0.0001, ""optimizer"": ""adam"", ""grad_clip"": 1.0, ""lr_scheduler"": ""cosine"", ""lr_min"": 1e-05, ""latent_dim"": 64, ""head_hidden"": 32, ""groups"": [{""name"": ""cleveland"", ""encoder"": ""mlp_tabular_ln"", ""input_dim"": 10, ""hidden_dim"": 64, ""dropout"": 0.1}, {""name"": ""hungarian"", ""encoder"": ""mlp_tabular_ln"", ""input_dim"": 8, ""hidden_dim"": 64, ""dropout"": 0.1}, {""name"": ""switzerland"", ""encoder"": ""mlp_tabular_ln"", ""input_dim"": 8, ""hidden_dim"": 64, ""dropout"": 0.1}, {""name"": ""va_long_beach"", ""encoder"": ""mlp_tabular_ln"", ""input_dim"": 9, ""hidden_dim"": 64, ""dropout"": 0.1}], ""anchor_eps"": 0.0001, ""sep_samples_per_class"": 4, ""sep_method"": ""classifier"", ""sep_margin"": 1.0, ""lambda_fit"": 0.001, ""lambda_sep"": 0.001, ""groupdro_enabled"": true, ""groupdro_eta"": 0.02, ""groupdro_gamma"": 0.9, ""groupdro_update_mode"": ""exp"", ""groupdro_objective"": ""weighted"", ""groupdro_kl_lambda"": 0.0, ""groupdro_uniform_init"": false, ""log_interval"": 20, ""save_every"": 10, ""groupdro_ema_decay"": 0.9, ""groupdro_update_every"": 1, ""dro_signal"": ""val"", ""val_frac"": 0.15, ""impute_missing"": true, ""common_encoder"": false, ""use_regret"": false, ""data_split_seed"": 1003}","{""num_groups"": 4, ""num_classes"": 2, ""train_total"": 449, ""test_total"": 185, ""train_group_counts"": [205, 199, 20, 25], ""test_group_counts"": [61, 59, 25, 40], ""train_class_counts"": [245, 204], ""test_class_counts"": [83, 102], ""train_group_class_counts"": [[111, 94], [127, 72], [1, 19], [6, 19]], ""test_group_class_counts"": [[33, 28], [38, 21], [2, 23], [10, 30]], ""group_proportions"": [0.45657015590200445, 0.44320712694877507, 0.044543429844097995, 0.0556792873051225], ""val_group_counts"": [37, 36, 15, 24], ""val_total"": 112}","{""num_groups"": 4, ""eta"": 0.02, ""update_mode"": ""exp"", ""robust_objective"": ""weighted"", ""gamma"": 0.9, ""kl_lambda"": 0.0, ""initial_pi"": [0.4565701484680176, 0.44320711493492126, 0.04454343020915985, 0.055679287761449814]}",2026-09-15T20:38:41.901882,35,0.2590985661731556,0.888888888753731,0.001,0.827027027027027,0.8444849263684358,0.7796610169491526,0.92,"[0.8032786885245902, 0.7796610169491526, 0.92, 0.875]","[0.6565669271589226, 0.7482495986465838, 0.5058057747711427, 0.8488970687954861]","[0.7951807228915663, 0.8529411764705882]","[[0.8181818181818182, 0.7857142857142857], [0.8947368421052632, 0.5714285714285714], [0.0, 1.0], [0.5, 1.0]]","[61, 59, 25, 40]",0.8247691214776225,"[0.801948051948052, 0.7440774107440773, 0.4791666666666667, 0.7948717948717948]",0.4791666666666667,0.8488970687954861,0.75,0.7728415915915916,0.6388888888888888,0.9333333333333333,"[0.8108108108108109, 0.6388888888888888, 0.9333333333333333, 0.7083333333333334]","[0.6125448336195503, 1.1034438930283714, 0.42501671156302717, 1.4167563298772923]","[0.64, 0.8387096774193549]","[[0.75, 0.8823529411764706], [0.7391304347826086, 0.46153846153846156], [0.0, 1.0], [0.0, 0.9444444444444444]]","[37, 36, 15, 24]",0.7417654808959158,"[0.8108108108108107, 0.6017021276595745, 0.4827586206896552, 0.41463414634146345]",0.41463414634146345,1.4167563298772923,"[0.4231480658054352, 0.48132792115211487, 0.03686550632119179, 0.058658529072999954]","[0.26776317187717985, 0.27112249604293276, 0.01539788075024262, 0.017515190469566733]","[0.4250914752483368, 0.4794285297393799, 0.0371566005051136, 0.05832340568304062]","[0.4565701484680176, 0.44320711493492126, 0.04454343020915985, 0.055679287761449814]",0.0
"{""run_name"": ""fedheart_exp_paper_hetagg_gdro"", ""seed"": 2024, ""run_dir"": ""runs/fedheart_cv/GroupDRO_s2024_f3"", ""use_fedheart"": true, ""num_classes"": 2, ""stratified_batching"": true, ""train_frac"": 0.8, ""group_max_train_samples"": [null, null, 20, 25], ""true_hetero_input_dim"": true, ""feature_mask"": [[0, 1, 2, 3, 5, 6, 7, 8, 9, 10], [0, 1, 2, 3, 5, 6, 11, 12], [0, 1, 2, 4, 5, 7, 11, 12], [0, 1, 2, 4, 5, 6, 8, 9, 10]], ""batch_size"": 64, ""num_workers"": 0, ""epochs"": 100, ""early_stopping_patience"": 30, ""lr"": 0.001, ""weight_decay"": 0.0001, ""optimizer"": ""adam"", ""grad_clip"": 1.0, ""lr_scheduler"": ""cosine"", ""lr_min"": 1e-05, ""latent_dim"": 64, ""head_hidden"": 32, ""groups"": [{""name"": ""cleveland"", ""encoder"": ""mlp_tabular_ln"", ""input_dim"": 10, ""hidden_dim"": 64, ""dropout"": 0.1}, {""name"": ""hungarian"", ""encoder"": ""mlp_tabular_ln"", ""input_dim"": 8, ""hidden_dim"": 64, ""dropout"": 0.1}, {""name"": ""switzerland"", ""encoder"": ""mlp_tabular_ln"", ""input_dim"": 8, ""hidden_dim"": 64, ""dropout"": 0.1}, {""name"": ""va_long_beach"", ""encoder"": ""mlp_tabular_ln"", ""input_dim"": 9, ""hidden_dim"": 64, ""dropout"": 0.1}], ""anchor_eps"": 0.0001, ""sep_samples_per_class"": 4, ""sep_method"": ""classifier"", ""sep_margin"": 1.0, ""lambda_fit"": 0.001, ""lambda_sep"": 0.001, ""groupdro_enabled"": true, ""groupdro_eta"": 0.02, ""groupdro_gamma"": 0.9, ""groupdro_update_mode"": ""exp"", ""groupdro_objective"": ""weighted"", ""groupdro_kl_lambda"": 0.0, ""groupdro_uniform_init"": false, ""log_interval"": 20, ""save_every"": 10, ""groupdro_ema_decay"": 0.9, ""groupdro_update_every"": 1, ""dro_signal"": ""val"", ""val_frac"": 0.15, ""impute_missing"": true, ""common_encoder"": false, ""use_regret"": false, ""data_split_seed"": 1003}","{""num_groups"": 4, ""num_classes"": 2, ""train_total"": 449, ""test_total"": 185, ""train_group_counts"": [205, 199, 20, 25], ""test_group_counts"": [61, 59, 25, 40], ""train_class_counts"": [245, 204], ""test_class_counts"": [83, 102], ""train_group_class_counts"": [[111, 94], [127, 72], [1, 19], [6, 19]], ""test_group_class_counts"": [[33, 28], [38, 21], [2, 23], [10, 30]], ""group_proportions"": [0.45657015590200445, 0.44320712694877507, 0.044543429844097995, 0.0556792873051225], ""val_group_counts"": [37, 36, 15, 24], ""val_total"": 112}","{""num_groups"": 4, ""eta"": 0.02, ""update_mode"": ""exp"", ""robust_objective"": ""weighted"", ""gamma"": 0.9, ""kl_lambda"": 0.0, ""initial_pi"": [0.4565701484680176, 0.44320711493492126, 0.04454343020915985, 0.055679287761449814]}",2026-09-15T20:38:41.901882,36,0.22964401056571881,0.9092970491807206,0.001,0.8378378378378378,0.8528205751597666,0.7966101694915254,0.92,"[0.819672131147541, 0.7966101694915254, 0.92, 0.875]","[0.6632921938354065, 0.7739654703266027, 0.5121977608045563, 0.8642315374709142]","[0.8072289156626506, 0.8627450980392157]","[[0.8484848484848485, 0.7857142857142857], [0.8947368421052632, 0.6190476190476191], [0.0, 1.0], [0.5, 1.0]]","[61, 59, 25, 40]",0.8357210513852713,"[0.817910447761194, 0.7671052631578947, 0.4791666666666667, 0.7948717948717948]",0.4791666666666667,0.8642315374709142,0.7410714285714286,0.7658971471471472,0.6111111111111112,0.9333333333333333,"[0.8108108108108109, 0.6111111111111112, 0.9333333333333333, 0.7083333333333334]","[0.6048454166534735, 1.1157342489314033, 0.42949219113603854, 1.4695807622095647]","[0.62, 0.8387096774193549]","[[0.75, 0.8823529411764706], [0.6956521739130435, 0.46153846153846156], [0.0, 1.0], [0.0, 0.9444444444444444]]","[37, 36, 15, 24]",0.7316367842683633,"[0.8108108108108107, 0.5785953177257526, 0.4827586206896552, 0.41463414634146345]",0.41463414634146345,1.4695807622095647,"[0.42115360498428345, 0.483247309923172, 0.03657066822052002, 0.05902837961912155]","[0.22917985916137695, 0.24435369670391083, 0.007424651295877993, 0.006275172151314716]","[0.4231480658054352, 0.48132792115211487, 0.03686550632119179, 0.058658529072999954]","[0.4565701484680176, 0.44320711493492126, 0.04454343020915985, 0.055679287761449814]",0.0
"{""run_name"": ""fedheart_exp_paper_hetagg_gdro"", ""seed"": 2024, ""run_dir"": ""runs/fedheart_cv/GroupDRO_s2024_f3"", ""use_fedheart"": true, ""num_classes"": 2, ""stratified_batching"": true, ""train_frac"": 0.8, ""group_max_train_samples"": [null, null, 20, 25], ""true_hetero_input_dim"": true, ""feature_mask"": [[0, 1, 2, 3, 5, 6, 7, 8, 9, 10], [0, 1, 2, 3, 5, 6, 11, 12], [0, 1, 2, 4, 5, 7, 11, 12], [0, 1, 2, 4, 5, 6, 8, 9, 10]], ""batch_size"": 64, ""num_workers"": 0, ""epochs"": 100, ""early_stopping_patience"": 30, ""lr"": 0.001, ""weight_decay"": 0.0001, ""optimizer"": ""adam"", ""grad_clip"": 1.0, ""lr_scheduler"": ""cosine"", ""lr_min"": 1e-05, ""latent_dim"": 64, ""head_hidden"": 32, ""groups"": [{""name"": ""cleveland"", ""encoder"": ""mlp_tabular_ln"", ""input_dim"": 10, ""hidden_dim"": 64, ""dropout"": 0.1}, {""name"": ""hungarian"", ""encoder"": ""mlp_tabular_ln"", ""input_dim"": 8, ""hidden_dim"": 64, ""dropout"": 0.1}, {""name"": ""switzerland"", ""encoder"": ""mlp_tabular_ln"", ""input_dim"": 8, ""hidden_dim"": 64, ""dropout"": 0.1}, {""name"": ""va_long_beach"", ""encoder"": ""mlp_tabular_ln"", ""input_dim"": 9, ""hidden_dim"": 64, ""dropout"": 0.1}], ""anchor_eps"": 0.0001, ""sep_samples_per_class"": 4, ""sep_method"": ""classifier"", ""sep_margin"": 1.0, ""lambda_fit"": 0.001, ""lambda_sep"": 0.001, ""groupdro_enabled"": true, ""groupdro_eta"": 0.02, ""groupdro_gamma"": 0.9, ""groupdro_update_mode"": ""exp"", ""groupdro_objective"": ""weighted"", ""groupdro_kl_lambda"": 0.0, ""groupdro_uniform_init"": false, ""log_interval"": 20, ""save_every"": 10, ""groupdro_ema_decay"": 0.9, ""groupdro_update_every"": 1, ""dro_signal"": ""val"", ""val_frac"": 0.15, ""impute_missing"": true, ""common_encoder"": false, ""use_regret"": false, ""data_split_seed"": 1003}","{""num_groups"": 4, ""num_classes"": 2, ""train_total"": 449, ""test_total"": 185, ""train_group_counts"": [205, 199, 20, 25], ""test_group_counts"": [61, 59, 25, 40], ""train_class_counts"": [245, 204], ""test_class_counts"": [83, 102], ""train_group_class_counts"": [[111, 94], [127, 72], [1, 19], [6, 19]], ""test_group_class_counts"": [[33, 28], [38, 21], [2, 23], [10, 30]], ""group_proportions"": [0.45657015590200445, 0.44320712694877507, 0.044543429844097995, 0.0556792873051225], ""val_group_counts"": [37, 36, 15, 24], ""val_total"": 112}","{""num_groups"": 4, ""eta"": 0.02, ""update_mode"": ""exp"", ""robust_objective"": ""weighted"", ""gamma"": 0.9, ""kl_lambda"": 0.0, ""initial_pi"": [0.4565701484680176, 0.44320711493492126, 0.04454343020915985, 0.055679287761449814]}",2026-09-15T20:38:41.901882,37,0.25739327759023695,0.893424040065601,0.001,0.8216216216216217,0.840386565712698,0.7796610169491526,0.92,"[0.7868852459016393, 0.7796610169491526, 0.92, 0.875]","[0.6547368615455391, 0.7975814366218401, 0.5151137287844904, 0.8703626182468724]","[0.7951807228915663, 0.8431372549019608]","[[0.7878787878787878, 0.7857142857142857], [0.9210526315789473, 0.5238095238095238], [0.0, 1.0], [0.5, 1.0]]","[61, 59, 25, 40]",0.8195121951219513,"[0.7859649122807018, 0.7359724612736662, 0.4791666666666667, 0.7948717948717948]",0.4791666666666667,0.8703626182468724,0.7410714285714286,0.7660848348348348,0.6388888888888888,0.9333333333333333,"[0.7837837837837838, 0.6388888888888888, 0.9333333333333333, 0.7083333333333334]","[0.6014695967157447, 1.137716508421565, 0.43211849202246716, 1.4962238137595705]","[0.62, 0.8387096774193549]","[[0.7, 0.8823529411764706], [0.7391304347826086, 0.46153846153846156], [0.0, 1.0], [0.0, 0.9444444444444444]]","[37, 36, 15, 24]",0.7316367842683633,"[0.7836257309941519, 0.6017021276595745, 0.4827586206896552, 0.41463414634146345]",0.41463414634146345,1.4962238137595705,"[0.4191013276576996, 0.4851946234703064, 0.0362720750272274, 0.05943194404244423]","[0.2554917867694582, 0.27675636964184896, 0.008626779890619218, 0.0075980234347904725]","[0.42115360498428345, 0.483247309923172, 0.03657066822052002, 0.05902837961912155]","[0.4565701484680176, 0.44320711493492126, 0.04454343020915985, 0.055679287761449814]",0.0
